ENTIDAD,MUN,LOC,AGEB,CVEGEO,POBTOT,log_POBTOT
08,001,0001,1623,0800100011623,376,5.932245187448011
08,001,0001,1638,0800100011638,588,6.3784261836515865
08,001,0001,1642,0800100011642,433,6.073044534100405
08,001,0001,1657,0800100011657,251,5.529429087511423
08,001,0001,1661,0800100011661,318,5.765191102784844
08,001,0001,1676,0800100011676,339,5.8289456176102075
08,001,0001,1680,0800100011680,437,6.082218910376446
08,001,0001,1695,0800100011695,417,6.035481432524756
08,001,0001,1708,0800100011708,429,6.063785208687608
08,001,0001,1727,0800100011727,377,5.934894195619588
08,001,0001,3117,0800100013117,566,6.340359303727752
08,001,0001,3136,0800100013136,548,6.3080984415095305
08,001,0001,3140,0800100013140,678,6.520621127558696
08,001,0001,3155,0800100013155,613,6.419994928147142
08,001,0001,316A,080010001316A,493,6.202535517187923
08,001,0001,3174,0800100013174,40,3.713572066704308
08,001,0001,3189,0800100013189,0,0.0
08,001,0001,3193,0800100013193,12,2.5649493574615367
08,001,0001,3206,0800100013206,1,0.6931471805599453
08,001,0001,3210,0800100013210,552,6.315358001522335
08,001,0001,3225,0800100013225,555,6.320768294250582
08,001,0001,323A,080010001323A,267,5.5909869805108565
08,001,0001,3244,0800100013244,217,5.384495062789089
08,001,0001,3259,0800100013259,68,4.23410650459726
08,002,0001,0961,0800200010961,1475,7.297091005160418
08,002,0001,0976,0800200010976,987,6.895682697747868
08,002,0001,0980,0800200010980,874,6.774223886357614
08,002,0001,1014,0800200011014,2168,7.682021510826875
08,002,0001,1029,0800200011029,1273,7.149916836132109
08,002,0001,1048,0800200011048,1465,7.290292882446597
08,002,0001,1885,0800200011885,1594,7.374629015218945
08,002,0001,189A,080020001189A,336,5.820082930352362
08,002,0001,1902,0800200011902,681,6.525029657843462
08,002,0001,1917,0800200011917,574,6.354370040797351
08,002,0001,1921,0800200011921,557,6.324358962381311
08,002,0001,1936,0800200011936,894,6.796823718274855
08,002,0001,1940,0800200011940,16,2.833213344056216
08,002,0001,1955,0800200011955,1266,7.144407180321139
08,002,0001,196A,080020001196A,78,4.3694478524670215
08,002,0001,1974,0800200011974,1227,7.113142108707088
08,002,0001,1989,0800200011989,32,3.4965075614664802
08,002,0001,1993,0800200011993,463,6.139884552226255
08,002,0001,2008,0800200012008,488,6.192362489474872
08,002,0001,2012,0800200012012,204,5.3230099791384085
08,002,0001,2027,0800200012027,48,3.8918202981106265
08,002,0001,2031,0800200012031,115,4.7535901911063645
08,002,0001,2046,0800200012046,40,3.713572066704308
08,002,0001,2050,0800200012050,0,0.0
08,002,0001,2065,0800200012065,685,6.530877627725885
08,002,0001,207A,080020001207A,1,0.6931471805599453
08,002,0001,2084,0800200012084,0,0.0
08,002,0001,2099,0800200012099,34,3.5553480614894135
08,002,0001,2101,0800200012101,33,3.5263605246161616
08,002,0001,2116,0800200012116,136,4.919980925828125
08,002,0001,2120,0800200012120,242,5.493061443340548
08,002,0001,2135,0800200012135,17,2.8903717578961645
08,002,0001,214A,080020001214A,1,0.6931471805599453
08,002,0001,2154,0800200012154,73,4.30406509320417
08,002,0001,2169,0800200012169,175,5.170483995038151
08,002,0001,2173,0800200012173,3,1.3862943611198906
08,002,0001,2188,0800200012188,119,4.787491742782046
08,002,0001,2192,0800200012192,268,5.594711379601839
08,002,0001,2205,0800200012205,0,0.0
08,003,0001,0206,0800300010206,1050,6.957497370876951
08,003,0001,0456,0800300010456,66,4.204692619390966
08,003,0001,0460,0800300010460,4,1.6094379124341003
08,003,0001,0475,0800300010475,61,4.127134385045092
08,003,0001,048A,080030001048A,1590,7.372118028337787
08,003,0001,0494,0800300010494,1283,7.157735484249907
08,003,0001,0507,0800300010507,18,2.9444389791664403
08,003,0001,0511,0800300010511,28,3.367295829986474
08,003,0001,0526,0800300010526,0,0.0
08,003,0001,0530,0800300010530,0,0.0
08,003,0001,0545,0800300010545,0,0.0
08,003,0001,055A,080030001055A,1,0.6931471805599453
08,003,0001,0564,0800300010564,0,0.0
08,003,0001,0579,0800300010579,1,0.6931471805599453
08,003,0001,0583,0800300010583,0,0.0
08,003,0001,0598,0800300010598,16,2.833213344056216
08,003,0001,0600,0800300010600,0,0.0
08,003,0001,0615,0800300010615,20,3.044522437723423
08,003,0001,062A,080030001062A,17,2.8903717578961645
08,003,0001,0634,0800300010634,0,0.0
08,003,0001,0649,0800300010649,2,1.0986122886681098
08,003,0001,0653,0800300010653,10,2.3978952727983707
08,003,0001,0668,0800300010668,18,2.9444389791664403
08,003,0001,0672,0800300010672,0,0.0
08,004,0001,0167,0800400010167,774,6.652863029353347
08,004,0001,0171,0800400010171,806,6.693323668269949
08,004,0001,0186,0800400010186,60,4.110873864173311
08,004,0001,0190,0800400010190,675,6.516193076042964
08,004,0001,0203,0800400010203,3268,8.092239406724211
08,004,0001,0218,0800400010218,1273,7.149916836132109
08,004,0001,0222,0800400010222,0,0.0
08,004,0001,0237,0800400010237,179,5.19295685089021
08,004,0001,0241,0800400010241,100,4.61512051684126
08,005,0001,1317,0800500011317,1466,7.2909747781429814
08,005,0001,1321,0800500011321,1397,7.242797922793756
08,005,0001,2300,0800500012300,472,6.159095388491933
08,005,0001,2368,0800500012368,843,6.738152494595957
08,005,0001,2372,0800500012372,804,6.690842277418564
08,005,0001,2387,0800500012387,780,6.660575149839686
08,005,0001,2391,0800500012391,2540,7.840312983320164
08,005,0001,2404,0800500012404,2250,7.719129840906732
08,005,0001,2419,0800500012419,973,6.881411303642535
08,005,0001,2423,0800500012423,1108,7.011213987350367
08,005,0001,2476,0800500012476,54,4.007333185232471
08,005,0001,2480,0800500012480,3,1.3862943611198906
08,005,0001,2495,0800500012495,23,3.1780538303479458
08,005,0001,2508,0800500012508,41,3.7376696182833684
08,005,0001,2601,0800500012601,338,5.82600010738045
08,005,0001,2616,0800500012616,0,0.0
08,005,0001,2654,0800500012654,23,3.1780538303479458
08,005,0001,2669,0800500012669,210,5.351858133476067
08,005,0001,2724,0800500012724,89,4.499809670330265
08,005,0001,2739,0800500012739,42,3.7612001156935624
08,005,0001,2743,0800500012743,0,0.0
08,005,0068,232A,080050068232A,765,6.641182169740591
08,005,0068,2334,0800500682334,411,6.021023349349527
08,005,0068,2349,0800500682349,399,5.991464547107982
08,005,0068,2438,0800500682438,846,6.741700694652055
08,005,0068,2442,0800500682442,441,6.091309882077698
08,005,0068,2457,0800500682457,410,6.018593214496234
08,005,0068,2461,0800500682461,176,5.176149732573829
08,005,0068,2512,0800500682512,3,1.3862943611198906
08,005,0068,2527,0800500682527,2,1.0986122886681098
08,005,0068,2531,0800500682531,151,5.0238805208462765
08,005,0068,2546,0800500682546,27,3.332204510175204
08,005,0068,2550,0800500682550,5,1.791759469228055
08,005,0068,2565,0800500682565,6,1.9459101490553132
08,005,0068,257A,080050068257A,73,4.30406509320417
08,005,0068,2584,0800500682584,331,5.805134968916488
08,005,0068,2599,0800500682599,690,6.53813982376767
08,005,0068,2620,0800500682620,53,3.9889840465642745
08,005,0068,2635,0800500682635,17,2.8903717578961645
08,005,0068,264A,080050068264A,0,0.0
08,005,0068,2673,0800500682673,8,2.1972245773362196
08,005,0068,2688,0800500682688,31,3.4657359027997265
08,005,0068,2692,0800500682692,0,0.0
08,005,0068,2705,0800500682705,21,3.091042453358316
08,005,0068,271A,080050068271A,0,0.0
08,006,0001,0227,0800600010227,46,3.8501476017100584
08,006,0001,0246,0800600010246,626,6.440946540632921
08,006,0001,0265,0800600010265,289,5.66988092298052
08,006,0001,027A,080060001027A,123,4.820281565605037
08,006,0001,0284,0800600010284,175,5.170483995038151
08,006,0001,0299,0800600010299,136,4.919980925828125
08,006,0001,0301,0800600010301,363,5.8971538676367405
08,006,0001,0316,0800600010316,341,5.834810737062605
08,006,0001,0320,0800600010320,0,0.0
08,006,0001,0335,0800600010335,3,1.3862943611198906
08,006,0001,034A,080060001034A,4,1.6094379124341003
08,006,0001,0354,0800600010354,3,1.3862943611198906
08,007,0001,0633,0800700010633,298,5.700443573390687
08,007,0001,0648,0800700010648,369,5.91350300563827
08,007,0001,0652,0800700010652,308,5.733341276897746
08,007,0001,0667,0800700010667,273,5.6131281063880705
08,007,0001,0972,0800700010972,772,6.650279048587422
08,007,0001,0991,0800700010991,19,2.995732273553991
08,007,0001,1006,0800700011006,21,3.091042453358316
08,007,0001,1010,0800700011010,5,1.791759469228055
08,007,0001,1025,0800700011025,4,1.6094379124341003
08,007,0001,103A,080070001103A,0,0.0
08,007,0001,1044,0800700011044,1,0.6931471805599453
08,007,0001,1059,0800700011059,17,2.8903717578961645
08,007,0001,1063,0800700011063,0,0.0
08,007,0001,1078,0800700011078,0,0.0
08,008,0001,026A,080080001026A,436,6.07993319509559
08,008,0001,0274,0800800010274,442,6.093569770045136
08,008,0001,0452,0800800010452,10,2.3978952727983707
08,008,0001,0467,0800800010467,92,4.532599493153256
08,008,0001,0471,0800800010471,20,3.044522437723423
08,008,0001,0486,0800800010486,214,5.3706380281276624
08,008,0001,0490,0800800010490,6,1.9459101490553132
08,009,0001,0356,0800900010356,686,6.532334292222349
08,009,0001,0604,0800900010604,110,4.709530201312334
08,009,0034,0619,0800900340619,2057,7.629489916393995
08,009,0034,0623,0800900340623,2300,7.741099090035366
08,009,0034,0695,0800900340695,56,4.04305126783455
08,009,0034,0708,0800900340708,68,4.23410650459726
08,009,0034,0712,0800900340712,117,4.770684624465665
08,009,0034,0727,0800900340727,168,5.1298987149230735
08,009,0034,0731,0800900340731,92,4.532599493153256
08,009,0034,0746,0800900340746,40,3.713572066704308
08,009,0034,0750,0800900340750,27,3.332204510175204
08,009,0034,0799,0800900340799,7,2.0794415416798357
08,009,0034,0801,0800900340801,15,2.772588722239781
08,009,0034,0816,0800900340816,0,0.0
08,009,0034,0854,0800900340854,11,2.4849066497880004
08,009,0034,0869,0800900340869,6,1.9459101490553132
08,009,0034,0873,0800900340873,0,0.0
08,009,0034,0888,0800900340888,62,4.143134726391533
08,009,0169,0360,0800901690360,1639,7.402451520818244
08,009,0169,0375,0800901690375,577,6.359573868672378
08,009,0169,038A,080090169038A,1604,7.380879035564116
08,009,0169,0394,0800901690394,2131,7.664815785285735
08,009,0169,0638,0800901690638,1450,7.280008252884188
08,009,0169,0642,0800901690642,955,6.862757913051401
08,009,0169,0657,0800901690657,1253,7.134093721192866
08,009,0169,0676,0800901690676,125,4.836281906951478
08,009,0169,0680,0800901690680,178,5.187385805840755
08,009,0169,0765,0800901690765,36,3.6109179126442243
08,009,0169,077A,080090169077A,212,5.3612921657094255
08,009,0169,0784,0800901690784,0,0.0
08,009,0169,0820,0800901690820,41,3.7376696182833684
08,009,0169,0835,0800901690835,37,3.6375861597263857
08,009,0169,084A,080090169084A,259,5.560681631015528
08,009,0169,0892,0800901690892,9,2.302585092994046
08,009,0169,0905,0800901690905,29,3.4011973816621555
08,010,0001,086A,080100001086A,84,4.442651256490317
08,010,0001,0874,0801000010874,22,3.1354942159291497
08,010,0001,0889,0801000010889,587,6.376726947898627
08,010,0001,0893,0801000010893,490,6.19644412779452
08,010,0001,0906,0801000010906,587,6.376726947898627
08,010,0001,0910,0801000010910,367,5.908082938168931
08,010,0001,0925,0801000010925,215,5.375278407684165
08,010,0001,093A,080100001093A,259,5.560681631015528
08,010,0001,0944,0801000010944,274,5.616771097666572
08,010,0001,0959,0801000010959,343,5.840641657373398
08,010,0001,0963,0801000010963,110,4.709530201312334
08,010,0001,0978,0801000010978,244,5.501258210544727
08,010,0001,1622,0801000011622,1188,7.080867896690782
08,010,0001,1660,0801000011660,69,4.248495242049359
08,010,0001,1726,0801000011726,268,5.594711379601839
08,010,0001,1730,0801000011730,463,6.139884552226255
08,010,0001,1779,0801000011779,133,4.897839799950911
08,010,0001,1783,0801000011783,20,3.044522437723423
08,010,0001,1798,0801000011798,90,4.51085950651685
08,010,0001,1800,0801000011800,411,6.021023349349527
08,010,0001,1815,0801000011815,180,5.198497031265826
08,010,0001,182A,080100001182A,0,0.0
08,010,0001,1834,0801000011834,4,1.6094379124341003
08,010,0001,1849,0801000011849,4,1.6094379124341003
08,010,0001,1868,0801000011868,128,4.859812404361672
08,010,0001,1872,0801000011872,35,3.58351893845611
08,010,0001,1887,0801000011887,0,0.0
08,010,0001,1938,0801000011938,0,0.0
08,010,0001,2033,0801000012033,382,5.948034989180646
08,010,0005,0836,0801000050836,830,6.7226297948554485
08,010,0005,0840,0801000050840,849,6.745236349484363
08,010,0005,0855,0801000050855,656,6.48768401848461
08,010,0005,0997,0801000050997,1164,7.060476365999801
08,010,0005,1001,0801000051001,956,6.863803391452954
08,010,0005,1016,0801000051016,1160,7.057036981697891
08,010,0005,168A,080100005168A,14,2.70805020110221
08,010,0005,1694,0801000051694,24,3.2188758248682006
08,010,0005,1891,0801000051891,125,4.836281906951478
08,010,0026,1957,0801000261957,475,6.16541785423142
08,010,0026,1961,0801000261961,215,5.375278407684165
08,010,0026,1976,0801000261976,308,5.733341276897746
08,010,0026,1980,0801000261980,269,5.598421958998375
08,010,0026,1995,0801000261995,202,5.313205979041787
08,010,0026,200A,080100026200A,530,6.274762021241939
08,010,0026,2014,0801000262014,173,5.159055299214529
08,010,0026,2029,0801000262029,338,5.82600010738045
08,010,0082,1904,0801000821904,1485,7.303843225277705
08,010,0082,1919,0801000821919,1196,7.087573705557973
08,010,0082,1923,0801000821923,3,1.3862943611198906
08,010,0082,1942,0801000821942,14,2.70805020110221
08,010,0082,2048,0801000822048,11,2.4849066497880004
08,011,0001,1460,0801100011460,1610,7.384610383176974
08,011,0001,1475,0801100011475,1543,7.342131730584722
08,011,0001,148A,080110001148A,1373,7.2254814727822945
08,011,0001,1494,0801100011494,1925,7.563200592358071
08,011,0001,1507,0801100011507,1425,7.262628600974241
08,011,0001,1511,0801100011511,1044,6.951772164398911
08,011,0001,1526,0801100011526,1649,7.408530566894626
08,011,0001,155A,080110001155A,2183,7.688913336864796
08,011,0001,1564,0801100011564,1592,7.373374309910049
08,011,0001,162A,080110001162A,1319,7.1853870155804165
08,011,0001,1634,0801100011634,618,6.428105272684596
08,011,0001,1649,0801100011649,577,6.359573868672378
08,011,0001,1668,0801100011668,1147,7.045776576879511
08,011,0001,1687,0801100011687,2343,7.759614150696903
08,011,0001,2863,0801100012863,140,4.948759890378168
08,011,0001,2878,0801100012878,3316,8.106816038947052
08,011,0001,2882,0801100012882,6,1.9459101490553132
08,011,0001,2897,0801100012897,1179,7.07326971745971
08,011,0001,290A,080110001290A,1215,7.103322062526113
08,011,0001,2914,0801100012914,1677,7.425357887027151
08,011,0001,2929,0801100012929,1180,7.074116816197362
08,011,0001,2933,0801100012933,2,1.0986122886681098
08,011,0001,2967,0801100012967,12,2.5649493574615367
08,011,0001,2971,0801100012971,5,1.791759469228055
08,011,0001,2986,0801100012986,7,2.0794415416798357
08,011,0001,2990,0801100012990,124,4.8283137373023015
08,011,0001,3005,0801100013005,18,2.9444389791664403
08,011,0001,301A,080110001301A,762,6.637258031284457
08,011,0001,3024,0801100013024,47,3.871201010907891
08,011,0001,3039,0801100013039,1209,7.098375638590786
08,011,0001,3043,0801100013043,1150,7.048386408721883
08,011,0001,3058,0801100013058,1421,7.259819610363186
08,011,0001,3062,0801100013062,1516,7.324489979348532
08,011,0001,3077,0801100013077,1005,6.913737350659685
08,011,0001,3081,0801100013081,354,5.872117789475416
08,011,0001,3096,0801100013096,363,5.8971538676367405
08,011,0001,3109,0801100013109,1415,7.255591274253665
08,011,0001,3113,0801100013113,0,0.0
08,011,0001,3128,0801100013128,4,1.6094379124341003
08,011,0001,3132,0801100013132,0,0.0
08,011,0001,3147,0801100013147,3,1.3862943611198906
08,011,0001,3151,0801100013151,0,0.0
08,011,0001,3166,0801100013166,631,6.448889394146858
08,011,0001,3170,0801100013170,434,6.075346031088684
08,011,0001,3185,0801100013185,190,5.25227342804663
08,011,0001,319A,080110001319A,488,6.192362489474872
08,012,0001,0525,0801200010525,824,6.715383386334681
08,012,0001,053A,080120001053A,684,6.529418838262226
08,012,0001,0563,0801200010563,61,4.127134385045092
08,012,0001,0578,0801200010578,15,2.772588722239781
08,012,0001,0582,0801200010582,88,4.48863636973214
08,013,0001,0382,0801300010382,109,4.700480365792417
08,013,0001,040A,080130001040A,420,6.042632833682381
08,013,0001,0433,0801300010433,444,6.09807428216624
08,013,0001,0467,0801300010467,615,6.423246963533519
08,013,0001,0490,0801300010490,285,5.655991810819852
08,013,0001,0503,0801300010503,333,5.811140992976701
08,013,0001,0537,0801300010537,397,5.986452005284438
08,013,0001,0541,0801300010541,228,5.43372200355424
08,013,0001,0823,0801300010823,981,6.889591308354466
08,013,0001,0838,0801300010838,7,2.0794415416798357
08,013,0001,0842,0801300010842,36,3.6109179126442243
08,013,0001,0857,0801300010857,362,5.8944028342648505
08,013,0001,0861,0801300010861,410,6.018593214496234
08,013,0001,0876,0801300010876,556,6.322565239927284
08,013,0001,0880,0801300010880,17,2.8903717578961645
08,013,0001,0895,0801300010895,56,4.04305126783455
08,014,0001,0248,0801400010248,553,6.317164686747284
08,014,0001,0252,0801400010252,368,5.910796644040527
08,014,0001,0464,0801400010464,60,4.110873864173311
08,014,0001,0479,0801400010479,14,2.70805020110221
08,014,0001,0483,0801400010483,25,3.258096538021482
08,014,0001,0498,0801400010498,101,4.624972813284271
08,015,0001,1027,0801500011027,318,5.765191102784844
08,015,0001,1031,0801500011031,217,5.384495062789089
08,015,0001,1046,0801500011046,34,3.5553480614894135
08,015,0001,2025,0801500012025,29,3.4011973816621555
08,015,0001,203A,080150001203A,14,2.70805020110221
08,015,0001,2133,0801500012133,26,3.295836866004329
08,015,0001,2148,0801500012148,71,4.276666119016055
08,016,0001,012A,080160001012A,150,5.017279836814924
08,016,0001,0134,0801600010134,302,5.713732805509369
08,016,0001,0149,0801600010149,636,6.456769655572163
08,016,0001,0238,0801600010238,519,6.253828811575473
08,016,0001,0242,0801600010242,27,3.332204510175204
08,016,0001,0257,0801600010257,9,2.302585092994046
08,016,0001,0261,0801600010261,0,0.0
08,016,0001,0276,0801600010276,28,3.367295829986474
08,017,0001,0606,0801700010606,1099,7.003065458786462
08,017,0001,0610,0801700010610,103,4.6443908991413725
08,017,0001,0659,0801700010659,5262,8.56845648535378
08,017,0001,0678,0801700010678,1230,7.115582126184454
08,017,0001,0697,0801700010697,2121,7.660114319173928
08,017,0001,0714,0801700010714,1685,7.430114138561801
08,017,0001,0729,0801700010729,1000,6.90875477931522
08,017,0001,0733,0801700010733,974,6.882437470997847
08,017,0001,0748,0801700010748,1038,6.946013991099227
08,017,0001,0752,0801700010752,990,6.898714534329988
08,017,0001,0767,0801700010767,1001,6.90975328164481
08,017,0001,0771,0801700010771,1574,7.362010551259734
08,017,0001,0786,0801700010786,1893,7.546446273746024
08,017,0001,0790,0801700010790,1490,7.307202314764738
08,017,0001,0803,0801700010803,769,6.646390514847729
08,017,0001,0818,0801700010818,745,6.61472560020376
08,017,0001,0822,0801700010822,1351,7.20934025660291
08,017,0001,0837,0801700010837,1820,7.507141079727608
08,017,0001,0841,0801700010841,1767,7.477604243197589
08,017,0001,0856,0801700010856,921,6.826545223556594
08,017,0001,0860,0801700010860,1126,7.027314514039777
08,017,0001,0875,0801700010875,1491,7.307872780763706
08,017,0001,088A,080170001088A,974,6.882437470997847
08,017,0001,0894,0801700010894,691,6.539585955617669
08,017,0001,0911,0801700010911,885,6.786716950605081
08,017,0001,0926,0801700010926,2322,7.750614732770409
08,017,0001,0945,0801700010945,1051,6.9584483932976555
08,017,0001,095A,080170001095A,1768,7.478169694159785
08,017,0001,0964,0801700010964,974,6.882437470997847
08,017,0001,0979,0801700010979,1812,7.502738210754851
08,017,0001,0983,0801700010983,601,6.400257445308821
08,017,0001,0998,0801700010998,2366,7.769378609513984
08,017,0001,1002,0801700011002,2535,7.8383433155571165
08,017,0001,1017,0801700011017,1787,7.488852955733459
08,017,0001,1021,0801700011021,1925,7.563200592358071
08,017,0001,1036,0801700011036,1315,7.182352111885263
08,017,0001,1040,0801700011040,1390,7.237778191923443
08,017,0001,106A,080170001106A,2255,7.721348612617949
08,017,0001,1074,0801700011074,1803,7.4977617006225685
08,017,0001,1182,0801700011182,1315,7.182352111885263
08,017,0001,1197,0801700011197,724,6.586171654854675
08,017,0001,120A,080170001120A,1026,6.934397209928558
08,017,0001,1553,0801700011553,808,6.695798917058491
08,017,0001,1568,0801700011568,999,6.907755278982137
08,017,0001,1572,0801700011572,63,4.1588830833596715
08,017,0001,1587,0801700011587,2992,8.0040315078527
08,017,0001,1591,0801700011591,3719,8.221478947267192
08,017,0001,1604,0801700011604,1078,6.983789965258135
08,017,0001,1619,0801700011619,1555,7.349873704738337
08,017,0001,1623,0801700011623,1522,7.328437352895162
08,017,0001,1638,0801700011638,1270,7.147559271189454
08,017,0001,1642,0801700011642,929,6.835184586147301
08,017,0001,1657,0801700011657,1134,7.034387929915503
08,017,0001,1661,0801700011661,2387,7.778211474512493
08,017,0001,1676,0801700011676,831,6.723832440821209
08,017,0001,1680,0801700011680,3273,8.09376775793108
08,017,0001,1695,0801700011695,841,6.7357800142423265
08,017,0001,1708,0801700011708,2206,7.699389406256737
08,017,0001,1799,0801700011799,1410,7.252053951852814
08,017,0001,1801,0801700011801,1152,7.050122520269059
08,017,0001,1816,0801700011816,13,2.6390573296152584
08,017,0001,1820,0801700011820,4,1.6094379124341003
08,017,0001,184A,080170001184A,118,4.77912349311153
08,017,0001,1854,0801700011854,244,5.501258210544727
08,017,0001,1869,0801700011869,132,4.890349128221754
08,017,0001,1873,0801700011873,42,3.7612001156935624
08,017,0001,1888,0801700011888,999,6.907755278982137
08,017,0001,1892,0801700011892,1547,7.344719054149673
08,017,0001,191A,080170001191A,35,3.58351893845611
08,017,0001,1924,0801700011924,49,3.912023005428146
08,017,0001,1939,0801700011939,2886,7.967973179662935
08,017,0001,1943,0801700011943,2155,7.6760099320288875
08,017,0001,1958,0801700011958,1342,7.202661196523238
08,017,0001,1962,0801700011962,79,4.382026634673881
08,017,0001,1977,0801700011977,11,2.4849066497880004
08,017,0001,1981,0801700011981,32,3.4965075614664802
08,017,0001,1996,0801700011996,16,2.833213344056216
08,017,0001,2000,0801700012000,0,0.0
08,017,0001,2015,0801700012015,1093,6.9975959829819265
08,017,0001,202A,080170001202A,0,0.0
08,017,0001,2034,0801700012034,22,3.1354942159291497
08,017,0001,2049,0801700012049,10,2.3978952727983707
08,017,0001,2068,0801700012068,0,0.0
08,017,0001,2072,0801700012072,0,0.0
08,017,0001,2087,0801700012087,1,0.6931471805599453
08,017,0001,2104,0801700012104,903,6.806829360392176
08,017,0001,2119,0801700012119,1580,7.365812837209472
08,017,0001,2123,0801700012123,1595,7.3752557780097545
08,017,0001,2138,0801700012138,2320,7.749753406274437
08,017,0001,2142,0801700012142,0,0.0
08,017,0001,2157,0801700012157,41,3.7376696182833684
08,017,0001,2161,0801700012161,78,4.3694478524670215
08,017,0001,2176,0801700012176,3,1.3862943611198906
08,017,0001,2180,0801700012180,22,3.1354942159291497
08,017,0001,2195,0801700012195,6,1.9459101490553132
08,017,0001,2208,0801700012208,28,3.367295829986474
08,017,0001,2212,0801700012212,18,2.9444389791664403
08,017,0001,2227,0801700012227,1,0.6931471805599453
08,017,0001,2231,0801700012231,11,2.4849066497880004
08,017,0001,2246,0801700012246,116,4.762173934797756
08,017,0001,2250,0801700012250,1588,7.370860166536716
08,017,0001,2265,0801700012265,12,2.5649493574615367
08,017,0001,227A,080170001227A,0,0.0
08,017,0001,2284,0801700012284,0,0.0
08,017,0001,2316,0801700012316,137,4.927253685157205
08,017,0001,2320,0801700012320,86,4.465908118654584
08,017,0001,2335,0801700012335,2032,7.617267813628347
08,017,0001,234A,080170001234A,27,3.332204510175204
08,017,0001,2354,0801700012354,674,6.51471269087253
08,017,0001,2369,0801700012369,2,1.0986122886681098
08,017,0001,2373,0801700012373,57,4.060443010546419
08,017,0001,2388,0801700012388,431,6.068425588244111
08,017,0001,2392,0801700012392,0,0.0
08,017,0001,2405,0801700012405,1624,7.393263094763838
08,017,0001,241A,080170001241A,18,2.9444389791664403
08,017,0001,2424,0801700012424,135,4.912654885736052
08,017,0001,2439,0801700012439,0,0.0
08,017,0001,2443,0801700012443,10,2.3978952727983707
08,017,0001,2458,0801700012458,12,2.5649493574615367
08,017,0001,2462,0801700012462,57,4.060443010546419
08,017,0001,2477,0801700012477,23,3.1780538303479458
08,017,0001,2481,0801700012481,289,5.66988092298052
08,017,0001,2496,0801700012496,59,4.0943445622221
08,017,0001,2509,0801700012509,6,1.9459101490553132
08,017,0001,2513,0801700012513,4,1.6094379124341003
08,017,0001,2528,0801700012528,0,0.0
08,017,0001,2532,0801700012532,0,0.0
08,017,0001,2547,0801700012547,7,2.0794415416798357
08,017,0001,2551,0801700012551,15,2.772588722239781
08,017,0001,2566,0801700012566,0,0.0
08,017,0001,2570,0801700012570,0,0.0
08,017,0001,2585,0801700012585,0,0.0
08,017,0001,259A,080170001259A,0,0.0
08,017,0001,2602,0801700012602,0,0.0
08,017,0001,2617,0801700012617,12,2.5649493574615367
08,017,0005,1093,0801700051093,1106,7.009408932708637
08,017,0005,1106,0801700051106,963,6.871091294610546
08,017,0005,1110,0801700051110,589,6.380122536899765
08,017,0005,1125,0801700051125,1172,7.067319848653476
08,017,0005,113A,080170005113A,895,6.79794041297493
08,017,0005,1144,0801700051144,905,6.80903930604298
08,017,0005,1159,0801700051159,617,6.42648845745769
08,017,0005,1163,0801700051163,388,5.963579343618446
08,017,0005,1214,0801700051214,1548,7.3453648404168685
08,017,0005,1549,0801700051549,475,6.16541785423142
08,017,0005,1712,0801700051712,557,6.324358962381311
08,017,0005,1727,0801700051727,557,6.324358962381311
08,017,0005,1731,0801700051731,0,0.0
08,017,0005,1746,0801700051746,96,4.574710978503383
08,017,0005,1750,0801700051750,84,4.442651256490317
08,018,0001,1160,0801800011160,63,4.1588830833596715
08,019,0001,1098,0801900011098,3643,8.200837258379849
08,019,0001,1100,0801900011100,2439,7.799753318287247
08,019,0001,1134,0801900011134,1464,7.289610521451167
08,019,0001,1168,0801900011168,1461,7.2875606403097235
08,019,0001,1238,0801900011238,1915,7.557994958530806
08,019,0001,1261,0801900011261,185,5.225746673713202
08,019,0001,1346,0801900011346,2119,7.659171367666058
08,019,0001,1350,0801900011350,2286,7.734996194022781
08,019,0001,1365,0801900011365,3203,8.07215530818825
08,019,0001,1399,0801900011399,2267,7.7266536648476425
08,019,0001,1401,0801900011401,1662,7.416378479192928
08,019,0001,1454,0801900011454,2268,7.727094484779841
08,019,0001,1488,0801900011488,1333,7.195937226475569
08,019,0001,1562,0801900011562,2842,7.952615111651
08,019,0001,1577,0801900011577,2778,7.929846429742503
08,019,0001,1596,0801900011596,2964,7.994632311431825
08,019,0001,1609,0801900011609,2505,7.826443135456014
08,019,0001,1628,0801900011628,1527,7.331714969726466
08,019,0001,1632,0801900011632,2153,7.675081857716334
08,019,0001,1647,0801900011647,2249,7.718685495198466
08,019,0001,1651,0801900011651,1731,7.4570320891223805
08,019,0001,1702,0801900011702,488,6.192362489474872
08,019,0001,1717,0801900011717,1605,7.381501894506707
08,019,0001,1721,0801900011721,1792,7.491645473605133
08,019,0001,1736,0801900011736,1658,7.413970290190444
08,019,0001,1740,0801900011740,2055,7.628517626575055
08,019,0001,1755,0801900011755,2556,7.846589975291186
08,019,0001,176A,080190001176A,3061,8.026823576217629
08,019,0001,1774,0801900011774,696,6.546785410760524
08,019,0001,1789,0801900011789,1566,7.356918242356021
08,019,0001,1793,0801900011793,1675,7.424165281042028
08,019,0001,1806,0801900011806,1801,7.496652438168283
08,019,0001,1810,0801900011810,1907,7.553810852008231
08,019,0001,1825,0801900011825,1810,7.501634457883413
08,019,0001,183A,080190001183A,2335,7.756195343948118
08,019,0001,1844,0801900011844,1586,7.369600720526409
08,019,0001,1878,0801900011878,1360,7.215975002651466
08,019,0001,1882,0801900011882,4103,8.319717386850606
08,019,0001,1897,0801900011897,1983,7.592870287844818
08,019,0001,190A,080190001190A,1146,7.044905117129371
08,019,0001,1914,0801900011914,2408,7.786967002614872
08,019,0001,1948,0801900011948,5134,8.543835122362658
08,019,0001,1952,0801900011952,3172,8.062432791583195
08,019,0001,1971,0801900011971,1218,7.105786129481271
08,019,0001,1990,0801900011990,1731,7.4570320891223805
08,019,0001,2005,0801900012005,1230,7.115582126184454
08,019,0001,2039,0801900012039,2535,7.8383433155571165
08,019,0001,2058,0801900012058,829,6.721425700790643
08,019,0001,2062,0801900012062,259,5.560681631015528
08,019,0001,2077,0801900012077,169,5.135798437050262
08,019,0001,2081,0801900012081,334,5.814130531825066
08,019,0001,2096,0801900012096,631,6.448889394146858
08,019,0001,2109,0801900012109,380,5.942799375126701
08,019,0001,2113,0801900012113,213,5.365976015021851
08,019,0001,2128,0801900012128,354,5.872117789475416
08,019,0001,2132,0801900012132,240,5.484796933490655
08,019,0001,2151,0801900012151,2820,7.944846711001996
08,019,0001,2166,0801900012166,3789,8.240121298076472
08,019,0001,2170,0801900012170,613,6.419994928147142
08,019,0001,2185,0801900012185,2275,7.730174795246222
08,019,0001,2202,0801900012202,1282,7.1569563646156364
08,019,0001,2217,0801900012217,56,4.04305126783455
08,019,0001,2221,0801900012221,21,3.091042453358316
08,019,0001,2236,0801900012236,1163,7.059617628291383
08,019,0001,2240,0801900012240,4840,8.484876589939695
08,019,0001,2255,0801900012255,0,0.0
08,019,0001,226A,080190001226A,2216,7.7039102096163115
08,019,0001,2274,0801900012274,2262,7.724446645633537
08,019,0001,2289,0801900012289,6,1.9459101490553132
08,019,0001,2293,0801900012293,0,0.0
08,019,0001,2306,0801900012306,1188,7.080867896690782
08,019,0001,2310,0801900012310,976,6.884486652042782
08,019,0001,2325,0801900012325,2473,7.813591552952433
08,019,0001,2344,0801900012344,2336,7.756623334538858
08,019,0001,2359,0801900012359,1309,7.177782416195197
08,019,0001,2363,0801900012363,1494,7.3098814858247865
08,019,0001,2378,0801900012378,2672,7.890956716138919
08,019,0001,2382,0801900012382,1863,7.530479995245536
08,019,0001,2397,0801900012397,1845,7.520776415062797
08,019,0001,240A,080190001240A,1891,7.545389749611823
08,019,0001,2429,0801900012429,2838,7.951207156472972
08,019,0001,2452,0801900012452,3072,8.030409562130485
08,019,0001,2467,0801900012467,3176,8.063692634269517
08,019,0001,2471,0801900012471,1859,7.528331766707247
08,019,0001,2486,0801900012486,2290,7.736743682453495
08,019,0001,2503,0801900012503,2811,7.941651252930556
08,019,0001,2556,0801900012556,1003,6.911747300251674
08,019,0001,2575,0801900012575,89,4.499809670330265
08,019,0001,258A,080190001258A,246,5.5093883366279774
08,019,0001,2594,0801900012594,98,4.59511985013459
08,019,0001,2607,0801900012607,266,5.58724865840025
08,019,0001,2664,0801900012664,1675,7.424165281042028
08,019,0001,2679,0801900012679,1877,7.537962659768208
08,019,0001,2683,0801900012683,2058,7.629975707027789
08,019,0001,2698,0801900012698,2788,7.933438387627489
08,019,0001,2700,0801900012700,2254,7.720905251936779
08,019,0001,2715,0801900012715,1495,7.310550158534422
08,019,0001,272A,080190001272A,1436,7.270312886079025
08,019,0001,2734,0801900012734,2679,7.893572073504902
08,019,0001,2749,0801900012749,2490,7.820439515262181
08,019,0001,2753,0801900012753,1810,7.501634457883413
08,019,0001,2768,0801900012768,3842,8.254008590564844
08,019,0001,2772,0801900012772,2067,7.63433723562832
08,019,0001,2787,0801900012787,1262,7.141245122350491
08,019,0001,2791,0801900012791,727,6.590301048196686
08,019,0001,2804,0801900012804,2058,7.629975707027789
08,019,0001,2819,0801900012819,3022,8.014004994779459
08,019,0001,2823,0801900012823,2030,7.616283561580385
08,019,0001,2838,0801900012838,1853,7.5251007461258
08,019,0001,2842,0801900012842,1914,7.557472901614746
08,019,0001,2857,0801900012857,3224,8.078688229229872
08,019,0001,2861,0801900012861,2464,7.80994708647679
08,019,0001,2876,0801900012876,3141,8.052614818815567
08,019,0001,2895,0801900012895,2192,7.693025748417888
08,019,0001,2908,0801900012908,2111,7.655390644826152
08,019,0001,2912,0801900012912,2005,7.603897968521881
08,019,0001,2927,0801900012927,1799,7.495541943884256
08,019,0001,2931,0801900012931,2279,7.731930721948486
08,019,0001,2946,0801900012946,1749,7.4673710669175595
08,019,0001,2950,0801900012950,3609,8.191463051326927
08,019,0001,2965,0801900012965,1653,7.4109518755836366
08,019,0001,297A,080190001297A,4223,8.348537825386098
08,019,0001,2984,0801900012984,4209,8.345217926676428
08,019,0001,2999,0801900012999,2158,7.677400430514807
08,019,0001,3003,0801900013003,1321,7.186901020411631
08,019,0001,3018,0801900013018,1602,7.3796321526095525
08,019,0001,3022,0801900013022,1915,7.557994958530806
08,019,0001,3037,0801900013037,2198,7.695757990554761
08,019,0001,3041,0801900013041,1145,7.044032897274685
08,019,0001,3060,0801900013060,2684,7.895436006942965
08,019,0001,3075,0801900013075,2326,7.752335163302292
08,019,0001,308A,080190001308A,1063,6.96979066990159
08,019,0001,3094,0801900013094,929,6.835184586147301
08,019,0001,3107,0801900013107,1075,6.98100574072173
08,019,0001,3111,0801900013111,1451,7.280697195384741
08,019,0001,3126,0801900013126,1367,7.221105098182496
08,019,0001,3130,0801900013130,1011,6.919683849847411
08,019,0001,3145,0801900013145,873,6.773080375655535
08,019,0001,315A,080190001315A,1791,7.491087593534876
08,019,0001,3164,0801900013164,1632,7.398174092970465
08,019,0001,3179,0801900013179,1488,7.305860032684009
08,019,0001,3183,0801900013183,1978,7.590346945602565
08,019,0001,3198,0801900013198,688,6.535241271013659
08,019,0001,3200,0801900013200,1219,7.106606137727303
08,019,0001,3215,0801900013215,1243,7.126087273299125
08,019,0001,322A,080190001322A,1292,7.164720378771857
08,019,0001,3234,0801900013234,1306,7.175489713624222
08,019,0001,3249,0801900013249,918,6.823286122355687
08,019,0001,3253,0801900013253,923,6.828712071641684
08,019,0001,3268,0801900013268,1334,7.19668657083435
08,019,0001,3272,0801900013272,1324,7.1891677384203225
08,019,0001,3287,0801900013287,1098,7.002155954403621
08,019,0001,3291,0801900013291,1025,6.933423025730715
08,019,0001,3304,0801900013304,990,6.898714534329988
08,019,0001,3319,0801900013319,92,4.532599493153256
08,019,0001,3323,0801900013323,410,6.018593214496234
08,019,0001,3338,0801900013338,220,5.3981627015177525
08,019,0001,3342,0801900013342,2082,7.641564441260972
08,019,0001,3357,0801900013357,1627,7.395107546562485
08,019,0001,3361,0801900013361,1518,7.325807502595773
08,019,0001,3376,0801900013376,374,5.926926025970411
08,019,0001,3380,0801900013380,199,5.298317366548036
08,019,0001,3395,0801900013395,686,6.532334292222349
08,019,0001,3408,0801900013408,1574,7.362010551259734
08,019,0001,3412,0801900013412,1162,7.0587581525186645
08,019,0001,3427,0801900013427,1500,7.313886831633462
08,019,0001,3431,0801900013431,1644,7.405495663199472
08,019,0001,3446,0801900013446,1370,7.223295679562314
08,019,0001,3450,0801900013450,2514,7.83002808253384
08,019,0001,3465,0801900013465,2256,7.721791776817535
08,019,0001,347A,080190001347A,1130,7.030857476116121
08,019,0001,3484,0801900013484,735,6.601230118728877
08,019,0001,3499,0801900013499,1315,7.182352111885263
08,019,0001,3501,0801900013501,1738,7.461065514354283
08,019,0001,3516,0801900013516,1321,7.186901020411631
08,019,0001,3520,0801900013520,408,6.013715156042802
08,019,0001,3535,0801900013535,601,6.400257445308821
08,019,0001,354A,080190001354A,707,6.56244409369372
08,019,0001,3554,0801900013554,1572,7.360739903058278
08,019,0001,3569,0801900013569,1574,7.362010551259734
08,019,0001,3573,0801900013573,1682,7.428333194190806
08,019,0001,3588,0801900013588,1757,7.471932078245122
08,019,0001,3592,0801900013592,266,5.58724865840025
08,019,0001,3605,0801900013605,1705,7.441906728051625
08,019,0001,361A,080190001361A,1784,7.487173694213739
08,019,0001,3624,0801900013624,1824,7.509335266016592
08,019,0001,3639,0801900013639,832,6.725033642166843
08,019,0001,3643,0801900013643,1762,7.47477218239787
08,019,0001,3658,0801900013658,1160,7.057036981697891
08,019,0001,3662,0801900013662,842,6.736966958001855
08,019,0001,3677,0801900013677,1294,7.166265974133638
08,019,0001,3681,0801900013681,1347,7.206377291472252
08,019,0001,3696,0801900013696,1916,7.558516743045645
08,019,0001,3709,0801900013709,1083,6.988413181999592
08,019,0001,3713,0801900013713,1593,7.374001859350161
08,019,0001,3728,0801900013728,2537,7.839131648274333
08,019,0001,3732,0801900013732,1132,7.0326242610280065
08,019,0001,3747,0801900013747,2105,7.652545692693921
08,019,0001,3751,0801900013751,2102,7.6511201757027
08,019,0001,3766,0801900013766,1976,7.589335823170617
08,019,0001,3770,0801900013770,1129,7.029972911706386
08,019,0001,3785,0801900013785,1437,7.271008538280992
08,019,0001,379A,080190001379A,1191,7.083387847625295
08,019,0001,3802,0801900013802,1098,7.002155954403621
08,019,0001,3817,0801900013817,1993,7.597897950521784
08,019,0001,3821,0801900013821,2255,7.721348612617949
08,019,0001,3836,0801900013836,2124,7.661527081358517
08,019,0001,3840,0801900013840,2634,7.876638460975463
08,019,0001,3855,0801900013855,1822,7.508238774678663
08,019,0001,386A,080190001386A,1461,7.2875606403097235
08,019,0001,3874,0801900013874,2617,7.870165946469845
08,019,0001,3889,0801900013889,2082,7.641564441260972
08,019,0001,3893,0801900013893,1418,7.257707677160043
08,019,0001,3906,0801900013906,1616,7.388327859577107
08,019,0001,3910,0801900013910,1183,7.076653815443951
08,019,0001,3925,0801900013925,1547,7.344719054149673
08,019,0001,393A,080190001393A,1392,7.239214973779806
08,019,0001,3997,0801900013997,1720,7.450660796211539
08,019,0001,4001,0801900014001,1800,7.496097345175956
08,019,0001,4054,0801900014054,2281,7.732807530422021
08,019,0001,4073,0801900014073,1850,7.523481312573497
08,019,0001,4675,0801900014675,850,6.7464121285733745
08,019,0001,4764,0801900014764,393,5.976350909297934
08,019,0001,4783,0801900014783,25,3.258096538021482
08,019,0001,4798,0801900014798,37,3.6375861597263857
08,019,0001,482A,080190001482A,2962,7.993957547573565
08,019,0001,4853,0801900014853,5092,8.535622326884605
08,019,0001,4868,0801900014868,1652,7.410347097821024
08,019,0001,4891,0801900014891,1299,7.170119543449628
08,019,0001,4904,0801900014904,1236,7.1204443723924875
08,019,0001,4919,0801900014919,2698,7.900636613018005
08,019,0001,4923,0801900014923,2888,7.968665700466235
08,019,0001,4938,0801900014938,2048,7.6251071482389
08,019,0001,4942,0801900014942,2858,7.958227192322312
08,019,0001,4957,0801900014957,2932,7.983781068977451
08,019,0001,4961,0801900014961,1513,7.322510433997394
08,019,0001,4976,0801900014976,1379,7.22983877815125
08,019,0001,4980,0801900014980,1300,7.170888478512505
08,019,0001,4995,0801900014995,1750,7.467942332285852
08,019,0001,500A,080190001500A,2264,7.725330037917135
08,019,0001,5014,0801900015014,1626,7.394493107219038
08,019,0001,5029,0801900015029,3985,8.29054350077274
08,019,0001,5033,0801900015033,3620,8.19450550976564
08,019,0001,5048,0801900015048,1664,7.417580402414544
08,019,0001,5052,0801900015052,1024,6.932447891572509
08,019,0001,5067,0801900015067,2336,7.756623334538858
08,019,0001,5071,0801900015071,2885,7.9676267393338165
08,019,0001,5090,0801900015090,2190,7.692113339595466
08,019,0001,5103,0801900015103,2149,7.673223121121708
08,019,0001,5118,0801900015118,2104,7.652070746116482
08,019,0001,5122,0801900015122,1762,7.47477218239787
08,019,0001,5137,0801900015137,2015,7.60887062919126
08,019,0001,5141,0801900015141,2679,7.893572073504902
08,019,0001,5156,0801900015156,2798,7.937017489515454
08,019,0001,5160,0801900015160,1624,7.393263094763838
08,019,0001,5175,0801900015175,2305,7.743269700829004
08,019,0001,518A,080190001518A,1326,7.190676034332207
08,019,0001,5194,0801900015194,1628,7.395721608602045
08,019,0001,5207,0801900015207,2161,7.6787889981991535
08,019,0001,5226,0801900015226,2393,7.780720886117918
08,019,0001,5230,0801900015230,1714,7.44716835960004
08,019,0001,5245,0801900015245,2157,7.67693714581808
08,019,0001,525A,080190001525A,1972,7.587310506022615
08,019,0001,5264,0801900015264,2763,7.92443418488756
08,019,0001,5279,0801900015279,3068,8.029107054619736
08,019,0001,5283,0801900015283,2446,7.802618063442671
08,019,0001,5298,0801900015298,2768,7.926241523170962
08,019,0001,5300,0801900015300,3159,8.058327306580958
08,019,0001,5315,0801900015315,3336,8.112827478751374
08,019,0001,532A,080190001532A,1187,7.080026499922591
08,019,0001,5334,0801900015334,1678,7.425953657077541
08,019,0001,5349,0801900015349,1897,7.5485559791698735
08,019,0001,5353,0801900015353,2680,7.893945138235959
08,019,0001,5368,0801900015368,2960,7.993282328101591
08,019,0001,5372,0801900015372,2681,7.894318063841624
08,019,0001,5387,0801900015387,2238,7.713784616598755
08,019,0001,5404,0801900015404,2062,7.631916513071252
08,019,0001,5419,0801900015419,2036,7.619233416226805
08,019,0001,5423,0801900015423,4250,8.35490952835879
08,019,0001,5438,0801900015438,4199,8.34283980427146
08,019,0001,5442,0801900015442,3939,8.27893600229198
08,019,0001,5457,0801900015457,1732,7.457609289715606
08,019,0001,5461,0801900015461,2341,7.758760544157663
08,019,0001,5480,0801900015480,1188,7.080867896690782
08,019,0001,5495,0801900015495,3440,8.14351740579748
08,019,0001,5508,0801900015508,2020,7.611347717403621
08,019,0001,5512,0801900015512,2651,7.883069351305753
08,019,0001,5527,0801900015527,3849,8.25582842728183
08,019,0001,5531,0801900015531,1945,7.57353126274595
08,019,0001,5546,0801900015546,2121,7.660114319173928
08,019,0001,5550,0801900015550,235,5.4638318050256105
08,019,0001,557A,080190001557A,242,5.493061443340548
08,019,0001,5584,0801900015584,334,5.814130531825066
08,019,0001,5599,0801900015599,1893,7.546446273746024
08,019,0001,5601,0801900015601,260,5.564520407322694
08,019,0001,5616,0801900015616,3346,8.115819701211327
08,019,0001,5620,0801900015620,1046,6.953684210870537
08,019,0001,5635,0801900015635,572,6.35088571671474
08,019,0001,5654,0801900015654,3664,8.206583614320753
08,019,0001,5669,0801900015669,1207,7.0967213784947605
08,019,0001,5673,0801900015673,378,5.937536205082426
08,019,0001,5688,0801900015688,1275,7.151485463904735
08,019,0001,5692,0801900015692,0,0.0
08,019,0001,5705,0801900015705,1013,6.921658184151129
08,019,0001,5758,0801900015758,1742,7.463363045520021
08,019,0001,5762,0801900015762,1163,7.059617628291383
08,019,0001,5777,0801900015777,1719,7.450079569807499
08,019,0001,5781,0801900015781,4104,8.31996102188653
08,019,0001,5796,0801900015796,3894,8.267448958304849
08,019,0001,5809,0801900015809,3709,8.21878715560148
08,019,0001,5813,0801900015813,4379,8.384804003370492
08,019,0001,5828,0801900015828,1857,7.527255919373784
08,019,0001,5847,0801900015847,5596,8.62998601889136
08,019,0001,5851,0801900015851,2821,7.945201132412759
08,019,0001,5866,0801900015866,3620,8.19450550976564
08,019,0001,5870,0801900015870,2806,7.939871576361883
08,019,0001,5885,0801900015885,960,6.8679744089702925
08,019,0001,589A,080190001589A,199,5.298317366548036
08,019,0001,5902,0801900015902,0,0.0
08,019,0001,5917,0801900015917,46,3.8501476017100584
08,019,0001,5936,0801900015936,3328,8.110427237575024
08,019,0001,5940,0801900015940,0,0.0
08,019,0001,5955,0801900015955,0,0.0
08,019,0001,596A,080190001596A,1366,7.220373836723949
08,019,0001,5974,0801900015974,1156,7.053585727193677
08,019,0001,5989,0801900015989,1491,7.307872780763706
08,019,0001,5993,0801900015993,1582,7.367077059881012
08,019,0001,6008,0801900016008,0,0.0
08,019,0001,6012,0801900016012,6,1.9459101490553132
08,019,0001,6027,0801900016027,46,3.8501476017100584
08,019,0001,6031,0801900016031,2407,7.786551806428712
08,019,0001,6046,0801900016046,2401,7.784057002639929
08,019,0001,6050,0801900016050,1758,7.472500744737558
08,019,0001,6065,0801900016065,485,6.186208623900494
08,019,0001,607A,080190001607A,230,5.442417710521793
08,019,0001,6084,0801900016084,154,5.043425116919247
08,019,0001,6099,0801900016099,12,2.5649493574615367
08,019,0001,6101,0801900016101,1060,6.966967138613983
08,019,0001,6116,0801900016116,700,6.55250788703459
08,019,0001,6120,0801900016120,1158,7.055312843339752
08,019,0001,6135,0801900016135,1782,7.48605261786314
08,019,0001,614A,080190001614A,3341,8.114324709155339
08,019,0001,6154,0801900016154,2192,7.693025748417888
08,019,0001,6169,0801900016169,6367,8.75904072752422
08,019,0001,6173,0801900016173,1956,7.579167967396076
08,019,0001,6188,0801900016188,14,2.70805020110221
08,019,0001,6192,0801900016192,382,5.948034989180646
08,019,0001,621A,080190001621A,4,1.6094379124341003
08,019,0001,6224,0801900016224,16,2.833213344056216
08,019,0001,6239,0801900016239,28,3.367295829986474
08,019,0001,6243,0801900016243,45,3.828641396489095
08,019,0001,6258,0801900016258,13,2.6390573296152584
08,019,0001,6262,0801900016262,8,2.1972245773362196
08,019,0001,6281,0801900016281,496,6.208590026096629
08,019,0001,6309,0801900016309,551,6.313548046277095
08,019,0001,6328,0801900016328,1682,7.428333194190806
08,019,0001,6347,0801900016347,3584,8.184513753033722
08,019,0001,6351,0801900016351,2389,7.779048644925556
08,019,0001,6366,0801900016366,1841,7.518607216815252
08,019,0001,6370,0801900016370,1279,7.154615356913663
08,019,0001,6385,0801900016385,1382,7.232010331664759
08,019,0001,639A,080190001639A,2182,7.688455356549944
08,019,0001,6402,0801900016402,927,6.833031732786201
08,019,0001,6417,0801900016417,1261,7.140453043101158
08,019,0001,6421,0801900016421,1351,7.20934025660291
08,019,0001,6436,0801900016436,2446,7.802618063442671
08,019,0001,6440,0801900016440,2154,7.675546002537848
08,019,0001,6455,0801900016455,73,4.30406509320417
08,019,0001,6489,0801900016489,345,5.846438775057725
08,019,0001,6493,0801900016493,2117,7.658227526161352
08,019,0001,6506,0801900016506,3921,8.274357006756292
08,019,0001,6510,0801900016510,3414,8.13593277200489
08,019,0001,6525,0801900016525,2664,7.887959336599945
08,019,0001,6544,0801900016544,0,0.0
08,019,0001,6559,0801900016559,10,2.3978952727983707
08,019,0001,6563,0801900016563,26,3.295836866004329
08,019,0001,6629,0801900016629,86,4.465908118654584
08,019,0001,6633,0801900016633,39,3.6888794541139363
08,019,0001,6648,0801900016648,4,1.6094379124341003
08,019,0001,6667,0801900016667,441,6.091309882077698
08,019,0001,6671,0801900016671,2297,7.739794458408701
08,019,0001,6686,0801900016686,257,5.552959584921617
08,019,0001,6690,0801900016690,0,0.0
08,019,0001,6703,0801900016703,2420,7.791935956938058
08,019,0001,6718,0801900016718,512,6.240275845170769
08,019,0001,6722,0801900016722,691,6.539585955617669
08,019,0001,6737,0801900016737,2858,7.958227192322312
08,019,0001,6741,0801900016741,2553,7.845416036592485
08,019,0001,6756,0801900016756,145,4.983606621708336
08,019,0001,6760,0801900016760,0,0.0
08,019,0001,6775,0801900016775,2196,7.69484807238461
08,019,0001,678A,080190001678A,2916,7.978310969867722
08,019,0001,6794,0801900016794,2715,7.906915488678587
08,019,0001,6807,0801900016807,3160,8.058643712215618
08,019,0001,6811,0801900016811,1832,7.513709247839705
08,019,0001,6826,0801900016826,1194,7.085901464365611
08,019,0001,6830,0801900016830,3430,8.14060704285845
08,019,0001,6845,0801900016845,2493,7.821643126239982
08,019,0001,685A,080190001685A,3382,8.12651816878071
08,019,0001,6864,0801900016864,2490,7.820439515262181
08,019,0001,6879,0801900016879,3114,8.043984431221553
08,019,0001,6883,0801900016883,3765,8.233768709217097
08,019,0001,6898,0801900016898,292,5.680172609017068
08,019,0001,6900,0801900016900,3501,8.161089512845797
08,019,0001,6915,0801900016915,820,6.710523109452428
08,019,0001,692A,080190001692A,249,5.521460917862246
08,019,0001,6934,0801900016934,1109,7.01211529430638
08,019,0001,6949,0801900016949,4,1.6094379124341003
08,019,0001,6968,0801900016968,2,1.0986122886681098
08,019,0001,6972,0801900016972,21,3.091042453358316
08,019,0001,6987,0801900016987,2768,7.926241523170962
08,019,0001,6991,0801900016991,14,2.70805020110221
08,019,0001,7006,0801900017006,140,4.948759890378168
08,019,0001,7010,0801900017010,0,0.0
08,019,0001,7025,0801900017025,655,6.486160788944089
08,019,0001,703A,080190001703A,1941,7.571473648851271
08,019,0001,7044,0801900017044,860,6.7580945044277305
08,019,0001,7059,0801900017059,2870,7.962415680121064
08,019,0001,7063,0801900017063,1279,7.154615356913663
08,019,0001,7078,0801900017078,167,5.123963979403259
08,019,0001,7082,0801900017082,0,0.0
08,019,0001,7097,0801900017097,1,0.6931471805599453
08,019,0001,710A,080190001710A,1,0.6931471805599453
08,019,0001,7114,0801900017114,244,5.501258210544727
08,019,0001,7129,0801900017129,160,5.081404364984463
08,019,0001,7133,0801900017133,4,1.6094379124341003
08,019,0001,7148,0801900017148,3,1.3862943611198906
08,019,0001,7152,0801900017152,5,1.791759469228055
08,019,0001,7167,0801900017167,26,3.295836866004329
08,019,0001,7171,0801900017171,65,4.189654742026425
08,019,0001,7186,0801900017186,187,5.236441962829949
08,019,0001,7190,0801900017190,342,5.8377304471659395
08,019,0001,7203,0801900017203,92,4.532599493153256
08,019,0001,7218,0801900017218,342,5.8377304471659395
08,019,0001,7222,0801900017222,146,4.990432586778736
08,019,0001,7237,0801900017237,505,6.226536669287466
08,019,0001,7241,0801900017241,222,5.407171771460119
08,019,0001,7256,0801900017256,31,3.4657359027997265
08,019,0001,7260,0801900017260,5,1.791759469228055
08,019,0001,7275,0801900017275,608,6.411818267709897
08,019,0001,728A,080190001728A,4419,8.393894975071744
08,019,0001,7294,0801900017294,321,5.7745515455444085
08,019,0001,7307,0801900017307,477,6.169610732491456
08,019,0001,7311,0801900017311,337,5.823045895483019
08,019,0001,7326,0801900017326,781,6.661854740545311
08,019,0001,7330,0801900017330,82,4.418840607796598
08,019,0001,7345,0801900017345,1276,7.152268856032539
08,019,0001,735A,080190001735A,1935,7.568379267836522
08,019,0001,7364,0801900017364,338,5.82600010738045
08,019,0001,7379,0801900017379,315,5.755742213586912
08,019,0001,7383,0801900017383,516,6.248042874508429
08,019,0001,7398,0801900017398,114,4.74493212836325
08,019,0001,7400,0801900017400,2514,7.83002808253384
08,019,0001,7415,0801900017415,702,6.555356891810665
08,019,0001,742A,080190001742A,0,0.0
08,019,0001,7434,0801900017434,39,3.6888794541139363
08,019,0001,7449,0801900017449,69,4.248495242049359
08,019,0001,7453,0801900017453,139,4.941642422609304
08,019,0001,7468,0801900017468,1656,7.4127640174265625
08,019,0001,7472,0801900017472,37,3.6375861597263857
08,019,0001,7487,0801900017487,84,4.442651256490317
08,019,0001,7491,0801900017491,1122,7.023758954738443
08,019,0001,7504,0801900017504,3133,8.050065422915965
08,019,0001,7519,0801900017519,272,5.60947179518496
08,019,0001,7523,0801900017523,191,5.2574953720277815
08,019,0001,7538,0801900017538,0,0.0
08,019,0001,7542,0801900017542,32,3.4965075614664802
08,019,0001,7557,0801900017557,1478,7.2991214627108
08,019,0001,7561,0801900017561,13,2.6390573296152584
08,019,0001,7576,0801900017576,133,4.897839799950911
08,019,0001,7580,0801900017580,14,2.70805020110221
08,019,0001,7595,0801900017595,19,2.995732273553991
08,019,0001,7608,0801900017608,27,3.332204510175204
08,019,0001,7612,0801900017612,8,2.1972245773362196
08,019,0001,7627,0801900017627,184,5.220355825078324
08,019,0001,7631,0801900017631,810,6.698268054115413
08,019,0001,7646,0801900017646,1137,7.037027614686276
08,019,0001,7650,0801900017650,2298,7.740229524763182
08,019,0001,7665,0801900017665,533,6.280395838960195
08,019,0001,767A,080190001767A,1504,7.316548177182976
08,019,0001,7684,0801900017684,765,6.641182169740591
08,019,0001,7699,0801900017699,1627,7.395107546562485
08,019,0001,7701,0801900017701,446,6.102558594613569
08,019,0001,7716,0801900017716,150,5.017279836814924
08,019,0001,7720,0801900017720,305,5.723585101952381
08,019,0001,7735,0801900017735,471,6.156978985585555
08,019,0001,774A,080190001774A,116,4.762173934797756
08,019,0001,7754,0801900017754,1715,7.447751280047908
08,019,0001,7769,0801900017769,477,6.169610732491456
08,019,0001,7773,0801900017773,1402,7.246368080102461
08,019,0001,7788,0801900017788,1265,7.143617602704121
08,019,0001,7792,0801900017792,5,1.791759469228055
08,019,0001,7805,0801900017805,35,3.58351893845611
08,019,0001,781A,080190001781A,15,2.772588722239781
08,019,0001,7824,0801900017824,20,3.044522437723423
08,019,0001,7839,0801900017839,0,0.0
08,019,0001,7843,0801900017843,22,3.1354942159291497
08,019,0001,7858,0801900017858,52,3.970291913552122
08,019,0001,7862,0801900017862,5,1.791759469228055
08,019,0001,7877,0801900017877,26,3.295836866004329
08,019,0001,7881,0801900017881,23,3.1780538303479458
08,019,0001,7896,0801900017896,1,0.6931471805599453
08,019,0001,7909,0801900017909,0,0.0
08,019,0001,7913,0801900017913,10,2.3978952727983707
08,019,0001,7928,0801900017928,8,2.1972245773362196
08,019,0001,7932,0801900017932,0,0.0
08,019,0001,7947,0801900017947,20,3.044522437723423
08,019,0001,7951,0801900017951,42,3.7612001156935624
08,019,0001,7966,0801900017966,9,2.302585092994046
08,019,0001,7970,0801900017970,58,4.07753744390572
08,019,0001,7985,0801900017985,7,2.0794415416798357
08,019,0001,799A,080190001799A,327,5.793013608384144
08,019,0001,8004,0801900018004,0,0.0
08,019,0001,8019,0801900018019,1942,7.57198844937744
08,019,0001,8023,0801900018023,294,5.68697535633982
08,019,0001,8038,0801900018038,585,6.373319789577012
08,019,0001,8042,0801900018042,6,1.9459101490553132
08,019,0001,8057,0801900018057,11,2.4849066497880004
08,019,0001,8061,0801900018061,120,4.795790545596741
08,019,0001,8076,0801900018076,198,5.293304824724492
08,019,0001,8080,0801900018080,231,5.44673737166631
08,019,0001,8095,0801900018095,482,6.180016653652572
08,019,0001,8108,0801900018108,2220,7.7057128238944275
08,019,0001,8112,0801900018112,1432,7.267525427828172
08,019,0001,8127,0801900018127,780,6.660575149839686
08,019,0001,8131,0801900018131,3089,8.035926369891792
08,019,0001,8146,0801900018146,2975,7.998335395952982
08,019,0001,8150,0801900018150,987,6.895682697747868
08,019,0001,8165,0801900018165,666,6.502790045915623
08,019,0001,817A,080190001817A,4,1.6094379124341003
08,019,0001,8184,0801900018184,10,2.3978952727983707
08,019,0001,8199,0801900018199,198,5.293304824724492
08,019,0001,8201,0801900018201,573,6.352629396319567
08,019,0001,8216,0801900018216,27,3.332204510175204
08,019,0001,8220,0801900018220,7,2.0794415416798357
08,019,0001,8235,0801900018235,53,3.9889840465642745
08,019,0001,824A,080190001824A,3,1.3862943611198906
08,019,0001,8254,0801900018254,7,2.0794415416798357
08,019,0001,8269,0801900018269,72,4.290459441148391
08,019,0001,8273,0801900018273,71,4.276666119016055
08,019,0001,8288,0801900018288,1554,7.349230824613334
08,019,0001,8292,0801900018292,0,0.0
08,019,0001,8305,0801900018305,4033,8.302513718514158
08,019,0001,831A,080190001831A,26,3.295836866004329
08,019,0001,8324,0801900018324,207,5.337538079701318
08,019,0001,8339,0801900018339,0,0.0
08,019,0001,8343,0801900018343,182,5.209486152841421
08,019,0001,8358,0801900018358,141,4.955827057601261
08,019,0001,8362,0801900018362,0,0.0
08,019,0001,8377,0801900018377,92,4.532599493153256
08,019,0001,8381,0801900018381,0,0.0
08,019,0001,8396,0801900018396,0,0.0
08,019,0001,8409,0801900018409,19,2.995732273553991
08,019,0001,8413,0801900018413,3,1.3862943611198906
08,019,0001,8428,0801900018428,100,4.61512051684126
08,019,0001,8432,0801900018432,654,6.484635235635252
08,019,0001,8447,0801900018447,842,6.736966958001855
08,019,0001,8451,0801900018451,207,5.337538079701318
08,019,0001,8466,0801900018466,214,5.3706380281276624
08,019,0001,8470,0801900018470,149,5.0106352940962555
08,019,0001,8485,0801900018485,1649,7.408530566894626
08,019,0001,849A,080190001849A,241,5.488937726156687
08,019,0001,8502,0801900018502,11,2.4849066497880004
08,019,0001,8517,0801900018517,69,4.248495242049359
08,019,0001,8521,0801900018521,0,0.0
08,019,0001,8536,0801900018536,1206,7.095893221097532
08,019,0001,8540,0801900018540,36,3.6109179126442243
08,019,0001,8555,0801900018555,73,4.30406509320417
08,019,0001,856A,080190001856A,24,3.2188758248682006
08,019,0001,8574,0801900018574,24,3.2188758248682006
08,019,0001,8589,0801900018589,8,2.1972245773362196
08,019,0001,8593,0801900018593,80,4.394449154672439
08,019,0001,8606,0801900018606,54,4.007333185232471
08,019,0001,8610,0801900018610,970,6.878326468291325
08,019,0001,8625,0801900018625,827,6.71901315438526
08,019,0001,863A,080190001863A,0,0.0
08,019,0001,8644,0801900018644,630,6.447305862541213
08,019,0001,8659,0801900018659,1049,6.956545443151569
08,019,0001,8663,0801900018663,121,4.804021044733257
08,019,0001,8678,0801900018678,244,5.501258210544727
08,019,0001,8682,0801900018682,53,3.9889840465642745
08,019,0001,8697,0801900018697,21,3.091042453358316
08,019,0001,870A,080190001870A,31,3.4657359027997265
08,019,0001,8714,0801900018714,60,4.110873864173311
08,019,0001,8729,0801900018729,60,4.110873864173311
08,019,0001,8733,0801900018733,1283,7.157735484249907
08,019,0001,8748,0801900018748,3907,8.270781013162674
08,019,0001,8752,0801900018752,2401,7.784057002639929
08,019,0001,8767,0801900018767,2581,7.856319571406588
08,019,0001,8771,0801900018771,3321,8.10832229017324
08,019,0001,8786,0801900018786,172,5.153291594497779
08,019,0001,8790,0801900018790,0,0.0
08,019,0001,8803,0801900018803,463,6.139884552226255
08,019,0001,8818,0801900018818,535,6.284134161070802
08,019,0001,8822,0801900018822,372,5.921578419643816
08,019,0001,8837,0801900018837,2098,7.649216319820633
08,019,0001,8841,0801900018841,10,2.3978952727983707
08,019,0001,8856,0801900018856,0,0.0
08,019,0001,8860,0801900018860,397,5.986452005284438
08,019,0001,8875,0801900018875,10,2.3978952727983707
08,019,0001,888A,080190001888A,11,2.4849066497880004
08,019,0001,8894,0801900018894,11,2.4849066497880004
08,019,0001,8907,0801900018907,44,3.8066624897703196
08,019,0001,8911,0801900018911,125,4.836281906951478
08,019,0001,8926,0801900018926,22,3.1354942159291497
08,019,0001,8930,0801900018930,21,3.091042453358316
08,019,0001,8945,0801900018945,14,2.70805020110221
08,019,0001,895A,080190001895A,4,1.6094379124341003
08,019,0001,8964,0801900018964,0,0.0
08,019,0001,8979,0801900018979,1,0.6931471805599453
08,019,0001,8983,0801900018983,10,2.3978952727983707
08,019,0001,8998,0801900018998,16,2.833213344056216
08,019,0001,9002,0801900019002,0,0.0
08,019,0001,9017,0801900019017,0,0.0
08,019,0001,9021,0801900019021,0,0.0
08,019,0001,9036,0801900019036,19,2.995732273553991
08,019,0001,9040,0801900019040,121,4.804021044733257
08,019,0001,9055,0801900019055,0,0.0
08,019,0001,906A,080190001906A,194,5.272999558563747
08,019,0001,9074,0801900019074,14,2.70805020110221
08,019,0001,9089,0801900019089,0,0.0
08,019,0001,9093,0801900019093,16,2.833213344056216
08,019,0001,9106,0801900019106,40,3.713572066704308
08,019,0001,9110,0801900019110,20,3.044522437723423
08,019,0001,9125,0801900019125,10,2.3978952727983707
08,019,0001,913A,080190001913A,2,1.0986122886681098
08,019,0001,9144,0801900019144,24,3.2188758248682006
08,019,0001,9159,0801900019159,0,0.0
08,020,0001,0211,0802000010211,1107,7.010311867307229
08,020,0001,0372,0802000010372,638,6.459904454377535
08,020,0001,0387,0802000010387,189,5.247024072160486
08,021,0001,0083,0802100010083,1519,7.326465613840322
08,021,0001,0168,0802100010168,3578,8.182838710766026
08,021,0001,0238,0802100010238,1870,7.534228326274089
08,021,0001,0261,0802100010261,2958,7.99260665240021
08,021,0001,0276,0802100010276,308,5.733341276897746
08,021,0001,0280,0802100010280,0,0.0
08,021,0001,0295,0802100010295,6,1.9459101490553132
08,021,0001,0308,0802100010308,2109,7.6544432264701125
08,021,0001,0312,0802100010312,5,1.791759469228055
08,021,0001,0331,0802100010331,0,0.0
08,021,0001,0346,0802100010346,3785,8.239065331769268
08,021,0001,0350,0802100010350,1112,7.014814351275545
08,021,0001,0365,0802100010365,439,6.0867747269123065
08,021,0001,037A,080210001037A,4600,8.434028950155469
08,021,0001,0384,0802100010384,3377,8.125039097367745
08,021,0001,0399,0802100010399,5143,8.545586265917455
08,021,0001,0416,0802100010416,33,3.5263605246161616
08,021,0001,0420,0802100010420,0,0.0
08,021,0001,0454,0802100010454,1891,7.545389749611823
08,021,0001,0469,0802100010469,1980,7.591357046698551
08,021,0001,0473,0802100010473,1447,7.277938572945661
08,021,0001,0488,0802100010488,1782,7.48605261786314
08,021,0001,0492,0802100010492,955,6.862757913051401
08,021,0001,0505,0802100010505,1561,7.3537223303996315
08,021,0001,051A,080210001051A,1148,7.046647277848756
08,021,0001,0524,0802100010524,1401,7.2456550675945355
08,021,0001,0539,0802100010539,754,6.626717749249025
08,021,0001,0543,0802100010543,797,6.682108597449809
08,021,0001,0558,0802100010558,852,6.748759547491679
08,021,0001,0562,0802100010562,1784,7.487173694213739
08,021,0001,0577,0802100010577,2417,7.790696031174738
08,021,0001,0581,0802100010581,1161,7.057897937411856
08,021,0001,0596,0802100010596,913,6.81783057145415
08,021,0001,0609,0802100010609,283,5.648974238161206
08,021,0001,0613,0802100010613,229,5.438079308923196
08,021,0001,0628,0802100010628,165,5.111987788356544
08,021,0001,0632,0802100010632,1452,7.2813856635702825
08,021,0001,0647,0802100010647,1145,7.044032897274685
08,021,0001,0651,0802100010651,1101,7.004881989712859
08,021,0001,0666,0802100010666,910,6.814542897259958
08,021,0001,0670,0802100010670,714,6.5722825426940075
08,021,0001,0685,0802100010685,579,6.363028103540465
08,021,0001,069A,080210001069A,2477,7.815207062189088
08,021,0001,0702,0802100010702,488,6.192362489474872
08,021,0001,0717,0802100010717,2250,7.719129840906732
08,021,0001,0721,0802100010721,2161,7.6787889981991535
08,021,0001,0736,0802100010736,1221,7.108244139731541
08,021,0001,0740,0802100010740,964,6.872128101338986
08,021,0001,0755,0802100010755,2083,7.642044402873258
08,021,0001,076A,080210001076A,2173,7.684324067681155
08,021,0001,0774,0802100010774,3131,8.049427057110695
08,021,0001,0844,0802100010844,674,6.51471269087253
08,021,0001,0859,0802100010859,2594,7.861341795599989
08,021,0001,0878,0802100010878,2197,7.6953031349635665
08,021,0001,0882,0802100010882,3071,8.030084094267563
08,021,0001,0897,0802100010897,3467,8.151333337900432
08,021,0001,090A,080210001090A,5684,8.645586406184636
08,021,0001,0914,0802100010914,2939,7.986164860332727
08,021,0001,0929,0802100010929,74,4.31748811353631
08,021,0001,0933,0802100010933,124,4.8283137373023015
08,021,0001,0948,0802100010948,60,4.110873864173311
08,021,0001,0952,0802100010952,6,1.9459101490553132
08,021,0001,0967,0802100010967,22,3.1354942159291497
08,021,0001,0971,0802100010971,7,2.0794415416798357
08,021,0001,101A,080210001101A,26,3.295836866004329
08,021,0001,1024,0802100011024,5,1.791759469228055
08,021,0001,1039,0802100011039,271,5.605802066295998
08,021,0001,1043,0802100011043,1187,7.080026499922591
08,021,0001,1058,0802100011058,4495,8.410943391573527
08,021,0001,1147,0802100011147,33,3.5263605246161616
08,021,0001,1151,0802100011151,45,3.828641396489095
08,021,0001,1166,0802100011166,972,6.880384082186005
08,021,0001,1170,0802100011170,1785,7.487733761436444
08,021,0001,1185,0802100011185,14,2.70805020110221
08,021,0001,119A,080210001119A,372,5.921578419643816
08,021,0001,1202,0802100011202,2,1.0986122886681098
08,021,0001,1217,0802100011217,7,2.0794415416798357
08,021,0001,1221,0802100011221,139,4.941642422609304
08,021,0001,1236,0802100011236,2,1.0986122886681098
08,021,0001,1240,0802100011240,7,2.0794415416798357
08,021,0001,1255,0802100011255,106,4.672828834461906
08,021,0001,126A,080210001126A,30,3.4339872044851463
08,021,0001,1274,0802100011274,292,5.680172609017068
08,021,0001,1289,0802100011289,329,5.799092654460526
08,021,0001,1293,0802100011293,394,5.978885764901122
08,021,0001,1306,0802100011306,5167,8.550241045462437
08,021,0001,1310,0802100011310,0,0.0
08,021,0001,1325,0802100011325,4,1.6094379124341003
08,021,0001,133A,080210001133A,2638,7.878155336503324
08,021,0001,1344,0802100011344,1541,7.340835554123275
08,021,0001,1359,0802100011359,1487,7.305188215393037
08,021,0001,1363,0802100011363,112,4.727387818712341
08,021,0001,1378,0802100011378,1,0.6931471805599453
08,021,0001,1382,0802100011382,0,0.0
08,021,0001,1397,0802100011397,0,0.0
08,021,0001,140A,080210001140A,13,2.6390573296152584
08,021,0001,1414,0802100011414,69,4.248495242049359
08,021,0001,1429,0802100011429,65,4.189654742026425
08,021,0001,1433,0802100011433,296,5.6937321388027
08,021,0001,1448,0802100011448,32,3.4965075614664802
08,021,0001,1452,0802100011452,3,1.3862943611198906
08,021,0083,0863,0802100830863,2842,7.952615111651
08,021,0083,1109,0802100831109,8,2.1972245773362196
08,021,0858,1077,0802108581077,1637,7.401231264413015
08,021,0858,1081,0802108581081,1118,7.020190708311925
08,021,0858,1096,0802108581096,1224,7.110696122978827
08,021,0858,1113,0802108581113,0,0.0
08,021,0858,1128,0802108581128,10,2.3978952727983707
08,021,0858,1132,0802108581132,6,1.9459101490553132
08,022,0001,0220,0802200010220,110,4.709530201312334
08,022,0001,0235,0802200010235,81,4.406719247264253
08,022,0001,024A,080220001024A,107,4.68213122712422
08,022,0001,0254,0802200010254,98,4.59511985013459
08,022,0001,0324,0802200010324,45,3.828641396489095
08,023,0001,0158,0802300010158,444,6.09807428216624
08,023,0001,0162,0802300010162,347,5.8522024797744745
08,023,0001,0247,0802300010247,10,2.3978952727983707
08,023,0001,0251,0802300010251,46,3.8501476017100584
08,023,0001,0266,0802300010266,19,2.995732273553991
08,023,0001,0270,0802300010270,29,3.4011973816621555
08,023,0001,0285,0802300010285,2,1.0986122886681098
08,023,0001,029A,080230001029A,18,2.9444389791664403
08,023,0001,0302,0802300010302,11,2.4849066497880004
08,024,0001,0085,0802400010085,562,6.333279628139691
08,024,0001,009A,080240001009A,248,5.517452896464707
08,024,0001,0140,0802400010140,343,5.840641657373398
08,024,0001,0155,0802400010155,160,5.081404364984463
08,024,0001,016A,080240001016A,39,3.6888794541139363
08,024,0001,0174,0802400010174,17,2.8903717578961645
08,024,0001,0189,0802400010189,9,2.302585092994046
08,024,0001,0193,0802400010193,0,0.0
08,024,0001,0206,0802400010206,0,0.0
08,025,0001,0133,0802500010133,968,6.876264611890766
08,025,0001,0148,0802500010148,1005,6.913737350659685
08,025,0001,0152,0802500010152,1043,6.950814768442584
08,025,0001,0167,0802500010167,938,6.844815479208263
08,025,0001,0171,0802500010171,894,6.796823718274855
08,025,0001,0260,0802500010260,394,5.978885764901122
08,025,0001,0275,0802500010275,43,3.784189633918261
08,025,0001,028A,080250001028A,20,3.044522437723423
08,025,0001,0307,0802500010307,2,1.0986122886681098
08,025,0001,0311,0802500010311,3,1.3862943611198906
08,025,0001,0326,0802500010326,14,2.70805020110221
08,025,0001,0330,0802500010330,6,1.9459101490553132
08,026,0001,0094,0802600010094,302,5.713732805509369
08,026,0001,0107,0802600010107,200,5.303304908059076
08,026,0001,0111,0802600010111,134,4.90527477843843
08,026,0001,0126,0802600010126,51,3.9512437185814275
08,026,0001,0130,0802600010130,22,3.1354942159291497
08,026,0001,0145,0802600010145,17,2.8903717578961645
08,027,0001,0922,0802700010922,1314,7.181591944611865
08,027,0001,0937,0802700010937,994,6.902742737158593
08,027,0001,0941,0802700010941,1159,7.05617528410041
08,027,0001,0956,0802700010956,2071,7.6362696033793735
08,027,0001,1348,0802700011348,1285,7.1592919047975645
08,027,0001,1352,0802700011352,821,6.71174039505618
08,027,0001,1367,0802700011367,1135,7.035268599281097
08,027,0001,1371,0802700011371,1155,7.052721049232323
08,027,0001,1386,0802700011386,1609,7.383989457978509
08,027,0001,1437,0802700011437,78,4.3694478524670215
08,027,0001,1511,0802700011511,13,2.6390573296152584
08,027,0001,1545,0802700011545,0,0.0
08,027,0001,155A,080270001155A,11,2.4849066497880004
08,027,0001,1564,0802700011564,0,0.0
08,027,0001,1579,0802700011579,35,3.58351893845611
08,027,0001,1583,0802700011583,84,4.442651256490317
08,027,0001,1598,0802700011598,938,6.844815479208263
08,027,0001,1600,0802700011600,846,6.741700694652055
08,027,0001,1615,0802700011615,407,6.0112671744041615
08,027,0001,162A,080270001162A,7,2.0794415416798357
08,027,0001,1634,0802700011634,14,2.70805020110221
08,027,0001,1649,0802700011649,33,3.5263605246161616
08,027,0001,1653,0802700011653,9,2.302585092994046
08,027,0001,1668,0802700011668,5,1.791759469228055
08,027,0001,1672,0802700011672,372,5.921578419643816
08,027,0001,1687,0802700011687,4,1.6094379124341003
08,027,0001,1691,0802700011691,37,3.6375861597263857
08,027,0001,1704,0802700011704,4,1.6094379124341003
08,027,0001,1719,0802700011719,19,2.995732273553991
08,027,0001,1723,0802700011723,7,2.0794415416798357
08,027,0001,1738,0802700011738,47,3.871201010907891
08,028,0001,0614,0802800010614,1198,7.089243155027514
08,028,0001,0629,0802800010629,1167,7.0630481633881725
08,028,0001,1082,0802800011082,553,6.317164686747284
08,028,0001,110A,080280001110A,53,3.9889840465642745
08,028,0001,1114,0802800011114,4,1.6094379124341003
08,028,0001,1129,0802800011129,0,0.0
08,028,0001,1133,0802800011133,6,1.9459101490553132
08,028,0001,1148,0802800011148,11,2.4849066497880004
08,028,0001,1152,0802800011152,0,0.0
08,028,0001,1167,0802800011167,8,2.1972245773362196
08,028,0001,1171,0802800011171,0,0.0
08,028,0001,1186,0802800011186,7,2.0794415416798357
08,028,0001,1190,0802800011190,15,2.772588722239781
08,029,0001,161A,080290001161A,1191,7.083387847625295
08,029,0001,1624,0802900011624,2161,7.6787889981991535
08,029,0001,1639,0802900011639,42,3.7612001156935624
08,029,0001,1643,0802900011643,13,2.6390573296152584
08,029,0001,1658,0802900011658,4,1.6094379124341003
08,029,0001,1662,0802900011662,10,2.3978952727983707
08,029,0001,1677,0802900011677,9,2.302585092994046
08,029,0001,1681,0802900011681,3,1.3862943611198906
08,029,0001,1696,0802900011696,0,0.0
08,029,0001,1709,0802900011709,37,3.6375861597263857
08,029,0001,1713,0802900011713,123,4.820281565605037
08,029,0001,1728,0802900011728,41,3.7376696182833684
08,029,0001,1732,0802900011732,5,1.791759469228055
08,029,0001,1747,0802900011747,47,3.871201010907891
08,029,0001,1751,0802900011751,166,5.117993812416755
08,029,0001,1766,0802900011766,850,6.7464121285733745
08,029,0001,1770,0802900011770,96,4.574710978503383
08,029,0001,1785,0802900011785,27,3.332204510175204
08,029,0001,186A,080290001186A,572,6.35088571671474
08,029,0001,1874,0802900011874,102,4.634728988229636
08,029,0001,1906,0802900011906,10,2.3978952727983707
08,029,0001,1910,0802900011910,37,3.6375861597263857
08,029,0001,1925,0802900011925,70,4.2626798770413155
08,029,0001,193A,080290001193A,0,0.0
08,029,0001,1944,0802900011944,67,4.219507705176107
08,029,0001,1959,0802900011959,68,4.23410650459726
08,029,0001,1963,0802900011963,16,2.833213344056216
08,029,0001,1978,0802900011978,49,3.912023005428146
08,029,0015,1840,0802900151840,1286,7.160069207596127
08,029,0015,1855,0802900151855,1565,7.356279876550748
08,029,0015,1889,0802900151889,328,5.796057750765372
08,029,0015,1893,0802900151893,115,4.7535901911063645
08,030,0001,0504,0803000010504,986,6.894670039433482
08,030,0001,0519,0803000010519,604,6.405228458030842
08,030,0001,0523,0803000010523,78,4.3694478524670215
08,030,0001,0538,0803000010538,341,5.834810737062605
08,030,0001,0542,0803000010542,44,3.8066624897703196
08,030,0001,0557,0803000010557,0,0.0
08,031,0001,0588,0803100010588,1055,6.962243464266207
08,031,0001,0592,0803100010592,1250,7.1316985104669115
08,031,0001,0605,0803100010605,684,6.529418838262226
08,031,0001,061A,080310001061A,1100,7.00397413672268
08,031,0001,1266,0803100011266,400,5.993961427306569
08,031,0001,1270,0803100011270,475,6.16541785423142
08,031,0001,1285,0803100011285,574,6.354370040797351
08,031,0001,1355,0803100011355,47,3.871201010907891
08,031,0001,136A,080310001136A,31,3.4657359027997265
08,031,0001,1374,0803100011374,4,1.6094379124341003
08,031,0001,1389,0803100011389,767,6.643789733147672
08,031,0001,1393,0803100011393,549,6.309918278226516
08,031,0001,1406,0803100011406,6,1.9459101490553132
08,031,0001,1410,0803100011410,0,0.0
08,031,0001,1425,0803100011425,21,3.091042453358316
08,031,0001,143A,080310001143A,18,2.9444389791664403
08,031,0001,1444,0803100011444,26,3.295836866004329
08,031,0001,1463,0803100011463,0,0.0
08,031,0001,1478,0803100011478,345,5.846438775057725
08,031,0001,150A,080310001150A,10,2.3978952727983707
08,031,0001,1514,0803100011514,16,2.833213344056216
08,031,0001,1529,0803100011529,41,3.7376696182833684
08,031,0001,1533,0803100011533,46,3.8501476017100584
08,031,0001,1548,0803100011548,1,0.6931471805599453
08,031,0001,1552,0803100011552,6,1.9459101490553132
08,031,0001,1571,0803100011571,255,5.545177444479562
08,031,0001,1586,0803100011586,3,1.3862943611198906
08,031,0001,1590,0803100011590,21,3.091042453358316
08,031,0003,0535,0803100030535,515,6.246106765481563
08,031,0003,0624,0803100030624,643,6.467698726104354
08,031,0003,0639,0803100030639,541,6.295266001439646
08,031,0003,0643,0803100030643,509,6.234410725718371
08,031,0003,0658,0803100030658,264,5.579729825986222
08,031,0003,0662,0803100030662,196,5.2832037287379885
08,031,0003,0677,0803100030677,181,5.204006687076795
08,031,0003,0681,0803100030681,568,6.343880434126331
08,031,0003,0696,0803100030696,386,5.958424693029782
08,031,0003,0709,0803100030709,762,6.637258031284457
08,031,0003,0713,0803100030713,485,6.186208623900494
08,031,0003,0728,0803100030728,426,6.056784013228625
08,031,0003,0732,0803100030732,857,6.754604099487962
08,031,0003,0747,0803100030747,525,6.26530121273771
08,031,0003,0751,0803100030751,432,6.07073772800249
08,031,0003,0770,0803100030770,237,5.472270673671475
08,031,0003,129A,080310003129A,440,6.089044875446846
08,031,0003,1302,0803100031302,131,4.882801922586371
08,031,0003,1317,0803100031317,168,5.1298987149230735
08,031,0003,1336,0803100031336,312,5.746203190540153
08,031,0003,1340,0803100031340,343,5.840641657373398
08,031,0003,1482,0803100031482,2,1.0986122886681098
08,031,0003,1497,0803100031497,0,0.0
08,031,0003,1567,0803100031567,7,2.0794415416798357
08,031,0003,1622,0803100031622,0,0.0
08,031,0128,1459,0803101281459,2774,7.928406026180535
08,031,0128,1603,0803101281603,36,3.6109179126442243
08,031,0128,1618,0803101281618,8,2.1972245773362196
08,032,0001,0373,0803200010373,920,6.825460036255307
08,032,0001,0388,0803200010388,1324,7.1891677384203225
08,032,0001,0392,0803200010392,804,6.690842277418564
08,032,0001,0405,0803200010405,1916,7.558516743045645
08,032,0001,041A,080320001041A,1385,7.234177179749849
08,032,0001,0424,0803200010424,2351,7.763021309018518
08,032,0001,0443,0803200010443,1741,7.462789157412448
08,032,0001,0458,0803200010458,2115,7.65728279297819
08,032,0001,0462,0803200010462,1462,7.288244401020124
08,032,0001,0509,0803200010509,1470,7.293697720601438
08,032,0001,0513,0803200010513,1194,7.085901464365611
08,032,0001,0528,0803200010528,1913,7.5569505720129
08,032,0001,0532,0803200010532,1107,7.010311867307229
08,032,0001,0547,0803200010547,508,6.2324480165505225
08,032,0001,0551,0803200010551,2423,7.793174347189205
08,032,0001,0570,0803200010570,1301,7.171656822768514
08,032,0001,059A,080320001059A,2044,7.623153068476902
08,032,0001,0602,0803200010602,1619,7.3901814282264295
08,032,0001,0621,0803200010621,27,3.332204510175204
08,032,0001,0636,0803200010636,2403,7.784889295655098
08,032,0001,0640,0803200010640,4167,8.335191583433202
08,032,0001,0655,0803200010655,1791,7.491087593534876
08,032,0001,066A,080320001066A,2194,7.693937325509272
08,032,0001,0674,0803200010674,994,6.902742737158593
08,032,0001,0689,0803200010689,1458,7.285506548522785
08,032,0001,0693,0803200010693,2040,7.621195162809845
08,032,0001,0710,0803200010710,2665,7.888334500738654
08,032,0001,0725,0803200010725,2102,7.6511201757027
08,032,0001,073A,080320001073A,2457,7.80710329012598
08,032,0001,0744,0803200010744,1019,6.927557906278317
08,032,0001,0759,0803200010759,3114,8.043984431221553
08,032,0001,0763,0803200010763,1765,7.476472381163905
08,032,0001,0778,0803200010778,3949,8.281470857895167
08,032,0001,0782,0803200010782,3223,8.07837810362652
08,032,0001,0960,0803200010960,15,2.772588722239781
08,032,0001,0975,0803200010975,1542,7.341483852363161
08,032,0001,098A,080320001098A,957,6.86484777797086
08,032,0001,0994,0803200010994,1148,7.046647277848756
08,032,0001,1009,0803200011009,1738,7.461065514354283
08,032,0001,1013,0803200011013,1834,7.51479976048867
08,032,0001,1028,0803200011028,1664,7.417580402414544
08,032,0001,1032,0803200011032,2207,7.699842407396986
08,032,0001,1047,0803200011047,2362,7.767687277186908
08,032,0001,1051,0803200011051,2831,7.94873845481361
08,032,0001,1066,0803200011066,2233,7.711548979629146
08,032,0001,1070,0803200011070,2184,7.68937110752969
08,032,0001,1085,0803200011085,2368,7.7702232041587855
08,032,0001,1117,0803200011117,0,0.0
08,032,0001,1121,0803200011121,67,4.219507705176107
08,032,0001,1136,0803200011136,745,6.61472560020376
08,032,0001,116A,080320001116A,2074,7.637716432664798
08,032,0001,1174,0803200011174,2793,7.935229539816907
08,032,0001,1189,0803200011189,2746,7.918264686095274
08,032,0001,1193,0803200011193,670,6.508769136971682
08,032,0001,1206,0803200011206,645,6.470799503782602
08,032,0001,1210,0803200011210,8,2.1972245773362196
08,032,0001,1225,0803200011225,14,2.70805020110221
08,032,0001,123A,080320001123A,0,0.0
08,032,0001,1244,0803200011244,46,3.8501476017100584
08,032,0001,1263,0803200011263,5,1.791759469228055
08,032,0001,1278,0803200011278,52,3.970291913552122
08,032,0001,1282,0803200011282,1343,7.203405521083095
08,032,0001,1297,0803200011297,803,6.6895992691789665
08,032,0001,130A,080320001130A,4,1.6094379124341003
08,032,0001,1333,0803200011333,3,1.3862943611198906
08,032,0001,1348,0803200011348,2110,7.65491704784832
08,032,0001,1352,0803200011352,147,4.997212273764115
08,032,0001,1367,0803200011367,80,4.394449154672439
08,032,0001,1371,0803200011371,2108,7.653969180478774
08,032,0001,1386,0803200011386,207,5.337538079701318
08,032,0001,1390,0803200011390,51,3.9512437185814275
08,032,0001,1403,0803200011403,85,4.454347296253507
08,032,0001,1418,0803200011418,0,0.0
08,032,0001,1422,0803200011422,1063,6.96979066990159
08,032,0001,1437,0803200011437,529,6.272877006546167
08,032,0001,1441,0803200011441,283,5.648974238161206
08,032,0001,1456,0803200011456,0,0.0
08,032,0001,1460,0803200011460,82,4.418840607796598
08,032,0001,1475,0803200011475,25,3.258096538021482
08,032,0001,148A,080320001148A,0,0.0
08,033,0001,0120,0803300010120,243,5.497168225293202
08,034,0001,0289,0803400010289,702,6.555356891810665
08,034,0001,0467,0803400010467,194,5.272999558563747
08,034,0001,0471,0803400010471,157,5.062595033026967
08,034,0001,0486,0803400010486,299,5.703782474656201
08,034,0001,0490,0803400010490,286,5.659482215759621
08,034,0001,0503,0803400010503,401,5.996452088619021
08,034,0001,0518,0803400010518,326,5.7899601708972535
08,034,0001,0522,0803400010522,279,5.634789603169249
08,034,0001,0537,0803400010537,0,0.0
08,034,0001,0541,0803400010541,450,6.111467339502679
08,034,0001,0556,0803400010556,53,3.9889840465642745
08,034,0001,0560,0803400010560,0,0.0
08,034,0001,0575,0803400010575,27,3.332204510175204
08,034,0001,058A,080340001058A,5,1.791759469228055
08,034,0001,0594,0803400010594,73,4.30406509320417
08,034,0001,0607,0803400010607,96,4.574710978503383
08,034,0001,0611,0803400010611,7,2.0794415416798357
08,034,0001,0626,0803400010626,43,3.784189633918261
08,034,0001,0630,0803400010630,9,2.302585092994046
08,034,0001,0645,0803400010645,23,3.1780538303479458
08,034,0001,065A,080340001065A,49,3.912023005428146
08,034,0001,0664,0803400010664,39,3.6888794541139363
08,035,0001,0604,0803500010604,485,6.186208623900494
08,035,0001,1034,0803500011034,421,6.045005314036012
08,035,0001,1049,0803500011049,332,5.808142489980444
08,035,0001,1053,0803500011053,296,5.6937321388027
08,035,0001,1091,0803500011091,208,5.342334251964811
08,035,0001,1104,0803500011104,0,0.0
08,035,0001,1119,0803500011119,11,2.4849066497880004
08,035,0001,1123,0803500011123,44,3.8066624897703196
08,035,0001,1138,0803500011138,16,2.833213344056216
08,035,0001,1142,0803500011142,15,2.772588722239781
08,035,0001,1157,0803500011157,384,5.953243334287785
08,035,0001,1161,0803500011161,415,6.030685260261263
08,035,0001,1176,0803500011176,11,2.4849066497880004
08,035,0001,1180,0803500011180,13,2.6390573296152584
08,035,0001,1195,0803500011195,8,2.1972245773362196
08,035,0001,1208,0803500011208,6,1.9459101490553132
08,035,0001,1212,0803500011212,15,2.772588722239781
08,035,0001,1227,0803500011227,6,1.9459101490553132
08,035,0001,1231,0803500011231,43,3.784189633918261
08,035,0001,1246,0803500011246,0,0.0
08,035,0001,1250,0803500011250,0,0.0
08,035,0001,1265,0803500011265,9,2.302585092994046
08,036,0001,1296,0803600011296,1291,7.163946684342547
08,036,0001,1309,0803600011309,812,6.70073110954781
08,036,0001,1313,0803600011313,1179,7.07326971745971
08,036,0001,1328,0803600011328,860,6.7580945044277305
08,036,0001,1332,0803600011332,1319,7.1853870155804165
08,036,0001,1347,0803600011347,342,5.8377304471659395
08,036,0001,1351,0803600011351,1580,7.365812837209472
08,036,0001,1366,0803600011366,1456,7.284134806195205
08,036,0001,1370,0803600011370,1700,7.438971592395862
08,036,0001,1385,0803600011385,925,6.8308742346461795
08,036,0001,139A,080360001139A,2421,7.792348924113037
08,036,0001,1402,0803600011402,1823,7.508787170634276
08,036,0001,1417,0803600011417,1764,7.475905969367397
08,036,0001,1421,0803600011421,486,6.18826412308259
08,036,0001,1436,0803600011436,1671,7.421775793644647
08,036,0001,1440,0803600011440,2397,7.7823903355874595
08,036,0001,1455,0803600011455,876,6.776506992372183
08,036,0001,1474,0803600011474,3001,8.007034012193408
08,036,0001,2383,0803600012383,232,5.4510384535657
08,036,0001,2398,0803600012398,64,4.174387269895637
08,036,0001,2400,0803600012400,841,6.7357800142423265
08,036,0001,2415,0803600012415,1618,7.389563953677635
08,036,0001,242A,080360001242A,1251,7.132497551660044
08,036,0001,2434,0803600012434,3422,8.138272638530186
08,036,0001,2449,0803600012449,57,4.060443010546419
08,036,0001,2453,0803600012453,0,0.0
08,036,0001,2468,0803600012468,12,2.5649493574615367
08,036,0001,2472,0803600012472,881,6.782192056006791
08,037,0001,0401,0803700010401,0,0.0
08,037,0001,0416,0803700010416,2342,7.759187438507795
08,037,0001,0435,0803700010435,619,6.429719478039138
08,037,0001,0454,0803700010454,2153,7.675081857716334
08,037,0001,0469,0803700010469,609,6.413458957167357
08,037,0001,0473,0803700010473,1378,7.229113877793302
08,037,0001,0492,0803700010492,2753,7.9208096792886
08,037,0001,0505,0803700010505,1841,7.518607216815252
08,037,0001,0524,0803700010524,1541,7.340835554123275
08,037,0001,0539,0803700010539,1003,6.911747300251674
08,037,0001,0543,0803700010543,2450,7.804251383528112
08,037,0001,0558,0803700010558,1312,7.180069874302796
08,037,0001,0562,0803700010562,1139,7.038783541388542
08,037,0001,0581,0803700010581,1098,7.002155954403621
08,037,0001,0613,0803700010613,1112,7.014814351275545
08,037,0001,0628,0803700010628,1257,7.1372784372603855
08,037,0001,0632,0803700010632,846,6.741700694652055
08,037,0001,0647,0803700010647,1554,7.349230824613334
08,037,0001,0651,0803700010651,1115,7.017506142941256
08,037,0001,0666,0803700010666,1955,7.578656850594762
08,037,0001,0670,0803700010670,1735,7.459338895220296
08,037,0001,0685,0803700010685,1723,7.452402451223638
08,037,0001,069A,080370001069A,1061,6.967909201801884
08,037,0001,0702,0803700010702,2728,7.911690520708339
08,037,0001,0717,0803700010717,3014,8.011355109161286
08,037,0001,0721,0803700010721,1649,7.408530566894626
08,037,0001,0736,0803700010736,2680,7.893945138235959
08,037,0001,0740,0803700010740,1497,7.311886164077165
08,037,0001,0774,0803700010774,725,6.587550014824796
08,037,0001,0789,0803700010789,1146,7.044905117129371
08,037,0001,0793,0803700010793,1587,7.370230641807081
08,037,0001,0806,0803700010806,1091,6.9957661563048505
08,037,0001,0810,0803700010810,1154,7.051855622955894
08,037,0001,0825,0803700010825,639,6.461468176353717
08,037,0001,083A,080370001083A,199,5.298317366548036
08,037,0001,0844,0803700010844,981,6.889591308354466
08,037,0001,0859,0803700010859,1099,7.003065458786462
08,037,0001,0863,0803700010863,2124,7.661527081358517
08,037,0001,0878,0803700010878,2631,7.875499292445208
08,037,0001,0897,0803700010897,1413,7.254177846456518
08,037,0001,090A,080370001090A,1436,7.270312886079025
08,037,0001,0914,0803700010914,1270,7.147559271189454
08,037,0001,0929,0803700010929,2084,7.642524134232902
08,037,0001,0967,0803700010967,1045,6.952728644624869
08,037,0001,0971,0803700010971,1228,7.113956109566034
08,037,0001,0986,0803700010986,863,6.761572768804055
08,037,0001,0990,0803700010990,1166,7.062191632286556
08,037,0001,1005,0803700011005,496,6.208590026096629
08,037,0001,101A,080370001101A,1763,7.475339236566737
08,037,0001,1043,0803700011043,1966,7.584264818389059
08,037,0001,1058,0803700011058,1158,7.055312843339752
08,037,0001,1062,0803700011062,1165,7.061334366910438
08,037,0001,1077,0803700011077,1736,7.459914766241105
08,037,0001,1081,0803700011081,1007,6.915723448631314
08,037,0001,1096,0803700011096,1013,6.921658184151129
08,037,0001,1109,0803700011109,634,6.453624998892692
08,037,0001,1113,0803700011113,2161,7.6787889981991535
08,037,0001,1147,0803700011147,2397,7.7823903355874595
08,037,0001,1151,0803700011151,2414,7.789454566086673
08,037,0001,1166,0803700011166,1819,7.506591780070841
08,037,0001,1170,0803700011170,1270,7.147559271189454
08,037,0001,1185,0803700011185,1383,7.232733136177615
08,037,0001,119A,080370001119A,1544,7.3427791893318455
08,037,0001,1202,0803700011202,1223,7.1098794630722715
08,037,0001,1217,0803700011217,1135,7.035268599281097
08,037,0001,1221,0803700011221,962,6.870053411798126
08,037,0001,1236,0803700011236,1399,7.24422751560335
08,037,0001,1240,0803700011240,1477,7.298445101508147
08,037,0001,1274,0803700011274,1145,7.044032897274685
08,037,0001,1289,0803700011289,1024,6.932447891572509
08,037,0001,1293,0803700011293,1198,7.089243155027514
08,037,0001,1306,0803700011306,1171,7.066466970136958
08,037,0001,1310,0803700011310,1453,7.282073658093465
08,037,0001,1325,0803700011325,1554,7.349230824613334
08,037,0001,133A,080370001133A,1149,7.047517221357296
08,037,0001,1344,0803700011344,1117,7.0192966537150445
08,037,0001,1359,0803700011359,1299,7.170119543449628
08,037,0001,1363,0803700011363,1689,7.432483807917119
08,037,0001,1378,0803700011378,909,6.813444599510896
08,037,0001,1382,0803700011382,1234,7.118826249062078
08,037,0001,1397,0803700011397,1418,7.257707677160043
08,037,0001,1414,0803700011414,1329,7.1929342212158
08,037,0001,1429,0803700011429,2338,7.757478766584179
08,037,0001,1433,0803700011433,2160,7.6783263565068856
08,037,0001,1448,0803700011448,2914,7.977625098784593
08,037,0001,1452,0803700011452,2730,7.912423121473705
08,037,0001,1467,0803700011467,4738,8.463581421967588
08,037,0001,1471,0803700011471,3462,8.149890544402423
08,037,0001,1503,0803700011503,2781,7.930925372483388
08,037,0001,1518,0803700011518,1143,7.042286171939743
08,037,0001,1575,0803700011575,3227,8.07961802938984
08,037,0001,158A,080370001158A,2848,7.954723334497908
08,037,0001,1594,0803700011594,2767,7.92588031673756
08,037,0001,1611,0803700011611,3012,8.0106915391303
08,037,0001,1626,0803700011626,1679,7.426549072397305
08,037,0001,1683,0803700011683,3539,8.17188200612782
08,037,0001,1698,0803700011698,2288,7.735870319952567
08,037,0001,1700,0803700011700,2719,7.908387159290043
08,037,0001,1715,0803700011715,3059,8.026170194946426
08,037,0001,172A,080370001172A,1495,7.310550158534422
08,037,0001,1734,0803700011734,1330,7.193685818395112
08,037,0001,1749,0803700011749,985,6.893656354602635
08,037,0001,1753,0803700011753,2766,7.925518979786926
08,037,0001,1768,0803700011768,1315,7.182352111885263
08,037,0001,1772,0803700011772,1544,7.3427791893318455
08,037,0001,1787,0803700011787,2061,7.631431664576906
08,037,0001,1791,0803700011791,2737,7.914983005848394
08,037,0001,1804,0803700011804,2620,7.8713112033234065
08,037,0001,1819,0803700011819,1669,7.4205789054108005
08,037,0001,1823,0803700011823,3352,8.117610746466228
08,037,0001,1838,0803700011838,4221,8.348064228408266
08,037,0001,1842,0803700011842,4379,8.384804003370492
08,037,0001,1857,0803700011857,2045,7.6236419465115715
08,037,0001,1876,0803700011876,2810,7.941295570906532
08,037,0001,1880,0803700011880,2018,7.610357618312838
08,037,0001,2003,0803700012003,1920,7.560601162768557
08,037,0001,2041,0803700012041,2711,7.905441649060286
08,037,0001,2056,0803700012056,2282,7.733245646529795
08,037,0001,2075,0803700012075,1888,7.543802867501509
08,037,0001,208A,080370001208A,2453,7.805474625270857
08,037,0001,2094,0803700012094,4995,8.516392871245468
08,037,0001,2111,0803700012111,5493,8.611411866655219
08,037,0001,2126,0803700012126,1170,7.065613363597717
08,037,0001,2164,0803700012164,3466,8.151044945685024
08,037,0001,2198,0803700012198,2882,7.9665866976384025
08,037,0001,2200,0803700012200,1743,7.463936604468925
08,037,0001,222A,080370001222A,984,6.892641641172089
08,037,0001,2234,0803700012234,2974,7.99799931797973
08,037,0001,2249,0803700012249,3939,8.27893600229198
08,037,0001,2253,0803700012253,4117,8.323122887587735
08,037,0001,2268,0803700012268,2708,7.904334842085095
08,037,0001,2272,0803700012272,4898,8.496786381638575
08,037,0001,2291,0803700012291,277,5.627621113690637
08,037,0001,2319,0803700012319,5800,8.665785595466064
08,037,0001,2338,0803700012338,3957,8.28349412616251
08,037,0001,2342,0803700012342,1092,6.996681488176539
08,037,0001,2357,0803700012357,11,2.4849066497880004
08,037,0001,2361,0803700012361,3550,8.174984532943087
08,037,0001,2376,0803700012376,1916,7.558516743045645
08,037,0001,2395,0803700012395,3873,8.262042843966942
08,037,0001,2412,0803700012412,1956,7.579167967396076
08,037,0001,2450,0803700012450,1571,7.360103972989152
08,037,0001,2465,0803700012465,1059,6.966024187106113
08,037,0001,2484,0803700012484,1881,7.540090320145325
08,037,0001,2499,0803700012499,2935,7.984803389734406
08,037,0001,2516,0803700012516,1293,7.165493475060845
08,037,0001,2520,0803700012520,28,3.367295829986474
08,037,0001,254A,080370001254A,226,5.424950017481403
08,037,0001,2573,0803700012573,1094,6.9985096422506015
08,037,0001,2588,0803700012588,1131,7.0317412587631285
08,037,0001,2592,0803700012592,1453,7.282073658093465
08,037,0001,2605,0803700012605,1567,7.357556200910353
08,037,0001,261A,080370001261A,969,6.877296071497429
08,037,0001,2624,0803700012624,1129,7.029972911706386
08,037,0001,2639,0803700012639,914,6.818924065275521
08,037,0001,2643,0803700012643,1209,7.098375638590786
08,037,0001,2658,0803700012658,625,6.439350371100098
08,037,0001,2662,0803700012662,741,6.60934924316738
08,037,0001,2677,0803700012677,1645,7.406103381237015
08,037,0001,2681,0803700012681,1026,6.934397209928558
08,037,0001,2696,0803700012696,1891,7.545389749611823
08,037,0001,2709,0803700012709,1214,7.102499355774649
08,037,0001,2713,0803700012713,2137,7.6676260915849905
08,037,0001,2728,0803700012728,1192,7.084226422097916
08,037,0001,2732,0803700012732,2098,7.649216319820633
08,037,0001,2747,0803700012747,3641,8.200288260287554
08,037,0001,2751,0803700012751,2334,7.755767170102998
08,037,0001,2766,0803700012766,2910,7.976251943745623
08,037,0001,2770,0803700012770,3214,8.07558263667172
08,037,0001,2817,0803700012817,1191,7.083387847625295
08,037,0001,2821,0803700012821,1485,7.303843225277705
08,037,0001,2836,0803700012836,2835,7.950149887652018
08,037,0001,2840,0803700012840,1605,7.381501894506707
08,037,0001,2874,0803700012874,402,5.998936561946683
08,037,0001,2889,0803700012889,68,4.23410650459726
08,037,0001,2906,0803700012906,3271,8.093156697722637
08,037,0001,2925,0803700012925,3824,8.249313746260636
08,037,0001,293A,080370001293A,2080,7.640603826393634
08,037,0001,2959,0803700012959,2050,7.62608275807238
08,037,0001,2963,0803700012963,2785,7.932362154339751
08,037,0001,2978,0803700012978,1789,7.489970898834801
08,037,0001,2982,0803700012982,1817,7.505492274737424
08,037,0001,3266,0803700013266,1264,7.142827401161621
08,037,0001,3270,0803700013270,2771,7.927324360309794
08,037,0001,3302,0803700013302,3943,8.279950715722526
08,037,0001,3321,0803700013321,4031,8.302017809751204
08,037,0001,3355,0803700013355,1372,7.224753405767971
08,037,0001,336A,080370001336A,1189,7.081708586105575
08,037,0001,3406,0803700013406,810,6.698268054115413
08,037,0001,3444,0803700013444,1374,7.226209010100671
08,037,0001,3459,0803700013459,789,6.672032945461067
08,037,0001,3463,0803700013463,1490,7.307202314764738
08,037,0001,3478,0803700013478,1892,7.545918151209323
08,037,0001,3482,0803700013482,3389,8.128585200374497
08,037,0001,350A,080370001350A,1245,7.1276936993473985
08,037,0001,3514,0803700013514,1214,7.102499355774649
08,037,0001,3529,0803700013529,2273,7.729295674310482
08,037,0001,3533,0803700013533,2097,7.6487397889562425
08,037,0001,3548,0803700013548,1172,7.067319848653476
08,037,0001,3552,0803700013552,950,6.85751406254539
08,037,0001,3567,0803700013567,1069,6.975413927455952
08,037,0001,3571,0803700013571,944,6.851184927493743
08,037,0001,3586,0803700013586,1067,6.97354301952014
08,037,0001,3590,0803700013590,1397,7.242797922793756
08,037,0001,3603,0803700013603,1861,7.529406457837013
08,037,0001,3618,0803700013618,1129,7.029972911706386
08,037,0001,3622,0803700013622,1000,6.90875477931522
08,037,0001,3637,0803700013637,854,6.75110146893676
08,037,0001,3641,0803700013641,974,6.882437470997847
08,037,0001,3656,0803700013656,1009,6.917705609835305
08,037,0001,3660,0803700013660,1209,7.098375638590786
08,037,0001,3675,0803700013675,1127,7.028201432058005
08,037,0001,368A,080370001368A,707,6.56244409369372
08,037,0001,3694,0803700013694,654,6.484635235635252
08,037,0001,3707,0803700013707,2164,7.68017564043659
08,037,0001,3711,0803700013711,2422,7.792761720816526
08,037,0001,3726,0803700013726,1280,7.155396301896734
08,037,0001,3730,0803700013730,1392,7.239214973779806
08,037,0001,3745,0803700013745,1338,7.199678345691172
08,037,0001,375A,080370001375A,1725,7.453561871643373
08,037,0001,3764,0803700013764,1398,7.243512974665482
08,037,0001,3779,0803700013779,1527,7.331714969726466
08,037,0001,3783,0803700013783,1946,7.5740450053721995
08,037,0001,3798,0803700013798,1529,7.333023014386481
08,037,0001,3800,0803700013800,3054,8.024534871605695
08,037,0001,3815,0803700013815,2199,7.696212639346407
08,037,0001,382A,080370001382A,2887,7.968319500012717
08,037,0001,3834,0803700013834,3426,8.139440521874608
08,037,0001,3849,0803700013849,2413,7.789040401657477
08,037,0001,3853,0803700013853,2595,7.86172707782398
08,037,0001,3868,0803700013868,2473,7.813591552952433
08,037,0001,3872,0803700013872,1265,7.143617602704121
08,037,0001,3887,0803700013887,1704,7.4413203897176174
08,037,0001,3891,0803700013891,1618,7.389563953677635
08,037,0001,3904,0803700013904,2866,7.96102146588337
08,037,0001,3919,0803700013919,3034,8.017966703493599
08,037,0001,3923,0803700013923,1637,7.401231264413015
08,037,0001,3938,0803700013938,1406,7.249215057114389
08,037,0001,3942,0803700013942,2529,7.835974581721566
08,037,0001,3957,0803700013957,3564,8.178919332848396
08,037,0001,3961,0803700013961,3278,8.095293776844649
08,037,0001,3976,0803700013976,2519,7.832014180505469
08,037,0001,3980,0803700013980,4906,8.498418036089904
08,037,0001,3995,0803700013995,3155,8.057060681965766
08,037,0001,400A,080370001400A,3016,8.012018239159062
08,037,0001,4014,0803700014014,1888,7.543802867501509
08,037,0001,4029,0803700014029,1958,7.580189417944541
08,037,0001,4033,0803700014033,1423,7.261225091971921
08,037,0001,4048,0803700014048,1209,7.098375638590786
08,037,0001,4052,0803700014052,1849,7.52294091807237
08,037,0001,4067,0803700014067,1892,7.545918151209323
08,037,0001,4071,0803700014071,2693,7.898782356970309
08,037,0001,4086,0803700014086,2295,7.738923757439457
08,037,0001,4090,0803700014090,2920,7.979681302387741
08,037,0001,4103,0803700014103,3234,8.081784206935001
08,037,0001,4118,0803700014118,1714,7.44716835960004
08,037,0001,4122,0803700014122,2232,7.711101251840158
08,037,0001,4137,0803700014137,1844,7.520234556474628
08,037,0001,4141,0803700014141,2283,7.7336835707759
08,037,0001,4156,0803700014156,1579,7.365180126021013
08,037,0001,4160,0803700014160,1923,7.562161631225652
08,037,0001,4175,0803700014175,2760,7.923348211930154
08,037,0001,418A,080370001418A,2855,7.957177323459475
08,037,0001,4194,0803700014194,2230,7.7102051944325325
08,037,0001,4207,0803700014207,5349,8.584851839890053
08,037,0001,4211,0803700014211,4903,8.497806477616047
08,037,0001,4226,0803700014226,2409,7.787382026484701
08,037,0001,4230,0803700014230,2027,7.614805364711073
08,037,0001,4245,0803700014245,2714,7.906547232368036
08,037,0001,425A,080370001425A,4029,8.301521654940728
08,037,0001,4264,0803700014264,2462,7.809135398120538
08,037,0001,4283,0803700014283,3076,8.031710375322042
08,037,0001,4298,0803700014298,2916,7.978310969867722
08,037,0001,4300,0803700014300,2917,7.978653729082731
08,037,0001,4315,0803700014315,4044,8.305236829492593
08,037,0001,432A,080370001432A,3075,8.031385330625534
08,037,0001,4334,0803700014334,4625,8.439447842791385
08,037,0001,4349,0803700014349,3583,8.18423477409482
08,037,0001,4353,0803700014353,1839,7.517520850603031
08,037,0001,4368,0803700014368,4975,8.512381634419015
08,037,0001,4372,0803700014372,2457,7.80710329012598
08,037,0001,4387,0803700014387,1994,7.598399329323964
08,037,0001,4419,0803700014419,3376,8.124743020385568
08,037,0001,4423,0803700014423,1900,7.550135342488429
08,037,0001,4438,0803700014438,4616,8.43750042250699
08,037,0001,4442,0803700014442,4844,8.485702524324866
08,037,0001,4457,0803700014457,2966,7.995306620290822
08,037,0001,4461,0803700014461,3611,8.192016914536875
08,037,0001,4476,0803700014476,1935,7.568379267836522
08,037,0001,4480,0803700014480,2081,7.641084249174914
08,037,0001,4495,0803700014495,2080,7.640603826393634
08,037,0001,4508,0803700014508,1895,7.547501682814967
08,037,0001,4512,0803700014512,3983,8.290041618704489
08,037,0001,4527,0803700014527,4351,8.378390788535778
08,037,0001,4531,0803700014531,3960,8.284251797621916
08,037,0001,4546,0803700014546,3016,8.012018239159062
08,037,0001,4550,0803700014550,6179,8.729073550451737
08,037,0001,4565,0803700014565,6712,8.811801223938751
08,037,0001,457A,080370001457A,3209,8.07402621612406
08,037,0001,4584,0803700014584,4773,8.470939806898775
08,037,0001,4599,0803700014599,2233,7.711548979629146
08,037,0001,4616,0803700014616,1988,7.5953872788539725
08,037,0001,4620,0803700014620,3499,8.160518247477505
08,037,0001,4635,0803700014635,3927,8.275885669474356
08,037,0001,464A,080370001464A,2986,8.00202481821611
08,037,0001,4654,0803700014654,2357,7.765569081097317
08,037,0001,4669,0803700014669,2761,7.923710333969238
08,037,0001,4673,0803700014673,1324,7.1891677384203225
08,037,0001,4688,0803700014688,1046,6.953684210870537
08,037,0001,4692,0803700014692,1080,6.985641817639208
08,037,0001,4705,0803700014705,1155,7.052721049232323
08,037,0001,471A,080370001471A,204,5.3230099791384085
08,037,0001,4724,0803700014724,179,5.19295685089021
08,037,0001,4739,0803700014739,189,5.247024072160486
08,037,0001,4743,0803700014743,1722,7.45182223652793
08,037,0001,4758,0803700014758,1445,7.27655640271871
08,037,0001,4762,0803700014762,3817,8.247482004285693
08,037,0001,4777,0803700014777,4662,8.44741429680832
08,037,0001,4781,0803700014781,3317,8.10711747075039
08,037,0001,4796,0803700014796,7376,8.906122330884303
08,037,0001,4813,0803700014813,2048,7.6251071482389
08,037,0001,4828,0803700014828,1483,7.302496423727326
08,037,0001,4832,0803700014832,2712,7.905810312658931
08,037,0001,4847,0803700014847,2730,7.912423121473705
08,037,0001,4866,0803700014866,2668,7.889459149404524
08,037,0001,4885,0803700014885,1085,6.990256500493881
08,037,0001,489A,080370001489A,2804,7.9391588179567965
08,037,0001,4902,0803700014902,2388,7.77863014732581
08,037,0001,4917,0803700014917,1805,7.498869733976931
08,037,0001,4940,0803700014940,3443,8.144388865547622
08,037,0001,4955,0803700014955,2868,7.9617188159813645
08,037,0001,496A,080370001496A,2731,7.912789220690681
08,037,0001,4974,0803700014974,2249,7.718685495198466
08,037,0001,4989,0803700014989,2043,7.622663951323595
08,037,0001,4993,0803700014993,2941,7.9868449011613825
08,037,0001,5008,0803700015008,2305,7.743269700829004
08,037,0001,5012,0803700015012,3195,8.069655306886165
08,037,0001,5027,0803700015027,3224,8.078688229229872
08,037,0001,5031,0803700015031,5917,8.685753832960154
08,037,0001,5050,0803700015050,1914,7.557472901614746
08,037,0001,5065,0803700015065,2344,7.76004068088038
08,037,0001,507A,080370001507A,2157,7.67693714581808
08,037,0001,5084,0803700015084,2900,7.972810784121404
08,037,0001,5099,0803700015099,1840,7.518064181233078
08,037,0001,5116,0803700015116,3445,8.144969417087875
08,037,0001,5120,0803700015120,1746,7.465655310134056
08,037,0001,5135,0803700015135,2048,7.6251071482389
08,037,0001,514A,080370001514A,3383,8.126813720726114
08,037,0001,5154,0803700015154,742,6.610696044717759
08,037,0001,5169,0803700015169,3063,8.027476530860483
08,037,0001,5173,0803700015173,1854,7.5256399750415355
08,037,0001,5188,0803700015188,1510,7.32052696227274
08,037,0001,5192,0803700015192,2037,7.61972421378267
08,037,0001,5205,0803700015205,3135,8.0507033814703
08,037,0001,521A,080370001521A,5390,8.592486175451668
08,037,0001,5224,0803700015224,4475,8.406485069431817
08,037,0001,5239,0803700015239,1434,7.268920128193722
08,037,0001,5243,0803700015243,1815,7.504391559161238
08,037,0001,5258,0803700015258,2600,7.8636512654486515
08,037,0001,5262,0803700015262,2884,7.9672801789422
08,037,0001,5277,0803700015277,2073,7.637234388789473
08,037,0001,5281,0803700015281,2395,7.78155595923534
08,037,0001,5296,0803700015296,1641,7.403670290012373
08,037,0001,5309,0803700015309,3701,8.216628493133443
08,037,0001,5313,0803700015313,4331,8.37378460812088
08,037,0001,5328,0803700015328,3774,8.236155661683124
08,037,0001,5347,0803700015347,1371,7.22402480828583
08,037,0001,5351,0803700015351,1358,7.214504414151143
08,037,0001,5366,0803700015366,255,5.545177444479562
08,037,0001,5370,0803700015370,166,5.117993812416755
08,037,0001,5385,0803700015385,294,5.68697535633982
08,037,0001,5417,0803700015417,23,3.1780538303479458
08,037,0001,5421,0803700015421,340,5.831882477283517
08,037,0001,5436,0803700015436,10,2.3978952727983707
08,037,0001,5455,0803700015455,0,0.0
08,037,0001,546A,080370001546A,78,4.3694478524670215
08,037,0001,5474,0803700015474,736,6.602587892189336
08,037,0001,5489,0803700015489,13,2.6390573296152584
08,037,0001,5493,0803700015493,274,5.616771097666572
08,037,0001,5506,0803700015506,564,6.336825731146441
08,037,0001,5510,0803700015510,630,6.447305862541213
08,037,0001,5525,0803700015525,2354,7.764296006450518
08,037,0001,553A,080370001553A,9,2.302585092994046
08,037,0001,5559,0803700015559,7262,8.890548245606167
08,037,0001,5563,0803700015563,6,1.9459101490553132
08,037,0001,5578,0803700015578,6,1.9459101490553132
08,037,0001,5582,0803700015582,15,2.772588722239781
08,037,0001,5597,0803700015597,20,3.044522437723423
08,037,0001,560A,080370001560A,7,2.0794415416798357
08,037,0001,5614,0803700015614,2853,7.956476798036782
08,037,0001,5629,0803700015629,1939,7.570443252057374
08,037,0001,5648,0803700015648,112,4.727387818712341
08,037,0001,5652,0803700015652,230,5.442417710521793
08,037,0001,5667,0803700015667,0,0.0
08,037,0001,5671,0803700015671,20,3.044522437723423
08,037,0001,5686,0803700015686,0,0.0
08,037,0001,5690,0803700015690,9,2.302585092994046
08,037,0001,5703,0803700015703,20,3.044522437723423
08,037,0001,5718,0803700015718,184,5.220355825078324
08,037,0001,5722,0803700015722,44,3.8066624897703196
08,037,0001,5737,0803700015737,104,4.653960350157523
08,037,0001,5741,0803700015741,176,5.176149732573829
08,037,0001,5756,0803700015756,75,4.330733340286331
08,037,0001,5760,0803700015760,23,3.1780538303479458
08,037,0001,5775,0803700015775,338,5.82600010738045
08,037,0001,578A,080370001578A,1,0.6931471805599453
08,037,0001,5794,0803700015794,5,1.791759469228055
08,037,0001,5807,0803700015807,1,0.6931471805599453
08,037,0001,5811,0803700015811,2458,7.807510042216193
08,037,0001,5826,0803700015826,4172,8.336390480591552
08,037,0001,5830,0803700015830,3745,8.228443883004033
08,037,0001,5845,0803700015845,6147,8.723882104658486
08,037,0001,585A,080370001585A,6247,8.740016691519521
08,037,0001,5864,0803700015864,0,0.0
08,037,0001,5879,0803700015879,0,0.0
08,037,0001,5883,0803700015883,2780,7.930565854233965
08,037,0001,5898,0803700015898,109,4.700480365792417
08,037,0001,5900,0803700015900,6183,8.729720590267258
08,037,0001,5915,0803700015915,1299,7.170119543449628
08,037,0001,592A,080370001592A,1761,7.474204806496124
08,037,0001,5934,0803700015934,2779,7.930206206684683
08,037,0001,5949,0803700015949,2337,7.757051142032013
08,037,0001,5953,0803700015953,1526,7.3310603052186325
08,037,0001,5968,0803700015968,2291,7.73718007783463
08,037,0001,5972,0803700015972,3997,8.293549515060345
08,037,0001,5987,0803700015987,215,5.375278407684165
08,037,0001,5991,0803700015991,1728,7.455298485683291
08,037,0001,6006,0803700016006,1687,7.431299675155903
08,037,0001,6010,0803700016010,2872,7.96311205897929
08,037,0001,6025,0803700016025,1521,7.3277805384216315
08,037,0001,603A,080370001603A,1860,7.528869256642251
08,037,0001,6044,0803700016044,1529,7.333023014386481
08,037,0001,6059,0803700016059,1229,7.114769448366463
08,037,0001,6063,0803700016063,1298,7.1693500166706
08,037,0001,6078,0803700016078,2105,7.652545692693921
08,037,0001,6082,0803700016082,1069,6.975413927455952
08,037,0001,6097,0803700016097,1212,7.10085190894405
08,037,0001,610A,080370001610A,2426,7.794411205726601
08,037,0001,6114,0803700016114,3005,8.00836557031292
08,037,0001,6129,0803700016129,1747,7.466227556215481
08,037,0001,6186,0803700016186,20,3.044522437723423
08,037,0001,6190,0803700016190,2751,7.920083199053234
08,037,0001,6222,0803700016222,0,0.0
08,037,0001,6237,0803700016237,5066,8.53050420547591
08,037,0001,6241,0803700016241,1682,7.428333194190806
08,037,0001,6275,0803700016275,3592,8.186742787113518
08,037,0001,6307,0803700016307,3689,8.213381737034572
08,037,0001,6326,0803700016326,0,0.0
08,037,0001,6330,0803700016330,0,0.0
08,037,0001,6364,0803700016364,2220,7.7057128238944275
08,037,0001,6379,0803700016379,964,6.872128101338986
08,037,0001,6383,0803700016383,846,6.741700694652055
08,037,0001,6398,0803700016398,1918,7.5595594960077
08,037,0001,6400,0803700016400,3703,8.21716859576607
08,037,0001,6415,0803700016415,3418,8.137103389639302
08,037,0001,642A,080370001642A,2011,7.60688453121963
08,037,0001,6434,0803700016434,34,3.5553480614894135
08,037,0001,6449,0803700016449,43,3.784189633918261
08,037,0001,6491,0803700016491,3018,8.012680929706839
08,037,0001,6504,0803700016504,5764,8.65956043270316
08,037,0001,6542,0803700016542,4891,8.495356496807062
08,037,0001,6557,0803700016557,5155,8.547916364059079
08,037,0001,6561,0803700016561,2609,7.867105500316739
08,037,0001,6576,0803700016576,7612,8.937612591306213
08,037,0001,6580,0803700016580,2524,7.83399634170946
08,037,0001,6595,0803700016595,3402,8.132412674500905
08,037,0001,6608,0803700016608,1638,7.40184157874383
08,037,0001,6612,0803700016612,18,2.9444389791664403
08,037,0001,6627,0803700016627,9,2.302585092994046
08,037,0001,6631,0803700016631,3463,8.150179269682326
08,037,0001,6646,0803700016646,4106,8.320448113956559
08,037,0001,6650,0803700016650,3550,8.174984532943087
08,037,0001,6665,0803700016665,3393,8.129764445794171
08,037,0001,667A,080370001667A,4393,8.387995252944556
08,037,0001,6684,0803700016684,3375,8.124446855715847
08,037,0001,6699,0803700016699,6108,8.717518372649767
08,037,0001,6701,0803700016701,2762,7.924072324923417
08,037,0001,6716,0803700016716,6458,8.773229786032473
08,037,0001,6720,0803700016720,6059,8.70946507906336
08,037,0001,6735,0803700016735,2455,7.806289289267033
08,037,0001,674A,080370001674A,1958,7.580189417944541
08,037,0001,6754,0803700016754,1747,7.466227556215481
08,037,0001,6769,0803700016769,3743,8.227909837597483
08,037,0001,6773,0803700016773,3631,8.197538739721184
08,037,0001,6788,0803700016788,6922,8.842604480678025
08,037,0001,6792,0803700016792,2990,8.003363058629947
08,037,0001,6805,0803700016805,2116,7.6577552711348655
08,037,0001,681A,080370001681A,0,0.0
08,037,0001,6824,0803700016824,0,0.0
08,037,0001,6839,0803700016839,5304,8.576405051048084
08,037,0001,6843,0803700016843,4040,8.304247465078474
08,037,0001,6858,0803700016858,4969,8.511175119090675
08,037,0001,6862,0803700016862,5224,8.561210076833012
08,037,0001,6877,0803700016877,3935,8.277920258172143
08,037,0001,6881,0803700016881,6347,8.7558950816463
08,037,0001,6896,0803700016896,5538,8.619569258033104
08,037,0001,6909,0803700016909,3971,8.287025025165063
08,037,0001,6913,0803700016913,2956,7.9919305198524775
08,037,0001,6928,0803700016928,0,0.0
08,037,0001,6932,0803700016932,1,0.6931471805599453
08,037,0001,6947,0803700016947,3827,8.250097752572845
08,037,0001,6951,0803700016951,6494,8.7787879291047
08,037,0001,6966,0803700016966,5275,8.570923513837204
08,037,0001,6970,0803700016970,69,4.248495242049359
08,037,0001,6985,0803700016985,108,4.6913478822291435
08,037,0001,699A,080370001699A,2,1.0986122886681098
08,037,0001,7004,0803700017004,8,2.1972245773362196
08,037,0001,7019,0803700017019,0,0.0
08,037,0001,7023,0803700017023,6387,8.762176509334903
08,037,0001,7042,0803700017042,4443,8.39931015075952
08,037,0001,7057,0803700017057,6060,8.709630081951286
08,037,0001,7061,0803700017061,3329,8.110727582974489
08,037,0001,7076,0803700017076,3820,8.2482674474469
08,037,0001,7080,0803700017080,4313,8.369620826949102
08,037,0001,7095,0803700017095,4922,8.5016733797582
08,037,0001,7108,0803700017108,5870,8.677780256064185
08,037,0001,7112,0803700017112,4230,8.350193650720067
08,037,0001,7127,0803700017127,3130,8.049107721326406
08,037,0001,7131,0803700017131,1902,7.551186867296149
08,037,0001,7146,0803700017146,7,2.0794415416798357
08,037,0001,7150,0803700017150,5083,8.533853632309345
08,037,0001,7165,0803700017165,2345,7.76046702921342
08,037,0001,717A,080370001717A,389,5.966146739123692
08,037,0001,7184,0803700017184,3725,8.223090551161533
08,037,0001,7199,0803700017199,45,3.828641396489095
08,037,0001,7201,0803700017201,2535,7.8383433155571165
08,037,0001,7216,0803700017216,1846,7.52131798019924
08,037,0001,7220,0803700017220,155,5.049856007249537
08,037,0001,7235,0803700017235,0,0.0
08,037,0001,724A,080370001724A,3794,8.24143968982973
08,037,0001,7254,0803700017254,1290,7.1631723908466425
08,037,0001,7269,0803700017269,2650,7.8826922062890254
08,037,0001,7273,0803700017273,2987,8.002359546252707
08,037,0001,7288,0803700017288,1439,7.272398392570047
08,037,0001,7292,0803700017292,3547,8.17413934342947
08,037,0001,7305,0803700017305,5618,8.633908991112198
08,037,0001,731A,080370001731A,2918,7.978996370854115
08,037,0001,7324,0803700017324,264,5.579729825986222
08,037,0001,7343,0803700017343,6,1.9459101490553132
08,037,0001,7358,0803700017358,176,5.176149732573829
08,037,0001,7362,0803700017362,27,3.332204510175204
08,037,0001,7377,0803700017377,2,1.0986122886681098
08,037,0001,7381,0803700017381,27,3.332204510175204
08,037,0001,7396,0803700017396,3357,8.119100837637486
08,037,0001,7409,0803700017409,13,2.6390573296152584
08,037,0001,7413,0803700017413,58,4.07753744390572
08,037,0001,7428,0803700017428,45,3.828641396489095
08,037,0001,7447,0803700017447,0,0.0
08,037,0001,7451,0803700017451,1983,7.592870287844818
08,037,0001,7466,0803700017466,4951,8.507546814364431
08,037,0001,7470,0803700017470,0,0.0
08,037,0001,7485,0803700017485,0,0.0
08,037,0001,749A,080370001749A,1730,7.456454555176209
08,037,0001,7502,0803700017502,50,3.9318256327243257
08,037,0001,7517,0803700017517,21,3.091042453358316
08,037,0001,7521,0803700017521,8,2.1972245773362196
08,037,0001,7536,0803700017536,11,2.4849066497880004
08,037,0001,7540,0803700017540,0,0.0
08,037,0001,7555,0803700017555,1810,7.501634457883413
08,037,0001,756A,080370001756A,3003,8.007700012884026
08,037,0001,7574,0803700017574,2567,7.850882664809852
08,037,0001,7589,0803700017589,2914,7.977625098784593
08,037,0001,7593,0803700017593,19,2.995732273553991
08,037,0001,7606,0803700017606,325,5.786897381366708
08,037,0001,7610,0803700017610,92,4.532599493153256
08,037,0001,7625,0803700017625,1649,7.408530566894626
08,037,0001,763A,080370001763A,2835,7.950149887652018
08,037,0001,7644,0803700017644,2076,7.638679823876112
08,037,0001,7659,0803700017659,2544,7.841885928984623
08,037,0001,7663,0803700017663,123,4.820281565605037
08,037,0001,7678,0803700017678,7063,8.862766742283796
08,037,0001,7682,0803700017682,3270,8.092851027538384
08,037,0001,7697,0803700017697,2796,7.936302693201959
08,037,0001,770A,080370001770A,4427,8.395703293828527
08,037,0001,7714,0803700017714,2896,7.9714309977693505
08,037,0001,7729,0803700017729,4349,8.37793112408273
08,037,0001,7733,0803700017733,2698,7.900636613018005
08,037,0001,7748,0803700017748,1986,7.594381242551817
08,037,0001,7752,0803700017752,1150,7.048386408721883
08,037,0001,7767,0803700017767,1210,7.099201743553092
08,037,0001,7771,0803700017771,3467,8.151333337900432
08,037,0001,7786,0803700017786,2348,7.761744984658913
08,037,0001,7790,0803700017790,0,0.0
08,037,0001,7803,0803700017803,43,3.784189633918261
08,037,0001,7818,0803700017818,5786,8.663369301573839
08,037,0001,7822,0803700017822,5309,8.577347114235984
08,037,0001,7837,0803700017837,1309,7.177782416195197
08,037,0001,7841,0803700017841,431,6.068425588244111
08,037,0001,7856,0803700017856,1060,6.966967138613983
08,037,0001,7860,0803700017860,1269,7.146772179452637
08,037,0001,7875,0803700017875,548,6.3080984415095305
08,037,0001,788A,080370001788A,121,4.804021044733257
08,037,0001,7894,0803700017894,3052,8.023879992734878
08,037,0001,7907,0803700017907,4144,8.329658067569396
08,037,0001,7911,0803700017911,3560,8.177796683277778
08,037,0001,7926,0803700017926,3690,8.213652703029998
08,037,0001,7930,0803700017930,2285,7.734558844354756
08,037,0001,7945,0803700017945,5044,8.52615293278771
08,037,0001,795A,080370001795A,5352,8.585412430393381
08,037,0001,7964,0803700017964,3575,8.182000136293405
08,037,0001,7979,0803700017979,3253,8.087640287778983
08,037,0001,7983,0803700017983,3235,8.082093278178382
08,037,0001,7998,0803700017998,3535,8.170751423757535
08,037,0001,8002,0803700018002,4482,8.40804774415544
08,037,0001,8017,0803700018017,2932,7.983781068977451
08,037,0001,8021,0803700018021,3395,8.130353547431238
08,037,0001,8036,0803700018036,1051,6.9584483932976555
08,037,0001,8040,0803700018040,693,6.542471960506805
08,037,0001,8055,0803700018055,48,3.8918202981106265
08,037,0001,8074,0803700018074,12,2.5649493574615367
08,037,0001,8089,0803700018089,0,0.0
08,037,0001,8093,0803700018093,660,6.493753839851686
08,037,0001,8106,0803700018106,204,5.3230099791384085
08,037,0001,8110,0803700018110,14,2.70805020110221
08,037,0001,8125,0803700018125,662,6.4967749901858625
08,037,0001,813A,080370001813A,235,5.4638318050256105
08,037,0001,8144,0803700018144,313,5.749392985908253
08,037,0001,8159,0803700018159,0,0.0
08,037,0001,8163,0803700018163,18,2.9444389791664403
08,037,0001,8178,0803700018178,265,5.583496308781699
08,037,0001,8182,0803700018182,114,4.74493212836325
08,037,0001,8197,0803700018197,9,2.302585092994046
08,037,0001,820A,080370001820A,28,3.367295829986474
08,037,0001,8214,0803700018214,431,6.068425588244111
08,037,0001,8229,0803700018229,1531,7.3343293503005365
08,037,0001,8233,0803700018233,293,5.683579767338681
08,037,0001,8248,0803700018248,0,0.0
08,037,0001,8252,0803700018252,0,0.0
08,037,0001,8267,0803700018267,0,0.0
08,037,0001,8271,0803700018271,14,2.70805020110221
08,037,0001,8286,0803700018286,0,0.0
08,037,0635,6453,0803706356453,942,6.849066282633458
08,037,0635,6468,0803706356468,1020,6.928537818164665
08,037,0635,6472,0803706356472,1065,6.97166860472579
08,037,0635,6519,0803706356519,294,5.68697535633982
08,037,0635,6523,0803706356523,159,5.075173815233827
08,037,0635,6538,0803706356538,3,1.3862943611198906
08,038,0001,0396,0803800010396,626,6.440946540632921
08,038,0001,0409,0803800010409,830,6.7226297948554485
08,038,0001,0748,0803800010748,192,5.262690188904886
08,038,0001,0752,0803800010752,49,3.912023005428146
08,038,0001,0767,0803800010767,46,3.8501476017100584
08,038,0001,0771,0803800010771,5,1.791759469228055
08,038,0001,0786,0803800010786,32,3.4965075614664802
08,038,0001,0790,0803800010790,15,2.772588722239781
08,039,0001,0266,0803900010266,620,6.431331081933479
08,039,0001,0270,0803900010270,666,6.502790045915623
08,039,0001,0285,0803900010285,862,6.760414691083428
08,040,0001,0820,0804000010820,601,6.400257445308821
08,040,0001,084A,080400001084A,654,6.484635235635252
08,040,0001,0854,0804000010854,608,6.411818267709897
08,040,0001,0869,0804000010869,887,6.78897174299217
08,040,0001,0888,0804000010888,1046,6.953684210870537
08,040,0001,0892,0804000010892,1662,7.416378479192928
08,040,0001,0905,0804000010905,539,6.29156913955832
08,040,0001,091A,080400001091A,491,6.198478716492308
08,040,0001,0924,0804000010924,555,6.320768294250582
08,040,0001,0939,0804000010939,331,5.805134968916488
08,040,0001,0996,0804000010996,744,6.61338421837956
08,040,0001,102A,080400001102A,504,6.22455842927536
08,040,0001,1034,0804000011034,1019,6.927557906278317
08,040,0001,1392,0804000011392,231,5.44673737166631
08,040,0001,1405,0804000011405,766,6.642486801367256
08,040,0001,141A,080400001141A,259,5.560681631015528
08,040,0001,1424,0804000011424,422,6.0473721790462776
08,040,0001,1439,0804000011439,335,5.817111159963204
08,040,0001,1443,0804000011443,347,5.8522024797744745
08,040,0001,1458,0804000011458,653,6.483107351457199
08,040,0001,1462,0804000011462,551,6.313548046277095
08,040,0001,1477,0804000011477,126,4.844187086458591
08,040,0001,1585,0804000011585,32,3.4965075614664802
08,040,0001,159A,080400001159A,155,5.049856007249537
08,040,0001,1602,0804000011602,2,1.0986122886681098
08,040,0001,1617,0804000011617,720,6.580639137284949
08,040,0001,1621,0804000011621,450,6.111467339502679
08,040,0001,1725,0804000011725,16,2.833213344056216
08,040,0001,173A,080400001173A,0,0.0
08,040,0001,1744,0804000011744,6,1.9459101490553132
08,040,0001,1814,0804000011814,0,0.0
08,040,0001,1829,0804000011829,4,1.6094379124341003
08,040,0001,1833,0804000011833,5,1.791759469228055
08,040,0001,1848,0804000011848,5,1.791759469228055
08,040,0001,1852,0804000011852,3,1.3862943611198906
08,040,0001,1867,0804000011867,4,1.6094379124341003
08,040,0001,1871,0804000011871,19,2.995732273553991
08,040,0001,1886,0804000011886,368,5.910796644040527
08,040,0001,1890,0804000011890,0,0.0
08,040,0001,1903,0804000011903,6,1.9459101490553132
08,040,0001,1918,0804000011918,15,2.772588722239781
08,040,0001,1922,0804000011922,217,5.384495062789089
08,040,0001,1937,0804000011937,2,1.0986122886681098
08,040,0001,1941,0804000011941,3,1.3862943611198906
08,040,0001,1956,0804000011956,8,2.1972245773362196
08,040,0001,1960,0804000011960,12,2.5649493574615367
08,040,0001,1975,0804000011975,10,2.3978952727983707
08,040,0001,198A,080400001198A,5,1.791759469228055
08,040,0001,1994,0804000011994,1,0.6931471805599453
08,040,0001,2009,0804000012009,33,3.5263605246161616
08,040,0001,2013,0804000012013,15,2.772588722239781
08,040,0026,0943,0804000260943,352,5.8664680569332965
08,040,0026,0958,0804000260958,382,5.948034989180646
08,040,0026,0962,0804000260962,324,5.783825182329737
08,040,0026,0977,0804000260977,360,5.8888779583328805
08,040,0026,1481,0804000261481,267,5.5909869805108565
08,040,0026,1496,0804000261496,155,5.049856007249537
08,040,0026,1636,0804000261636,0,0.0
08,040,0026,1640,0804000261640,3,1.3862943611198906
08,040,0026,1655,0804000261655,2,1.0986122886681098
08,040,0026,166A,080400026166A,9,2.302585092994046
08,040,0026,1674,0804000261674,2,1.0986122886681098
08,040,0026,1759,0804000261759,2,1.0986122886681098
08,040,0026,1763,0804000261763,0,0.0
08,040,0026,1778,0804000261778,0,0.0
08,040,0026,1782,0804000261782,0,0.0
08,040,0026,1797,0804000261797,4,1.6094379124341003
08,040,0113,1053,0804001131053,769,6.646390514847729
08,040,0113,1388,0804001131388,709,6.565264970035361
08,040,0113,1551,0804001131551,771,6.648984550024776
08,040,0113,1689,0804001131689,17,2.8903717578961645
08,040,0113,1693,0804001131693,70,4.2626798770413155
08,040,0113,1706,0804001131706,323,5.780743515792329
08,040,0113,1710,0804001131710,861,6.759255270663693
08,040,0113,180A,080400113180A,2,1.0986122886681098
08,041,0001,0118,0804100010118,656,6.48768401848461
08,041,0001,0226,0804100010226,20,3.044522437723423
08,041,0001,0230,0804100010230,66,4.204692619390966
08,041,0001,0245,0804100010245,59,4.0943445622221
08,042,0001,0628,0804200010628,641,6.464588303689961
08,042,0001,1077,0804200011077,101,4.624972813284271
08,042,0001,1081,0804200011081,154,5.043425116919247
08,042,0001,1132,0804200011132,20,3.044522437723423
08,043,0001,0150,0804300010150,512,6.240275845170769
08,043,0001,0165,0804300010165,369,5.91350300563827
08,043,0001,017A,080430001017A,724,6.586171654854675
08,043,0001,0184,0804300010184,3,1.3862943611198906
08,043,0001,0199,0804300010199,4,1.6094379124341003
08,043,0001,0201,0804300010201,97,4.584967478670572
08,043,0001,0216,0804300010216,1,0.6931471805599453
08,044,0001,0266,0804400010266,249,5.521460917862246
08,044,0001,0285,0804400010285,95,4.564348191467836
08,044,0001,029A,080440001029A,5,1.791759469228055
08,044,0001,0302,0804400010302,355,5.87493073085203
08,044,0001,0317,0804400010317,613,6.419994928147142
08,044,0001,0321,0804400010321,417,6.035481432524756
08,044,0001,0336,0804400010336,547,6.306275286948016
08,044,0001,0340,0804400010340,315,5.755742213586912
08,044,0001,0355,0804400010355,0,0.0
08,044,0001,036A,080440001036A,0,0.0
08,044,0001,0374,0804400010374,3,1.3862943611198906
08,044,0001,0389,0804400010389,7,2.0794415416798357
08,044,0001,0393,0804400010393,9,2.302585092994046
08,044,0001,0406,0804400010406,0,0.0
08,044,0001,0410,0804400010410,0,0.0
08,044,0001,0425,0804400010425,0,0.0
08,045,0001,0121,0804500010121,2337,7.757051142032013
08,045,0001,0155,0804500010155,1098,7.002155954403621
08,045,0001,016A,080450001016A,899,6.802394763324311
08,045,0001,0174,0804500010174,1444,7.275864600546533
08,045,0001,0189,0804500010189,811,6.699500340161678
08,045,0001,0206,0804500010206,1221,7.108244139731541
08,045,0001,0210,0804500010210,673,6.513230110912307
08,045,0001,0225,0804500010225,690,6.53813982376767
08,045,0001,030A,080450001030A,1497,7.311886164077165
08,045,0001,0314,0804500010314,1378,7.229113877793302
08,045,0001,0367,0804500010367,1902,7.551186867296149
08,045,0001,0371,0804500010371,1355,7.212294468500341
08,045,0001,0386,0804500010386,1290,7.1631723908466425
08,045,0001,0390,0804500010390,1227,7.113142108707088
08,045,0001,0403,0804500010403,283,5.648974238161206
08,045,0001,0418,0804500010418,1791,7.491087593534876
08,045,0001,0422,0804500010422,1053,6.960347729101308
08,045,0001,0437,0804500010437,180,5.198497031265826
08,045,0001,0441,0804500010441,895,6.79794041297493
08,045,0001,0456,0804500010456,11,2.4849066497880004
08,045,0001,0494,0804500010494,0,0.0
08,045,0001,0507,0804500010507,5,1.791759469228055
08,045,0001,0511,0804500010511,9,2.302585092994046
08,045,0001,0530,0804500010530,11,2.4849066497880004
08,045,0001,055A,080450001055A,264,5.579729825986222
08,045,0001,0579,0804500010579,250,5.5254529391317835
08,045,0015,023A,080450015023A,1485,7.303843225277705
08,045,0015,0244,0804500150244,1752,7.469083884921234
08,045,0015,0259,0804500150259,585,6.373319789577012
08,045,0015,0263,0804500150263,1272,7.149131598557407
08,045,0015,0278,0804500150278,1427,7.2640301428995295
08,045,0015,0282,0804500150282,1164,7.060476365999801
08,045,0015,0297,0804500150297,881,6.782192056006791
08,045,0015,0475,0804500150475,8,2.1972245773362196
08,045,0015,048A,080450015048A,12,2.5649493574615367
08,045,0015,0526,0804500150526,59,4.0943445622221
08,045,0015,0545,0804500150545,20,3.044522437723423
08,045,0015,0564,0804500150564,7,2.0794415416798357
08,045,0015,0583,0804500150583,7,2.0794415416798357
08,045,0015,0598,0804500150598,7,2.0794415416798357
08,045,0015,0600,0804500150600,18,2.9444389791664403
08,045,0015,0615,0804500150615,0,0.0
08,046,0001,0326,0804600010326,813,6.70196036600254
08,047,0001,0234,0804700010234,944,6.851184927493743
08,047,0001,0427,0804700010427,309,5.736572297479192
08,047,0001,0431,0804700010431,131,4.882801922586371
08,047,0001,0446,0804700010446,52,3.970291913552122
08,047,0001,0450,0804700010450,82,4.418840607796598
08,047,0001,0465,0804700010465,163,5.099866427824199
08,047,0001,047A,080470001047A,118,4.77912349311153
08,048,0001,059A,080480001059A,342,5.8377304471659395
08,048,0001,0602,0804800010602,214,5.3706380281276624
08,048,0001,0617,0804800010617,361,5.8916442118257715
08,048,0001,0621,0804800010621,193,5.267858159063328
08,048,0001,1028,0804800011028,75,4.330733340286331
08,048,0001,1032,0804800011032,133,4.897839799950911
08,048,0001,1047,0804800011047,3,1.3862943611198906
08,048,0001,1051,0804800011051,51,3.9512437185814275
08,048,0001,1066,0804800011066,316,5.75890177387728
08,048,0001,1259,0804800011259,23,3.1780538303479458
08,048,0001,1263,0804800011263,20,3.044522437723423
08,048,0001,1278,0804800011278,4,1.6094379124341003
08,048,0001,1282,0804800011282,15,2.772588722239781
08,048,0001,1367,0804800011367,2,1.0986122886681098
08,048,0001,1403,0804800011403,0,0.0
08,048,0061,098A,080480061098A,516,6.248042874508429
08,048,0061,0994,0804800610994,235,5.4638318050256105
08,048,0061,116A,080480061116A,755,6.628041376179533
08,048,0061,1174,0804800611174,882,6.78332520060396
08,048,0061,1314,0804800611314,23,3.1780538303479458
08,048,0061,1329,0804800611329,67,4.219507705176107
08,048,0061,1333,0804800611333,46,3.8501476017100584
08,048,0061,1348,0804800611348,70,4.2626798770413155
08,048,0061,1371,0804800611371,12,2.5649493574615367
08,048,0061,1386,0804800611386,12,2.5649493574615367
08,048,0061,1390,0804800611390,3,1.3862943611198906
08,048,0065,1418,0804800651418,448,6.1070228877422545
08,048,0065,1422,0804800651422,681,6.525029657843462
08,048,0065,1437,0804800651437,879,6.779921907472252
08,048,0065,1441,0804800651441,970,6.878326468291325
08,049,0001,0281,0804900010281,533,6.280395838960195
08,049,0001,0296,0804900010296,677,6.519147287940395
08,049,0001,046A,080490001046A,62,4.143134726391533
08,049,0001,0474,0804900010474,0,0.0
08,049,0001,0489,0804900010489,0,0.0
08,050,0001,0371,0805000010371,1480,7.300472814267799
08,050,0001,0386,0805000010386,3042,8.02059914989697
08,050,0001,0437,0805000010437,933,6.839476438228843
08,050,0001,0441,0805000010441,659,6.492239835020471
08,050,0001,0456,0805000010456,1051,6.9584483932976555
08,050,0001,0460,0805000010460,880,6.78105762593618
08,050,0001,0475,0805000010475,1042,6.949856455000773
08,050,0001,048A,080500001048A,1183,7.076653815443951
08,050,0001,0494,0805000010494,993,6.901737206656574
08,050,0001,0507,0805000010507,1231,7.116394144093465
08,050,0001,0511,0805000010511,1168,7.063903961472068
08,050,0001,0526,0805000010526,1190,7.0825485693553
08,050,0001,0530,0805000010530,520,6.255750041753367
08,050,0001,0545,0805000010545,1857,7.527255919373784
08,050,0001,055A,080500001055A,829,6.721425700790643
08,050,0001,0564,0805000010564,1658,7.413970290190444
08,050,0001,0579,0805000010579,1849,7.52294091807237
08,050,0001,0583,0805000010583,2618,7.870547844507712
08,050,0001,0600,0805000010600,1901,7.550661243105336
08,050,0001,0615,0805000010615,1495,7.310550158534422
08,050,0001,062A,080500001062A,1744,7.4645098346365275
08,050,0001,0634,0805000010634,1834,7.51479976048867
08,050,0001,0649,0805000010649,1092,6.996681488176539
08,050,0001,0653,0805000010653,1320,7.186144304522325
08,050,0001,0668,0805000010668,1364,7.21890970761906
08,050,0001,0672,0805000010672,678,6.520621127558696
08,050,0001,0687,0805000010687,1733,7.458186157340487
08,050,0001,0691,0805000010691,1148,7.046647277848756
08,050,0001,0719,0805000010719,2490,7.820439515262181
08,050,0001,0901,0805000010901,1063,6.96979066990159
08,050,0001,0916,0805000010916,1959,7.580699752224563
08,050,0001,0920,0805000010920,948,6.855408798609928
08,050,0001,0935,0805000010935,467,6.148468295917647
08,050,0001,094A,080500001094A,928,6.834108738813838
08,050,0001,0954,0805000010954,527,6.269096283706261
08,050,0001,0969,0805000010969,1085,6.990256500493881
08,050,0001,0973,0805000010973,2062,7.631916513071252
08,050,0001,1007,0805000011007,3,1.3862943611198906
08,050,0001,1011,0805000011011,13,2.6390573296152584
08,050,0001,1026,0805000011026,6,1.9459101490553132
08,050,0001,105A,080500001105A,1494,7.3098814858247865
08,050,0001,1064,0805000011064,0,0.0
08,050,0001,1079,0805000011079,2755,7.9215356321335495
08,050,0001,1083,0805000011083,0,0.0
08,050,0001,1098,0805000011098,4,1.6094379124341003
08,050,0001,1100,0805000011100,876,6.776506992372183
08,050,0001,1115,0805000011115,379,5.940171252720432
08,050,0001,112A,080500001112A,2,1.0986122886681098
08,050,0001,1134,0805000011134,0,0.0
08,050,0001,1149,0805000011149,0,0.0
08,051,0001,0171,0805100010171,527,6.269096283706261
08,052,0001,0747,0805200010747,692,6.541029999189903
08,052,0001,0751,0805200010751,650,6.478509642208569
08,052,0001,0766,0805200010766,1156,7.053585727193677
08,052,0001,0770,0805200010770,1160,7.057036981697891
08,052,0001,0785,0805200010785,776,6.655440350367647
08,052,0001,079A,080520001079A,1050,6.957497370876951
08,052,0001,0802,0805200010802,940,6.846943139585379
08,052,0001,0817,0805200010817,327,5.793013608384144
08,052,0001,086A,080520001086A,1251,7.132497551660044
08,052,0001,0874,0805200010874,957,6.86484777797086
08,052,0001,0889,0805200010889,884,6.785587645007929
08,052,0001,143A,080520001143A,119,4.787491742782046
08,052,0001,1444,0805200011444,554,6.318968113746434
08,052,0001,1459,0805200011459,475,6.16541785423142
08,052,0001,1463,0805200011463,687,6.5337888379333435
08,052,0001,1478,0805200011478,995,6.903747257584598
08,052,0001,1482,0805200011482,1203,7.093404625868766
08,052,0001,1497,0805200011497,968,6.876264611890766
08,052,0001,150A,080520001150A,875,6.775366090936392
08,052,0001,1514,0805200011514,833,6.726233402358747
08,052,0001,1529,0805200011529,52,3.970291913552122
08,052,0001,1533,0805200011533,54,4.007333185232471
08,052,0001,1548,0805200011548,153,5.0369526024136295
08,052,0001,1552,0805200011552,955,6.862757913051401
08,052,0001,1567,0805200011567,501,6.218600119691729
08,052,0001,1571,0805200011571,959,6.866933284461882
08,052,0001,1586,0805200011586,1065,6.97166860472579
08,052,0001,1590,0805200011590,335,5.817111159963204
08,052,0001,1603,0805200011603,105,4.663439094112067
08,052,0001,1618,0805200011618,33,3.5263605246161616
08,052,0001,1622,0805200011622,921,6.826545223556594
08,052,0001,1637,0805200011637,24,3.2188758248682006
08,052,0001,1641,0805200011641,40,3.713572066704308
08,052,0001,1656,0805200011656,101,4.624972813284271
08,052,0001,1660,0805200011660,8,2.1972245773362196
08,052,0001,1675,0805200011675,29,3.4011973816621555
08,052,0001,168A,080520001168A,273,5.6131281063880705
08,052,0001,1694,0805200011694,65,4.189654742026425
08,052,0001,1707,0805200011707,14,2.70805020110221
08,052,0001,1711,0805200011711,5,1.791759469228055
08,052,0001,1726,0805200011726,0,0.0
08,052,0001,1730,0805200011730,71,4.276666119016055
08,052,0001,1745,0805200011745,10,2.3978952727983707
08,052,0001,175A,080520001175A,5,1.791759469228055
08,052,0001,1764,0805200011764,132,4.890349128221754
08,052,0001,1779,0805200011779,85,4.454347296253507
08,052,0001,1783,0805200011783,197,5.288267030694535
08,052,0001,1798,0805200011798,0,0.0
08,052,0001,1800,0805200011800,0,0.0
08,052,0001,1815,0805200011815,0,0.0
08,053,0001,0119,0805300010119,366,5.905361848054571
08,053,0001,0123,0805300010123,605,6.406879986069314
08,053,0001,0138,0805300010138,652,6.481577129276431
08,053,0001,0180,0805300010180,0,0.0
08,053,0001,0195,0805300010195,4,1.6094379124341003
08,053,0001,0208,0805300010208,108,4.6913478822291435
08,053,0001,0212,0805300010212,11,2.4849066497880004
08,053,0001,0227,0805300010227,26,3.295836866004329
08,053,0001,0265,0805300010265,142,4.962844630259907
08,053,0001,027A,080530001027A,0,0.0
08,053,0001,0299,0805300010299,85,4.454347296253507
08,053,0001,0320,0805300010320,20,3.044522437723423
08,053,0001,0335,0805300010335,11,2.4849066497880004
08,053,0001,034A,080530001034A,7,2.0794415416798357
08,053,0001,0388,0805300010388,91,4.5217885770490405
08,053,0006,0142,0805300060142,334,5.814130531825066
08,053,0006,0157,0805300060157,392,5.973809611869261
08,053,0006,0161,0805300060161,402,5.998936561946683
08,053,0006,0176,0805300060176,38,3.6635616461296463
08,053,0006,0231,0805300060231,0,0.0
08,053,0006,0250,0805300060250,5,1.791759469228055
08,053,0006,0316,0805300060316,68,4.23410650459726
08,053,0006,0354,0805300060354,14,2.70805020110221
08,053,0006,0369,0805300060369,0,0.0
08,053,0006,0373,0805300060373,0,0.0
08,053,0006,0392,0805300060392,0,0.0
08,053,0006,0405,0805300060405,0,0.0
08,054,0001,0455,0805400010455,406,6.008813185442595
08,054,0001,046A,080540001046A,256,5.54907608489522
08,055,0001,0202,0805500010202,1534,7.336285660021297
08,055,0001,0217,0805500010217,1150,7.048386408721883
08,055,0001,0363,0805500010363,1286,7.160069207596127
08,055,0001,0378,0805500010378,1092,6.996681488176539
08,055,0001,0382,0805500010382,193,5.267858159063328
08,055,0001,0397,0805500010397,179,5.19295685089021
08,055,0001,040A,080550001040A,63,4.1588830833596715
08,055,0001,0414,0805500010414,73,4.30406509320417
08,055,0011,0429,0805500110429,1550,7.346655163176539
08,055,0011,0433,0805500110433,1070,6.976348070447749
08,056,0001,0271,0805600010271,163,5.099866427824199
08,056,0001,0286,0805600010286,100,4.61512051684126
08,057,0001,0230,0805700010230,373,5.924255797414532
08,057,0001,0419,0805700010419,245,5.5053315359323625
08,057,0001,0423,0805700010423,505,6.226536669287466
08,057,0001,0438,0805700010438,30,3.4339872044851463
08,057,0001,0442,0805700010442,4,1.6094379124341003
08,057,0001,0457,0805700010457,0,0.0
08,058,0001,0134,0805800010134,613,6.419994928147142
08,058,0001,0242,0805800010242,31,3.4657359027997265
08,059,0001,0127,0805900010127,21,3.091042453358316
08,059,0001,0131,0805900010131,158,5.0689042022202315
08,059,0001,0146,0805900010146,460,6.133398042996649
08,059,0001,0150,0805900010150,522,6.259581464064923
08,059,0001,0165,0805900010165,481,6.1779441140506
08,059,0001,017A,080590001017A,580,6.364750756851911
08,059,0001,0184,0805900010184,625,6.439350371100098
08,059,0001,0199,0805900010199,50,3.9318256327243257
08,059,0001,0201,0805900010201,81,4.406719247264253
08,059,0001,0216,0805900010216,658,6.490723534502507
08,059,0001,0220,0805900010220,613,6.419994928147142
08,060,0001,0132,0806000010132,1251,7.132497551660044
08,060,0001,0170,0806000010170,769,6.646390514847729
08,060,0001,0185,0806000010185,63,4.1588830833596715
08,060,0001,019A,080600001019A,69,4.248495242049359
08,060,0001,0202,0806000010202,715,6.573680166960646
08,060,0001,0217,0806000010217,162,5.093750200806762
08,060,0001,0221,0806000010221,1102,7.005789019253503
08,060,0001,0236,0806000010236,811,6.699500340161678
08,060,0001,0240,0806000010240,955,6.862757913051401
08,060,0001,0255,0806000010255,759,6.633318433280377
08,060,0001,026A,080600001026A,830,6.7226297948554485
08,060,0001,0274,0806000010274,956,6.863803391452954
08,060,0001,0289,0806000010289,165,5.111987788356544
08,060,0001,0293,0806000010293,36,3.6109179126442243
08,060,0001,0306,0806000010306,39,3.6888794541139363
08,060,0001,0310,0806000010310,12,2.5649493574615367
08,060,0001,0325,0806000010325,47,3.871201010907891
08,060,0001,033A,080600001033A,24,3.2188758248682006
08,060,0001,0344,0806000010344,0,0.0
08,061,0001,0290,0806100010290,442,6.093569770045136
08,061,0001,0619,0806100010619,3,1.3862943611198906
08,061,0001,0623,0806100010623,0,0.0
08,062,0001,0438,0806200010438,2153,7.675081857716334
08,062,0001,0442,0806200010442,1036,6.9440872082295275
08,062,0001,0457,0806200010457,654,6.484635235635252
08,062,0001,0461,0806200010461,2381,7.775695749915245
08,062,0001,0673,0806200010673,355,5.87493073085203
08,062,0001,0688,0806200010688,679,6.522092798170152
08,062,0001,0739,0806200010739,3,1.3862943611198906
08,062,0001,0743,0806200010743,659,6.492239835020471
08,062,0001,0758,0806200010758,1158,7.055312843339752
08,062,0001,0762,0806200010762,661,6.495265555937008
08,062,0001,0813,0806200010813,327,5.793013608384144
08,062,0001,0828,0806200010828,47,3.871201010907891
08,062,0001,0832,0806200010832,38,3.6635616461296463
08,062,0001,0866,0806200010866,0,0.0
08,062,0001,0870,0806200010870,0,0.0
08,062,0001,0885,0806200010885,853,6.74993119378857
08,062,0001,089A,080620001089A,0,0.0
08,062,0022,0423,0806200220423,1840,7.518064181233078
08,062,0022,0724,0806200220724,58,4.07753744390572
08,062,0022,0777,0806200220777,1371,7.22402480828583
08,062,0022,0781,0806200220781,1433,7.2682230211595655
08,062,0022,0796,0806200220796,123,4.820281565605037
08,062,0022,0809,0806200220809,113,4.736198448394496
08,062,0041,0847,0806200410847,817,6.706862336602747
08,062,0041,0851,0806200410851,1587,7.370230641807081
08,062,0041,0902,0806200410902,3,1.3862943611198906
08,062,0041,0917,0806200410917,3,1.3862943611198906
08,063,0001,0577,0806300010577,1050,6.957497370876951
08,063,0001,0581,0806300010581,788,6.670766320845874
08,063,0001,083A,080630001083A,0,0.0
08,063,0001,0844,0806300010844,3,1.3862943611198906
08,063,0001,0859,0806300010859,0,0.0
08,063,0001,0863,0806300010863,0,0.0
08,064,0001,0076,0806400010076,206,5.332718793265369
08,064,0001,0080,0806400010080,285,5.655991810819852
08,064,0001,0146,0806400010146,248,5.517452896464707
08,064,0001,0150,0806400010150,71,4.276666119016055
08,064,0001,0165,0806400010165,1,0.6931471805599453
08,065,0001,029A,080650001029A,1096,7.00033446027523
08,065,0001,0590,0806500010590,6,1.9459101490553132
08,066,0001,0206,0806600010206,833,6.726233402358747
08,066,0001,0418,0806600010418,272,5.60947179518496
08,066,0001,0422,0806600010422,94,4.553876891600541
08,067,0001,0716,0806700010716,113,4.736198448394496
08,067,0001,0720,0806700010720,485,6.186208623900494
08,067,0001,0735,0806700010735,468,6.150602768446279
08,067,0001,074A,080670001074A,431,6.068425588244111
08,067,0001,0769,0806700010769,22,3.1354942159291497
08,067,0001,0773,0806700010773,47,3.871201010907891
08,067,0001,0788,0806700010788,304,5.720311776607412
08,067,0001,0792,0806700010792,315,5.755742213586912
08,067,0001,0805,0806700010805,0,0.0
08,067,0001,081A,080670001081A,4,1.6094379124341003
08,067,0001,0824,0806700010824,0,0.0
08,067,0001,0839,0806700010839,31,3.4657359027997265
08,067,0001,0843,0806700010843,0,0.0
08,067,0001,0858,0806700010858,0,0.0
08,067,0001,0862,0806700010862,3,1.3862943611198906
