ENTIDAD,MUN,LOC,AGEB,CVEGEO,POBTOT,log_POBTOT
09,002,0001,0010,0900200010010,3424,8.138856750696325
09,002,0001,0025,0900200010025,5912,8.68490859582083
09,002,0001,003A,090020001003A,4638,8.442254104751743
09,002,0001,0044,0900200010044,5007,8.518791912779934
09,002,0001,0097,0900200010097,2260,7.72356247227797
09,002,0001,010A,090020001010A,3385,8.12740456269308
09,002,0001,0114,0900200010114,10265,9.236592743120248
09,002,0001,0129,0900200010129,5005,8.518392471991719
09,002,0001,0133,0900200010133,7028,8.857799727175905
09,002,0001,0148,0900200010148,2645,7.880804344674901
09,002,0001,0167,0900200010167,3169,8.061486866871327
09,002,0001,0171,0900200010171,2466,7.810758116529357
09,002,0001,0186,0900200010186,7474,8.919319398258887
09,002,0001,0190,0900200010190,7548,8.929170383139624
09,002,0001,0203,0900200010203,6107,8.717354666338522
09,002,0001,0218,0900200010218,3970,8.286773231131251
09,002,0001,0222,0900200010222,6901,8.839566503657949
09,002,0001,0237,0900200010237,6355,8.757154527656606
09,002,0001,0256,0900200010256,4438,8.398184404834035
09,002,0001,0260,0900200010260,5150,8.546946149565585
09,002,0001,0275,0900200010275,7839,8.966994113344454
09,002,0001,028A,090020001028A,3257,8.08886878916199
09,002,0001,0294,0900200010294,5385,8.591558273371545
09,002,0001,0307,0900200010307,6178,8.72891172506098
09,002,0001,0311,0900200010311,3466,8.151044945685024
09,002,0001,0326,0900200010326,7255,8.889583991794973
09,002,0001,0330,0900200010330,2442,7.8009820712577405
09,002,0001,0345,0900200010345,3821,8.248529124800218
09,002,0001,035A,090020001035A,4788,8.47407690034261
09,002,0001,0364,0900200010364,3744,8.22817689595132
09,002,0001,0379,0900200010379,5070,8.531293315795018
09,002,0001,0383,0900200010383,4267,8.358900612421644
09,002,0001,0398,0900200010398,4103,8.319717386850606
09,002,0001,0400,0900200010400,4042,8.304742269640771
09,002,0001,0415,0900200010415,4280,8.361941906144946
09,002,0001,0434,0900200010434,3071,8.030084094267563
09,002,0001,0449,0900200010449,2959,7.992944547318106
09,002,0001,0468,0900200010468,3316,8.106816038947052
09,002,0001,0472,0900200010472,6395,8.763428073953845
09,002,0001,0487,0900200010487,3921,8.274357006756292
09,002,0001,0491,0900200010491,6048,8.707648248106914
09,002,0001,0504,0900200010504,4623,8.439015410352214
09,002,0001,0519,0900200010519,2513,7.829630389150193
09,002,0001,0542,0900200010542,3013,8.01102337918644
09,002,0001,0557,0900200010557,4698,8.455104999102815
09,002,0001,0561,0900200010561,3187,8.067149039910106
09,002,0001,0576,0900200010576,3243,8.084562415235304
09,002,0001,0580,0900200010580,4210,8.345455428161928
09,002,0001,0595,0900200010595,4637,8.442038517815478
09,002,0001,0608,0900200010608,5002,8.517793011488205
09,002,0001,0612,0900200010612,4351,8.378390788535778
09,002,0001,0627,0900200010627,5097,8.53660358493606
09,002,0001,0631,0900200010631,5242,8.564649132572534
09,002,0001,0650,0900200010650,6888,8.837681215593197
09,002,0001,0665,0900200010665,7698,8.94884572927805
09,002,0001,067A,090020001067A,6274,8.744328763999984
09,002,0001,0684,0900200010684,4562,8.425735580927402
09,002,0001,0699,0900200010699,2648,7.88193748927207
09,002,0001,0701,0900200010701,2518,7.831617276352611
09,002,0001,0716,0900200010716,4245,8.353732642263202
09,002,0001,0720,0900200010720,3099,8.039157390473237
09,002,0001,074A,090020001074A,3144,8.05356916913454
09,002,0001,0754,0900200010754,2543,7.841492924460013
09,002,0001,0769,0900200010769,5172,8.551208070003515
09,002,0001,0773,0900200010773,2718,7.908019444632471
09,002,0001,0788,0900200010788,2651,7.883069351305753
09,002,0001,0792,0900200010792,4901,8.497398564088058
09,002,0001,0805,0900200010805,2021,7.611842399580417
09,002,0001,081A,090020001081A,3260,8.089789175789319
09,002,0001,0824,0900200010824,2737,7.914983005848394
09,002,0001,0839,0900200010839,3160,8.058643712215618
09,002,0001,0843,0900200010843,3796,8.241966560231802
09,002,0001,0858,0900200010858,4493,8.410498452745275
09,002,0001,0877,0900200010877,804,6.690842277418564
09,002,0001,0881,0900200010881,5625,8.635153989049803
09,002,0001,0896,0900200010896,1768,7.478169694159785
09,002,0001,0909,0900200010909,1855,7.526178913346146
09,002,0001,0913,0900200010913,3631,8.197538739721184
09,002,0001,0928,0900200010928,995,6.903747257584598
09,002,0001,0932,0900200010932,380,5.942799375126701
09,002,0001,0947,0900200010947,5093,8.535818655539403
09,002,0001,0966,0900200010966,2133,7.665753431861699
09,002,0001,0970,0900200010970,3027,8.01565761455734
09,002,0001,0985,0900200010985,2475,7.814399633804487
09,002,0001,099A,090020001099A,1259,7.138866999945524
09,002,0001,1004,0900200011004,6765,8.819665349340653
09,002,0001,1019,0900200011019,1649,7.408530566894626
09,002,0001,1023,0900200011023,5099,8.536995818712418
09,002,0001,1038,0900200011038,7376,8.906122330884303
09,002,0001,1042,0900200011042,6282,8.745602852402946
09,002,0001,1057,0900200011057,2835,7.950149887652018
09,002,0001,1061,0900200011061,1814,7.503840746698951
09,002,0001,1076,0900200011076,0,0.0
09,002,0001,1080,0900200011080,3211,8.074649075066652
09,002,0001,1095,0900200011095,6809,8.826147399143558
09,002,0001,1112,0900200011112,4415,8.392989587956931
09,002,0001,1127,0900200011127,3085,8.034631032923107
09,002,0001,1131,0900200011131,2880,7.9658927350845286
09,002,0001,1146,0900200011146,1083,6.988413181999592
09,002,0001,1150,0900200011150,1633,7.3987862754199485
09,002,0001,1165,0900200011165,401,5.996452088619021
09,002,0001,117A,090020001117A,1714,7.44716835960004
09,002,0001,1184,0900200011184,1477,7.298445101508147
09,003,0001,0018,0900300010018,1622,7.392031567514591
09,003,0001,0022,0900300010022,1655,7.412160334945205
09,003,0001,0037,0900300010037,1329,7.1929342212158
09,003,0001,0041,0900300010041,3756,8.231376045573969
09,003,0001,0056,0900300010056,4008,8.296297112642508
09,003,0001,0060,0900300010060,3852,8.256607344626158
09,003,0001,0075,0900300010075,2965,7.994969522697877
09,003,0001,008A,090030001008A,2262,7.724446645633537
09,003,0001,0094,0900300010094,3411,8.13505390861157
09,003,0001,0107,0900300010107,7058,8.862058677395472
09,003,0001,0111,0900300010111,1383,7.232733136177615
09,003,0001,0126,0900300010126,1822,7.508238774678663
09,003,0001,0130,0900300010130,2645,7.880804344674901
09,003,0001,0145,0900300010145,2385,7.777373602657861
09,003,0001,015A,090030001015A,5125,8.542080906924017
09,003,0001,0164,0900300010164,2850,7.955425088912672
09,003,0001,0179,0900300010179,2085,7.643003635560718
09,003,0001,0183,0900300010183,3205,8.072779333169498
09,003,0001,0198,0900300010198,1615,7.38770923908104
09,003,0001,0200,0900300010200,5729,8.653470809708786
09,003,0001,0215,0900300010215,6275,8.744488113852924
09,003,0001,022A,090030001022A,8197,9.011645501064283
09,003,0001,0234,0900300010234,729,6.593044534142437
09,003,0001,0249,0900300010249,783,6.664409020350408
09,003,0001,0268,0900300010268,1442,7.274479558773871
09,003,0001,0272,0900300010272,3468,8.15162164696975
09,003,0001,0287,0900300010287,8323,9.026898187513526
09,003,0001,0291,0900300010291,4092,8.317033476492403
09,003,0001,0304,0900300010304,1606,7.382124365737512
09,003,0001,0319,0900300010319,2718,7.908019444632471
09,003,0001,0323,0900300010323,3135,8.0507033814703
09,003,0001,0342,0900300010342,3548,8.174421152646497
09,003,0001,0357,0900300010357,4860,8.488999457045455
09,003,0001,0361,0900300010361,2082,7.641564441260972
09,003,0001,0376,0900300010376,1448,7.278628942320682
09,003,0001,0380,0900300010380,2397,7.7823903355874595
09,003,0001,0395,0900300010395,2242,7.715569534520208
09,003,0001,0408,0900300010408,1692,7.4342573821331355
09,003,0001,0412,0900300010412,3873,8.262042843966942
09,003,0001,0427,0900300010427,2145,7.671360923190644
09,003,0001,0431,0900300010431,5145,8.545974992841689
09,003,0001,0446,0900300010446,5081,8.53346016388011
09,003,0001,0450,0900300010450,6611,8.796641458940915
09,003,0001,0465,0900300010465,1527,7.331714969726466
09,003,0001,0484,0900300010484,1099,7.003065458786462
09,003,0001,0499,0900300010499,2534,7.837948916025283
09,003,0001,0501,0900300010501,3331,8.111328003286733
09,003,0001,0516,0900300010516,1365,7.2196420401307355
09,003,0001,0520,0900300010520,2643,7.880048200971577
09,003,0001,0535,0900300010535,8789,9.081369990679223
09,003,0001,054A,090030001054A,1339,7.200424892944957
09,003,0001,0554,0900300010554,4849,8.48673398393153
09,003,0001,0573,0900300010573,12179,9.407550541263888
09,003,0001,0588,0900300010588,1840,7.518064181233078
09,003,0001,0605,0900300010605,4041,8.304494897963567
09,003,0001,061A,090030001061A,11031,9.308555419473137
09,003,0001,0624,0900300010624,10248,9.234935418831563
09,003,0001,0639,0900300010639,12372,9.423271958213975
09,003,0001,0643,0900300010643,9265,9.134107065976593
09,003,0001,0658,0900300010658,11535,9.353227859524731
09,003,0001,0662,0900300010662,5604,8.63141433550626
09,003,0001,0677,0900300010677,7693,8.94819608331224
09,003,0001,0681,0900300010681,3507,8.162801353492073
09,003,0001,0696,0900300010696,1949,7.575584651557793
09,003,0001,0709,0900300010709,3311,8.10530751550515
09,003,0001,0713,0900300010713,4664,8.447843113281444
09,003,0001,0728,0900300010728,4011,8.297045149081827
09,003,0001,0770,0900300010770,280,5.638354669333745
09,003,0001,0785,0900300010785,11211,9.324739912284679
09,003,0001,079A,090030001079A,8078,8.997023381479709
09,003,0001,0802,0900300010802,13380,9.50159106930499
09,003,0001,0817,0900300010817,9846,9.194922119247803
09,003,0001,0821,0900300010821,5061,8.529516941105069
09,003,0001,0836,0900300010836,6285,8.746080217357513
09,003,0001,0840,0900300010840,6039,8.706159290928861
09,003,0001,0855,0900300010855,2774,7.928406026180535
09,003,0001,086A,090030001086A,2705,7.903226808730733
09,003,0001,0889,0900300010889,2633,7.876258882303226
09,003,0001,0893,0900300010893,1922,7.56164174558878
09,003,0001,0906,0900300010906,3409,8.134467570277563
09,003,0001,093A,090030001093A,1313,7.1808311990445555
09,003,0001,0959,0900300010959,4568,8.427049641563272
09,003,0001,0963,0900300010963,6162,8.726318950962243
09,003,0001,0978,0900300010978,8305,9.024733424190698
09,003,0001,0982,0900300010982,6450,8.771990436532242
09,003,0001,0997,0900300010997,8897,9.093581811365986
09,003,0001,1001,0900300011001,7413,8.911125383710678
09,003,0001,1016,0900300011016,6195,8.73165920153676
09,003,0001,1020,0900300011020,3205,8.072779333169498
09,003,0001,1069,0900300011069,1773,7.480992162869525
09,003,0001,1073,0900300011073,1660,7.415175109613295
09,003,0001,1092,0900300011092,5351,8.585225601808064
09,003,0001,1105,0900300011105,2667,7.889084407035514
09,003,0001,1124,0900300011124,6689,8.808369153122275
09,003,0001,1139,0900300011139,702,6.555356891810665
09,003,0001,1143,0900300011143,626,6.440946540632921
09,003,0001,1158,0900300011158,8917,9.095826985187422
09,003,0001,1162,0900300011162,15107,9.622979683832348
09,003,0001,1181,0900300011181,4373,8.383433201236713
09,003,0001,1213,0900300011213,5817,8.668711839055147
09,003,0001,1228,0900300011228,2015,7.60887062919126
09,003,0001,1232,0900300011232,3112,8.043342170441608
09,003,0001,1247,0900300011247,5243,8.56483984488359
09,003,0001,1251,0900300011251,2500,7.824445930877619
09,003,0001,1266,0900300011266,2846,7.954021087278037
09,003,0001,1270,0900300011270,4379,8.384804003370492
09,003,0001,1285,0900300011285,3808,8.245121966478605
09,003,0001,129A,090030001129A,3664,8.206583614320753
09,003,0001,1302,0900300011302,1990,7.596392304064196
09,003,0001,1317,0900300011317,2747,7.91862865334224
09,003,0001,1321,0900300011321,3906,8.27052509505507
09,003,0001,1336,0900300011336,3144,8.05356916913454
09,003,0001,1340,0900300011340,2647,7.881559917056899
09,003,0001,1355,0900300011355,2663,7.88758403166028
09,003,0001,136A,090030001136A,2451,7.804659297056102
09,003,0001,1374,0900300011374,2521,7.8328075165248645
09,003,0001,1389,0900300011389,3630,8.197263371414335
09,003,0001,1393,0900300011393,2933,7.984121958702927
09,003,0001,1406,0900300011406,3078,8.0323601479245
09,003,0001,1410,0900300011410,3706,8.217978203150732
09,003,0001,1425,0900300011425,6975,8.850230965588816
09,003,0001,143A,090030001143A,2893,7.970394907191429
09,003,0001,1444,0900300011444,2632,7.87587915949631
09,003,0001,1459,0900300011459,2584,7.85748078694253
09,003,0001,1463,0900300011463,3205,8.072779333169498
09,003,0001,1478,0900300011478,4162,8.333991247194975
09,003,0001,1482,0900300011482,4255,8.35608503102148
09,003,0001,1497,0900300011497,5598,8.630343289348893
09,003,0001,150A,090030001150A,4931,8.503499864284235
09,003,0001,1514,0900300011514,6177,8.728749873478527
09,003,0001,1529,0900300011529,5286,8.57300625623545
09,003,0001,1533,0900300011533,0,0.0
09,003,0001,1548,0900300011548,1598,7.377133712833954
09,003,0001,1552,0900300011552,1794,7.492760300922379
09,003,0001,1567,0900300011567,1748,7.466799475018602
09,003,0001,1571,0900300011571,1868,7.533158807455563
09,003,0001,1586,0900300011586,437,6.082218910376446
09,003,0001,1590,0900300011590,1898,7.549082710812286
09,003,0001,1618,0900300011618,977,6.885509670034818
09,003,0001,1622,0900300011622,2650,7.8826922062890254
09,003,0001,1637,0900300011637,2923,7.980707820869669
09,003,0001,1641,0900300011641,1970,7.58629630715272
09,003,0001,1656,0900300011656,3015,8.011686729127847
09,003,0001,1660,0900300011660,3126,8.047829357457841
09,003,0001,1675,0900300011675,3911,8.271804031154709
09,003,0001,168A,090030001168A,1848,7.522400231387125
09,003,0001,1694,0900300011694,1634,7.399398083331354
09,003,0001,1707,0900300011707,5027,8.522777569710138
09,003,0001,1726,0900300011726,2989,8.003028666384733
09,003,0001,1730,0900300011730,707,6.56244409369372
09,003,0001,1745,0900300011745,3261,8.09009578318096
09,003,0001,175A,090030001175A,3564,8.178919332848396
09,003,0001,1764,0900300011764,3169,8.061486866871327
09,003,0001,1779,0900300011779,1953,7.577633832602728
09,003,0001,1783,0900300011783,2818,7.9441374911141125
09,003,0001,1798,0900300011798,657,6.489204931325317
09,004,0001,002A,090040001002A,4727,8.461257559085935
09,004,0001,0049,0900400010049,4089,8.316300249036848
09,004,0001,0053,0900400010053,6692,8.808817483100642
09,004,0001,0072,0900400010072,3412,8.135346948906706
09,004,0001,0091,0900400010091,11430,9.344084242025778
09,004,0001,0104,0900400010104,6314,8.750683034784592
09,004,0001,0119,0900400010119,3341,8.114324709155339
09,004,0001,0123,0900400010123,5350,8.585038738311304
09,004,0001,0138,0900400010138,6765,8.819665349340653
09,004,0001,0176,0900400010176,8025,8.990441550826862
09,004,0001,0180,0900400010180,5609,8.632305998516742
09,004,0001,0195,0900400010195,10358,9.245610986058102
09,004,0001,0208,0900400010208,6461,8.773694146384443
09,004,0001,0212,0900400010212,4704,8.45638105201948
09,004,0001,0227,0900400010227,8879,9.091556835986216
09,004,0001,0231,0900400010231,8958,9.100413892597578
09,004,0001,0250,0900400010250,3756,8.231376045573969
09,004,0001,027A,090040001027A,4915,8.500250470685925
09,004,0001,0299,0900400010299,8015,8.989194823324645
09,004,0001,0301,0900400010301,4216,8.34687925374656
09,004,0001,0320,0900400010320,2792,7.934871565945177
09,004,0001,034A,090040001034A,3172,8.062432791583195
09,004,0001,0354,0900400010354,7010,8.855235623206967
09,004,0001,0369,0900400010369,5681,8.645058562414134
09,004,0001,0373,0900400010373,8672,9.067970030684457
09,004,0001,0392,0900400010392,554,6.318968113746434
09,004,0001,0405,0900400010405,4411,8.392083380373393
09,004,0001,041A,090040001041A,2183,7.688913336864796
09,004,0020,0246,0900400200246,9076,9.113499020526627
09,004,0020,0316,0900400200316,12818,9.458683724312134
09,004,0020,0388,0900400200388,1143,7.042286171939743
09,005,0001,0012,0900500010012,4312,8.369388996647842
09,005,0001,0027,0900500010027,5407,8.5956346177228
09,005,0001,0050,0900500010050,10216,9.231808278591423
09,005,0001,0084,0900500010084,3358,8.119398589612294
09,005,0001,0099,0900500010099,4627,8.439880088313567
09,005,0001,0101,0900500010101,5161,8.54907938027856
09,005,0001,0135,0900500010135,4752,8.46653127661401
09,005,0001,014A,090050001014A,4730,8.461891875631148
09,005,0001,0154,0900500010154,12546,9.4372368721597
09,005,0001,0169,0900500010169,7794,8.961237781491876
09,005,0001,0173,0900500010173,4629,8.440312147080279
09,005,0001,0188,0900500010188,4675,8.450198322591959
09,005,0001,0192,0900500010192,5587,8.628376720376853
09,005,0001,0205,0900500010205,6504,8.780326390946605
09,005,0001,0224,0900500010224,3090,8.036249942132116
09,005,0001,0243,0900500010243,7579,8.933268478636418
09,005,0001,0258,0900500010258,5381,8.590815331286851
09,005,0001,0262,0900500010262,4360,8.380456667842767
09,005,0001,0277,0900500010277,3229,8.080237416216702
09,005,0001,0281,0900500010281,2726,7.910957382845589
09,005,0001,0296,0900500010296,2801,7.938088726896952
09,005,0001,0309,0900500010309,2255,7.721348612617949
09,005,0001,0313,0900500010313,3901,8.269244521183056
09,005,0001,0328,0900500010328,1721,7.451241684987676
09,005,0001,0332,0900500010332,6347,8.7558950816463
09,005,0001,0351,0900500010351,5142,8.545391845774915
09,005,0001,0366,0900500010366,10011,9.211539652551664
09,005,0001,0370,0900500010370,3074,8.031060180240619
09,005,0001,0385,0900500010385,6268,8.743372131273969
09,005,0001,039A,090050001039A,5660,8.64135583403666
09,005,0001,0402,0900500010402,5642,8.63817111796914
09,005,0001,0417,0900500010417,4853,8.487558386286548
09,005,0001,0421,0900500010421,3836,8.252446090246952
09,005,0001,0436,0900500010436,4353,8.378850241794492
09,005,0001,0440,0900500010440,4552,8.423541635334782
09,005,0001,0455,0900500010455,4112,8.321907968230423
09,005,0001,0474,0900500010474,5381,8.590815331286851
09,005,0001,0489,0900500010489,3582,8.183955717304954
09,005,0001,0493,0900500010493,2873,7.96346006663897
09,005,0001,0506,0900500010506,2357,7.765569081097317
09,005,0001,0510,0900500010510,860,6.7580945044277305
09,005,0001,0525,0900500010525,1209,7.098375638590786
09,005,0001,0559,0900500010559,2910,7.976251943745623
09,005,0001,0563,0900500010563,3660,8.205491613120236
09,005,0001,0582,0900500010582,3010,8.010027528481734
09,005,0001,0597,0900500010597,4622,8.438799123988225
09,005,0001,060A,090050001060A,1676,7.424761761823209
09,005,0001,0614,0900500010614,789,6.672032945461067
09,005,0001,0629,0900500010629,841,6.7357800142423265
09,005,0001,0633,0900500010633,2630,7.875119281040293
09,005,0001,0667,0900500010667,5898,8.682538124003075
09,005,0001,0671,0900500010671,5526,8.617400451833262
09,005,0001,0703,0900500010703,7928,8.978282203272398
09,005,0001,0718,0900500010718,0,0.0
09,005,0001,0722,0900500010722,3399,8.131530710604252
09,005,0001,0737,0900500010737,3170,8.061802274538348
09,005,0001,0741,0900500010741,2430,7.796057974316123
09,005,0001,0756,0900500010756,33,3.5263605246161616
09,005,0001,0760,0900500010760,2429,7.795646536334594
09,005,0001,0775,0900500010775,1967,7.584773077612199
09,005,0001,078A,090050001078A,2063,7.6324011266014535
09,005,0001,0794,0900500010794,2533,7.837554360881084
09,005,0001,0807,0900500010807,1182,7.075808863978387
09,005,0001,0811,0900500010811,5441,8.601901919343192
09,005,0001,0826,0900500010826,4211,8.345692873253865
09,005,0001,0830,0900500010830,4677,8.450625947144124
09,005,0001,0845,0900500010845,8230,9.015662792972645
09,005,0001,085A,090050001085A,5397,8.59378379357795
09,005,0001,0864,0900500010864,5753,8.657650544111494
09,005,0001,0879,0900500010879,2030,7.616283561580385
09,005,0001,0883,0900500010883,808,6.695798917058491
09,005,0001,0898,0900500010898,1563,7.355001921105257
09,005,0001,0900,0900500010900,2055,7.628517626575055
09,005,0001,0915,0900500010915,1939,7.570443252057374
09,005,0001,092A,090050001092A,2788,7.933438387627489
09,005,0001,0934,0900500010934,2629,7.874739125171811
09,005,0001,0949,0900500010949,1848,7.522400231387125
09,005,0001,0953,0900500010953,1748,7.466799475018602
09,005,0001,0968,0900500010968,1499,7.313220387090301
09,005,0001,0972,0900500010972,2752,7.920446505142607
09,005,0001,0987,0900500010987,2609,7.867105500316739
09,005,0001,0991,0900500010991,5587,8.628376720376853
09,005,0001,1006,0900500011006,4485,8.408716715080153
09,005,0001,1025,0900500011025,7672,8.945462952177666
09,005,0001,103A,090050001103A,4312,8.369388996647842
09,005,0001,1044,0900500011044,6423,8.767796255626598
09,005,0001,1059,0900500011059,4268,8.359134886757962
09,005,0001,1063,0900500011063,2435,7.798112628829788
09,005,0001,1078,0900500011078,0,0.0
09,005,0001,1082,0900500011082,2836,7.950502434808851
09,005,0001,1097,0900500011097,2473,7.813591552952433
09,005,0001,110A,090050001110A,3245,8.085178748074537
09,005,0001,1114,0900500011114,2017,7.609862200913554
09,005,0001,1129,0900500011129,1806,7.499423290592229
09,005,0001,1133,0900500011133,6124,8.720134035412928
09,005,0001,1148,0900500011148,4825,8.481773246184977
09,005,0001,1152,0900500011152,4370,8.382747094863314
09,005,0001,1167,0900500011167,5891,8.681350777582521
09,005,0001,1171,0900500011171,6380,8.761080103868347
09,005,0001,1186,0900500011186,6513,8.781708985836179
09,005,0001,1190,0900500011190,5334,8.582044163735853
09,005,0001,1203,0900500011203,3397,8.130942302231878
09,005,0001,1218,0900500011218,4143,8.329416783939319
09,005,0001,1222,0900500011222,4389,8.387084506069217
09,005,0001,1237,0900500011237,3415,8.13622555490846
09,005,0001,1241,0900500011241,99,4.605170185988092
09,005,0001,1256,0900500011256,1179,7.07326971745971
09,005,0001,1260,0900500011260,2431,7.796469243086058
09,005,0001,1275,0900500011275,2734,7.913886714856082
09,005,0001,128A,090050001128A,7870,8.97094039814245
09,005,0001,1294,0900500011294,6830,8.82922635473185
09,005,0001,1307,0900500011307,11124,9.31695010703444
09,005,0001,1311,0900500011311,2332,7.75491027202143
09,005,0001,1326,0900500011326,2673,7.891330757661889
09,005,0001,1330,0900500011330,5158,8.54849804124465
09,005,0001,1345,0900500011345,6493,8.77863395266279
09,005,0001,135A,090050001135A,6431,8.769040810858803
09,005,0001,1364,0900500011364,4704,8.45638105201948
09,005,0001,1379,0900500011379,5747,8.656607247198915
09,005,0001,1383,0900500011383,4126,8.325306029752582
09,005,0001,1398,0900500011398,3165,8.060224240440958
09,005,0001,1400,0900500011400,4322,8.371704884667631
09,005,0001,1415,0900500011415,3885,8.265135629937385
09,005,0001,142A,090050001142A,2091,7.645875825184813
09,005,0001,1434,0900500011434,1668,7.419979923661835
09,005,0001,1449,0900500011449,3121,8.046229101075378
09,005,0001,1453,0900500011453,3207,8.073402968986406
09,005,0001,1468,0900500011468,1270,7.147559271189454
09,005,0001,1472,0900500011472,3158,8.058010800802085
09,005,0001,1487,0900500011487,2862,7.959625305098115
09,005,0001,1504,0900500011504,1136,7.036148493750536
09,005,0001,1523,0900500011523,5734,8.65434302956347
09,005,0001,1538,0900500011538,4683,8.451907724717607
09,005,0001,1542,0900500011542,5636,8.637107288081575
09,005,0001,1557,0900500011557,3779,8.237479288613633
09,005,0001,1561,0900500011561,3975,8.288031567776464
09,005,0001,1576,0900500011576,4341,8.376090350438238
09,005,0001,1580,0900500011580,3081,8.033334015880062
09,005,0001,1595,0900500011595,3559,8.177515823846075
09,005,0001,1608,0900500011608,2453,7.805474625270857
09,005,0001,1612,0900500011612,2625,7.873217054862741
09,005,0001,1627,0900500011627,609,6.413458957167357
09,005,0001,1631,0900500011631,3638,8.19946419761216
09,005,0001,1646,0900500011646,27,3.332204510175204
09,005,0001,1650,0900500011650,5998,8.699348067653093
09,005,0001,1665,0900500011665,4928,8.502891406705377
09,005,0001,167A,090050001167A,7534,8.927314111060596
09,005,0001,1684,0900500011684,4710,8.45765547870004
09,005,0001,1699,0900500011699,3765,8.233768709217097
09,005,0001,1701,0900500011701,3574,8.181720455128108
09,005,0001,1716,0900500011716,3688,8.213110697596676
09,005,0001,1720,0900500011720,3123,8.046869510959576
09,005,0001,1735,0900500011735,4755,8.467162257810672
09,005,0001,174A,090050001174A,4752,8.46653127661401
09,005,0001,1754,0900500011754,4800,8.476579508530941
09,005,0001,1769,0900500011769,5449,8.60337088765729
09,005,0001,1773,0900500011773,4332,8.374015421739909
09,005,0001,1788,0900500011788,3189,8.06777619577889
09,005,0001,1792,0900500011792,2922,7.980365765111246
09,005,0001,1805,0900500011805,567,6.342121418721152
09,005,0001,181A,090050001181A,3951,8.281977058867758
09,005,0001,1824,0900500011824,3179,8.064636475774222
09,005,0001,1839,0900500011839,4357,8.379768515504566
09,005,0001,1843,0900500011843,4581,8.42989086301344
09,005,0001,1858,0900500011858,2305,7.743269700829004
09,005,0001,1862,0900500011862,4005,8.295548516225763
09,005,0001,1877,0900500011877,2711,7.905441649060286
09,005,0001,1881,0900500011881,2655,7.884576510596324
09,005,0001,1896,0900500011896,4727,8.461257559085935
09,005,0001,1909,0900500011909,6372,8.759825595314295
09,005,0001,1913,0900500011913,7254,8.889446165318288
09,005,0001,1928,0900500011928,5,1.791759469228055
09,005,0001,1932,0900500011932,4227,8.349484346990128
09,005,0001,1951,0900500011951,3179,8.064636475774222
09,005,0001,1970,0900500011970,6393,8.763115329619787
09,005,0001,1985,0900500011985,7008,8.854950316500325
09,005,0001,199A,090050001199A,4564,8.426173793029069
09,005,0001,2004,0900500012004,2926,7.9817332866918855
09,005,0001,2019,0900500012019,4520,8.416488487294606
09,005,0001,2023,0900500012023,4033,8.302513718514158
09,005,0001,2038,0900500012038,3205,8.072779333169498
09,005,0001,2042,0900500012042,4075,8.312871394342615
09,005,0001,2057,0900500012057,2770,7.9269635448629785
09,005,0001,2061,0900500012061,2941,7.9868449011613825
09,005,0001,2076,0900500012076,3343,8.114922974204593
09,005,0001,2080,0900500012080,2408,7.786967002614872
09,005,0001,2095,0900500012095,4439,8.39840965542627
09,005,0001,2108,0900500012108,3932,8.27715777243181
09,005,0001,2112,0900500012112,406,6.008813185442595
09,005,0001,2127,0900500012127,6604,8.795582216956426
09,005,0001,2131,0900500012131,3806,8.244596756382498
09,005,0001,2146,0900500012146,2907,7.97522083865341
09,005,0001,2150,0900500012150,3178,8.064321960910803
09,005,0001,2165,0900500012165,1058,6.9650803456014065
09,005,0001,217A,090050001217A,4749,8.465899897028686
09,005,0001,2184,0900500012184,3002,8.00736706798333
09,005,0001,2199,0900500012199,3630,8.197263371414335
09,005,0001,2201,0900500012201,5068,8.53089883847235
09,005,0001,2216,0900500012216,3901,8.269244521183056
09,005,0001,2220,0900500012220,5981,8.696510239189893
09,005,0001,2235,0900500012235,4171,8.336150816120663
09,005,0001,224A,090050001224A,3859,8.258422462458876
09,005,0001,2254,0900500012254,3284,8.09712193091871
09,005,0001,2269,0900500012269,2940,7.9865049385539955
09,005,0001,2273,0900500012273,5414,8.596928159435091
09,005,0001,2288,0900500012288,8122,9.002454823050954
09,005,0001,2292,0900500012292,4399,8.389359819906353
09,005,0001,2305,0900500012305,3891,8.266678443305896
09,005,0001,231A,090050001231A,3649,8.202482446576537
09,005,0001,2324,0900500012324,3143,8.053251153549096
09,005,0001,2339,0900500012339,760,6.634633357861686
09,005,0001,2343,0900500012343,3465,8.150756470275551
09,005,0001,2358,0900500012358,1782,7.48605261786314
09,005,0001,2362,0900500012362,2384,7.776954403322442
09,005,0001,2377,0900500012377,2991,8.003697339094368
09,005,0001,2381,0900500012381,2877,7.964850887447313
09,005,0001,2396,0900500012396,3762,8.232971790593437
09,005,0001,2409,0900500012409,3892,8.266935347610456
09,005,0001,2428,0900500012428,2595,7.86172707782398
09,005,0001,2432,0900500012432,2783,7.931644021454311
09,005,0001,2447,0900500012447,2808,7.940583827104244
09,005,0001,2451,0900500012451,3389,8.128585200374497
09,005,0001,2466,0900500012466,3272,8.09346227450118
09,005,0001,2470,0900500012470,6109,8.71768205216564
09,005,0001,2485,0900500012485,6886,8.837390855544697
09,005,0001,2502,0900500012502,9,2.302585092994046
09,005,0001,2536,0900500012536,1826,7.510430556378006
09,005,0001,2574,0900500012574,3487,8.15708378502887
09,005,0001,2593,0900500012593,5206,8.557759153162898
09,005,0001,2606,0900500012606,3128,8.048468743668883
09,005,0001,2610,0900500012610,6925,8.843037724962366
09,005,0001,2625,0900500012625,7046,8.860357273327022
09,005,0001,263A,090050001263A,2536,7.838737559599282
09,005,0001,2644,0900500012644,2311,7.7458682297922685
09,005,0001,2659,0900500012659,2312,7.746300662231439
09,005,0001,2663,0900500012663,2872,7.96311205897929
09,005,0001,2678,0900500012678,2681,7.894318063841624
09,005,0001,2682,0900500012682,5533,8.618666160346871
09,005,0001,2697,0900500012697,3076,8.031710375322042
09,005,0001,270A,090050001270A,2678,7.893198869544609
09,005,0001,2714,0900500012714,2896,7.9714309977693505
09,005,0001,2729,0900500012729,4594,8.432724034789787
09,005,0001,2733,0900500012733,3794,8.24143968982973
09,005,0001,2748,0900500012748,3613,8.192570471152173
09,005,0001,2752,0900500012752,4079,8.313852267398207
09,005,0001,2767,0900500012767,5074,8.532081803909987
09,005,0001,2771,0900500012771,5028,8.522976436171964
09,005,0001,2786,0900500012786,2195,7.694392802629421
09,005,0001,2790,0900500012790,4016,8.298290634359283
09,005,0001,2803,0900500012803,4751,8.466320861042481
09,005,0001,2822,0900500012822,3952,8.282230063296685
09,005,0001,2837,0900500012837,3522,8.167068178341237
09,005,0001,2841,0900500012841,2688,7.896924656268864
09,005,0001,2856,0900500012856,4976,8.512582578858554
09,005,0001,2860,0900500012860,5088,8.534836626588833
09,005,0001,2875,0900500012875,2254,7.720905251936779
09,005,0001,288A,090050001288A,1781,7.485491608030754
09,005,0001,2894,0900500012894,2276,7.7306140660637395
09,005,0001,2907,0900500012907,5242,8.564649132572534
09,005,0001,2930,0900500012930,4606,8.435332164935916
09,005,0001,2945,0900500012945,4849,8.48673398393153
09,005,0001,295A,090050001295A,4359,8.38022733634308
09,005,0001,2964,0900500012964,4488,8.409385238781931
09,005,0001,2979,0900500012979,5021,8.52158353971753
09,005,0001,2983,0900500012983,3389,8.128585200374497
09,005,0001,2998,0900500012998,4383,8.385716828627851
09,005,0001,3017,0900500013017,1856,7.526717561352706
09,005,0001,3055,0900500013055,2848,7.954723334497908
09,005,0001,306A,090050001306A,2794,7.9355873855892
09,005,0001,3074,0900500013074,2067,7.63433723562832
09,005,0001,3089,0900500013089,8202,9.01225522000275
09,005,0001,3093,0900500013093,11929,9.386811515091962
09,005,0001,3110,0900500013110,950,6.85751406254539
09,005,0001,3125,0900500013125,3185,8.066521490469993
09,005,0001,313A,090050001313A,1750,7.467942332285852
09,005,0001,3144,0900500013144,4293,8.364973978438726
09,005,0001,3159,0900500013159,5624,8.63497622707262
09,005,0001,3163,0900500013163,2148,7.67275789664251
09,005,0001,3178,0900500013178,2114,7.656810091480378
09,005,0001,3182,0900500013182,2437,7.798933310041217
09,005,0001,3197,0900500013197,5872,8.67812085552252
09,005,0001,320A,090050001320A,2093,7.646831391430482
09,005,0001,3214,0900500013214,5370,8.58876938990546
09,005,0001,3229,0900500013229,3503,8.161660452056282
09,005,0001,3233,0900500013233,5807,8.666991556504632
09,005,0001,3248,0900500013248,4954,8.508152446764088
09,005,0001,3252,0900500013252,5938,8.68929604801586
09,005,0001,3267,0900500013267,3537,8.17131687471973
09,005,0001,3271,0900500013271,4511,8.414495793177895
09,005,0001,3286,0900500013286,2977,7.999007213243955
09,005,0001,3290,0900500013290,4641,8.442900586834382
09,005,0001,3303,0900500013303,1952,7.577121930876679
09,005,0001,3318,0900500013318,4181,8.338544879988579
09,005,0001,3322,0900500013322,4353,8.378850241794492
09,005,0001,3337,0900500013337,3143,8.053251153549096
09,005,0001,3341,0900500013341,2409,7.787382026484701
09,005,0001,3356,0900500013356,1294,7.166265974133638
09,005,0001,3360,0900500013360,3877,8.263074835802596
09,005,0001,3375,0900500013375,1242,7.1252830915107115
09,005,0001,338A,090050001338A,3045,8.021584533455107
09,005,0001,3394,0900500013394,2994,8.00469951054955
09,005,0001,3407,0900500013407,7100,8.867990898182093
09,005,0001,3411,0900500013411,5215,8.559486103606488
09,005,0001,3426,0900500013426,2240,7.714677473800927
09,005,0001,3430,0900500013430,3658,8.204945165019208
09,005,0001,3445,0900500013445,3639,8.199738960630786
09,006,0001,001A,090060001001A,4152,8.331586243630754
09,006,0001,0024,0900600010024,4475,8.406485069431817
09,006,0001,0039,0900600010039,5151,8.54714026778419
09,006,0001,0043,0900600010043,4318,8.3707791729607
09,006,0001,0058,0900600010058,3829,8.250620082174692
09,006,0001,0077,0900600010077,4540,8.420902531097951
09,006,0001,0081,0900600010081,4768,8.469891918298224
09,006,0001,0096,0900600010096,5447,8.60300384782935
09,006,0001,0109,0900600010109,5194,8.555451903533328
09,006,0001,0128,0900600010128,5216,8.559677803022392
09,006,0001,0132,0900600010132,4817,8.480114183174816
09,006,0001,0147,0900600010147,0,0.0
09,006,0001,0151,0900600010151,280,5.638354669333745
09,006,0001,0166,0900600010166,2526,7.834788107388194
09,006,0001,0170,0900600010170,2185,7.689828668736484
09,006,0001,0185,0900600010185,5795,8.664923303440572
09,006,0001,019A,090060001019A,2002,7.602401335665818
09,006,0001,0202,0900600010202,5166,8.550047528287184
09,006,0001,0217,0900600010217,6783,8.822322177471738
09,006,0001,0221,0900600010221,6450,8.771990436532242
09,006,0001,0236,0900600010236,4171,8.336150816120663
09,006,0001,0240,0900600010240,2634,7.876638460975463
09,006,0001,0255,0900600010255,6499,8.779557455883728
09,006,0001,026A,090060001026A,3844,8.254528881939745
09,006,0001,0274,0900600010274,5069,8.531096096585228
09,006,0001,0289,0900600010289,1100,7.00397413672268
09,006,0001,0293,0900600010293,4789,8.474285690404962
09,006,0001,0310,0900600010310,7115,8.870101048785726
09,006,0001,0325,0900600010325,4592,8.432288684325794
09,006,0001,033A,090060001033A,4337,8.37516869138682
09,006,0001,0344,0900600010344,4024,8.300280189852664
09,006,0001,0359,0900600010359,6622,8.798303718484979
09,006,0001,0363,0900600010363,5753,8.657650544111494
09,006,0001,0378,0900600010378,1989,7.595889917718538
09,006,0001,0382,0900600010382,2678,7.893198869544609
09,006,0001,0397,0900600010397,7109,8.869257522797287
09,006,0001,0414,0900600010414,3002,8.00736706798333
09,006,0001,0429,0900600010429,2587,7.858640655620791
09,006,0001,0433,0900600010433,2879,7.965545573129992
09,006,0001,0448,0900600010448,2534,7.837948916025283
09,006,0001,0452,0900600010452,2085,7.643003635560718
09,006,0001,0467,0900600010467,17,2.8903717578961645
09,006,0001,0471,0900600010471,3788,8.239857411018601
09,006,0001,0486,0900600010486,1838,7.516977224604321
09,006,0001,0490,0900600010490,3996,8.293299358711323
09,006,0001,0503,0900600010503,4587,8.431199478249262
09,006,0001,0518,0900600010518,5257,8.567506005289827
09,006,0001,0522,0900600010522,3345,8.11552088154677
09,006,0001,0537,0900600010537,4427,8.395703293828527
09,006,0001,0541,0900600010541,3630,8.197263371414335
09,006,0001,0556,0900600010556,4487,8.409162447202533
09,006,0001,0575,0900600010575,7049,8.860782895806315
09,006,0001,058A,090060001058A,4962,8.50976567558744
09,006,0001,0594,0900600010594,3097,8.038512020976814
09,006,0001,0607,0900600010607,7219,8.884610231886873
09,006,0001,0611,0900600010611,5946,8.690642169706594
09,006,0001,0626,0900600010626,2048,7.6251071482389
09,006,0001,0630,0900600010630,2591,7.860185057472165
09,006,0001,0645,0900600010645,2347,7.761319180947987
09,006,0001,065A,090060001065A,2104,7.652070746116482
09,006,0001,0664,0900600010664,4299,8.366370301681654
09,006,0001,0679,0900600010679,2735,7.914252278742441
09,006,0001,0683,0900600010683,4156,8.332548939252638
09,006,0001,0698,0900600010698,3131,8.049427057110695
09,006,0001,0700,0900600010700,3933,8.277411998949004
09,006,0001,0715,0900600010715,2486,7.818832443803404
09,006,0001,072A,090060001072A,3084,8.034306936339489
09,006,0001,0734,0900600010734,3189,8.06777619577889
09,006,0001,0749,0900600010749,2656,7.884952945759814
09,006,0001,0753,0900600010753,2225,7.70796153183549
09,006,0001,0768,0900600010768,2188,7.691200097522863
09,006,0001,0772,0900600010772,2176,7.685703061234547
09,006,0001,0787,0900600010787,4987,8.514790306799927
09,006,0001,0791,0900600010791,1760,7.473637108496206
09,006,0001,0804,0900600010804,4723,8.460411177317253
09,006,0001,0823,0900600010823,3584,8.184513753033722
09,006,0001,0838,0900600010838,3010,8.010027528481734
09,006,0001,0842,0900600010842,2166,7.681099001536359
09,006,0001,0876,0900600010876,1830,7.5126175446745105
09,006,0001,0880,0900600010880,1918,7.5595594960077
09,006,0001,0895,0900600010895,2427,7.794823152179389
09,006,0001,0908,0900600010908,1413,7.254177846456518
09,006,0001,0927,0900600010927,3045,8.021584533455107
09,006,0001,0931,0900600010931,3320,8.108021221376747
09,006,0001,0946,0900600010946,2536,7.838737559599282
09,006,0001,0950,0900600010950,2442,7.8009820712577405
09,006,0001,0965,0900600010965,1709,7.444248649496705
09,006,0001,097A,090060001097A,1476,7.29776828253138
09,006,0001,0984,0900600010984,1837,7.516433302915632
09,006,0001,0999,0900600010999,948,6.855408798609928
09,006,0001,1003,0900600011003,2543,7.841492924460013
09,006,0001,1018,0900600011018,2322,7.750614732770409
09,006,0001,1022,0900600011022,1996,7.599401333415815
09,006,0001,1037,0900600011037,2563,7.849323818040561
09,006,0001,1041,0900600011041,4441,8.398860004454372
09,006,0001,1056,0900600011056,3696,8.215276958936633
09,006,0001,1060,0900600011060,3497,8.159946655578548
09,006,0001,1075,0900600011075,3080,8.033009498596668
09,006,0001,108A,090060001108A,4180,8.338305731356565
09,006,0001,1094,0900600011094,3703,8.21716859576607
09,006,0001,1107,0900600011107,3934,8.277666160851503
09,006,0001,1111,0900600011111,1508,7.319202458767849
09,006,0001,1126,0900600011126,4228,8.34972083747249
09,006,0001,1130,0900600011130,3501,8.161089512845797
09,006,0001,115A,090060001115A,2021,7.611842399580417
09,006,0001,1164,0900600011164,865,6.763884908562435
09,006,0001,1179,0900600011179,6536,8.78523362361273
09,006,0001,1183,0900600011183,1524,7.329749689041512
09,006,0001,1198,0900600011198,2006,7.604396348796338
09,006,0001,1200,0900600011200,3552,8.175547596021026
09,007,0001,0017,0900700010017,5904,8.683554728631462
09,007,0001,0021,0900700010021,7362,8.904222737368716
09,007,0001,0036,0900700010036,9472,9.156200925875535
09,007,0001,0040,0900700010040,3795,8.241703159729818
09,007,0001,0055,0900700010055,2908,7.975564658495202
09,007,0001,006A,090070001006A,3207,8.073402968986406
09,007,0001,0074,0900700010074,2598,7.8628820346414905
09,007,0001,0089,0900700010089,2371,7.771488760117616
09,007,0001,0093,0900700010093,1380,7.2305631534092925
09,007,0001,0106,0900700010106,1242,7.1252830915107115
09,007,0001,0110,0900700010110,1795,7.493317248862145
09,007,0001,013A,090070001013A,3124,8.047189562170502
09,007,0001,0144,0900700010144,1996,7.599401333415815
09,007,0001,0178,0900700010178,3009,8.009695357742922
09,007,0001,0182,0900700010182,2463,7.80954132465341
09,007,0001,0197,0900700010197,2294,7.738488122494646
09,007,0001,0214,0900700010214,6432,8.769196271411001
09,007,0001,0229,0900700010229,0,0.0
09,007,0001,0233,0900700010233,2076,7.638679823876112
09,007,0001,0248,0900700010248,1811,7.502186486602924
09,007,0001,0252,0900700010252,3584,8.184513753033722
09,007,0001,0271,0900700010271,4715,8.458716261657262
09,007,0001,0286,0900700010286,2486,7.818832443803404
09,007,0001,0290,0900700010290,1676,7.424761761823209
09,007,0001,0303,0900700010303,1103,7.00669522683704
09,007,0001,0318,0900700010318,4092,8.317033476492403
09,007,0001,0322,0900700010322,5004,8.518192691749322
09,007,0001,0337,0900700010337,5904,8.683554728631462
09,007,0001,0356,0900700010356,5237,8.563695025067657
09,007,0001,0360,0900700010360,5121,8.541300266759471
09,007,0001,0375,0900700010375,7071,8.863898604317479
09,007,0001,038A,090070001038A,5368,8.58839695042257
09,007,0001,0407,0900700010407,6403,8.764678074116606
09,007,0001,0411,0900700010411,4751,8.466320861042481
09,007,0001,0426,0900700010426,8045,8.992930352509733
09,007,0001,0445,0900700010445,3803,8.24380842366528
09,007,0001,0464,0900700010464,5215,8.559486103606488
09,007,0001,0479,0900700010479,5438,8.60135049942296
09,007,0001,0483,0900700010483,7744,8.954802752850968
09,007,0001,0498,0900700010498,6156,8.72534492491121
09,007,0001,0500,0900700010500,6775,8.821142236331891
09,007,0001,0515,0900700010515,7579,8.933268478636418
09,007,0001,0534,0900700010534,4288,8.36380888451688
09,007,0001,0553,0900700010553,5816,8.668539943910762
09,007,0001,0568,0900700010568,6023,8.703506769479729
09,007,0001,0572,0900700010572,5194,8.555451903533328
09,007,0001,0587,0900700010587,2708,7.904334842085095
09,007,0001,0591,0900700010591,4701,8.455743229100015
09,007,0001,0604,0900700010604,3845,8.254788926148725
09,007,0001,0619,0900700010619,5712,8.650499558724462
09,007,0001,0623,0900700010623,6728,8.814181823188319
09,007,0001,0638,0900700010638,4481,8.407824654360873
09,007,0001,0642,0900700010642,2522,7.833203948641057
09,007,0001,0657,0900700010657,2004,7.60339933974067
09,007,0001,0676,0900700010676,2581,7.856319571406588
09,007,0001,0680,0900700010680,2784,7.932003152361385
09,007,0001,0695,0900700010695,3327,8.1101268019411
09,007,0001,0708,0900700010708,4288,8.36380888451688
09,007,0001,0727,0900700010727,2239,7.7142311448490855
09,007,0001,0731,0900700010731,11611,9.35979432514452
09,007,0001,0746,0900700010746,7202,8.882252884889363
09,007,0001,0750,0900700010750,8080,8.997270906233448
09,007,0001,0765,0900700010765,3654,8.203851372183879
09,007,0001,077A,090070001077A,4101,8.319229938632326
09,007,0001,0784,0900700010784,6933,8.844192126244968
09,007,0001,0801,0900700010801,3488,8.157370441186774
09,007,0001,0816,0900700010816,1274,7.150701457592526
09,007,0001,0820,0900700010820,1184,7.077498053569231
09,007,0001,0835,0900700010835,7052,8.86120833720818
09,007,0001,084A,090070001084A,6765,8.819665349340653
09,007,0001,0854,0900700010854,4075,8.312871394342615
09,007,0001,0888,0900700010888,4491,8.410053315858335
09,007,0001,0892,0900700010892,2305,7.743269700829004
09,007,0001,0905,0900700010905,2675,7.892078421248119
09,007,0001,091A,090070001091A,1542,7.341483852363161
09,007,0001,0924,0900700010924,3902,8.269500767180615
09,007,0001,0939,0900700010939,4074,8.312626025674962
09,007,0001,0943,0900700010943,3674,8.209308411646937
09,007,0001,0958,0900700010958,5524,8.617038526385954
09,007,0001,0962,0900700010962,7828,8.965590066907914
09,007,0001,0977,0900700010977,6400,8.764209507142004
09,007,0001,0981,0900700010981,5691,8.646816959209742
09,007,0001,1000,0900700011000,4849,8.48673398393153
09,007,0001,1015,0900700011015,6313,8.750524669117937
09,007,0001,1034,0900700011034,6429,8.768729817231666
09,007,0001,1049,0900700011049,4665,8.448057452581375
09,007,0001,1053,0900700011053,7722,8.951958168569265
09,007,0001,1087,0900700011087,5668,8.642768014324304
09,007,0001,1091,0900700011091,4498,8.411610428841172
09,007,0001,1104,0900700011104,6839,8.830543010616596
09,007,0001,1123,0900700011123,6911,8.841014310483892
09,007,0001,1138,0900700011138,4851,8.48714627006394
09,007,0001,1142,0900700011142,3526,8.168202930236053
09,007,0001,1157,0900700011157,3169,8.061486866871327
09,007,0001,1176,0900700011176,2275,7.730174795246222
09,007,0001,1180,0900700011180,2107,7.653494909661253
09,007,0001,1195,0900700011195,3370,8.12296471523406
09,007,0001,1208,0900700011208,841,6.7357800142423265
09,007,0001,1227,0900700011227,5205,8.55756708555451
09,007,0001,1246,0900700011246,4000,8.294299608857235
09,007,0001,1250,0900700011250,2846,7.954021087278037
09,007,0001,1265,0900700011265,3796,8.241966560231802
09,007,0001,127A,090070001127A,2278,7.731492029245684
09,007,0001,1284,0900700011284,1331,7.194436851100335
09,007,0001,1299,0900700011299,3477,8.154212694914229
09,007,0001,1301,0900700011301,3819,8.24800570160062
09,007,0001,1316,0900700011316,3409,8.134467570277563
09,007,0001,1335,0900700011335,0,0.0
09,007,0001,134A,090070001134A,4418,8.39366870513074
09,007,0001,1354,0900700011354,5502,8.613048677059759
09,007,0001,1369,0900700011369,6451,8.772145439245099
09,007,0001,1388,0900700011388,5573,8.625868208041894
09,007,0001,141A,090070001141A,4391,8.387539983189367
09,007,0001,1424,0900700011424,2708,7.904334842085095
09,007,0001,1439,0900700011439,2628,7.874358824729881
09,007,0001,1443,0900700011443,1922,7.56164174558878
09,007,0001,1458,0900700011458,1634,7.399398083331354
09,007,0001,1462,0900700011462,2275,7.730174795246222
09,007,0001,1477,0900700011477,2216,7.7039102096163115
09,007,0001,1481,0900700011481,2434,7.79770203551669
09,007,0001,1496,0900700011496,2422,7.792761720816526
09,007,0001,1509,0900700011509,4692,8.453827315794417
09,007,0001,1513,0900700011513,5306,8.576781982827894
09,007,0001,1566,0900700011566,9068,9.112617283447568
09,007,0001,1585,0900700011585,0,0.0
09,007,0001,159A,090070001159A,6604,8.795582216956426
09,007,0001,1621,0900700011621,4229,8.349957272040324
09,007,0001,1636,0900700011636,2838,7.951207156472972
09,007,0001,1640,0900700011640,4053,8.307459327011946
09,007,0001,1655,0900700011655,2622,7.872073979866873
09,007,0001,166A,090070001166A,3532,8.169902647359145
09,007,0001,1674,0900700011674,3179,8.064636475774222
09,007,0001,1689,0900700011689,2771,7.927324360309794
09,007,0001,1693,0900700011693,2025,7.613818684808629
09,007,0001,1706,0900700011706,7056,8.86177531100083
09,007,0001,1710,0900700011710,7504,8.923324744067562
09,007,0001,1759,0900700011759,3377,8.125039097367745
09,007,0001,1763,0900700011763,6084,8.713582005421628
09,007,0001,1778,0900700011778,7298,8.895492631451633
09,007,0001,1814,0900700011814,3743,8.227909837597483
09,007,0001,1833,0900700011833,3542,8.172729104865471
09,007,0001,1848,0900700011848,3303,8.102889134640868
09,007,0001,1852,0900700011852,5153,8.54752839121231
09,007,0001,1867,0900700011867,11105,9.315240781801553
09,007,0001,1890,0900700011890,5738,8.655040258108363
09,007,0001,1918,0900700011918,4984,8.514188682395938
09,007,0001,1941,0900700011941,4541,8.421122722665503
09,007,0001,1960,0900700011960,3937,8.278428259199071
09,007,0001,1975,0900700011975,3237,8.08271113423758
09,007,0001,198A,090070001198A,6058,8.70930004894499
09,007,0001,1994,0900700011994,17152,9.749928364409826
09,007,0001,2047,0900700012047,9740,9.184099060770956
09,007,0001,2051,0900700012051,9182,9.125109227613523
09,007,0001,2070,0900700012070,3992,8.292298107063221
09,007,0001,2085,0900700012085,5975,8.695506726812653
09,007,0001,209A,090070001209A,3705,8.217708406845306
09,007,0001,2102,0900700012102,3444,8.144679183447758
09,007,0001,2117,0900700012117,3230,8.080546965824498
09,007,0001,2121,0900700012121,51,3.9512437185814275
09,007,0001,2140,0900700012140,7660,8.94389780251682
09,007,0001,2155,0900700012155,3836,8.252446090246952
09,007,0001,216A,090070001216A,3600,8.188966863648876
09,007,0001,2174,0900700012174,2348,7.761744984658913
09,007,0001,2189,0900700012189,2276,7.7306140660637395
09,007,0001,2193,0900700012193,2766,7.925518979786926
09,007,0001,2206,0900700012206,1574,7.362010551259734
09,007,0001,2371,0900700012371,1933,7.56734567601324
09,007,0001,2386,0900700012386,4273,8.360305435879093
09,007,0001,2390,0900700012390,3970,8.286773231131251
09,007,0001,2403,0900700012403,399,5.991464547107982
09,007,0001,2437,0900700012437,4934,8.504107951867582
09,007,0001,2441,0900700012441,4342,8.376320632534823
09,007,0001,2456,0900700012456,3915,8.272826003650401
09,007,0001,2460,0900700012460,3641,8.200288260287554
09,007,0001,2475,0900700012475,0,0.0
09,007,0001,2494,0900700012494,2058,7.629975707027789
09,007,0001,2507,0900700012507,2398,7.782807262839695
09,007,0001,2511,0900700012511,932,6.838405200847344
09,007,0001,2526,0900700012526,1130,7.030857476116121
09,007,0001,2530,0900700012530,10357,9.245514446983837
09,007,0001,2545,0900700012545,6912,8.841158975945264
09,007,0001,255A,090070001255A,4542,8.421342865759403
09,007,0001,2564,0900700012564,6663,8.804475183846678
09,007,0001,2579,0900700012579,4427,8.395703293828527
09,007,0001,2600,0900700012600,4700,8.45553053102413
09,007,0001,2615,0900700012615,7213,8.883778861463485
09,007,0001,262A,090070001262A,5083,8.533853632309345
09,007,0001,2634,0900700012634,4120,8.323851131338817
09,007,0001,2649,0900700012649,4473,8.406038142050075
09,007,0001,2653,0900700012653,3809,8.245384468120747
09,007,0001,2668,0900700012668,3359,8.11969625295725
09,007,0001,2672,0900700012672,805,6.692083742506628
09,007,0001,2687,0900700012687,4453,8.401557847817314
09,007,0001,2691,0900700012691,6991,8.852521917335372
09,007,0001,2704,0900700012704,5352,8.585412430393381
09,007,0001,2719,0900700012719,4673,8.449770515098804
09,007,0001,2723,0900700012723,3137,8.051340933292979
09,007,0001,2738,0900700012738,6262,8.742414582525413
09,007,0001,2757,0900700012757,5433,8.600430789986293
09,007,0001,2776,0900700012776,7787,8.960339366492091
09,007,0001,2780,0900700012780,6944,8.845777255188445
09,007,0001,2795,0900700012795,4923,8.501876487304344
09,007,0001,2808,0900700012808,4283,8.36264243156764
09,007,0001,2812,0900700012812,3772,8.235625719964311
09,007,0001,2831,0900700012831,4838,8.48446336679332
09,007,0001,2846,0900700012846,5516,8.61558951327243
09,007,0001,2850,0900700012850,3798,8.242493153187626
09,007,0001,287A,090070001287A,3015,8.011686729127847
09,007,0001,2884,0900700012884,3746,8.228710798793687
09,007,0001,2899,0900700012899,6228,8.736971085254146
09,007,0001,2901,0900700012901,7549,8.92930284224307
09,007,0001,2920,0900700012920,5889,8.681011276645632
09,007,0001,2935,0900700012935,5530,8.618123909994678
09,007,0001,294A,090070001294A,3112,8.043342170441608
09,007,0001,2954,0900700012954,2022,7.612336837167746
09,007,0001,2969,0900700012969,2361,7.767263996757308
09,007,0001,2973,0900700012973,3680,8.210939733379021
09,007,0001,2988,0900700012988,7265,8.890961212781146
09,007,0001,3026,0900700013026,2671,7.890582534656536
09,007,0001,3030,0900700013030,5787,8.663542087751374
09,007,0001,3045,0900700013045,6312,8.750366278367625
09,007,0001,305A,090070001305A,6252,8.740816627567298
09,007,0001,3064,0900700013064,7239,8.887376485379763
09,007,0001,3079,0900700013079,6882,8.836809882398365
09,007,0001,3083,0900700013083,5543,8.620471540869739
09,007,0001,3100,0900700013100,5077,8.532672762264625
09,007,0001,3115,0900700013115,5512,8.614864218589684
09,007,0001,3134,0900700013134,2031,7.616775808698373
09,007,0001,3149,0900700013149,3849,8.25582842728183
09,007,0001,3153,0900700013153,3440,8.14351740579748
09,007,0001,3204,0900700013204,6255,8.741296282225147
09,007,0001,3219,0900700013219,7190,8.880585523102495
09,007,0001,3223,0900700013223,7028,8.857799727175905
09,007,0001,3238,0900700013238,5920,8.686260632531775
09,007,0001,3242,0900700013242,7935,8.979164648964709
09,007,0001,3257,0900700013257,3950,8.281723990411392
09,007,0001,3276,0900700013276,6290,8.74687531957003
09,007,0001,3295,0900700013295,5171,8.551014739891748
09,007,0001,3327,0900700013327,7540,8.928110078202646
09,007,0001,3346,0900700013346,6269,8.743531633626967
09,007,0001,3365,0900700013365,2582,7.8567067930958405
09,007,0001,337A,090070001337A,7546,8.928905412284868
09,007,0001,3401,0900700013401,7163,8.876823763180603
09,007,0001,3420,0900700013420,3795,8.241703159729818
09,007,0001,3488,0900700013488,5237,8.563695025067657
09,007,0001,3492,0900700013492,5186,8.553910774351401
09,007,0001,3505,0900700013505,5351,8.585225601808064
09,007,0001,351A,090070001351A,5467,8.60666819784384
09,007,0001,3539,0900700013539,4085,8.315321775377567
09,007,0001,3558,0900700013558,1513,7.322510433997394
09,007,0001,3562,0900700013562,1799,7.495541943884256
09,007,0001,3577,0900700013577,2275,7.730174795246222
09,007,0001,3581,0900700013581,4592,8.432288684325794
09,007,0001,3596,0900700013596,5182,8.553139318189707
09,007,0001,3613,0900700013613,1361,7.216709486709457
09,007,0001,3628,0900700013628,1205,7.095064377287131
09,007,0001,3632,0900700013632,7561,8.930890984450878
09,007,0001,3647,0900700013647,2393,7.780720886117918
09,007,0001,3651,0900700013651,2507,7.827240901752812
09,007,0001,3666,0900700013666,1766,7.4770384723196965
09,007,0001,3670,0900700013670,3979,8.289037098278483
09,007,0001,369A,090070001369A,3123,8.046869510959576
09,007,0001,3702,0900700013702,2841,7.952263308657046
09,007,0001,3717,0900700013717,2328,7.753194269884341
09,007,0001,3721,0900700013721,5139,8.544808358449211
09,007,0001,3740,0900700013740,4183,8.339023005744759
09,007,0001,3755,0900700013755,3289,8.098642843759418
09,007,0001,376A,090070001376A,1868,7.533158807455563
09,007,0001,3774,0900700013774,3964,8.285261134068948
09,007,0001,3789,0900700013789,3136,8.051022208190679
09,007,0001,3793,0900700013793,4271,8.35983738064003
09,007,0001,3806,0900700013806,2189,7.691656822810547
09,007,0001,3810,0900700013810,5247,8.565602330623925
09,007,0001,3825,0900700013825,3116,8.044626279767337
09,007,0001,383A,090070001383A,3454,8.14757773620177
09,007,0001,3844,0900700013844,1512,7.321849713788356
09,007,0001,3859,0900700013859,2159,7.67786350067821
09,007,0001,3863,0900700013863,3903,8.269756947532983
09,007,0001,3897,0900700013897,4150,8.33110454805304
09,007,0001,390A,090070001390A,4120,8.323851131338817
09,007,0001,3914,0900700013914,5487,8.610319169405722
09,007,0001,3967,0900700013967,3440,8.14351740579748
09,007,0001,3971,0900700013971,4199,8.34283980427146
09,007,0001,3986,0900700013986,2322,7.750614732770409
09,007,0001,3990,0900700013990,3807,8.244859395911256
09,007,0001,401A,090070001401A,2856,7.957527402230773
09,007,0001,4024,0900700014024,7208,8.883085524404578
09,007,0001,4039,0900700014039,5688,8.646289764750648
09,007,0001,4043,0900700014043,4441,8.398860004454372
09,007,0001,4058,0900700014058,3512,8.164225652265827
09,007,0001,4062,0900700014062,3145,8.053887083618223
09,007,0001,4077,0900700014077,4582,8.430109084509125
09,007,0001,4081,0900700014081,5110,8.53915035876828
09,007,0001,4096,0900700014096,6062,8.70996000607173
09,007,0001,4109,0900700014109,6973,8.849944227235596
09,007,0001,4113,0900700014113,2110,7.65491704784832
09,007,0001,4128,0900700014128,2003,7.602900462204755
09,007,0001,4147,0900700014147,501,6.218600119691729
09,007,0001,4151,0900700014151,1474,7.29641326877392
09,007,0001,4166,0900700014166,2732,7.913155185928068
09,007,0001,4170,0900700014170,4601,8.434246270595311
09,007,0001,4185,0900700014185,3856,8.257644958208228
09,007,0001,419A,090070001419A,3201,8.07153089355666
09,007,0001,4202,0900700014202,3692,8.214194414852564
09,007,0001,4217,0900700014217,3241,8.08394570229562
09,007,0001,4236,0900700014236,7458,8.917176635955164
09,007,0001,4240,0900700014240,4888,8.494743062578646
09,007,0001,426A,090070001426A,4360,8.380456667842767
09,007,0001,4274,0900700014274,5489,8.610683534503575
09,007,0001,4289,0900700014289,2741,7.91644286012226
09,007,0001,4293,0900700014293,4445,8.399760094524142
09,007,0001,4306,0900700014306,1741,7.462789157412448
09,007,0001,4310,0900700014310,2712,7.905810312658931
09,007,0001,4325,0900700014325,1649,7.408530566894626
09,007,0001,433A,090070001433A,4010,8.296795865770052
09,007,0001,4344,0900700014344,2572,7.8528278122817445
09,007,0001,4359,0900700014359,2505,7.826443135456014
09,007,0001,4363,0900700014363,5883,8.679992081721329
09,007,0001,4382,0900700014382,2329,7.753623546559746
09,007,0001,4397,0900700014397,1726,7.454141078146678
09,007,0001,440A,090070001440A,1300,7.170888478512505
09,007,0001,4414,0900700014414,7530,8.926783114101351
09,007,0001,4429,0900700014429,2099,7.649692623711514
09,007,0001,4433,0900700014433,3152,8.056109659545061
09,007,0001,4448,0900700014448,2157,7.67693714581808
09,007,0001,4452,0900700014452,2004,7.60339933974067
09,007,0001,4467,0900700014467,2205,7.698936199813447
09,007,0001,4471,0900700014471,2401,7.784057002639929
09,007,0001,4503,0900700014503,4195,8.341886969516187
09,007,0001,4522,0900700014522,759,6.633318433280377
09,007,0001,4537,0900700014537,820,6.710523109452428
09,007,0001,4541,0900700014541,890,6.792344427470809
09,007,0001,4556,0900700014556,1113,7.01571242048723
09,007,0001,4560,0900700014560,933,6.839476438228843
09,007,0001,4575,0900700014575,509,6.234410725718371
09,007,0001,4594,0900700014594,1096,7.00033446027523
09,007,0001,4611,0900700014611,820,6.710523109452428
09,007,0001,4645,0900700014645,1386,7.234898420314831
09,007,0001,465A,090070001465A,2592,7.860570785538664
09,007,0001,4664,0900700014664,3276,8.094683648698815
09,007,0001,4679,0900700014679,495,6.206575926724928
09,007,0001,4683,0900700014683,2723,7.909856667269403
09,007,0001,4698,0900700014698,3615,8.193123721512068
09,007,0001,4715,0900700014715,0,0.0
09,007,0001,472A,090070001472A,5408,8.595819511871428
09,007,0001,4734,0900700014734,11528,9.352620879232953
09,007,0001,4749,0900700014749,5767,8.660080678964786
09,007,0001,4768,0900700014768,3686,8.212568398234145
09,007,0001,4772,0900700014772,4151,8.331345424845724
09,007,0001,4791,0900700014791,2181,7.687997166393016
09,007,0001,4804,0900700014804,2557,7.846980982138788
09,007,0001,4838,0900700014838,1542,7.341483852363161
09,007,0001,4842,0900700014842,1632,7.398174092970465
09,007,0001,4857,0900700014857,4965,8.510369966068112
09,007,0001,4861,0900700014861,3343,8.114922974204593
09,007,0001,4876,0900700014876,5525,8.617219505483362
09,007,0001,4880,0900700014880,5447,8.60300384782935
09,007,0001,4895,0900700014895,3347,8.116118431609365
09,007,0001,4908,0900700014908,5892,8.681520484837913
09,007,0001,4912,0900700014912,7093,8.867004635333567
09,007,0001,4927,0900700014927,3517,8.165647925297504
09,007,0001,4931,0900700014931,5283,8.572438665642215
09,007,0001,4946,0900700014946,5091,8.535425959677298
09,007,0001,4965,0900700014965,3910,8.271548374755515
09,007,0001,497A,090070001497A,1353,7.21081845347222
09,007,0001,4984,0900700014984,3887,8.265650165580329
09,007,0001,4999,0900700014999,3296,8.10076824307173
09,007,0001,5003,0900700015003,3780,8.237743803890933
09,007,0001,5018,0900700015018,2896,7.9714309977693505
09,007,0001,5037,0900700015037,2209,7.700747794511798
09,007,0001,5041,0900700015041,2978,7.999342952713282
09,007,0001,5056,0900700015056,915,6.82001636467413
09,007,0001,5060,0900700015060,5452,8.60392119492606
09,007,0001,5075,0900700015075,3626,8.196161139282902
09,007,0001,508A,090070001508A,3656,8.204398418149381
09,007,0001,5094,0900700015094,1498,7.312553498102598
09,007,0001,5107,0900700015107,5309,8.577347114235984
09,007,0001,5111,0900700015111,7923,8.977651407818442
09,007,0001,5126,0900700015126,4478,8.4071550862073
09,007,0001,5130,0900700015130,2729,7.912056888179006
09,007,0001,5145,0900700015145,4398,8.389132521348719
09,007,0001,515A,090070001515A,1101,7.004881989712859
09,007,0001,5179,0900700015179,1297,7.168579897264035
09,007,0001,5183,0900700015183,3166,8.06054004653864
09,007,0001,5198,0900700015198,6200,8.732465848349879
09,007,0001,5200,0900700015200,5248,8.5657928612523
09,007,0001,5215,0900700015215,5865,8.676928249537397
09,007,0001,522A,090070001522A,2435,7.798112628829788
09,007,0001,5249,0900700015249,2875,7.964155718840937
09,007,0001,5253,0900700015253,3923,8.274866820685254
09,007,0001,5268,0900700015268,5364,8.587651655064798
09,007,0001,5272,0900700015272,3293,8.099857910737585
09,007,0001,5287,0900700015287,3531,8.16961956172385
09,007,0001,5291,0900700015291,2923,7.980707820869669
09,007,0001,5304,0900700015304,5096,8.536407410340042
09,007,0001,5319,0900700015319,3462,8.149890544402423
09,007,0001,5323,0900700015323,2947,7.988882253309227
09,007,0001,5338,0900700015338,6236,8.738254576526122
09,007,0001,5342,0900700015342,4536,8.420021279663963
09,007,0001,5357,0900700015357,3018,8.012680929706839
09,007,0001,5361,0900700015361,2265,7.725771441587952
09,007,0001,5376,0900700015376,1001,6.90975328164481
09,007,0001,5380,0900700015380,8155,9.006509131694346
09,007,0001,5395,0900700015395,3457,8.148445666243235
09,007,0001,5408,0900700015408,3156,8.057377488557991
09,007,0001,5412,0900700015412,2644,7.8804263442924
09,007,0001,5427,0900700015427,4187,8.339978571990427
09,007,0001,5431,0900700015431,2069,7.635303886259415
09,007,0001,5446,0900700015446,3695,8.215006432761575
09,007,0001,5450,0900700015450,3745,8.228443883004033
09,007,0001,5465,0900700015465,1773,7.480992162869525
09,007,0001,547A,090070001547A,3577,8.182559264068665
09,007,0001,5484,0900700015484,3993,8.29254851397576
09,007,0001,5499,0900700015499,4626,8.439663988907
09,007,0001,5501,0900700015501,5760,8.658866349732383
09,007,0001,5516,0900700015516,4876,8.492285555710053
09,007,0001,5520,0900700015520,3530,8.169336395928386
09,007,0001,5535,0900700015535,3993,8.29254851397576
09,007,0001,554A,090070001554A,1738,7.461065514354283
09,007,0001,5554,0900700015554,2813,7.942362237674335
09,007,0001,5569,0900700015569,4127,8.325548307161398
09,007,0001,5573,0900700015573,3400,8.131824785007195
09,007,0001,5588,0900700015588,4190,8.340694647925071
09,007,0001,5592,0900700015592,1834,7.51479976048867
09,007,0001,5605,0900700015605,2955,7.991592282068092
09,007,0001,561A,090070001561A,1099,7.003065458786462
09,007,0001,5624,0900700015624,3265,8.09132127353041
09,007,0001,5639,0900700015639,1695,7.4360278163518485
09,007,0001,5643,0900700015643,878,6.778784897685177
09,007,0001,5658,0900700015658,4024,8.300280189852664
09,007,0001,5662,0900700015662,2342,7.759187438507795
09,007,0001,5677,0900700015677,5999,8.699514748210191
09,007,0001,5681,0900700015681,7285,8.89370997756851
09,007,0001,5696,0900700015696,1565,7.356279876550748
09,007,0001,5709,0900700015709,3013,8.01102337918644
09,007,0001,5713,0900700015713,3156,8.057377488557991
09,007,0001,5728,0900700015728,1569,7.358830898342354
09,007,0001,5732,0900700015732,2824,7.946263643580541
09,007,0001,5747,0900700015747,2030,7.616283561580385
09,007,0001,5751,0900700015751,2130,7.664346632098617
09,007,0001,5766,0900700015766,2044,7.623153068476902
09,007,0001,5770,0900700015770,1733,7.458186157340487
09,007,0001,5785,0900700015785,532,6.278521424165844
09,007,0001,579A,090070001579A,352,5.8664680569332965
09,007,0001,5802,0900700015802,529,6.272877006546167
09,007,0001,5817,0900700015817,574,6.354370040797351
09,007,0001,5821,0900700015821,549,6.309918278226516
09,007,0001,5836,0900700015836,551,6.313548046277095
09,007,0001,5840,0900700015840,772,6.650279048587422
09,007,0001,5855,0900700015855,573,6.352629396319567
09,007,0001,586A,090070001586A,2404,7.785305182539862
09,007,0001,5874,0900700015874,1253,7.134093721192866
09,007,0001,5889,0900700015889,1937,7.569411792450712
09,007,0001,5893,0900700015893,5180,8.552753366814787
09,007,0001,5906,0900700015906,3799,8.242756345714477
09,007,0001,5910,0900700015910,3739,8.226840890408578
09,007,0001,5925,0900700015925,3652,8.203304026795282
09,007,0001,593A,090070001593A,3815,8.246958032568177
09,008,0001,0014,0900800010014,1605,7.381501894506707
09,008,0001,0029,0900800010029,1345,7.204892510204673
09,008,0001,0033,0900800010033,594,6.38856140554563
09,008,0001,0048,0900800010048,2553,7.845416036592485
09,008,0001,0052,0900800010052,2603,7.86480400332846
09,008,0001,0067,0900800010067,853,6.74993119378857
09,008,0001,0071,0900800010071,1081,6.9865664594064265
09,008,0001,0086,0900800010086,3346,8.115819701211327
09,008,0001,0090,0900800010090,6457,8.77307495131822
09,008,0001,0103,0900800010103,5974,8.695339376799712
09,008,0001,0118,0900800010118,4979,8.513185170018698
09,008,0001,0122,0900800010122,1906,7.553286605600419
09,008,0001,0137,0900800010137,7797,8.961622569542543
09,008,0001,0141,0900800010141,4769,8.470101583882387
09,008,0001,0156,0900800010156,3905,8.270269111436624
09,008,0001,0160,0900800010160,4199,8.34283980427146
09,008,0001,0175,0900800010175,1305,7.174724309836376
09,008,0001,018A,090080001018A,2306,7.7437032581737535
09,008,0001,0194,0900800010194,3144,8.05356916913454
09,008,0001,0207,0900800010207,5042,8.525756422076725
09,008,0001,0211,0900800010211,6008,8.701013624333928
09,008,0001,0226,0900800010226,3996,8.293299358711323
09,008,0001,0230,0900800010230,4586,8.430981494597171
09,008,0001,0245,0900800010245,2812,7.9420068084898565
09,008,0001,025A,090080001025A,3645,8.201385955238608
09,008,0001,0264,0900800010264,5735,8.654517382279456
09,008,0001,0283,0900800010283,4644,8.443546651247939
09,008,0001,0298,0900800010298,2116,7.6577552711348655
09,008,0001,0300,0900800010300,6435,8.769662508112274
09,008,0001,0315,0900800010315,3962,8.284756593190435
09,008,0001,032A,090080001032A,5301,8.57583938684897
09,008,0001,0334,0900800010334,2934,7.984462732262196
09,008,0001,0349,0900800010349,9505,9.159678457173955
09,008,0001,0353,0900800010353,4037,8.303504798872783
09,008,0001,0387,0900800010387,10310,9.240966565517944
09,008,0001,0404,0900800010404,8484,9.046055177668327
09,008,0001,0423,0900800010423,8229,9.015541293671115
09,008,0001,0438,0900800010438,5749,8.656955133791396
09,008,0001,0457,0900800010457,6518,8.782476268924539
09,008,0001,0461,0900800010461,6779,8.821732380934442
09,008,0001,0476,0900800010476,4718,8.459352191726387
09,008,0001,0495,0900800010495,3924,8.275121630216509
09,008,0001,0508,0900800010508,1153,7.050989447068045
09,008,0001,0512,0900800010512,8275,9.021115038865434
09,008,0001,0527,0900800010527,8173,9.008713664124222
09,008,0001,0531,0900800010531,4004,8.29529885950246
09,008,0001,0546,0900800010546,5576,8.626406276389554
09,008,0001,0550,0900800010550,6090,8.714567550836485
09,008,0001,0565,0900800010565,4384,8.385944904806284
09,008,0001,057A,090080001057A,8040,8.99230873254815
09,008,0001,0584,0900800010584,5076,8.532475814947395
09,008,0001,0599,0900800010599,1470,7.293697720601438
09,009,0001,0026,0900900010026,3535,8.170751423757535
09,009,0001,0308,0900900010308,3266,8.09162741160107
09,009,0001,0312,0900900010312,4508,8.413830678421084
09,009,0001,0327,0900900010327,2320,7.749753406274437
09,009,0001,0331,0900900010331,2741,7.91644286012226
09,009,0001,0492,0900900010492,334,5.814130531825066
09,009,0001,0505,0900900010505,662,6.4967749901858625
09,009,0001,0562,0900900010562,908,6.812345094177479
09,009,0011,0401,0900900110401,8910,9.09504174761272
09,009,0011,0416,0900900110416,2975,7.998335395952982
09,009,0011,0420,0900900110420,6499,8.779557455883728
09,009,0011,0435,0900900110435,5002,8.517793011488205
09,009,0011,051A,090090011051A,711,6.568077911411976
09,009,0011,0543,0900900110543,300,5.707110264748875
09,009,0015,012A,090090015012A,4340,8.375860015299594
09,009,0017,0365,0900900170365,4034,8.302761580704049
09,009,0017,037A,090090017037A,2773,7.928045600874777
09,009,0017,0384,0900900170384,3135,8.0507033814703
09,009,0017,0399,0900900170399,1397,7.242797922793756
09,009,0017,0558,0900900170558,117,4.770684624465665
09,009,0024,0191,0900900240191,5302,8.57602797713713
09,009,0024,0204,0900900240204,4747,8.465478755729558
09,009,0024,0219,0900900240219,4183,8.339023005744759
09,009,0024,0577,0900900240577,689,6.536691597591305
09,009,0024,0581,0900900240581,355,5.87493073085203
09,009,0024,0596,0900900240596,154,5.043425116919247
09,009,0024,0651,0900900240651,77,4.356708826689592
09,009,0029,044A,090090029044A,1507,7.318539548567902
09,009,0029,0454,0900900290454,1342,7.202661196523238
09,009,0029,0469,0900900290469,2664,7.887959336599945
09,009,0029,0473,0900900290473,2691,7.898039690764619
09,009,0029,0609,0900900290609,79,4.382026634673881
09,009,0033,0346,0900900330346,4597,8.433376705323127
09,009,0033,0350,0900900330350,7652,8.942853006809921
09,009,0033,0488,0900900330488,1607,7.382746449738912
09,009,0036,0223,0900900360223,3131,8.049427057110695
09,009,0036,0238,0900900360238,3108,8.042056410058754
09,009,0036,0242,0900900360242,4354,8.379079889286603
09,009,0152,0613,0900901520613,1970,7.58629630715272
09,009,0152,0628,0900901520628,1706,7.442492722794441
09,009,0300,0632,0900903000632,1780,7.484930283289661
09,009,0300,0647,0900903000647,1710,7.444833273892193
09,010,0001,0012,0901000010012,1775,7.4821189235521155
09,010,0001,0027,0901000010027,2565,7.850103545175582
09,010,0001,0031,0901000010031,3604,8.190077049719049
09,010,0001,0046,0901000010046,5634,8.636752426473876
09,010,0001,0050,0901000010050,3894,8.267448958304849
09,010,0001,0065,0901000010065,5788,8.663714844079005
09,010,0001,0084,0901000010084,2844,7.953318346560431
09,010,0001,0099,0901000010099,4239,8.352318548226004
09,010,0001,0101,0901000010101,1531,7.3343293503005365
09,010,0001,0116,0901000010116,4258,8.356789669923213
09,010,0001,0135,0901000010135,10874,9.294221855956884
09,010,0001,014A,090100001014A,4571,8.427706024914702
09,010,0001,0169,0901000010169,3008,8.009363076630045
09,010,0001,0173,0901000010173,4751,8.466320861042481
09,010,0001,0188,0901000010188,666,6.502790045915623
09,010,0001,0192,0901000010192,742,6.610696044717759
09,010,0001,0205,0901000010205,528,6.270988431858299
09,010,0001,021A,090100001021A,644,6.4692503167957724
09,010,0001,0224,0901000010224,542,6.297109319933935
09,010,0001,0239,0901000010239,1105,7.00850518208228
09,010,0001,0243,0901000010243,8431,9.039789270781144
09,010,0001,0258,0901000010258,737,6.6039438246004725
09,010,0001,0262,0901000010262,494,6.20455776256869
09,010,0001,0277,0901000010277,461,6.135564891081739
09,010,0001,0281,0901000010281,302,5.713732805509369
09,010,0001,0296,0901000010296,2944,7.987864096085687
09,010,0001,0309,0901000010309,3676,8.209852481301272
09,010,0001,0313,0901000010313,6163,8.726481196440007
09,010,0001,0328,0901000010328,8046,8.993054630146133
09,010,0001,0332,0901000010332,4733,8.46252579007393
09,010,0001,0347,0901000010347,3766,8.23403420769204
09,010,0001,0351,0901000010351,4317,8.370547611074752
09,010,0001,0370,0901000010370,3291,8.09925056179696
09,010,0001,0385,0901000010385,3167,8.060855752934316
09,010,0001,0417,0901000010417,2247,7.717796211013582
09,010,0001,0421,0901000010421,5967,8.694167141883597
09,010,0001,0440,0901000010440,5038,8.524962928680598
09,010,0001,0455,0901000010455,3372,8.12355783506165
09,010,0001,0474,0901000010474,10511,9.260272740724393
09,010,0001,0489,0901000010489,4135,8.327484416188264
09,010,0001,0493,0901000010493,4770,8.470311205516108
09,010,0001,0506,0901000010506,2998,8.00603417874901
09,010,0001,0510,0901000010510,2980,8.000014093678072
09,010,0001,0525,0901000010525,2289,7.736307096548285
09,010,0001,053A,090100001053A,4970,8.511376306094673
09,010,0001,0544,0901000010544,2845,7.953669778649798
09,010,0001,0559,0901000010559,2180,7.687538766201629
09,010,0001,0563,0901000010563,9360,9.144307401371744
09,010,0001,0578,0901000010578,6934,8.844336332748933
09,010,0001,0597,0901000010597,3985,8.29054350077274
09,010,0001,060A,090100001060A,2701,7.9017475185201445
09,010,0001,0614,0901000010614,2005,7.603897968521881
09,010,0001,0629,0901000010629,2676,7.892452043520352
09,010,0001,0633,0901000010633,1894,7.546974117516527
09,010,0001,0648,0901000010648,1627,7.395107546562485
09,010,0001,0667,0901000010667,4771,8.470520783217808
09,010,0001,0671,0901000010671,2991,8.003697339094368
09,010,0001,0686,0901000010686,2637,7.87777633327726
09,010,0001,0690,0901000010690,3828,8.250358951477294
09,010,0001,0703,0901000010703,1922,7.56164174558878
09,010,0001,0718,0901000010718,969,6.877296071497429
09,010,0001,0722,0901000010722,2256,7.721791776817535
09,010,0001,0737,0901000010737,673,6.513230110912307
09,010,0001,0741,0901000010741,3406,8.133587417660966
09,010,0001,0756,0901000010756,1502,7.315218389752975
09,010,0001,0760,0901000010760,849,6.745236349484363
09,010,0001,0775,0901000010775,1461,7.2875606403097235
09,010,0001,078A,090100001078A,1147,7.045776576879511
09,010,0001,0794,0901000010794,773,6.651571873589727
09,010,0001,0807,0901000010807,1904,7.552237287560802
09,010,0001,0811,0901000010811,1054,6.961296045910167
09,010,0001,0826,0901000010826,845,6.740519359606223
09,010,0001,0830,0901000010830,898,6.80128303447162
09,010,0001,0845,0901000010845,1408,7.25063551189868
09,010,0001,0864,0901000010864,5690,8.646641258603124
09,010,0001,0898,0901000010898,2312,7.746300662231439
09,010,0001,0900,0901000010900,2599,7.8632667240095735
09,010,0001,0915,0901000010915,2984,8.001355025826703
09,010,0001,092A,090100001092A,2254,7.720905251936779
09,010,0001,0949,0901000010949,1034,6.942156705699469
09,010,0001,0953,0901000010953,1750,7.467942332285852
09,010,0001,0968,0901000010968,3285,8.097426298597213
09,010,0001,0972,0901000010972,2568,7.851271997109883
09,010,0001,0987,0901000010987,1716,7.448333860897476
09,010,0001,0991,0901000010991,2654,7.884199933676039
09,010,0001,1006,0901000011006,2732,7.913155185928068
09,010,0001,1010,0901000011010,2560,7.848153086199526
09,010,0001,1025,0901000011025,474,6.163314804034641
09,010,0001,103A,090100001103A,2103,7.651595573857601
09,010,0001,1044,0901000011044,3097,8.038512020976814
09,010,0001,1059,0901000011059,2673,7.891330757661889
09,010,0001,1063,0901000011063,2508,7.827639546366422
09,010,0001,1078,0901000011078,6026,8.704004653483045
09,010,0001,110A,090100001110A,3552,8.175547596021026
09,010,0001,1114,0901000011114,1159,7.05617528410041
09,010,0001,1129,0901000011129,1370,7.223295679562314
09,010,0001,1133,0901000011133,2019,7.61085279039525
09,010,0001,1148,0901000011148,5113,8.539737155851132
09,010,0001,1152,0901000011152,2678,7.893198869544609
09,010,0001,1171,0901000011171,13351,9.49942146534167
09,010,0001,1186,0901000011186,3068,8.029107054619736
09,010,0001,1190,0901000011190,3184,8.066207568006265
09,010,0001,1203,0901000011203,248,5.517452896464707
09,010,0001,1218,0901000011218,1652,7.410347097821024
09,010,0001,1222,0901000011222,4162,8.333991247194975
09,010,0001,1237,0901000011237,4047,8.305978210967302
09,010,0001,1241,0901000011241,4498,8.411610428841172
09,010,0001,1260,0901000011260,3368,8.122371243406553
09,010,0001,1275,0901000011275,2870,7.962415680121064
09,010,0001,128A,090100001128A,2332,7.75491027202143
09,010,0001,1294,0901000011294,3232,8.081165777725433
09,010,0001,1307,0901000011307,2015,7.60887062919126
09,010,0001,1330,0901000011330,7665,8.9445502459405
09,010,0001,1345,0901000011345,7849,8.968268810776454
09,010,0001,135A,090100001135A,6529,8.784162222270476
09,010,0001,1364,0901000011364,5744,8.656085190282855
09,010,0001,1379,0901000011379,904,6.807934943699926
09,010,0001,1434,0901000011434,5422,8.59840444684106
09,010,0001,1453,0901000011453,5214,8.559294367434873
09,010,0001,1468,0901000011468,2505,7.826443135456014
09,010,0001,1472,0901000011472,4214,8.346404870435956
09,010,0001,1487,0901000011487,4207,8.344742754417545
09,010,0001,1519,0901000011519,4697,8.454892165218858
09,010,0001,1523,0901000011523,3673,8.20903626577507
09,010,0001,1542,0901000011542,1642,7.404279118037268
09,010,0001,1557,0901000011557,6184,8.729882284826589
09,010,0001,1561,0901000011561,2642,7.879669914604289
09,010,0001,1580,0901000011580,6923,8.8427489162961
09,010,0001,1595,0901000011595,5743,8.65591111072806
09,010,0001,1627,0901000011627,5687,8.646113971483077
09,010,0001,1631,0901000011631,5312,8.577911926450943
09,010,0001,1646,0901000011646,5279,8.571681376700306
09,010,0001,1650,0901000011650,4960,8.509362612301048
09,010,0001,1665,0901000011665,2702,7.902117546276448
09,010,0001,167A,090100001167A,7452,8.916371914881694
09,010,0001,1684,0901000011684,4995,8.516392871245468
09,010,0001,1699,0901000011699,6677,8.8065738205036
09,010,0001,1716,0901000011716,7029,8.857941984804711
09,010,0001,1720,0901000011720,3014,8.011355109161286
09,010,0001,1735,0901000011735,8419,9.038365107236372
09,010,0001,174A,090100001174A,8319,9.026417533815254
09,010,0001,1754,0901000011754,2888,7.968665700466235
09,010,0001,1769,0901000011769,7285,8.89370997756851
09,010,0001,1773,0901000011773,4657,8.446341450444287
09,010,0001,1788,0901000011788,4201,8.343315881404946
09,010,0001,1792,0901000011792,2952,7.990576881743923
09,010,0001,1805,0901000011805,3887,8.265650165580329
09,010,0001,181A,090100001181A,5583,8.627660644442209
09,010,0001,1824,0901000011824,5001,8.517593111437565
09,010,0001,1839,0901000011839,5213,8.559102594493448
09,010,0001,1843,0901000011843,7999,8.987196820661973
09,010,0001,1858,0901000011858,10926,9.298992069570746
09,010,0001,1881,0901000011881,3364,8.121183242078828
09,010,0001,1913,0901000011913,3857,8.257904193465674
09,010,0001,1928,0901000011928,2324,7.751475318021456
09,010,0001,1932,0901000011932,2541,7.8407064517494
09,010,0001,1947,0901000011947,4512,8.414717399827001
09,010,0001,1951,0901000011951,4701,8.455743229100015
09,010,0001,1966,0901000011966,3288,8.098338846189057
09,010,0001,1970,0901000011970,4163,8.33423142973486
09,010,0001,1985,0901000011985,4261,8.357493812658563
09,010,0001,199A,090100001199A,3391,8.129174996911793
09,010,0001,2004,0901000012004,0,0.0
09,010,0001,2019,0901000012019,2998,8.00603417874901
09,010,0001,2023,0901000012023,3993,8.29254851397576
09,010,0001,2038,0901000012038,3684,8.212025804623437
09,010,0001,2042,0901000012042,3732,8.224967478914584
09,010,0001,2057,0901000012057,4586,8.430981494597171
09,010,0001,2061,0901000012061,6415,8.766550149546351
09,010,0001,2076,0901000012076,2688,7.896924656268864
09,010,0001,2080,0901000012080,2599,7.8632667240095735
09,010,0001,2095,0901000012095,5291,8.573951525234847
09,010,0001,2108,0901000012108,4291,8.36450810375059
09,010,0001,2112,0901000012112,9556,9.16502914926618
09,010,0001,2131,0901000012131,1847,7.521859252201629
09,010,0001,2146,0901000012146,2652,7.88344635413774
09,010,0001,2150,0901000012150,4498,8.411610428841172
09,010,0001,2165,0901000012165,3529,8.169053149927343
09,010,0001,2184,0901000012184,2501,7.824845691026856
09,010,0001,2199,0901000012199,5227,8.561784074744113
09,010,0001,2201,0901000012201,2830,7.9483852851118995
09,010,0001,2216,0901000012216,3253,8.087640287778983
09,010,0001,2220,0901000012220,3397,8.130942302231878
09,010,0001,2235,0901000012235,4172,8.336390480591552
09,010,0001,224A,090100001224A,3113,8.043663352393944
09,010,0001,2254,0901000012254,4367,8.38206051742474
09,010,0001,2269,0901000012269,1758,7.472500744737558
09,010,0001,2273,0901000012273,52,3.970291913552122
09,010,0001,2288,0901000012288,5792,8.664405571096625
09,010,0001,2292,0901000012292,5342,8.583542571957771
09,010,0001,2305,0901000012305,3566,8.17948018535889
09,010,0001,231A,090100001231A,2784,7.932003152361385
09,010,0001,2324,0901000012324,2789,7.933796874815411
09,010,0001,2339,0901000012339,2303,7.742402021815782
09,010,0001,2343,0901000012343,5393,8.593042503699674
09,010,0001,2358,0901000012358,2250,7.719129840906732
09,010,0001,2362,0901000012362,2390,7.779466967458324
09,010,0001,2377,0901000012377,2563,7.849323818040561
09,010,0001,2381,0901000012381,61,4.127134385045092
09,011,0001,001A,090110001001A,5312,8.577911926450943
09,011,0001,0039,0901100010039,6636,8.800415333145924
09,011,0001,0043,0901100010043,5127,8.542470998600505
09,011,0001,0058,0901100010058,4119,8.323608442343572
09,011,0001,0077,0901100010077,3452,8.146998697389993
09,011,0001,0096,0901100010096,3530,8.169336395928386
09,011,0001,0113,0901100010113,2777,7.9294865233142895
09,011,0001,0128,0901100010128,3706,8.217978203150732
09,011,0001,0132,0901100010132,4823,8.481358738407021
09,011,0001,0147,0901100010147,3110,8.042699496897637
09,011,0001,0151,0901100010151,1736,7.459914766241105
09,011,0001,0166,0901100010166,2824,7.946263643580541
09,011,0001,0170,0901100010170,3981,8.289539484624141
09,011,0001,0185,0901100010185,4041,8.304494897963567
09,011,0001,0202,0901100010202,4276,8.361007108226909
09,011,0001,0217,0901100010217,5749,8.656955133791396
09,011,0001,0240,0901100010240,3239,8.083328608786376
09,011,0001,0255,0901100010255,1554,7.349230824613334
09,011,0001,026A,090110001026A,1743,7.463936604468925
09,011,0001,0274,0901100010274,3717,8.220941168281389
09,011,0001,0289,0901100010289,3128,8.048468743668883
09,011,0001,0306,0901100010306,2672,7.890956716138919
09,011,0001,0310,0901100010310,3583,8.18423477409482
09,011,0001,0325,0901100010325,3795,8.241703159729818
09,011,0001,0344,0901100010344,1211,7.10002716662926
09,011,0001,0359,0901100010359,2322,7.750614732770409
09,011,0001,0363,0901100010363,2674,7.891704659330107
09,011,0001,0378,0901100010378,2289,7.736307096548285
09,011,0001,0382,0901100010382,1101,7.004881989712859
09,011,0001,0397,0901100010397,1705,7.441906728051625
09,011,0001,040A,090110001040A,1589,7.371489295214277
09,011,0001,0414,0901100010414,1718,7.449498005382849
09,011,0001,0433,0901100010433,2537,7.839131648274333
09,011,0001,0448,0901100010448,1500,7.313886831633462
09,011,0001,0452,0901100010452,10616,9.270211769013573
09,011,0001,0575,0901100010575,5616,8.633552992532433
09,011,0001,0594,0901100010594,7827,8.965462328515967
09,011,0001,0607,0901100010607,5871,8.677950570294351
09,011,0001,0626,0901100010626,3857,8.257904193465674
09,011,0001,0630,0901100010630,2748,7.918992488165245
09,011,0001,0645,0901100010645,5027,8.522777569710138
09,011,0001,065A,090110001065A,3601,8.189244525735901
09,011,0001,0664,0901100010664,6464,8.774158291205957
09,011,0001,0679,0901100010679,3655,8.204124932574041
09,011,0001,0753,0901100010753,6697,8.80956425335415
09,011,0001,0768,0901100010768,45,3.828641396489095
09,011,0001,0772,0901100010772,1728,7.455298485683291
09,011,0001,0804,0901100010804,129,4.867534450455582
09,011,0001,0819,0901100010819,1248,7.130098510125578
09,011,0001,0823,0901100010823,322,5.777652323222656
09,011,0001,0927,0901100010927,4052,8.307212626628308
09,011,0001,0931,0901100010931,3712,8.21959545417708
09,011,0001,0946,0901100010946,3715,8.22040309993373
09,011,0001,0950,0901100010950,7574,8.93260863037757
09,011,0001,0984,0901100010984,4032,8.302265794873367
09,011,0001,0999,0901100010999,2757,7.922261058353247
09,011,0001,1056,0901100011056,1932,7.566828479208331
09,011,0001,1075,0901100011075,2103,7.651595573857601
09,011,0001,108A,090110001108A,2105,7.652545692693921
09,011,0001,1094,0901100011094,451,6.113682179832232
09,011,0001,1111,0901100011111,4447,8.400209835930418
09,011,0001,1145,0901100011145,3241,8.08394570229562
09,011,0001,122A,090110001122A,3562,8.178358165605836
09,011,0001,1234,0901100011234,2710,7.905072849498666
09,011,0001,1249,0901100011249,4592,8.432288684325794
09,011,0001,1253,0901100011253,2658,7.88570539124302
09,011,0001,1268,0901100011268,3358,8.119398589612294
09,011,0001,1272,0901100011272,2278,7.731492029245684
09,011,0001,1287,0901100011287,2056,7.6290038896529575
09,011,0001,1291,0901100011291,3013,8.01102337918644
09,011,0001,1304,0901100011304,1307,7.176254532017144
09,011,0001,1319,0901100011319,1931,7.566311014772463
09,011,0001,1323,0901100011323,756,6.6293632534374485
09,011,0001,1338,0901100011338,3170,8.061802274538348
09,011,0001,1342,0901100011342,1053,6.960347729101308
09,011,0001,1357,0901100011357,7707,8.950014029534257
09,011,0001,1361,0901100011361,4460,8.403128235128264
09,011,0001,1376,0901100011376,6883,8.83695515733143
09,011,0001,1380,0901100011380,1185,7.078341579557671
09,011,0001,1395,0901100011395,1021,6.92951677076365
09,011,0001,1412,0901100011412,2347,7.761319180947987
09,011,0001,1427,0901100011427,5154,8.54772239645106
09,011,0001,1431,0901100011431,3666,8.207129168071326
09,011,0001,1446,0901100011446,3527,8.168486417126681
09,011,0001,1450,0901100011450,2170,7.682943169878292
09,011,0001,1465,0901100011465,3652,8.203304026795282
09,011,0001,147A,090110001147A,4416,8.393216011596527
09,011,0001,1484,0901100011484,5516,8.61558951327243
09,011,0001,1499,0901100011499,5793,8.664578178329295
09,011,0001,1535,0901100011535,356,5.877735781779639
09,011,0001,154A,090110001154A,1931,7.566311014772463
09,011,0011,072A,090110011072A,4780,8.472405008626103
09,011,0011,1037,0901100111037,4093,8.317277766221235
09,011,0011,1041,0901100111041,4437,8.39795910349254
09,011,0021,0787,0901100210787,1320,7.186144304522325
09,011,0021,0791,0901100210791,375,5.929589143389895
09,011,0021,1003,0901100211003,9254,9.132919225007598
09,011,0021,1018,0901100211018,3158,8.058010800802085
09,011,0021,1022,0901100211022,2288,7.735870319952567
09,011,0021,115A,090110021115A,7659,8.943767262734637
09,011,0021,1516,0901100211516,66,4.204692619390966
09,011,0024,0734,0901100240734,2350,7.762596048540069
09,011,0024,0749,0901100240749,224,5.41610040220442
09,011,0024,1183,0901100241183,942,6.849066282633458
09,011,0024,1408,0901100241408,652,6.481577129276431
09,011,0024,1520,0901100241520,78,4.3694478524670215
09,011,0026,0965,0901100260965,4287,8.363575702750637
09,011,0026,097A,090110026097A,4462,8.40357646462927
09,011,0026,1164,0901100261164,773,6.651571873589727
09,011,0026,1501,0901100261501,41,3.7376696182833684
09,012,0001,0017,0901200010017,1892,7.545918151209323
09,012,0001,0021,0901200010021,653,6.483107351457199
09,012,0001,0040,0901200010040,1640,7.403061091090091
09,012,0001,0074,0901200010074,1862,7.529943370601589
09,012,0001,0089,0901200010089,0,0.0
09,012,0001,0093,0901200010093,2023,7.6128310304073565
09,012,0001,0106,0901200010106,332,5.808142489980444
09,012,0001,0125,0901200010125,3600,8.188966863648876
09,012,0001,013A,090120001013A,3507,8.162801353492073
09,012,0001,0144,0901200010144,1717,7.4489161025442
09,012,0001,0159,0901200010159,2627,7.873978379604501
09,012,0001,0163,0901200010163,2904,7.974188669286011
09,012,0001,0178,0901200010178,2694,7.899153483343097
09,012,0001,0182,0901200010182,6298,8.74814616962193
09,012,0001,0197,0901200010197,2303,7.742402021815782
09,012,0001,020A,090120001020A,1910,7.555381944240273
09,012,0001,0214,0901200010214,1994,7.598399329323964
09,012,0001,0229,0901200010229,2081,7.641084249174914
09,012,0001,0233,0901200010233,4090,8.316544717929398
09,012,0001,0248,0901200010248,592,6.385194398997726
09,012,0001,0267,0901200010267,1947,7.5745584842024805
09,012,0001,0303,0901200010303,5278,8.571491964823617
09,012,0001,0318,0901200010318,3924,8.275121630216509
09,012,0001,0322,0901200010322,5065,8.53030683056162
09,012,0001,0337,0901200010337,5031,8.523572798380277
09,012,0001,0341,0901200010341,2879,7.965545573129992
09,012,0001,0360,0901200010360,4271,8.35983738064003
09,012,0001,0375,0901200010375,1960,7.581209826196346
09,012,0001,038A,090120001038A,1202,7.0925737159746784
09,012,0001,0394,0901200010394,1587,7.370230641807081
09,012,0001,0407,0901200010407,1067,6.97354301952014
09,012,0001,0411,0901200010411,1218,7.105786129481271
09,012,0001,0426,0901200010426,2121,7.660114319173928
09,012,0001,0430,0901200010430,2632,7.87587915949631
09,012,0001,0445,0901200010445,2627,7.873978379604501
09,012,0001,045A,090120001045A,3482,8.155649270366002
09,012,0001,0464,0901200010464,1382,7.232010331664759
09,012,0001,0479,0901200010479,669,6.507277712385012
09,012,0001,0483,0901200010483,3761,8.232706009860976
09,012,0001,0498,0901200010498,2820,7.944846711001996
09,012,0001,0500,0901200010500,6576,8.79133399330135
09,012,0001,0515,0901200010515,4006,8.295798110636145
09,012,0001,052A,090120001052A,3149,8.055157731819678
09,012,0001,0534,0901200010534,1862,7.529943370601589
09,012,0001,0549,0901200010549,2907,7.97522083865341
09,012,0001,0553,0901200010553,3961,8.284504227258497
09,012,0001,0568,0901200010568,3788,8.239857411018601
09,012,0001,0572,0901200010572,3556,8.176672771948455
09,012,0001,0587,0901200010587,3088,8.035602692918582
09,012,0001,0591,0901200010591,926,6.831953565565855
09,012,0001,0604,0901200010604,4581,8.42989086301344
09,012,0001,0619,0901200010619,3259,8.089482474360754
09,012,0001,0623,0901200010623,3384,8.127109185346375
09,012,0001,0638,0901200010638,2991,8.003697339094368
09,012,0001,0642,0901200010642,2594,7.861341795599989
09,012,0001,0657,0901200010657,1738,7.461065514354283
09,012,0001,0661,0901200010661,1282,7.1569563646156364
09,012,0001,0676,0901200010676,3335,8.112527763478637
09,012,0001,0680,0901200010680,1633,7.3987862754199485
09,012,0001,0695,0901200010695,303,5.717027701406222
09,012,0001,0708,0901200010708,4901,8.497398564088058
09,012,0001,0712,0901200010712,2497,7.823245690685523
09,012,0001,0727,0901200010727,2210,7.701200180857446
09,012,0001,0731,0901200010731,1654,7.411556287811163
09,012,0001,0746,0901200010746,1698,7.4377951216719325
09,012,0001,0750,0901200010750,1038,6.946013991099227
09,012,0001,0765,0901200010765,2311,7.7458682297922685
09,012,0001,077A,090120001077A,5175,8.551787836180736
09,012,0001,0784,0901200010784,3580,8.183397369998433
09,012,0001,0799,0901200010799,3209,8.07402621612406
09,012,0001,0801,0901200010801,3268,8.092239406724211
09,012,0001,0816,0901200010816,3653,8.203577736937952
09,012,0001,0820,0901200010820,3171,8.06211758275474
09,012,0001,0835,0901200010835,2218,7.704811922932594
09,012,0001,084A,090120001084A,2332,7.75491027202143
09,012,0001,0854,0901200010854,1017,6.925595197110468
09,012,0001,0869,0901200010869,4441,8.398860004454372
09,012,0001,0888,0901200010888,4344,8.376781037699493
09,012,0001,0892,0901200010892,4235,8.351374706721296
09,012,0001,0905,0901200010905,4411,8.392083380373393
09,012,0001,091A,090120001091A,3816,8.247220052745229
09,012,0001,0924,0901200010924,5658,8.641002477142523
09,012,0001,0939,0901200010939,3170,8.061802274538348
09,012,0001,0943,0901200010943,2546,7.842671474979457
09,012,0001,0958,0901200010958,1578,7.364547014255642
09,012,0001,0962,0901200010962,2273,7.729295674310482
09,012,0001,0977,0901200010977,259,5.560681631015528
09,012,0001,0981,0901200010981,2526,7.834788107388194
09,012,0001,0996,0901200010996,781,6.661854740545311
09,012,0001,1000,0901200011000,1811,7.502186486602924
09,012,0001,1015,0901200011015,1710,7.444833273892193
09,012,0001,102A,090120001102A,3196,8.069968149059841
09,012,0001,1034,0901200011034,1184,7.077498053569231
09,012,0001,1049,0901200011049,46,3.8501476017100584
09,012,0001,1053,0901200011053,855,6.752270376141742
09,012,0001,1068,0901200011068,2204,7.6984827878809465
09,012,0001,1072,0901200011072,8904,9.094368195723762
09,012,0001,1087,0901200011087,1165,7.061334366910438
09,012,0001,1091,0901200011091,1056,6.963189985870238
09,012,0001,1104,0901200011104,3154,8.056743774975313
09,012,0001,1119,0901200011119,4896,8.496378051702317
09,012,0001,1123,0901200011123,4257,8.356554845453426
09,012,0001,1142,0901200011142,3394,8.130059039992796
09,012,0001,1157,0901200011157,5735,8.654517382279456
09,012,0001,1161,0901200011161,6305,8.749256840105007
09,012,0001,1176,0901200011176,3772,8.235625719964311
09,012,0001,1195,0901200011195,5070,8.531293315795018
09,012,0001,1212,0901200011212,3324,8.109224953089955
09,012,0001,1299,0901200011299,5207,8.557951183888406
09,012,0001,1316,0901200011316,5832,8.671286726753637
09,012,0001,1369,0901200011369,5004,8.518192691749322
09,012,0001,1388,0901200011388,2823,7.945909598613133
09,012,0001,1424,0901200011424,4127,8.325548307161398
09,012,0001,1439,0901200011439,3527,8.168486417126681
09,012,0001,1443,0901200011443,4460,8.403128235128264
09,012,0001,1458,0901200011458,3711,8.21932609390609
09,012,0001,1462,0901200011462,9181,9.125000324809168
09,012,0001,1477,0901200011477,6377,8.760609847570002
09,012,0001,1481,0901200011481,5296,8.574895901544526
09,012,0001,1496,0901200011496,8033,8.991437814919227
09,012,0001,1509,0901200011509,5250,8.566173813637858
09,012,0001,1513,0901200011513,5408,8.595819511871428
09,012,0001,1547,0901200011547,2409,7.787382026484701
09,012,0001,1566,0901200011566,326,5.7899601708972535
09,012,0001,1570,0901200011570,6452,8.77230041793584
09,012,0001,1585,0901200011585,1490,7.307202314764738
09,012,0001,159A,090120001159A,3487,8.15708378502887
09,012,0001,1602,0901200011602,4616,8.43750042250699
09,012,0001,1617,0901200011617,5094,8.536014945656826
09,012,0001,1621,0901200011621,4834,8.483636407887394
09,012,0001,1636,0901200011636,3676,8.209852481301272
09,012,0001,1640,0901200011640,6346,8.75573753930647
09,012,0001,1655,0901200011655,1007,6.915723448631314
09,012,0001,173A,090120001173A,1155,7.052721049232323
09,012,0001,1744,0901200011744,3911,8.271804031154709
09,012,0001,1759,0901200011759,7,2.0794415416798357
09,012,0001,1890,0901200011890,430,6.066108090103747
09,012,0001,1903,0901200011903,1472,7.29505641646263
09,012,0001,1918,0901200011918,2581,7.856319571406588
09,012,0001,1922,0901200011922,1280,7.155396301896734
09,012,0001,1937,0901200011937,2100,7.650168700845001
09,012,0001,1941,0901200011941,1512,7.321849713788356
09,012,0001,1956,0901200011956,2829,7.948031990637284
09,012,0001,1960,0901200011960,2225,7.70796153183549
09,012,0001,1975,0901200011975,4541,8.421122722665503
09,012,0001,198A,090120001198A,1682,7.428333194190806
09,012,0001,1994,0901200011994,3272,8.09346227450118
09,012,0001,2009,0901200012009,7594,8.935245415029874
09,012,0001,2013,0901200012013,9113,9.117566971823829
09,012,0001,2047,0901200012047,5365,8.58783803098557
09,012,0001,2051,0901200012051,4089,8.316300249036848
09,012,0001,2066,0901200012066,3502,8.161375023197486
09,012,0001,2070,0901200012070,2117,7.658227526161352
09,012,0001,2085,0901200012085,2661,7.8868329989550565
09,012,0001,2102,0901200012102,2874,7.963807953231451
09,012,0001,2121,0901200012121,12273,9.415238482949043
09,012,0001,2136,0901200012136,4896,8.496378051702317
09,012,0001,2140,0901200012140,5765,8.659733878198347
09,012,0001,2155,0901200012155,4075,8.312871394342615
09,012,0001,216A,090120001216A,1852,7.52456122628536
09,012,0001,2174,0901200012174,1868,7.533158807455563
09,012,0001,2189,0901200012189,4591,8.432070937999402
09,012,0001,2193,0901200012193,5237,8.563695025067657
09,012,0001,2206,0901200012206,3981,8.289539484624141
09,012,0001,2210,0901200012210,3845,8.254788926148725
09,012,0001,2225,0901200012225,6257,8.741615924228828
09,012,0001,223A,090120001223A,6615,8.797246236703527
09,012,0001,2244,0901200012244,2104,7.652070746116482
09,012,0001,2259,0901200012259,1811,7.502186486602924
09,012,0001,2263,0901200012263,5473,8.607764889600624
09,012,0001,2278,0901200012278,3223,8.07837810362652
09,012,0001,2282,0901200012282,4104,8.31996102188653
09,012,0001,2333,0901200012333,188,5.241747015059643
09,012,0001,2348,0901200012348,495,6.206575926724928
09,012,0001,2352,0901200012352,657,6.489204931325317
09,012,0001,2367,0901200012367,20,3.044522437723423
09,012,0001,2371,0901200012371,38,3.6635616461296463
09,012,0001,2386,0901200012386,61,4.127134385045092
09,012,0001,2441,0901200012441,8094,8.999001866111735
09,012,0001,2456,0901200012456,2200,7.696667081526462
09,012,0019,2460,0901200192460,1160,7.057036981697891
09,012,0019,2475,0901200192475,1429,7.265429723253953
09,012,0026,1528,0901200261528,6805,8.82555985506085
09,012,0026,1532,0901200261532,6132,8.721439305625983
09,012,0026,166A,090120026166A,1116,7.018401799069201
09,012,0026,1674,0901200261674,5630,8.636042325254618
09,012,0026,1689,0901200261689,2680,7.893945138235959
09,012,0026,1693,0901200261693,189,5.247024072160486
09,012,0026,1706,0901200261706,1056,6.963189985870238
09,012,0026,1710,0901200261710,648,6.47543271670409
09,012,0026,2297,0901200262297,1120,7.02197642307216
09,012,0026,2314,0901200262314,49,3.912023005428146
09,012,0026,2329,0901200262329,305,5.723585101952381
09,012,0026,2390,0901200262390,29,3.4011973816621555
09,012,0026,2403,0901200262403,1842,7.519149957669823
09,012,0026,2418,0901200262418,1827,7.510977752014095
09,012,0026,2437,0901200262437,353,5.869296913133774
09,012,0027,1763,0901200271763,3559,8.177515823846075
09,012,0027,1778,0901200271778,4967,8.510772623613315
09,012,0027,1782,0901200271782,5781,8.662504922576291
09,012,0027,1797,0901200271797,7769,8.958025443361693
09,012,0027,180A,090120027180A,770,6.647688373563329
09,012,0027,2028,0901200272028,4307,8.36822903827628
09,012,0027,2032,0901200272032,4188,8.340217320947035
09,012,0027,230A,090120027230A,1494,7.3098814858247865
09,012,0027,2422,0901200272422,1768,7.478169694159785
09,013,0001,0014,0901300010014,6356,8.757311846936409
09,013,0001,0029,0901300010029,2264,7.725330037917135
09,013,0001,0033,0901300010033,3314,8.106212902619962
09,013,0001,0052,0901300010052,149,5.0106352940962555
09,013,0001,0067,0901300010067,8681,9.06900719585954
09,013,0001,0086,0901300010086,2659,7.886081401775745
09,013,0001,0090,0901300010090,4348,8.37770121259764
09,013,0001,0122,0901300010122,3589,8.185907481482324
09,013,0001,0137,0901300010137,3526,8.168202930236053
09,013,0001,0160,0901300010160,4375,8.383890344101816
09,013,0001,0175,0901300010175,656,6.48768401848461
09,013,0001,018A,090130001018A,1400,7.244941546337007
09,013,0001,0194,0901300010194,948,6.855408798609928
09,013,0001,0207,0901300010207,3071,8.030084094267563
09,013,0001,0211,0901300010211,4715,8.458716261657262
09,013,0001,0226,0901300010226,2133,7.665753431861699
09,013,0001,0230,0901300010230,3128,8.048468743668883
09,013,0001,0245,0901300010245,2412,7.7886260656250315
09,013,0001,025A,090130001025A,3843,8.254268770090183
09,013,0001,0279,0901300010279,4324,8.37216741936598
09,013,0001,0283,0901300010283,5861,8.676246121270838
09,013,0001,0298,0901300010298,9982,9.208638925336425
09,013,0001,0300,0901300010300,809,6.697034247666484
09,013,0001,0315,0901300010315,2169,7.682482446534506
09,013,0001,032A,090130001032A,7,2.0794415416798357
09,013,0001,0334,0901300010334,5980,8.696343057044556
09,013,0001,0353,0901300010353,5644,8.638525476583762
09,013,0001,0368,0901300010368,11046,9.309914176872276
09,013,0001,0372,0901300010372,4382,8.38548870041881
09,013,0001,0387,0901300010387,6430,8.768885326134862
09,013,0001,0391,0901300010391,2453,7.805474625270857
09,013,0001,0404,0901300010404,2376,7.773594467360194
09,013,0001,0419,0901300010419,4750,8.46611040118692
09,013,0001,0423,0901300010423,784,6.665683717782408
09,013,0001,0438,0901300010438,1126,7.027314514039777
09,013,0001,0442,0901300010442,4384,8.385944904806284
09,013,0001,0461,0901300010461,6576,8.79133399330135
09,013,0001,0480,0901300010480,6565,8.789660098061537
09,013,0001,0495,0901300010495,551,6.313548046277095
09,013,0001,0508,0901300010508,6322,8.751949058058614
09,013,0001,0527,0901300010527,5295,8.574707097616844
09,013,0001,0550,0901300010550,3365,8.121480374750751
09,013,0001,0565,0901300010565,3047,8.022240916806537
09,013,0001,057A,090130001057A,265,5.583496308781699
09,013,0001,0599,0901300010599,9076,9.113499020526627
09,013,0001,0601,0901300010601,5232,8.562740006372207
09,013,0001,064A,090130001064A,3038,8.019283792916793
09,013,0001,0654,0901300010654,3412,8.135346948906706
09,013,0001,0669,0901300010669,3479,8.15478757276852
09,013,0001,0688,0901300010688,4834,8.483636407887394
09,013,0001,0692,0901300010692,10336,9.243484970568485
09,013,0001,0705,0901300010705,631,6.448889394146858
09,013,0001,071A,090130001071A,532,6.278521424165844
09,013,0001,0724,0901300010724,567,6.342121418721152
09,013,0001,0739,0901300010739,2379,7.77485576666552
09,013,0001,0743,0901300010743,7173,8.878218658092228
09,013,0001,0758,0901300010758,3948,8.28121766128665
09,013,0001,0762,0901300010762,1052,6.959398512133975
09,013,0001,0777,0901300010777,2017,7.609862200913554
09,013,0001,0809,0901300010809,409,6.016157159698354
09,013,0001,0813,0901300010813,3449,8.146129510025405
09,013,0001,0828,0901300010828,2799,7.937374696163295
09,013,0001,0832,0901300010832,565,6.338594078203183
09,013,0001,0847,0901300010847,825,6.716594773520978
09,013,0001,0851,0901300010851,1816,7.504942068396171
09,013,0001,0866,0901300010866,1645,7.406103381237015
09,013,0001,0870,0901300010870,1688,7.4318919168078
09,013,0001,0885,0901300010885,726,6.588926477533519
09,013,0001,089A,090130001089A,631,6.448889394146858
09,013,0001,0917,0901300010917,2065,7.633369649679584
09,013,0001,1027,0901300011027,5905,8.683724062303869
09,013,0001,1031,0901300011031,7975,8.984192311641674
09,013,0001,1046,0901300011046,1883,7.5411524551363085
09,013,0001,1050,0901300011050,4528,8.418256443556213
09,013,0001,1065,0901300011065,4161,8.33375100695358
09,013,0001,107A,090130001107A,3953,8.282483003730562
09,013,0001,1084,0901300011084,3047,8.022240916806537
09,013,0001,1099,0901300011099,2439,7.799753318287247
09,013,0001,1101,0901300011101,4080,8.314097335405807
09,013,0001,1116,0901300011116,2803,7.938802248154481
09,013,0001,1120,0901300011120,2489,7.820037989458753
09,013,0001,1135,0901300011135,3649,8.202482446576537
09,013,0001,114A,090130001114A,5689,8.646465527120377
09,013,0001,1154,0901300011154,6871,8.835210463664092
09,013,0001,1169,0901300011169,10377,9.247443459927686
09,013,0001,1173,0901300011173,5365,8.58783803098557
09,013,0001,1188,0901300011188,5903,8.683385366280309
09,013,0001,1192,0901300011192,9261,9.133675287040697
09,013,0001,1205,0901300011205,616,6.424869023905388
09,013,0001,121A,090130001121A,7274,8.892199092039693
09,013,0001,1224,0901300011224,6615,8.797246236703527
09,013,0001,1239,0901300011239,4372,8.38320455141292
09,013,0001,1243,0901300011243,52,3.970291913552122
09,013,0001,1262,0901300011262,2804,7.9391588179567965
09,013,0001,1277,0901300011277,6,1.9459101490553132
09,013,0001,1296,0901300011296,1007,6.915723448631314
09,013,0001,1309,0901300011309,1036,6.9440872082295275
09,013,0001,1313,0901300011313,4300,8.366602832783736
09,013,0001,1328,0901300011328,7854,8.96890555068972
09,013,0001,1332,0901300011332,5848,8.674025985443025
09,013,0001,1347,0901300011347,1577,7.363913501405819
09,013,0001,1366,0901300011366,5983,8.696844519654313
09,013,0001,1370,0901300011370,4244,8.353497098745448
09,013,0001,1385,0901300011385,1774,7.4815557019095165
09,013,0001,139A,090130001139A,1492,7.30854279753919
09,013,0001,1402,0901300011402,2794,7.9355873855892
09,013,0001,1417,0901300011417,1810,7.501634457883413
09,013,0001,1421,0901300011421,662,6.4967749901858625
09,013,0001,1436,0901300011436,1704,7.4413203897176174
09,013,0001,1440,0901300011440,3470,8.152198015861787
09,013,0001,1455,0901300011455,1437,7.271008538280992
09,013,0001,146A,090130001146A,1634,7.399398083331354
09,013,0001,1474,0901300011474,1146,7.044905117129371
09,013,0001,1489,0901300011489,421,6.045005314036012
09,013,0001,1493,0901300011493,1447,7.277938572945661
09,013,0001,1506,0901300011506,434,6.075346031088684
09,013,0001,1510,0901300011510,323,5.780743515792329
09,013,0001,1525,0901300011525,847,6.742880635791903
09,013,0001,1544,0901300011544,60,4.110873864173311
09,013,0001,1559,0901300011559,1813,7.503289630675082
09,013,0001,1563,0901300011563,223,5.4116460518550396
09,013,0001,1578,0901300011578,44,3.8066624897703196
09,014,0001,0011,0901400010011,3900,8.268988209506656
09,014,0001,0026,0901400010026,3886,8.265392930852224
09,014,0001,0030,0901400010030,5102,8.537583881063972
09,014,0001,0045,0901400010045,3611,8.192016914536875
09,014,0001,005A,090140001005A,4632,8.440959885416648
09,014,0001,0064,0901400010064,3835,8.252185436003328
09,014,0001,0079,0901400010079,6000,8.699681400989514
09,014,0001,0083,0901400010083,4563,8.425954710981966
09,014,0001,0098,0901400010098,5558,8.62317351495347
09,014,0001,0100,0901400010100,1613,7.3864708488298945
09,014,0001,0115,0901400010115,4686,8.452547997922705
09,014,0001,012A,090140001012A,4639,8.442469645220301
09,014,0001,0134,0901400010134,4362,8.38091517312361
09,014,0001,0149,0901400010149,3456,8.148156439921625
09,014,0001,0153,0901400010153,2950,7.989899374942939
09,014,0001,0168,0901400010168,1633,7.3987862754199485
09,014,0001,0172,0901400010172,1913,7.5569505720129
09,014,0001,0187,0901400010187,5804,8.666474894131992
09,014,0001,0191,0901400010191,3691,8.213923595622743
09,014,0001,0204,0901400010204,4155,8.332308352219117
09,014,0001,0219,0901400010219,2355,7.764720544771477
09,014,0001,0223,0901400010223,1234,7.118826249062078
09,014,0001,0238,0901400010238,6271,8.743850562030243
09,014,0001,0242,0901400010242,3757,8.231642179973411
09,014,0001,0257,0901400010257,7303,8.896177422274805
09,014,0001,0261,0901400010261,7686,8.947285869349132
09,014,0001,0276,0901400010276,4216,8.34687925374656
09,014,0001,0280,0901400010280,2997,8.005700678662542
09,014,0001,0295,0901400010295,1750,7.467942332285852
09,014,0001,0308,0901400010308,3827,8.250097752572845
09,014,0001,0312,0901400010312,2192,7.693025748417888
09,014,0001,0327,0901400010327,1825,7.509883061154913
09,014,0001,0331,0901400010331,2805,7.939515260662406
09,014,0001,0346,0901400010346,4151,8.331345424845724
09,014,0001,0350,0901400010350,3156,8.057377488557991
09,014,0001,0365,0901400010365,1600,7.3783837129967145
09,014,0001,037A,090140001037A,2011,7.60688453121963
09,014,0001,0384,0901400010384,3275,8.09437844497296
09,014,0001,0399,0901400010399,3427,8.13973227971767
09,014,0001,0401,0901400010401,5022,8.521782643750045
09,014,0001,0416,0901400010416,2771,7.927324360309794
09,014,0001,0420,0901400010420,4999,8.517193191416238
09,014,0001,0435,0901400010435,4973,8.51197962436335
09,014,0001,044A,090140001044A,3967,8.286017468404763
09,014,0001,0454,0901400010454,1849,7.52294091807237
09,014,0001,0469,0901400010469,6831,8.829372735468406
09,014,0001,0473,0901400010473,1954,7.578145472419466
09,014,0001,0488,0901400010488,6324,8.752265313595721
09,014,0001,0492,0901400010492,2442,7.8009820712577405
09,014,0001,0505,0901400010505,2675,7.892078421248119
09,014,0001,051A,090140001051A,2978,7.999342952713282
09,014,0001,0524,0901400010524,3194,8.069342366811636
09,014,0001,0539,0901400010539,2766,7.925518979786926
09,014,0001,0543,0901400010543,4386,8.386400901166214
09,014,0001,0558,0901400010558,1637,7.401231264413015
09,014,0001,0562,0901400010562,3293,8.099857910737585
09,014,0001,0577,0901400010577,4959,8.509161019718974
09,014,0001,0581,0901400010581,555,6.320768294250582
09,014,0001,0596,0901400010596,2754,7.9211727215870145
09,014,0001,0609,0901400010609,4006,8.295798110636145
09,014,0001,0613,0901400010613,4894,8.49596955496461
09,014,0001,0628,0901400010628,5116,8.540323608805092
09,014,0001,0632,0901400010632,6654,8.803123730829212
09,014,0001,0647,0901400010647,4794,8.475328987317539
09,014,0001,0651,0901400010651,6207,8.733594061863055
09,014,0001,0666,0901400010666,2781,7.930925372483388
09,014,0001,0670,0901400010670,5033,8.523970175695261
09,014,0001,0685,0901400010685,3982,8.289790583181643
09,014,0001,069A,090140001069A,1722,7.45182223652793
09,014,0001,0702,0901400010702,4438,8.398184404834035
09,014,0001,0717,0901400010717,1254,7.134890851565884
09,014,0001,0721,0901400010721,4042,8.304742269640771
09,014,0001,0736,0901400010736,5019,8.521185212685776
09,014,0001,0740,0901400010740,3657,8.204671828950811
09,014,0001,0755,0901400010755,5165,8.549853973655786
09,014,0001,076A,090140001076A,3158,8.058010800802085
09,014,0001,0774,0901400010774,6958,8.84779106484485
09,014,0001,0789,0901400010789,2797,7.936660155225426
09,014,0001,0793,0901400010793,3705,8.217708406845306
09,014,0001,0806,0901400010806,4885,8.494129251817686
09,014,0001,0810,0901400010810,5918,8.685922794690725
09,014,0001,0825,0901400010825,269,5.598421958998375
09,014,0001,083A,090140001083A,2850,7.955425088912672
09,014,0001,0844,0901400010844,4362,8.38091517312361
09,014,0001,0859,0901400010859,5096,8.536407410340042
09,014,0001,0863,0901400010863,6356,8.757311846936409
09,014,0001,0878,0901400010878,4718,8.459352191726387
09,014,0001,0882,0901400010882,2992,8.0040315078527
09,014,0001,0897,0901400010897,1488,7.305860032684009
09,014,0001,090A,090140001090A,2434,7.79770203551669
09,014,0001,0914,0901400010914,2036,7.619233416226805
09,014,0001,0929,0901400010929,3294,8.100161446936607
09,014,0001,0933,0901400010933,2881,7.966239776559467
09,014,0001,0948,0901400010948,3014,8.011355109161286
09,014,0001,0952,0901400010952,2695,7.899524472032198
09,014,0001,0967,0901400010967,613,6.419994928147142
09,014,0001,0971,0901400010971,3255,8.08825472712243
09,014,0001,0986,0901400010986,5026,8.522578663692576
09,014,0001,0990,0901400010990,5125,8.542080906924017
09,014,0001,1005,0901400011005,6181,8.729397122692061
09,014,0001,101A,090140001101A,4402,8.390041405755754
09,014,0001,1024,0901400011024,4011,8.297045149081827
09,015,0001,0019,0901500010019,3803,8.24380842366528
09,015,0001,0023,0901500010023,4752,8.46653127661401
09,015,0001,0038,0901500010038,2440,7.80016307039296
09,015,0001,0042,0901500010042,3035,8.01829613851552
09,015,0001,0057,0901500010057,7,2.0794415416798357
09,015,0001,0061,0901500010061,1473,7.295735072749282
09,015,0001,0076,0901500010076,6546,8.786762208441091
09,015,0001,0080,0901500010080,7091,8.866722667194098
09,015,0001,0095,0901500010095,3804,8.244071270295786
09,015,0001,0108,0901500010108,3550,8.174984532943087
09,015,0001,0112,0901500010112,2498,7.823645930834952
09,015,0001,0127,0901500010127,7162,8.876684166614451
09,015,0001,0131,0901500010131,3119,8.045588280803528
09,015,0001,0146,0901500010146,1297,7.168579897264035
09,015,0001,0150,0901500010150,1696,7.436617265234227
09,015,0001,0165,0901500010165,4823,8.481358738407021
09,015,0001,017A,090150001017A,5398,8.593969030218288
09,015,0001,0184,0901500010184,6000,8.699681400989514
09,015,0001,0199,0901500010199,486,6.18826412308259
09,015,0001,0201,0901500010201,1527,7.331714969726466
09,015,0001,0216,0901500010216,1441,7.273786317844895
09,015,0001,0220,0901500010220,818,6.70808408385307
09,015,0001,0235,0901500010235,1365,7.2196420401307355
09,015,0001,024A,090150001024A,1154,7.051855622955894
09,015,0001,0254,0901500010254,244,5.501258210544727
09,015,0001,0269,0901500010269,1303,7.1731917424865985
09,015,0001,0273,0901500010273,619,6.429719478039138
09,015,0001,0288,0901500010288,277,5.627621113690637
09,015,0001,0292,0901500010292,1635,7.400009517162692
09,015,0001,0305,0901500010305,1478,7.2991214627108
09,015,0001,031A,090150001031A,1405,7.2485040723706105
09,015,0001,0324,0901500010324,769,6.646390514847729
09,015,0001,0339,0901500010339,4471,8.405591014834934
09,015,0001,0343,0901500010343,10606,9.26926943950547
09,015,0001,0358,0901500010358,9428,9.151545325465678
09,015,0001,0362,0901500010362,1436,7.270312886079025
09,015,0001,0377,0901500010377,1105,7.00850518208228
09,015,0001,0381,0901500010381,1289,7.162397497355718
09,015,0001,0396,0901500010396,434,6.075346031088684
09,015,0001,0409,0901500010409,1459,7.286191714702382
09,015,0001,0413,0901500010413,224,5.41610040220442
09,015,0001,0428,0901500010428,1761,7.474204806496124
09,015,0001,0432,0901500010432,3596,8.187855443695623
09,015,0001,0447,0901500010447,1450,7.280008252884188
09,015,0001,0451,0901500010451,568,6.343880434126331
09,015,0001,0466,0901500010466,9973,9.207736986106068
09,015,0001,0470,0901500010470,6141,8.722905701000768
09,015,0001,0485,0901500010485,9947,9.205126804923296
09,015,0001,049A,090150001049A,1477,7.298445101508147
09,015,0001,0502,0901500010502,9256,9.133135301067211
09,015,0001,0517,0901500010517,7157,8.875985891325971
09,015,0001,0521,0901500010521,7606,8.936824154997302
09,015,0001,0536,0901500010536,5978,8.696008608880904
09,015,0001,0540,0901500010540,7546,8.928905412284868
09,015,0001,0555,0901500010555,5427,8.59932602095476
09,015,0001,056A,090150001056A,6591,8.793612071589308
09,015,0001,0574,0901500010574,9879,9.198267790741914
09,015,0001,0589,0901500010589,5799,8.66561319653451
09,015,0001,0593,0901500010593,4508,8.413830678421084
09,015,0001,0606,0901500010606,4964,8.510168576479273
09,015,0001,0610,0901500010610,8895,9.093357016490364
09,015,0001,0625,0901500010625,1429,7.265429723253953
09,015,0001,063A,090150001063A,4340,8.375860015299594
09,015,0001,0644,0901500010644,10430,9.25253742067597
09,015,0001,0659,0901500010659,4859,8.48879371689454
09,015,0001,0663,0901500010663,2055,7.628517626575055
09,015,0001,0678,0901500010678,8504,9.048409504829962
09,015,0001,0682,0901500010682,4065,8.310414994188292
09,015,0001,0697,0901500010697,7115,8.870101048785726
09,015,0001,070A,090150001070A,1860,7.528869256642251
09,015,0001,0714,0901500010714,2705,7.903226808730733
09,015,0001,0729,0901500010729,16,2.833213344056216
09,015,0001,0733,0901500010733,332,5.808142489980444
09,015,0001,0748,0901500010748,3156,8.057377488557991
09,015,0001,0752,0901500010752,2274,7.729735331385051
09,015,0001,0767,0901500010767,237,5.472270673671475
09,015,0001,0771,0901500010771,1154,7.051855622955894
09,015,0001,0786,0901500010786,2559,7.847762537473608
09,015,0001,0790,0901500010790,2664,7.887959336599945
09,015,0001,0803,0901500010803,631,6.448889394146858
09,015,0001,0818,0901500010818,249,5.521460917862246
09,015,0001,0822,0901500010822,4100,8.31898612539206
09,015,0001,0837,0901500010837,807,6.694562058521095
09,015,0001,0841,0901500010841,2504,7.826044013518965
09,015,0001,0856,0901500010856,3125,8.047509510981422
09,015,0001,0860,0901500010860,1958,7.580189417944541
09,015,0001,0875,0901500010875,8210,9.01322999770879
09,015,0001,088A,090150001088A,2228,7.709308333385869
09,015,0001,0894,0901500010894,2645,7.880804344674901
09,015,0001,0907,0901500010907,2218,7.704811922932594
09,015,0001,0911,0901500010911,5291,8.573951525234847
09,015,0001,0926,0901500010926,3060,8.026496938945412
09,015,0001,0930,0901500010930,768,6.645090969505644
09,015,0001,0945,0901500010945,1327,7.191429330036379
09,015,0001,095A,090150001095A,1165,7.061334366910438
09,015,0001,0964,0901500010964,3446,8.145259566516865
09,015,0001,0979,0901500010979,2365,7.768956044538332
09,015,0001,0983,0901500010983,1432,7.267525427828172
09,015,0001,0998,0901500010998,3040,8.019941687677365
09,015,0001,1002,0901500011002,2936,7.98514393119862
09,015,0001,1017,0901500011017,5041,8.525558107747866
09,015,0001,1036,0901500011036,6373,8.759982494977281
09,015,0001,1040,0901500011040,4347,8.3774712482411
09,015,0001,1055,0901500011055,2026,7.614312146452
09,015,0001,106A,090150001106A,5036,8.52456594574565
09,015,0001,1074,0901500011074,6023,8.703506769479729
09,015,0001,1089,0901500011089,2303,7.742402021815782
09,015,0001,1093,0901500011093,1253,7.134093721192866
09,015,0001,1106,0901500011106,2127,7.662937850461535
09,015,0001,1110,0901500011110,5904,8.683554728631462
09,015,0001,1125,0901500011125,6762,8.81922185757494
09,015,0001,113A,090150001113A,8632,9.063347348235522
09,015,0001,1144,0901500011144,7359,8.903815211722922
09,015,0001,1159,0901500011159,4504,8.412943170042439
09,015,0001,1163,0901500011163,2733,7.913521017283895
09,015,0001,1178,0901500011178,2599,7.8632667240095735
09,015,0001,1182,0901500011182,2617,7.870165946469845
09,015,0001,1197,0901500011197,1678,7.425953657077541
09,015,0001,120A,090150001120A,2212,7.70210434005105
09,015,0001,1214,0901500011214,2636,7.877397186353287
09,015,0001,1229,0901500011229,738,6.6052979209482015
09,015,0001,1233,0901500011233,9044,9.109967397829395
09,015,0001,1248,0901500011248,6183,8.729720590267258
09,015,0001,1252,0901500011252,5598,8.630343289348893
09,015,0001,1267,0901500011267,3811,8.245909264774093
09,015,0001,1271,0901500011271,1894,7.546974117516527
09,015,0001,1286,0901500011286,1483,7.302496423727326
09,015,0001,1290,0901500011290,5307,8.576970395452099
09,015,0001,1303,0901500011303,2177,7.686162303492906
09,015,0001,1318,0901500011318,2916,7.978310969867722
09,015,0001,1322,0901500011322,1488,7.305860032684009
09,015,0001,1337,0901500011337,1855,7.526178913346146
09,015,0001,1341,0901500011341,4138,8.328209491748732
09,015,0001,1356,0901500011356,3176,8.063692634269517
09,015,0001,1360,0901500011360,1830,7.5126175446745105
09,015,0001,1375,0901500011375,3332,8.11162807830774
09,015,0001,138A,090150001138A,630,6.447305862541213
09,015,0001,1394,0901500011394,5230,8.562357743370612
09,015,0001,1407,0901500011407,2388,7.77863014732581
09,015,0001,1411,0901500011411,2084,7.642524134232902
09,015,0001,1426,0901500011426,1472,7.29505641646263
09,015,0001,1430,0901500011430,1102,7.005789019253503
09,015,0001,1445,0901500011445,1683,7.428927194802272
09,015,0001,145A,090150001145A,3076,8.031710375322042
09,015,0001,1464,0901500011464,2546,7.842671474979457
09,015,0001,1479,0901500011479,2583,7.857093864902493
09,015,0001,1483,0901500011483,5041,8.525558107747866
09,015,0001,1498,0901500011498,5556,8.622813673279921
09,015,0001,1500,0901500011500,2904,7.974188669286011
09,015,0001,1515,0901500011515,3656,8.204398418149381
09,015,0001,152A,090150001152A,3512,8.164225652265827
09,015,0001,1534,0901500011534,3036,8.01862546504575
09,015,0001,1549,0901500011549,2952,7.990576881743923
09,016,0001,0016,0901600010016,0,0.0
09,016,0001,0020,0901600010020,2089,7.644919344958857
09,016,0001,0035,0901600010035,0,0.0
09,016,0001,004A,090160001004A,7302,8.89604050162011
09,016,0001,0054,0901600010054,4764,8.469052816088302
09,016,0001,0069,0901600010069,4099,8.318742252692399
09,016,0001,0073,0901600010073,1718,7.449498005382849
09,016,0001,0088,0901600010088,131,4.882801922586371
09,016,0001,0092,0901600010092,6619,8.797850648931053
09,016,0001,0105,0901600010105,5774,8.661293535389994
09,016,0001,011A,090160001011A,4736,8.463159302923751
09,016,0001,0124,0901600010124,4873,8.491670234185152
09,016,0001,0139,0901600010139,4839,8.484669999710677
09,016,0001,0143,0901600010143,5683,8.64541048921699
09,016,0001,0158,0901600010158,3405,8.133293861222633
09,016,0001,0162,0901600010162,4618,8.437933510430605
09,016,0001,0177,0901600010177,7181,8.879333174786028
09,016,0001,0181,0901600010181,8376,9.033245134153809
09,016,0001,0196,0901600010196,62,4.143134726391533
09,016,0001,0209,0901600010209,1353,7.21081845347222
09,016,0001,0213,0901600010213,7871,8.971067438732089
09,016,0001,0228,0901600010228,0,0.0
09,016,0001,0232,0901600010232,38,3.6635616461296463
09,016,0001,0247,0901600010247,9544,9.163772736159848
09,016,0001,0251,0901600010251,8420,9.038483865029992
09,016,0001,0270,0901600010270,8389,9.034795799461252
09,016,0001,0285,0901600010285,6486,8.777555453213056
09,016,0001,029A,090160001029A,9024,9.107753783201082
09,016,0001,0302,0901600010302,0,0.0
09,016,0001,0317,0901600010317,1953,7.577633832602728
09,016,0001,0321,0901600010321,2080,7.640603826393634
09,016,0001,0336,0901600010336,984,6.892641641172089
09,016,0001,0340,0901600010340,1027,6.93537044601511
09,016,0001,036A,090160001036A,3276,8.094683648698815
09,016,0001,0374,0901600010374,5503,8.61323037961318
09,016,0001,0389,0901600010389,4590,8.431853144249223
09,016,0001,0393,0901600010393,10936,9.299906815335225
09,016,0001,0410,0901600010410,1635,7.400009517162692
09,016,0001,0425,0901600010425,2552,7.845024417241484
09,016,0001,043A,090160001043A,1716,7.448333860897476
09,016,0001,0444,0901600010444,3252,8.087332926473351
09,016,0001,0459,0901600010459,3396,8.130647968160584
09,016,0001,0463,0901600010463,3524,8.16763571524637
09,016,0001,0478,0901600010478,3347,8.116118431609365
09,016,0001,0482,0901600010482,4421,8.394347361417392
09,016,0001,0497,0901600010497,8866,9.090091799380007
09,016,0001,050A,090160001050A,4828,8.482394685873542
09,016,0001,0514,0901600010514,495,6.206575926724928
09,016,0001,0529,0901600010529,0,0.0
09,016,0001,0533,0901600010533,9,2.302585092994046
09,016,0001,0548,0901600010548,2105,7.652545692693921
09,016,0001,0552,0901600010552,188,5.241747015059643
09,016,0001,0571,0901600010571,1924,7.562681246721884
09,016,0001,0586,0901600010586,101,4.624972813284271
09,016,0001,0590,0901600010590,696,6.546785410760524
09,016,0001,0603,0901600010603,2360,7.766840537085513
09,016,0001,0618,0901600010618,471,6.156978985585555
09,016,0001,0622,0901600010622,4691,8.453614209773367
09,016,0001,0637,0901600010637,3398,8.131236549696116
09,016,0001,0641,0901600010641,1835,7.515344571180436
09,016,0001,0656,0901600010656,3400,8.131824785007195
09,016,0001,0660,0901600010660,4114,8.32239411311117
09,016,0001,0675,0901600010675,2485,7.818430272070656
09,016,0001,068A,090160001068A,2346,7.760893195851024
09,016,0001,0694,0901600010694,1083,6.988413181999592
09,016,0001,0707,0901600010707,1935,7.568379267836522
09,016,0001,0711,0901600010711,2906,7.9748769005588755
09,016,0001,0730,0901600010730,3078,8.0323601479245
09,016,0001,0745,0901600010745,2734,7.913886714856082
09,016,0001,075A,090160001075A,764,6.639875833826536
09,016,0001,0764,0901600010764,411,6.021023349349527
09,016,0001,0779,0901600010779,1467,7.291656209174461
09,016,0001,0783,0901600010783,3229,8.080237416216702
09,016,0001,0798,0901600010798,253,5.537334267018537
09,016,0001,0800,0901600010800,1631,7.397561535524052
09,016,0001,0815,0901600010815,2767,7.92588031673756
09,016,0001,082A,090160001082A,2146,7.671826797878781
09,016,0001,0834,0901600010834,306,5.726847747587197
09,016,0001,0849,0901600010849,1030,6.93828448401696
09,016,0001,0853,0901600010853,2301,7.741533589281828
09,016,0001,0868,0901600010868,1388,7.236339342754344
09,016,0001,0872,0901600010872,1440,7.273092595999522
09,016,0001,0887,0901600010887,249,5.521460917862246
09,016,0001,0891,0901600010891,2133,7.665753431861699
09,016,0001,0904,0901600010904,1308,7.1770187659099
09,016,0001,0919,0901600010919,812,6.70073110954781
09,016,0001,0923,0901600010923,1515,7.323830566202317
09,016,0001,0938,0901600010938,116,4.762173934797756
09,016,0001,0942,0901600010942,958,6.8658910748834385
09,016,0001,0957,0901600010957,134,4.90527477843843
09,016,0001,0961,0901600010961,897,6.8001700683022
09,016,0001,0976,0901600010976,101,4.624972813284271
09,016,0001,0980,0901600010980,770,6.647688373563329
09,016,0001,0995,0901600010995,1888,7.543802867501509
09,016,0001,100A,090160001100A,19,2.995732273553991
09,016,0001,1014,0901600011014,234,5.459585514144159
09,016,0001,1029,0901600011029,2340,7.75833346749091
09,016,0001,1033,0901600011033,1106,7.009408932708637
09,016,0001,1048,0901600011048,1106,7.009408932708637
09,016,0001,1052,0901600011052,880,6.78105762593618
09,016,0001,1067,0901600011067,724,6.586171654854675
09,016,0001,1071,0901600011071,0,0.0
09,016,0001,1086,0901600011086,1,0.6931471805599453
09,016,0001,1090,0901600011090,3881,8.264105763728956
09,016,0001,1103,0901600011103,3505,8.16223106548118
09,016,0001,1118,0901600011118,6149,8.724207360800564
09,016,0001,1122,0901600011122,2199,7.696212639346407
09,016,0001,1137,0901600011137,3740,8.227108234348146
09,016,0001,1141,0901600011141,3496,8.159660737063376
09,016,0001,1156,0901600011156,7599,8.935903526274423
09,016,0001,1160,0901600011160,6974,8.850087606689566
09,016,0001,1175,0901600011175,1619,7.3901814282264295
09,016,0001,118A,090160001118A,7418,8.911799556189527
09,016,0001,1194,0901600011194,1426,7.2633296174768365
09,016,0001,1207,0901600011207,7668,8.94494150776486
09,016,0001,1211,0901600011211,5038,8.524962928680598
09,016,0001,1226,0901600011226,5214,8.559294367434873
09,016,0001,1230,0901600011230,678,6.520621127558696
09,016,0001,1245,0901600011245,370,5.916202062607435
09,016,0001,125A,090160001125A,1541,7.340835554123275
09,016,0001,1264,0901600011264,1284,7.158513997329321
09,016,0001,1279,0901600011279,2196,7.69484807238461
09,016,0001,1283,0901600011283,1977,7.589841512182657
09,016,0001,1298,0901600011298,1766,7.4770384723196965
09,016,0001,1300,0901600011300,5945,8.690474003558043
09,016,0001,1315,0901600011315,1622,7.392031567514591
09,016,0001,132A,090160001132A,2669,7.8898337513942955
09,016,0001,1334,0901600011334,3317,8.10711747075039
09,016,0001,1349,0901600011349,6342,8.755107121633896
09,016,0001,1353,0901600011353,1674,7.423568444259167
09,016,0001,1368,0901600011368,1524,7.329749689041512
09,017,0001,0013,0901700010013,4643,8.443331342817782
09,017,0001,0028,0901700010028,4915,8.500250470685925
09,017,0001,0032,0901700010032,6157,8.725507328484445
09,017,0001,0047,0901700010047,4060,8.309184527686298
09,017,0001,0051,0901700010051,3459,8.14902386805177
09,017,0001,0066,0901700010066,1759,7.473069088032197
09,017,0001,0070,0901700010070,2672,7.890956716138919
09,017,0001,0085,0901700010085,3038,8.019283792916793
09,017,0001,009A,090170001009A,4342,8.376320632534823
09,017,0001,0102,0901700010102,2790,7.934155233536322
09,017,0001,0117,0901700010117,2991,8.003697339094368
09,017,0001,0121,0901700010121,5370,8.58876938990546
09,017,0001,0136,0901700010136,12,2.5649493574615367
09,017,0001,0140,0901700010140,0,0.0
09,017,0001,0155,0901700010155,2977,7.999007213243955
09,017,0001,016A,090170001016A,1929,7.5652752818989315
09,017,0001,0174,0901700010174,2409,7.787382026484701
09,017,0001,0189,0901700010189,1613,7.3864708488298945
09,017,0001,0193,0901700010193,1695,7.4360278163518485
09,017,0001,0206,0901700010206,2610,7.8674885686991285
09,017,0001,0210,0901700010210,13391,9.502412792729256
09,017,0001,0225,0901700010225,7304,8.8963143241848
09,017,0001,023A,090170001023A,1936,7.5688956634069955
09,017,0001,0244,0901700010244,2419,7.791522819150732
09,017,0001,0259,0901700010259,1870,7.534228326274089
09,017,0001,0263,0901700010263,1848,7.522400231387125
09,017,0001,0278,0901700010278,2230,7.7102051944325325
09,017,0001,0282,0901700010282,3170,8.061802274538348
09,017,0001,0297,0901700010297,3764,8.233503140233994
09,017,0001,030A,090170001030A,3481,8.155362120328135
09,017,0001,0314,0901700010314,3597,8.188133414510478
09,017,0001,0329,0901700010329,3779,8.237479288613633
09,017,0001,0333,0901700010333,3183,8.065893546964274
09,017,0001,0348,0901700010348,2796,7.936302693201959
09,017,0001,0352,0901700010352,3798,8.242493153187626
09,017,0001,0367,0901700010367,5614,8.633196867172543
09,017,0001,0371,0901700010371,7041,8.859647499714997
09,017,0001,0386,0901700010386,1972,7.587310506022615
09,017,0001,0390,0901700010390,6297,8.74798740166097
09,017,0001,0403,0901700010403,2434,7.79770203551669
09,017,0001,0418,0901700010418,2671,7.890582534656536
09,017,0001,0422,0901700010422,6373,8.759982494977281
09,017,0001,0437,0901700010437,3757,8.231642179973411
09,017,0001,0441,0901700010441,2512,7.829232537543592
09,017,0001,0456,0901700010456,3170,8.061802274538348
09,017,0001,0460,0901700010460,5226,8.561592778712923
09,017,0001,0475,0901700010475,1643,7.404887575616125
09,017,0001,048A,090170001048A,4810,8.478660241699453
09,017,0001,0494,0901700010494,5251,8.566364235422688
09,017,0001,0507,0901700010507,2220,7.7057128238944275
09,017,0001,0511,0901700010511,9,2.302585092994046
09,017,0001,0526,0901700010526,4849,8.48673398393153
09,017,0001,0530,0901700010530,1959,7.580699752224563
09,017,0001,0545,0901700010545,3341,8.114324709155339
09,017,0001,055A,090170001055A,5135,8.544029845369797
09,017,0001,0564,0901700010564,3741,8.227375506834035
09,017,0001,0579,0901700010579,2126,7.6624678152002375
09,017,0001,0583,0901700010583,3101,8.039802343736485
09,017,0001,0598,0901700010598,0,0.0
09,017,0001,0600,0901700010600,1661,7.415776975415394
09,017,0001,0615,0901700010615,1642,7.404279118037268
09,017,0001,062A,090170001062A,1852,7.52456122628536
09,017,0001,0634,0901700010634,3670,8.208219383496834
09,017,0001,0649,0901700010649,5076,8.532475814947395
09,017,0001,0653,0901700010653,4651,8.445052513638554
09,017,0001,0668,0901700010668,2650,7.8826922062890254
09,017,0001,0672,0901700010672,3922,8.274611946209552
09,017,0001,0687,0901700010687,668,6.505784060128229
09,017,0001,0691,0901700010691,2362,7.767687277186908
09,017,0001,0704,0901700010704,30,3.4339872044851463
09,017,0001,0719,0901700010719,2119,7.659171367666058
09,017,0001,0723,0901700010723,1047,6.954638864880987
09,017,0001,0738,0901700010738,1156,7.053585727193677
09,017,0001,0742,0901700010742,1826,7.510430556378006
09,017,0001,0757,0901700010757,758,6.63200177739563
09,017,0001,0761,0901700010761,1271,7.148345743900068
09,017,0001,0776,0901700010776,2008,7.605392364814935
09,017,0001,0780,0901700010780,4440,8.398634855292102
09,017,0001,0795,0901700010795,178,5.187385805840755
09,017,0001,0808,0901700010808,3609,8.191463051326927
09,017,0001,0812,0901700010812,4249,8.354674261918463
09,017,0001,0827,0901700010827,4361,8.380685946761574
09,017,0001,0831,0901700010831,5647,8.639056779173078
09,017,0001,0846,0901700010846,3165,8.060224240440958
09,017,0001,0865,0901700010865,4831,8.48301573961465
09,017,0001,087A,090170001087A,5927,8.687442166975924
09,017,0001,0884,0901700010884,8197,9.011645501064283
09,017,0001,0899,0901700010899,2642,7.879669914604289
09,017,0001,0901,0901700010901,1558,7.351799869057777
09,017,0001,0916,0901700010916,1525,7.330405211844402
09,017,0001,0920,0901700010920,207,5.337538079701318
09,017,0001,0935,0901700010935,3112,8.043342170441608
09,017,0001,094A,090170001094A,1125,7.026426808699636
09,017,0001,0954,0901700010954,986,6.894670039433482
09,017,0001,0969,0901700010969,529,6.272877006546167
09,017,0001,0973,0901700010973,1040,6.947937068614969
09,017,0001,0988,0901700010988,1164,7.060476365999801
09,017,0001,0992,0901700010992,825,6.716594773520978
09,017,0001,1007,0901700011007,2046,7.624130585661289
09,017,0001,1011,0901700011011,3068,8.029107054619736
09,017,0001,1026,0901700011026,2938,7.985824666418917
09,017,0001,1030,0901700011030,3615,8.193123721512068
09,017,0001,1045,0901700011045,2441,7.80057265467065
09,017,0001,105A,090170001105A,3108,8.042056410058754
09,017,0001,1064,0901700011064,2009,7.605890001053122
09,017,0001,1079,0901700011079,2442,7.8009820712577405
09,017,0001,1083,0901700011083,1265,7.143617602704121
09,017,0001,1098,0901700011098,793,6.677083461247136
09,017,0001,1100,0901700011100,1368,7.221835825288449
09,017,0001,1115,0901700011115,1798,7.4949862339505335
09,017,0001,112A,090170001112A,356,5.877735781779639
09,017,0001,1134,0901700011134,1422,7.260522598089852
09,017,0001,1149,0901700011149,1274,7.150701457592526
09,017,0001,1153,0901700011153,448,6.1070228877422545
09,017,0001,1168,0901700011168,2089,7.644919344958857
09,017,0001,1172,0901700011172,2725,7.9105906122564775
09,017,0001,1187,0901700011187,2468,7.81156848934518
09,017,0001,1191,0901700011191,2386,7.77779262633883
09,017,0001,1204,0901700011204,2873,7.96346006663897
09,017,0001,1219,0901700011219,2203,7.698029170272805
09,017,0001,1223,0901700011223,3353,8.117908942383155
09,017,0001,1238,0901700011238,3034,8.017966703493599
09,017,0001,1242,0901700011242,4006,8.295798110636145
09,017,0001,1257,0901700011257,2765,7.925157512224703
09,017,0001,1261,0901700011261,3603,8.189799618728228
09,017,0001,1276,0901700011276,2489,7.820037989458753
09,017,0001,1280,0901700011280,4066,8.310660905907225
09,017,0001,1295,0901700011295,4207,8.344742754417545
09,017,0001,1308,0901700011308,2768,7.926241523170962
09,017,0001,1312,0901700011312,4254,8.355850041007475
09,017,0001,1327,0901700011327,2751,7.920083199053234
09,017,0001,1331,0901700011331,3474,8.153349757998892
09,017,0001,1346,0901700011346,1420,7.259116128097101
09,017,0001,1350,0901700011350,1313,7.1808311990445555
09,017,0001,1365,0901700011365,1354,7.2115567333138015
09,017,0001,137A,090170001137A,2109,7.6544432264701125
09,017,0001,1384,0901700011384,1424,7.261927092702751
09,017,0001,1399,0901700011399,2190,7.692113339595466
09,017,0001,1401,0901700011401,4645,8.443761913330354
09,017,0001,1416,0901700011416,7106,8.868835492826895
09,017,0001,1420,0901700011420,697,6.548219102762372
09,017,0001,1435,0901700011435,0,0.0
09,017,0001,144A,090170001144A,5541,8.620110725422924
09,017,0001,1454,0901700011454,1691,7.433666540166168
09,017,0001,1469,0901700011469,1413,7.254177846456518
09,017,0001,1473,0901700011473,1215,7.103322062526113
09,017,0001,1488,0901700011488,1257,7.1372784372603855
09,017,0001,1492,0901700011492,1013,6.921658184151129
09,017,0001,1505,0901700011505,2741,7.91644286012226
09,017,0001,151A,090170001151A,2352,7.763446388727362
09,017,0001,1524,0901700011524,4647,8.444192298531748
