ENTIDAD,MUN,LOC,AGEB,CVEGEO,POBTOT,log_POBTOT
12,001,0001,0034,1200100010034,4049,8.306472160100585
12,001,0001,0049,1200100010049,4275,8.360773272144936
12,001,0001,0091,1200100010091,3080,8.033009498596668
12,001,0001,0104,1200100010104,2299,7.7406644019172415
12,001,0001,0231,1200100010231,3609,8.191463051326927
12,001,0001,0246,1200100010246,2540,7.840312983320164
12,001,0001,0250,1200100010250,3911,8.271804031154709
12,001,0001,027A,120010001027A,4742,8.464425125877582
12,001,0001,0316,1200100010316,4317,8.370547611074752
12,001,0001,0369,1200100010369,5983,8.696844519654313
12,001,0001,0405,1200100010405,3155,8.057060681965766
12,001,0001,0443,1200100010443,861,6.759255270663693
12,001,0001,0458,1200100010458,1875,7.53689712956617
12,001,0001,0477,1200100010477,3181,8.065265208897733
12,001,0001,0496,1200100010496,6647,8.802071336535285
12,001,0001,0513,1200100010513,2660,7.886457270977689
12,001,0001,0528,1200100010528,110,4.709530201312334
12,001,0001,0814,1200100010814,3742,8.22764270790443
12,001,0001,0852,1200100010852,5628,8.635687085464026
12,001,0001,0890,1200100010890,840,6.734591659972948
12,001,0001,0903,1200100010903,3446,8.145259566516865
12,001,0001,0956,1200100010956,3239,8.083328608786376
12,001,0001,0975,1200100010975,3622,8.195057690895077
12,001,0001,0994,1200100010994,3803,8.24380842366528
12,001,0001,1013,1200100011013,2053,7.627544390488503
12,001,0001,1028,1200100011028,3745,8.228443883004033
12,001,0001,1032,1200100011032,3617,8.193676665955241
12,001,0001,1155,1200100011155,3257,8.08886878916199
12,001,0001,1189,1200100011189,2442,7.8009820712577405
12,001,0001,1244,1200100011244,1001,6.90975328164481
12,001,0001,1259,1200100011259,2207,7.699842407396986
12,001,0001,1263,1200100011263,1729,7.455876687491824
12,001,0001,1278,1200100011278,85,4.454347296253507
12,001,0001,1282,1200100011282,235,5.4638318050256105
12,001,0001,1297,1200100011297,362,5.8944028342648505
12,001,0001,130A,120010001130A,2452,7.8050670442584895
12,001,0001,1314,1200100011314,1529,7.333023014386481
12,001,0001,1333,1200100011333,2669,7.8898337513942955
12,001,0001,1348,1200100011348,116,4.762173934797756
12,001,0001,1367,1200100011367,680,6.523562306149512
12,001,0001,1371,1200100011371,2479,7.8160138391590275
12,001,0001,1386,1200100011386,394,5.978885764901122
12,001,0001,1437,1200100011437,1208,7.097548850614793
12,001,0001,1441,1200100011441,1346,7.205635176410364
12,001,0001,148A,120010001148A,1820,7.507141079727608
12,001,0001,1494,1200100011494,1525,7.330405211844402
12,001,0001,1511,1200100011511,1290,7.1631723908466425
12,001,0001,1526,1200100011526,2523,7.8336002236611035
12,001,0001,1583,1200100011583,1975,7.588829878307813
12,001,0001,1615,1200100011615,0,0.0
12,001,0001,162A,120010001162A,21,3.091042453358316
12,001,0001,1649,1200100011649,3483,8.155936337972394
12,001,0001,1653,1200100011653,1158,7.055312843339752
12,001,0001,1668,1200100011668,1699,7.438383530044307
12,001,0001,1672,1200100011672,1430,7.266128779556451
12,001,0001,1687,1200100011687,1422,7.260522598089852
12,001,0001,1761,1200100011761,1499,7.313220387090301
12,001,0001,1812,1200100011812,1517,7.325148957955575
12,001,0001,1827,1200100011827,237,5.472270673671475
12,001,0001,1850,1200100011850,1440,7.273092595999522
12,001,0001,1884,1200100011884,906,6.810142450115136
12,001,0001,1899,1200100011899,1098,7.002155954403621
12,001,0001,2083,1200100012083,391,5.971261839790462
12,001,0001,2098,1200100012098,1902,7.551186867296149
12,001,0001,2100,1200100012100,611,6.416732282512326
12,001,0001,2115,1200100012115,1606,7.382124365737512
12,001,0001,2187,1200100012187,1183,7.076653815443951
12,001,0001,2191,1200100012191,1518,7.325807502595773
12,001,0001,2204,1200100012204,1922,7.56164174558878
12,001,0001,2219,1200100012219,1471,7.294377299288821
12,001,0001,2223,1200100012223,1185,7.078341579557671
12,001,0001,2238,1200100012238,1304,7.173958319756794
12,001,0001,2242,1200100012242,1123,7.024649030453636
12,001,0001,2257,1200100012257,1315,7.182352111885263
12,001,0001,2261,1200100012261,1667,7.419380582918692
12,001,0001,2276,1200100012276,2295,7.738923757439457
12,001,0001,2308,1200100012308,3111,8.043020885298283
12,001,0001,2312,1200100012312,2717,7.907651594711089
12,001,0001,2331,1200100012331,2230,7.7102051944325325
12,001,0001,2346,1200100012346,2184,7.68937110752969
12,001,0001,2350,1200100012350,1243,7.126087273299125
12,001,0001,2365,1200100012365,2781,7.930925372483388
12,001,0001,237A,120010001237A,3501,8.161089512845797
12,001,0001,2384,1200100012384,2790,7.934155233536322
12,001,0001,2399,1200100012399,1644,7.405495663199472
12,001,0001,2401,1200100012401,1855,7.526178913346146
12,001,0001,2416,1200100012416,2391,7.779885115070522
12,001,0001,2420,1200100012420,2199,7.696212639346407
12,001,0001,2435,1200100012435,4539,8.420682291035394
12,001,0001,2454,1200100012454,2256,7.721791776817535
12,001,0001,2469,1200100012469,3480,8.15507488781144
12,001,0001,2473,1200100012473,2655,7.884576510596324
12,001,0001,2488,1200100012488,2025,7.613818684808629
12,001,0001,2492,1200100012492,2578,7.8551570058813445
12,001,0001,2505,1200100012505,2131,7.664815785285735
12,001,0001,251A,120010001251A,2502,7.8252452914317745
12,001,0001,2524,1200100012524,2694,7.899153483343097
12,001,0001,2539,1200100012539,3154,8.056743774975313
12,001,0001,2543,1200100012543,3066,8.028455164114252
12,001,0001,2558,1200100012558,2720,7.908754738783246
12,001,0001,2562,1200100012562,1854,7.5256399750415355
12,001,0001,2577,1200100012577,2030,7.616283561580385
12,001,0001,2581,1200100012581,2540,7.840312983320164
12,001,0001,2596,1200100012596,3289,8.098642843759418
12,001,0001,2609,1200100012609,3129,8.048788283534199
12,001,0001,2613,1200100012613,3604,8.190077049719049
12,001,0001,2628,1200100012628,2000,7.601402334583733
12,001,0001,2632,1200100012632,2707,7.903965634032166
12,001,0001,2647,1200100012647,1847,7.521859252201629
12,001,0001,2651,1200100012651,4418,8.39366870513074
12,001,0001,2670,1200100012670,3671,8.20849175174038
12,001,0001,2685,1200100012685,2790,7.934155233536322
12,001,0001,269A,120010001269A,4410,8.39185670010494
12,001,0001,2702,1200100012702,3156,8.057377488557991
12,001,0001,2721,1200100012721,2244,7.716460800176355
12,001,0001,2736,1200100012736,1550,7.346655163176539
12,001,0001,2740,1200100012740,3888,8.265907334155747
12,001,0001,2755,1200100012755,3611,8.192016914536875
12,001,0001,276A,120010001276A,3512,8.164225652265827
12,001,0001,2774,1200100012774,4392,8.38776764397578
12,001,0001,2789,1200100012789,2956,7.9919305198524775
12,001,0001,2793,1200100012793,2853,7.956476798036782
12,001,0001,2806,1200100012806,3000,8.006700845440367
12,001,0001,2810,1200100012810,5671,8.643297068211963
12,001,0001,2825,1200100012825,1960,7.581209826196346
12,001,0001,283A,120010001283A,912,6.816735880594968
12,001,0001,2844,1200100012844,2365,7.768956044538332
12,001,0001,2859,1200100012859,1252,7.133295954896068
12,001,0001,2863,1200100012863,2888,7.968665700466235
12,001,0001,2878,1200100012878,2944,7.987864096085687
12,001,0001,2882,1200100012882,2895,7.971085753505607
12,001,0001,2897,1200100012897,3332,8.11162807830774
12,001,0001,290A,120010001290A,2270,7.7279755421055585
12,001,0001,2914,1200100012914,3342,8.114623886420098
12,001,0001,2929,1200100012929,2583,7.857093864902493
12,001,0001,2933,1200100012933,2501,7.824845691026856
12,001,0001,2967,1200100012967,2174,7.684783943522785
12,001,0001,2971,1200100012971,2476,7.814803429489359
12,001,0001,2986,1200100012986,2865,7.960672608388117
12,001,0001,2990,1200100012990,1744,7.4645098346365275
12,001,0001,3005,1200100013005,1997,7.599901959208498
12,001,0001,301A,120010001301A,2059,7.630461261783627
12,001,0001,3024,1200100013024,2617,7.870165946469845
12,001,0001,3039,1200100013039,3519,8.166216268592143
12,001,0001,3043,1200100013043,486,6.18826412308259
12,001,0001,3058,1200100013058,2053,7.627544390488503
12,001,0001,3062,1200100013062,3027,8.01565761455734
12,001,0001,3077,1200100013077,2250,7.719129840906732
12,001,0001,3081,1200100013081,3300,8.101980731853192
12,001,0001,3096,1200100013096,2580,7.855932199718614
12,001,0001,3128,1200100013128,2525,7.8343923029104365
12,001,0001,3132,1200100013132,1522,7.328437352895162
12,001,0001,3147,1200100013147,968,6.876264611890766
12,001,0001,3151,1200100013151,1898,7.549082710812286
12,001,0001,3166,1200100013166,2029,7.615791072035833
12,001,0001,3170,1200100013170,3669,8.207946941048617
12,001,0001,3185,1200100013185,2636,7.877397186353287
12,001,0001,3202,1200100013202,2731,7.912789220690681
12,001,0001,3217,1200100013217,1469,7.293017679772782
12,001,0001,3221,1200100013221,1806,7.499423290592229
12,001,0001,3236,1200100013236,794,6.678342114654332
12,001,0001,3240,1200100013240,4469,8.405143687607614
12,001,0001,3255,1200100013255,2059,7.630461261783627
12,001,0001,326A,120010001326A,1663,7.416979621381154
12,001,0001,3274,1200100013274,2553,7.845416036592485
12,001,0001,3289,1200100013289,2003,7.602900462204755
12,001,0001,3306,1200100013306,1810,7.501634457883413
12,001,0001,3310,1200100013310,2066,7.633853559681768
12,001,0001,3325,1200100013325,1624,7.393263094763838
12,001,0001,333A,120010001333A,1825,7.509883061154913
12,001,0001,3344,1200100013344,2729,7.912056888179006
12,001,0001,3359,1200100013359,1725,7.453561871643373
12,001,0001,3363,1200100013363,1666,7.418780882750794
12,001,0001,3378,1200100013378,2275,7.730174795246222
12,001,0001,3382,1200100013382,2207,7.699842407396986
12,001,0001,3397,1200100013397,1930,7.565793282428515
12,001,0001,3414,1200100013414,2936,7.98514393119862
12,001,0001,3429,1200100013429,2410,7.787796878181171
12,001,0001,3433,1200100013433,2204,7.6984827878809465
12,001,0001,3452,1200100013452,3454,8.14757773620177
12,001,0001,3467,1200100013467,891,6.79346613258001
12,001,0001,3471,1200100013471,1279,7.154615356913663
12,001,0001,3486,1200100013486,2259,7.723120092266331
12,001,0001,3490,1200100013490,2347,7.761319180947987
12,001,0001,3503,1200100013503,761,6.635946555686647
12,001,0001,3518,1200100013518,2178,7.68662133494462
12,001,0001,3522,1200100013522,2302,7.741967899820685
12,001,0001,3537,1200100013537,1441,7.273786317844895
12,001,0001,3541,1200100013541,2308,7.744569809354496
12,001,0001,3556,1200100013556,4778,8.471986598578159
12,001,0001,3560,1200100013560,2924,7.981049759665957
12,001,0001,3575,1200100013575,1196,7.087573705557973
12,001,0001,358A,120010001358A,548,6.3080984415095305
12,001,0001,3594,1200100013594,1570,7.359467638255621
12,001,0001,3607,1200100013607,2110,7.65491704784832
12,001,0001,3611,1200100013611,2744,7.917536353943631
12,001,0001,3626,1200100013626,1705,7.441906728051625
12,001,0001,3630,1200100013630,2356,7.7651449029361315
12,001,0001,3645,1200100013645,1180,7.074116816197362
12,001,0001,365A,120010001365A,1189,7.081708586105575
12,001,0001,3679,1200100013679,1771,7.4798641311650265
12,001,0001,3683,1200100013683,1386,7.234898420314831
12,001,0001,3698,1200100013698,1141,7.040536390215956
12,001,0001,3700,1200100013700,899,6.802394763324311
12,001,0001,3715,1200100013715,1450,7.280008252884188
12,001,0001,372A,120010001372A,789,6.672032945461067
12,001,0001,3734,1200100013734,600,6.398594934535208
12,001,0001,3749,1200100013749,485,6.186208623900494
12,001,0001,3753,1200100013753,1123,7.024649030453636
12,001,0001,3768,1200100013768,1119,7.02108396428914
12,001,0001,3772,1200100013772,416,6.0330862217988015
12,001,0001,3787,1200100013787,1141,7.040536390215956
12,001,0001,3791,1200100013791,1516,7.324489979348532
12,001,0001,3804,1200100013804,1854,7.5256399750415355
12,001,0001,3819,1200100013819,1030,6.93828448401696
12,001,0001,3838,1200100013838,886,6.787844982309579
12,001,0001,3861,1200100013861,1446,7.277247726631484
12,001,0001,3876,1200100013876,1262,7.141245122350491
12,001,0001,3880,1200100013880,1143,7.042286171939743
12,001,0001,3895,1200100013895,1086,6.99117688712121
12,001,0001,3912,1200100013912,1562,7.354362330421477
12,001,0001,3927,1200100013927,2007,7.60489448081162
12,001,0001,3931,1200100013931,1196,7.087573705557973
12,001,0001,3946,1200100013946,1690,7.43307534889858
12,001,0001,3950,1200100013950,1933,7.56734567601324
12,001,0001,3965,1200100013965,1988,7.5953872788539725
12,001,0001,397A,120010001397A,657,6.489204931325317
12,001,0001,3999,1200100013999,1442,7.274479558773871
12,001,0001,4018,1200100014018,2224,7.707512194600341
12,001,0001,4126,1200100014126,2012,7.607381425639791
12,001,0001,4130,1200100014130,2195,7.694392802629421
12,001,0001,4145,1200100014145,348,5.855071922202427
12,001,0001,415A,120010001415A,875,6.775366090936392
12,001,0001,4164,1200100014164,2892,7.970049304976135
12,001,0001,4179,1200100014179,2968,7.99598047476376
12,001,0001,4183,1200100014183,1315,7.182352111885263
12,001,0001,4198,1200100014198,1082,6.9874902470009905
12,001,0001,4200,1200100014200,79,4.382026634673881
12,001,0001,4215,1200100014215,151,5.0238805208462765
12,001,0001,422A,120010001422A,1137,7.037027614686276
12,001,0001,4234,1200100014234,1239,7.122866658599083
12,001,0001,4249,1200100014249,719,6.579251212010101
12,001,0001,4253,1200100014253,978,6.88653164253051
12,001,0001,4268,1200100014268,131,4.882801922586371
12,001,0001,4272,1200100014272,2442,7.8009820712577405
12,001,0001,4287,1200100014287,1100,7.00397413672268
12,001,0001,4304,1200100014304,1899,7.549609165154532
12,001,0001,4319,1200100014319,1033,6.9411900550683745
12,001,0001,4323,1200100014323,224,5.41610040220442
12,001,0001,4338,1200100014338,53,3.9889840465642745
12,001,0001,4342,1200100014342,1654,7.411556287811163
12,001,0001,4361,1200100014361,405,6.0063531596017325
12,001,0001,4376,1200100014376,660,6.493753839851686
12,001,0001,4380,1200100014380,217,5.384495062789089
12,001,0001,4395,1200100014395,378,5.937536205082426
12,001,0001,4412,1200100014412,1599,7.3777589082278725
12,001,0001,4427,1200100014427,1255,7.135687347028144
12,001,0001,4431,1200100014431,643,6.467698726104354
12,001,0001,4446,1200100014446,455,6.1224928095143865
12,001,0001,4450,1200100014450,2682,7.894690850425624
12,001,0001,4465,1200100014465,1893,7.546446273746024
12,001,0001,447A,120010001447A,1472,7.29505641646263
12,001,0001,4501,1200100014501,2451,7.804659297056102
12,001,0001,4516,1200100014516,1574,7.362010551259734
12,001,0001,4520,1200100014520,419,6.040254711277414
12,001,0001,454A,120010001454A,296,5.6937321388027
12,001,0001,4554,1200100014554,965,6.873163834212518
12,001,0001,4573,1200100014573,170,5.14166355650266
12,001,0001,4588,1200100014588,51,3.9512437185814275
12,001,0001,4592,1200100014592,24,3.2188758248682006
12,001,0001,4605,1200100014605,28,3.367295829986474
12,001,0001,461A,120010001461A,199,5.298317366548036
12,001,0001,4624,1200100014624,2614,7.869019376499023
12,001,0001,4639,1200100014639,1623,7.392647520721623
12,001,0001,4643,1200100014643,1723,7.452402451223638
12,001,0001,4658,1200100014658,1299,7.170119543449628
12,001,0001,4677,1200100014677,911,6.815639990074331
12,001,0001,4681,1200100014681,942,6.849066282633458
12,001,0001,4696,1200100014696,1273,7.149916836132109
12,001,0001,4709,1200100014709,742,6.610696044717759
12,001,0001,4713,1200100014713,1009,6.917705609835305
12,001,0001,4728,1200100014728,77,4.356708826689592
12,001,0001,4732,1200100014732,28,3.367295829986474
12,001,0001,4747,1200100014747,707,6.56244409369372
12,001,0001,4766,1200100014766,22,3.1354942159291497
12,001,0001,4770,1200100014770,216,5.37989735354046
12,001,0001,479A,120010001479A,267,5.5909869805108565
12,001,0001,4802,1200100014802,145,4.983606621708336
12,001,0001,4817,1200100014817,42,3.7612001156935624
12,001,0001,4821,1200100014821,71,4.276666119016055
12,001,0001,4836,1200100014836,431,6.068425588244111
12,001,0001,4840,1200100014840,21,3.091042453358316
12,001,0001,4855,1200100014855,62,4.143134726391533
12,001,0001,486A,120010001486A,120,4.795790545596741
12,001,0001,4874,1200100014874,241,5.488937726156687
12,001,0001,4889,1200100014889,20,3.044522437723423
12,001,0001,4893,1200100014893,49,3.912023005428146
12,001,0001,4906,1200100014906,1962,7.5822291942764615
12,001,0001,4910,1200100014910,2314,7.747164966520335
12,001,0001,493A,120010001493A,779,6.659293919683638
12,001,0001,4944,1200100014944,1834,7.51479976048867
12,001,0001,4959,1200100014959,3254,8.08794755464267
12,001,0001,4963,1200100014963,1487,7.305188215393037
12,001,0001,4978,1200100014978,1813,7.503289630675082
12,001,0001,4982,1200100014982,1604,7.380879035564116
12,001,0001,4997,1200100014997,1745,7.465082736399547
12,001,0001,5001,1200100015001,907,6.811244378601294
12,001,0001,5020,1200100015020,1748,7.466799475018602
12,001,0001,5035,1200100015035,1993,7.597897950521784
12,001,0001,504A,120010001504A,1339,7.200424892944957
12,001,0001,5054,1200100015054,1917,7.559038255443384
12,001,0001,5069,1200100015069,2716,7.907283609426348
12,001,0001,5073,1200100015073,1175,7.069874128458572
12,001,0001,5088,1200100015088,1537,7.338238150065589
12,001,0001,5092,1200100015092,1292,7.164720378771857
12,001,0001,5105,1200100015105,167,5.123963979403259
12,001,0001,511A,120010001511A,635,6.455198563340122
12,001,0001,5124,1200100015124,165,5.111987788356544
12,001,0001,5139,1200100015139,518,6.251903883165888
12,001,0001,5143,1200100015143,3747,8.228977643358313
12,001,0001,5158,1200100015158,160,5.081404364984463
12,001,0001,5162,1200100015162,472,6.159095388491933
12,001,0001,5196,1200100015196,127,4.852030263919617
12,001,0001,5209,1200100015209,10,2.3978952727983707
12,001,0001,5228,1200100015228,1315,7.182352111885263
12,001,0001,5232,1200100015232,766,6.642486801367256
12,001,0001,5285,1200100015285,163,5.099866427824199
12,001,0001,529A,120010001529A,164,5.10594547390058
12,001,0001,5302,1200100015302,915,6.82001636467413
12,001,0001,5317,1200100015317,1120,7.02197642307216
12,001,0001,5321,1200100015321,1347,7.206377291472252
12,001,0001,5336,1200100015336,1789,7.489970898834801
12,001,0001,5340,1200100015340,942,6.849066282633458
12,001,0001,5355,1200100015355,1087,6.992096427415888
12,001,0001,536A,120010001536A,370,5.916202062607435
12,001,0001,5374,1200100015374,2282,7.733245646529795
12,001,0001,5389,1200100015389,1906,7.553286605600419
12,001,0001,5393,1200100015393,1183,7.076653815443951
12,001,0001,5406,1200100015406,936,6.842683282238422
12,001,0001,5410,1200100015410,966,6.874198495453294
12,001,0001,5425,1200100015425,43,3.784189633918261
12,001,0001,543A,120010001543A,1421,7.259819610363186
12,001,0001,5444,1200100015444,1977,7.589841512182657
12,001,0001,5459,1200100015459,1990,7.596392304064196
12,001,0001,5463,1200100015463,2855,7.957177323459475
12,001,0001,5478,1200100015478,184,5.220355825078324
12,001,0001,5482,1200100015482,1280,7.155396301896734
12,001,0001,5497,1200100015497,642,6.466144724237619
12,001,0001,550A,120010001550A,1562,7.354362330421477
12,001,0001,5514,1200100015514,1381,7.231287004327616
12,001,0001,5529,1200100015529,1698,7.4377951216719325
12,001,0001,5533,1200100015533,72,4.290459441148391
12,001,0001,5548,1200100015548,1057,6.964135612418245
12,001,0001,5552,1200100015552,1659,7.414572881350589
12,001,0001,5567,1200100015567,33,3.5263605246161616
12,001,0001,5571,1200100015571,92,4.532599493153256
12,001,0001,5586,1200100015586,339,5.8289456176102075
12,001,0001,5590,1200100015590,989,6.897704943128636
12,001,0001,5603,1200100015603,1858,7.527793987721444
12,001,0001,5618,1200100015618,1387,7.23561914106675
12,001,0001,5622,1200100015622,63,4.1588830833596715
12,001,0001,5637,1200100015637,325,5.786897381366708
12,001,0001,5641,1200100015641,2954,7.991253929840199
12,001,0001,5656,1200100015656,1321,7.186901020411631
12,001,0001,5660,1200100015660,620,6.431331081933479
12,001,0001,5675,1200100015675,1141,7.040536390215956
12,001,0001,568A,120010001568A,28,3.367295829986474
12,001,0001,5694,1200100015694,43,3.784189633918261
12,001,0001,5707,1200100015707,119,4.787491742782046
12,001,0001,5711,1200100015711,1446,7.277247726631484
12,001,0001,5726,1200100015726,702,6.555356891810665
12,001,0001,5730,1200100015730,901,6.804614520062624
12,001,0001,575A,120010001575A,1972,7.587310506022615
12,001,0001,5764,1200100015764,141,4.955827057601261
12,001,0001,5779,1200100015779,6,1.9459101490553132
12,001,0001,5783,1200100015783,170,5.14166355650266
12,001,0001,5798,1200100015798,28,3.367295829986474
12,001,0001,5800,1200100015800,50,3.9318256327243257
12,001,0001,5815,1200100015815,1046,6.953684210870537
12,001,0001,582A,120010001582A,55,4.02535169073515
12,001,0001,5834,1200100015834,384,5.953243334287785
12,001,0001,5849,1200100015849,69,4.248495242049359
12,001,0001,5853,1200100015853,13,2.6390573296152584
12,001,0001,5868,1200100015868,296,5.6937321388027
12,001,0001,5872,1200100015872,139,4.941642422609304
12,001,0001,5887,1200100015887,211,5.356586274672012
12,001,0001,5891,1200100015891,36,3.6109179126442243
12,001,0001,5904,1200100015904,4,1.6094379124341003
12,001,0001,5919,1200100015919,39,3.6888794541139363
12,001,0001,5923,1200100015923,14,2.70805020110221
12,001,0001,5938,1200100015938,34,3.5553480614894135
12,001,0001,5942,1200100015942,246,5.5093883366279774
12,001,0001,5957,1200100015957,72,4.290459441148391
12,001,0001,5961,1200100015961,73,4.30406509320417
12,001,0001,5976,1200100015976,16,2.833213344056216
12,001,0001,5980,1200100015980,20,3.044522437723423
12,001,0001,5995,1200100015995,5,1.791759469228055
12,001,0001,600A,120010001600A,135,4.912654885736052
12,001,0001,6014,1200100016014,331,5.805134968916488
12,001,0001,6033,1200100016033,29,3.4011973816621555
12,001,0001,6048,1200100016048,623,6.436150368369428
12,001,0001,6052,1200100016052,454,6.12029741895095
12,001,0001,6071,1200100016071,63,4.1588830833596715
12,001,0001,6086,1200100016086,35,3.58351893845611
12,001,0001,6090,1200100016090,31,3.4657359027997265
12,001,0001,6103,1200100016103,127,4.852030263919617
12,001,0001,6118,1200100016118,364,5.8998973535824915
12,001,0001,6122,1200100016122,265,5.583496308781699
12,001,0001,6137,1200100016137,73,4.30406509320417
12,001,0001,6141,1200100016141,706,6.561030665896573
12,001,0001,6156,1200100016156,236,5.4680601411351315
12,001,0001,6160,1200100016160,86,4.465908118654584
12,001,0001,6175,1200100016175,118,4.77912349311153
12,001,0001,618A,120010001618A,447,6.104793232414985
12,001,0001,6194,1200100016194,71,4.276666119016055
12,001,0001,6207,1200100016207,217,5.384495062789089
12,001,0001,6211,1200100016211,170,5.14166355650266
12,001,0001,6226,1200100016226,91,4.5217885770490405
12,001,0001,6230,1200100016230,655,6.486160788944089
12,001,0001,6245,1200100016245,284,5.652489180268651
12,001,0001,6264,1200100016264,117,4.770684624465665
12,001,0001,6279,1200100016279,414,6.028278520230698
12,001,0001,6283,1200100016283,40,3.713572066704308
12,001,0001,6298,1200100016298,121,4.804021044733257
12,001,0001,6300,1200100016300,776,6.655440350367647
12,001,0001,6315,1200100016315,29,3.4011973816621555
12,001,0001,632A,120010001632A,706,6.561030665896573
12,001,0001,6334,1200100016334,90,4.51085950651685
12,001,0001,6349,1200100016349,232,5.4510384535657
12,001,0001,6353,1200100016353,155,5.049856007249537
12,001,0001,6368,1200100016368,109,4.700480365792417
12,001,0001,6372,1200100016372,111,4.718498871295094
12,001,0001,6387,1200100016387,1186,7.079184394609668
12,001,0001,6391,1200100016391,1370,7.223295679562314
12,001,0001,6404,1200100016404,196,5.2832037287379885
12,001,0001,6419,1200100016419,157,5.062595033026967
12,001,0001,6438,1200100016438,1907,7.553810852008231
12,001,0001,6442,1200100016442,3094,8.037543185118697
12,001,0001,6457,1200100016457,1831,7.513163545234075
12,001,0001,6461,1200100016461,987,6.895682697747868
12,001,0001,6476,1200100016476,12,2.5649493574615367
12,001,0001,6480,1200100016480,196,5.2832037287379885
12,001,0001,6495,1200100016495,8,2.1972245773362196
12,001,0001,6508,1200100016508,25,3.258096538021482
12,001,0001,6512,1200100016512,134,4.90527477843843
12,001,0001,6527,1200100016527,71,4.276666119016055
12,001,0001,6531,1200100016531,149,5.0106352940962555
12,001,0001,6550,1200100016550,102,4.634728988229636
12,001,0001,6565,1200100016565,40,3.713572066704308
12,001,0001,657A,120010001657A,257,5.552959584921617
12,001,0001,6584,1200100016584,90,4.51085950651685
12,001,0001,6599,1200100016599,98,4.59511985013459
12,001,0001,6616,1200100016616,300,5.707110264748875
12,001,0001,6620,1200100016620,73,4.30406509320417
12,001,0001,6635,1200100016635,47,3.871201010907891
12,001,0001,6654,1200100016654,12,2.5649493574615367
12,001,0001,6669,1200100016669,598,6.395261598115449
12,001,0001,6673,1200100016673,75,4.330733340286331
12,001,0001,6688,1200100016688,167,5.123963979403259
12,001,0001,6692,1200100016692,12,2.5649493574615367
12,001,0001,6705,1200100016705,2,1.0986122886681098
12,001,0001,671A,120010001671A,88,4.48863636973214
12,001,0001,6724,1200100016724,0,0.0
12,001,0081,4751,1200100814751,3199,8.070906088787819
12,001,0081,6546,1200100816546,99,4.605170185988092
12,001,0110,1738,1200101101738,683,6.52795791762255
12,001,0110,1742,1200101101742,769,6.646390514847729
12,001,0110,1757,1200101101757,76,4.343805421853684
12,001,0110,4041,1200101104041,1591,7.3727463664043285
12,001,0110,4056,1200101104056,1576,7.3632795869630385
12,001,0110,4060,1200101104060,1606,7.382124365737512
12,001,0158,5251,1200101585251,1578,7.364547014255642
12,001,0158,5266,1200101585266,2027,7.614805364711073
12,001,0158,5270,1200101585270,69,4.248495242049359
12,001,0158,625A,120010158625A,473,6.161207321695077
12,001,0158,6423,1200101586423,37,3.6375861597263857
12,001,0158,6601,1200101586601,23,3.1780538303479458
12,001,0158,664A,120010158664A,85,4.454347296253507
12,001,0166,1795,1200101661795,1269,7.146772179452637
12,001,0166,4075,1200101664075,1865,7.531552381407289
12,001,0166,408A,120010166408A,1867,7.532623618788788
12,001,0173,1704,1200101731704,466,6.1463292576688975
12,001,0173,1719,1200101731719,693,6.542471960506805
12,001,0173,1723,1200101731723,1179,7.07326971745971
12,001,0173,4094,1200101734094,1617,7.388946097618437
12,001,0173,4107,1200101734107,1694,7.43543801981455
12,001,0173,4111,1200101734111,1316,7.183111701743281
12,002,0001,0243,1200200010243,187,5.236441962829949
12,002,0001,0332,1200200010332,1916,7.558516743045645
12,002,0001,0347,1200200010347,1363,7.218176838403408
12,002,0001,0351,1200200010351,51,3.9512437185814275
12,002,0001,0366,1200200010366,0,0.0
12,003,0001,026A,120030001026A,1218,7.105786129481271
12,003,0001,0274,1200300010274,422,6.0473721790462776
12,003,0001,0289,1200300010289,1650,7.409136443920128
12,003,0001,0293,1200300010293,2041,7.621684998724611
12,003,0001,0522,1200300010522,998,6.906754778648554
12,003,0001,0698,1200300010698,41,3.7376696182833684
12,003,0001,0772,1200300010772,15,2.772588722239781
12,003,0001,0787,1200300010787,1,0.6931471805599453
12,003,0001,0804,1200300010804,2,1.0986122886681098
12,003,0001,0819,1200300010819,0,0.0
12,003,0016,0645,1200300160645,1591,7.3727463664043285
12,003,0016,065A,120030016065A,1431,7.266827347520591
12,003,0016,0700,1200300160700,10,2.3978952727983707
12,003,0016,0715,1200300160715,14,2.70805020110221
12,003,0016,072A,120030016072A,72,4.290459441148391
12,003,0016,0734,1200300160734,5,1.791759469228055
12,003,0016,0768,1200300160768,0,0.0
12,003,0017,0749,1200300170749,1191,7.083387847625295
12,003,0017,0753,1200300170753,1825,7.509883061154913
12,003,0017,0791,1200300170791,52,3.970291913552122
12,003,0058,0626,1200300580626,1259,7.138866999945524
12,003,0058,0630,1200300580630,1342,7.202661196523238
12,004,0001,0074,1200400010074,520,6.255750041753367
12,004,0001,0089,1200400010089,950,6.85751406254539
12,004,0001,0159,1200400010159,1075,6.98100574072173
12,005,0001,0033,1200500010033,1060,6.966967138613983
12,005,0001,0048,1200500010048,723,6.584791392385716
12,005,0001,0052,1200500010052,692,6.541029999189903
12,005,0001,0086,1200500010086,527,6.269096283706261
12,005,0001,0090,1200500010090,112,4.727387818712341
12,005,0001,0103,1200500010103,104,4.653960350157523
12,005,0001,0118,1200500010118,53,3.9889840465642745
12,005,0001,0122,1200500010122,32,3.4965075614664802
12,005,0001,0137,1200500010137,221,5.402677381872279
12,005,0001,0141,1200500010141,48,3.8918202981106265
12,005,0001,0156,1200500010156,21,3.091042453358316
12,005,0001,0160,1200500010160,35,3.58351893845611
12,005,0001,0175,1200500010175,133,4.897839799950911
12,005,0001,018A,120050001018A,0,0.0
12,005,0001,0194,1200500010194,21,3.091042453358316
12,005,0001,0207,1200500010207,40,3.713572066704308
12,005,0001,0211,1200500010211,32,3.4965075614664802
12,005,0001,0226,1200500010226,0,0.0
12,005,0001,0230,1200500010230,3,1.3862943611198906
12,005,0001,0245,1200500010245,0,0.0
12,005,0001,025A,120050001025A,17,2.8903717578961645
12,006,0001,012A,120060001012A,304,5.720311776607412
12,006,0001,0295,1200600010295,989,6.897704943128636
12,006,0001,0308,1200600010308,1217,7.1049654482698426
12,006,0001,0312,1200600010312,1234,7.118826249062078
12,006,0001,0327,1200600010327,683,6.52795791762255
12,006,0001,0331,1200600010331,835,6.728628613084702
12,006,0001,0346,1200600010346,733,6.598509028614515
12,006,0001,0350,1200600010350,913,6.81783057145415
12,006,0001,0365,1200600010365,24,3.2188758248682006
12,006,0001,037A,120060001037A,8,2.1972245773362196
12,006,0001,0384,1200600010384,40,3.713572066704308
12,006,0001,0399,1200600010399,37,3.6375861597263857
12,006,0001,0401,1200600010401,0,0.0
12,006,0001,0416,1200600010416,20,3.044522437723423
12,007,0001,0108,1200700010108,1896,7.5480289699350145
12,007,0001,0150,1200700010150,1438,7.271703706887368
12,007,0001,024A,120070001024A,550,6.311734809152915
12,007,0001,0343,1200700010343,761,6.635946555686647
12,007,0001,0358,1200700010358,1180,7.074116816197362
12,007,0001,0362,1200700010362,1208,7.097548850614793
12,007,0001,0377,1200700010377,1325,7.189922170745808
12,007,0001,0381,1200700010381,1852,7.52456122628536
12,007,0001,0396,1200700010396,2528,7.835579246669965
12,007,0001,0409,1200700010409,964,6.872128101338986
12,007,0001,0413,1200700010413,1167,7.0630481633881725
12,007,0001,0428,1200700010428,938,6.844815479208263
12,007,0001,0432,1200700010432,1296,7.167809184316444
12,007,0001,0447,1200700010447,938,6.844815479208263
12,007,0001,0451,1200700010451,76,4.343805421853684
12,007,0001,0466,1200700010466,5,1.791759469228055
12,007,0001,0470,1200700010470,25,3.258096538021482
12,007,0001,0485,1200700010485,98,4.59511985013459
12,007,0001,049A,120070001049A,12,2.5649493574615367
12,007,0001,0502,1200700010502,28,3.367295829986474
12,007,0001,0517,1200700010517,125,4.836281906951478
12,007,0001,0521,1200700010521,36,3.6109179126442243
12,007,0001,0536,1200700010536,35,3.58351893845611
12,007,0001,0540,1200700010540,24,3.2188758248682006
12,007,0001,0555,1200700010555,123,4.820281565605037
12,007,0001,056A,120070001056A,33,3.5263605246161616
12,007,0001,0574,1200700010574,24,3.2188758248682006
12,008,0001,0105,1200800010105,836,6.729824070489475
12,008,0001,011A,120080001011A,1112,7.014814351275545
12,008,0001,0124,1200800010124,691,6.539585955617669
12,008,0001,0196,1200800010196,36,3.6109179126442243
12,008,0001,0209,1200800010209,125,4.836281906951478
12,008,0001,0213,1200800010213,40,3.713572066704308
12,008,0001,0228,1200800010228,2,1.0986122886681098
12,009,0001,0032,1200900010032,884,6.785587645007929
12,009,0001,0066,1200900010066,56,4.04305126783455
12,010,0001,0086,1201000010086,970,6.878326468291325
12,010,0001,0090,1201000010090,828,6.720220155135295
12,010,0001,0156,1201000010156,35,3.58351893845611
12,010,0001,0160,1201000010160,288,5.666426688112432
12,010,0001,0279,1201000010279,651,6.480044561926653
12,010,0001,0283,1201000010283,196,5.2832037287379885
12,010,0001,0298,1201000010298,343,5.840641657373398
12,010,0001,0300,1201000010300,7,2.0794415416798357
12,010,0001,0315,1201000010315,8,2.1972245773362196
12,010,0001,032A,120100001032A,26,3.295836866004329
12,011,0001,0346,1201100010346,2208,7.700295203420117
12,011,0001,0420,1201100010420,646,6.472346294500901
12,011,0001,0435,1201100010435,847,6.742880635791903
12,011,0001,044A,120110001044A,750,6.621405651764134
12,011,0001,051A,120110001051A,782,6.663132695990803
12,011,0001,0524,1201100010524,1050,6.957497370876951
12,011,0001,0539,1201100010539,2094,7.647308832356238
12,011,0001,0543,1201100010543,1494,7.3098814858247865
12,011,0001,0558,1201100010558,1680,7.427144133408616
12,011,0001,0562,1201100010562,1762,7.47477218239787
12,011,0001,0577,1201100010577,1672,7.422373700986824
12,011,0001,0581,1201100010581,1872,7.5352967024440884
12,011,0001,0596,1201100010596,1018,6.926577033222725
12,011,0001,0721,1201100010721,1384,7.233455418621439
12,011,0001,0736,1201100010736,2129,7.6638772587034705
12,011,0001,0789,1201100010789,0,0.0
12,011,0001,0806,1201100010806,16,2.833213344056216
12,011,0001,0810,1201100010810,3,1.3862943611198906
12,011,0043,0350,1201100430350,345,5.846438775057725
12,011,0043,0365,1201100430365,558,6.326149473155099
12,011,0043,037A,120110043037A,164,5.10594547390058
12,011,0043,0651,1201100430651,1084,6.98933526597456
12,011,0043,0666,1201100430666,1383,7.232733136177615
12,011,0043,0740,1201100430740,26,3.295836866004329
12,011,0043,0755,1201100430755,16,2.833213344056216
12,011,0043,076A,120110043076A,0,0.0
12,011,0043,0774,1201100430774,80,4.394449154672439
12,011,0071,0670,1201100710670,1047,6.954638864880987
12,011,0071,0685,1201100710685,1292,7.164720378771857
12,011,0071,069A,120110071069A,876,6.776506992372183
12,011,0071,0793,1201100710793,79,4.382026634673881
12,011,0071,0825,1201100710825,90,4.51085950651685
12,011,0071,083A,120110071083A,5,1.791759469228055
12,012,0001,0269,1201200010269,2154,7.675546002537848
12,012,0001,0273,1201200010273,1658,7.413970290190444
12,012,0001,0377,1201200010377,4544,8.421783006611578
12,012,0001,0381,1201200010381,2776,7.9291264873067995
12,012,0001,0396,1201200010396,2518,7.831617276352611
12,012,0001,0409,1201200010409,39,3.6888794541139363
12,012,0001,0413,1201200010413,24,3.2188758248682006
12,012,0001,0428,1201200010428,33,3.5263605246161616
12,012,0001,0432,1201200010432,46,3.8501476017100584
12,012,0001,0447,1201200010447,1405,7.2485040723706105
12,012,0001,0451,1201200010451,18,2.9444389791664403
12,012,0001,0466,1201200010466,94,4.553876891600541
12,012,0001,0470,1201200010470,61,4.127134385045092
12,013,0001,0228,1201300010228,603,6.403574197934815
12,013,0001,0247,1201300010247,2,1.0986122886681098
12,013,0001,0336,1201300010336,1781,7.485491608030754
12,013,0001,0463,1201300010463,1076,6.981934677156389
12,013,0001,0478,1201300010478,749,6.620073206530356
12,014,0001,0051,1201400010051,1265,7.143617602704121
12,014,0001,0070,1201400010070,1604,7.380879035564116
12,014,0001,0225,1201400010225,2978,7.999342952713282
12,014,0001,023A,120140001023A,1168,7.063903961472068
12,014,0001,0244,1201400010244,122,4.812184355372417
12,014,0001,0259,1201400010259,61,4.127134385045092
12,014,0001,0263,1201400010263,2,1.0986122886681098
12,015,0001,0129,1201500010129,2136,7.667158255319148
12,015,0001,0133,1201500010133,1082,6.9874902470009905
12,015,0001,0148,1201500010148,1234,7.118826249062078
12,015,0001,0152,1201500010152,1136,7.036148493750536
12,015,0001,0167,1201500010167,1408,7.25063551189868
12,015,0001,0171,1201500010171,30,3.4339872044851463
12,015,0001,0186,1201500010186,0,0.0
12,015,0001,0190,1201500010190,48,3.8918202981106265
12,015,0001,0203,1201500010203,18,2.9444389791664403
12,015,0001,0218,1201500010218,39,3.6888794541139363
12,016,0001,0287,1201600010287,589,6.380122536899765
12,016,0001,0291,1201600010291,272,5.60947179518496
12,016,0001,0304,1201600010304,559,6.327936783729195
12,016,0001,0535,1201600010535,53,3.9889840465642745
12,017,0001,0161,1201700010161,944,6.851184927493743
12,017,0001,0195,1201700010195,123,4.820281565605037
12,017,0001,0299,1201700010299,1148,7.046647277848756
12,017,0001,0301,1201700010301,1031,6.939253946041508
12,017,0001,0316,1201700010316,493,6.202535517187923
12,017,0001,0320,1201700010320,450,6.111467339502679
12,017,0001,0373,1201700010373,28,3.367295829986474
12,017,0001,0388,1201700010388,52,3.970291913552122
12,017,0001,041A,120170001041A,5,1.791759469228055
12,017,0001,0424,1201700010424,0,0.0
12,017,0001,0439,1201700010439,13,2.6390573296152584
12,017,0001,0443,1201700010443,6,1.9459101490553132
12,017,0001,0458,1201700010458,17,2.8903717578961645
12,017,0004,0142,1201700040142,638,6.459904454377535
12,017,0004,0180,1201700040180,553,6.317164686747284
12,017,0004,0212,1201700040212,227,5.429345628954441
12,017,0004,0231,1201700040231,84,4.442651256490317
12,017,0004,034A,120170004034A,19,2.995732273553991
12,017,0004,0354,1201700040354,386,5.958424693029782
12,017,0004,0369,1201700040369,393,5.976350909297934
12,017,0004,0392,1201700040392,38,3.6635616461296463
12,017,0004,0405,1201700040405,6,1.9459101490553132
12,018,0001,0084,1201800010084,1814,7.503840746698951
12,018,0001,0099,1201800010099,1800,7.496097345175956
12,018,0001,0101,1201800010101,1717,7.4489161025442
12,018,0001,0116,1201800010116,496,6.208590026096629
12,018,0001,0120,1201800010120,268,5.594711379601839
12,018,0001,0135,1201800010135,3,1.3862943611198906
12,018,0001,014A,120180001014A,264,5.579729825986222
12,018,0001,0154,1201800010154,151,5.0238805208462765
12,018,0001,0169,1201800010169,39,3.6888794541139363
12,018,0001,0173,1201800010173,24,3.2188758248682006
12,018,0001,0188,1201800010188,4,1.6094379124341003
12,018,0001,0192,1201800010192,7,2.0794415416798357
12,018,0001,0205,1201800010205,20,3.044522437723423
12,018,0001,021A,120180001021A,12,2.5649493574615367
12,019,0001,0151,1201900010151,176,5.176149732573829
12,019,0001,0166,1201900010166,188,5.241747015059643
12,019,0001,0274,1201900010274,1974,7.5883236773352225
12,019,0001,0289,1201900010289,1631,7.397561535524052
12,019,0001,0293,1201900010293,75,4.330733340286331
12,019,0001,0306,1201900010306,1223,7.1098794630722715
12,019,0001,0310,1201900010310,1480,7.300472814267799
12,019,0001,0325,1201900010325,71,4.276666119016055
12,019,0001,033A,120190001033A,27,3.332204510175204
12,019,0001,0344,1201900010344,5,1.791759469228055
12,019,0001,0359,1201900010359,60,4.110873864173311
12,019,0001,0363,1201900010363,0,0.0
12,019,0001,0378,1201900010378,0,0.0
12,020,0001,0059,1202000010059,2582,7.8567067930958405
12,020,0001,0097,1202000010097,13,2.6390573296152584
12,020,0001,010A,120200001010A,89,4.499809670330265
12,020,0001,0114,1202000010114,59,4.0943445622221
12,020,0001,0129,1202000010129,61,4.127134385045092
12,020,0001,0133,1202000010133,50,3.9318256327243257
12,020,0001,0148,1202000010148,70,4.2626798770413155
12,021,0001,0287,1202100010287,4066,8.310660905907225
12,021,0001,0573,1202100010573,2523,7.8336002236611035
12,021,0001,0592,1202100010592,2434,7.79770203551669
12,021,0001,0624,1202100010624,270,5.602118820879701
12,021,0001,0639,1202100010639,36,3.6109179126442243
12,021,0001,0643,1202100010643,553,6.317164686747284
12,021,0001,0658,1202100010658,1390,7.237778191923443
12,021,0001,0696,1202100010696,63,4.1588830833596715
12,021,0001,0766,1202100010766,148,5.003946305945459
12,021,0001,0770,1202100010770,840,6.734591659972948
12,021,0001,0785,1202100010785,652,6.481577129276431
12,021,0001,079A,120210001079A,264,5.579729825986222
12,021,0001,0802,1202100010802,9,2.302585092994046
12,021,0001,0874,1202100010874,46,3.8501476017100584
12,021,0001,0889,1202100010889,262,5.572154032177765
12,021,0001,0893,1202100010893,10,2.3978952727983707
12,021,0008,054A,120210008054A,2275,7.730174795246222
12,021,0008,0855,1202100080855,2044,7.623153068476902
12,021,0008,086A,120210008086A,1846,7.52131798019924
12,021,0060,061A,120210060061A,1407,7.249925536717988
12,021,0060,0662,1202100600662,97,4.584967478670572
12,021,0060,0677,1202100600677,266,5.58724865840025
12,021,0060,0681,1202100600681,44,3.8066624897703196
12,021,0060,0728,1202100600728,7,2.0794415416798357
12,021,0060,0732,1202100600732,6,1.9459101490553132
12,021,0060,0747,1202100600747,64,4.174387269895637
12,021,0060,0817,1202100600817,791,6.674561391814426
12,021,0060,0821,1202100600821,946,6.853299093186078
12,021,0060,0906,1202100600906,8,2.1972245773362196
12,021,0062,0713,1202100620713,1341,7.201916317531627
12,021,0062,0751,1202100620751,53,3.9889840465642745
12,021,0062,0836,1202100620836,582,6.368187186350492
12,021,0062,0840,1202100620840,1659,7.414572881350589
12,022,0001,0424,1202200010424,1406,7.249215057114389
12,022,0001,0852,1202200010852,1343,7.203405521083095
12,022,0001,0867,1202200010867,1530,7.333676395657684
12,022,0001,0871,1202200010871,1676,7.424761761823209
12,022,0001,0886,1202200010886,668,6.505784060128229
12,022,0001,0960,1202200010960,0,0.0
12,022,0001,0975,1202200010975,26,3.295836866004329
12,022,0001,098A,120220001098A,0,0.0
12,022,0001,1013,1202200011013,7,2.0794415416798357
12,022,0001,1066,1202200011066,36,3.6109179126442243
12,022,0001,1070,1202200011070,67,4.219507705176107
12,022,0001,1085,1202200011085,10,2.3978952727983707
12,022,0001,109A,120220001109A,62,4.143134726391533
12,022,0001,1102,1202200011102,1,0.6931471805599453
12,022,0001,1117,1202200011117,25,3.258096538021482
12,022,0003,0903,1202200030903,1520,7.327123292259293
12,022,0003,0994,1202200030994,39,3.6888794541139363
12,022,0003,1009,1202200031009,41,3.7376696182833684
12,022,0003,1028,1202200031028,496,6.208590026096629
12,022,0003,1032,1202200031032,532,6.278521424165844
12,022,0003,1047,1202200031047,13,2.6390573296152584
12,022,0003,1051,1202200031051,32,3.4965075614664802
12,022,0003,1121,1202200031121,7,2.0794415416798357
12,022,0003,1136,1202200031136,23,3.1780538303479458
12,023,0001,0120,1202300010120,2017,7.609862200913554
12,023,0001,0135,1202300010135,1369,7.222566018822171
12,023,0001,0154,1202300010154,1254,7.134890851565884
12,023,0001,0169,1202300010169,282,5.645446897643238
12,023,0001,0173,1202300010173,331,5.805134968916488
12,023,0001,0347,1202300010347,1296,7.167809184316444
12,023,0001,0351,1202300010351,1428,7.264730177929867
12,023,0001,0366,1202300010366,1279,7.154615356913663
12,023,0001,0370,1202300010370,769,6.646390514847729
12,023,0001,0402,1202300010402,9,2.302585092994046
12,023,0001,0417,1202300010417,126,4.844187086458591
12,023,0001,0421,1202300010421,0,0.0
12,023,0001,0436,1202300010436,2,1.0986122886681098
12,023,0001,0440,1202300010440,86,4.465908118654584
12,023,0001,0474,1202300010474,0,0.0
12,023,0001,0489,1202300010489,0,0.0
12,023,0001,0493,1202300010493,0,0.0
12,023,0001,0506,1202300010506,34,3.5553480614894135
12,023,0026,0385,1202300260385,1986,7.594381242551817
12,023,0026,039A,120230026039A,1242,7.1252830915107115
12,023,0026,0455,1202300260455,39,3.6888794541139363
12,024,0001,0043,1202400010043,228,5.43372200355424
12,024,0001,0058,1202400010058,67,4.219507705176107
12,024,0001,0166,1202400010166,759,6.633318433280377
12,024,0001,0170,1202400010170,665,6.501289670540389
12,024,0001,0185,1202400010185,75,4.330733340286331
12,025,0001,020A,120250001020A,920,6.825460036255307
12,025,0001,0214,1202500010214,857,6.754604099487962
12,025,0001,0229,1202500010229,1790,7.490529402060711
12,026,0001,0226,1202600010226,1360,7.215975002651466
12,026,0001,0230,1202600010230,958,6.8658910748834385
12,026,0001,0245,1202600010245,1,0.6931471805599453
12,027,0001,0204,1202700010204,1418,7.257707677160043
12,027,0001,0219,1202700010219,666,6.502790045915623
12,027,0001,0238,1202700010238,666,6.502790045915623
12,027,0001,0505,1202700010505,685,6.530877627725885
12,027,0001,0524,1202700010524,164,5.10594547390058
12,027,0001,0539,1202700010539,472,6.159095388491933
12,027,0001,0543,1202700010543,674,6.51471269087253
12,027,0001,0558,1202700010558,30,3.4339872044851463
12,027,0001,0562,1202700010562,16,2.833213344056216
12,027,0001,0577,1202700010577,7,2.0794415416798357
12,027,0001,0581,1202700010581,12,2.5649493574615367
12,027,0001,0596,1202700010596,85,4.454347296253507
12,028,0001,0131,1202800010131,2984,8.001355025826703
12,028,0001,017A,120280001017A,1327,7.191429330036379
12,028,0001,0358,1202800010358,2830,7.9483852851118995
12,028,0001,0362,1202800010362,4213,8.346167594364134
12,028,0001,0377,1202800010377,3940,8.279189777195004
12,028,0001,0381,1202800010381,4671,8.449342524508063
12,028,0001,0396,1202800010396,2746,7.918264686095274
12,028,0001,0409,1202800010409,1752,7.469083884921234
12,028,0001,0428,1202800010428,459,6.131226489483141
12,028,0001,0432,1202800010432,305,5.723585101952381
12,028,0001,0447,1202800010447,96,4.574710978503383
12,028,0001,0451,1202800010451,165,5.111987788356544
12,028,0001,049A,120280001049A,309,5.736572297479192
12,028,0001,0502,1202800010502,282,5.645446897643238
12,028,0001,0517,1202800010517,277,5.627621113690637
12,028,0001,0521,1202800010521,363,5.8971538676367405
12,028,0001,0536,1202800010536,121,4.804021044733257
12,028,0001,0540,1202800010540,578,6.361302477572996
12,028,0001,0555,1202800010555,60,4.110873864173311
12,028,0001,056A,120280001056A,1103,7.00669522683704
12,028,0001,0574,1202800010574,1277,7.15305163493748
12,028,0001,0606,1202800010606,141,4.955827057601261
12,028,0001,0610,1202800010610,110,4.709530201312334
12,028,0001,0625,1202800010625,110,4.709530201312334
12,028,0001,063A,120280001063A,145,4.983606621708336
12,028,0001,0644,1202800010644,503,6.222576268071369
12,028,0001,0659,1202800010659,51,3.9512437185814275
12,028,0001,0663,1202800010663,6,1.9459101490553132
12,028,0001,0697,1202800010697,47,3.871201010907891
12,028,0001,070A,120280001070A,14,2.70805020110221
12,028,0001,0714,1202800010714,8,2.1972245773362196
12,028,0001,0767,1202800010767,66,4.204692619390966
12,028,0001,0771,1202800010771,13,2.6390573296152584
12,028,0001,0786,1202800010786,19,2.995732273553991
12,028,0001,0790,1202800010790,24,3.2188758248682006
12,028,0001,0803,1202800010803,38,3.6635616461296463
12,028,0001,0818,1202800010818,4,1.6094379124341003
12,028,0003,0023,1202800030023,1608,7.3833681469923835
12,028,0003,0150,1202800030150,993,6.901737206656574
12,028,0003,0466,1202800030466,576,6.3578422665081
12,028,0003,0470,1202800030470,273,5.6131281063880705
12,028,0003,0593,1202800030593,25,3.258096538021482
12,028,0003,0678,1202800030678,36,3.6109179126442243
12,028,0003,0682,1202800030682,15,2.772588722239781
12,028,0022,0485,1202800220485,3819,8.24800570160062
12,028,0022,0733,1202800220733,106,4.672828834461906
12,028,0022,0748,1202800220748,62,4.143134726391533
12,028,0022,0752,1202800220752,7,2.0794415416798357
12,028,0055,0343,1202800550343,3602,8.189522110748094
12,028,0055,0589,1202800550589,321,5.7745515455444085
12,028,0055,0729,1202800550729,21,3.091042453358316
12,029,0001,004A,120290001004A,3852,8.256607344626158
12,029,0001,0054,1202900010054,3459,8.14902386805177
12,029,0001,0073,1202900010073,4197,8.342363500380579
12,029,0001,0092,1202900010092,3617,8.193676665955241
12,029,0001,0124,1202900010124,1356,7.213031659834869
12,029,0001,0590,1202900010590,2237,7.71333788887187
12,029,0001,0603,1202900010603,1787,7.488852955733459
12,029,0001,0618,1202900010618,374,5.926926025970411
12,029,0001,0637,1202900010637,2795,7.935945103353701
12,029,0001,0641,1202900010641,1507,7.318539548567902
12,029,0001,0656,1202900010656,1554,7.349230824613334
12,029,0001,0660,1202900010660,821,6.71174039505618
12,029,0001,1029,1202900011029,2428,7.795234929002173
12,029,0001,1033,1202900011033,2840,7.951911381854188
12,029,0001,1052,1202900011052,5978,8.696008608880904
12,029,0001,1067,1202900011067,3197,8.0702808933939
12,029,0001,1071,1202900011071,2220,7.7057128238944275
12,029,0001,1086,1202900011086,3165,8.060224240440958
12,029,0001,1090,1202900011090,2288,7.735870319952567
12,029,0001,1103,1202900011103,2394,7.781138509845015
12,029,0001,1118,1202900011118,2554,7.845807502637805
12,029,0001,1156,1202900011156,4194,8.341648618901306
12,029,0001,1160,1202900011160,2625,7.873217054862741
12,029,0001,1175,1202900011175,3651,8.20303024171486
12,029,0001,1207,1202900011207,2906,7.9748769005588755
12,029,0001,1211,1202900011211,1771,7.4798641311650265
12,029,0001,1226,1202900011226,1640,7.403061091090091
12,029,0001,1230,1202900011230,2415,7.789868559054706
12,029,0001,1245,1202900011245,2183,7.688913336864796
12,029,0001,125A,120290001125A,1758,7.472500744737558
12,029,0001,1264,1202900011264,1732,7.457609289715606
12,029,0001,1279,1202900011279,411,6.021023349349527
12,029,0001,1283,1202900011283,539,6.29156913955832
12,029,0001,1298,1202900011298,2810,7.941295570906532
12,029,0001,1300,1202900011300,2874,7.963807953231451
12,029,0001,1334,1202900011334,3288,8.098338846189057
12,029,0001,1349,1202900011349,2885,7.9676267393338165
12,029,0001,1495,1202900011495,2435,7.798112628829788
12,029,0001,1512,1202900011512,227,5.429345628954441
12,029,0001,1527,1202900011527,3712,8.21959545417708
12,029,0001,1546,1202900011546,560,6.329720905522696
12,029,0001,1550,1202900011550,1349,7.2078598714324755
12,029,0001,1565,1202900011565,1441,7.273786317844895
12,029,0001,157A,120290001157A,2794,7.9355873855892
12,029,0001,1584,1202900011584,2268,7.727094484779841
12,029,0001,1601,1202900011601,2885,7.9676267393338165
12,029,0001,1616,1202900011616,1675,7.424165281042028
12,029,0001,1620,1202900011620,2765,7.925157512224703
12,029,0001,1635,1202900011635,3986,8.290794347381356
12,029,0001,164A,120290001164A,1016,6.92461239604856
12,029,0001,1654,1202900011654,823,6.714170529909472
12,029,0001,1705,1202900011705,89,4.499809670330265
12,029,0001,171A,120290001171A,9,2.302585092994046
12,029,0001,1724,1202900011724,8,2.1972245773362196
12,029,0001,1739,1202900011739,112,4.727387818712341
12,029,0001,1743,1202900011743,340,5.831882477283517
12,029,0001,1758,1202900011758,0,0.0
12,029,0001,1762,1202900011762,40,3.713572066704308
12,029,0001,1777,1202900011777,6,1.9459101490553132
12,029,0001,1781,1202900011781,477,6.169610732491456
12,029,0001,1828,1202900011828,192,5.262690188904886
12,029,0001,1832,1202900011832,52,3.970291913552122
12,029,0001,1851,1202900011851,152,5.030437921392435
12,029,0001,1866,1202900011866,457,6.126869184114185
12,029,0001,1921,1202900011921,89,4.499809670330265
12,029,0001,1936,1202900011936,383,5.950642552587727
12,029,0001,1940,1202900011940,47,3.871201010907891
12,029,0001,1955,1202900011955,267,5.5909869805108565
12,029,0001,196A,120290001196A,152,5.030437921392435
12,029,0001,2031,1202900012031,991,6.899723107284872
12,029,0001,2046,1202900012046,995,6.903747257584598
12,029,0001,2116,1202900012116,52,3.970291913552122
12,029,0001,2120,1202900012120,720,6.580639137284949
12,029,0001,2135,1202900012135,470,6.154858094016418
12,029,0001,214A,120290001214A,15,2.772588722239781
12,029,0001,2154,1202900012154,157,5.062595033026967
12,029,0001,2169,1202900012169,1387,7.23561914106675
12,029,0001,2173,1202900012173,1150,7.048386408721883
12,029,0001,2188,1202900012188,192,5.262690188904886
12,029,0001,2192,1202900012192,2474,7.813995675002791
12,029,0001,2205,1202900012205,2332,7.75491027202143
12,029,0001,221A,120290001221A,180,5.198497031265826
12,029,0001,2224,1202900012224,692,6.541029999189903
12,029,0001,2239,1202900012239,925,6.8308742346461795
12,029,0001,2243,1202900012243,994,6.902742737158593
12,029,0001,2258,1202900012258,397,5.986452005284438
12,029,0001,2262,1202900012262,59,4.0943445622221
12,029,0001,2277,1202900012277,18,2.9444389791664403
12,029,0001,2281,1202900012281,0,0.0
12,029,0001,2296,1202900012296,1988,7.5953872788539725
12,029,0001,2309,1202900012309,2530,7.836369760545124
12,029,0001,2313,1202900012313,1336,7.198183577101943
12,029,0001,2328,1202900012328,1172,7.067319848653476
12,029,0001,2332,1202900012332,2019,7.61085279039525
12,029,0001,2347,1202900012347,1741,7.462789157412448
12,029,0001,2351,1202900012351,2009,7.605890001053122
12,029,0001,2366,1202900012366,809,6.697034247666484
12,029,0001,2370,1202900012370,2168,7.682021510826875
12,029,0001,2385,1202900012385,2117,7.658227526161352
12,029,0001,239A,120290001239A,2522,7.833203948641057
12,029,0001,2402,1202900012402,943,6.8501261661455
12,029,0001,2417,1202900012417,1586,7.369600720526409
12,029,0001,2421,1202900012421,2446,7.802618063442671
12,029,0001,2436,1202900012436,2506,7.826842098158293
12,029,0001,2440,1202900012440,2522,7.833203948641057
12,029,0001,2455,1202900012455,1531,7.3343293503005365
12,029,0001,246A,120290001246A,1809,7.501082124259871
12,029,0001,2474,1202900012474,59,4.0943445622221
12,029,0001,2489,1202900012489,510,6.236369590203704
12,029,0001,2493,1202900012493,277,5.627621113690637
12,029,0001,2506,1202900012506,253,5.537334267018537
12,029,0001,2510,1202900012510,558,6.326149473155099
12,029,0001,2525,1202900012525,53,3.9889840465642745
12,029,0001,253A,120290001253A,187,5.236441962829949
12,029,0001,2544,1202900012544,190,5.25227342804663
12,029,0001,2559,1202900012559,342,5.8377304471659395
12,029,0001,2563,1202900012563,232,5.4510384535657
12,029,0001,2578,1202900012578,138,4.9344739331306915
12,029,0001,2582,1202900012582,1654,7.411556287811163
12,029,0001,2597,1202900012597,1553,7.348587530927593
12,029,0001,260A,120290001260A,348,5.855071922202427
12,029,0001,2614,1202900012614,174,5.1647859739235145
12,029,0001,2629,1202900012629,434,6.075346031088684
12,029,0001,2633,1202900012633,50,3.9318256327243257
12,029,0001,2648,1202900012648,115,4.7535901911063645
12,029,0001,2652,1202900012652,992,6.900730664045173
12,029,0001,2667,1202900012667,628,6.444131256700441
12,029,0001,2671,1202900012671,509,6.234410725718371
12,029,0001,2686,1202900012686,557,6.324358962381311
12,029,0001,2690,1202900012690,747,6.617402977974478
12,029,0001,2703,1202900012703,319,5.768320995793772
12,029,0001,2718,1202900012718,88,4.48863636973214
12,029,0001,2741,1202900012741,1068,6.974478911025045
12,029,0001,2756,1202900012756,49,3.912023005428146
12,029,0001,2760,1202900012760,41,3.7376696182833684
12,029,0001,2775,1202900012775,52,3.970291913552122
12,029,0001,278A,120290001278A,383,5.950642552587727
12,029,0001,2794,1202900012794,29,3.4011973816621555
12,029,0001,2807,1202900012807,0,0.0
12,029,0001,2811,1202900012811,29,3.4011973816621555
12,029,0001,2826,1202900012826,0,0.0
12,029,0001,2830,1202900012830,20,3.044522437723423
12,029,0001,2845,1202900012845,101,4.624972813284271
12,029,0001,285A,120290001285A,133,4.897839799950911
12,029,0001,2864,1202900012864,1225,7.111512116496157
12,029,0001,2879,1202900012879,13,2.6390573296152584
12,029,0001,2883,1202900012883,31,3.4657359027997265
12,029,0001,2898,1202900012898,198,5.293304824724492
12,029,0001,2900,1202900012900,26,3.295836866004329
12,029,0001,2987,1202900012987,12,2.5649493574615367
12,029,0001,2991,1202900012991,30,3.4339872044851463
12,029,0001,3006,1202900013006,0,0.0
12,029,0001,3010,1202900013010,11,2.4849066497880004
12,029,0001,3025,1202900013025,172,5.153291594497779
12,029,0001,303A,120290001303A,111,4.718498871295094
12,029,0001,3044,1202900013044,98,4.59511985013459
12,029,0001,3059,1202900013059,651,6.480044561926653
12,029,0001,3063,1202900013063,32,3.4965075614664802
12,029,0001,3078,1202900013078,17,2.8903717578961645
12,029,0001,3082,1202900013082,80,4.394449154672439
12,029,0001,3097,1202900013097,7,2.0794415416798357
12,029,0001,310A,120290001310A,36,3.6109179126442243
12,029,0001,3114,1202900013114,23,3.1780538303479458
12,029,0001,3129,1202900013129,7,2.0794415416798357
12,029,0001,3133,1202900013133,31,3.4657359027997265
12,029,0001,3148,1202900013148,14,2.70805020110221
12,029,0001,3152,1202900013152,13,2.6390573296152584
12,029,0001,3167,1202900013167,134,4.90527477843843
12,029,0001,3171,1202900013171,343,5.840641657373398
12,029,0041,2008,1202900412008,1348,7.207118856207756
12,029,0041,2012,1202900412012,1148,7.046647277848756
12,029,0043,0675,1202900430675,1133,7.033506484287697
12,029,0043,068A,120290043068A,212,5.3612921657094255
12,029,0043,1368,1202900431368,1224,7.110696122978827
12,029,0043,1372,1202900431372,1095,6.999422467507961
12,029,0043,1387,1202900431387,1627,7.395107546562485
12,029,0043,1870,1202900431870,12,2.5649493574615367
12,029,0043,1885,1202900431885,13,2.6390573296152584
12,029,0043,189A,120290043189A,0,0.0
12,029,0043,1902,1202900431902,0,0.0
12,029,0045,1391,1202900451391,2023,7.6128310304073565
12,029,0045,1404,1202900451404,2160,7.6783263565068856
12,029,0045,1419,1202900451419,2338,7.757478766584179
12,029,0045,1796,1202900451796,12,2.5649493574615367
12,029,0045,207A,120290045207A,39,3.6888794541139363
12,029,0045,2101,1202900452101,0,0.0
12,029,0045,2722,1202900452722,210,5.351858133476067
12,029,0045,2737,1202900452737,100,4.61512051684126
12,029,0047,1442,1202900471442,3967,8.286017468404763
12,029,0047,1457,1202900471457,2527,7.8351837552667485
12,029,0047,1461,1202900471461,2506,7.826842098158293
12,029,0047,2915,1202900472915,73,4.30406509320417
12,029,0047,292A,120290047292A,37,3.6375861597263857
12,029,0047,2934,1202900472934,533,6.280395838960195
12,029,0047,2949,1202900472949,8,2.1972245773362196
12,029,0047,2953,1202900472953,48,3.8918202981106265
12,029,0047,2968,1202900472968,32,3.4965075614664802
12,029,0047,2972,1202900472972,70,4.2626798770413155
12,030,0001,0197,1203000010197,2770,7.9269635448629785
12,030,0001,020A,120300001020A,2120,7.659642954564682
12,030,0001,0214,1203000010214,2862,7.959625305098115
12,030,0001,0229,1203000010229,1524,7.329749689041512
12,030,0001,0233,1203000010233,90,4.51085950651685
12,030,0001,0248,1203000010248,108,4.6913478822291435
12,030,0001,0252,1203000010252,53,3.9889840465642745
12,030,0001,0267,1203000010267,162,5.093750200806762
12,030,0001,0271,1203000010271,333,5.811140992976701
12,030,0001,0286,1203000010286,117,4.770684624465665
12,030,0001,0290,1203000010290,174,5.1647859739235145
12,030,0001,0303,1203000010303,240,5.484796933490655
12,030,0001,0318,1203000010318,97,4.584967478670572
12,030,0001,0322,1203000010322,87,4.477336814478207
12,030,0001,0337,1203000010337,41,3.7376696182833684
12,030,0001,0341,1203000010341,768,6.645090969505644
12,030,0001,0356,1203000010356,48,3.8918202981106265
12,030,0001,0360,1203000010360,38,3.6635616461296463
12,030,0001,0375,1203000010375,81,4.406719247264253
12,030,0001,038A,120300001038A,53,3.9889840465642745
12,030,0001,0394,1203000010394,17,2.8903717578961645
12,031,0001,0048,1203100010048,1375,7.226936018493289
12,031,0001,0052,1203100010052,151,5.0238805208462765
12,031,0001,0067,1203100010067,56,4.04305126783455
12,031,0001,0194,1203100010194,12,2.5649493574615367
12,031,0001,0207,1203100010207,11,2.4849066497880004
12,031,0001,0211,1203100010211,13,2.6390573296152584
12,032,0001,0238,1203200010238,2462,7.809135398120538
12,032,0001,0242,1203200010242,1837,7.516433302915632
12,032,0001,0384,1203200010384,1218,7.105786129481271
12,032,0001,0399,1203200010399,1331,7.194436851100335
12,033,0001,0061,1203300010061,414,6.028278520230698
12,033,0001,0235,1203300010235,63,4.1588830833596715
12,033,0001,024A,120330001024A,1219,7.106606137727303
12,033,0001,0254,1203300010254,1415,7.255591274253665
12,033,0001,0269,1203300010269,1869,7.533693709848633
12,033,0001,0273,1203300010273,896,6.799055862058796
12,033,0001,0288,1203300010288,90,4.51085950651685
12,033,0001,0292,1203300010292,9,2.302585092994046
12,033,0001,0305,1203300010305,21,3.091042453358316
12,033,0001,031A,120330001031A,41,3.7376696182833684
12,033,0001,0324,1203300010324,0,0.0
12,033,0001,0339,1203300010339,18,2.9444389791664403
12,033,0001,0343,1203300010343,0,0.0
12,033,0001,0358,1203300010358,8,2.1972245773362196
12,034,0001,0374,1203400010374,1843,7.519692404116539
12,034,0001,0389,1203400010389,221,5.402677381872279
12,034,0001,0393,1203400010393,602,6.401917196727186
12,034,0001,0406,1203400010406,148,5.003946305945459
12,034,0001,0410,1203400010410,484,6.184148890937483
12,034,0001,0425,1203400010425,539,6.29156913955832
12,034,0001,0482,1203400010482,1469,7.293017679772782
12,034,0001,0497,1203400010497,1297,7.168579897264035
12,034,0001,050A,120340001050A,1441,7.273786317844895
12,034,0001,0529,1203400010529,1811,7.502186486602924
12,034,0001,0533,1203400010533,2935,7.984803389734406
12,034,0001,0548,1203400010548,1716,7.448333860897476
12,034,0001,0622,1203400010622,807,6.694562058521095
12,034,0001,0637,1203400010637,1368,7.221835825288449
12,034,0001,0641,1203400010641,119,4.787491742782046
12,034,0001,0660,1203400010660,53,3.9889840465642745
12,034,0001,0711,1203400010711,31,3.4657359027997265
12,034,0001,0745,1203400010745,52,3.970291913552122
12,034,0001,075A,120340001075A,408,6.013715156042802
12,034,0001,0764,1203400010764,37,3.6375861597263857
12,034,0001,0779,1203400010779,62,4.143134726391533
12,034,0001,0868,1203400010868,22,3.1354942159291497
12,034,0001,0872,1203400010872,10,2.3978952727983707
12,034,0001,0887,1203400010887,0,0.0
12,034,0001,0891,1203400010891,0,0.0
12,034,0044,0675,1203400440675,1106,7.009408932708637
12,034,0044,068A,120340044068A,962,6.870053411798126
12,034,0044,0726,1203400440726,4,1.6094379124341003
12,034,0044,0730,1203400440730,55,4.02535169073515
12,034,0044,0783,1203400440783,14,2.70805020110221
12,034,0044,0798,1203400440798,15,2.772588722239781
12,034,0044,0800,1203400440800,14,2.70805020110221
12,034,0044,0815,1203400440815,9,2.302585092994046
12,034,0044,0853,1203400440853,38,3.6635616461296463
12,034,0047,0590,1203400470590,1462,7.288244401020124
12,034,0047,0603,1203400470603,1031,6.939253946041508
12,034,0047,0618,1203400470618,886,6.787844982309579
12,034,0047,0694,1203400470694,35,3.58351893845611
12,034,0047,0707,1203400470707,22,3.1354942159291497
12,034,0047,082A,120340047082A,52,3.970291913552122
12,034,0047,0834,1203400470834,25,3.258096538021482
12,034,0047,0849,1203400470849,57,4.060443010546419
12,035,0001,0070,1203500010070,4582,8.430109084509125
12,035,0001,009A,120350001009A,2852,7.9561263512135
12,035,0001,0244,1203500010244,766,6.642486801367256
12,035,0001,0282,1203500010282,900,6.803505257608338
12,035,0001,030A,120350001030A,2548,7.8434564043761155
12,035,0001,0314,1203500010314,4378,8.384575666801398
12,035,0001,0329,1203500010329,2061,7.631431664576906
12,035,0001,0333,1203500010333,2452,7.8050670442584895
12,035,0001,0352,1203500010352,2339,7.757906208351747
12,035,0001,0371,1203500010371,1068,6.974478911025045
12,035,0001,0390,1203500010390,1188,7.080867896690782
12,035,0001,0418,1203500010418,2358,7.765993079407675
12,035,0001,0422,1203500010422,2819,7.944492163932159
12,035,0001,0437,1203500010437,956,6.863803391452954
12,035,0001,0441,1203500010441,962,6.870053411798126
12,035,0001,0456,1203500010456,53,3.9889840465642745
12,035,0001,0460,1203500010460,835,6.728628613084702
12,035,0001,0475,1203500010475,822,6.71295620067707
12,035,0001,0530,1203500010530,1854,7.5256399750415355
12,035,0001,0545,1203500010545,386,5.958424693029782
12,035,0001,0564,1203500010564,681,6.525029657843462
12,035,0001,0579,1203500010579,399,5.991464547107982
12,035,0001,0583,1203500010583,1204,7.094234845924755
12,035,0001,0687,1203500010687,168,5.1298987149230735
12,035,0001,0691,1203500010691,1073,6.97914527506881
12,035,0001,0827,1203500010827,2100,7.650168700845001
12,035,0001,0831,1203500010831,3382,8.12651816878071
12,035,0001,0850,1203500010850,2133,7.665753431861699
12,035,0001,0865,1203500010865,817,6.706862336602747
12,035,0001,087A,120350001087A,1352,7.210079628170788
12,035,0001,0884,1203500010884,2214,7.703007682479236
12,035,0001,0899,1203500010899,1656,7.4127640174265625
12,035,0001,0901,1203500010901,1831,7.513163545234075
12,035,0001,0916,1203500010916,1097,7.001245622069476
12,035,0001,0920,1203500010920,571,6.349138991379798
12,035,0001,0935,1203500010935,1634,7.399398083331354
12,035,0001,094A,120350001094A,1860,7.528869256642251
12,035,0001,0969,1203500010969,1922,7.56164174558878
12,035,0001,0988,1203500010988,2053,7.627544390488503
12,035,0001,0992,1203500010992,1472,7.29505641646263
12,035,0001,1007,1203500011007,1096,7.00033446027523
12,035,0001,1026,1203500011026,1799,7.495541943884256
12,035,0001,1030,1203500011030,1587,7.370230641807081
12,035,0001,1045,1203500011045,1178,7.072421900537371
12,035,0001,105A,120350001105A,1030,6.93828448401696
12,035,0001,1064,1203500011064,3110,8.042699496897637
12,035,0001,1083,1203500011083,1648,7.407924322559599
12,035,0001,1134,1203500011134,367,5.908082938168931
12,035,0001,1149,1203500011149,203,5.318119993844216
12,035,0001,1153,1203500011153,896,6.799055862058796
12,035,0001,1168,1203500011168,1004,6.912742820493176
12,035,0001,1172,1203500011172,277,5.627621113690637
12,035,0001,1191,1203500011191,240,5.484796933490655
12,035,0001,1204,1203500011204,1611,7.385230923066573
12,035,0001,1219,1203500011219,212,5.3612921657094255
12,035,0001,1223,1203500011223,29,3.4011973816621555
12,035,0001,1238,1203500011238,1208,7.097548850614793
12,035,0001,1242,1203500011242,920,6.825460036255307
12,035,0001,1257,1203500011257,2317,7.748460023899697
12,035,0001,1261,1203500011261,2456,7.806696372521179
12,035,0001,1276,1203500011276,3798,8.242493153187626
12,035,0001,1280,1203500011280,1623,7.392647520721623
12,035,0001,1295,1203500011295,1371,7.22402480828583
12,035,0001,1308,1203500011308,1424,7.261927092702751
12,035,0001,1312,1203500011312,371,5.918893854273146
12,035,0001,1327,1203500011327,489,6.194405391104672
12,035,0001,1331,1203500011331,1773,7.480992162869525
12,035,0001,1346,1203500011346,849,6.745236349484363
12,035,0001,1350,1203500011350,1183,7.076653815443951
12,035,0001,1365,1203500011365,855,6.752270376141742
12,035,0001,137A,120350001137A,85,4.454347296253507
12,035,0001,1384,1203500011384,180,5.198497031265826
12,035,0001,1399,1203500011399,1227,7.113142108707088
12,035,0001,1401,1203500011401,171,5.147494476813453
12,035,0001,1416,1203500011416,105,4.663439094112067
12,035,0001,1420,1203500011420,153,5.0369526024136295
12,035,0001,1435,1203500011435,43,3.784189633918261
12,035,0001,144A,120350001144A,281,5.641907070938114
12,035,0001,1454,1203500011454,323,5.780743515792329
12,035,0001,1469,1203500011469,55,4.02535169073515
12,035,0001,1473,1203500011473,43,3.784189633918261
12,035,0001,1488,1203500011488,3,1.3862943611198906
12,035,0001,1492,1203500011492,2303,7.742402021815782
12,035,0001,1505,1203500011505,68,4.23410650459726
12,035,0001,151A,120350001151A,90,4.51085950651685
12,035,0001,1543,1203500011543,144,4.976733742420574
12,035,0001,1558,1203500011558,157,5.062595033026967
12,035,0001,1562,1203500011562,137,4.927253685157205
12,035,0001,1581,1203500011581,668,6.505784060128229
12,035,0001,1596,1203500011596,255,5.545177444479562
12,035,0001,1609,1203500011609,316,5.75890177387728
12,035,0001,1613,1203500011613,353,5.869296913133774
12,035,0001,1628,1203500011628,91,4.5217885770490405
12,035,0001,1632,1203500011632,94,4.553876891600541
12,035,0001,1647,1203500011647,52,3.970291913552122
12,035,0001,1651,1203500011651,1466,7.2909747781429814
12,035,0001,1666,1203500011666,1312,7.180069874302796
12,035,0001,1670,1203500011670,89,4.499809670330265
12,035,0001,1685,1203500011685,0,0.0
12,035,0001,169A,120350001169A,30,3.4339872044851463
12,035,0001,1702,1203500011702,11,2.4849066497880004
12,035,0001,1717,1203500011717,46,3.8501476017100584
12,035,0001,1721,1203500011721,30,3.4339872044851463
12,035,0001,1740,1203500011740,136,4.919980925828125
12,035,0001,1755,1203500011755,857,6.754604099487962
12,035,0001,176A,120350001176A,220,5.3981627015177525
12,035,0001,1774,1203500011774,267,5.5909869805108565
12,035,0001,1789,1203500011789,12,2.5649493574615367
12,035,0001,1793,1203500011793,7,2.0794415416798357
12,035,0001,1806,1203500011806,31,3.4657359027997265
12,035,0001,1810,1203500011810,20,3.044522437723423
12,035,0001,1825,1203500011825,33,3.5263605246161616
12,035,0001,183A,120350001183A,6,1.9459101490553132
12,035,0001,1844,1203500011844,0,0.0
12,035,0001,1859,1203500011859,96,4.574710978503383
12,035,0001,1863,1203500011863,1306,7.175489713624222
12,035,0001,1878,1203500011878,4,1.6094379124341003
12,035,0001,1882,1203500011882,55,4.02535169073515
12,035,0001,1897,1203500011897,97,4.584967478670572
12,035,0001,190A,120350001190A,216,5.37989735354046
12,035,0001,1914,1203500011914,195,5.278114659230517
12,035,0001,1929,1203500011929,41,3.7376696182833684
12,035,0001,1933,1203500011933,12,2.5649493574615367
12,035,0001,1948,1203500011948,52,3.970291913552122
12,035,0001,1952,1203500011952,7,2.0794415416798357
12,035,0001,1967,1203500011967,49,3.912023005428146
12,035,0001,1971,1203500011971,59,4.0943445622221
12,035,0001,1986,1203500011986,71,4.276666119016055
12,035,0001,1990,1203500011990,259,5.560681631015528
12,035,0001,2005,1203500012005,181,5.204006687076795
12,035,0001,201A,120350001201A,410,6.018593214496234
12,035,0001,2024,1203500012024,404,6.003887067106539
12,035,0001,2039,1203500012039,44,3.8066624897703196
12,035,0001,2043,1203500012043,0,0.0
12,035,0001,2058,1203500012058,7,2.0794415416798357
12,035,0001,2062,1203500012062,15,2.772588722239781
12,035,0001,2077,1203500012077,0,0.0
12,035,0001,2096,1203500012096,57,4.060443010546419
12,035,0001,2109,1203500012109,5,1.791759469228055
12,035,0001,2113,1203500012113,6,1.9459101490553132
12,035,0001,2128,1203500012128,27,3.332204510175204
12,035,0001,2132,1203500012132,8,2.1972245773362196
12,035,0001,2147,1203500012147,7,2.0794415416798357
12,035,0001,2151,1203500012151,0,0.0
12,035,0001,2166,1203500012166,0,0.0
12,035,0001,2170,1203500012170,4,1.6094379124341003
12,035,0001,2185,1203500012185,74,4.31748811353631
12,035,0001,219A,120350001219A,7,2.0794415416798357
12,035,0001,2236,1203500012236,1,0.6931471805599453
12,035,0007,048A,120350007048A,428,6.061456918928017
12,035,0007,0494,1203500070494,535,6.284134161070802
12,035,0007,0507,1203500070507,716,6.57507584059962
12,035,0007,0511,1203500070511,873,6.773080375655535
12,035,0007,055A,120350007055A,60,4.110873864173311
12,035,0007,1524,1203500071524,59,4.0943445622221
12,035,0007,1539,1203500071539,32,3.4965075614664802
12,035,0007,2081,1203500072081,20,3.044522437723423
12,035,0007,2217,1203500072217,21,3.091042453358316
12,035,0007,2221,1203500072221,0,0.0
12,035,0018,1098,1203500181098,685,6.530877627725885
12,035,0018,1100,1203500181100,1156,7.053585727193677
12,035,0018,1115,1203500181115,359,5.886104031450156
12,035,0018,112A,120350018112A,456,6.124683390894205
12,035,0018,1736,1203500181736,9,2.302585092994046
12,035,0018,2202,1203500182202,11,2.4849066497880004
12,036,0001,0044,1203600010044,1083,6.988413181999592
12,036,0001,0059,1203600010059,881,6.782192056006791
12,036,0001,0097,1203600010097,610,6.415096959171596
12,036,0001,010A,120360001010A,48,3.8918202981106265
12,036,0001,0114,1203600010114,100,4.61512051684126
12,036,0001,0129,1203600010129,0,0.0
12,036,0001,0133,1203600010133,134,4.90527477843843
12,036,0001,0148,1203600010148,0,0.0
12,037,0001,0056,1203700010056,59,4.0943445622221
12,037,0001,0060,1203700010060,202,5.313205979041787
12,037,0001,0198,1203700010198,1209,7.098375638590786
12,037,0001,0200,1203700010200,905,6.80903930604298
12,037,0001,0215,1203700010215,78,4.3694478524670215
12,037,0001,022A,120370001022A,15,2.772588722239781
12,037,0001,0234,1203700010234,34,3.5553480614894135
12,038,0001,0231,1203800010231,1338,7.199678345691172
12,038,0001,0320,1203800010320,1634,7.399398083331354
12,038,0001,0462,1203800010462,61,4.127134385045092
12,038,0001,0477,1203800010477,2851,7.955775781534187
12,038,0001,0496,1203800010496,2536,7.838737559599282
12,038,0001,0570,1203800010570,826,6.717804695023691
12,038,0001,0585,1203800010585,1663,7.416979621381154
12,038,0001,059A,120380001059A,1443,7.275172319452771
12,038,0001,0602,1203800010602,733,6.598509028614515
12,038,0001,0617,1203800010617,1086,6.99117688712121
12,038,0001,0621,1203800010621,1247,7.129297548929373
12,038,0001,0636,1203800010636,454,6.12029741895095
12,038,0001,0640,1203800010640,1758,7.472500744737558
12,038,0001,066A,120380001066A,1455,7.283448228756631
12,038,0001,0674,1203800010674,1265,7.143617602704121
12,038,0001,0693,1203800010693,1843,7.519692404116539
12,038,0001,0706,1203800010706,1319,7.1853870155804165
12,038,0001,0710,1203800010710,836,6.729824070489475
12,038,0001,0725,1203800010725,982,6.890609120147166
12,038,0001,073A,120380001073A,840,6.734591659972948
12,038,0001,0744,1203800010744,1161,7.057897937411856
12,038,0001,0759,1203800010759,1277,7.15305163493748
12,038,0001,0782,1203800010782,1549,7.346010209913293
12,038,0001,0797,1203800010797,1723,7.452402451223638
12,038,0001,0814,1203800010814,1645,7.406103381237015
12,038,0001,0829,1203800010829,806,6.693323668269949
12,038,0001,0848,1203800010848,1381,7.231287004327616
12,038,0001,0941,1203800010941,1316,7.183111701743281
12,038,0001,0956,1203800010956,1126,7.027314514039777
12,038,0001,0960,1203800010960,840,6.734591659972948
12,038,0001,0975,1203800010975,811,6.699500340161678
12,038,0001,098A,120380001098A,75,4.330733340286331
12,038,0001,0994,1203800010994,272,5.60947179518496
12,038,0001,1032,1203800011032,123,4.820281565605037
12,038,0001,1047,1203800011047,270,5.602118820879701
12,038,0001,1085,1203800011085,66,4.204692619390966
12,038,0001,116A,120380001116A,51,3.9512437185814275
12,038,0001,1329,1203800011329,251,5.529429087511423
12,038,0001,1333,1203800011333,1915,7.557994958530806
12,038,0001,1348,1203800011348,1686,7.430707082545968
12,038,0001,1352,1203800011352,2588,7.859026979751538
12,038,0001,1367,1203800011367,924,6.829793737512425
12,038,0001,1371,1203800011371,535,6.284134161070802
12,038,0001,1386,1203800011386,1228,7.113956109566034
12,038,0001,1390,1203800011390,2540,7.840312983320164
12,038,0001,1403,1203800011403,87,4.477336814478207
12,038,0001,1418,1203800011418,110,4.709530201312334
12,038,0001,1422,1203800011422,4,1.6094379124341003
12,038,0001,1437,1203800011437,1104,7.007600613951853
12,038,0001,1441,1203800011441,1416,7.256297239690681
12,038,0001,1456,1203800011456,1678,7.425953657077541
12,038,0001,1460,1203800011460,2139,7.668561108015897
12,038,0001,1475,1203800011475,2136,7.667158255319148
12,038,0001,148A,120380001148A,1387,7.23561914106675
12,038,0001,1494,1203800011494,133,4.897839799950911
12,038,0001,1598,1203800011598,116,4.762173934797756
12,038,0001,1615,1203800011615,157,5.062595033026967
12,038,0001,162A,120380001162A,222,5.407171771460119
12,038,0001,1649,1203800011649,125,4.836281906951478
12,038,0001,1653,1203800011653,466,6.1463292576688975
12,038,0001,1691,1203800011691,68,4.23410650459726
12,038,0001,1704,1203800011704,1062,6.968850378341948
12,038,0001,1723,1203800011723,132,4.890349128221754
12,038,0001,1738,1203800011738,201,5.308267697401205
12,038,0001,1742,1203800011742,67,4.219507705176107
12,038,0001,1757,1203800011757,379,5.940171252720432
12,038,0001,1831,1203800011831,52,3.970291913552122
12,038,0001,1846,1203800011846,2,1.0986122886681098
12,038,0001,1969,1203800011969,1541,7.340835554123275
12,038,0001,1973,1203800011973,295,5.69035945432406
12,038,0013,1051,1203800131051,623,6.436150368369428
12,038,0013,1066,1203800131066,185,5.225746673713202
12,038,0013,1070,1203800131070,46,3.8501476017100584
12,038,0013,1121,1203800131121,19,2.995732273553991
12,038,0013,1136,1203800131136,21,3.091042453358316
12,038,0013,1140,1203800131140,32,3.4965075614664802
12,038,0013,1155,1203800131155,109,4.700480365792417
12,038,0013,1225,1203800131225,1435,7.269616749608169
12,038,0013,123A,120380013123A,1217,7.1049654482698426
12,038,0013,1244,1203800131244,664,6.499787040655854
12,038,0013,1259,1203800131259,860,6.7580945044277305
12,038,0013,1263,1203800131263,104,4.653960350157523
12,038,0013,1278,1203800131278,1120,7.02197642307216
12,038,0013,1282,1203800131282,1296,7.167809184316444
12,038,0013,1297,1203800131297,98,4.59511985013459
12,038,0013,130A,120380013130A,62,4.143134726391533
12,038,0013,1634,1203800131634,17,2.8903717578961645
12,038,0013,1668,1203800131668,32,3.4965075614664802
12,038,0013,1812,1203800131812,3,1.3862943611198906
12,038,0013,1827,1203800131827,291,5.676753802268282
12,038,0013,1899,1203800131899,23,3.1780538303479458
12,038,0013,1901,1203800131901,12,2.5649493574615367
12,038,0013,1916,1203800131916,49,3.912023005428146
12,038,0013,1935,1203800131935,105,4.663439094112067
12,038,0013,194A,120380013194A,60,4.110873864173311
12,038,0013,1954,1203800131954,215,5.375278407684165
12,038,0023,0551,1203800230551,299,5.703782474656201
12,038,0023,0566,1203800230566,1010,6.918695219020472
12,038,0023,0867,1203800230867,881,6.782192056006791
12,038,0023,0871,1203800230871,1970,7.58629630715272
12,038,0023,0886,1203800230886,1470,7.293697720601438
12,038,0023,0890,1203800230890,947,6.854354502255021
12,038,0023,109A,120380023109A,267,5.5909869805108565
12,038,0023,1314,1203800231314,6,1.9459101490553132
12,038,0057,1102,1203800571102,1892,7.545918151209323
12,038,0057,1117,1203800571117,2025,7.613818684808629
12,038,0057,1920,1203800571920,0,0.0
12,038,0124,1206,1203801241206,22,3.1354942159291497
12,038,0124,1507,1203801241507,171,5.147494476813453
12,038,0124,1511,1203801241511,620,6.431331081933479
12,038,0124,1526,1203801241526,1057,6.964135612418245
12,038,0124,1530,1203801241530,1576,7.3632795869630385
12,038,0124,1545,1203801241545,1115,7.017506142941256
12,038,0124,155A,120380124155A,512,6.240275845170769
12,038,0124,1564,1203801241564,310,5.739792912179234
12,038,0124,1579,1203801241579,446,6.102558594613569
12,038,0124,1600,1203801241600,198,5.293304824724492
12,038,0124,1672,1203801241672,316,5.75890177387728
12,038,0124,1687,1203801241687,1041,6.948897222313312
12,038,0124,1761,1203801241761,357,5.8805329864007
12,038,0124,1776,1203801241776,170,5.14166355650266
12,038,0124,1780,1203801241780,185,5.225746673713202
12,038,0124,1795,1203801241795,0,0.0
12,038,0124,1808,1203801241808,42,3.7612001156935624
12,038,0124,1850,1203801241850,603,6.403574197934815
12,038,0124,1865,1203801241865,28,3.367295829986474
12,038,0124,187A,120380124187A,220,5.3981627015177525
12,038,0124,1884,1203801241884,3,1.3862943611198906
12,039,0001,0065,1203900010065,1440,7.273092595999522
12,039,0001,007A,120390001007A,1282,7.1569563646156364
12,039,0001,0084,1203900010084,1210,7.099201743553092
12,039,0001,021A,120390001021A,1865,7.531552381407289
12,039,0001,0224,1203900010224,2298,7.740229524763182
12,039,0001,0239,1203900010239,3046,8.021912778985708
12,039,0001,0243,1203900010243,80,4.394449154672439
12,039,0001,0258,1203900010258,37,3.6375861597263857
12,039,0001,0262,1203900010262,282,5.645446897643238
12,040,0001,0136,1204000010136,488,6.192362489474872
12,040,0001,0140,1204000010140,487,6.1903154058531475
12,040,0001,0155,1204000010155,328,5.796057750765372
12,040,0001,0297,1204000010297,1174,7.069023426578259
12,040,0001,030A,120400001030A,1418,7.257707677160043
12,040,0001,0314,1204000010314,813,6.70196036600254
12,040,0001,0329,1204000010329,699,6.551080335043404
12,040,0001,0333,1204000010333,1524,7.329749689041512
12,040,0001,0367,1204000010367,1661,7.415776975415394
12,040,0001,0371,1204000010371,1950,7.576097340623111
12,040,0001,0386,1204000010386,72,4.290459441148391
12,040,0001,0390,1204000010390,22,3.1354942159291497
12,040,0001,0403,1204000010403,9,2.302585092994046
12,040,0001,0418,1204000010418,32,3.4965075614664802
12,040,0001,0422,1204000010422,13,2.6390573296152584
12,040,0019,0348,1204000190348,1245,7.1276936993473985
12,040,0019,0352,1204000190352,1997,7.599901959208498
12,041,0001,010A,120410001010A,1026,6.934397209928558
12,041,0001,0294,1204100010294,46,3.8501476017100584
12,041,0001,0307,1204100010307,99,4.605170185988092
12,041,0001,0311,1204100010311,16,2.833213344056216
12,042,0001,0249,1204200010249,1974,7.5883236773352225
12,042,0001,0253,1204200010253,2288,7.735870319952567
12,042,0001,0268,1204200010268,58,4.07753744390572
12,042,0001,0272,1204200010272,25,3.258096538021482
12,043,0001,0161,1204300010161,1794,7.492760300922379
12,043,0001,0176,1204300010176,635,6.455198563340122
12,043,0001,0354,1204300010354,669,6.507277712385012
12,043,0001,0369,1204300010369,28,3.367295829986474
12,043,0001,0373,1204300010373,40,3.713572066704308
12,043,0001,0388,1204300010388,74,4.31748811353631
12,043,0001,0392,1204300010392,76,4.343805421853684
12,043,0001,0405,1204300010405,65,4.189654742026425
12,043,0001,041A,120430001041A,0,0.0
12,043,0001,0424,1204300010424,0,0.0
12,043,0001,0439,1204300010439,87,4.477336814478207
12,043,0001,0443,1204300010443,19,2.995732273553991
12,043,0001,0458,1204300010458,84,4.442651256490317
12,043,0001,0462,1204300010462,15,2.772588722239781
12,044,0001,0262,1204400010262,1668,7.419979923661835
12,044,0001,0277,1204400010277,1734,7.45876269238096
12,044,0001,0281,1204400010281,1838,7.516977224604321
12,044,0001,0296,1204400010296,11,2.4849066497880004
12,044,0001,0309,1204400010309,18,2.9444389791664403
12,045,0001,0325,1204500010325,1679,7.426549072397305
12,045,0001,033A,120450001033A,2162,7.679251425953058
12,045,0001,0344,1204500010344,1906,7.553286605600419
12,045,0001,0363,1204500010363,45,3.828641396489095
12,045,0015,0359,1204500150359,3566,8.17948018535889
12,045,0015,0378,1204500150378,16,2.833213344056216
12,045,0015,0382,1204500150382,19,2.995732273553991
12,045,0015,0397,1204500150397,1,0.6931471805599453
12,046,0001,013A,120460001013A,1876,7.537430036586509
12,046,0001,0159,1204600010159,1766,7.4770384723196965
12,046,0001,0163,1204600010163,2442,7.8009820712577405
12,046,0001,0178,1204600010178,1667,7.419380582918692
12,046,0001,0182,1204600010182,2352,7.763446388727362
12,046,0001,0197,1204600010197,1259,7.138866999945524
12,046,0001,020A,120460001020A,577,6.359573868672378
12,046,0001,0214,1204600010214,1613,7.3864708488298945
12,046,0001,0229,1204600010229,221,5.402677381872279
12,046,0001,0233,1204600010233,1283,7.157735484249907
12,046,0001,038A,120460001038A,1429,7.265429723253953
12,046,0001,0394,1204600010394,2068,7.634820677745543
12,046,0001,0407,1204600010407,2338,7.757478766584179
12,046,0001,0411,1204600010411,1930,7.565793282428515
12,046,0001,0445,1204600010445,44,3.8066624897703196
12,046,0001,0464,1204600010464,7,2.0794415416798357
12,046,0001,0479,1204600010479,158,5.0689042022202315
12,046,0001,0483,1204600010483,130,4.875197323201151
12,046,0001,0498,1204600010498,46,3.8501476017100584
12,046,0001,0515,1204600010515,34,3.5553480614894135
12,046,0001,0587,1204600010587,567,6.342121418721152
12,046,0001,0591,1204600010591,51,3.9512437185814275
12,046,0001,0604,1204600010604,53,3.9889840465642745
12,046,0001,0638,1204600010638,63,4.1588830833596715
12,046,0001,0676,1204600010676,28,3.367295829986474
12,046,0001,0680,1204600010680,59,4.0943445622221
12,046,0001,0695,1204600010695,25,3.258096538021482
12,046,0001,0708,1204600010708,34,3.5553480614894135
12,046,0002,0549,1204600020549,103,4.6443908991413725
12,046,0002,0553,1204600020553,1587,7.370230641807081
12,046,0002,0568,1204600020568,1584,7.368339686311381
12,046,0002,0619,1204600020619,0,0.0
12,046,0002,0642,1204600020642,3,1.3862943611198906
12,046,0002,0657,1204600020657,13,2.6390573296152584
12,046,0002,0661,1204600020661,6,1.9459101490553132
12,046,0007,0360,1204600070360,1780,7.484930283289661
12,046,0007,0375,1204600070375,2453,7.805474625270857
12,046,0007,0623,1204600070623,4,1.6094379124341003
12,046,0016,052A,120460016052A,1747,7.466227556215481
12,046,0016,0534,1204600160534,1605,7.381501894506707
12,046,0016,0572,1204600160572,18,2.9444389791664403
12,046,0035,0036,1204600350036,2452,7.8050670442584895
12,046,0035,0341,1204600350341,1018,6.926577033222725
12,046,0035,0356,1204600350356,1430,7.266128779556451
12,047,0001,0052,1204700010052,370,5.916202062607435
12,047,0001,0067,1204700010067,116,4.762173934797756
12,047,0001,0071,1204700010071,73,4.30406509320417
12,047,0001,0086,1204700010086,76,4.343805421853684
12,047,0001,0090,1204700010090,74,4.31748811353631
12,047,0001,0103,1204700010103,2,1.0986122886681098
12,048,0001,0312,1204800010312,1695,7.4360278163518485
12,048,0001,0331,1204800010331,2060,7.630946580890459
12,048,0001,0350,1204800010350,140,4.948759890378168
12,048,0001,0365,1204800010365,1482,7.301822342137932
12,048,0001,037A,120480001037A,1090,6.994849985833071
12,048,0001,0384,1204800010384,1360,7.215975002651466
12,048,0001,0399,1204800010399,1544,7.3427791893318455
12,048,0001,0651,1204800010651,735,6.601230118728877
12,048,0001,0666,1204800010666,1254,7.134890851565884
12,048,0001,0670,1204800010670,1597,7.37650812632622
12,048,0001,0685,1204800010685,1542,7.341483852363161
12,048,0001,069A,120480001069A,1833,7.51425465281641
12,048,0001,0702,1204800010702,1243,7.126087273299125
12,048,0001,0717,1204800010717,1407,7.249925536717988
12,048,0001,0721,1204800010721,877,6.777646593635117
12,048,0001,0789,1204800010789,527,6.269096283706261
12,048,0001,0793,1204800010793,24,3.2188758248682006
12,048,0001,0825,1204800010825,610,6.415096959171596
12,048,0001,083A,120480001083A,429,6.063785208687608
12,048,0001,0844,1204800010844,112,4.727387818712341
12,048,0001,0859,1204800010859,0,0.0
12,048,0001,0863,1204800010863,43,3.784189633918261
12,048,0001,0878,1204800010878,0,0.0
12,048,0001,0897,1204800010897,0,0.0
12,048,0001,090A,120480001090A,17,2.8903717578961645
12,048,0001,0914,1204800010914,38,3.6635616461296463
12,048,0178,0416,1204801780416,812,6.70073110954781
12,048,0178,0420,1204801780420,307,5.730099782973574
12,048,0178,0435,1204801780435,761,6.635946555686647
12,048,0178,0736,1204801780736,1415,7.255591274253665
12,048,0178,0740,1204801780740,1583,7.367708572374371
12,048,0178,0755,1204801780755,722,6.583409222158765
12,048,0178,076A,120480178076A,1136,7.036148493750536
12,048,0178,0806,1204801780806,9,2.302585092994046
12,048,0178,0882,1204801780882,85,4.454347296253507
12,049,0001,0042,1204900010042,476,6.1675164908883415
12,049,0001,0057,1204900010057,683,6.52795791762255
12,049,0001,0061,1204900010061,91,4.5217885770490405
12,049,0001,017A,120490001017A,1621,7.3914152346753585
12,049,0001,0184,1204900010184,2399,7.783224016336037
12,050,0001,0217,1205000010217,1926,7.563719668414366
12,050,0001,0236,1205000010236,2279,7.731930721948486
12,050,0001,0240,1205000010240,2859,7.958576903813898
12,050,0001,0255,1205000010255,1158,7.055312843339752
12,050,0001,026A,120500001026A,1608,7.3833681469923835
12,050,0001,0274,1205000010274,2657,7.885329239273191
12,050,0001,0289,1205000010289,3664,8.206583614320753
12,050,0001,0293,1205000010293,2280,7.732369222284388
12,050,0001,0306,1205000010306,1324,7.1891677384203225
12,050,0001,0310,1205000010310,1312,7.180069874302796
12,050,0001,0325,1205000010325,1769,7.478734825567875
12,050,0001,033A,120500001033A,1403,7.247080584585756
12,050,0001,0359,1205000010359,33,3.5263605246161616
12,050,0001,0414,1205000010414,199,5.298317366548036
12,050,0001,0429,1205000010429,458,6.129050210060545
12,050,0001,0433,1205000010433,32,3.4965075614664802
12,050,0001,0448,1205000010448,14,2.70805020110221
12,050,0001,0452,1205000010452,184,5.220355825078324
12,050,0001,0467,1205000010467,9,2.302585092994046
12,050,0016,0363,1205000160363,1450,7.280008252884188
12,050,0016,0378,1205000160378,1147,7.045776576879511
12,050,0016,0382,1205000160382,471,6.156978985585555
12,050,0016,0397,1205000160397,68,4.23410650459726
12,050,0016,040A,120500016040A,100,4.61512051684126
12,051,0001,0286,1205100010286,2701,7.9017475185201445
12,051,0001,0290,1205100010290,2177,7.686162303492906
12,051,0001,0303,1205100010303,121,4.804021044733257
12,051,0001,0318,1205100010318,42,3.7612001156935624
12,051,0001,0322,1205100010322,585,6.373319789577012
12,051,0001,0356,1205100010356,71,4.276666119016055
12,051,0001,0360,1205100010360,10,2.3978952727983707
12,051,0001,0375,1205100010375,11,2.4849066497880004
12,051,0001,038A,120510001038A,0,0.0
12,051,0001,0394,1205100010394,2,1.0986122886681098
12,051,0008,0337,1205100080337,2208,7.700295203420117
12,051,0008,0341,1205100080341,1323,7.188412736496954
12,052,0001,0160,1205200010160,1211,7.10002716662926
12,052,0001,0175,1205200010175,1091,6.9957661563048505
12,052,0001,018A,120520001018A,1399,7.24422751560335
12,052,0001,0194,1205200010194,1015,6.923628628138427
12,052,0001,0211,1205200010211,886,6.787844982309579
12,052,0001,0226,1205200010226,703,6.556778356158042
12,052,0001,0230,1205200010230,106,4.672828834461906
12,052,0001,0245,1205200010245,65,4.189654742026425
12,052,0001,0495,1205200010495,37,3.6375861597263857
12,052,0001,0550,1205200010550,676,6.517671272912275
12,052,0001,0565,1205200010565,1002,6.910750787961936
12,052,0001,057A,120520001057A,5,1.791759469228055
12,052,0001,0584,1205200010584,0,0.0
12,052,0001,064A,120520001064A,68,4.23410650459726
12,052,0001,0654,1205200010654,4,1.6094379124341003
12,052,0001,0669,1205200010669,8,2.1972245773362196
12,052,0008,0423,1205200080423,780,6.660575149839686
12,052,0008,0438,1205200080438,849,6.745236349484363
12,052,0008,0442,1205200080442,1493,7.309212365692763
12,052,0009,0476,1205200090476,1626,7.394493107219038
12,052,0009,0480,1205200090480,1757,7.471932078245122
12,052,0009,0531,1205200090531,74,4.31748811353631
12,052,0009,0546,1205200090546,49,3.912023005428146
12,052,0009,0601,1205200090601,26,3.295836866004329
12,052,0009,0635,1205200090635,140,4.948759890378168
12,052,0009,0673,1205200090673,44,3.8066624897703196
12,052,0026,0508,1205200260508,1346,7.205635176410364
12,052,0026,0512,1205200260512,1147,7.045776576879511
12,052,0026,0527,1205200260527,655,6.486160788944089
12,052,0026,0599,1205200260599,0,0.0
12,052,0026,0616,1205200260616,17,2.8903717578961645
12,052,0026,0620,1205200260620,26,3.295836866004329
12,053,0001,0204,1205300010204,100,4.61512051684126
12,053,0001,0420,1205300010420,2027,7.614805364711073
12,053,0001,0435,1205300010435,2572,7.8528278122817445
12,053,0001,044A,120530001044A,2091,7.645875825184813
12,053,0001,0473,1205300010473,10,2.3978952727983707
12,053,0001,0488,1205300010488,7,2.0794415416798357
12,053,0001,051A,120530001051A,333,5.811140992976701
12,053,0001,0539,1205300010539,1899,7.549609165154532
12,053,0001,0543,1205300010543,1185,7.078341579557671
12,053,0001,0558,1205300010558,2034,7.618251097876695
12,053,0001,0562,1205300010562,819,6.709304340258298
12,053,0001,0577,1205300010577,5,1.791759469228055
12,053,0001,0581,1205300010581,25,3.258096538021482
12,053,0001,0596,1205300010596,144,4.976733742420574
12,053,0001,0632,1205300010632,14,2.70805020110221
12,053,0001,0647,1205300010647,17,2.8903717578961645
12,053,0039,0492,1205300390492,1228,7.113956109566034
12,053,0039,0505,1205300390505,1402,7.246368080102461
12,053,0039,0524,1205300390524,21,3.091042453358316
12,053,0039,0609,1205300390609,39,3.6888794541139363
12,053,0039,0613,1205300390613,2,1.0986122886681098
12,053,0067,0187,1205300670187,1950,7.576097340623111
12,053,0067,0191,1205300670191,2469,7.8119734296220225
12,053,0067,0628,1205300670628,59,4.0943445622221
12,053,0067,0651,1205300670651,26,3.295836866004329
12,054,0001,0343,1205400010343,462,6.137727054086234
12,054,0001,0358,1205400010358,367,5.908082938168931
12,054,0001,0451,1205400010451,768,6.645090969505644
12,054,0001,0466,1205400010466,1002,6.910750787961936
12,054,0001,0470,1205400010470,1693,7.434847875211999
12,054,0001,0485,1205400010485,6,1.9459101490553132
12,054,0001,049A,120540001049A,21,3.091042453358316
12,055,0001,0020,1205500010020,2432,7.796880342783522
12,055,0001,0035,1205500010035,1023,6.931471805599453
12,055,0001,0054,1205500010054,2486,7.818832443803404
12,055,0001,0069,1205500010069,2155,7.6760099320288875
12,055,0001,0162,1205500010162,3366,8.121777419161074
12,055,0001,0177,1205500010177,2754,7.9211727215870145
12,055,0001,0196,1205500010196,4708,8.457230850243555
12,055,0001,0209,1205500010209,3713,8.219864741912652
12,055,0001,0213,1205500010213,12,2.5649493574615367
12,055,0001,0232,1205500010232,1196,7.087573705557973
12,055,0001,0247,1205500010247,982,6.890609120147166
12,055,0001,0251,1205500010251,830,6.7226297948554485
12,055,0001,0266,1205500010266,186,5.231108616854587
12,055,0001,0270,1205500010270,1259,7.138866999945524
12,055,0001,0285,1205500010285,606,6.408528791059498
12,055,0001,0548,1205500010548,3385,8.12740456269308
12,055,0001,0552,1205500010552,3511,8.163940954755008
12,055,0001,0567,1205500010567,1823,7.508787170634276
12,055,0001,0571,1205500010571,4784,8.473241303887054
12,055,0001,0603,1205500010603,836,6.729824070489475
12,055,0001,0618,1205500010618,520,6.255750041753367
12,055,0001,0622,1205500010622,2192,7.693025748417888
12,055,0001,0637,1205500010637,1256,7.136483208590247
12,055,0001,0641,1205500010641,626,6.440946540632921
12,055,0001,0656,1205500010656,94,4.553876891600541
12,055,0001,0675,1205500010675,47,3.871201010907891
12,055,0001,068A,120550001068A,141,4.955827057601261
12,055,0001,0694,1205500010694,638,6.459904454377535
12,055,0001,0745,1205500010745,235,5.4638318050256105
12,055,0001,0815,1205500010815,0,0.0
12,055,0001,082A,120550001082A,2507,7.827240901752812
12,055,0001,0834,1205500010834,1864,7.5310163320779155
12,055,0001,0938,1205500010938,22,3.1354942159291497
12,055,0001,0942,1205500010942,24,3.2188758248682006
12,055,0001,0957,1205500010957,4,1.6094379124341003
12,055,0002,0660,1205500020660,144,4.976733742420574
12,055,0002,0707,1205500020707,80,4.394449154672439
12,055,0002,0711,1205500020711,122,4.812184355372417
12,055,0002,0726,1205500020726,175,5.170483995038151
12,055,0002,075A,120550002075A,208,5.342334251964811
12,055,0002,0849,1205500020849,2088,7.644440761556566
12,055,0002,0853,1205500020853,2484,7.818027938530729
12,055,0039,0730,1205500390730,3994,8.292798858200374
12,055,0039,0923,1205500390923,12,2.5649493574615367
12,055,0046,0586,1205500460586,2614,7.869019376499023
12,055,0046,0590,1205500460590,2554,7.845807502637805
12,055,0046,0764,1205500460764,123,4.820281565605037
12,055,0046,0779,1205500460779,245,5.5053315359323625
12,055,0046,0783,1205500460783,12,2.5649493574615367
12,055,0046,0798,1205500460798,25,3.258096538021482
12,055,0046,0887,1205500460887,0,0.0
12,055,0046,0919,1205500460919,110,4.709530201312334
12,055,0046,0961,1205500460961,15,2.772588722239781
12,055,0046,0976,1205500460976,312,5.746203190540153
12,055,0046,0980,1205500460980,11,2.4849066497880004
12,055,0046,0995,1205500460995,0,0.0
12,055,0046,100A,120550046100A,12,2.5649493574615367
12,055,0046,1014,1205500461014,158,5.0689042022202315
12,055,0046,1029,1205500461029,16,2.833213344056216
12,055,0046,1048,1205500461048,27,3.332204510175204
12,055,0049,0868,1205500490868,1455,7.283448228756631
12,055,0049,0872,1205500490872,1409,7.251344983372214
12,055,0049,0891,1205500490891,32,3.4965075614664802
12,055,0049,0904,1205500490904,264,5.579729825986222
12,055,0049,1033,1205500491033,12,2.5649493574615367
12,056,0001,0102,1205600010102,187,5.236441962829949
12,056,0001,0117,1205600010117,199,5.298317366548036
12,056,0001,0121,1205600010121,243,5.497168225293202
12,056,0001,0136,1205600010136,56,4.04305126783455
12,056,0001,0282,1205600010282,1527,7.331714969726466
12,056,0001,0297,1205600010297,1867,7.532623618788788
12,056,0001,0329,1205600010329,189,5.247024072160486
12,056,0048,030A,120560048030A,1571,7.360103972989152
12,056,0048,0314,1205600480314,2097,7.6487397889562425
12,057,0001,0415,1205700010415,915,6.82001636467413
12,057,0001,042A,120570001042A,1073,6.97914527506881
12,057,0001,0434,1205700010434,1656,7.4127640174265625
12,057,0001,0449,1205700010449,1994,7.598399329323964
12,057,0001,0453,1205700010453,903,6.806829360392176
12,057,0001,0773,1205700010773,2835,7.950149887652018
12,057,0001,0788,1205700010788,2901,7.973155433444133
12,057,0001,0792,1205700010792,933,6.839476438228843
12,057,0001,0805,1205700010805,1876,7.537430036586509
12,057,0001,1019,1205700011019,7,2.0794415416798357
12,057,0001,1201,1205700011201,26,3.295836866004329
12,057,0059,0881,1205700590881,1371,7.22402480828583
12,057,0059,0896,1205700590896,1091,6.9957661563048505
12,057,0059,0909,1205700590909,1001,6.90975328164481
12,057,0059,117A,120570059117A,4,1.6094379124341003
12,057,0059,1220,1205700591220,38,3.6635616461296463
12,057,0079,0487,1205700790487,806,6.693323668269949
12,057,0079,0913,1205700790913,1253,7.134093721192866
12,057,0079,0928,1205700790928,1183,7.076653815443951
12,057,0079,0932,1205700790932,1738,7.461065514354283
12,057,0079,1057,1205700791057,45,3.828641396489095
12,057,0079,1150,1205700791150,4,1.6094379124341003
12,057,0079,1199,1205700791199,56,4.04305126783455
12,057,0080,0966,1205700800966,1063,6.96979066990159
12,057,0080,1023,1205700801023,41,3.7376696182833684
12,057,0080,1038,1205700801038,196,5.2832037287379885
12,057,0080,1042,1205700801042,139,4.941642422609304
12,057,0080,1076,1205700801076,11,2.4849066497880004
12,057,0080,1080,1205700801080,419,6.040254711277414
12,057,0080,1095,1205700801095,339,5.8289456176102075
12,057,0080,1108,1205700801108,488,6.192362489474872
12,057,0080,1112,1205700801112,514,6.244166900663736
12,057,0080,1127,1205700801127,522,6.259581464064923
12,057,0080,1131,1205700801131,504,6.22455842927536
12,057,0080,1235,1205700801235,0,0.0
12,057,0086,081A,120570086081A,1435,7.269616749608169
12,057,0086,0824,1205700860824,510,6.236369590203704
12,057,0086,0839,1205700860839,1356,7.213031659834869
12,057,0086,0843,1205700860843,1354,7.2115567333138015
12,057,0086,0858,1205700860858,1017,6.925595197110468
12,057,0086,099A,120570086099A,636,6.456769655572163
12,057,0086,1004,1205700861004,407,6.0112671744041615
12,057,0086,1061,1205700861061,56,4.04305126783455
12,057,0086,1146,1205700861146,87,4.477336814478207
12,057,0086,1165,1205700861165,91,4.5217885770490405
12,057,0086,1184,1205700861184,8,2.1972245773362196
12,057,0086,1216,1205700861216,5,1.791759469228055
12,058,0001,0179,1205800010179,2093,7.646831391430482
12,058,0001,0200,1205800010200,2909,7.975908360165538
12,058,0001,0234,1205800010234,527,6.269096283706261
12,058,0001,0249,1205800010249,436,6.07993319509559
12,058,0001,0268,1205800010268,517,6.249975242259483
12,058,0001,0272,1205800010272,646,6.472346294500901
12,058,0001,0287,1205800010287,571,6.349138991379798
12,058,0001,0291,1205800010291,853,6.74993119378857
12,058,0001,0304,1205800010304,639,6.461468176353717
12,058,0001,0319,1205800010319,9,2.302585092994046
12,058,0001,0501,1205800010501,1238,7.122059881629142
12,058,0001,0516,1205800010516,2352,7.763446388727362
12,058,0001,0520,1205800010520,1060,6.966967138613983
12,058,0001,0535,1205800010535,1298,7.1693500166706
12,058,0001,054A,120580001054A,403,6.0014148779611505
12,058,0001,0554,1205800010554,1179,7.07326971745971
12,058,0001,0624,1205800010624,1342,7.202661196523238
12,058,0001,0639,1205800010639,1181,7.074963197966044
12,058,0001,0643,1205800010643,1081,6.9865664594064265
12,058,0001,0658,1205800010658,2128,7.663407664893479
12,058,0001,0662,1205800010662,31,3.4657359027997265
12,058,0001,0677,1205800010677,74,4.31748811353631
12,058,0001,0681,1205800010681,594,6.38856140554563
12,058,0001,0696,1205800010696,49,3.912023005428146
12,058,0001,0709,1205800010709,63,4.1588830833596715
12,058,0001,0713,1205800010713,25,3.258096538021482
12,058,0001,0728,1205800010728,71,4.276666119016055
12,058,0001,0732,1205800010732,25,3.258096538021482
12,058,0001,0747,1205800010747,7,2.0794415416798357
12,058,0001,0751,1205800010751,59,4.0943445622221
12,058,0001,0766,1205800010766,19,2.995732273553991
12,058,0001,0770,1205800010770,53,3.9889840465642745
12,058,0001,0785,1205800010785,17,2.8903717578961645
12,059,0001,0208,1205900010208,350,5.860786223465865
12,059,0001,0212,1205900010212,65,4.189654742026425
12,059,0001,0547,1205900010547,1673,7.422971251049421
12,059,0001,0566,1205900010566,951,6.858565034791365
12,059,0001,0570,1205900010570,1662,7.416378479192928
12,059,0001,0602,1205900010602,55,4.02535169073515
12,059,0001,0617,1205900010617,670,6.508769136971682
12,059,0001,0621,1205900010621,761,6.635946555686647
12,059,0001,0725,1205900010725,111,4.718498871295094
12,059,0008,0161,1205900080161,634,6.453624998892692
12,059,0008,0176,1205900080176,1121,7.022868086082641
12,059,0008,0227,1205900080227,9,2.302585092994046
12,059,0008,0585,1205900080585,264,5.579729825986222
12,059,0008,059A,120590008059A,655,6.486160788944089
12,059,0008,0636,1205900080636,15,2.772588722239781
12,059,0008,0640,1205900080640,40,3.713572066704308
12,059,0008,0655,1205900080655,5,1.791759469228055
12,059,0008,066A,120590008066A,18,2.9444389791664403
12,059,0008,0674,1205900080674,21,3.091042453358316
12,059,0008,0689,1205900080689,15,2.772588722239781
12,059,0008,0693,1205900080693,0,0.0
12,059,0008,0706,1205900080706,14,2.70805020110221
12,059,0008,0710,1205900080710,1,0.6931471805599453
12,059,0008,073A,120590008073A,20,3.044522437723423
12,059,0008,0744,1205900080744,16,2.833213344056216
12,059,0008,0759,1205900080759,34,3.5553480614894135
12,059,0008,0763,1205900080763,11,2.4849066497880004
12,059,0008,0778,1205900080778,5,1.791759469228055
12,060,0001,004A,120600001004A,1930,7.565793282428515
12,060,0001,0054,1206000010054,106,4.672828834461906
12,060,0001,0181,1206000010181,6,1.9459101490553132
12,061,0001,009A,120610001009A,2396,7.781973234434385
12,061,0001,0117,1206100010117,791,6.674561391814426
12,061,0001,0244,1206100010244,2109,7.6544432264701125
12,061,0001,0259,1206100010259,2752,7.920446505142607
12,061,0001,0263,1206100010263,2964,7.994632311431825
12,061,0001,0278,1206100010278,3237,8.08271113423758
12,061,0001,0282,1206100010282,2436,7.798523053625206
12,061,0001,0297,1206100010297,2932,7.983781068977451
12,061,0001,030A,120610001030A,2975,7.998335395952982
12,061,0001,0333,1206100010333,51,3.9512437185814275
12,061,0001,0367,1206100010367,57,4.060443010546419
12,061,0001,0418,1206100010418,34,3.5553480614894135
12,061,0001,0422,1206100010422,92,4.532599493153256
12,061,0006,0102,1206100060102,525,6.26530121273771
12,061,0006,0329,1206100060329,1085,6.990256500493881
12,061,0006,0348,1206100060348,1341,7.201916317531627
12,061,0006,0352,1206100060352,2952,7.990576881743923
12,061,0006,0390,1206100060390,13,2.6390573296152584
12,061,0006,0403,1206100060403,81,4.406719247264253
12,062,0001,010A,120620001010A,2393,7.780720886117918
12,062,0001,0114,1206200010114,764,6.639875833826536
12,062,0001,0129,1206200010129,706,6.561030665896573
12,062,0001,0133,1206200010133,264,5.579729825986222
12,062,0001,0148,1206200010148,136,4.919980925828125
12,062,0001,0152,1206200010152,61,4.127134385045092
12,062,0001,0294,1206200010294,35,3.58351893845611
12,062,0001,0307,1206200010307,0,0.0
12,063,0001,0041,1206300010041,1405,7.2485040723706105
12,063,0001,0198,1206300010198,6,1.9459101490553132
12,063,0001,0200,1206300010200,13,2.6390573296152584
12,063,0001,0215,1206300010215,62,4.143134726391533
12,064,0001,0087,1206400010087,1011,6.919683849847411
12,064,0001,0104,1206400010104,112,4.727387818712341
12,064,0001,027A,120640001027A,585,6.373319789577012
12,064,0001,0284,1206400010284,706,6.561030665896573
12,064,0001,0299,1206400010299,455,6.1224928095143865
12,064,0001,0301,1206400010301,4,1.6094379124341003
12,064,0001,0316,1206400010316,31,3.4657359027997265
12,064,0001,0320,1206400010320,15,2.772588722239781
12,064,0001,0335,1206400010335,0,0.0
12,064,0001,034A,120640001034A,631,6.448889394146858
12,064,0001,0354,1206400010354,517,6.249975242259483
12,064,0001,0369,1206400010369,0,0.0
12,065,0001,0046,1206500010046,852,6.748759547491679
12,065,0001,0050,1206500010050,456,6.124683390894205
12,065,0001,0192,1206500010192,234,5.459585514144159
12,065,0001,0205,1206500010205,488,6.192362489474872
12,065,0001,021A,120650001021A,115,4.7535901911063645
12,065,0001,0224,1206500010224,13,2.6390573296152584
12,065,0001,0239,1206500010239,25,3.258096538021482
12,065,0001,0243,1206500010243,44,3.8066624897703196
12,065,0001,0258,1206500010258,13,2.6390573296152584
12,066,0001,0109,1206600010109,3320,8.108021221376747
12,066,0001,0113,1206600010113,4040,8.304247465078474
12,066,0001,0128,1206600010128,1992,7.597396320212795
12,066,0001,0166,1206600010166,813,6.70196036600254
12,066,0001,0170,1206600010170,137,4.927253685157205
12,066,0001,0310,1206600010310,3101,8.039802343736485
12,066,0001,0325,1206600010325,4345,8.377011160816375
12,066,0001,033A,120660001033A,3087,8.035278911144667
12,066,0001,0344,1206600010344,4819,8.480529207044645
12,066,0001,0359,1206600010359,2616,7.869783902530146
12,066,0001,0363,1206600010363,2039,7.620705086838262
12,066,0001,0378,1206600010378,2116,7.6577552711348655
12,066,0001,0382,1206600010382,2348,7.761744984658913
12,066,0001,0397,1206600010397,293,5.683579767338681
12,066,0001,040A,120660001040A,94,4.553876891600541
12,066,0001,0414,1206600010414,151,5.0238805208462765
12,066,0001,0429,1206600010429,279,5.634789603169249
12,066,0001,0433,1206600010433,0,0.0
12,066,0001,0448,1206600010448,227,5.429345628954441
12,066,0001,0452,1206600010452,205,5.327876168789581
12,066,0001,0467,1206600010467,86,4.465908118654584
12,066,0001,0471,1206600010471,101,4.624972813284271
12,066,0001,0486,1206600010486,20,3.044522437723423
12,066,0001,0503,1206600010503,166,5.117993812416755
12,066,0001,0518,1206600010518,153,5.0369526024136295
12,066,0001,0537,1206600010537,654,6.484635235635252
12,066,0001,0541,1206600010541,543,6.298949246855942
12,066,0001,0556,1206600010556,2242,7.715569534520208
12,066,0001,0560,1206600010560,1561,7.3537223303996315
12,066,0001,0575,1206600010575,2132,7.665284718471351
12,066,0001,058A,120660001058A,206,5.332718793265369
12,066,0001,0594,1206600010594,361,5.8916442118257715
12,066,0001,0607,1206600010607,263,5.575949103146316
12,066,0001,0611,1206600010611,717,6.576469569048224
12,066,0001,0626,1206600010626,191,5.2574953720277815
12,066,0001,0630,1206600010630,78,4.3694478524670215
12,066,0001,0645,1206600010645,34,3.5553480614894135
12,066,0001,065A,120660001065A,176,5.176149732573829
12,066,0001,0664,1206600010664,107,4.68213122712422
12,066,0001,0679,1206600010679,52,3.970291913552122
12,066,0001,0683,1206600010683,12,2.5649493574615367
12,066,0001,0698,1206600010698,93,4.543294782270004
12,066,0001,0700,1206600010700,297,5.697093486505405
12,066,0001,0715,1206600010715,4,1.6094379124341003
12,066,0001,072A,120660001072A,22,3.1354942159291497
12,066,0001,0734,1206600010734,531,6.2766434893416445
12,066,0001,0749,1206600010749,27,3.332204510175204
12,066,0001,0753,1206600010753,95,4.564348191467836
12,066,0001,0768,1206600010768,10,2.3978952727983707
12,066,0001,0772,1206600010772,19,2.995732273553991
12,067,0001,0089,1206700010089,294,5.68697535633982
12,067,0001,0286,1206700010286,2586,7.8582541821860294
12,067,0001,0290,1206700010290,2260,7.72356247227797
12,067,0001,0303,1206700010303,1252,7.133295954896068
12,067,0001,0318,1206700010318,1309,7.177782416195197
12,067,0001,0322,1206700010322,441,6.091309882077698
12,067,0001,0337,1206700010337,638,6.459904454377535
12,067,0001,0356,1206700010356,50,3.9318256327243257
12,067,0001,0394,1206700010394,128,4.859812404361672
12,067,0001,0407,1206700010407,40,3.713572066704308
12,067,0001,0411,1206700010411,43,3.784189633918261
12,067,0001,0426,1206700010426,290,5.673323267171493
12,067,0017,0252,1206700170252,791,6.674561391814426
12,067,0017,0267,1206700170267,692,6.541029999189903
12,067,0017,0271,1206700170271,1133,7.033506484287697
12,067,0017,0360,1206700170360,377,5.934894195619588
12,067,0017,0375,1206700170375,58,4.07753744390572
12,067,0017,038A,120670017038A,26,3.295836866004329
12,067,0017,0430,1206700170430,11,2.4849066497880004
12,068,0001,025A,120680001025A,364,5.8998973535824915
12,068,0001,0264,1206800010264,463,6.139884552226255
12,068,0001,0550,1206800010550,116,4.762173934797756
12,068,0001,0565,1206800010565,0,0.0
12,068,0001,057A,120680001057A,101,4.624972813284271
12,068,0001,0584,1206800010584,636,6.456769655572163
12,068,0001,0599,1206800010599,508,6.2324480165505225
12,068,0001,0601,1206800010601,549,6.309918278226516
12,068,0001,0616,1206800010616,443,6.095824562432225
12,068,0001,0620,1206800010620,27,3.332204510175204
12,068,0001,0635,1206800010635,7,2.0794415416798357
12,068,0001,064A,120680001064A,5,1.791759469228055
12,068,0001,0654,1206800010654,22,3.1354942159291497
12,068,0001,0669,1206800010669,0,0.0
12,068,0063,0531,1206800630531,1410,7.252053951852814
12,068,0063,0546,1206800630546,1305,7.174724309836376
12,068,0063,0673,1206800630673,0,0.0
12,069,0001,0026,1206900010026,2923,7.980707820869669
12,069,0001,0064,1206900010064,925,6.8308742346461795
12,069,0001,0223,1206900010223,185,5.225746673713202
12,069,0001,0238,1206900010238,50,3.9318256327243257
12,069,0001,0242,1206900010242,27,3.332204510175204
12,069,0001,0257,1206900010257,145,4.983606621708336
12,070,0001,007A,120700001007A,580,6.364750756851911
12,070,0001,0084,1207000010084,190,5.25227342804663
12,070,0001,0101,1207000010101,213,5.365976015021851
12,070,0001,0239,1207000010239,1605,7.381501894506707
12,070,0001,0243,1207000010243,2269,7.727535110475448
12,070,0001,0258,1207000010258,0,0.0
12,070,0001,0262,1207000010262,2,1.0986122886681098
12,071,0001,0096,1207100010096,1650,7.409136443920128
12,071,0001,0109,1207100010109,1578,7.364547014255642
12,071,0001,0128,1207100010128,465,6.144185634125646
12,071,0001,0132,1207100010132,180,5.198497031265826
12,071,0001,0147,1207100010147,272,5.60947179518496
12,071,0001,0325,1207100010325,7,2.0794415416798357
12,071,0006,0289,1207100060289,597,6.393590753950631
12,071,0006,0306,1207100060306,830,6.7226297948554485
12,071,0006,0310,1207100060310,915,6.82001636467413
12,071,0006,033A,120710006033A,0,0.0
12,072,0001,0286,1207200010286,732,6.597145701886651
12,072,0001,0290,1207200010290,924,6.829793737512425
12,072,0001,0303,1207200010303,57,4.060443010546419
12,073,0001,0264,1207300010264,858,6.755768921984255
12,073,0001,0279,1207300010279,978,6.88653164253051
12,073,0001,057A,120730001057A,767,6.643789733147672
12,073,0001,0584,1207300010584,23,3.1780538303479458
12,073,0001,0599,1207300010599,282,5.645446897643238
12,073,0001,0601,1207300010601,346,5.849324779946859
12,074,0001,0083,1207400010083,941,6.848005274576363
12,074,0001,0098,1207400010098,347,5.8522024797744745
12,074,0001,0100,1207400010100,135,4.912654885736052
12,074,0001,0242,1207400010242,2185,7.689828668736484
12,074,0001,0257,1207400010257,2057,7.629489916393995
12,074,0001,0276,1207400010276,168,5.1298987149230735
12,074,0001,0308,1207400010308,52,3.970291913552122
12,074,0001,0312,1207400010312,105,4.663439094112067
12,074,0001,0327,1207400010327,35,3.58351893845611
12,074,0001,0331,1207400010331,40,3.713572066704308
12,074,0010,0115,1207400100115,1873,7.535830462798367
12,074,0010,012A,120740010012A,1257,7.1372784372603855
12,075,0001,0216,1207500010216,1470,7.293697720601438
12,075,0001,0220,1207500010220,1774,7.4815557019095165
12,075,0001,024A,120750001024A,312,5.746203190540153
12,075,0001,0254,1207500010254,914,6.818924065275521
12,075,0001,0269,1207500010269,493,6.202535517187923
12,075,0001,0305,1207500010305,360,5.8888779583328805
12,075,0001,0451,1207500010451,2632,7.87587915949631
12,075,0001,0466,1207500010466,3690,8.213652703029998
12,075,0001,0470,1207500010470,942,6.849066282633458
12,075,0001,0485,1207500010485,1617,7.388946097618437
12,075,0001,049A,120750001049A,4238,8.352082671352637
12,075,0001,0502,1207500010502,2068,7.634820677745543
12,075,0001,0517,1207500010517,1662,7.416378479192928
12,075,0001,056A,120750001056A,44,3.8066624897703196
12,075,0001,0682,1207500010682,133,4.897839799950911
12,075,0001,0697,1207500010697,909,6.813444599510896
12,075,0001,070A,120750001070A,332,5.808142489980444
12,075,0001,0752,1207500010752,104,4.653960350157523
12,075,0001,0767,1207500010767,96,4.574710978503383
12,075,0001,0771,1207500010771,771,6.648984550024776
12,075,0001,0803,1207500010803,0,0.0
12,075,0001,0818,1207500010818,82,4.418840607796598
12,075,0001,0822,1207500010822,76,4.343805421853684
12,075,0001,088A,120750001088A,0,0.0
12,075,0008,0146,1207500080146,3480,8.15507488781144
12,075,0008,031A,120750008031A,72,4.290459441148391
12,075,0008,0574,1207500080574,130,4.875197323201151
12,075,0008,0644,1207500080644,164,5.10594547390058
12,075,0008,0678,1207500080678,623,6.436150368369428
12,075,0008,0714,1207500080714,6,1.9459101490553132
12,075,0008,0729,1207500080729,11,2.4849066497880004
12,075,0008,0748,1207500080748,17,2.8903717578961645
12,075,0008,0837,1207500080837,0,0.0
12,075,0008,0841,1207500080841,0,0.0
12,075,0008,0856,1207500080856,5,1.791759469228055
12,075,0008,0860,1207500080860,5,1.791759469228055
12,075,0013,0610,1207500130610,789,6.672032945461067
12,075,0013,0625,1207500130625,1023,6.931471805599453
12,075,0013,063A,120750013063A,1802,7.497207223203318
12,075,0013,0733,1207500130733,66,4.204692619390966
12,075,0013,0786,1207500130786,36,3.6109179126442243
12,075,0013,0790,1207500130790,45,3.828641396489095
12,075,0013,0875,1207500130875,2,1.0986122886681098
12,075,0023,0273,1207500230273,53,3.9889840465642745
12,075,0023,0288,1207500230288,0,0.0
12,075,0023,0292,1207500230292,44,3.8066624897703196
12,075,0023,0521,1207500230521,760,6.634633357861686
12,075,0023,0536,1207500230536,1155,7.052721049232323
12,075,0023,0540,1207500230540,1608,7.3833681469923835
12,075,0023,0589,1207500230589,0,0.0
12,075,0023,0593,1207500230593,0,0.0
12,075,0023,0894,1207500230894,0,0.0
12,076,0001,0016,1207600010016,2045,7.6236419465115715
12,076,0001,0035,1207600010035,0,0.0
12,076,0001,004A,120760001004A,98,4.59511985013459
12,076,0001,0054,1207600010054,40,3.713572066704308
12,076,0001,0069,1207600010069,23,3.1780538303479458
12,076,0001,0073,1207600010073,27,3.332204510175204
12,076,0001,0088,1207600010088,1,0.6931471805599453
12,076,0001,0092,1207600010092,4,1.6094379124341003
12,077,0001,0013,1207700010013,614,6.421622267806518
12,077,0001,0028,1207700010028,2527,7.8351837552667485
12,077,0001,0032,1207700010032,1474,7.29641326877392
12,077,0001,0047,1207700010047,1570,7.359467638255621
12,077,0001,0051,1207700010051,279,5.634789603169249
12,077,0001,0121,1207700010121,12,2.5649493574615367
12,077,0001,0136,1207700010136,37,3.6375861597263857
12,077,0001,0140,1207700010140,40,3.713572066704308
12,077,0001,0155,1207700010155,0,0.0
12,078,0001,0010,1207800010010,2034,7.618251097876695
12,078,0001,0044,1207800010044,140,4.948759890378168
12,078,0001,0059,1207800010059,28,3.367295829986474
12,078,0001,0063,1207800010063,172,5.153291594497779
12,078,0001,0078,1207800010078,236,5.4680601411351315
12,078,0001,0082,1207800010082,0,0.0
12,078,0001,0097,1207800010097,0,0.0
12,079,0001,0018,1207900010018,1738,7.461065514354283
12,079,0001,0037,1207900010037,36,3.6109179126442243
12,080,0001,0019,1208000010019,162,5.093750200806762
12,080,0001,0023,1208000010023,202,5.313205979041787
12,080,0001,0038,1208000010038,1254,7.134890851565884
12,080,0001,0042,1208000010042,1262,7.141245122350491
12,080,0001,0057,1208000010057,170,5.14166355650266
12,080,0001,0061,1208000010061,74,4.31748811353631
12,080,0001,0076,1208000010076,43,3.784189633918261
12,080,0001,0080,1208000010080,51,3.9512437185814275
12,080,0001,0095,1208000010095,9,2.302585092994046
12,080,0001,0112,1208000010112,55,4.02535169073515
12,080,0001,0127,1208000010127,53,3.9889840465642745
12,080,0001,0131,1208000010131,7,2.0794415416798357
12,080,0001,0146,1208000010146,4,1.6094379124341003
12,081,0001,0016,1208100010016,1492,7.30854279753919
12,081,0001,004A,120810001004A,61,4.127134385045092
12,081,0001,0054,1208100010054,11,2.4849066497880004
12,081,0001,0069,1208100010069,143,4.969813299576001
