ENTIDAD,MUN,LOC,AGEB,CVEGEO,POBTOT,log_POBTOT
14,001,0001,0067,1400100010067,1117,7.0192966537150445
14,001,0001,0071,1400100010071,2216,7.7039102096163115
14,001,0001,0103,1400100010103,790,6.673297967767654
14,001,0001,0118,1400100010118,648,6.47543271670409
14,001,0001,0122,1400100010122,829,6.721425700790643
14,001,0001,0137,1400100010137,99,4.605170185988092
14,001,0001,0141,1400100010141,89,4.499809670330265
14,001,0001,0156,1400100010156,50,3.9318256327243257
14,001,0001,0160,1400100010160,116,4.762173934797756
14,001,0001,0175,1400100010175,61,4.127134385045092
14,001,0001,018A,140010001018A,3,1.3862943611198906
14,001,0001,0194,1400100010194,2113,7.656337166430183
14,001,0001,0207,1400100010207,1352,7.210079628170788
14,001,0001,0211,1400100010211,1104,7.007600613951853
14,001,0001,0226,1400100010226,1148,7.046647277848756
14,001,0001,0230,1400100010230,20,3.044522437723423
14,001,0001,0245,1400100010245,0,0.0
14,001,0001,025A,140010001025A,67,4.219507705176107
14,001,0001,0264,1400100010264,29,3.4011973816621555
14,001,0001,0279,1400100010279,5,1.791759469228055
14,001,0001,0283,1400100010283,34,3.5553480614894135
14,001,0001,0298,1400100010298,0,0.0
14,002,0001,0030,1400200010030,3454,8.14757773620177
14,002,0001,0064,1400200010064,4935,8.504310565585223
14,002,0001,0079,1400200010079,811,6.699500340161678
14,002,0001,0083,1400200010083,159,5.075173815233827
14,002,0001,0098,1400200010098,38,3.6635616461296463
14,002,0001,0115,1400200010115,209,5.3471075307174685
14,002,0001,012A,140020001012A,753,6.625392368007956
14,002,0001,0134,1400200010134,2,1.0986122886681098
14,002,0001,0168,1400200010168,18,2.9444389791664403
14,002,0001,0191,1400200010191,51,3.9512437185814275
14,002,0001,0280,1400200010280,31,3.4657359027997265
14,002,0002,0045,1400200020045,4679,8.451053388911692
14,002,0002,005A,140020002005A,1188,7.080867896690782
14,002,0002,0100,1400200020100,927,6.833031732786201
14,002,0002,0149,1400200020149,7,2.0794415416798357
14,002,0002,0153,1400200020153,219,5.393627546352362
14,002,0002,0172,1400200020172,0,0.0
14,002,0002,0204,1400200020204,17,2.8903717578961645
14,002,0002,0219,1400200020219,22,3.1354942159291497
14,002,0002,0223,1400200020223,47,3.871201010907891
14,002,0002,0238,1400200020238,24,3.2188758248682006
14,002,0002,0242,1400200020242,3,1.3862943611198906
14,002,0002,0257,1400200020257,0,0.0
14,002,0002,0261,1400200020261,27,3.332204510175204
14,002,0002,0276,1400200020276,3,1.3862943611198906
14,002,0004,0187,1400200040187,2673,7.891330757661889
14,003,0001,0061,1400300010061,375,5.929589143389895
14,003,0001,0076,1400300010076,292,5.680172609017068
14,003,0001,0080,1400300010080,233,5.455321115357702
14,003,0001,0095,1400300010095,1108,7.011213987350367
14,003,0001,0108,1400300010108,2841,7.952263308657046
14,003,0001,0112,1400300010112,3316,8.106816038947052
14,003,0001,0127,1400300010127,3028,8.015987811027237
14,003,0001,0131,1400300010131,3428,8.14002395246292
14,003,0001,0146,1400300010146,407,6.0112671744041615
14,003,0001,0150,1400300010150,5,1.791759469228055
14,003,0001,0165,1400300010165,220,5.3981627015177525
14,003,0001,017A,140030001017A,48,3.8918202981106265
14,003,0001,0184,1400300010184,9,2.302585092994046
14,003,0001,0199,1400300010199,175,5.170483995038151
14,003,0001,0201,1400300010201,5,1.791759469228055
14,003,0001,0216,1400300010216,22,3.1354942159291497
14,004,0001,004A,140040001004A,1152,7.050122520269059
14,004,0001,0054,1400400010054,1688,7.4318919168078
14,004,0001,0069,1400400010069,35,3.58351893845611
14,005,0001,0047,1400500010047,1842,7.519149957669823
14,005,0001,0051,1400500010051,1032,6.940222469119639
14,005,0001,0066,1400500010066,2386,7.77779262633883
14,005,0001,0070,1400500010070,2425,7.793999089503996
14,005,0001,0085,1400500010085,1459,7.286191714702382
14,005,0001,009A,140050001009A,1252,7.133295954896068
14,005,0001,0102,1400500010102,253,5.537334267018537
14,005,0001,0117,1400500010117,11,2.4849066497880004
14,005,0001,0121,1400500010121,45,3.828641396489095
14,005,0001,0136,1400500010136,177,5.181783550292085
14,005,0001,0140,1400500010140,59,4.0943445622221
14,005,0001,0155,1400500010155,0,0.0
14,005,0001,016A,140050001016A,38,3.6635616461296463
14,005,0001,0174,1400500010174,27,3.332204510175204
14,005,0001,0189,1400500010189,0,0.0
14,006,0001,0186,1400600010186,3429,8.140315540159985
14,006,0001,0190,1400600010190,3502,8.161375023197486
14,006,0001,0203,1400600010203,2909,7.975908360165538
14,006,0001,0218,1400600010218,2933,7.984121958702927
14,006,0001,0222,1400600010222,2917,7.978653729082731
14,006,0001,0237,1400600010237,4432,8.396831834745054
14,006,0001,0241,1400600010241,587,6.376726947898627
14,006,0001,0256,1400600010256,1068,6.974478911025045
14,006,0001,028A,140060001028A,1181,7.074963197966044
14,006,0001,0294,1400600010294,1361,7.216709486709457
14,006,0001,0307,1400600010307,1039,6.946975992135418
14,006,0001,0311,1400600010311,1593,7.374001859350161
14,006,0001,0326,1400600010326,1518,7.325807502595773
14,006,0001,0330,1400600010330,310,5.739792912179234
14,006,0001,0345,1400600010345,0,0.0
14,006,0001,035A,140060001035A,13,2.6390573296152584
14,006,0001,0364,1400600010364,265,5.583496308781699
14,006,0001,0379,1400600010379,176,5.176149732573829
14,006,0001,0383,1400600010383,0,0.0
14,006,0001,0398,1400600010398,3102,8.04012466444838
14,006,0001,0400,1400600010400,2576,7.854381210652365
14,006,0001,0434,1400600010434,24,3.2188758248682006
14,006,0001,0449,1400600010449,29,3.4011973816621555
14,006,0001,0453,1400600010453,7,2.0794415416798357
14,006,0001,0468,1400600010468,0,0.0
14,006,0001,0472,1400600010472,13,2.6390573296152584
14,006,0001,0487,1400600010487,23,3.1780538303479458
14,006,0001,0491,1400600010491,1149,7.047517221357296
14,006,0011,0415,1400600110415,1381,7.231287004327616
14,006,0011,042A,140060011042A,1302,7.172424577124845
14,007,0001,0041,1400700010041,617,6.42648845745769
14,007,0001,0056,1400700010056,253,5.537334267018537
14,007,0001,0060,1400700010060,215,5.375278407684165
14,007,0001,0075,1400700010075,2194,7.693937325509272
14,007,0001,008A,140070001008A,1916,7.558516743045645
14,007,0001,0094,1400700010094,151,5.0238805208462765
14,007,0001,0107,1400700010107,27,3.332204510175204
14,007,0001,0111,1400700010111,0,0.0
14,008,0001,0123,1400800010123,4444,8.399535147948004
14,008,0001,0138,1400800010138,3191,8.068402958569699
14,008,0001,0142,1400800010142,3532,8.169902647359145
14,008,0001,0176,1400800010176,3650,8.202756381655638
14,008,0001,0195,1400800010195,2213,7.7025561132685825
14,008,0001,0208,1400800010208,2265,7.725771441587952
14,008,0001,0212,1400800010212,3402,8.132412674500905
14,008,0001,0227,1400800010227,2644,7.8804263442924
14,008,0001,0301,1400800010301,1060,6.966967138613983
14,008,0001,0369,1400800010369,932,6.838405200847344
14,008,0001,0373,1400800010373,919,6.824373670043086
14,008,0001,0405,1400800010405,2675,7.892078421248119
14,008,0001,0439,1400800010439,1425,7.262628600974241
14,008,0001,0443,1400800010443,724,6.586171654854675
14,008,0001,0458,1400800010458,269,5.598421958998375
14,008,0001,0462,1400800010462,0,0.0
14,008,0001,0477,1400800010477,130,4.875197323201151
14,008,0001,0481,1400800010481,162,5.093750200806762
14,008,0001,0532,1400800010532,967,6.875232087276577
14,008,0001,0547,1400800010547,131,4.882801922586371
14,008,0001,0640,1400800010640,0,0.0
14,008,0001,0655,1400800010655,34,3.5553480614894135
14,008,0001,066A,140080001066A,35,3.58351893845611
14,008,0001,0674,1400800010674,1282,7.1569563646156364
14,008,0001,0689,1400800010689,327,5.793013608384144
14,008,0001,0706,1400800010706,11,2.4849066497880004
14,008,0001,0710,1400800010710,10,2.3978952727983707
14,008,0001,0725,1400800010725,0,0.0
14,008,0001,0782,1400800010782,2777,7.9294865233142895
14,008,0001,0797,1400800010797,2052,7.627057417018934
14,008,0001,080A,140080001080A,1648,7.407924322559599
14,008,0001,0814,1400800010814,1975,7.588829878307813
14,008,0001,0829,1400800010829,2296,7.739359202689098
14,008,0001,0833,1400800010833,2624,7.872836175025724
14,008,0001,0848,1400800010848,790,6.673297967767654
14,008,0001,0852,1400800010852,566,6.340359303727752
14,008,0001,0867,1400800010867,101,4.624972813284271
14,008,0001,0871,1400800010871,0,0.0
14,008,0001,0886,1400800010886,460,6.133398042996649
14,008,0001,0890,1400800010890,452,6.115892125483034
14,008,0280,0388,1400802800388,1869,7.533693709848633
14,008,0280,0392,1400802800392,1910,7.555381944240273
14,008,0280,0513,1400802800513,214,5.3706380281276624
14,008,0280,0528,1400802800528,24,3.2188758248682006
14,008,0280,0585,1400802800585,6,1.9459101490553132
14,008,0280,059A,140080280059A,44,3.8066624897703196
14,008,0280,0621,1400802800621,0,0.0
14,008,0280,0636,1400802800636,46,3.8501476017100584
14,008,0280,0693,1400802800693,0,0.0
14,008,0280,0763,1400802800763,19,2.995732273553991
14,008,0280,0778,1400802800778,10,2.3978952727983707
14,009,0001,0046,1400900010046,3535,8.170751423757535
14,009,0001,0065,1400900010065,3066,8.028455164114252
14,009,0001,007A,140090001007A,383,5.950642552587727
14,009,0001,0084,1400900010084,1038,6.946013991099227
14,009,0001,0099,1400900010099,40,3.713572066704308
14,009,0001,0101,1400900010101,255,5.545177444479562
14,009,0001,0116,1400900010116,192,5.262690188904886
14,009,0001,0120,1400900010120,16,2.833213344056216
14,009,0001,0135,1400900010135,1017,6.925595197110468
14,009,0001,014A,140090001014A,1814,7.503840746698951
14,009,0001,0154,1400900010154,35,3.58351893845611
14,009,0001,0169,1400900010169,142,4.962844630259907
14,009,0001,0173,1400900010173,4,1.6094379124341003
14,009,0001,0188,1400900010188,9,2.302585092994046
14,009,0001,0192,1400900010192,22,3.1354942159291497
14,009,0001,0205,1400900010205,14,2.70805020110221
14,009,0001,021A,140090001021A,9,2.302585092994046
14,009,0001,0224,1400900010224,19,2.995732273553991
14,009,0006,0239,1400900060239,914,6.818924065275521
14,009,0006,0243,1400900060243,1627,7.395107546562485
14,010,0001,0066,1401000010066,531,6.2766434893416445
14,010,0001,0070,1401000010070,492,6.20050917404269
14,010,0001,0085,1401000010085,21,3.091042453358316
14,010,0001,009A,140100001009A,1940,7.57095858316901
14,010,0001,0102,1401000010102,2134,7.666221925662725
14,010,0001,0117,1401000010117,29,3.4011973816621555
14,010,0001,0121,1401000010121,310,5.739792912179234
14,010,0001,0136,1401000010136,0,0.0
14,011,0001,0078,1401100010078,1163,7.059617628291383
14,011,0001,0082,1401100010082,129,4.867534450455582
14,011,0001,0097,1401100010097,162,5.093750200806762
14,011,0001,010A,140110001010A,138,4.9344739331306915
14,011,0001,0129,1401100010129,12,2.5649493574615367
14,011,0001,0133,1401100010133,12,2.5649493574615367
14,012,0001,0126,1401200010126,901,6.804614520062624
14,012,0001,0130,1401200010130,598,6.395261598115449
14,012,0001,0145,1401200010145,6,1.9459101490553132
14,012,0001,015A,140120001015A,20,3.044522437723423
14,012,0001,0164,1401200010164,5,1.791759469228055
14,012,0001,0179,1401200010179,17,2.8903717578961645
14,012,0001,0183,1401200010183,0,0.0
14,013,0001,0049,1401300010049,4851,8.48714627006394
14,013,0001,0053,1401300010053,3670,8.208219383496834
14,013,0001,0142,1401300010142,1849,7.52294091807237
14,013,0001,0157,1401300010157,462,6.137727054086234
14,013,0001,0176,1401300010176,2531,7.836764783264067
14,013,0001,0180,1401300010180,657,6.489204931325317
14,013,0001,0195,1401300010195,2693,7.898782356970309
14,013,0001,0246,1401300010246,2351,7.763021309018518
14,013,0001,0250,1401300010250,2910,7.976251943745623
14,013,0001,0265,1401300010265,251,5.529429087511423
14,013,0001,027A,140130001027A,1717,7.4489161025442
14,013,0001,0284,1401300010284,2174,7.684783943522785
14,013,0001,0299,1401300010299,74,4.31748811353631
14,013,0001,0301,1401300010301,50,3.9318256327243257
14,013,0001,0316,1401300010316,502,6.220590170099739
14,013,0001,0320,1401300010320,42,3.7612001156935624
14,013,0001,0373,1401300010373,5,1.791759469228055
14,013,0001,0392,1401300010392,10,2.3978952727983707
14,013,0001,0458,1401300010458,17,2.8903717578961645
14,013,0001,0462,1401300010462,58,4.07753744390572
14,013,0030,0104,1401300300104,701,6.553933404025811
14,013,0030,0119,1401300300119,1185,7.078341579557671
14,013,0030,0123,1401300300123,1377,7.228388451573604
14,013,0030,0138,1401300300138,606,6.408528791059498
14,013,0030,0212,1401300300212,244,5.501258210544727
14,013,0030,0227,1401300300227,232,5.4510384535657
14,013,0030,0231,1401300300231,208,5.342334251964811
14,013,0030,034A,140130030034A,41,3.7376696182833684
14,013,0030,0354,1401300300354,6,1.9459101490553132
14,013,0030,0369,1401300300369,210,5.351858133476067
14,013,0030,0388,1401300300388,171,5.147494476813453
14,013,0030,0405,1401300300405,51,3.9512437185814275
14,013,0030,041A,140130030041A,28,3.367295829986474
14,013,0030,0424,1401300300424,61,4.127134385045092
14,013,0030,0439,1401300300439,67,4.219507705176107
14,013,0030,0443,1401300300443,103,4.6443908991413725
14,013,0145,0477,1401301450477,1943,7.572502985020384
14,013,0145,0481,1401301450481,1288,7.161622002939187
14,013,0145,0496,1401301450496,534,6.282266746896006
14,014,0001,0046,1401400010046,1466,7.2909747781429814
14,014,0001,0050,1401400010050,2199,7.696212639346407
14,014,0001,0084,1401400010084,801,6.687108607866515
14,014,0001,0099,1401400010099,8,2.1972245773362196
14,014,0001,0101,1401400010101,211,5.356586274672012
14,014,0001,0116,1401400010116,88,4.48863636973214
14,014,0001,0120,1401400010120,95,4.564348191467836
14,014,0001,0135,1401400010135,3,1.3862943611198906
14,014,0001,014A,140140001014A,19,2.995732273553991
14,014,0001,0154,1401400010154,73,4.30406509320417
14,014,0001,0169,1401400010169,6,1.9459101490553132
14,014,0001,0173,1401400010173,70,4.2626798770413155
14,014,0001,0188,1401400010188,13,2.6390573296152584
14,015,0001,0043,1401500010043,3457,8.148445666243235
14,015,0001,0058,1401500010058,3683,8.211754397375197
14,015,0001,0062,1401500010062,4003,8.295049140435111
14,015,0001,0077,1401500010077,4460,8.403128235128264
14,015,0001,0147,1401500010147,1465,7.290292882446597
14,015,0001,0151,1401500010151,3427,8.13973227971767
14,015,0001,0166,1401500010166,2358,7.765993079407675
14,015,0001,0185,1401500010185,1715,7.447751280047908
14,015,0001,019A,140150001019A,1633,7.3987862754199485
14,015,0001,0202,1401500010202,782,6.663132695990803
14,015,0001,0217,1401500010217,1021,6.92951677076365
14,015,0001,0221,1401500010221,1491,7.307872780763706
14,015,0001,0236,1401500010236,1261,7.140453043101158
14,015,0001,0240,1401500010240,2404,7.785305182539862
14,015,0001,0255,1401500010255,2110,7.65491704784832
14,015,0001,0289,1401500010289,2400,7.783640596221253
14,015,0001,0293,1401500010293,2468,7.81156848934518
14,015,0001,0306,1401500010306,2149,7.673223121121708
14,015,0001,0310,1401500010310,1131,7.0317412587631285
14,015,0001,0325,1401500010325,438,6.0844994130751715
14,015,0001,033A,140150001033A,94,4.553876891600541
14,015,0001,0344,1401500010344,49,3.912023005428146
14,015,0001,0359,1401500010359,60,4.110873864173311
14,015,0001,0363,1401500010363,19,2.995732273553991
14,015,0001,0397,1401500010397,0,0.0
14,015,0001,040A,140150001040A,182,5.209486152841421
14,015,0001,0414,1401500010414,300,5.707110264748875
14,015,0001,0429,1401500010429,822,6.71295620067707
14,016,0001,0021,1401600010021,2589,7.859413154693583
14,016,0001,0093,1401600010093,2963,7.994294986415977
14,016,0001,0144,1401600010144,632,6.450470422144176
14,016,0001,0159,1401600010159,2546,7.842671474979457
14,016,0001,0163,1401600010163,939,6.84587987526405
14,016,0001,0178,1401600010178,164,5.10594547390058
14,016,0001,0182,1401600010182,653,6.483107351457199
14,016,0001,0248,1401600010248,151,5.0238805208462765
14,016,0001,0252,1401600010252,22,3.1354942159291497
14,016,0001,0267,1401600010267,204,5.3230099791384085
14,016,0001,0337,1401600010337,73,4.30406509320417
14,016,0001,0341,1401600010341,152,5.030437921392435
14,016,0001,0356,1401600010356,166,5.117993812416755
14,016,0001,0360,1401600010360,6,1.9459101490553132
14,016,0001,0375,1401600010375,86,4.465908118654584
14,016,0001,0464,1401600010464,112,4.727387818712341
14,016,0001,0479,1401600010479,96,4.574710978503383
14,016,0001,0498,1401600010498,94,4.553876891600541
14,016,0001,052A,140160001052A,35,3.58351893845611
14,016,0001,0534,1401600010534,27,3.332204510175204
14,016,0001,0549,1401600010549,14,2.70805020110221
14,016,0010,0318,1401600100318,1340,7.201170883281678
14,016,0010,0394,1401600100394,546,6.304448802421981
14,016,0010,0407,1401600100407,690,6.53813982376767
14,016,0010,0411,1401600100411,23,3.1780538303479458
14,016,0010,0426,1401600100426,14,2.70805020110221
14,016,0010,0430,1401600100430,9,2.302585092994046
14,016,0010,0445,1401600100445,4,1.6094379124341003
14,016,0010,045A,140160010045A,49,3.912023005428146
14,016,0010,0483,1401600100483,94,4.553876891600541
14,016,0010,0500,1401600100500,13,2.6390573296152584
14,016,0010,0515,1401600100515,0,0.0
14,016,0072,0110,1401600720110,3422,8.138272638530186
14,016,0072,0125,1401600720125,1677,7.425357887027151
14,016,0072,013A,140160072013A,2077,7.639161171659173
14,016,0072,0197,1401600720197,489,6.194405391104672
14,016,0072,0271,1401600720271,53,3.9889840465642745
14,016,0072,038A,140160072038A,62,4.143134726391533
14,016,0089,020A,140160089020A,124,4.8283137373023015
14,016,0089,0214,1401600890214,50,3.9318256327243257
14,016,0089,0229,1401600890229,1124,7.025538314638521
14,016,0089,0233,1401600890233,1327,7.191429330036379
14,016,0089,0286,1401600890286,13,2.6390573296152584
14,016,0089,0290,1401600890290,0,0.0
14,017,0001,0071,1401700010071,1715,7.447751280047908
14,017,0001,0122,1401700010122,1559,7.352441100243583
14,017,0001,0137,1401700010137,1246,7.1284959456800365
14,017,0001,0141,1401700010141,1964,7.583247524303362
14,017,0001,0156,1401700010156,118,4.77912349311153
14,017,0001,0160,1401700010160,224,5.41610040220442
14,017,0001,0175,1401700010175,73,4.30406509320417
14,017,0001,018A,140170001018A,220,5.3981627015177525
14,017,0001,0194,1401700010194,17,2.8903717578961645
14,017,0001,0207,1401700010207,89,4.499809670330265
14,017,0001,0211,1401700010211,3,1.3862943611198906
14,017,0001,0226,1401700010226,14,2.70805020110221
14,017,0001,0230,1401700010230,2,1.0986122886681098
14,017,0001,0245,1401700010245,0,0.0
14,018,0001,005A,140180001005A,1607,7.382746449738912
14,018,0001,0083,1401800010083,3769,8.234830280442056
14,018,0001,0115,1401800010115,2503,7.825644732219989
14,018,0001,012A,140180001012A,5005,8.518392471991719
14,018,0001,0134,1401800010134,2908,7.975564658495202
14,018,0001,0149,1401800010149,3137,8.051340933292979
14,018,0001,0153,1401800010153,3243,8.084562415235304
14,018,0001,0187,1401800010187,2360,7.766840537085513
14,018,0001,0191,1401800010191,1154,7.051855622955894
14,018,0001,0204,1401800010204,1464,7.289610521451167
14,018,0001,0219,1401800010219,366,5.905361848054571
14,018,0001,0223,1401800010223,723,6.584791392385716
14,018,0001,0257,1401800010257,379,5.940171252720432
14,018,0001,0261,1401800010261,572,6.35088571671474
14,018,0001,0276,1401800010276,1058,6.9650803456014065
14,018,0001,0312,1401800010312,1574,7.362010551259734
14,018,0001,0327,1401800010327,1807,7.4999765409521215
14,018,0001,0331,1401800010331,286,5.659482215759621
14,018,0001,0346,1401800010346,305,5.723585101952381
14,018,0001,0350,1401800010350,0,0.0
14,018,0001,0365,1401800010365,2,1.0986122886681098
14,018,0001,037A,140180001037A,1,0.6931471805599453
14,018,0001,0384,1401800010384,42,3.7612001156935624
14,018,0001,0399,1401800010399,4,1.6094379124341003
14,018,0001,0401,1401800010401,504,6.22455842927536
14,018,0001,0416,1401800010416,3,1.3862943611198906
14,018,0001,0420,1401800010420,0,0.0
14,018,0001,0435,1401800010435,35,3.58351893845611
14,018,0001,0454,1401800010454,0,0.0
14,018,0001,0469,1401800010469,396,5.983936280687191
14,018,0001,0488,1401800010488,7,2.0794415416798357
14,018,0001,0492,1401800010492,5,1.791759469228055
14,018,0027,0100,1401800270100,1572,7.360739903058278
14,018,0027,0172,1401800270172,988,6.8966943316227125
14,018,0027,0280,1401800270280,211,5.356586274672012
14,018,0027,044A,140180027044A,4,1.6094379124341003
14,018,0027,0473,1401800270473,6,1.9459101490553132
14,018,0027,0505,1401800270505,5,1.791759469228055
14,018,0027,051A,140180027051A,16,2.833213344056216
14,019,0001,0131,1401900010131,924,6.829793737512425
14,020,0001,0166,1402000010166,514,6.244166900663736
14,020,0001,0170,1402000010170,278,5.631211781821365
14,020,0001,0185,1402000010185,1026,6.934397209928558
14,020,0001,019A,140200001019A,1248,7.130098510125578
14,020,0001,0202,1402000010202,39,3.6888794541139363
14,020,0001,0217,1402000010217,106,4.672828834461906
14,021,0001,0106,1402100010106,2029,7.615791072035833
14,021,0001,0110,1402100010110,886,6.787844982309579
14,021,0001,0125,1402100010125,1224,7.110696122978827
14,021,0001,020A,140210001020A,2096,7.64826303090192
14,021,0001,0214,1402100010214,2166,7.681099001536359
14,021,0001,0229,1402100010229,24,3.2188758248682006
14,021,0001,0233,1402100010233,10,2.3978952727983707
14,021,0001,0248,1402100010248,420,6.042632833682381
14,021,0001,0290,1402100010290,8,2.1972245773362196
14,021,0001,0303,1402100010303,25,3.258096538021482
14,021,0001,0318,1402100010318,5,1.791759469228055
14,021,0001,0356,1402100010356,920,6.825460036255307
14,021,0001,0360,1402100010360,1031,6.939253946041508
14,021,0001,0394,1402100010394,331,5.805134968916488
14,021,0001,0426,1402100010426,0,0.0
14,021,0001,0479,1402100010479,5,1.791759469228055
14,021,0003,013A,140210003013A,165,5.111987788356544
14,021,0003,0182,1402100030182,1314,7.181591944611865
14,021,0003,0252,1402100030252,25,3.258096538021482
14,021,0003,0322,1402100030322,0,0.0
14,021,0003,0337,1402100030337,1,0.6931471805599453
14,021,0003,0341,1402100030341,71,4.276666119016055
14,021,0003,0375,1402100030375,972,6.880384082186005
14,021,0003,038A,140210003038A,1056,6.963189985870238
14,021,0003,0407,1402100030407,0,0.0
14,021,0003,0411,1402100030411,13,2.6390573296152584
14,021,0015,0430,1402100150430,415,6.030685260261263
14,021,0015,0445,1402100150445,467,6.148468295917647
14,021,0015,045A,140210015045A,367,5.908082938168931
14,021,0015,0464,1402100150464,2,1.0986122886681098
14,021,0018,0144,1402100180144,908,6.812345094177479
14,021,0018,0159,1402100180159,702,6.555356891810665
14,021,0018,0267,1402100180267,24,3.2188758248682006
14,021,0018,0271,1402100180271,51,3.9512437185814275
14,022,0001,0137,1402200010137,3399,8.131530710604252
14,022,0001,0141,1402200010141,1931,7.566311014772463
14,022,0001,0156,1402200010156,757,6.630683385642372
14,022,0001,0160,1402200010160,1457,7.284820912568604
14,022,0001,0175,1402200010175,3406,8.133587417660966
14,022,0001,018A,140220001018A,2093,7.646831391430482
14,022,0001,0194,1402200010194,644,6.4692503167957724
14,022,0001,0207,1402200010207,1704,7.4413203897176174
14,022,0001,0211,1402200010211,2013,7.607878073278507
14,022,0001,0349,1402200010349,71,4.276666119016055
14,022,0001,0353,1402200010353,160,5.081404364984463
14,022,0001,0419,1402200010419,101,4.624972813284271
14,022,0001,0423,1402200010423,95,4.564348191467836
14,022,0001,0438,1402200010438,0,0.0
14,022,0001,0442,1402200010442,7,2.0794415416798357
14,022,0001,0457,1402200010457,9,2.302585092994046
14,022,0001,0461,1402200010461,13,2.6390573296152584
14,022,0001,0480,1402200010480,70,4.2626798770413155
14,022,0001,0508,1402200010508,197,5.288267030694535
14,022,0001,0512,1402200010512,31,3.4657359027997265
14,022,0001,0531,1402200010531,6,1.9459101490553132
14,022,0006,0387,1402200060387,1270,7.147559271189454
14,022,0006,0391,1402200060391,2022,7.612336837167746
14,022,0006,0404,1402200060404,956,6.863803391452954
14,022,0006,0527,1402200060527,69,4.248495242049359
14,022,0006,0546,1402200060546,7,2.0794415416798357
14,022,0016,0584,1402200160584,837,6.731018100482083
14,022,0016,0599,1402200160599,907,6.811244378601294
14,022,0016,0601,1402200160601,819,6.709304340258298
14,022,0016,0616,1402200160616,593,6.386879319362645
14,022,0033,0122,1402200330122,2274,7.729735331385051
14,022,0033,0230,1402200330230,2058,7.629975707027789
14,022,0033,0279,1402200330279,363,5.8971538676367405
14,022,0033,0283,1402200330283,249,5.521460917862246
14,022,0033,0298,1402200330298,157,5.062595033026967
14,022,0033,0315,1402200330315,464,6.142037405587356
14,022,0033,032A,140220033032A,381,5.945420608606575
14,022,0033,0334,1402200330334,1495,7.310550158534422
14,022,0033,0368,1402200330368,58,4.07753744390572
14,022,0033,0495,1402200330495,17,2.8903717578961645
14,022,0033,0550,1402200330550,12,2.5649493574615367
14,022,0033,0565,1402200330565,18,2.9444389791664403
14,022,0033,057A,140220033057A,23,3.1780538303479458
14,023,0001,0045,1402300010045,6260,8.74209519574531
14,023,0001,0064,1402300010064,1328,7.192182058713246
14,023,0001,0079,1402300010079,1924,7.562681246721884
14,023,0001,0083,1402300010083,6156,8.72534492491121
14,023,0001,0100,1402300010100,3093,8.037220031133012
14,023,0001,0115,1402300010115,2983,8.001019961323651
14,023,0001,0153,1402300010153,3065,8.028129059431759
14,023,0001,0168,1402300010168,2682,7.894690850425624
14,023,0001,0172,1402300010172,986,6.894670039433482
14,023,0001,0187,1402300010187,1356,7.213031659834869
14,023,0001,0191,1402300010191,4216,8.34687925374656
14,023,0001,0223,1402300010223,2585,7.857867559331803
14,023,0001,0238,1402300010238,2811,7.941651252930556
14,023,0001,0242,1402300010242,2974,7.99799931797973
14,023,0001,0257,1402300010257,3887,8.265650165580329
14,023,0001,0261,1402300010261,2987,8.002359546252707
14,023,0001,0276,1402300010276,1407,7.249925536717988
14,023,0001,0312,1402300010312,850,6.7464121285733745
14,023,0001,0327,1402300010327,0,0.0
14,023,0001,0331,1402300010331,126,4.844187086458591
14,023,0001,0346,1402300010346,90,4.51085950651685
14,023,0001,0350,1402300010350,31,3.4657359027997265
14,023,0001,0365,1402300010365,0,0.0
14,023,0001,0384,1402300010384,265,5.583496308781699
14,023,0001,0399,1402300010399,0,0.0
14,023,0001,0401,1402300010401,4,1.6094379124341003
14,023,0001,0416,1402300010416,49,3.912023005428146
14,023,0001,0420,1402300010420,1671,7.421775793644647
14,023,0001,0435,1402300010435,30,3.4339872044851463
14,023,0001,044A,140230001044A,74,4.31748811353631
14,023,0001,0454,1402300010454,135,4.912654885736052
14,023,0001,0469,1402300010469,203,5.318119993844216
14,023,0001,0473,1402300010473,1322,7.187657164114956
14,023,0001,0488,1402300010488,4098,8.318498320504338
14,023,0001,0492,1402300010492,3655,8.204124932574041
14,023,0001,0505,1402300010505,3811,8.245909264774093
14,023,0001,051A,140230001051A,2569,7.851661177889265
14,023,0001,0524,1402300010524,9,2.302585092994046
14,023,0001,0539,1402300010539,929,6.835184586147301
14,023,0001,0543,1402300010543,524,6.263398262591624
14,023,0001,0558,1402300010558,3,1.3862943611198906
14,023,0001,0562,1402300010562,51,3.9512437185814275
14,023,0001,0577,1402300010577,0,0.0
14,023,0001,0581,1402300010581,31,3.4657359027997265
14,023,0001,0596,1402300010596,3459,8.14902386805177
14,023,0001,0609,1402300010609,1219,7.106606137727303
14,023,0001,0613,1402300010613,4499,8.411832675758411
14,023,0001,0628,1402300010628,3286,8.097730573664219
14,023,0001,0632,1402300010632,3629,8.196987927258897
14,023,0001,0647,1402300010647,1132,7.0326242610280065
14,023,0001,0651,1402300010651,187,5.236441962829949
14,023,0001,0666,1402300010666,12,2.5649493574615367
14,023,0001,0670,1402300010670,554,6.318968113746434
14,023,0001,0685,1402300010685,41,3.7376696182833684
14,023,0001,069A,140230001069A,576,6.3578422665081
14,023,0001,0702,1402300010702,756,6.6293632534374485
14,023,0001,0717,1402300010717,1653,7.4109518755836366
14,023,0001,0721,1402300010721,340,5.831882477283517
14,023,0001,0736,1402300010736,0,0.0
14,023,0001,0740,1402300010740,3,1.3862943611198906
14,023,0001,0755,1402300010755,13,2.6390573296152584
14,023,0001,076A,140230001076A,2520,7.83241092718792
14,023,0001,0774,1402300010774,2235,7.71244383427499
14,023,0001,0789,1402300010789,15,2.772588722239781
14,023,0001,0793,1402300010793,0,0.0
14,023,0001,0806,1402300010806,2,1.0986122886681098
14,023,0001,0810,1402300010810,252,5.53338948872752
14,023,0001,0825,1402300010825,5,1.791759469228055
14,023,0001,083A,140230001083A,0,0.0
14,023,0001,0844,1402300010844,0,0.0
14,023,0001,0859,1402300010859,10,2.3978952727983707
14,023,0001,0863,1402300010863,0,0.0
14,023,0001,0878,1402300010878,122,4.812184355372417
14,024,0001,0080,1402400010080,2036,7.619233416226805
14,024,0001,0108,1402400010108,1483,7.302496423727326
14,024,0001,0112,1402400010112,2335,7.756195343948118
14,024,0001,0127,1402400010127,1911,7.555905093611346
14,024,0001,0131,1402400010131,1863,7.530479995245536
14,024,0001,0146,1402400010146,1096,7.00033446027523
14,024,0001,0150,1402400010150,744,6.61338421837956
14,024,0001,0165,1402400010165,116,4.762173934797756
14,024,0001,017A,140240001017A,34,3.5553480614894135
14,024,0001,0184,1402400010184,16,2.833213344056216
14,024,0001,0199,1402400010199,791,6.674561391814426
14,024,0001,0201,1402400010201,2093,7.646831391430482
14,024,0001,0216,1402400010216,0,0.0
14,024,0001,0220,1402400010220,7,2.0794415416798357
14,024,0001,0235,1402400010235,0,0.0
14,024,0001,024A,140240001024A,10,2.3978952727983707
14,024,0001,0254,1402400010254,13,2.6390573296152584
14,024,0007,0269,1402400070269,1098,7.002155954403621
14,024,0007,0273,1402400070273,1459,7.286191714702382
14,025,0001,011A,140250001011A,1943,7.572502985020384
14,025,0001,0139,1402500010139,1632,7.398174092970465
14,025,0001,0143,1402500010143,2485,7.818430272070656
14,025,0001,0158,1402500010158,1849,7.52294091807237
14,025,0001,0162,1402500010162,2178,7.68662133494462
14,025,0001,0177,1402500010177,77,4.356708826689592
14,025,0001,0181,1402500010181,145,4.983606621708336
14,025,0001,0196,1402500010196,0,0.0
14,025,0001,0213,1402500010213,488,6.192362489474872
14,025,0001,0228,1402500010228,50,3.9318256327243257
14,025,0001,0232,1402500010232,24,3.2188758248682006
14,025,0001,0247,1402500010247,1343,7.203405521083095
14,025,0001,0251,1402500010251,468,6.150602768446279
14,025,0001,0266,1402500010266,7,2.0794415416798357
14,025,0001,0270,1402500010270,14,2.70805020110221
14,025,0001,0285,1402500010285,522,6.259581464064923
14,025,0001,029A,140250001029A,23,3.1780538303479458
14,025,0001,0302,1402500010302,8,2.1972245773362196
14,025,0001,0317,1402500010317,0,0.0
14,026,0001,0051,1402600010051,1065,6.97166860472579
14,026,0001,0066,1402600010066,1210,7.099201743553092
14,026,0001,0070,1402600010070,1122,7.023758954738443
14,026,0001,0085,1402600010085,231,5.44673737166631
14,026,0001,009A,140260001009A,297,5.697093486505405
14,026,0001,0102,1402600010102,259,5.560681631015528
14,026,0001,0117,1402600010117,72,4.290459441148391
14,026,0001,0121,1402600010121,214,5.3706380281276624
14,026,0001,0136,1402600010136,24,3.2188758248682006
14,026,0001,0140,1402600010140,2,1.0986122886681098
14,026,0001,0174,1402600010174,23,3.1780538303479458
14,026,0001,0189,1402600010189,31,3.4657359027997265
14,026,0001,0193,1402600010193,0,0.0
14,026,0001,0206,1402600010206,4,1.6094379124341003
14,026,0001,0210,1402600010210,63,4.1588830833596715
14,026,0001,0225,1402600010225,7,2.0794415416798357
14,026,0001,023A,140260001023A,6,1.9459101490553132
14,026,0001,0244,1402600010244,95,4.564348191467836
14,026,0001,0259,1402600010259,19,2.995732273553991
14,027,0001,0171,1402700010171,1077,6.982862751468942
14,027,0001,0186,1402700010186,1095,6.999422467507961
14,027,0001,0190,1402700010190,130,4.875197323201151
14,027,0001,0203,1402700010203,55,4.02535169073515
14,027,0001,0218,1402700010218,0,0.0
14,027,0001,0222,1402700010222,49,3.912023005428146
14,027,0001,0237,1402700010237,191,5.2574953720277815
14,027,0001,0241,1402700010241,0,0.0
14,028,0001,0075,1402800010075,12,2.5649493574615367
14,028,0001,008A,140280001008A,45,3.828641396489095
14,028,0001,0094,1402800010094,10,2.3978952727983707
14,028,0001,0107,1402800010107,537,6.2878585601617845
14,028,0001,0111,1402800010111,614,6.421622267806518
14,028,0001,0126,1402800010126,20,3.044522437723423
14,028,0001,0130,1402800010130,15,2.772588722239781
14,029,0001,0091,1402900010091,1550,7.346655163176539
14,029,0001,0104,1402900010104,9,2.302585092994046
14,029,0001,0119,1402900010119,382,5.948034989180646
14,029,0001,0123,1402900010123,1633,7.3987862754199485
14,029,0001,0138,1402900010138,1087,6.992096427415888
14,029,0001,0142,1402900010142,21,3.091042453358316
14,030,0001,0124,1403000010124,2756,7.921898411023797
14,030,0001,0139,1403000010139,1395,7.241366283322318
14,030,0001,0143,1403000010143,1506,7.317876198626496
14,030,0001,0158,1403000010158,2203,7.698029170272805
14,030,0001,0232,1403000010232,1480,7.300472814267799
14,030,0001,0247,1403000010247,2482,7.817222785508166
14,030,0001,0270,1403000010270,2349,7.762170607138205
14,030,0001,0285,1403000010285,2305,7.743269700829004
14,030,0001,029A,140300001029A,1715,7.447751280047908
14,030,0001,0302,1403000010302,2587,7.858640655620791
14,030,0001,0336,1403000010336,8,2.1972245773362196
14,030,0001,0340,1403000010340,566,6.340359303727752
14,030,0001,0478,1403000010478,23,3.1780538303479458
14,030,0001,0590,1403000010590,105,4.663439094112067
14,030,0001,0603,1403000010603,0,0.0
14,030,0001,0618,1403000010618,3,1.3862943611198906
14,030,0001,0637,1403000010637,27,3.332204510175204
14,030,0001,0641,1403000010641,86,4.465908118654584
14,030,0002,0088,1403000020088,609,6.413458957167357
14,030,0002,0196,1403000020196,1751,7.468513271496337
14,030,0002,0209,1403000020209,1874,7.536363938404511
14,030,0002,0213,1403000020213,2924,7.981049759665957
14,030,0002,0228,1403000020228,2278,7.731492029245684
14,030,0002,0317,1403000020317,226,5.424950017481403
14,030,0002,0355,1403000020355,7,2.0794415416798357
14,030,0002,036A,140300002036A,86,4.465908118654584
14,030,0002,0374,1403000020374,14,2.70805020110221
14,030,0002,0389,1403000020389,85,4.454347296253507
14,030,0002,0393,1403000020393,6,1.9459101490553132
14,030,0002,0410,1403000020410,25,3.258096538021482
14,030,0002,0425,1403000020425,8,2.1972245773362196
14,030,0002,0497,1403000020497,117,4.770684624465665
14,030,0002,0533,1403000020533,133,4.897839799950911
14,030,0002,0548,1403000020548,0,0.0
14,030,0002,0552,1403000020552,7,2.0794415416798357
14,030,0002,0567,1403000020567,0,0.0
14,030,0002,0571,1403000020571,4,1.6094379124341003
14,030,0002,0656,1403000020656,339,5.8289456176102075
14,030,0002,0660,1403000020660,16,2.833213344056216
14,030,0003,0177,1403000030177,1410,7.252053951852814
14,030,0003,0181,1403000030181,1577,7.363913501405819
14,030,0003,0251,1403000030251,1919,7.560080465021827
14,030,0003,0266,1403000030266,2106,7.653020413804189
14,030,0003,0406,1403000030406,237,5.472270673671475
14,030,0005,043A,140300005043A,1881,7.540090320145325
14,030,0005,0444,1403000050444,1272,7.149131598557407
14,030,0005,0459,1403000050459,589,6.380122536899765
14,030,0005,0463,1403000050463,923,6.828712071641684
14,030,0005,0482,1403000050482,132,4.890349128221754
14,030,0005,050A,140300005050A,12,2.5649493574615367
14,030,0005,0514,1403000050514,0,0.0
14,030,0005,0529,1403000050529,21,3.091042453358316
14,030,0005,0586,1403000050586,108,4.6913478822291435
14,031,0001,009A,140310001009A,512,6.240275845170769
14,031,0001,0102,1403100010102,177,5.181783550292085
14,031,0001,0117,1403100010117,145,4.983606621708336
14,031,0001,0136,1403100010136,9,2.302585092994046
14,032,0001,0044,1403200010044,2310,7.745435610274381
14,032,0001,0059,1403200010059,366,5.905361848054571
14,032,0001,0063,1403200010063,570,6.3473892096560105
14,032,0001,0078,1403200010078,659,6.492239835020471
14,032,0001,0082,1403200010082,54,4.007333185232471
14,032,0001,0097,1403200010097,3,1.3862943611198906
14,033,0001,008A,140330001008A,2285,7.734558844354756
14,033,0001,0094,1403300010094,1242,7.1252830915107115
14,033,0001,0107,1403300010107,2335,7.756195343948118
14,033,0001,0111,1403300010111,1169,7.064759027791802
14,033,0001,0126,1403300010126,552,6.315358001522335
14,033,0001,0130,1403300010130,1043,6.950814768442584
14,033,0001,0145,1403300010145,415,6.030685260261263
14,033,0001,015A,140330001015A,880,6.78105762593618
14,033,0001,0164,1403300010164,530,6.274762021241939
14,033,0001,0179,1403300010179,48,3.8918202981106265
14,033,0001,0183,1403300010183,186,5.231108616854587
14,033,0001,0198,1403300010198,239,5.480638923341991
14,033,0001,0200,1403300010200,170,5.14166355650266
14,033,0001,0215,1403300010215,209,5.3471075307174685
14,033,0001,022A,140330001022A,0,0.0
14,033,0001,0234,1403300010234,58,4.07753744390572
14,033,0001,0249,1403300010249,3,1.3862943611198906
14,033,0001,0253,1403300010253,2,1.0986122886681098
14,033,0001,0268,1403300010268,10,2.3978952727983707
14,034,0001,0053,1403400010053,1031,6.939253946041508
14,034,0001,0068,1403400010068,126,4.844187086458591
14,034,0001,0072,1403400010072,232,5.4510384535657
14,034,0001,0091,1403400010091,20,3.044522437723423
14,034,0001,0104,1403400010104,1,0.6931471805599453
14,034,0001,0119,1403400010119,4,1.6094379124341003
14,035,0001,0188,1403500010188,1416,7.256297239690681
14,035,0001,0205,1403500010205,1725,7.453561871643373
14,035,0001,021A,140350001021A,740,6.608000625296087
14,035,0001,0224,1403500010224,1825,7.509883061154913
14,035,0001,0239,1403500010239,470,6.154858094016418
14,035,0001,0243,1403500010243,724,6.586171654854675
14,035,0001,0258,1403500010258,825,6.716594773520978
14,035,0001,0277,1403500010277,377,5.934894195619588
14,035,0001,0281,1403500010281,358,5.883322388488279
14,035,0001,0296,1403500010296,1624,7.393263094763838
14,035,0001,0309,1403500010309,1863,7.530479995245536
14,035,0001,0332,1403500010332,1677,7.425357887027151
14,035,0001,0347,1403500010347,1354,7.2115567333138015
14,035,0001,0351,1403500010351,1072,6.9782137426306985
14,035,0001,0366,1403500010366,1537,7.338238150065589
14,035,0001,0370,1403500010370,74,4.31748811353631
14,035,0001,0385,1403500010385,66,4.204692619390966
14,035,0001,039A,140350001039A,111,4.718498871295094
14,035,0001,0402,1403500010402,275,5.62040086571715
14,035,0001,0417,1403500010417,1152,7.050122520269059
14,035,0001,0421,1403500010421,117,4.770684624465665
14,035,0001,0474,1403500010474,17,2.8903717578961645
14,035,0001,0489,1403500010489,434,6.075346031088684
14,035,0001,0493,1403500010493,45,3.828641396489095
14,035,0001,0506,1403500010506,172,5.153291594497779
14,035,0001,0510,1403500010510,458,6.129050210060545
14,035,0001,0525,1403500010525,1887,7.543273346705446
14,035,0001,053A,140350001053A,1299,7.170119543449628
14,035,0001,0563,1403500010563,292,5.680172609017068
14,035,0001,0582,1403500010582,66,4.204692619390966
14,035,0001,0597,1403500010597,25,3.258096538021482
14,035,0001,060A,140350001060A,3,1.3862943611198906
14,035,0001,0614,1403500010614,8,2.1972245773362196
14,035,0001,0648,1403500010648,41,3.7376696182833684
14,035,0001,0652,1403500010652,12,2.5649493574615367
14,035,0001,0667,1403500010667,39,3.6888794541139363
14,035,0001,0671,1403500010671,8,2.1972245773362196
14,035,0001,0690,1403500010690,8,2.1972245773362196
14,035,0001,0703,1403500010703,6,1.9459101490553132
14,035,0001,0718,1403500010718,3,1.3862943611198906
14,035,0001,0722,1403500010722,528,6.270988431858299
14,035,0001,0737,1403500010737,204,5.3230099791384085
14,035,0001,0756,1403500010756,32,3.4965075614664802
14,035,0001,0775,1403500010775,17,2.8903717578961645
14,035,0001,078A,140350001078A,5,1.791759469228055
14,035,0001,0794,1403500010794,0,0.0
14,035,0001,0807,1403500010807,18,2.9444389791664403
14,035,0001,0811,1403500010811,1,0.6931471805599453
14,035,0017,0313,1403500170313,1841,7.518607216815252
14,035,0017,0328,1403500170328,1481,7.301147805856032
14,035,0017,0436,1403500170436,214,5.3706380281276624
14,035,0017,0440,1403500170440,8,2.1972245773362196
14,035,0017,0455,1403500170455,9,2.302585092994046
14,035,0017,046A,140350017046A,3,1.3862943611198906
14,035,0017,0629,1403500170629,3,1.3862943611198906
14,035,0017,0633,1403500170633,425,6.054439346269371
14,035,0017,0686,1403500170686,5,1.791759469228055
14,035,0017,0741,1403500170741,18,2.9444389791664403
14,035,0017,0760,1403500170760,221,5.402677381872279
14,035,0017,0826,1403500170826,6,1.9459101490553132
14,035,0017,0830,1403500170830,0,0.0
14,035,0017,0845,1403500170845,4,1.6094379124341003
14,035,0138,0544,1403501380544,1724,7.45298232946546
14,035,0138,0559,1403501380559,901,6.804614520062624
14,036,0001,0077,1403600010077,1672,7.422373700986824
14,036,0001,0096,1403600010096,1064,6.970730078143525
14,036,0001,0109,1403600010109,1388,7.236339342754344
14,036,0001,0147,1403600010147,2372,7.771910256435763
14,036,0001,0151,1403600010151,2370,7.771067086065406
14,036,0001,0166,1403600010166,328,5.796057750765372
14,036,0001,0170,1403600010170,1250,7.1316985104669115
14,036,0001,0185,1403600010185,960,6.8679744089702925
14,036,0001,019A,140360001019A,27,3.332204510175204
14,036,0001,0202,1403600010202,51,3.9512437185814275
14,036,0001,0217,1403600010217,86,4.465908118654584
14,036,0001,0221,1403600010221,3,1.3862943611198906
14,036,0001,0236,1403600010236,118,4.77912349311153
14,036,0001,0240,1403600010240,0,0.0
14,036,0001,0255,1403600010255,44,3.8066624897703196
14,036,0001,026A,140360001026A,4,1.6094379124341003
14,036,0001,0274,1403600010274,258,5.556828061699537
14,036,0001,0289,1403600010289,586,6.375024819828097
14,036,0001,0293,1403600010293,35,3.58351893845611
14,036,0001,0306,1403600010306,8,2.1972245773362196
14,036,0001,0310,1403600010310,873,6.773080375655535
14,036,0001,0325,1403600010325,9,2.302585092994046
14,036,0001,033A,140360001033A,1,0.6931471805599453
14,036,0001,0344,1403600010344,6,1.9459101490553132
14,037,0001,0055,1403700010055,2554,7.845807502637805
14,037,0001,006A,140370001006A,3026,8.01532730902172
14,037,0001,0074,1403700010074,3259,8.089482474360754
14,037,0001,0089,1403700010089,1736,7.459914766241105
14,037,0001,0093,1403700010093,1581,7.366445148327599
14,037,0001,0106,1403700010106,1017,6.925595197110468
14,037,0001,0110,1403700010110,2643,7.880048200971577
14,037,0001,0125,1403700010125,2331,7.754481547470383
14,037,0001,013A,140370001013A,358,5.883322388488279
14,037,0001,0144,1403700010144,8,2.1972245773362196
14,037,0001,0159,1403700010159,244,5.501258210544727
14,037,0001,0163,1403700010163,17,2.8903717578961645
14,037,0001,0178,1403700010178,0,0.0
14,037,0001,0182,1403700010182,0,0.0
14,037,0001,0197,1403700010197,960,6.8679744089702925
14,037,0001,020A,140370001020A,336,5.820082930352362
14,037,0001,0214,1403700010214,0,0.0
14,037,0001,0229,1403700010229,433,6.073044534100405
14,037,0001,0248,1403700010248,8,2.1972245773362196
14,037,0001,0252,1403700010252,7,2.0794415416798357
14,037,0001,0267,1403700010267,71,4.276666119016055
14,037,0001,0271,1403700010271,283,5.648974238161206
14,037,0001,0286,1403700010286,4,1.6094379124341003
14,037,0001,0290,1403700010290,44,3.8066624897703196
14,037,0001,0303,1403700010303,0,0.0
14,037,0001,0318,1403700010318,4,1.6094379124341003
14,038,0001,0103,1403800010103,822,6.71295620067707
14,038,0001,0118,1403800010118,866,6.7650389767805414
14,038,0001,0122,1403800010122,2,1.0986122886681098
14,038,0001,0137,1403800010137,50,3.9318256327243257
14,038,0001,0141,1403800010141,60,4.110873864173311
14,038,0001,0156,1403800010156,5,1.791759469228055
14,038,0001,0160,1403800010160,31,3.4657359027997265
14,038,0001,0175,1403800010175,0,0.0
14,038,0001,018A,140380001018A,0,0.0
14,038,0001,0194,1403800010194,11,2.4849066497880004
14,039,0001,0026,1403900010026,1145,7.044032897274685
14,039,0001,0030,1403900010030,3043,8.020927718981577
14,039,0001,005A,140390001005A,1823,7.508787170634276
14,039,0001,0064,1403900010064,3100,8.03947991910045
14,039,0001,0083,1403900010083,5580,8.627123250788433
14,039,0001,0115,1403900010115,3741,8.227375506834035
14,039,0001,0134,1403900010134,3360,8.119993827725105
14,039,0001,0149,1403900010149,3518,8.165932137321585
14,039,0001,0153,1403900010153,4227,8.349484346990128
14,039,0001,0191,1403900010191,2899,7.9724660159745655
14,039,0001,0204,1403900010204,2945,7.988203597022576
14,039,0001,0223,1403900010223,3202,8.071843149609158
14,039,0001,0238,1403900010238,5440,8.601718146485926
14,039,0001,0261,1403900010261,5640,8.637816633739977
14,039,0001,0276,1403900010276,7901,8.974871170971337
14,039,0001,0280,1403900010280,2411,7.788211557847076
14,039,0001,0295,1403900010295,2892,7.970049304976135
14,039,0001,0308,1403900010308,640,6.46302945692067
14,039,0001,0312,1403900010312,2479,7.8160138391590275
14,039,0001,0327,1403900010327,1478,7.2991214627108
14,039,0001,0346,1403900010346,3713,8.219864741912652
14,039,0001,0350,1403900010350,4211,8.345692873253865
14,039,0001,0365,1403900010365,2629,7.874739125171811
14,039,0001,037A,140390001037A,2176,7.685703061234547
14,039,0001,0384,1403900010384,2589,7.859413154693583
14,039,0001,0399,1403900010399,3924,8.275121630216509
14,039,0001,0401,1403900010401,2306,7.7437032581737535
14,039,0001,0416,1403900010416,1972,7.587310506022615
14,039,0001,0435,1403900010435,8376,9.033245134153809
14,039,0001,044A,140390001044A,8044,8.992806059426483
14,039,0001,0454,1403900010454,7912,8.976262255609193
14,039,0001,0469,1403900010469,6671,8.805674944038582
14,039,0001,0473,1403900010473,6426,8.768263145371286
14,039,0001,0492,1403900010492,6261,8.742254901886351
14,039,0001,0505,1403900010505,6724,8.81358720447004
14,039,0001,051A,140390001051A,8162,9.007367027451355
14,039,0001,0524,1403900010524,6044,8.706986763048892
14,039,0001,0539,1403900010539,4575,8.428580533059634
14,039,0001,0543,1403900010543,4492,8.41027590907016
14,039,0001,0562,1403900010562,2159,7.67786350067821
14,039,0001,0577,1403900010577,1702,7.440146680662688
14,039,0001,0596,1403900010596,1936,7.5688956634069955
14,039,0001,0609,1403900010609,1910,7.555381944240273
14,039,0001,0613,1403900010613,1719,7.450079569807499
14,039,0001,0632,1403900010632,3775,8.236420527265391
14,039,0001,0647,1403900010647,3284,8.09712193091871
14,039,0001,0651,1403900010651,4752,8.46653127661401
14,039,0001,0666,1403900010666,5870,8.677780256064185
14,039,0001,0670,1403900010670,616,6.424869023905388
14,039,0001,0685,1403900010685,2037,7.61972421378267
14,039,0001,069A,140390001069A,2086,7.643482907077201
14,039,0001,0702,1403900010702,2119,7.659171367666058
14,039,0001,0717,1403900010717,3076,8.031710375322042
14,039,0001,0721,1403900010721,3118,8.045267716607803
14,039,0001,0736,1403900010736,2437,7.798933310041217
14,039,0001,0740,1403900010740,2752,7.920446505142607
14,039,0001,0755,1403900010755,3888,8.265907334155747
14,039,0001,0774,1403900010774,3489,8.157657015196472
14,039,0001,0789,1403900010789,5293,8.574329382787047
14,039,0001,0793,1403900010793,6296,8.747828608488742
14,039,0001,0806,1403900010806,5846,8.67368398817567
14,039,0001,0810,1403900010810,5673,8.643649615368796
14,039,0001,0825,1403900010825,4192,8.341171747170762
14,039,0001,083A,140390001083A,5893,8.68169016329764
14,039,0001,0844,1403900010844,3369,8.122668023346407
14,039,0001,0859,1403900010859,4898,8.496786381638575
14,039,0001,0863,1403900010863,5070,8.531293315795018
14,039,0001,0878,1403900010878,4045,8.305484017727691
14,039,0001,0882,1403900010882,5225,8.561401446080557
14,039,0001,0897,1403900010897,7696,8.948585921534317
14,039,0001,090A,140390001090A,6966,8.848939995030118
14,039,0001,0929,1403900010929,2671,7.890582534656536
14,039,0001,0933,1403900010933,2377,7.774015077250727
14,039,0001,0948,1403900010948,1081,6.9865664594064265
14,039,0001,0952,1403900010952,3468,8.15162164696975
14,039,0001,0967,1403900010967,3760,8.232440158470336
14,039,0001,0971,1403900010971,2594,7.861341795599989
14,039,0001,0986,1403900010986,2268,7.727094484779841
14,039,0001,0990,1403900010990,2271,7.7284157798410416
14,039,0001,1005,1403900011005,1444,7.275864600546533
14,039,0001,101A,140390001101A,1364,7.21890970761906
14,039,0001,1024,1403900011024,2432,7.796880342783522
14,039,0001,1039,1403900011039,3030,8.016647877057803
14,039,0001,1043,1403900011043,2105,7.652545692693921
14,039,0001,1062,1403900011062,1204,7.094234845924755
14,039,0001,1077,1403900011077,920,6.825460036255307
14,039,0001,1081,1403900011081,3005,8.00836557031292
14,039,0001,1096,1403900011096,2120,7.659642954564682
14,039,0001,1109,1403900011109,2332,7.75491027202143
14,039,0001,1113,1403900011113,1833,7.51425465281641
14,039,0001,1128,1403900011128,1704,7.4413203897176174
14,039,0001,1132,1403900011132,1684,7.429520842786462
14,039,0001,1147,1403900011147,3222,8.078067881815437
14,039,0001,1151,1403900011151,2303,7.742402021815782
14,039,0001,1166,1403900011166,3017,8.012349639327795
14,039,0001,1170,1403900011170,5071,8.531490496117062
14,039,0001,1185,1403900011185,5921,8.686429508661536
14,039,0001,119A,140390001119A,2248,7.718240951959316
14,039,0001,1202,1403900011202,2209,7.700747794511798
14,039,0001,1217,1403900011217,6102,8.716535732544495
14,039,0001,1221,1403900011221,3389,8.128585200374497
14,039,0001,1236,1403900011236,4337,8.37516869138682
14,039,0001,1274,1403900011274,1939,7.570443252057374
14,039,0001,1289,1403900011289,1327,7.191429330036379
14,039,0001,1293,1403900011293,989,6.897704943128636
14,039,0001,1306,1403900011306,699,6.551080335043404
14,039,0001,1310,1403900011310,826,6.717804695023691
14,039,0001,1325,1403900011325,2460,7.8083230503910555
14,039,0001,133A,140390001133A,1464,7.289610521451167
14,039,0001,1344,1403900011344,1389,7.237059026124737
14,039,0001,1359,1403900011359,787,6.669498089857879
14,039,0001,1363,1403900011363,1650,7.409136443920128
14,039,0001,1378,1403900011378,2196,7.69484807238461
14,039,0001,1382,1403900011382,2865,7.960672608388117
14,039,0001,1397,1403900011397,6093,8.715059959545654
14,039,0001,140A,140390001140A,4949,8.507142855562735
14,039,0001,1414,1403900011414,4775,8.471358655072438
14,039,0001,1429,1403900011429,2158,7.677400430514807
14,039,0001,1433,1403900011433,5576,8.626406276389554
14,039,0001,1448,1403900011448,3092,8.03689677268507
14,039,0001,1452,1403900011452,4605,8.43511508038063
14,039,0001,1467,1403900011467,4962,8.50976567558744
14,039,0001,1471,1403900011471,4638,8.442254104751743
14,039,0001,1490,1403900011490,6511,8.781401907682376
14,039,0001,1518,1403900011518,2805,7.939515260662406
14,039,0001,1537,1403900011537,8371,9.03264808356589
14,039,0001,1556,1403900011556,1993,7.597897950521784
14,039,0001,1560,1403900011560,924,6.829793737512425
14,039,0001,1575,1403900011575,793,6.677083461247136
14,039,0001,158A,140390001158A,235,5.4638318050256105
14,039,0001,1594,1403900011594,275,5.62040086571715
14,039,0001,1607,1403900011607,619,6.429719478039138
14,039,0001,1626,1403900011626,491,6.198478716492308
14,039,0001,1630,1403900011630,593,6.386879319362645
14,039,0001,1645,1403900011645,2541,7.8407064517494
14,039,0001,165A,140390001165A,6638,8.80071662871916
14,039,0001,1664,1403900011664,2567,7.850882664809852
14,039,0001,1679,1403900011679,2261,7.724004656676065
14,039,0001,1683,1403900011683,3434,8.14177220465645
14,039,0001,1698,1403900011698,3197,8.0702808933939
14,039,0001,1700,1403900011700,4788,8.47407690034261
14,039,0001,1715,1403900011715,5141,8.545197387825835
14,039,0001,172A,140390001172A,5348,8.58466490653125
14,039,0001,1734,1403900011734,5484,8.609772372709331
14,039,0001,1753,1403900011753,2625,7.873217054862741
14,039,0001,1768,1403900011768,2675,7.892078421248119
14,039,0001,1787,1403900011787,761,6.635946555686647
14,039,0001,1791,1403900011791,428,6.061456918928017
14,039,0001,1804,1403900011804,400,5.993961427306569
14,039,0001,1819,1403900011819,554,6.318968113746434
14,039,0001,1823,1403900011823,702,6.555356891810665
14,039,0001,1838,1403900011838,670,6.508769136971682
14,039,0001,1842,1403900011842,1259,7.138866999945524
14,039,0001,1857,1403900011857,3351,8.117312461601975
14,039,0001,1861,1403900011861,1181,7.074963197966044
14,039,0001,1876,1403900011876,1176,7.0707241072602764
14,039,0001,1880,1403900011880,2193,7.693481640835175
14,039,0001,1895,1403900011895,2224,7.707512194600341
14,039,0001,1908,1403900011908,3741,8.227375506834035
14,039,0001,1912,1403900011912,3079,8.03268487596762
14,039,0001,1927,1403900011927,2808,7.940583827104244
14,039,0001,1931,1403900011931,1699,7.438383530044307
14,039,0001,1946,1403900011946,2990,8.003363058629947
14,039,0001,1950,1403900011950,2561,7.848543482456679
14,039,0001,1965,1403900011965,3153,8.056426767522984
14,039,0001,197A,140390001197A,3098,8.038834757787749
14,039,0001,1984,1403900011984,2489,7.820037989458753
14,039,0001,1999,1403900011999,1980,7.591357046698551
14,039,0001,2003,1403900012003,2552,7.845024417241484
14,039,0001,2018,1403900012018,2238,7.713784616598755
14,039,0001,2022,1403900012022,4500,8.412054873292933
14,039,0001,2037,1403900012037,3002,8.00736706798333
14,039,0001,2041,1403900012041,1840,7.518064181233078
14,039,0001,2056,1403900012056,3434,8.14177220465645
14,039,0001,2107,1403900012107,598,6.395261598115449
14,039,0001,2111,1403900012111,2399,7.783224016336037
14,039,0001,2126,1403900012126,1437,7.271008538280992
14,039,0001,2130,1403900012130,615,6.423246963533519
14,039,0001,2145,1403900012145,1639,7.402451520818244
14,039,0001,215A,140390001215A,922,6.827629234502852
14,039,0001,2164,1403900012164,932,6.838405200847344
14,039,0001,2179,1403900012179,897,6.8001700683022
14,039,0001,2183,1403900012183,177,5.181783550292085
14,039,0001,2200,1403900012200,1417,7.257002707092073
14,039,0001,2215,1403900012215,2623,7.8724551500639794
14,039,0001,2249,1403900012249,3632,8.197814032221203
14,039,0001,2253,1403900012253,3818,8.247743887225516
14,039,0001,2268,1403900012268,4569,8.42726848388825
14,039,0001,2272,1403900012272,2580,7.855932199718614
14,039,0001,2287,1403900012287,3252,8.087332926473351
14,039,0001,2291,1403900012291,3821,8.248529124800218
14,039,0001,2304,1403900012304,4663,8.447628728030327
14,039,0001,2319,1403900012319,4855,8.487970332739334
14,039,0001,2342,1403900012342,2255,7.721348612617949
14,039,0001,2357,1403900012357,3012,8.0106915391303
14,039,0001,2361,1403900012361,1771,7.4798641311650265
14,039,0001,2376,1403900012376,1753,7.469654172932128
14,039,0001,2380,1403900012380,1612,7.385851078125209
14,039,0001,2395,1403900012395,2246,7.717351272185329
14,039,0001,2408,1403900012408,2213,7.7025561132685825
14,039,0001,2427,1403900012427,1797,7.494430215031565
14,039,0001,2431,1403900012431,1257,7.1372784372603855
14,039,0001,2446,1403900012446,2189,7.691656822810547
14,039,0001,2501,1403900012501,3555,8.176391596633795
14,039,0001,2516,1403900012516,2042,7.622174594817622
14,039,0001,2520,1403900012520,1775,7.4821189235521155
14,039,0001,2535,1403900012535,4295,8.3654396361887
14,039,0001,254A,140390001254A,6128,8.720786883485731
14,039,0001,2554,1403900012554,17,2.8903717578961645
14,039,0001,2569,1403900012569,3204,8.07246736935477
14,039,0001,2573,1403900012573,5,1.791759469228055
14,039,0001,2588,1403900012588,4142,8.329175442077402
14,039,0001,2592,1403900012592,4567,8.426830751335846
14,039,0001,2605,1403900012605,574,6.354370040797351
14,039,0001,261A,140390001261A,2454,7.805882040228621
14,039,0001,2624,1403900012624,4519,8.416267272826277
14,039,0001,2639,1403900012639,5569,8.62515033292133
14,039,0001,2662,1403900012662,2197,7.6953031349635665
14,039,0001,2677,1403900012677,1905,7.552762084214147
14,039,0001,2681,1403900012681,4617,8.43771698991444
14,039,0001,2696,1403900012696,7212,8.883640232503673
14,039,0001,2709,1403900012709,6487,8.77770959579525
14,039,0001,2713,1403900012713,3895,8.267705664762426
14,039,0001,2728,1403900012728,3989,8.29154650988391
14,039,0001,2785,1403900012785,5928,8.687610843707368
14,039,0001,279A,140390001279A,5457,8.604837701268284
14,039,0001,2802,1403900012802,9805,9.190749722211178
14,039,0001,286A,140390001286A,2778,7.929846429742503
14,039,0001,3001,1403900013001,2059,7.630461261783627
14,039,0001,3016,1403900013016,5725,8.65277248565806
14,039,0001,3020,1403900013020,4208,8.344980368770571
14,039,0001,3088,1403900013088,5996,8.69901462316851
14,039,0001,3143,1403900013143,2925,7.98139158158007
14,039,0001,3177,1403900013177,8229,9.015541293671115
14,039,0001,3209,1403900013209,5683,8.64541048921699
14,039,0001,3317,1403900013317,3446,8.145259566516865
14,039,0001,3321,1403900013321,1041,6.948897222313312
14,039,0001,3336,1403900013336,6942,8.845489236753274
14,039,0001,3340,1403900013340,8199,9.011889433252344
14,039,0001,3374,1403900013374,6731,8.814627555310697
14,039,0001,3406,1403900013406,4748,8.465689348549121
14,039,0001,3482,1403900013482,4219,8.347590407030058
14,039,0001,350A,140390001350A,3075,8.031385330625534
14,039,0001,3514,1403900013514,3288,8.098338846189057
14,039,0001,3529,1403900013529,3446,8.145259566516865
14,039,0001,3533,1403900013533,2152,7.674617497364363
14,039,0001,3548,1403900013548,1439,7.272398392570047
14,039,0001,3552,1403900013552,1881,7.540090320145325
14,039,0001,3567,1403900013567,3091,8.036573409707312
14,039,0001,3586,1403900013586,4866,8.490233009833455
14,039,0001,3590,1403900013590,3406,8.133587417660966
14,039,0001,3603,1403900013603,4657,8.446341450444287
14,039,0001,3618,1403900013618,3032,8.017307507688582
14,039,0001,3637,1403900013637,941,6.848005274576363
14,039,0001,3641,1403900013641,984,6.892641641172089
14,039,0001,3656,1403900013656,3543,8.173011311724972
14,039,0001,3660,1403900013660,6317,8.75115798136203
14,039,0001,368A,140390001368A,2151,7.674152921281675
14,039,0001,3694,1403900013694,1624,7.393263094763838
14,039,0001,3707,1403900013707,3521,8.166784289056151
14,039,0001,3711,1403900013711,3075,8.031385330625534
14,039,0001,3726,1403900013726,2785,7.932362154339751
14,039,0001,3730,1403900013730,1411,7.252762418053187
14,039,0001,3745,1403900013745,3625,8.195885391314796
14,039,0001,3764,1403900013764,2602,7.864419904994565
14,039,0001,3783,1403900013783,5463,8.605936401250625
14,039,0001,3798,1403900013798,6462,8.773848885262895
14,039,0001,3800,1403900013800,6352,8.756682421266532
14,039,0001,3815,1403900013815,6625,8.798756582859841
14,039,0001,382A,140390001382A,4569,8.42726848388825
14,039,0001,3834,1403900013834,3362,8.12058871174027
14,039,0001,3849,1403900013849,1844,7.520234556474628
14,039,0001,3853,1403900013853,2004,7.60339933974067
14,039,0001,3868,1403900013868,4414,8.392763113038061
14,039,0001,3872,1403900013872,6981,8.851090687664982
14,039,0001,3891,1403900013891,3893,8.267192185932146
14,039,0001,3904,1403900013904,3677,8.210124405164267
14,039,0001,3919,1403900013919,3670,8.208219383496834
14,039,0001,3923,1403900013923,4573,8.428143374582726
14,039,0001,3938,1403900013938,2760,7.923348211930154
14,039,0001,3942,1403900013942,3527,8.168486417126681
14,039,0001,3957,1403900013957,1478,7.2991214627108
14,039,0001,3961,1403900013961,2770,7.9269635448629785
14,039,0001,3976,1403900013976,2199,7.696212639346407
14,039,0001,3980,1403900013980,1491,7.307872780763706
14,039,0001,3995,1403900013995,4715,8.458716261657262
14,039,0001,400A,140390001400A,3167,8.060855752934316
14,039,0001,4014,1403900014014,4231,8.350429973538136
14,039,0001,4029,1403900014029,3534,8.170468578330674
14,039,0001,4033,1403900014033,2221,7.706162970199576
14,039,0001,4048,1403900014048,6637,8.80056599227992
14,039,0001,4052,1403900014052,5662,8.641709066113805
14,039,0001,4067,1403900014067,2704,7.902857191280582
14,039,0001,4071,1403900014071,2393,7.780720886117918
14,039,0001,4086,1403900014086,2741,7.91644286012226
14,039,0001,4090,1403900014090,2923,7.980707820869669
14,039,0001,4103,1403900014103,3734,8.225503097566918
14,039,0001,4118,1403900014118,4107,8.32069157104845
14,039,0001,4122,1403900014122,3713,8.219864741912652
14,039,0001,4141,1403900014141,1407,7.249925536717988
14,039,0001,4156,1403900014156,2153,7.675081857716334
14,039,0001,4160,1403900014160,2716,7.907283609426348
14,039,0001,4175,1403900014175,5288,8.57338447106598
14,039,0001,418A,140390001418A,3952,8.282230063296685
14,039,0001,4194,1403900014194,4213,8.346167594364134
14,039,0001,4207,1403900014207,5082,8.533656917446903
14,039,0001,4211,1403900014211,5071,8.531490496117062
14,039,0001,4226,1403900014226,5085,8.534246945982066
14,039,0001,4230,1403900014230,4505,8.41316512099219
14,039,0001,4245,1403900014245,5021,8.52158353971753
14,039,0001,425A,140390001425A,5742,8.655737000864297
14,039,0001,4264,1403900014264,3154,8.056743774975313
14,039,0001,4279,1403900014279,4163,8.33423142973486
14,039,0001,4283,1403900014283,6138,8.722417141427496
14,039,0001,4298,1403900014298,7330,8.899867211223587
14,039,0001,4300,1403900014300,5332,8.581669210600602
14,039,0001,4349,1403900014349,2263,7.724888439323074
14,039,0001,4353,1403900014353,3686,8.212568398234145
14,039,0001,4368,1403900014368,3266,8.09162741160107
14,039,0001,4387,1403900014387,4434,8.39728289474368
14,039,0001,4391,1403900014391,4287,8.363575702750637
14,039,0001,4404,1403900014404,4403,8.390268497842571
14,039,0001,4423,1403900014423,4408,8.391403185357937
14,039,0001,4438,1403900014438,4755,8.467162257810672
14,039,0001,4442,1403900014442,4288,8.36380888451688
14,039,0001,4457,1403900014457,1993,7.597897950521784
14,039,0001,4461,1403900014461,2949,7.989560449333865
14,039,0001,4476,1403900014476,8038,8.99205997632796
14,039,0001,4480,1403900014480,5587,8.628376720376853
14,039,0001,4495,1403900014495,4485,8.408716715080153
14,039,0001,4508,1403900014508,2683,7.895063498091573
14,039,0001,4512,1403900014512,5320,8.579416534596369
14,039,0001,4527,1403900014527,3647,8.201934351194222
14,039,0001,4531,1403900014531,207,5.337538079701318
14,039,0001,4546,1403900014546,357,5.8805329864007
14,039,0001,4550,1403900014550,1069,6.975413927455952
14,039,0001,4565,1403900014565,1,0.6931471805599453
14,039,0001,457A,140390001457A,898,6.80128303447162
14,039,0001,4584,1403900014584,2654,7.884199933676039
14,039,0001,4599,1403900014599,3729,8.224163512637862
14,039,0001,4601,1403900014601,4018,8.2987883944492
14,039,0001,4616,1403900014616,4291,8.36450810375059
14,039,0001,4620,1403900014620,3051,8.023552392404348
14,039,0001,4635,1403900014635,2959,7.992944547318106
14,039,0001,464A,140390001464A,4986,8.514589805546123
14,039,0001,4654,1403900014654,5198,8.556221578383715
14,039,0001,4669,1403900014669,2673,7.891330757661889
14,039,0001,4673,1403900014673,4498,8.411610428841172
14,039,0001,4705,1403900014705,2291,7.73718007783463
14,039,0001,471A,140390001471A,3435,8.142063283104147
14,039,0001,4724,1403900014724,3360,8.119993827725105
14,039,0001,4743,1403900014743,3478,8.154500175151941
14,039,0001,4762,1403900014762,2513,7.829630389150193
14,039,0001,4777,1403900014777,2798,7.937017489515454
14,039,0001,4781,1403900014781,3023,8.014335737299424
14,039,0001,4796,1403900014796,3322,8.108623268354595
14,039,0001,4809,1403900014809,5007,8.518791912779934
14,039,0001,4813,1403900014813,3734,8.225503097566918
14,039,0001,4828,1403900014828,5625,8.635153989049803
14,039,0001,4832,1403900014832,3582,8.183955717304954
14,039,0001,4847,1403900014847,4826,8.481980435660493
14,039,0001,4851,1403900014851,3478,8.154500175151941
14,039,0001,4866,1403900014866,2153,7.675081857716334
14,039,0001,4870,1403900014870,1672,7.422373700986824
14,039,0001,4885,1403900014885,3180,8.064950891749143
14,039,0001,489A,140390001489A,3235,8.082093278178382
14,039,0001,4902,1403900014902,1859,7.528331766707247
14,039,0001,4917,1403900014917,1821,7.507690077819904
14,039,0001,4921,1403900014921,3005,8.00836557031292
14,039,0001,4936,1403900014936,2608,7.866722285136729
14,039,0001,4940,1403900014940,930,6.836259277277067
14,039,0001,4955,1403900014955,2753,7.9208096792886
14,039,0001,496A,140390001496A,3294,8.100161446936607
14,039,0001,4974,1403900014974,2169,7.682482446534506
14,039,0001,4989,1403900014989,3128,8.048468743668883
14,039,0001,4993,1403900014993,3330,8.11102783819368
14,039,0001,5008,1403900015008,4787,8.473868066677865
14,039,0001,5012,1403900015012,6962,8.848365694942547
14,039,0001,5027,1403900015027,4012,8.297294370266917
14,039,0001,5031,1403900015031,3641,8.200288260287554
14,039,0001,5046,1403900015046,4549,8.422882511944996
14,039,0001,5050,1403900015050,2772,7.927685045615778
14,039,0001,5065,1403900015065,5311,8.57772369115627
14,039,0001,507A,140390001507A,4154,8.332067707289548
14,039,0001,5084,1403900015084,4382,8.38548870041881
14,039,0001,5099,1403900015099,2879,7.965545573129992
14,039,0001,5101,1403900015101,4336,8.374938143835367
14,039,0001,5116,1403900015116,4491,8.410053315858335
14,039,0001,5120,1403900015120,3935,8.277920258172143
14,039,0001,5135,1403900015135,3679,8.210668031162976
14,039,0001,514A,140390001514A,4829,8.482601746646619
14,039,0001,5154,1403900015154,3131,8.049427057110695
14,039,0001,5169,1403900015169,2618,7.870547844507712
14,039,0001,5173,1403900015173,3811,8.245909264774093
14,039,0001,5188,1403900015188,4196,8.34212526333359
14,039,0001,5192,1403900015192,3756,8.231376045573969
14,039,0001,5205,1403900015205,4675,8.450198322591959
14,039,0001,521A,140390001521A,3914,8.272570608424903
14,039,0001,5224,1403900015224,6480,8.776630098427717
14,039,0001,5243,1403900015243,3952,8.282230063296685
14,039,0001,5258,1403900015258,3929,8.276394704863307
14,039,0001,5262,1403900015262,5182,8.553139318189707
14,039,0001,5277,1403900015277,5584,8.6278397115033
14,039,0001,5281,1403900015281,3578,8.182838710766026
14,039,0001,5296,1403900015296,3355,8.118505067587098
14,039,0001,5309,1403900015309,1030,6.93828448401696
14,039,0001,5313,1403900015313,2213,7.7025561132685825
14,039,0001,5328,1403900015328,1172,7.067319848653476
14,039,0001,5332,1403900015332,1747,7.466227556215481
14,039,0001,5347,1403900015347,3426,8.139440521874608
14,039,0001,5351,1403900015351,1359,7.215239978730097
14,039,0001,5366,1403900015366,145,4.983606621708336
14,039,0001,5370,1403900015370,1830,7.5126175446745105
14,039,0001,5385,1403900015385,4921,8.501470230951002
14,039,0001,539A,140390001539A,4211,8.345692873253865
14,039,0001,5402,1403900015402,2722,7.909489492673759
14,039,0001,5417,1403900015417,4271,8.35983738064003
14,039,0001,5421,1403900015421,4123,8.32457884513685
14,039,0001,5436,1403900015436,4232,8.350666240520924
14,039,0001,5440,1403900015440,4302,8.3670677328386
14,039,0001,546A,140390001546A,2757,7.922261058353247
14,039,0001,5474,1403900015474,3602,8.189522110748094
14,039,0001,5489,1403900015489,1117,7.0192966537150445
14,039,0001,5493,1403900015493,3989,8.29154650988391
14,039,0001,5506,1403900015506,4569,8.42726848388825
14,039,0001,5510,1403900015510,2985,8.001689978099135
14,039,0001,5525,1403900015525,4764,8.469052816088302
14,039,0001,553A,140390001553A,4018,8.2987883944492
14,039,0001,5544,1403900015544,2869,7.962067308753666
14,039,0001,5559,1403900015559,2569,7.851661177889265
14,039,0001,5563,1403900015563,3615,8.193123721512068
14,039,0001,5578,1403900015578,5020,8.521384396034705
14,039,0001,5582,1403900015582,4,1.6094379124341003
14,039,0001,5597,1403900015597,2965,7.994969522697877
14,039,0001,560A,140390001560A,2095,7.647786045440933
14,039,0001,5614,1403900015614,2693,7.898782356970309
14,039,0001,5629,1403900015629,4457,8.402455513945814
14,039,0001,5633,1403900015633,19,2.995732273553991
14,039,0001,5648,1403900015648,2071,7.6362696033793735
14,039,0001,5652,1403900015652,2599,7.8632667240095735
14,039,0001,5667,1403900015667,4103,8.319717386850606
14,039,0001,5671,1403900015671,3795,8.241703159729818
14,040,0001,0101,1404000010101,422,6.0473721790462776
14,040,0001,0116,1404000010116,256,5.54907608489522
14,040,0001,0120,1404000010120,297,5.697093486505405
14,040,0001,0135,1404000010135,1386,7.234898420314831
14,040,0001,0154,1404000010154,21,3.091042453358316
14,040,0001,0169,1404000010169,526,6.267200548541362
14,040,0001,0173,1404000010173,845,6.740519359606223
14,040,0001,0192,1404000010192,2,1.0986122886681098
14,040,0001,0205,1404000010205,7,2.0794415416798357
14,041,0001,0062,1404100010062,1286,7.160069207596127
14,041,0001,0077,1404100010077,1760,7.473637108496206
14,041,0001,0081,1404100010081,204,5.3230099791384085
14,041,0001,0096,1404100010096,105,4.663439094112067
14,041,0001,0109,1404100010109,1,0.6931471805599453
14,041,0001,0113,1404100010113,31,3.4657359027997265
14,041,0001,0128,1404100010128,0,0.0
14,041,0001,0132,1404100010132,3,1.3862943611198906
14,041,0001,0147,1404100010147,4,1.6094379124341003
14,041,0001,0151,1404100010151,19,2.995732273553991
14,041,0001,0166,1404100010166,229,5.438079308923196
14,041,0001,0170,1404100010170,5,1.791759469228055
14,042,0001,0125,1404200010125,245,5.5053315359323625
14,042,0001,013A,140420001013A,677,6.519147287940395
14,042,0001,0144,1404200010144,468,6.150602768446279
14,042,0001,0159,1404200010159,1659,7.414572881350589
14,042,0001,0163,1404200010163,1578,7.364547014255642
14,042,0001,0178,1404200010178,98,4.59511985013459
14,042,0001,0182,1404200010182,10,2.3978952727983707
14,042,0001,0197,1404200010197,27,3.332204510175204
14,042,0001,020A,140420001020A,3,1.3862943611198906
14,042,0001,0214,1404200010214,7,2.0794415416798357
14,042,0001,0229,1404200010229,39,3.6888794541139363
14,043,0001,0226,1404300010226,1972,7.587310506022615
14,043,0001,0230,1404300010230,1751,7.468513271496337
14,043,0001,0245,1404300010245,1478,7.2991214627108
14,043,0001,025A,140430001025A,120,4.795790545596741
14,043,0001,0264,1404300010264,895,6.79794041297493
14,043,0001,0279,1404300010279,360,5.8888779583328805
14,043,0001,0283,1404300010283,1057,6.964135612418245
14,043,0001,0298,1404300010298,121,4.804021044733257
14,043,0001,0315,1404300010315,8,2.1972245773362196
14,043,0001,032A,140430001032A,0,0.0
14,043,0001,0349,1404300010349,67,4.219507705176107
14,043,0001,0353,1404300010353,21,3.091042453358316
14,043,0001,0368,1404300010368,8,2.1972245773362196
14,043,0001,0372,1404300010372,0,0.0
14,043,0001,0387,1404300010387,28,3.367295829986474
14,043,0001,0391,1404300010391,5,1.791759469228055
14,044,0001,0064,1404400010064,251,5.529429087511423
14,044,0001,0079,1404400010079,128,4.859812404361672
14,044,0001,0083,1404400010083,514,6.244166900663736
14,044,0001,0098,1404400010098,3253,8.087640287778983
14,044,0001,0100,1404400010100,1991,7.596894438144544
14,044,0002,005A,140440002005A,277,5.627621113690637
14,044,0002,0115,1404400020115,2161,7.6787889981991535
14,044,0002,012A,140440002012A,2684,7.895436006942965
14,044,0002,0134,1404400020134,958,6.8658910748834385
14,044,0002,0149,1404400020149,16,2.833213344056216
14,044,0002,0153,1404400020153,39,3.6888794541139363
14,044,0002,0168,1404400020168,34,3.5553480614894135
14,044,0002,0172,1404400020172,104,4.653960350157523
14,044,0002,0187,1404400020187,225,5.420534999272286
14,044,0005,0257,1404400050257,1287,7.160845906664299
14,044,0005,0261,1404400050261,1967,7.584773077612199
14,044,0005,0276,1404400050276,241,5.488937726156687
14,044,0010,0223,1404400100223,3217,8.076515327552329
14,044,0010,0238,1404400100238,2112,7.655864017616056
14,044,0010,0242,1404400100242,2318,7.7488913372555315
14,044,0016,0191,1404400160191,1154,7.051855622955894
14,044,0016,0204,1404400160204,944,6.851184927493743
14,045,0001,0108,1404500010108,1036,6.9440872082295275
14,045,0001,0112,1404500010112,2148,7.67275789664251
14,045,0001,0127,1404500010127,825,6.716594773520978
14,045,0001,0131,1404500010131,347,5.8522024797744745
14,045,0001,0146,1404500010146,743,6.612041034833092
14,045,0001,0150,1404500010150,946,6.853299093186078
14,045,0001,0165,1404500010165,115,4.7535901911063645
14,045,0001,017A,140450001017A,37,3.6375861597263857
14,045,0001,0184,1404500010184,1,0.6931471805599453
14,046,0001,0139,1404600010139,2424,7.793586803371584
14,046,0001,0143,1404600010143,2486,7.818832443803404
14,046,0001,0158,1404600010158,2028,7.615298339825815
14,046,0001,0162,1404600010162,1982,7.592366128519796
14,046,0001,0181,1404600010181,922,6.827629234502852
14,046,0001,0196,1404600010196,781,6.661854740545311
14,046,0001,0209,1404600010209,966,6.874198495453294
14,046,0001,0213,1404600010213,2101,7.650644551436897
14,046,0001,0228,1404600010228,1742,7.463363045520021
14,046,0001,0232,1404600010232,1295,7.16703787691222
14,046,0001,0247,1404600010247,1388,7.236339342754344
14,046,0001,0251,1404600010251,1283,7.157735484249907
14,046,0001,0266,1404600010266,1506,7.317876198626496
14,046,0001,0270,1404600010270,3,1.3862943611198906
14,046,0001,0285,1404600010285,337,5.823045895483019
14,046,0001,029A,140460001029A,0,0.0
14,046,0001,0302,1404600010302,23,3.1780538303479458
14,046,0001,0317,1404600010317,190,5.25227342804663
14,046,0001,0321,1404600010321,14,2.70805020110221
14,046,0001,0336,1404600010336,7,2.0794415416798357
14,046,0001,0340,1404600010340,62,4.143134726391533
14,046,0001,0355,1404600010355,4,1.6094379124341003
14,046,0001,036A,140460001036A,20,3.044522437723423
14,046,0001,0374,1404600010374,25,3.258096538021482
14,046,0001,0389,1404600010389,1097,7.001245622069476
14,046,0001,0393,1404600010393,1436,7.270312886079025
14,046,0001,0406,1404600010406,20,3.044522437723423
14,046,0001,0410,1404600010410,0,0.0
14,046,0001,0425,1404600010425,0,0.0
14,046,0001,043A,140460001043A,0,0.0
14,046,0001,0444,1404600010444,9,2.302585092994046
14,046,0001,0459,1404600010459,8,2.1972245773362196
14,046,0001,0463,1404600010463,0,0.0
14,046,0001,0478,1404600010478,0,0.0
14,046,0001,0482,1404600010482,8,2.1972245773362196
14,046,0001,0497,1404600010497,0,0.0
14,046,0001,050A,140460001050A,26,3.295836866004329
14,046,0001,0514,1404600010514,27,3.332204510175204
14,046,0001,0529,1404600010529,2,1.0986122886681098
14,046,0001,0533,1404600010533,0,0.0
14,046,0001,0548,1404600010548,201,5.308267697401205
14,046,0001,0552,1404600010552,0,0.0
14,047,0001,0066,1404700010066,2710,7.905072849498666
14,047,0001,0070,1404700010070,3001,8.007034012193408
14,047,0001,0085,1404700010085,3489,8.157657015196472
14,047,0001,009A,140470001009A,876,6.776506992372183
14,047,0001,0102,1404700010102,640,6.46302945692067
14,047,0001,0117,1404700010117,2067,7.63433723562832
14,047,0001,0121,1404700010121,53,3.9889840465642745
14,047,0001,0136,1404700010136,65,4.189654742026425
14,047,0001,0140,1404700010140,0,0.0
14,047,0001,0155,1404700010155,0,0.0
14,047,0001,016A,140470001016A,0,0.0
14,047,0001,0174,1404700010174,6,1.9459101490553132
14,047,0001,0189,1404700010189,122,4.812184355372417
14,047,0001,0193,1404700010193,74,4.31748811353631
14,047,0001,0206,1404700010206,2564,7.84971375760487
14,047,0001,0210,1404700010210,1529,7.333023014386481
14,047,0001,0225,1404700010225,8,2.1972245773362196
14,047,0005,023A,140470005023A,1776,7.482681828154651
14,047,0005,0244,1404700050244,978,6.88653164253051
14,048,0001,0082,1404800010082,1148,7.046647277848756
14,048,0001,0097,1404800010097,1056,6.963189985870238
14,048,0001,010A,140480001010A,1702,7.440146680662688
14,048,0001,0114,1404800010114,2474,7.813995675002791
14,048,0001,0129,1404800010129,564,6.336825731146441
14,048,0001,0133,1404800010133,74,4.31748811353631
14,048,0001,0148,1404800010148,70,4.2626798770413155
14,048,0001,0152,1404800010152,44,3.8066624897703196
14,048,0001,0167,1404800010167,20,3.044522437723423
14,048,0001,0171,1404800010171,221,5.402677381872279
14,048,0001,0186,1404800010186,11,2.4849066497880004
14,048,0001,0190,1404800010190,362,5.8944028342648505
14,048,0001,0203,1404800010203,183,5.214935757608986
14,048,0001,0218,1404800010218,102,4.634728988229636
14,048,0001,0222,1404800010222,41,3.7376696182833684
14,048,0001,0237,1404800010237,11,2.4849066497880004
14,048,0001,0241,1404800010241,78,4.3694478524670215
14,048,0001,0256,1404800010256,4,1.6094379124341003
14,048,0001,0260,1404800010260,2,1.0986122886681098
14,048,0001,0275,1404800010275,26,3.295836866004329
14,048,0001,028A,140480001028A,19,2.995732273553991
14,048,0001,0294,1404800010294,19,2.995732273553991
14,048,0001,0307,1404800010307,18,2.9444389791664403
14,049,0001,0183,1404900010183,1128,7.029087564149662
14,049,0001,0198,1404900010198,278,5.631211781821365
14,049,0001,0200,1404900010200,98,4.59511985013459
14,049,0001,0215,1404900010215,15,2.772588722239781
14,050,0001,0095,1405000010095,4493,8.410498452745275
14,050,0001,0108,1405000010108,1511,7.321188556739478
14,050,0001,0150,1405000010150,2266,7.726212650507529
14,050,0001,0165,1405000010165,469,6.152732694704104
14,050,0001,017A,140500001017A,4357,8.379768515504566
14,050,0001,0184,1405000010184,5062,8.529714471969909
14,050,0001,0216,1405000010216,332,5.808142489980444
14,050,0001,0220,1405000010220,4,1.6094379124341003
14,050,0001,0254,1405000010254,8,2.1972245773362196
14,050,0001,0288,1405000010288,34,3.5553480614894135
14,050,0001,0339,1405000010339,38,3.6635616461296463
14,050,0001,0343,1405000010343,4,1.6094379124341003
14,050,0001,0358,1405000010358,7,2.0794415416798357
14,050,0001,0362,1405000010362,159,5.075173815233827
14,050,0001,0396,1405000010396,98,4.59511985013459
14,050,0001,0413,1405000010413,10,2.3978952727983707
14,050,0002,0428,1405000020428,2096,7.64826303090192
14,050,0002,0432,1405000020432,1011,6.919683849847411
14,050,0011,0131,1405000110131,1490,7.307202314764738
14,050,0011,0146,1405000110146,59,4.0943445622221
14,050,0011,0199,1405000110199,2379,7.77485576666552
14,050,0011,0201,1405000110201,2892,7.970049304976135
14,050,0011,0235,1405000110235,117,4.770684624465665
14,050,0011,024A,140500011024A,21,3.091042453358316
14,050,0011,0269,1405000110269,15,2.772588722239781
14,050,0017,0076,1405000170076,1829,7.512071245835466
14,050,0017,0112,1405000170112,848,6.744059186311348
14,050,0017,0127,1405000170127,534,6.282266746896006
14,050,0017,0273,1405000170273,11,2.4849066497880004
14,050,0017,0292,1405000170292,94,4.553876891600541
14,050,0017,0305,1405000170305,25,3.258096538021482
14,050,0017,031A,140500017031A,4,1.6094379124341003
14,050,0017,0324,1405000170324,48,3.8918202981106265
14,050,0017,0377,1405000170377,13,2.6390573296152584
14,050,0017,0381,1405000170381,20,3.044522437723423
14,050,0017,0409,1405000170409,23,3.1780538303479458
14,051,0001,004A,140510001004A,1357,7.213768308118642
14,051,0001,0054,1405100010054,3762,8.232971790593437
14,051,0001,0069,1405100010069,2281,7.732807530422021
14,051,0001,0073,1405100010073,695,6.54534966033442
14,051,0001,0088,1405100010088,46,3.8501476017100584
14,051,0001,0092,1405100010092,284,5.652489180268651
14,051,0001,0105,1405100010105,6,1.9459101490553132
14,051,0001,011A,140510001011A,14,2.70805020110221
14,051,0001,0124,1405100010124,25,3.258096538021482
14,051,0001,0139,1405100010139,210,5.351858133476067
14,051,0001,0143,1405100010143,110,4.709530201312334
14,051,0001,0158,1405100010158,73,4.30406509320417
14,051,0001,0162,1405100010162,267,5.5909869805108565
14,051,0001,0177,1405100010177,3,1.3862943611198906
14,052,0001,0066,1405200010066,1313,7.1808311990445555
14,052,0001,0070,1405200010070,279,5.634789603169249
14,052,0001,0085,1405200010085,18,2.9444389791664403
14,052,0001,009A,140520001009A,0,0.0
14,052,0001,0102,1405200010102,24,3.2188758248682006
14,052,0001,0117,1405200010117,37,3.6375861597263857
14,052,0001,0121,1405200010121,728,6.591673732008658
14,052,0001,0136,1405200010136,1022,6.930494765951626
14,052,0001,0140,1405200010140,47,3.871201010907891
14,052,0001,0155,1405200010155,0,0.0
14,053,0001,0326,1405300010326,4618,8.437933510430605
14,053,0001,0330,1405300010330,3553,8.175829008714597
14,053,0001,0345,1405300010345,1579,7.365180126021013
14,053,0001,0364,1405300010364,4965,8.510369966068112
14,053,0001,0379,1405300010379,3607,8.190908881182514
14,053,0001,0468,1405300010468,2957,7.992268643270745
14,053,0001,0472,1405300010472,2103,7.651595573857601
14,053,0001,0487,1405300010487,3648,8.202208436436448
14,053,0001,0504,1405300010504,964,6.872128101338986
14,053,0001,0523,1405300010523,1980,7.591357046698551
14,053,0001,0538,1405300010538,3674,8.209308411646937
14,053,0001,0542,1405300010542,4089,8.316300249036848
14,053,0001,0557,1405300010557,1586,7.369600720526409
14,053,0001,0595,1405300010595,2788,7.933438387627489
14,053,0001,0627,1405300010627,1223,7.1098794630722715
14,053,0001,0631,1405300010631,1742,7.463363045520021
14,053,0001,0646,1405300010646,1972,7.587310506022615
14,053,0001,0665,1405300010665,309,5.736572297479192
14,053,0001,067A,140530001067A,2236,7.71289096149013
14,053,0001,0684,1405300010684,1203,7.093404625868766
14,053,0001,0716,1405300010716,4904,8.498010371999463
14,053,0001,0720,1405300010720,177,5.181783550292085
14,053,0001,0735,1405300010735,2439,7.799753318287247
14,053,0001,074A,140530001074A,3028,8.015987811027237
14,053,0001,0769,1405300010769,766,6.642486801367256
14,053,0001,0773,1405300010773,386,5.958424693029782
14,053,0001,0792,1405300010792,1377,7.228388451573604
14,053,0001,0805,1405300010805,52,3.970291913552122
14,053,0001,081A,140530001081A,55,4.02535169073515
14,053,0001,0824,1405300010824,18,2.9444389791664403
14,053,0001,0839,1405300010839,153,5.0369526024136295
14,053,0001,0843,1405300010843,441,6.091309882077698
14,053,0001,0858,1405300010858,1043,6.950814768442584
14,053,0001,0862,1405300010862,9,2.302585092994046
14,053,0001,0877,1405300010877,0,0.0
14,053,0001,0881,1405300010881,1487,7.305188215393037
14,053,0001,0896,1405300010896,2160,7.6783263565068856
14,053,0001,0909,1405300010909,1556,7.350516171833998
14,053,0001,0913,1405300010913,3116,8.044626279767337
14,053,0001,0928,1405300010928,2998,8.00603417874901
14,053,0001,0951,1405300010951,111,4.718498871295094
14,053,0001,0966,1405300010966,14,2.70805020110221
14,053,0001,0970,1405300010970,83,4.430816798843313
14,053,0001,0985,1405300010985,17,2.8903717578961645
14,053,0001,099A,140530001099A,1153,7.050989447068045
14,053,0001,1004,1405300011004,2125,7.661997558901893
14,053,0001,1019,1405300011019,16,2.833213344056216
14,053,0001,1023,1405300011023,2201,7.697121317282625
14,053,0001,1038,1405300011038,4,1.6094379124341003
14,053,0001,1042,1405300011042,457,6.126869184114185
14,053,0001,1057,1405300011057,12,2.5649493574615367
14,053,0001,1061,1405300011061,121,4.804021044733257
14,053,0001,1076,1405300011076,42,3.7612001156935624
14,053,0001,1095,1405300011095,2213,7.7025561132685825
14,053,0001,1108,1405300011108,3098,8.038834757787749
14,053,0001,1112,1405300011112,513,6.2422232654551655
14,053,0001,1127,1405300011127,2241,7.715123603632105
14,053,0001,1131,1405300011131,443,6.095824562432225
14,053,0001,1150,1405300011150,432,6.07073772800249
14,053,0001,1165,1405300011165,1004,6.912742820493176
14,053,0001,117A,140530001117A,478,6.171700597410915
14,053,0001,1184,1405300011184,3966,8.28576542051433
14,053,0001,1199,1405300011199,0,0.0
14,053,0001,1201,1405300011201,321,5.7745515455444085
14,053,0001,1216,1405300011216,13,2.6390573296152584
14,053,0001,1220,1405300011220,167,5.123963979403259
14,053,0001,1235,1405300011235,0,0.0
14,053,0001,124A,140530001124A,0,0.0
14,053,0066,0932,1405300660932,1977,7.589841512182657
14,053,0066,0947,1405300660947,1622,7.392031567514591
14,053,0066,1080,1405300661080,0,0.0
14,053,0066,1146,1405300661146,128,4.859812404361672
14,053,0927,1254,1405309271254,1444,7.275864600546533
14,053,0927,1269,1405309271269,2148,7.67275789664251
14,054,0001,0041,1405400010041,484,6.184148890937483
14,054,0001,0056,1405400010056,896,6.799055862058796
14,054,0001,0060,1405400010060,584,6.371611847231857
14,054,0001,0075,1405400010075,258,5.556828061699537
14,054,0001,008A,140540001008A,154,5.043425116919247
14,054,0001,0094,1405400010094,314,5.752572638825633
14,054,0001,0107,1405400010107,221,5.402677381872279
14,054,0001,0111,1405400010111,46,3.8501476017100584
14,054,0001,0126,1405400010126,23,3.1780538303479458
14,054,0001,0130,1405400010130,15,2.772588722239781
14,054,0001,0145,1405400010145,0,0.0
14,054,0001,015A,140540001015A,98,4.59511985013459
14,054,0001,0164,1405400010164,8,2.1972245773362196
14,054,0001,0179,1405400010179,1,0.6931471805599453
14,055,0001,0072,1405500010072,918,6.823286122355687
14,055,0001,0087,1405500010087,1119,7.02108396428914
14,055,0001,0091,1405500010091,2977,7.999007213243955
14,055,0001,0104,1405500010104,3850,8.25608813381491
14,055,0001,0119,1405500010119,1535,7.336936913707618
14,055,0001,0123,1405500010123,3746,8.228710798793687
14,055,0001,0138,1405500010138,164,5.10594547390058
14,055,0001,0142,1405500010142,307,5.730099782973574
14,055,0001,0157,1405500010157,121,4.804021044733257
14,055,0001,0161,1405500010161,46,3.8501476017100584
14,055,0001,0176,1405500010176,118,4.77912349311153
14,055,0001,0180,1405500010180,279,5.634789603169249
14,055,0001,0195,1405500010195,204,5.3230099791384085
14,055,0001,0208,1405500010208,261,5.568344503761097
14,055,0001,0212,1405500010212,77,4.356708826689592
14,055,0001,0265,1405500010265,6,1.9459101490553132
14,055,0001,027A,140550001027A,123,4.820281565605037
14,055,0001,0284,1405500010284,47,3.871201010907891
14,055,0001,0299,1405500010299,95,4.564348191467836
14,055,0001,0301,1405500010301,38,3.6635616461296463
14,055,0001,0316,1405500010316,0,0.0
14,055,0001,0320,1405500010320,50,3.9318256327243257
14,055,0001,0335,1405500010335,112,4.727387818712341
14,055,0001,034A,140550001034A,15,2.772588722239781
14,055,0001,0354,1405500010354,0,0.0
14,055,0001,0369,1405500010369,6,1.9459101490553132
14,055,0001,0373,1405500010373,0,0.0
14,056,0001,0099,1405600010099,508,6.2324480165505225
14,056,0001,0101,1405600010101,108,4.6913478822291435
14,056,0001,0116,1405600010116,1,0.6931471805599453
14,056,0001,0120,1405600010120,20,3.044522437723423
14,056,0001,0135,1405600010135,13,2.6390573296152584
14,056,0001,014A,140560001014A,37,3.6375861597263857
14,056,0001,0154,1405600010154,10,2.3978952727983707
14,057,0001,0043,1405700010043,1374,7.226209010100671
14,057,0001,0058,1405700010058,853,6.74993119378857
14,057,0001,0062,1405700010062,265,5.583496308781699
14,057,0001,0077,1405700010077,8,2.1972245773362196
14,057,0001,0081,1405700010081,39,3.6888794541139363
14,057,0001,0096,1405700010096,10,2.3978952727983707
14,057,0001,0109,1405700010109,0,0.0
14,058,0001,0248,1405800010248,2027,7.614805364711073
14,058,0001,0252,1405800010252,1538,7.338888133838879
14,058,0001,0267,1405800010267,2128,7.663407664893479
14,058,0001,0271,1405800010271,1573,7.3613754289773485
14,058,0001,0286,1405800010286,216,5.37989735354046
14,058,0001,0290,1405800010290,178,5.187385805840755
14,058,0001,0303,1405800010303,258,5.556828061699537
14,058,0001,0318,1405800010318,47,3.871201010907891
14,058,0001,0322,1405800010322,92,4.532599493153256
14,058,0001,0337,1405800010337,80,4.394449154672439
14,058,0001,0341,1405800010341,215,5.375278407684165
14,058,0001,0356,1405800010356,94,4.553876891600541
14,058,0001,0360,1405800010360,221,5.402677381872279
14,058,0001,0375,1405800010375,41,3.7376696182833684
14,058,0001,038A,140580001038A,93,4.543294782270004
14,059,0001,0052,1405900010052,814,6.703188113240863
14,059,0001,0067,1405900010067,1020,6.928537818164665
14,059,0001,0071,1405900010071,2137,7.6676260915849905
14,059,0001,0086,1405900010086,3504,8.16194579946869
14,059,0001,0090,1405900010090,269,5.598421958998375
14,059,0001,0103,1405900010103,53,3.9889840465642745
14,059,0001,0118,1405900010118,30,3.4339872044851463
14,059,0001,0122,1405900010122,21,3.091042453358316
14,059,0001,0137,1405900010137,7,2.0794415416798357
14,059,0001,0141,1405900010141,0,0.0
14,059,0001,0156,1405900010156,10,2.3978952727983707
14,059,0001,0160,1405900010160,0,0.0
14,060,0001,0072,1406000010072,988,6.8966943316227125
14,060,0001,0091,1406000010091,176,5.176149732573829
14,060,0001,0104,1406000010104,365,5.902633333401366
14,060,0001,0119,1406000010119,92,4.532599493153256
14,060,0001,0123,1406000010123,28,3.367295829986474
14,060,0001,0142,1406000010142,80,4.394449154672439
14,060,0001,0157,1406000010157,0,0.0
14,060,0001,0161,1406000010161,813,6.70196036600254
14,060,0001,0176,1406000010176,765,6.641182169740591
14,060,0001,0180,1406000010180,13,2.6390573296152584
14,060,0001,0195,1406000010195,7,2.0794415416798357
14,060,0001,0208,1406000010208,191,5.2574953720277815
14,060,0001,0212,1406000010212,0,0.0
14,060,0001,0227,1406000010227,2,1.0986122886681098
14,061,0001,0417,1406100010417,199,5.298317366548036
14,061,0001,0421,1406100010421,215,5.375278407684165
14,061,0001,0506,1406100010506,51,3.9512437185814275
14,061,0001,0510,1406100010510,0,0.0
14,061,0001,0525,1406100010525,986,6.894670039433482
14,061,0001,053A,140610001053A,598,6.395261598115449
14,061,0001,0544,1406100010544,242,5.493061443340548
14,061,0001,0559,1406100010559,7,2.0794415416798357
14,062,0001,0109,1406200010109,548,6.3080984415095305
14,062,0001,0113,1406200010113,806,6.693323668269949
14,062,0001,0128,1406200010128,10,2.3978952727983707
14,062,0001,0132,1406200010132,167,5.123963979403259
14,062,0001,0147,1406200010147,7,2.0794415416798357
14,063,0001,0040,1406300010040,3111,8.043020885298283
14,063,0001,0055,1406300010055,3016,8.012018239159062
14,063,0001,006A,140630001006A,3506,8.162516250140179
14,063,0001,0074,1406300010074,3501,8.161089512845797
14,063,0001,0089,1406300010089,2072,7.636752112435779
14,063,0001,0093,1406300010093,4131,8.326516830239528
14,063,0001,0106,1406300010106,2016,7.6093665379542115
14,063,0001,0110,1406300010110,3943,8.279950715722526
14,063,0001,013A,140630001013A,5316,8.57866451350434
14,063,0001,0163,1406300010163,3973,8.287528423111763
14,063,0001,020A,140630001020A,1893,7.546446273746024
14,063,0001,0233,1406300010233,487,6.1903154058531475
14,063,0001,0248,1406300010248,698,6.54965074223381
14,063,0001,0252,1406300010252,642,6.466144724237619
14,063,0001,0267,1406300010267,455,6.1224928095143865
14,063,0001,0271,1406300010271,764,6.639875833826536
14,063,0001,0286,1406300010286,1995,7.59890045687141
14,063,0001,0290,1406300010290,2910,7.976251943745623
14,063,0001,0303,1406300010303,3437,8.142645185942795
14,063,0001,0318,1406300010318,4021,8.299534570332597
14,063,0001,0322,1406300010322,4287,8.363575702750637
14,063,0001,0341,1406300010341,1944,7.573017256052546
14,063,0001,0356,1406300010356,1068,6.974478911025045
14,063,0001,0360,1406300010360,391,5.971261839790462
14,063,0001,0375,1406300010375,644,6.4692503167957724
14,063,0001,038A,140630001038A,3483,8.155936337972394
14,063,0001,0394,1406300010394,3656,8.204398418149381
14,063,0001,0407,1406300010407,388,5.963579343618446
14,063,0001,0411,1406300010411,265,5.583496308781699
14,063,0001,0426,1406300010426,137,4.927253685157205
14,063,0001,0430,1406300010430,583,6.369900982828227
14,063,0001,0445,1406300010445,3138,8.051659556841953
14,063,0001,045A,140630001045A,2482,7.817222785508166
14,063,0001,0464,1406300010464,2158,7.677400430514807
14,063,0001,0479,1406300010479,53,3.9889840465642745
14,063,0001,0483,1406300010483,42,3.7612001156935624
14,063,0001,0498,1406300010498,46,3.8501476017100584
14,063,0001,0500,1406300010500,94,4.553876891600541
14,063,0001,0515,1406300010515,24,3.2188758248682006
14,063,0001,052A,140630001052A,2639,7.878534196140362
14,063,0001,0534,1406300010534,584,6.371611847231857
14,063,0001,0549,1406300010549,2441,7.80057265467065
14,063,0001,0553,1406300010553,725,6.587550014824796
14,063,0001,0568,1406300010568,149,5.0106352940962555
14,063,0001,0572,1406300010572,8,2.1972245773362196
14,063,0001,0587,1406300010587,277,5.627621113690637
14,063,0001,0591,1406300010591,24,3.2188758248682006
14,063,0001,0604,1406300010604,18,2.9444389791664403
14,063,0001,0619,1406300010619,8,2.1972245773362196
14,063,0001,0623,1406300010623,1,0.6931471805599453
14,063,0001,0638,1406300010638,4,1.6094379124341003
14,063,0001,0642,1406300010642,102,4.634728988229636
14,063,0001,0657,1406300010657,13,2.6390573296152584
14,063,0001,0661,1406300010661,6,1.9459101490553132
14,063,0001,0676,1406300010676,0,0.0
14,064,0001,0175,1406400010175,1642,7.404279118037268
14,064,0001,018A,140640001018A,1726,7.454141078146678
14,064,0001,0194,1406400010194,2667,7.889084407035514
14,064,0001,0207,1406400010207,1643,7.404887575616125
14,064,0001,0211,1406400010211,1224,7.110696122978827
14,064,0001,0226,1406400010226,609,6.413458957167357
14,064,0001,0230,1406400010230,937,6.843749949006225
14,064,0001,0245,1406400010245,128,4.859812404361672
14,064,0001,025A,140640001025A,7,2.0794415416798357
14,064,0001,0264,1406400010264,208,5.342334251964811
14,064,0001,0279,1406400010279,752,6.6240652277998935
14,064,0001,032A,140640001032A,104,4.653960350157523
14,064,0001,0334,1406400010334,71,4.276666119016055
14,064,0001,0353,1406400010353,56,4.04305126783455
14,064,0001,0368,1406400010368,46,3.8501476017100584
14,064,0001,0387,1406400010387,22,3.1354942159291497
14,064,0001,0391,1406400010391,10,2.3978952727983707
14,064,0001,0404,1406400010404,0,0.0
14,064,0001,0419,1406400010419,3,1.3862943611198906
14,064,0001,0423,1406400010423,6,1.9459101490553132
14,064,0001,0438,1406400010438,4,1.6094379124341003
14,064,0001,0442,1406400010442,7,2.0794415416798357
14,064,0001,0457,1406400010457,9,2.302585092994046
14,064,0032,0300,1406400320300,2938,7.985824666418917
14,064,0032,0315,1406400320315,1800,7.496097345175956
14,064,0032,0349,1406400320349,28,3.367295829986474
14,064,0032,0372,1406400320372,18,2.9444389791664403
14,065,0001,0030,1406500010030,2226,7.708410667257367
14,065,0001,012A,140650001012A,2026,7.614312146452
14,065,0001,0149,1406500010149,261,5.568344503761097
14,065,0001,0153,1406500010153,562,6.333279628139691
14,065,0001,0168,1406500010168,641,6.464588303689961
14,065,0001,0172,1406500010172,828,6.720220155135295
14,065,0001,0187,1406500010187,73,4.30406509320417
14,065,0001,0191,1406500010191,10,2.3978952727983707
14,065,0001,0204,1406500010204,207,5.337538079701318
14,065,0001,0238,1406500010238,4,1.6094379124341003
14,066,0001,0095,1406600010095,1799,7.495541943884256
14,066,0001,0108,1406600010108,1795,7.493317248862145
14,066,0001,0112,1406600010112,2334,7.755767170102998
14,066,0001,0127,1406600010127,195,5.278114659230517
14,066,0001,0131,1406600010131,2285,7.734558844354756
14,066,0001,0146,1406600010146,367,5.908082938168931
14,066,0001,017A,140660001017A,7,2.0794415416798357
14,066,0001,0216,1406600010216,1862,7.529943370601589
14,066,0001,0220,1406600010220,2883,7.96693349840484
14,066,0001,0254,1406600010254,54,4.007333185232471
14,066,0011,0165,1406600110165,884,6.785587645007929
14,066,0011,0235,1406600110235,2073,7.637234388789473
14,066,0011,024A,140660011024A,2617,7.870165946469845
14,066,0011,0269,1406600110269,0,0.0
14,066,0011,0273,1406600110273,12,2.5649493574615367
14,066,0011,0324,1406600110324,0,0.0
14,066,0011,0339,1406600110339,17,2.8903717578961645
14,066,0019,0057,1406600190057,3168,8.06117135969092
14,066,0019,0150,1406600190150,1716,7.448333860897476
14,066,0019,0199,1406600190199,69,4.248495242049359
14,066,0019,0288,1406600190288,52,3.970291913552122
14,066,0031,0184,1406600310184,3326,8.109826276018477
14,066,0031,0201,1406600310201,1548,7.3453648404168685
14,066,0031,0292,1406600310292,0,0.0
14,066,0031,031A,140660031031A,325,5.786897381366708
14,066,0031,0343,1406600310343,0,0.0
14,066,0033,0358,1406600330358,1732,7.457609289715606
14,066,0033,0362,1406600330362,1068,6.974478911025045
14,067,0001,0073,1406700010073,3020,8.013343181386672
14,067,0001,0105,1406700010105,1431,7.266827347520591
14,067,0001,011A,140670001011A,2434,7.79770203551669
14,067,0001,0124,1406700010124,3524,8.16763571524637
14,067,0001,0181,1406700010181,1815,7.504391559161238
14,067,0001,0196,1406700010196,1126,7.027314514039777
14,067,0001,0213,1406700010213,1061,6.967909201801884
14,067,0001,0232,1406700010232,3143,8.053251153549096
14,067,0001,0247,1406700010247,587,6.376726947898627
14,067,0001,0251,1406700010251,2672,7.890956716138919
14,067,0001,0270,1406700010270,273,5.6131281063880705
14,067,0001,029A,140670001029A,167,5.123963979403259
14,067,0001,0302,1406700010302,1926,7.563719668414366
14,067,0001,0340,1406700010340,91,4.5217885770490405
14,067,0001,0444,1406700010444,2750,7.919719760924575
14,067,0001,0459,1406700010459,916,6.821107472256465
14,067,0001,0478,1406700010478,2106,7.653020413804189
14,067,0001,0497,1406700010497,3276,8.094683648698815
14,067,0001,0514,1406700010514,2052,7.627057417018934
14,067,0001,0529,1406700010529,1980,7.591357046698551
14,067,0001,0533,1406700010533,1909,7.554858521040676
14,067,0001,0548,1406700010548,1784,7.487173694213739
14,067,0001,0552,1406700010552,1990,7.596392304064196
14,067,0001,0567,1406700010567,3069,8.029432840581244
14,067,0001,0586,1406700010586,2394,7.781138509845015
14,067,0001,0590,1406700010590,2511,7.828834527588089
14,067,0001,0641,1406700010641,3266,8.09162741160107
14,067,0001,0656,1406700010656,1490,7.307202314764738
14,067,0001,0660,1406700010660,2468,7.81156848934518
14,067,0001,0675,1406700010675,593,6.386879319362645
14,067,0001,0726,1406700010726,1567,7.357556200910353
14,067,0001,075A,140670001075A,2499,7.824046010856292
14,067,0001,082A,140670001082A,1318,7.1846291527173145
14,067,0001,0834,1406700010834,1203,7.093404625868766
14,067,0001,0849,1406700010849,2483,7.81762544305337
14,067,0001,0853,1406700010853,4208,8.344980368770571
14,067,0001,0887,1406700010887,3827,8.250097752572845
14,067,0001,0891,1406700010891,2963,7.994294986415977
14,067,0001,0923,1406700010923,2364,7.768533300926033
14,067,0001,0942,1406700010942,2994,8.00469951054955
14,067,0001,0961,1406700010961,3038,8.019283792916793
14,067,0001,1033,1406700011033,478,6.171700597410915
14,067,0001,1048,1406700011048,65,4.189654742026425
14,067,0001,1067,1406700011067,1619,7.3901814282264295
14,067,0001,1071,1406700011071,1976,7.589335823170617
14,067,0001,1086,1406700011086,1913,7.5569505720129
14,067,0001,1090,1406700011090,188,5.241747015059643
14,067,0001,1103,1406700011103,213,5.365976015021851
14,067,0001,1118,1406700011118,1084,6.98933526597456
14,067,0001,1245,1406700011245,1841,7.518607216815252
14,067,0001,125A,140670001125A,1895,7.547501682814967
14,067,0001,1279,1406700011279,2085,7.643003635560718
14,067,0001,1283,1406700011283,2528,7.835579246669965
14,067,0001,1298,1406700011298,1313,7.1808311990445555
14,067,0001,1461,1406700011461,643,6.467698726104354
14,067,0001,1476,1406700011476,357,5.8805329864007
14,067,0001,1480,1406700011480,561,6.331501849893691
14,067,0001,1495,1406700011495,701,6.553933404025811
14,067,0001,1527,1406700011527,2068,7.634820677745543
14,067,0001,1531,1406700011531,859,6.756932389247553
14,067,0001,1550,1406700011550,54,4.007333185232471
14,067,0001,1565,1406700011565,45,3.828641396489095
14,067,0001,157A,140670001157A,125,4.836281906951478
14,067,0001,1584,1406700011584,222,5.407171771460119
14,067,0001,1599,1406700011599,671,6.51025834052315
14,067,0001,1620,1406700011620,152,5.030437921392435
14,067,0001,1635,1406700011635,779,6.659293919683638
14,067,0001,164A,140670001164A,274,5.616771097666572
14,067,0001,1654,1406700011654,447,6.104793232414985
14,067,0001,1669,1406700011669,852,6.748759547491679
14,067,0001,1673,1406700011673,1352,7.210079628170788
14,067,0001,1688,1406700011688,749,6.620073206530356
14,067,0001,1692,1406700011692,488,6.192362489474872
14,067,0001,1705,1406700011705,2791,7.934513463882263
14,067,0001,171A,140670001171A,564,6.336825731146441
14,067,0001,1724,1406700011724,3545,8.173575486634153
14,067,0001,1739,1406700011739,2484,7.818027938530729
14,067,0001,1743,1406700011743,3686,8.212568398234145
14,067,0001,1758,1406700011758,3442,8.144098463338524
14,067,0001,1762,1406700011762,950,6.85751406254539
14,067,0001,1777,1406700011777,704,6.558197802812269
14,067,0001,1796,1406700011796,987,6.895682697747868
14,067,0001,1828,1406700011828,107,4.68213122712422
14,067,0001,1847,1406700011847,424,6.052089168924417
14,067,0001,1851,1406700011851,631,6.448889394146858
14,067,0001,1866,1406700011866,521,6.257667587882639
14,067,0001,1870,1406700011870,976,6.884486652042782
14,067,0001,1885,1406700011885,1030,6.93828448401696
14,067,0001,189A,140670001189A,267,5.5909869805108565
14,067,0001,1902,1406700011902,921,6.826545223556594
14,067,0001,1936,1406700011936,60,4.110873864173311
14,067,0001,1940,1406700011940,44,3.8066624897703196
14,067,0001,1955,1406700011955,335,5.817111159963204
14,067,0001,196A,140670001196A,551,6.313548046277095
14,067,0001,1974,1406700011974,20,3.044522437723423
14,067,0001,1989,1406700011989,27,3.332204510175204
14,067,0001,1993,1406700011993,49,3.912023005428146
14,067,0001,2008,1406700012008,36,3.6109179126442243
14,067,0001,2012,1406700012012,130,4.875197323201151
14,067,0001,2027,1406700012027,95,4.564348191467836
14,067,0001,2031,1406700012031,159,5.075173815233827
14,067,0001,2046,1406700012046,168,5.1298987149230735
14,067,0001,2050,1406700012050,480,6.175867270105761
14,067,0001,2065,1406700012065,67,4.219507705176107
14,067,0001,2084,1406700012084,139,4.941642422609304
14,067,0001,2116,1406700012116,1043,6.950814768442584
14,067,0001,2120,1406700012120,3603,8.189799618728228
14,067,0001,2135,1406700012135,2362,7.767687277186908
14,067,0001,214A,140670001214A,1480,7.300472814267799
14,067,0001,2154,1406700012154,3262,8.09040229659332
14,067,0001,2169,1406700012169,1471,7.294377299288821
14,067,0001,2173,1406700012173,1781,7.485491608030754
14,067,0001,2188,1406700012188,2206,7.699389406256737
14,067,0001,2192,1406700012192,2535,7.8383433155571165
14,067,0001,2205,1406700012205,1263,7.142036574706803
14,067,0001,221A,140670001221A,674,6.51471269087253
14,067,0001,2224,1406700012224,732,6.597145701886651
14,067,0001,2239,1406700012239,893,6.795705775173514
14,067,0001,2243,1406700012243,736,6.602587892189336
14,067,0001,2258,1406700012258,1333,7.195937226475569
14,067,0001,2262,1406700012262,1639,7.402451520818244
14,067,0001,2277,1406700012277,1241,7.124478262493424
14,067,0001,2281,1406700012281,1253,7.134093721192866
14,067,0001,2309,1406700012309,2150,7.67368812926773
14,067,0001,2313,1406700012313,855,6.752270376141742
14,067,0001,2347,1406700012347,245,5.5053315359323625
14,067,0001,2351,1406700012351,1331,7.194436851100335
14,067,0001,2385,1406700012385,383,5.950642552587727
14,067,0001,239A,140670001239A,107,4.68213122712422
14,067,0001,2402,1406700012402,41,3.7376696182833684
14,067,0001,2417,1406700012417,811,6.699500340161678
14,067,0001,2421,1406700012421,8,2.1972245773362196
14,067,0001,2436,1406700012436,92,4.532599493153256
14,067,0001,2440,1406700012440,180,5.198497031265826
14,067,0001,2455,1406700012455,131,4.882801922586371
14,067,0001,246A,140670001246A,7,2.0794415416798357
14,067,0001,2510,1406700012510,2014,7.608374474380783
14,067,0001,2525,1406700012525,2247,7.717796211013582
14,067,0001,253A,140670001253A,2044,7.623153068476902
14,067,0001,2544,1406700012544,3222,8.078067881815437
14,067,0001,2559,1406700012559,1905,7.552762084214147
14,067,0001,2563,1406700012563,1741,7.462789157412448
14,067,0001,2578,1406700012578,1050,6.957497370876951
14,067,0001,2582,1406700012582,1913,7.5569505720129
14,067,0001,2597,1406700012597,1485,7.303843225277705
14,067,0001,260A,140670001260A,1813,7.503289630675082
14,067,0001,2614,1406700012614,1094,6.9985096422506015
14,067,0001,2629,1406700012629,1009,6.917705609835305
14,067,0001,2633,1406700012633,775,6.654152520183219
14,067,0001,2648,1406700012648,23,3.1780538303479458
14,067,0001,2652,1406700012652,1165,7.061334366910438
14,067,0001,2667,1406700012667,20,3.044522437723423
14,067,0001,2671,1406700012671,54,4.007333185232471
14,067,0001,2686,1406700012686,559,6.327936783729195
14,067,0001,2737,1406700012737,168,5.1298987149230735
14,067,0001,2741,1406700012741,31,3.4657359027997265
14,067,0001,2756,1406700012756,38,3.6635616461296463
14,067,0001,2760,1406700012760,26,3.295836866004329
14,067,0001,278A,140670001278A,830,6.7226297948554485
14,067,0001,2794,1406700012794,963,6.871091294610546
14,067,0001,2826,1406700012826,20,3.044522437723423
14,067,0001,2845,1406700012845,10,2.3978952727983707
14,067,0001,285A,140670001285A,0,0.0
14,067,0001,2864,1406700012864,0,0.0
14,067,0028,0393,1406700280393,1900,7.550135342488429
14,067,0028,0410,1406700280410,1431,7.266827347520591
14,067,0028,0425,1406700280425,1038,6.946013991099227
14,067,0028,0603,1406700280603,2506,7.826842098158293
14,067,0028,0637,1406700280637,2425,7.793999089503996
14,067,0028,0798,1406700280798,2622,7.872073979866873
14,067,0028,0800,1406700280800,1916,7.558516743045645
14,067,0028,0995,1406700280995,1703,7.440733707389261
14,067,0028,100A,140670028100A,2967,7.995643604287271
14,067,0028,1014,1406700281014,840,6.734591659972948
14,067,0028,1122,1406700281122,510,6.236369590203704
14,067,0028,1137,1406700281137,438,6.0844994130751715
14,067,0028,1141,1406700281141,934,6.840546529288687
14,067,0028,1156,1406700281156,60,4.110873864173311
14,067,0028,1160,1406700281160,24,3.2188758248682006
14,067,0028,1175,1406700281175,193,5.267858159063328
14,067,0028,118A,140670028118A,373,5.924255797414532
14,067,0028,1194,1406700281194,698,6.54965074223381
14,067,0028,1207,1406700281207,44,3.8066624897703196
14,067,0028,1211,1406700281211,190,5.25227342804663
14,067,0028,1226,1406700281226,1154,7.051855622955894
14,067,0028,1230,1406700281230,1387,7.23561914106675
14,067,0028,1601,1406700281601,30,3.4339872044851463
14,067,0028,1616,1406700281616,104,4.653960350157523
14,067,0028,2099,1406700282099,71,4.276666119016055
14,067,0028,2101,1406700282101,55,4.02535169073515
14,067,0028,2474,1406700282474,99,4.605170185988092
14,067,0028,2489,1406700282489,124,4.8283137373023015
14,067,0028,2493,1406700282493,2381,7.775695749915245
14,067,0028,2506,1406700282506,564,6.336825731146441
14,067,0028,2690,1406700282690,0,0.0
14,067,0028,2703,1406700282703,20,3.044522437723423
14,067,0028,2718,1406700282718,28,3.367295829986474
14,067,0028,2722,1406700282722,27,3.332204510175204
14,067,0028,2807,1406700282807,164,5.10594547390058
14,067,0028,2879,1406700282879,16,2.833213344056216
14,067,0028,2883,1406700282883,0,0.0
14,067,0031,068A,140670031068A,1258,7.138073034044347
14,067,0031,0694,1406700310694,2328,7.753194269884341
14,067,0031,1300,1406700311300,978,6.88653164253051
14,067,0031,1419,1406700311419,303,5.717027701406222
14,067,0031,1423,1406700311423,0,0.0
14,067,0031,1809,1406700311809,2313,7.746732907753622
14,067,0031,1813,1406700311813,1095,6.999422467507961
14,067,0031,2366,1406700312366,303,5.717027701406222
14,067,0031,2370,1406700312370,448,6.1070228877422545
14,067,0031,2775,1406700312775,9,2.302585092994046
14,067,0038,0904,1406700380904,1563,7.355001921105257
14,067,0038,0919,1406700380919,1696,7.436617265234227
14,067,0038,1315,1406700381315,385,5.955837369464831
14,067,0038,132A,140670038132A,91,4.5217885770490405
14,067,0038,1334,1406700381334,39,3.6888794541139363
14,067,0038,1349,1406700381349,74,4.31748811353631
14,067,0038,1353,1406700381353,38,3.6635616461296463
14,067,0038,1368,1406700381368,9,2.302585092994046
14,067,0038,1438,1406700381438,16,2.833213344056216
14,067,0038,1442,1406700381442,62,4.143134726391533
14,067,0038,1457,1406700381457,25,3.258096538021482
14,067,0038,1917,1406700381917,48,3.8918202981106265
14,067,0038,1921,1406700381921,56,4.04305126783455
14,067,0038,2296,1406700382296,24,3.2188758248682006
14,067,0038,2811,1406700382811,13,2.6390573296152584
14,067,0038,2830,1406700382830,6,1.9459101490553132
14,068,0001,0206,1406800010206,1595,7.3752557780097545
14,068,0001,0210,1406800010210,1439,7.272398392570047
14,068,0001,0225,1406800010225,1203,7.093404625868766
14,068,0001,023A,140680001023A,239,5.480638923341991
14,068,0001,0244,1406800010244,28,3.367295829986474
14,068,0001,0259,1406800010259,266,5.58724865840025
14,068,0001,0263,1406800010263,0,0.0
14,068,0001,0278,1406800010278,0,0.0
14,068,0001,0282,1406800010282,69,4.248495242049359
14,068,0001,0297,1406800010297,117,4.770684624465665
14,068,0001,0314,1406800010314,6,1.9459101490553132
14,068,0001,0329,1406800010329,47,3.871201010907891
14,068,0001,0333,1406800010333,27,3.332204510175204
14,068,0001,0348,1406800010348,8,2.1972245773362196
14,068,0001,0352,1406800010352,188,5.241747015059643
14,068,0001,0367,1406800010367,8,2.1972245773362196
14,068,0001,0371,1406800010371,12,2.5649493574615367
14,068,0001,0386,1406800010386,11,2.4849066497880004
14,068,0001,0390,1406800010390,1,0.6931471805599453
14,068,0001,0403,1406800010403,0,0.0
14,068,0001,0418,1406800010418,13,2.6390573296152584
14,069,0001,010A,140690001010A,994,6.902742737158593
14,069,0001,0114,1406900010114,532,6.278521424165844
14,069,0001,0129,1406900010129,10,2.3978952727983707
14,069,0001,0133,1406900010133,6,1.9459101490553132
14,069,0001,0148,1406900010148,0,0.0
14,069,0001,0152,1406900010152,5,1.791759469228055
14,069,0001,0167,1406900010167,4,1.6094379124341003
14,070,0001,0030,1407000010030,2193,7.693481640835175
14,070,0001,0045,1407000010045,2992,8.0040315078527
14,070,0001,0098,1407000010098,2001,7.601901959875166
14,070,0001,0100,1407000010100,2811,7.941651252930556
14,070,0001,0115,1407000010115,2197,7.6953031349635665
14,070,0001,012A,140700001012A,1830,7.5126175446745105
14,070,0001,0134,1407000010134,3333,8.111928063310739
14,070,0001,037A,140700001037A,142,4.962844630259907
14,070,0001,0384,1407000010384,960,6.8679744089702925
14,070,0001,0399,1407000010399,698,6.54965074223381
14,070,0001,0539,1407000010539,107,4.68213122712422
14,070,0001,0581,1407000010581,70,4.2626798770413155
14,070,0001,0685,1407000010685,214,5.3706380281276624
14,070,0001,069A,140700001069A,31,3.4657359027997265
14,070,0001,0702,1407000010702,947,6.854354502255021
14,070,0001,0717,1407000010717,625,6.439350371100098
14,070,0001,0914,1407000010914,134,4.90527477843843
14,070,0001,0929,1407000010929,82,4.418840607796598
14,070,0001,1043,1407000011043,64,4.174387269895637
14,070,0001,1058,1407000011058,4,1.6094379124341003
14,070,0001,1062,1407000011062,1,0.6931471805599453
14,070,0001,1217,1407000011217,47,3.871201010907891
14,070,0001,1240,1407000011240,100,4.61512051684126
14,070,0001,1274,1407000011274,1,0.6931471805599453
14,070,0001,1289,1407000011289,60,4.110873864173311
14,070,0013,005A,140700013005A,1696,7.436617265234227
14,070,0013,0083,1407000130083,3071,8.030084094267563
14,070,0013,0238,1407000130238,1097,7.001245622069476
14,070,0013,0327,1407000130327,3358,8.119398589612294
14,070,0013,0350,1407000130350,3040,8.019941687677365
14,070,0013,0365,1407000130365,2760,7.923348211930154
14,070,0013,0401,1407000130401,495,6.206575926724928
14,070,0013,0416,1407000130416,3202,8.071843149609158
14,070,0013,0420,1407000130420,2151,7.674152921281675
14,070,0013,0435,1407000130435,1744,7.4645098346365275
14,070,0013,0596,1407000130596,224,5.41610040220442
14,070,0014,0219,1407000140219,1510,7.32052696227274
14,070,0014,0223,1407000140223,2340,7.75833346749091
14,070,0014,0276,1407000140276,2876,7.964503363551548
14,070,0014,0280,1407000140280,1562,7.354362330421477
14,070,0014,0346,1407000140346,1877,7.537962659768208
14,070,0014,044A,140700014044A,1716,7.448333860897476
14,070,0014,0454,1407000140454,23,3.1780538303479458
14,070,0014,0469,1407000140469,913,6.81783057145415
14,070,0014,0473,1407000140473,422,6.0473721790462776
14,070,0014,0488,1407000140488,1495,7.310550158534422
14,070,0014,0543,1407000140543,541,6.295266001439646
14,070,0014,0558,1407000140558,512,6.240275845170769
14,070,0014,0609,1407000140609,559,6.327936783729195
14,070,0014,0774,1407000140774,707,6.56244409369372
14,070,0014,0810,1407000140810,685,6.530877627725885
14,070,0014,0825,1407000140825,3020,8.013343181386672
14,070,0014,083A,140700014083A,2269,7.727535110475448
14,070,0014,0844,1407000140844,1819,7.506591780070841
14,070,0014,0859,1407000140859,1607,7.382746449738912
14,070,0014,0948,1407000140948,42,3.7612001156935624
14,070,0014,1077,1407000141077,5,1.791759469228055
14,070,0020,0079,1407000200079,3793,8.24117615049496
14,070,0020,0191,1407000200191,3237,8.08271113423758
14,070,0020,0204,1407000200204,2252,7.720017940432244
14,070,0020,0242,1407000200242,863,6.761572768804055
14,070,0020,0257,1407000200257,0,0.0
14,070,0020,0261,1407000200261,656,6.48768401848461
14,070,0020,0613,1407000200613,304,5.720311776607412
14,070,0020,0789,1407000200789,480,6.175867270105761
14,070,0020,0793,1407000200793,119,4.787491742782046
14,070,0020,0933,1407000200933,212,5.3612921657094255
14,070,0020,1221,1407000201221,30,3.4339872044851463
14,070,0020,1236,1407000201236,3398,8.131236549696116
14,070,0020,1255,1407000201255,602,6.401917196727186
14,070,0021,0721,1407000210721,346,5.849324779946859
14,070,0021,0736,1407000210736,2267,7.7266536648476425
14,070,0021,0740,1407000210740,373,5.924255797414532
14,070,0021,0755,1407000210755,257,5.552959584921617
14,070,0021,076A,140700021076A,516,6.248042874508429
14,070,0021,0967,1407000210967,9,2.302585092994046
14,070,0021,1005,1407000211005,1252,7.133295954896068
14,070,0021,101A,140700021101A,3258,8.089175678837561
14,070,0021,1096,1407000211096,1352,7.210079628170788
14,070,0021,1109,1407000211109,1257,7.1372784372603855
14,070,0021,1113,1407000211113,1993,7.597897950521784
14,070,0021,1128,1407000211128,1718,7.449498005382849
14,070,0021,1151,1407000211151,1333,7.195937226475569
14,070,0021,1185,1407000211185,177,5.181783550292085
14,070,0021,119A,140700021119A,167,5.123963979403259
14,070,0043,0295,1407000430295,3964,8.285261134068948
14,070,0043,0308,1407000430308,2310,7.745435610274381
14,070,0043,0492,1407000430492,1060,6.966967138613983
14,070,0043,0505,1407000430505,430,6.066108090103747
14,070,0043,0628,1407000430628,3,1.3862943611198906
14,070,0043,0632,1407000430632,6,1.9459101490553132
14,070,0043,0647,1407000430647,49,3.912023005428146
14,070,0043,0651,1407000430651,218,5.389071729816501
14,070,0043,0666,1407000430666,22,3.1354942159291497
14,070,0043,0806,1407000430806,595,6.39024066706535
14,070,0043,0897,1407000430897,2394,7.781138509845015
14,070,0043,090A,140700043090A,1323,7.188412736496954
14,070,0043,0971,1407000430971,249,5.521460917862246
14,070,0043,0986,1407000430986,0,0.0
14,070,0043,0990,1407000430990,78,4.3694478524670215
14,070,0043,1024,1407000431024,1332,7.195187320178709
14,070,0043,1039,1407000431039,787,6.669498089857879
14,070,0043,1081,1407000431081,16,2.833213344056216
14,070,0043,1132,1407000431132,822,6.71295620067707
14,070,0043,1147,1407000431147,1584,7.368339686311381
14,070,0043,1202,1407000431202,427,6.059123195581797
14,070,0064,1293,1407000641293,1555,7.349873704738337
14,070,0064,1306,1407000641306,2999,8.006367567650246
14,070,0111,1310,1407001111310,1811,7.502186486602924
14,070,0111,1325,1407001111325,2374,7.772752716468742
14,070,0111,133A,140700111133A,1681,7.427738840532894
14,070,0111,1344,1407001111344,1485,7.303843225277705
14,070,0111,1359,1407001111359,1731,7.4570320891223805
14,071,0001,0095,1407100010095,792,6.675823221634848
14,071,0001,0108,1407100010108,67,4.219507705176107
14,072,0001,0073,1407200010073,1099,7.003065458786462
14,072,0001,0088,1407200010088,1139,7.038783541388542
14,072,0001,0092,1407200010092,66,4.204692619390966
14,072,0001,0105,1407200010105,405,6.0063531596017325
14,072,0001,011A,140720001011A,4,1.6094379124341003
14,072,0001,0124,1407200010124,419,6.040254711277414
14,072,0001,0139,1407200010139,10,2.3978952727983707
14,072,0001,0143,1407200010143,888,6.790097235513905
14,072,0001,0158,1407200010158,1282,7.1569563646156364
14,073,0001,0070,1407300010070,2395,7.78155595923534
14,073,0001,0140,1407300010140,3033,8.017637159908478
14,073,0001,016A,140730001016A,3192,8.068716192714781
14,073,0001,0189,1407300010189,2676,7.892452043520352
14,073,0001,0193,1407300010193,2265,7.725771441587952
14,073,0001,0206,1407300010206,4403,8.390268497842571
14,073,0001,0225,1407300010225,2066,7.633853559681768
14,073,0001,023A,140730001023A,1245,7.1276936993473985
14,073,0001,0244,1407300010244,3759,8.23217423638394
14,073,0001,0259,1407300010259,1793,7.492203042618741
14,073,0001,0263,1407300010263,2289,7.736307096548285
14,073,0001,0278,1407300010278,3271,8.093156697722637
14,073,0001,0282,1407300010282,3375,8.124446855715847
14,073,0001,0297,1407300010297,2031,7.616775808698373
14,073,0001,030A,140730001030A,541,6.295266001439646
14,073,0001,0314,1407300010314,19,2.995732273553991
14,073,0001,0329,1407300010329,1124,7.025538314638521
14,073,0001,0333,1407300010333,2050,7.62608275807238
14,073,0001,0348,1407300010348,1209,7.098375638590786
14,073,0001,0371,1407300010371,972,6.880384082186005
14,073,0001,0386,1407300010386,110,4.709530201312334
14,073,0001,0390,1407300010390,29,3.4011973816621555
14,073,0001,0403,1407300010403,270,5.602118820879701
14,073,0001,0418,1407300010418,0,0.0
14,073,0001,0422,1407300010422,19,2.995732273553991
14,073,0001,0437,1407300010437,1280,7.155396301896734
14,073,0001,0441,1407300010441,40,3.713572066704308
14,073,0001,0456,1407300010456,151,5.0238805208462765
14,073,0001,0460,1407300010460,892,6.794586580876499
14,073,0001,0475,1407300010475,0,0.0
14,073,0001,048A,140730001048A,0,0.0
14,073,0001,0494,1407300010494,77,4.356708826689592
14,073,0001,0507,1407300010507,222,5.407171771460119
14,073,0001,0511,1407300010511,33,3.5263605246161616
14,073,0001,0526,1407300010526,11,2.4849066497880004
14,073,0001,0530,1407300010530,0,0.0
14,073,0001,0545,1407300010545,0,0.0
14,073,0001,055A,140730001055A,0,0.0
14,073,0001,0564,1407300010564,0,0.0
14,073,0001,0579,1407300010579,203,5.318119993844216
14,073,0001,0583,1407300010583,27,3.332204510175204
14,073,0001,0598,1407300010598,1030,6.93828448401696
14,073,0001,0600,1407300010600,34,3.5553480614894135
14,073,0001,0615,1407300010615,2,1.0986122886681098
14,073,0001,062A,140730001062A,0,0.0
14,073,0001,0634,1407300010634,521,6.257667587882639
14,073,0001,0649,1407300010649,25,3.258096538021482
14,073,0001,0653,1407300010653,0,0.0
14,073,0001,0668,1407300010668,0,0.0
14,073,0001,0672,1407300010672,0,0.0
14,073,0221,0687,1407302210687,1704,7.4413203897176174
14,073,0221,0691,1407302210691,1665,7.418180822726788
14,074,0001,0059,1407400010059,3534,8.170468578330674
14,074,0001,0063,1407400010063,2543,7.841492924460013
14,074,0001,0078,1407400010078,2911,7.976595409316577
14,074,0001,0082,1407400010082,751,6.62273632394984
14,074,0001,0097,1407400010097,285,5.655991810819852
14,074,0001,010A,140740001010A,1385,7.234177179749849
14,074,0001,0114,1407400010114,814,6.703188113240863
14,074,0001,0129,1407400010129,44,3.8066624897703196
14,074,0001,0133,1407400010133,38,3.6635616461296463
14,074,0001,0148,1407400010148,4,1.6094379124341003
14,074,0001,0152,1407400010152,60,4.110873864173311
14,074,0001,0167,1407400010167,22,3.1354942159291497
14,074,0001,0171,1407400010171,1,0.6931471805599453
14,074,0001,0186,1407400010186,0,0.0
14,074,0001,0190,1407400010190,56,4.04305126783455
14,074,0001,0203,1407400010203,48,3.8918202981106265
14,074,0001,0218,1407400010218,47,3.871201010907891
14,074,0001,0222,1407400010222,260,5.564520407322694
14,074,0001,0237,1407400010237,143,4.969813299576001
14,074,0001,0241,1407400010241,3,1.3862943611198906
14,074,0001,0256,1407400010256,0,0.0
14,075,0001,0060,1407500010060,1290,7.1631723908466425
14,075,0001,0075,1407500010075,1226,7.112327444710911
14,075,0001,008A,140750001008A,81,4.406719247264253
14,075,0001,0094,1407500010094,273,5.6131281063880705
14,075,0001,0107,1407500010107,84,4.442651256490317
14,075,0001,0111,1407500010111,158,5.0689042022202315
14,075,0001,0126,1407500010126,259,5.560681631015528
14,075,0001,0130,1407500010130,12,2.5649493574615367
14,076,0001,0104,1407600010104,296,5.6937321388027
14,076,0001,0119,1407600010119,230,5.442417710521793
14,076,0001,0123,1407600010123,639,6.461468176353717
14,076,0001,0138,1407600010138,1097,7.001245622069476
14,076,0001,0142,1407600010142,20,3.044522437723423
14,077,0001,0120,1407700010120,1866,7.532088143541722
14,077,0001,0135,1407700010135,1291,7.163946684342547
14,077,0001,014A,140770001014A,3411,8.13505390861157
14,077,0001,0154,1407700010154,501,6.218600119691729
14,077,0001,0188,1407700010188,57,4.060443010546419
14,077,0001,0192,1407700010192,84,4.442651256490317
14,077,0001,0205,1407700010205,288,5.666426688112432
14,077,0001,021A,140770001021A,6,1.9459101490553132
14,077,0001,0224,1407700010224,69,4.248495242049359
14,077,0001,0239,1407700010239,154,5.043425116919247
14,077,0001,0243,1407700010243,76,4.343805421853684
14,077,0001,0313,1407700010313,29,3.4011973816621555
14,077,0001,0328,1407700010328,198,5.293304824724492
14,077,0001,0347,1407700010347,62,4.143134726391533
14,077,0005,0169,1407700050169,1852,7.52456122628536
14,077,0005,0173,1407700050173,1086,6.99117688712121
14,077,0005,0258,1407700050258,2,1.0986122886681098
14,077,0005,0262,1407700050262,80,4.394449154672439
14,077,0005,0277,1407700050277,26,3.295836866004329
14,077,0005,0281,1407700050281,126,4.844187086458591
14,077,0005,0332,1407700050332,0,0.0
14,077,0005,0351,1407700050351,3,1.3862943611198906
14,077,0015,0084,1407700150084,2699,7.90100705199242
14,077,0015,0366,1407700150366,9,2.302585092994046
14,077,0022,0296,1407700220296,1394,7.240649694255466
14,077,0022,0309,1407700220309,804,6.690842277418564
14,077,0022,0385,1407700220385,47,3.871201010907891
14,078,0001,0113,1407800010113,3760,8.232440158470336
14,078,0001,0147,1407800010147,2965,7.994969522697877
14,078,0001,0151,1407800010151,3536,8.17103418920548
14,078,0001,0166,1407800010166,977,6.885509670034818
14,078,0001,0170,1407800010170,524,6.263398262591624
14,078,0001,0185,1407800010185,1479,7.299797366758161
14,078,0001,019A,140780001019A,917,6.822197390620491
14,078,0001,0202,1407800010202,592,6.385194398997726
14,078,0001,0217,1407800010217,1913,7.5569505720129
14,078,0001,0221,1407800010221,1924,7.562681246721884
14,078,0001,0236,1407800010236,826,6.717804695023691
14,078,0001,0240,1407800010240,135,4.912654885736052
14,078,0001,0255,1407800010255,245,5.5053315359323625
14,078,0001,026A,140780001026A,43,3.784189633918261
14,078,0001,0274,1407800010274,61,4.127134385045092
14,078,0001,0289,1407800010289,47,3.871201010907891
14,078,0001,0293,1407800010293,21,3.091042453358316
14,078,0001,0306,1407800010306,1,0.6931471805599453
14,078,0001,0310,1407800010310,349,5.857933154483459
14,078,0001,0325,1407800010325,36,3.6109179126442243
14,078,0001,033A,140780001033A,5,1.791759469228055
14,078,0001,0344,1407800010344,135,4.912654885736052
14,078,0001,0359,1407800010359,29,3.4011973816621555
14,078,0001,0363,1407800010363,1937,7.569411792450712
14,078,0001,0378,1407800010378,1325,7.189922170745808
14,078,0001,0382,1407800010382,14,2.70805020110221
14,078,0001,0397,1407800010397,18,2.9444389791664403
14,078,0001,040A,140780001040A,0,0.0
14,078,0001,0414,1407800010414,0,0.0
14,078,0001,0429,1407800010429,145,4.983606621708336
14,078,0001,0433,1407800010433,23,3.1780538303479458
14,078,0001,0448,1407800010448,0,0.0
14,078,0001,0452,1407800010452,0,0.0
14,079,0001,0089,1407900010089,1084,6.98933526597456
14,079,0001,0106,1407900010106,192,5.262690188904886
14,079,0001,0125,1407900010125,26,3.295836866004329
14,079,0001,013A,140790001013A,0,0.0
14,079,0001,0144,1407900010144,147,4.997212273764115
14,079,0001,0159,1407900010159,1462,7.288244401020124
14,079,0001,0163,1407900010163,3476,8.153925132007862
14,079,0001,0178,1407900010178,155,5.049856007249537
14,079,0001,020A,140790001020A,119,4.787491742782046
14,079,0001,0214,1407900010214,278,5.631211781821365
14,079,0001,0229,1407900010229,0,0.0
14,079,0001,0271,1407900010271,135,4.912654885736052
14,079,0001,0286,1407900010286,20,3.044522437723423
14,079,0001,0290,1407900010290,10,2.3978952727983707
14,079,0030,0074,1407900300074,342,5.8377304471659395
14,079,0030,0093,1407900300093,507,6.230481447578482
14,079,0030,0182,1407900300182,78,4.3694478524670215
14,079,0030,0197,1407900300197,48,3.8918202981106265
14,079,0030,0233,1407900300233,2091,7.645875825184813
14,079,0030,0248,1407900300248,1909,7.554858521040676
14,079,0030,0252,1407900300252,23,3.1780538303479458
14,079,0030,0267,1407900300267,156,5.056245805348308
14,079,0030,0303,1407900300303,60,4.110873864173311
14,079,0030,0318,1407900300318,16,2.833213344056216
14,080,0001,0145,1408000010145,264,5.579729825986222
14,080,0001,015A,140800001015A,337,5.823045895483019
14,080,0001,0164,1408000010164,71,4.276666119016055
14,080,0001,0179,1408000010179,0,0.0
14,081,0001,0068,1408100010068,58,4.07753744390572
14,081,0001,0072,1408100010072,20,3.044522437723423
14,081,0001,0087,1408100010087,29,3.4011973816621555
14,081,0001,0091,1408100010091,27,3.332204510175204
14,081,0001,0104,1408100010104,345,5.846438775057725
14,081,0001,0119,1408100010119,476,6.1675164908883415
14,081,0001,0123,1408100010123,2,1.0986122886681098
14,081,0001,0138,1408100010138,0,0.0
14,081,0001,0161,1408100010161,0,0.0
14,081,0038,0142,1408100380142,85,4.454347296253507
14,081,0038,0157,1408100380157,394,5.978885764901122
14,082,0001,0046,1408200010046,4062,8.309676895987726
14,082,0001,0050,1408200010050,4596,8.433159195806228
14,082,0001,0099,1408200010099,3030,8.016647877057803
14,082,0001,0101,1408200010101,3189,8.06777619577889
14,082,0001,0120,1408200010120,470,6.154858094016418
14,082,0001,0135,1408200010135,1129,7.029972911706386
14,082,0001,014A,140820001014A,936,6.842683282238422
14,082,0001,0169,1408200010169,7,2.0794415416798357
14,082,0001,0173,1408200010173,88,4.48863636973214
14,082,0001,0188,1408200010188,42,3.7612001156935624
14,082,0001,0192,1408200010192,1267,7.145196134997171
14,082,0001,0205,1408200010205,0,0.0
14,082,0001,021A,140820001021A,0,0.0
14,082,0001,0224,1408200010224,0,0.0
14,082,0001,0239,1408200010239,0,0.0
14,082,0001,0243,1408200010243,44,3.8066624897703196
14,082,0001,0258,1408200010258,2212,7.70210434005105
14,082,0001,0262,1408200010262,1758,7.472500744737558
14,082,0001,0281,1408200010281,15,2.772588722239781
14,082,0001,0296,1408200010296,40,3.713572066704308
14,082,0001,0309,1408200010309,52,3.970291913552122
14,082,0001,0332,1408200010332,316,5.75890177387728
14,082,0001,0366,1408200010366,1572,7.360739903058278
14,082,0001,0370,1408200010370,1872,7.5352967024440884
14,082,0001,0385,1408200010385,33,3.5263605246161616
14,082,0001,039A,140820001039A,48,3.8918202981106265
14,082,0001,0402,1408200010402,0,0.0
14,082,0001,0417,1408200010417,11,2.4849066497880004
14,082,0026,0154,1408200260154,308,5.733341276897746
14,082,0026,0277,1408200260277,88,4.48863636973214
14,082,0026,0313,1408200260313,0,0.0
14,082,0026,0328,1408200260328,0,0.0
14,082,0026,0347,1408200260347,3160,8.058643712215618
14,082,0026,0351,1408200260351,3713,8.219864741912652
14,083,0001,0024,1408300010024,3830,8.25088114470065
14,083,0001,0039,1408300010039,3365,8.121480374750751
14,083,0001,0043,1408300010043,6213,8.734560089952993
14,083,0001,0132,1408300010132,3703,8.21716859576607
14,083,0001,0151,1408300010151,2035,7.618742377670413
14,083,0001,0166,1408300010166,3240,8.083637203141548
14,083,0001,0170,1408300010170,885,6.786716950605081
14,083,0001,0185,1408300010185,1223,7.1098794630722715
14,083,0001,0310,1408300010310,1666,7.418780882750794
14,083,0001,0325,1408300010325,320,5.771441123130016
14,083,0001,033A,140830001033A,1304,7.173958319756794
14,083,0001,0344,1408300010344,1062,6.968850378341948
14,083,0001,0359,1408300010359,93,4.543294782270004
14,083,0001,0363,1408300010363,2,1.0986122886681098
14,083,0001,0378,1408300010378,27,3.332204510175204
14,083,0001,0382,1408300010382,1808,7.500529485395295
14,083,0001,0397,1408300010397,4,1.6094379124341003
14,083,0001,040A,140830001040A,101,4.624972813284271
14,083,0001,0414,1408300010414,0,0.0
14,083,0001,0429,1408300010429,177,5.181783550292085
14,083,0001,0433,1408300010433,73,4.30406509320417
14,083,0001,0448,1408300010448,0,0.0
14,083,0001,0537,1408300010537,16,2.833213344056216
14,083,0001,0541,1408300010541,504,6.22455842927536
14,083,0001,0556,1408300010556,314,5.752572638825633
14,083,0001,0560,1408300010560,921,6.826545223556594
14,083,0001,0607,1408300010607,5,1.791759469228055
14,083,0001,0611,1408300010611,508,6.2324480165505225
14,083,0001,0626,1408300010626,92,4.532599493153256
14,083,0001,0630,1408300010630,352,5.8664680569332965
14,083,0001,0645,1408300010645,33,3.5263605246161616
14,083,0001,065A,140830001065A,71,4.276666119016055
14,083,0001,0664,1408300010664,505,6.226536669287466
14,083,0001,0679,1408300010679,33,3.5263605246161616
14,083,0001,0683,1408300010683,17,2.8903717578961645
14,083,0001,0700,1408300010700,23,3.1780538303479458
14,083,0001,0715,1408300010715,782,6.663132695990803
14,083,0001,072A,140830001072A,0,0.0
14,083,0001,0772,1408300010772,10,2.3978952727983707
14,083,0001,0787,1408300010787,49,3.912023005428146
14,083,0001,0791,1408300010791,0,0.0
14,083,0001,0819,1408300010819,20,3.044522437723423
14,083,0001,0823,1408300010823,6,1.9459101490553132
14,083,0001,0838,1408300010838,4,1.6094379124341003
14,083,0001,0842,1408300010842,0,0.0
14,083,0001,0876,1408300010876,0,0.0
14,083,0004,0109,1408300040109,2538,7.839525581704678
14,083,0004,0306,1408300040306,709,6.565264970035361
14,083,0004,0452,1408300040452,5,1.791759469228055
14,083,0004,0467,1408300040467,285,5.655991810819852
14,083,0004,0486,1408300040486,24,3.2188758248682006
14,083,0004,0490,1408300040490,68,4.23410650459726
14,083,0004,0734,1408300040734,13,2.6390573296152584
14,083,0004,0749,1408300040749,10,2.3978952727983707
14,083,0004,0857,1408300040857,0,0.0
14,083,0004,0861,1408300040861,11,2.4849066497880004
14,083,0013,0096,1408300130096,3468,8.15162164696975
14,083,0013,0217,1408300130217,607,6.410174881966167
14,083,0013,0221,1408300130221,1989,7.595889917718538
14,083,0013,0503,1408300130503,3,1.3862943611198906
14,083,0013,0518,1408300130518,84,4.442651256490317
14,083,0013,0575,1408300130575,0,0.0
14,083,0013,0698,1408300130698,13,2.6390573296152584
14,083,0013,0753,1408300130753,0,0.0
14,083,0013,0804,1408300130804,98,4.59511985013459
14,083,0016,0128,1408300160128,1589,7.371489295214277
14,083,0016,019A,140830016019A,517,6.249975242259483
14,083,0016,0202,1408300160202,1147,7.045776576879511
14,083,0016,0471,1408300160471,323,5.780743515792329
14,083,0016,0522,1408300160522,41,3.7376696182833684
14,083,0016,058A,140830016058A,0,0.0
14,083,0016,0594,1408300160594,14,2.70805020110221
14,083,0016,0768,1408300160768,24,3.2188758248682006
14,083,0220,0880,1408302200880,145,4.983606621708336
14,083,0220,0895,1408302200895,494,6.20455776256869
14,083,0220,0908,1408302200908,773,6.651571873589727
14,083,0220,0912,1408302200912,1213,7.101675971619444
14,083,0220,0927,1408302200927,1340,7.201170883281678
14,083,0220,0931,1408302200931,1514,7.323170717943469
14,083,0220,0946,1408302200946,914,6.818924065275521
14,083,0220,0950,1408302200950,1100,7.00397413672268
14,084,0001,0248,1408400010248,1691,7.433666540166168
14,084,0001,0252,1408400010252,1724,7.45298232946546
14,084,0001,0267,1408400010267,3246,8.085486772102845
14,084,0001,0271,1408400010271,803,6.6895992691789665
14,084,0001,0286,1408400010286,9,2.302585092994046
14,084,0001,0290,1408400010290,262,5.572154032177765
14,084,0001,0318,1408400010318,55,4.02535169073515
14,084,0001,0322,1408400010322,472,6.159095388491933
14,084,0001,0337,1408400010337,56,4.04305126783455
14,084,0001,0341,1408400010341,59,4.0943445622221
14,084,0001,0356,1408400010356,15,2.772588722239781
14,084,0001,0360,1408400010360,55,4.02535169073515
14,084,0001,0375,1408400010375,150,5.017279836814924
14,084,0001,038A,140840001038A,28,3.367295829986474
14,084,0001,0394,1408400010394,47,3.871201010907891
14,084,0001,0407,1408400010407,0,0.0
14,084,0001,0411,1408400010411,2,1.0986122886681098
14,084,0001,0426,1408400010426,0,0.0
14,084,0001,0430,1408400010430,8,2.1972245773362196
14,084,0001,0445,1408400010445,16,2.833213344056216
14,084,0001,045A,140840001045A,38,3.6635616461296463
14,084,0001,0464,1408400010464,62,4.143134726391533
14,084,0001,0479,1408400010479,20,3.044522437723423
14,084,0001,0483,1408400010483,21,3.091042453358316
14,085,0001,0086,1408500010086,1948,7.575071699507561
14,085,0001,0090,1408500010090,3526,8.168202930236053
14,085,0001,0103,1408500010103,4404,8.39049553837028
14,085,0001,0194,1408500010194,1864,7.5310163320779155
14,085,0001,0207,1408500010207,768,6.645090969505644
14,085,0001,0211,1408500010211,737,6.6039438246004725
14,085,0001,0226,1408500010226,162,5.093750200806762
14,085,0001,0230,1408500010230,270,5.602118820879701
14,085,0001,0245,1408500010245,1076,6.981934677156389
14,085,0001,0279,1408500010279,898,6.80128303447162
14,085,0001,0315,1408500010315,70,4.2626798770413155
14,085,0001,032A,140850001032A,127,4.852030263919617
14,085,0001,0334,1408500010334,118,4.77912349311153
14,085,0001,0349,1408500010349,36,3.6109179126442243
14,085,0001,0353,1408500010353,8,2.1972245773362196
14,085,0001,0368,1408500010368,117,4.770684624465665
14,085,0001,0438,1408500010438,593,6.386879319362645
14,085,0001,0442,1408500010442,8,2.1972245773362196
14,085,0001,0457,1408500010457,13,2.6390573296152584
14,085,0001,0461,1408500010461,14,2.70805020110221
14,085,0001,0508,1408500010508,226,5.424950017481403
14,085,0001,0512,1408500010512,245,5.5053315359323625
14,085,0001,0546,1408500010546,238,5.476463551931511
14,085,0001,0550,1408500010550,14,2.70805020110221
14,085,0001,0565,1408500010565,0,0.0
14,085,0001,057A,140850001057A,802,6.688354713946762
14,085,0001,0584,1408500010584,0,0.0
14,085,0001,0599,1408500010599,505,6.226536669287466
14,085,0173,0283,1408501730283,1212,7.10085190894405
14,085,0173,0298,1408501730298,1689,7.432483807917119
14,085,0173,0372,1408501730372,101,4.624972813284271
14,085,0173,0387,1408501730387,341,5.834810737062605
14,085,0173,0423,1408501730423,73,4.30406509320417
14,085,0173,0476,1408501730476,33,3.5263605246161616
14,085,0173,0480,1408501730480,28,3.367295829986474
14,085,0173,0495,1408501730495,5,1.791759469228055
14,085,0173,0527,1408501730527,8,2.1972245773362196
14,085,0173,0531,1408501730531,0,0.0
14,086,0001,0083,1408600010083,1435,7.269616749608169
14,086,0001,0098,1408600010098,1467,7.291656209174461
14,086,0001,0100,1408600010100,1774,7.4815557019095165
14,086,0001,0115,1408600010115,690,6.53813982376767
14,086,0001,012A,140860001012A,0,0.0
14,086,0001,0134,1408600010134,10,2.3978952727983707
14,086,0001,0149,1408600010149,136,4.919980925828125
14,086,0001,0153,1408600010153,9,2.302585092994046
14,086,0001,0168,1408600010168,201,5.308267697401205
14,086,0001,0172,1408600010172,0,0.0
14,086,0001,0191,1408600010191,56,4.04305126783455
14,086,0001,0204,1408600010204,4,1.6094379124341003
14,086,0019,0219,1408600190219,1559,7.352441100243583
14,086,0019,0223,1408600190223,1435,7.269616749608169
14,086,0019,0238,1408600190238,22,3.1354942159291497
14,086,0019,0242,1408600190242,0,0.0
14,087,0001,017A,140870001017A,2122,7.660585461703256
14,087,0001,0184,1408700010184,1553,7.348587530927593
14,087,0001,0199,1408700010199,1596,7.3758821482150125
14,087,0001,0201,1408700010201,1670,7.421177528595393
14,087,0001,0216,1408700010216,1420,7.259116128097101
14,087,0001,0220,1408700010220,1437,7.271008538280992
14,087,0001,0235,1408700010235,255,5.545177444479562
14,087,0001,024A,140870001024A,547,6.306275286948016
14,087,0001,0254,1408700010254,615,6.423246963533519
14,087,0001,0269,1408700010269,326,5.7899601708972535
14,087,0001,0273,1408700010273,379,5.940171252720432
14,087,0001,0288,1408700010288,96,4.574710978503383
14,087,0001,0292,1408700010292,32,3.4965075614664802
14,087,0001,0324,1408700010324,4,1.6094379124341003
14,087,0001,0339,1408700010339,354,5.872117789475416
14,087,0001,0343,1408700010343,0,0.0
14,087,0001,0358,1408700010358,0,0.0
14,087,0001,0362,1408700010362,5,1.791759469228055
14,088,0001,0143,1408800010143,140,4.948759890378168
14,088,0001,0158,1408800010158,688,6.535241271013659
14,088,0001,0162,1408800010162,1270,7.147559271189454
14,088,0001,0177,1408800010177,404,6.003887067106539
14,088,0001,0181,1408800010181,250,5.5254529391317835
14,088,0001,0196,1408800010196,515,6.246106765481563
14,088,0001,0209,1408800010209,1942,7.57198844937744
14,088,0001,0213,1408800010213,1473,7.295735072749282
14,088,0001,0228,1408800010228,27,3.332204510175204
14,088,0001,0232,1408800010232,1456,7.284134806195205
14,088,0001,0247,1408800010247,1024,6.932447891572509
14,089,0001,0032,1408900010032,1115,7.017506142941256
14,089,0001,0047,1408900010047,1137,7.037027614686276
14,089,0001,0051,1408900010051,151,5.0238805208462765
14,089,0001,0066,1408900010066,49,3.912023005428146
14,089,0001,0070,1408900010070,6,1.9459101490553132
14,089,0001,0085,1408900010085,16,2.833213344056216
14,089,0001,009A,140890001009A,2,1.0986122886681098
14,090,0001,0067,1409000010067,220,5.3981627015177525
14,090,0001,0071,1409000010071,200,5.303304908059076
14,090,0001,0086,1409000010086,619,6.429719478039138
14,090,0001,0090,1409000010090,334,5.814130531825066
14,090,0001,0103,1409000010103,1431,7.266827347520591
14,090,0001,0118,1409000010118,1901,7.550661243105336
14,090,0001,0137,1409000010137,1,0.6931471805599453
14,090,0001,0141,1409000010141,5,1.791759469228055
14,091,0001,0100,1409100010100,1877,7.537962659768208
14,091,0001,0115,1409100010115,1854,7.5256399750415355
14,091,0001,012A,140910001012A,1414,7.254884810077338
14,091,0001,0172,1409100010172,3710,8.219056661060598
14,091,0001,0191,1409100010191,2218,7.704811922932594
14,091,0001,0204,1409100010204,1892,7.545918151209323
14,091,0001,0219,1409100010219,344,5.84354441703136
14,091,0001,0223,1409100010223,1129,7.029972911706386
14,091,0001,0238,1409100010238,1228,7.113956109566034
14,091,0001,0242,1409100010242,720,6.580639137284949
14,091,0001,0257,1409100010257,1630,7.396948602621014
14,091,0001,0308,1409100010308,266,5.58724865840025
14,091,0001,0312,1409100010312,1,0.6931471805599453
14,091,0001,0327,1409100010327,93,4.543294782270004
14,091,0001,0331,1409100010331,41,3.7376696182833684
14,091,0001,0346,1409100010346,40,3.713572066704308
14,091,0001,0350,1409100010350,88,4.48863636973214
14,091,0001,0365,1409100010365,63,4.1588830833596715
14,091,0001,0384,1409100010384,36,3.6109179126442243
14,091,0001,0399,1409100010399,328,5.796057750765372
14,091,0001,0401,1409100010401,33,3.5263605246161616
14,091,0001,0416,1409100010416,39,3.6888794541139363
14,091,0001,0420,1409100010420,42,3.7612001156935624
14,091,0001,0435,1409100010435,505,6.226536669287466
14,091,0001,044A,140910001044A,402,5.998936561946683
14,091,0001,0454,1409100010454,26,3.295836866004329
14,091,0001,0469,1409100010469,1992,7.597396320212795
14,091,0001,0473,1409100010473,1508,7.319202458767849
14,091,0001,0488,1409100010488,93,4.543294782270004
14,091,0001,0492,1409100010492,79,4.382026634673881
14,091,0001,0505,1409100010505,11,2.4849066497880004
14,091,0001,051A,140910001051A,10,2.3978952727983707
14,091,0001,0524,1409100010524,1,0.6931471805599453
14,091,0001,0539,1409100010539,13,2.6390573296152584
14,091,0071,0543,1409100710543,1341,7.201916317531627
14,091,0071,0558,1409100710558,1259,7.138866999945524
14,092,0001,0061,1409200010061,584,6.371611847231857
14,092,0001,0076,1409200010076,166,5.117993812416755
14,092,0001,0080,1409200010080,1889,7.5443321080536885
14,092,0001,0095,1409200010095,1291,7.163946684342547
14,092,0001,0108,1409200010108,0,0.0
14,092,0001,0112,1409200010112,8,2.1972245773362196
14,092,0001,0127,1409200010127,0,0.0
14,092,0001,0131,1409200010131,0,0.0
14,093,0001,0073,1409300010073,2636,7.877397186353287
14,093,0001,0088,1409300010088,3644,8.201111644442758
14,093,0001,0092,1409300010092,4382,8.38548870041881
14,093,0001,0105,1409300010105,2832,7.949091499830517
14,093,0001,011A,140930001011A,3123,8.046869510959576
14,093,0001,0124,1409300010124,3600,8.188966863648876
14,093,0001,0139,1409300010139,3399,8.131530710604252
14,093,0001,0143,1409300010143,2698,7.900636613018005
14,093,0001,0158,1409300010158,5575,8.62622695244036
14,093,0001,0285,1409300010285,1532,7.334981878871814
14,093,0001,029A,140930001029A,4434,8.39728289474368
14,093,0001,0317,1409300010317,831,6.723832440821209
14,093,0001,0410,1409300010410,1157,7.05444965813294
14,093,0001,0425,1409300010425,934,6.840546529288687
14,093,0001,0444,1409300010444,657,6.489204931325317
14,093,0001,0459,1409300010459,174,5.1647859739235145
14,093,0001,0463,1409300010463,1220,7.107425474110705
14,093,0001,0478,1409300010478,1712,7.44600149832412
14,093,0001,0552,1409300010552,3781,8.238008249218403
14,093,0001,0567,1409300010567,2066,7.633853559681768
14,093,0001,0571,1409300010571,3561,8.178077463849608
14,093,0001,0586,1409300010586,3641,8.200288260287554
14,093,0001,0707,1409300010707,2086,7.643482907077201
14,093,0001,0711,1409300010711,1327,7.191429330036379
14,093,0001,0745,1409300010745,744,6.61338421837956
14,093,0001,075A,140930001075A,4,1.6094379124341003
14,093,0001,0764,1409300010764,20,3.044522437723423
14,093,0001,0779,1409300010779,14,2.70805020110221
14,093,0001,0783,1409300010783,60,4.110873864173311
14,093,0001,0798,1409300010798,607,6.410174881966167
14,093,0001,0800,1409300010800,58,4.07753744390572
14,093,0001,0815,1409300010815,0,0.0
14,093,0001,082A,140930001082A,26,3.295836866004329
14,093,0001,0834,1409300010834,859,6.756932389247553
14,093,0001,0849,1409300010849,1184,7.077498053569231
14,093,0001,0868,1409300010868,24,3.2188758248682006
14,093,0001,0942,1409300010942,436,6.07993319509559
14,093,0001,0957,1409300010957,3839,8.253227645581772
14,093,0001,0961,1409300010961,3624,8.195609567288775
14,093,0001,0976,1409300010976,243,5.497168225293202
14,093,0001,0980,1409300010980,2779,7.930206206684683
14,093,0001,1067,1409300011067,69,4.248495242049359
14,093,0001,1071,1409300011071,668,6.505784060128229
14,093,0001,1118,1409300011118,9,2.302585092994046
14,093,0001,1122,1409300011122,46,3.8501476017100584
14,093,0001,1137,1409300011137,74,4.31748811353631
14,093,0001,1141,1409300011141,429,6.063785208687608
14,093,0001,1156,1409300011156,0,0.0
14,093,0001,1264,1409300011264,2185,7.689828668736484
14,093,0001,1279,1409300011279,2482,7.817222785508166
14,093,0001,1283,1409300011283,2151,7.674152921281675
14,093,0001,1298,1409300011298,2489,7.820037989458753
14,093,0001,1300,1409300011300,1172,7.067319848653476
14,093,0001,1315,1409300011315,1295,7.16703787691222
14,093,0001,132A,140930001132A,8,2.1972245773362196
14,093,0001,1334,1409300011334,353,5.869296913133774
14,093,0001,1349,1409300011349,374,5.926926025970411
14,093,0001,1353,1409300011353,83,4.430816798843313
14,093,0001,1368,1409300011368,1314,7.181591944611865
14,093,0001,1438,1409300011438,1168,7.063903961472068
14,093,0001,1442,1409300011442,39,3.6888794541139363
14,093,0001,1457,1409300011457,25,3.258096538021482
14,093,0001,1461,1409300011461,3,1.3862943611198906
14,093,0001,1480,1409300011480,0,0.0
14,093,0058,0393,1409300580393,2720,7.908754738783246
14,093,0058,050A,140930058050A,1135,7.035268599281097
14,093,0058,0514,1409300580514,1350,7.208600337960199
14,093,0058,0622,1409300580622,1513,7.322510433997394
14,093,0058,0637,1409300580637,1981,7.591861714889934
14,093,0058,068A,140930058068A,1213,7.101675971619444
14,093,0058,0694,1409300580694,1921,7.561121589530238
14,093,0058,0730,1409300580730,192,5.262690188904886
14,093,0058,0872,1409300580872,179,5.19295685089021
14,093,0058,0887,1409300580887,216,5.37989735354046
14,093,0058,0938,1409300580938,43,3.784189633918261
14,093,0058,0995,1409300580995,270,5.602118820879701
14,093,0058,100A,140930058100A,285,5.655991810819852
14,093,0058,1086,1409300581086,0,0.0
14,093,0058,1090,1409300581090,0,0.0
14,093,0058,1103,1409300581103,35,3.58351893845611
14,093,0058,1160,1409300581160,0,0.0
14,093,0058,1175,1409300581175,21,3.091042453358316
14,093,0058,118A,140930058118A,4,1.6094379124341003
14,093,0058,1194,1409300581194,182,5.209486152841421
14,093,0058,1207,1409300581207,0,0.0
14,093,0058,1372,1409300581372,0,0.0
14,093,0058,1387,1409300581387,12,2.5649493574615367
14,093,0058,1391,1409300581391,5,1.791759469228055
14,093,0058,1404,1409300581404,0,0.0
14,093,0058,1495,1409300581495,31,3.4657359027997265
14,093,0188,1014,1409301881014,562,6.333279628139691
14,093,0188,1029,1409301881029,885,6.786716950605081
14,093,0188,1033,1409301881033,998,6.906754778648554
14,093,0188,1245,1409301881245,4,1.6094379124341003
14,093,0188,125A,140930188125A,0,0.0
14,093,0223,0482,1409302230482,362,5.8944028342648505
14,093,0223,0497,1409302230497,122,4.812184355372417
14,093,0223,0603,1409302230603,1641,7.403670290012373
14,093,0223,0618,1409302230618,1645,7.406103381237015
14,093,0223,0891,1409302230891,7,2.0794415416798357
14,093,0223,1052,1409302231052,35,3.58351893845611
14,093,0223,1211,1409302231211,0,0.0
14,093,0223,1419,1409302231419,2,1.0986122886681098
14,093,0223,1423,1409302231423,136,4.919980925828125
14,093,0223,1476,1409302231476,113,4.736198448394496
14,093,0291,043A,140930291043A,1354,7.2115567333138015
14,093,0291,0533,1409302910533,160,5.081404364984463
14,093,0291,0548,1409302910548,284,5.652489180268651
14,093,0291,0660,1409302910660,1470,7.293697720601438
14,093,0291,0675,1409302910675,1324,7.1891677384203225
14,093,0291,0726,1409302910726,368,5.910796644040527
14,093,0291,0904,1409302910904,81,4.406719247264253
14,093,0291,0919,1409302910919,42,3.7612001156935624
14,093,0291,1048,1409302911048,103,4.6443908991413725
14,093,0291,1226,1409302911226,0,0.0
14,093,0291,1230,1409302911230,4,1.6094379124341003
14,094,0001,0206,1409400010206,3965,8.285513309079741
14,094,0001,023A,140940001023A,3253,8.087640287778983
14,094,0001,0259,1409400010259,1104,7.007600613951853
14,094,0001,0263,1409400010263,3197,8.0702808933939
14,094,0001,0278,1409400010278,3502,8.161375023197486
14,094,0001,0282,1409400010282,3819,8.24800570160062
14,094,0001,0297,1409400010297,4243,8.353261499733874
14,094,0001,030A,140940001030A,305,5.723585101952381
14,094,0001,0314,1409400010314,376,5.932245187448011
14,094,0001,0329,1409400010329,2361,7.767263996757308
14,094,0001,0333,1409400010333,105,4.663439094112067
14,094,0001,0348,1409400010348,642,6.466144724237619
14,094,0001,0352,1409400010352,437,6.082218910376446
14,094,0001,0367,1409400010367,302,5.713732805509369
14,094,0001,0371,1409400010371,649,6.476972362889683
14,094,0001,0386,1409400010386,28,3.367295829986474
14,094,0001,0390,1409400010390,25,3.258096538021482
14,094,0001,0403,1409400010403,41,3.7376696182833684
14,094,0001,0418,1409400010418,12,2.5649493574615367
14,094,0001,0422,1409400010422,209,5.3471075307174685
14,094,0001,0437,1409400010437,93,4.543294782270004
14,094,0001,0441,1409400010441,424,6.052089168924417
14,094,0001,0456,1409400010456,76,4.343805421853684
14,094,0001,0460,1409400010460,10,2.3978952727983707
14,094,0001,0475,1409400010475,16,2.833213344056216
14,094,0001,048A,140940001048A,4,1.6094379124341003
14,094,0001,0494,1409400010494,5,1.791759469228055
14,094,0124,0507,1409401240507,784,6.665683717782408
14,094,0124,0511,1409401240511,845,6.740519359606223
14,094,0124,0526,1409401240526,873,6.773080375655535
14,095,0001,0078,1409500010078,198,5.293304824724492
14,095,0001,0082,1409500010082,1066,6.9726062513017535
14,095,0001,0097,1409500010097,607,6.410174881966167
14,095,0001,010A,140950001010A,1324,7.1891677384203225
14,095,0001,0114,1409500010114,543,6.298949246855942
14,095,0001,0129,1409500010129,3,1.3862943611198906
14,095,0001,0133,1409500010133,26,3.295836866004329
14,095,0001,0148,1409500010148,1,0.6931471805599453
14,095,0001,0152,1409500010152,0,0.0
14,095,0001,0167,1409500010167,6,1.9459101490553132
14,096,0001,0094,1409600010094,2775,7.9287663216266955
14,096,0001,0107,1409600010107,1848,7.522400231387125
14,096,0001,0111,1409600010111,2271,7.7284157798410416
14,096,0001,0126,1409600010126,831,6.723832440821209
14,096,0001,0130,1409600010130,794,6.678342114654332
14,096,0001,0145,1409600010145,26,3.295836866004329
14,096,0001,015A,140960001015A,1015,6.923628628138427
14,096,0001,0198,1409600010198,17,2.8903717578961645
14,096,0001,0200,1409600010200,165,5.111987788356544
14,096,0001,0215,1409600010215,1883,7.5411524551363085
14,096,0001,022A,140960001022A,846,6.741700694652055
14,096,0001,0234,1409600010234,6,1.9459101490553132
14,096,0001,0249,1409600010249,15,2.772588722239781
14,096,0001,0253,1409600010253,30,3.4339872044851463
14,096,0001,0268,1409600010268,48,3.8918202981106265
14,096,0001,0272,1409600010272,875,6.775366090936392
14,096,0001,0287,1409600010287,1432,7.267525427828172
14,096,0001,0291,1409600010291,0,0.0
14,096,0014,0164,1409600140164,933,6.839476438228843
14,096,0014,0179,1409600140179,1088,6.9930151229329605
14,096,0014,0183,1409600140183,836,6.729824070489475
14,096,0014,0304,1409600140304,0,0.0
14,096,0014,0319,1409600140319,12,2.5649493574615367
14,097,0001,0195,1409700010195,1641,7.403670290012373
14,097,0001,0208,1409700010208,901,6.804614520062624
14,097,0001,0212,1409700010212,1436,7.270312886079025
14,097,0001,0513,1409700010513,148,5.003946305945459
14,097,0001,0528,1409700010528,388,5.963579343618446
14,097,0001,0532,1409700010532,1216,7.104144092987527
14,097,0001,0566,1409700010566,0,0.0
14,097,0001,0636,1409700010636,162,5.093750200806762
14,097,0001,0918,1409700010918,3264,8.09101504171053
14,097,0001,0922,1409700010922,3723,8.222553638396958
14,097,0001,0937,1409700010937,3310,8.105005537547246
14,097,0001,0941,1409700010941,3921,8.274357006756292
14,097,0001,1085,1409700011085,41,3.7376696182833684
14,097,0001,109A,140970001109A,142,4.962844630259907
14,097,0001,1102,1409700011102,61,4.127134385045092
14,097,0001,1117,1409700011117,156,5.056245805348308
14,097,0001,1121,1409700011121,0,0.0
14,097,0001,1136,1409700011136,169,5.135798437050262
14,097,0001,1371,1409700011371,18,2.9444389791664403
14,097,0001,1386,1409700011386,17,2.8903717578961645
14,097,0001,2098,1409700012098,4055,8.30795254527102
14,097,0001,2100,1409700012100,2606,7.865955413933502
14,097,0001,2115,1409700012115,1342,7.202661196523238
14,097,0001,212A,140970001212A,527,6.269096283706261
14,097,0001,2134,1409700012134,965,6.873163834212518
14,097,0001,2331,1409700012331,30,3.4339872044851463
14,097,0001,2346,1409700012346,15,2.772588722239781
14,097,0001,2473,1409700012473,19,2.995732273553991
14,097,0001,2488,1409700012488,0,0.0
14,097,0005,0335,1409700050335,3069,8.029432840581244
14,097,0005,034A,140970005034A,2123,7.66105638236183
14,097,0005,0640,1409700050640,0,0.0
14,097,0005,0655,1409700050655,14,2.70805020110221
14,097,0005,066A,140970005066A,25,3.258096538021482
14,097,0005,1314,1409700051314,11,2.4849066497880004
14,097,0005,1329,1409700051329,41,3.7376696182833684
14,097,0005,2581,1409700052581,40,3.713572066704308
14,097,0009,2810,1409700092810,1495,7.310550158534422
14,097,0009,2825,1409700092825,666,6.502790045915623
14,097,0009,283A,140970009283A,1385,7.234177179749849
14,097,0009,2844,1409700092844,1566,7.356918242356021
14,097,0009,2859,1409700092859,370,5.916202062607435
14,097,0009,2863,1409700092863,265,5.583496308781699
14,097,0009,2878,1409700092878,700,6.55250788703459
14,097,0009,2882,1409700092882,1581,7.366445148327599
14,097,0009,2897,1409700092897,696,6.546785410760524
14,097,0015,0227,1409700150227,1291,7.163946684342547
14,097,0015,0674,1409700150674,512,6.240275845170769
14,097,0015,0689,1409700150689,12,2.5649493574615367
14,097,0015,0693,1409700150693,8,2.1972245773362196
14,097,0015,0706,1409700150706,11,2.4849066497880004
14,097,0015,0710,1409700150710,168,5.1298987149230735
14,097,0015,0725,1409700150725,126,4.844187086458591
14,097,0015,0956,1409700150956,2134,7.666221925662725
14,097,0015,0960,1409700150960,2644,7.8804263442924
14,097,0015,1333,1409700151333,13,2.6390573296152584
14,097,0015,1348,1409700151348,0,0.0
14,097,0015,1723,1409700151723,9,2.302585092994046
14,097,0015,1738,1409700151738,0,0.0
14,097,0015,2064,1409700152064,586,6.375024819828097
14,097,0015,2492,1409700152492,5,1.791759469228055
14,097,0015,2539,1409700152539,14,2.70805020110221
14,097,0020,1013,1409700201013,2466,7.810758116529357
14,097,0023,2755,1409700232755,947,6.854354502255021
14,097,0023,276A,140970023276A,1826,7.510430556378006
14,097,0025,0299,1409700250299,3825,8.249575150000199
14,097,0025,0354,1409700250354,4056,8.308199063206446
14,097,0025,0369,1409700250369,4588,8.431417414394833
14,097,0025,0458,1409700250458,260,5.564520407322694
14,097,0025,0462,1409700250462,1761,7.474204806496124
14,097,0025,0477,1409700250477,2738,7.915348169263078
14,097,0025,0759,1409700250759,69,4.248495242049359
14,097,0025,0763,1409700250763,1584,7.368339686311381
14,097,0025,0778,1409700250778,119,4.787491742782046
14,097,0025,0782,1409700250782,197,5.288267030694535
14,097,0025,0797,1409700250797,387,5.961005339623274
14,097,0025,080A,140970025080A,775,6.654152520183219
14,097,0025,0814,1409700250814,1416,7.256297239690681
14,097,0025,0994,1409700250994,227,5.429345628954441
14,097,0025,1193,1409700251193,8,2.1972245773362196
14,097,0025,1206,1409700251206,698,6.54965074223381
14,097,0025,1210,1409700251210,817,6.706862336602747
14,097,0025,1225,1409700251225,15,2.772588722239781
14,097,0025,1297,1409700251297,268,5.594711379601839
14,097,0025,130A,140970025130A,55,4.02535169073515
14,097,0025,1390,1409700251390,420,6.042632833682381
14,097,0025,1403,1409700251403,112,4.727387818712341
14,097,0025,1418,1409700251418,135,4.912654885736052
14,097,0025,1422,1409700251422,34,3.5553480614894135
14,097,0025,1456,1409700251456,2229,7.709756864454165
14,097,0025,1460,1409700251460,227,5.429345628954441
14,097,0025,1988,1409700251988,533,6.280395838960195
14,097,0025,2191,1409700252191,100,4.61512051684126
14,097,0025,2204,1409700252204,5,1.791759469228055
14,097,0025,2223,1409700252223,636,6.456769655572163
14,097,0025,2295,1409700252295,195,5.278114659230517
14,097,0025,2399,1409700252399,597,6.393590753950631
14,097,0025,2420,1409700252420,17,2.8903717578961645
14,097,0025,2543,1409700252543,445,6.100318952020064
14,097,0025,2558,1409700252558,9,2.302585092994046
14,097,0025,2562,1409700252562,65,4.189654742026425
14,097,0025,2609,1409700252609,802,6.688354713946762
14,097,0031,2774,1409700312774,1710,7.444833273892193
14,097,0031,2789,1409700312789,795,6.679599185844383
14,097,0032,0053,1409700320053,5887,8.680671660408713
14,097,0032,0180,1409700320180,4113,8.322151070212902
14,097,0032,0265,1409700320265,2856,7.957527402230773
14,097,0032,027A,140970032027A,1980,7.591357046698551
14,097,0032,0284,1409700320284,3737,8.226305988015508
14,097,0032,0481,1409700320481,57,4.060443010546419
14,097,0032,0496,1409700320496,99,4.605170185988092
14,097,0032,0509,1409700320509,438,6.0844994130751715
14,097,0032,0829,1409700320829,2695,7.899524472032198
14,097,0032,0833,1409700320833,107,4.68213122712422
14,097,0032,1140,1409700321140,259,5.560681631015528
14,097,0032,1155,1409700321155,81,4.406719247264253
14,097,0032,116A,140970032116A,1520,7.327123292259293
14,097,0032,1174,1409700321174,137,4.927253685157205
14,097,0032,1189,1409700321189,1785,7.487733761436444
14,097,0032,1437,1409700321437,1914,7.557472901614746
14,097,0032,1441,1409700321441,130,4.875197323201151
14,097,0032,1831,1409700321831,324,5.783825182329737
14,097,0032,1846,1409700321846,2,1.0986122886681098
14,097,0032,1850,1409700321850,17,2.8903717578961645
14,097,0034,0250,1409700340250,3143,8.053251153549096
14,097,0034,0373,1409700340373,3252,8.087332926473351
14,097,0034,0388,1409700340388,2638,7.878155336503324
14,097,0034,0547,1409700340547,305,5.723585101952381
14,097,0034,0848,1409700340848,81,4.406719247264253
14,097,0034,1352,1409700341352,173,5.159055299214529
14,097,0034,1367,1409700341367,24,3.2188758248682006
14,097,0034,2079,1409700342079,1526,7.3310603052186325
14,097,0034,2350,1409700342350,47,3.871201010907891
14,097,0034,2505,1409700342505,15,2.772588722239781
14,097,0035,0138,1409700350138,5858,8.675734219544788
14,097,0035,0231,1409700350231,3601,8.189244525735901
14,097,0035,0246,1409700350246,1307,7.176254532017144
14,097,0035,0392,1409700350392,269,5.598421958998375
14,097,0035,0405,1409700350405,4014,8.297792626380861
14,097,0035,0551,1409700350551,1929,7.5652752818989315
14,097,0035,0852,1409700350852,4522,8.416930769477844
14,097,0035,0867,1409700350867,248,5.517452896464707
14,097,0035,1742,1409700351742,3134,8.050384453067021
14,097,0035,1757,1409700351757,1980,7.591357046698551
14,097,0035,2435,1409700352435,4,1.6094379124341003
14,097,0038,1795,1409700381795,984,6.892641641172089
14,097,0038,1808,1409700381808,1378,7.229113877793302
14,097,0038,1812,1409700381812,99,4.605170185988092
14,097,0038,1827,1409700381827,76,4.343805421853684
14,097,0038,2242,1409700382242,1099,7.003065458786462
14,097,0038,2257,1409700382257,31,3.4657359027997265
14,097,0038,2261,1409700382261,6,1.9459101490553132
14,097,0038,2384,1409700382384,0,0.0
14,097,0038,2524,1409700382524,168,5.1298987149230735
14,097,0041,1009,1409700411009,441,6.091309882077698
14,097,0041,1259,1409700411259,2909,7.975908360165538
14,097,0041,1263,1409700411263,2894,7.970740390007095
14,097,0041,2149,1409700412149,25,3.258096538021482
14,097,0043,2613,1409700432613,1435,7.269616749608169
14,097,0043,2628,1409700432628,1276,7.152268856032539
14,097,0093,1028,1409700931028,2457,7.80710329012598
14,097,0115,0871,1409701150871,674,6.51471269087253
14,097,0115,0886,1409701150886,1288,7.161622002939187
14,097,0115,0890,1409701150890,2551,7.844632644464681
14,097,0115,1278,1409701151278,214,5.3706380281276624
14,097,0115,1511,1409701151511,1097,7.001245622069476
14,097,0115,1992,1409701151992,2571,7.85243908535751
14,097,0115,2007,1409701152007,0,0.0
14,097,0115,2596,1409701152596,618,6.428105272684596
14,097,0180,0301,1409701800301,1956,7.579167967396076
14,097,0180,1047,1409701801047,32,3.4965075614664802
14,097,0180,123A,140970180123A,1372,7.224753405767971
14,097,0180,1244,1409701801244,1445,7.27655640271871
14,097,0180,2577,1409701802577,32,3.4965075614664802
14,097,0424,0443,1409704240443,0,0.0
14,097,0424,0570,1409704240570,1087,6.992096427415888
14,097,0424,0975,1409704240975,2210,7.701200180857446
14,097,0424,098A,140970424098A,4083,8.314832179284556
14,097,0424,1761,1409704241761,3491,8.158229916959494
14,097,0424,1776,1409704241776,1554,7.349230824613334
14,097,0560,1032,1409705601032,3041,8.020270472819238
14,097,0560,1282,1409705601282,5,1.791759469228055
14,097,0560,1719,1409705601719,467,6.148468295917647
14,097,0777,1780,1409707771780,4522,8.416930769477844
14,097,0777,2365,1409707772365,3561,8.178077463849608
14,097,0777,237A,140970777237A,0,0.0
14,097,0777,244A,140970777244A,358,5.883322388488279
14,097,0822,1526,1409708221526,5984,8.697011617992073
14,097,0822,1530,1409708221530,9830,9.193295937366925
14,097,0822,1545,1409708221545,5140,8.545002892055505
14,097,0822,155A,140970822155A,3485,8.156510226079966
14,097,0822,1564,1409708221564,6337,8.754318540250866
14,097,0822,1579,1409708221579,3865,8.259975659768276
14,097,0822,1583,1409708221583,4662,8.44741429680832
14,097,0822,1598,1409708221598,4607,8.435549202375727
14,097,0822,1600,1409708221600,2706,7.903596289614301
14,097,0822,1615,1409708221615,2405,7.785720896534624
14,097,0822,1899,1409708221899,1991,7.596894438144544
14,097,0822,1901,1409708221901,1723,7.452402451223638
14,097,0822,1916,1409708221916,3298,8.101374671228582
14,097,0822,1920,1409708221920,2931,7.983440063006542
14,097,0822,1935,1409708221935,3290,8.098946748943339
14,097,0822,194A,140970822194A,3506,8.162516250140179
14,097,0822,1954,1409708221954,3033,8.017637159908478
14,097,0822,1969,1409708221969,3928,8.27614021955846
14,097,0822,1973,1409708221973,2897,7.971776122880628
14,097,0822,2153,1409708222153,765,6.641182169740591
14,097,0822,2168,1409708222168,3390,8.128880142125638
14,097,0822,2172,1409708222172,3140,8.052296499538647
14,097,0822,2219,1409708222219,2724,7.9102237070973445
14,097,0822,2469,1409708222469,1173,7.068172000388042
14,097,0822,251A,140970822251A,125,4.836281906951478
14,097,0831,1634,1409708311634,3489,8.157657015196472
14,097,0831,1649,1409708311649,1707,7.443078374348516
14,097,0831,1653,1409708311653,3522,8.167068178341237
14,097,0831,2011,1409708312011,1453,7.282073658093465
14,097,0831,2026,1409708312026,1510,7.32052696227274
14,097,0831,2030,1409708312030,0,0.0
14,097,0831,2045,1409708312045,1180,7.074116816197362
14,097,0831,205A,140970831205A,1071,6.977281341630747
14,097,0831,2187,1409708312187,17,2.8903717578961645
14,097,0833,1475,1409708331475,1389,7.237059026124737
14,097,0833,148A,140970833148A,1986,7.594381242551817
14,097,0833,1494,1409708331494,1834,7.51479976048867
14,097,0833,1507,1409708331507,1777,7.48324441607385
14,097,0833,162A,140970833162A,1970,7.58629630715272
14,097,0833,1865,1409708331865,1403,7.247080584585756
14,097,0833,2276,1409708332276,568,6.343880434126331
14,097,0833,2280,1409708332280,114,4.74493212836325
14,097,0833,2454,1409708332454,37,3.6375861597263857
14,097,0835,2721,1409708352721,1874,7.536363938404511
14,097,0835,2736,1409708352736,2194,7.693937325509272
14,097,0835,2740,1409708352740,1613,7.3864708488298945
14,097,0836,2793,1409708362793,2410,7.787796878181171
14,097,0836,2806,1409708362806,2131,7.664815785285735
14,097,0843,2632,1409708432632,998,6.906754778648554
14,097,0843,2647,1409708432647,2242,7.715569534520208
14,097,0843,2651,1409708432651,2416,7.790282380703483
14,097,0843,2666,1409708432666,2752,7.920446505142607
14,097,0843,2670,1409708432670,1680,7.427144133408616
14,097,0843,2685,1409708432685,1905,7.552762084214147
14,097,0843,269A,140970843269A,3407,8.133880887949207
14,097,0843,2702,1409708432702,1741,7.462789157412448
14,097,0843,2717,1409708432717,2272,7.728855823852543
14,097,0844,1687,1409708441687,4127,8.325548307161398
14,097,0844,1691,1409708441691,2789,7.933796874815411
14,097,0844,1704,1409708441704,4920,8.501267040865978
14,097,0853,1668,1409708531668,3175,8.063377822367027
14,097,0853,1672,1409708531672,3711,8.21932609390609
14,097,0853,187A,140970853187A,902,6.805722553416985
14,097,0853,1884,1409708531884,638,6.459904454377535
14,097,0853,2083,1409708532083,92,4.532599493153256
14,097,0853,2238,1409708532238,1448,7.278628942320682
14,097,0862,290A,140970862290A,1824,7.509335266016592
14,097,0862,2914,1409708622914,1714,7.44716835960004
14,097,0862,2929,1409708622929,2292,7.737616282857904
14,098,0001,0031,1409800010031,2236,7.71289096149013
14,098,0001,0046,1409800010046,7260,8.890272839380247
14,098,0001,0050,1409800010050,4691,8.453614209773367
14,098,0001,007A,140980001007A,3633,8.198089248956116
14,098,0001,0084,1409800010084,3991,8.292047637431354
14,098,0001,0101,1409800010101,6586,8.792853288640693
14,098,0001,0116,1409800010116,2804,7.9391588179567965
14,098,0001,0120,1409800010120,7814,8.963800242855577
14,098,0001,0262,1409800010262,5065,8.53030683056162
14,098,0001,0281,1409800010281,3258,8.089175678837561
14,098,0001,0296,1409800010296,3969,8.286521373681236
14,098,0001,0347,1409800010347,2487,7.81923445385907
14,098,0001,0351,1409800010351,2719,7.908387159290043
14,098,0001,0370,1409800010370,5154,8.54772239645106
14,098,0001,0385,1409800010385,6015,8.702177865629675
14,098,0001,0474,1409800010474,4685,8.452334619067742
14,098,0001,0506,1409800010506,5228,8.56197533418813
14,098,0001,0525,1409800010525,5755,8.657998068007258
14,098,0001,053A,140980001053A,1393,7.2399325913204695
14,098,0001,0597,1409800010597,7542,8.928375259853631
14,098,0001,0671,1409800010671,7717,8.951310542097564
14,098,0001,0690,1409800010690,6386,8.76201995356159
14,098,0001,0718,1409800010718,3916,8.27308133366583
14,098,0001,0775,1409800010775,3415,8.13622555490846
14,098,0001,0794,1409800010794,4904,8.498010371999463
14,098,0001,0807,1409800010807,5720,8.651898894268529
14,098,0001,085A,140980001085A,4509,8.414052432496725
14,098,0001,0879,1409800010879,31,3.4657359027997265
14,098,0001,0883,1409800010883,2677,7.8928255262511176
14,098,0001,0898,1409800010898,3565,8.179199798423086
14,098,0001,0953,1409800010953,5033,8.523970175695261
14,098,0001,0968,1409800010968,6117,8.718990524710849
14,098,0001,0972,1409800010972,2456,7.806696372521179
14,098,0001,0987,1409800010987,5096,8.536407410340042
14,098,0001,0991,1409800010991,1295,7.16703787691222
14,098,0001,103A,140980001103A,4859,8.48879371689454
14,098,0001,1044,1409800011044,5816,8.668539943910762
14,098,0001,1059,1409800011059,3828,8.250358951477294
14,098,0001,1063,1409800011063,4671,8.449342524508063
14,098,0001,1078,1409800011078,4613,8.4368504387337
14,098,0001,1082,1409800011082,5186,8.553910774351401
14,098,0001,1097,1409800011097,5898,8.682538124003075
14,098,0001,110A,140980001110A,3730,8.224431573221159
14,098,0001,1152,1409800011152,6079,8.712759974960212
14,098,0001,1167,1409800011167,3509,8.163371316459912
14,098,0001,1171,1409800011171,3822,8.248790733696413
14,098,0001,1186,1409800011186,2649,7.882314918980268
14,098,0001,1190,1409800011190,6814,8.826881344130634
14,098,0001,1203,1409800011203,4975,8.512381634419015
14,098,0001,1218,1409800011218,5727,8.653121708640482
14,098,0001,1222,1409800011222,5461,8.60557030203365
14,098,0001,1237,1409800011237,4829,8.482601746646619
14,098,0001,1241,1409800011241,2491,7.820840879907344
14,098,0001,1256,1409800011256,960,6.8679744089702925
14,098,0001,1260,1409800011260,2301,7.741533589281828
14,098,0001,1294,1409800011294,3217,8.076515327552329
14,098,0001,1330,1409800011330,2264,7.725330037917135
14,098,0001,1345,1409800011345,3402,8.132412674500905
14,098,0001,135A,140980001135A,7066,8.863191340690854
14,098,0001,1364,1409800011364,3385,8.12740456269308
14,098,0001,1379,1409800011379,5517,8.615770754777232
14,098,0001,1383,1409800011383,3382,8.12651816878071
14,098,0001,1398,1409800011398,3968,8.286269452783065
14,098,0001,142A,140980001142A,1635,7.400009517162692
14,098,0001,1434,1409800011434,1878,7.538494999413465
14,098,0001,1449,1409800011449,4385,8.386172928977834
14,098,0001,1453,1409800011453,2422,7.792761720816526
14,098,0001,1468,1409800011468,3834,8.251924713801357
14,098,0001,1491,1409800011491,2681,7.894318063841624
14,098,0001,1504,1409800011504,2771,7.927324360309794
14,098,0001,1519,1409800011519,4524,8.417372856134026
14,098,0001,1538,1409800011538,6104,8.716863386544805
14,098,0001,1542,1409800011542,2388,7.77863014732581
14,098,0001,1576,1409800011576,3663,8.20631072579402
14,098,0001,1595,1409800011595,2707,7.903965634032166
14,098,0001,1608,1409800011608,2272,7.728855823852543
14,098,0001,1631,1409800011631,3039,8.019612794400267
14,098,0001,1646,1409800011646,3600,8.188966863648876
14,098,0001,1650,1409800011650,57,4.060443010546419
14,098,0001,1665,1409800011665,466,6.1463292576688975
14,098,0001,167A,140980001167A,217,5.384495062789089
14,098,0001,1684,1409800011684,483,6.182084906716632
14,098,0001,1699,1409800011699,388,5.963579343618446
14,098,0001,1701,1409800011701,183,5.214935757608986
14,098,0001,1716,1409800011716,635,6.455198563340122
14,098,0001,1720,1409800011720,105,4.663439094112067
14,098,0001,1735,1409800011735,3617,8.193676665955241
14,098,0001,1769,1409800011769,3574,8.181720455128108
14,098,0001,1773,1409800011773,1473,7.295735072749282
14,098,0001,1788,1409800011788,96,4.574710978503383
14,098,0001,1792,1409800011792,194,5.272999558563747
14,098,0001,1805,1409800011805,349,5.857933154483459
14,098,0001,181A,140980001181A,461,6.135564891081739
14,098,0001,1824,1409800011824,280,5.638354669333745
14,098,0001,1839,1409800011839,4406,8.390949464841986
14,098,0001,1843,1409800011843,3328,8.110427237575024
14,098,0001,1858,1409800011858,33,3.5263605246161616
14,098,0001,1862,1409800011862,1518,7.325807502595773
14,098,0001,1877,1409800011877,989,6.897704943128636
14,098,0001,1909,1409800011909,4582,8.430109084509125
14,098,0001,1913,1409800011913,2523,7.8336002236611035
14,098,0001,1928,1409800011928,376,5.932245187448011
14,098,0001,1951,1409800011951,4749,8.465899897028686
14,098,0001,1966,1409800011966,5606,8.631771096123673
14,098,0001,1970,1409800011970,4465,8.404248432400102
14,098,0001,1985,1409800011985,16,2.833213344056216
14,098,0001,2004,1409800012004,718,6.577861357721047
14,098,0001,2042,1409800012042,483,6.182084906716632
14,098,0001,2061,1409800012061,389,5.966146739123692
14,098,0001,2076,1409800012076,32,3.4965075614664802
14,098,0001,2080,1409800012080,25,3.258096538021482
14,098,0001,2095,1409800012095,4,1.6094379124341003
14,098,0001,2108,1409800012108,1362,7.217443431696533
14,098,0001,2112,1409800012112,860,6.7580945044277305
14,098,0001,2131,1409800012131,6434,8.769507120030227
14,098,0001,2150,1409800012150,4417,8.393442383980062
14,098,0001,2165,1409800012165,3369,8.122668023346407
14,098,0001,217A,140980001217A,2983,8.001019961323651
14,098,0001,2199,1409800012199,3029,8.016317898503415
14,098,0001,2201,1409800012201,4491,8.410053315858335
14,098,0001,2216,1409800012216,4062,8.309676895987726
14,098,0001,2220,1409800012220,2635,7.877017895622398
14,098,0001,2235,1409800012235,2910,7.976251943745623
14,098,0001,224A,140980001224A,1952,7.577121930876679
14,098,0001,2254,1409800012254,2462,7.809135398120538
14,098,0001,2269,1409800012269,2327,7.752764808851328
14,098,0001,2273,1409800012273,3215,8.075893630298857
14,098,0001,2292,1409800012292,5086,8.534443544822764
14,098,0001,2343,1409800012343,4511,8.414495793177895
14,098,0001,2358,1409800012358,6490,8.778171881033469
14,098,0001,2362,1409800012362,6844,8.83127373772255
14,098,0001,2377,1409800012377,9186,9.125544720271467
14,098,0001,2381,1409800012381,679,6.522092798170152
14,098,0001,2413,1409800012413,2035,7.618742377670413
14,098,0001,2428,1409800012428,3918,8.273591798199632
14,098,0001,2432,1409800012432,5610,8.632484235750972
14,098,0001,2447,1409800012447,2752,7.920446505142607
14,098,0001,2451,1409800012451,2477,7.815207062189088
14,098,0001,2466,1409800012466,4928,8.502891406705377
14,098,0001,2470,1409800012470,2268,7.727094484779841
14,098,0001,2485,1409800012485,2584,7.85748078694253
14,098,0001,249A,140980001249A,3132,8.049746290952191
14,098,0001,2502,1409800012502,375,5.929589143389895
14,098,0001,2517,1409800012517,0,0.0
14,098,0001,2521,1409800012521,0,0.0
14,098,0001,2536,1409800012536,239,5.480638923341991
14,098,0001,2540,1409800012540,97,4.584967478670572
14,098,0001,2555,1409800012555,6655,8.803273982501045
14,098,0001,256A,140980001256A,3209,8.07402621612406
14,098,0001,2574,1409800012574,5711,8.65032450401942
14,098,0001,2589,1409800012589,3918,8.273591798199632
14,098,0001,2606,1409800012606,3709,8.21878715560148
14,098,0001,2610,1409800012610,3234,8.081784206935001
14,098,0001,2625,1409800012625,3217,8.076515327552329
14,098,0001,263A,140980001263A,1812,7.502738210754851
14,098,0001,2644,1409800012644,1249,7.1308988302963465
14,098,0001,2659,1409800012659,3919,8.273846932784508
14,098,0001,2663,1409800012663,1759,7.473069088032197
14,098,0001,2697,1409800012697,2257,7.722234744709607
14,098,0001,270A,140980001270A,3300,8.101980731853192
14,098,0001,2714,1409800012714,5600,8.630700432209832
14,098,0001,2729,1409800012729,2181,7.687997166393016
14,098,0001,2733,1409800012733,4127,8.325548307161398
14,098,0001,2748,1409800012748,642,6.466144724237619
14,098,0001,2752,1409800012752,1509,7.31986492980897
14,098,0001,2767,1409800012767,2491,7.820840879907344
14,098,0001,2771,1409800012771,3974,8.287780027088433
14,098,0001,2786,1409800012786,3298,8.101374671228582
14,098,0001,2790,1409800012790,2956,7.9919305198524775
14,098,0001,2803,1409800012803,2446,7.802618063442671
14,098,0001,2818,1409800012818,4751,8.466320861042481
14,098,0001,2822,1409800012822,836,6.729824070489475
14,098,0001,2837,1409800012837,2207,7.699842407396986
14,098,0001,2841,1409800012841,2576,7.854381210652365
14,098,0001,2856,1409800012856,2896,7.9714309977693505
14,098,0001,2860,1409800012860,2253,7.720461694599722
14,098,0001,2894,1409800012894,1003,6.911747300251674
14,098,0001,2907,1409800012907,12,2.5649493574615367
14,098,0001,2911,1409800012911,1919,7.560080465021827
14,098,0001,2926,1409800012926,12,2.5649493574615367
14,098,0001,2930,1409800012930,450,6.111467339502679
14,098,0001,2964,1409800012964,447,6.104793232414985
14,098,0001,2979,1409800012979,61,4.127134385045092
14,098,0001,2983,1409800012983,639,6.461468176353717
14,098,0001,2998,1409800012998,0,0.0
14,098,0001,3002,1409800013002,68,4.23410650459726
14,098,0001,3036,1409800013036,145,4.983606621708336
14,098,0001,3040,1409800013040,879,6.779921907472252
14,098,0001,3055,1409800013055,366,5.905361848054571
14,098,0001,306A,140980001306A,155,5.049856007249537
14,098,0001,3074,1409800013074,763,6.638567789166521
14,098,0001,3089,1409800013089,6,1.9459101490553132
14,098,0001,3093,1409800013093,3,1.3862943611198906
14,098,0001,3106,1409800013106,0,0.0
14,098,0001,3110,1409800013110,6,1.9459101490553132
14,098,0001,3125,1409800013125,13,2.6390573296152584
14,098,0001,313A,140980001313A,4,1.6094379124341003
14,098,0001,3144,1409800013144,38,3.6635616461296463
14,098,0001,3163,1409800013163,278,5.631211781821365
14,098,0014,0027,1409800140027,3418,8.137103389639302
14,098,0014,1114,1409800141114,3287,8.098034756176071
14,098,0014,1129,1409800141129,4842,8.48528964240323
14,098,0014,2019,1409800142019,1246,7.1284959456800365
14,098,0014,2023,1409800142023,2570,7.852050207265889
14,098,0014,2038,1409800142038,188,5.241747015059643
14,098,0014,2127,1409800142127,1586,7.369600720526409
14,098,0014,2945,1409800142945,39,3.6888794541139363
14,098,0014,295A,140980014295A,2154,7.675546002537848
14,098,0014,3017,1409800143017,389,5.966146739123692
14,098,0014,3021,1409800143021,1,0.6931471805599453
14,098,0014,3159,1409800143159,14,2.70805020110221
14,098,0014,3178,1409800143178,586,6.375024819828097
14,098,0128,2875,1409801282875,2887,7.968319500012717
14,098,0128,288A,140980128288A,1819,7.506591780070841
14,099,0001,0113,1409900010113,853,6.74993119378857
14,099,0001,0128,1409900010128,526,6.267200548541362
14,099,0001,0132,1409900010132,9,2.302585092994046
14,099,0001,0147,1409900010147,5,1.791759469228055
14,099,0006,0081,1409900060081,2709,7.904703913873747
14,100,0001,0351,1410000010351,1982,7.592366128519796
14,100,0001,0370,1410000010370,1087,6.992096427415888
14,100,0001,0385,1410000010385,1225,7.111512116496157
14,100,0001,039A,141000001039A,825,6.716594773520978
14,100,0001,0402,1410000010402,134,4.90527477843843
14,100,0001,046A,141000001046A,29,3.4011973816621555
14,100,0001,0474,1410000010474,4,1.6094379124341003
14,100,0001,0489,1410000010489,97,4.584967478670572
14,100,0001,0493,1410000010493,1170,7.065613363597717
14,100,0001,0506,1410000010506,1413,7.254177846456518
14,100,0001,0510,1410000010510,929,6.835184586147301
14,100,0001,0544,1410000010544,4,1.6094379124341003
14,100,0001,0563,1410000010563,7,2.0794415416798357
14,100,0001,0578,1410000010578,120,4.795790545596741
14,100,0023,0582,1410000230582,682,6.52649485957079
14,100,0023,0597,1410000230597,1017,6.925595197110468
14,100,0023,060A,141000023060A,939,6.84587987526405
14,100,0065,0421,1410000650421,693,6.542471960506805
14,100,0065,0436,1410000650436,711,6.568077911411976
14,100,0065,0440,1410000650440,951,6.858565034791365
14,100,0065,0455,1410000650455,590,6.3818160174060985
14,100,0065,0525,1410000650525,17,2.8903717578961645
14,100,0065,053A,141000065053A,2,1.0986122886681098
14,100,0065,0559,1410000650559,6,1.9459101490553132
14,100,0189,0614,1410001890614,694,6.543911845564792
14,100,0189,0629,1410001890629,762,6.637258031284457
14,100,0189,0633,1410001890633,1098,7.002155954403621
14,101,0001,0147,1410100010147,7131,8.872346978983032
14,101,0001,0151,1410100010151,3697,8.21554741194707
14,101,0001,019A,141010001019A,4449,8.400659375160286
14,101,0001,0202,1410100010202,5780,8.662331957082475
14,101,0001,0310,1410100010310,5593,8.629449873761905
14,101,0001,0363,1410100010363,7678,8.946244609330543
14,101,0001,0378,1410100010378,5383,8.591186871324563
14,101,0001,0382,1410100010382,4336,8.374938143835367
14,101,0001,0397,1410100010397,5376,8.589885876809678
14,101,0001,040A,141010001040A,2734,7.913886714856082
14,101,0001,0433,1410100010433,4076,8.313116702819253
14,101,0001,0448,1410100010448,2357,7.765569081097317
14,101,0001,0452,1410100010452,4464,8.4040244933106
14,101,0001,0471,1410100010471,6342,8.755107121633896
14,101,0001,0486,1410100010486,3253,8.087640287778983
14,101,0001,0490,1410100010490,2661,7.8868329989550565
14,101,0001,0503,1410100010503,2835,7.950149887652018
14,101,0001,0518,1410100010518,1895,7.547501682814967
14,101,0001,0522,1410100010522,2356,7.7651449029361315
14,101,0001,0537,1410100010537,1905,7.552762084214147
14,101,0001,0541,1410100010541,2973,7.9976631270201
14,101,0001,0556,1410100010556,1569,7.358830898342354
14,101,0001,0575,1410100010575,4175,8.337109129562474
14,101,0001,0594,1410100010594,3742,8.22764270790443
14,101,0001,0607,1410100010607,2222,7.706612913964197
14,101,0001,0611,1410100010611,1971,7.586803535162581
14,101,0001,0626,1410100010626,3080,8.033009498596668
14,101,0001,0630,1410100010630,2371,7.771488760117616
14,101,0001,0645,1410100010645,2214,7.703007682479236
14,101,0001,065A,141010001065A,4351,8.378390788535778
14,101,0001,0679,1410100010679,6473,8.775549434486189
14,101,0001,0700,1410100010700,4806,8.47782846789396
14,101,0001,0715,1410100010715,4991,8.515591910049263
14,101,0001,072A,141010001072A,4721,8.459987717645458
14,101,0001,0734,1410100010734,3298,8.101374671228582
14,101,0001,0749,1410100010749,4921,8.501470230951002
14,101,0001,0753,1410100010753,5192,8.555066843844319
14,101,0001,0768,1410100010768,5226,8.561592778712923
14,101,0001,0772,1410100010772,5474,8.607947554684701
14,101,0001,0787,1410100010787,6852,8.832441791585824
14,101,0001,0791,1410100010791,5743,8.65591111072806
14,101,0001,0819,1410100010819,2354,7.764296006450518
14,101,0001,0823,1410100010823,3290,8.098946748943339
14,101,0001,0842,1410100010842,2509,7.828038032125829
14,101,0001,0857,1410100010857,2196,7.69484807238461
14,101,0001,0861,1410100010861,5113,8.539737155851132
14,101,0001,0880,1410100010880,1936,7.5688956634069955
14,101,0001,0895,1410100010895,2899,7.9724660159745655
14,101,0001,0912,1410100010912,6050,8.707978826622321
14,101,0001,0927,1410100010927,4263,8.357962965845681
14,101,0001,0931,1410100010931,5257,8.567506005289827
14,101,0001,0946,1410100010946,6737,8.815518423966498
14,101,0001,0950,1410100010950,3583,8.18423477409482
14,101,0001,0965,1410100010965,4208,8.344980368770571
14,101,0001,097A,141010001097A,1821,7.507690077819904
14,101,0001,0984,1410100010984,3884,8.264878262801748
14,101,0001,0999,1410100010999,5373,8.589327789175437
14,101,0001,1003,1410100011003,4306,8.36799688505411
14,101,0001,1018,1410100011018,2806,7.939871576361883
14,101,0001,1022,1410100011022,3142,8.052933036797567
14,101,0001,1037,1410100011037,5111,8.53934599605737
14,101,0001,1041,1410100011041,2282,7.733245646529795
14,101,0001,1056,1410100011056,3617,8.193676665955241
14,101,0001,1075,1410100011075,6842,8.830981510952498
14,101,0001,108A,141010001108A,6543,8.786303878282583
14,101,0001,1094,1410100011094,1633,7.3987862754199485
14,101,0001,1107,1410100011107,5089,8.53503310954457
14,101,0001,1126,1410100011126,1810,7.501634457883413
14,101,0001,1130,1410100011130,3120,8.045908742270779
14,101,0001,1145,1410100011145,330,5.802118375377063
14,101,0001,115A,141010001115A,495,6.206575926724928
14,101,0001,1164,1410100011164,3240,8.083637203141548
14,101,0001,1179,1410100011179,1153,7.050989447068045
14,101,0001,1183,1410100011183,35,3.58351893845611
14,101,0001,1198,1410100011198,45,3.828641396489095
14,101,0001,1200,1410100011200,1746,7.465655310134056
14,101,0001,1215,1410100011215,170,5.14166355650266
14,101,0001,1268,1410100011268,3374,8.12415060330663
14,101,0001,1272,1410100011272,978,6.88653164253051
14,101,0001,1287,1410100011287,396,5.983936280687191
14,101,0001,1291,1410100011291,5,1.791759469228055
14,101,0001,1304,1410100011304,3915,8.272826003650401
14,101,0001,1319,1410100011319,3354,8.118207049405783
14,101,0001,1323,1410100011323,3491,8.158229916959494
14,101,0001,1338,1410100011338,2138,7.668093709082406
14,101,0001,1357,1410100011357,2503,7.825644732219989
14,101,0001,1361,1410100011361,3846,8.255048902752295
14,101,0001,1376,1410100011376,608,6.411818267709897
14,101,0001,1395,1410100011395,4453,8.401557847817314
14,101,0001,1408,1410100011408,3296,8.10076824307173
14,101,0001,1412,1410100011412,1625,7.3938782901077555
14,101,0001,1427,1410100011427,1520,7.327123292259293
14,101,0001,1431,1410100011431,3689,8.213381737034572
14,101,0001,1446,1410100011446,3219,8.077136638538454
14,101,0001,147A,141010001147A,4609,8.435983135990694
14,101,0001,1484,1410100011484,4022,8.299783171949787
14,101,0001,1499,1410100011499,345,5.846438775057725
14,101,0001,1501,1410100011501,170,5.14166355650266
14,101,0001,1516,1410100011516,989,6.897704943128636
14,101,0001,1554,1410100011554,5189,8.554488976159934
14,101,0001,1569,1410100011569,1873,7.535830462798367
14,101,0001,1573,1410100011573,2835,7.950149887652018
14,101,0001,1588,1410100011588,1011,6.919683849847411
14,101,0001,1592,1410100011592,3821,8.248529124800218
14,101,0001,1605,1410100011605,1736,7.459914766241105
14,101,0001,161A,141010001161A,3686,8.212568398234145
14,101,0001,1624,1410100011624,3870,8.261268150577648
14,101,0001,1639,1410100011639,2948,7.989221408815276
14,101,0001,1643,1410100011643,767,6.643789733147672
14,101,0001,1658,1410100011658,69,4.248495242049359
14,101,0001,1728,1410100011728,77,4.356708826689592
14,101,0001,1732,1410100011732,186,5.231108616854587
14,101,0001,1747,1410100011747,192,5.262690188904886
14,101,0001,1751,1410100011751,602,6.401917196727186
14,101,0001,1766,1410100011766,3520,8.166500319155052
14,101,0001,1770,1410100011770,2354,7.764296006450518
14,101,0001,179A,141010001179A,2431,7.796469243086058
14,101,0001,1817,1410100011817,142,4.962844630259907
14,101,0001,1821,1410100011821,121,4.804021044733257
14,101,0001,1836,1410100011836,106,4.672828834461906
14,101,0001,1874,1410100011874,14,2.70805020110221
14,101,0001,1889,1410100011889,29,3.4011973816621555
14,101,0001,1906,1410100011906,321,5.7745515455444085
14,101,0001,1982,1410100011982,2321,7.7501841622578365
14,101,0001,1997,1410100011997,3473,8.153061946801051
14,101,0001,2001,1410100012001,3925,8.275376374836407
14,101,0001,2016,1410100012016,3519,8.166216268592143
14,101,0001,2020,1410100012020,5567,8.624791202014256
14,101,0001,2035,1410100012035,1955,7.578656850594762
14,101,0001,204A,141010001204A,1523,7.329093736246592
14,101,0001,2054,1410100012054,3140,8.052296499538647
14,101,0001,2069,1410100012069,2695,7.899524472032198
14,101,0001,2073,1410100012073,3984,8.290292591224315
14,101,0001,2088,1410100012088,325,5.786897381366708
14,101,0001,2251,1410100012251,199,5.298317366548036
14,101,0001,2266,1410100012266,13,2.6390573296152584
14,101,0001,2270,1410100012270,21,3.091042453358316
14,101,0009,1450,1410100091450,2916,7.978310969867722
14,101,0009,1465,1410100091465,3799,8.242756345714477
14,101,0009,1520,1410100091520,0,0.0
14,101,0009,1535,1410100091535,352,5.8664680569332965
14,101,0009,1662,1410100091662,500,6.2166061010848646
14,101,0009,1677,1410100091677,2634,7.876638460975463
14,101,0009,1681,1410100091681,1236,7.1204443723924875
14,101,0009,1696,1410100091696,509,6.234410725718371
14,101,0009,1713,1410100091713,83,4.430816798843313
14,101,0009,1802,1410100091802,3766,8.23403420769204
14,101,0009,1840,1410100091840,120,4.795790545596741
14,101,0009,1855,1410100091855,23,3.1780538303479458
14,101,0009,1893,1410100091893,76,4.343805421853684
14,101,0009,1910,1410100091910,986,6.894670039433482
14,101,0009,1925,1410100091925,213,5.365976015021851
14,101,0009,193A,141010009193A,49,3.912023005428146
14,101,0009,1944,1410100091944,9,2.302585092994046
14,101,0009,2092,1410100092092,1561,7.3537223303996315
14,101,0009,2105,1410100092105,1275,7.151485463904735
14,101,0009,211A,141010009211A,1062,6.968850378341948
14,101,0009,2124,1410100092124,969,6.877296071497429
14,101,0009,2139,1410100092139,1134,7.034387929915503
14,101,0009,2143,1410100092143,1258,7.138073034044347
14,101,0009,2158,1410100092158,25,3.258096538021482
14,101,0009,2162,1410100092162,705,6.559615237493242
14,101,0009,2177,1410100092177,0,0.0
14,101,0009,2181,1410100092181,204,5.3230099791384085
14,101,0009,2196,1410100092196,455,6.1224928095143865
14,101,0009,2209,1410100092209,1465,7.290292882446597
14,101,0009,2213,1410100092213,822,6.71295620067707
14,101,0009,2228,1410100092228,1325,7.189922170745808
14,101,0009,2232,1410100092232,47,3.871201010907891
14,101,0009,2247,1410100092247,96,4.574710978503383
14,101,0009,229A,141010009229A,0,0.0
14,101,0009,2302,1410100092302,0,0.0
14,101,0026,0683,1410100260683,1681,7.427738840532894
14,101,0026,0698,1410100260698,2146,7.671826797878781
14,101,0026,122A,141010026122A,15,2.772588722239781
14,101,0026,1234,1410100261234,0,0.0
14,101,0026,1249,1410100261249,102,4.634728988229636
14,101,0026,154A,141010026154A,16,2.833213344056216
14,101,0026,1709,1410100261709,1449,7.27931883541462
14,101,0026,1785,1410100261785,87,4.477336814478207
14,101,0026,186A,141010026186A,144,4.976733742420574
14,101,0026,2285,1410100262285,24,3.2188758248682006
14,101,0027,2336,1410100272336,1822,7.508238774678663
14,101,0027,2340,1410100272340,1365,7.2196420401307355
14,101,0027,2355,1410100272355,1241,7.124478262493424
14,101,0027,236A,141010027236A,461,6.135564891081739
14,101,0031,2317,1410100312317,2931,7.983440063006542
14,101,0031,2321,1410100312321,782,6.663132695990803
14,101,0190,2374,1410101902374,2668,7.889459149404524
14,102,0001,0055,1410200010055,471,6.156978985585555
14,102,0001,006A,141020001006A,332,5.808142489980444
14,102,0001,0074,1410200010074,1048,6.955592608396297
14,102,0001,0089,1410200010089,1505,7.317212408359839
14,102,0001,0093,1410200010093,85,4.454347296253507
14,102,0001,0106,1410200010106,2,1.0986122886681098
14,102,0001,0110,1410200010110,29,3.4011973816621555
14,102,0001,0125,1410200010125,2,1.0986122886681098
14,102,0001,013A,141020001013A,23,3.1780538303479458
14,103,0001,0033,1410300010033,2441,7.80057265467065
14,103,0001,0086,1410300010086,221,5.402677381872279
14,103,0001,0090,1410300010090,206,5.332718793265369
14,103,0001,0118,1410300010118,27,3.332204510175204
14,103,0001,0122,1410300010122,15,2.772588722239781
14,103,0001,0137,1410300010137,6,1.9459101490553132
14,103,0001,0141,1410300010141,1,0.6931471805599453
14,103,0001,0156,1410300010156,11,2.4849066497880004
14,103,0001,0160,1410300010160,182,5.209486152841421
14,103,0015,0048,1410300150048,2253,7.720461694599722
14,103,0015,0052,1410300150052,379,5.940171252720432
14,103,0015,0067,1410300150067,189,5.247024072160486
14,103,0015,0071,1410300150071,540,6.293419278846481
14,104,0001,0083,1410400010083,895,6.79794041297493
14,104,0001,0098,1410400010098,106,4.672828834461906
14,104,0001,0100,1410400010100,215,5.375278407684165
14,104,0001,0115,1410400010115,107,4.68213122712422
14,104,0001,012A,141040001012A,0,0.0
14,105,0001,0023,1410500010023,3060,8.026496938945412
14,105,0001,0076,1410500010076,920,6.825460036255307
14,105,0001,0080,1410500010080,1019,6.927557906278317
14,105,0001,0095,1410500010095,1332,7.195187320178709
14,105,0001,0108,1410500010108,2325,7.75190533307861
14,105,0001,0112,1410500010112,2427,7.794823152179389
14,105,0001,0127,1410500010127,165,5.111987788356544
14,105,0001,0131,1410500010131,375,5.929589143389895
14,105,0001,0146,1410500010146,265,5.583496308781699
14,105,0001,0150,1410500010150,102,4.634728988229636
14,105,0001,0165,1410500010165,67,4.219507705176107
14,105,0001,017A,141050001017A,4,1.6094379124341003
14,105,0001,0184,1410500010184,0,0.0
14,105,0001,0199,1410500010199,32,3.4965075614664802
14,105,0001,0201,1410500010201,412,6.023447592961033
14,105,0001,0216,1410500010216,11,2.4849066497880004
14,106,0001,0069,1410600010069,680,6.523562306149512
14,106,0001,0073,1410600010073,791,6.674561391814426
14,106,0001,0088,1410600010088,67,4.219507705176107
14,107,0001,0047,1410700010047,1295,7.16703787691222
14,107,0001,0085,1410700010085,0,0.0
14,107,0001,009A,141070001009A,0,0.0
14,107,0001,0102,1410700010102,0,0.0
14,107,0008,0028,1410700080028,2415,7.789868559054706
14,107,0008,0051,1410700080051,1005,6.913737350659685
14,107,0008,0066,1410700080066,77,4.356708826689592
14,107,0008,0070,1410700080070,15,2.772588722239781
14,108,0001,0063,1410800010063,5434,8.60061479955531
14,108,0001,0082,1410800010082,4416,8.393216011596527
14,108,0001,0133,1410800010133,6104,8.716863386544805
14,108,0001,0148,1410800010148,2160,7.6783263565068856
14,108,0001,0152,1410800010152,421,6.045005314036012
14,108,0001,0167,1410800010167,1157,7.05444965813294
14,108,0001,0171,1410800010171,440,6.089044875446846
14,108,0001,0186,1410800010186,728,6.591673732008658
14,108,0001,0203,1410800010203,0,0.0
14,108,0001,0218,1410800010218,3876,8.262816937670928
14,108,0001,0222,1410800010222,2322,7.750614732770409
14,108,0001,0237,1410800010237,94,4.553876891600541
14,108,0001,0241,1410800010241,12,2.5649493574615367
14,108,0001,0256,1410800010256,107,4.68213122712422
14,108,0001,0260,1410800010260,105,4.663439094112067
14,108,0001,0275,1410800010275,103,4.6443908991413725
14,108,0001,028A,141080001028A,44,3.8066624897703196
14,109,0001,0126,1410900010126,1234,7.118826249062078
14,109,0001,0130,1410900010130,873,6.773080375655535
14,109,0001,0145,1410900010145,393,5.976350909297934
14,109,0001,015A,141090001015A,601,6.400257445308821
14,109,0001,0164,1410900010164,1811,7.502186486602924
14,109,0001,0179,1410900010179,2049,7.6255950721324535
14,109,0001,0183,1410900010183,238,5.476463551931511
14,109,0001,0198,1410900010198,322,5.777652323222656
14,109,0001,0200,1410900010200,41,3.7376696182833684
14,109,0001,0215,1410900010215,46,3.8501476017100584
14,109,0001,022A,141090001022A,12,2.5649493574615367
14,109,0001,0234,1410900010234,0,0.0
14,109,0001,0249,1410900010249,0,0.0
14,109,0001,0253,1410900010253,0,0.0
14,109,0001,0268,1410900010268,0,0.0
14,110,0001,0080,1411000010080,947,6.854354502255021
14,110,0001,0095,1411000010095,1308,7.1770187659099
14,110,0001,0127,1411000010127,1093,6.9975959829819265
14,110,0001,0131,1411000010131,438,6.0844994130751715
14,110,0001,0146,1411000010146,319,5.768320995793772
14,110,0001,0150,1411000010150,1345,7.204892510204673
14,110,0001,0165,1411000010165,1534,7.336285660021297
14,110,0001,017A,141100001017A,98,4.59511985013459
14,110,0001,0184,1411000010184,202,5.313205979041787
14,110,0001,0199,1411000010199,3,1.3862943611198906
14,110,0001,0201,1411000010201,52,3.970291913552122
14,110,0001,0216,1411000010216,12,2.5649493574615367
14,110,0001,0220,1411000010220,723,6.584791392385716
14,110,0001,0235,1411000010235,821,6.71174039505618
14,110,0001,024A,141100001024A,4,1.6094379124341003
14,110,0001,0254,1411000010254,66,4.204692619390966
14,110,0001,0269,1411000010269,6,1.9459101490553132
14,110,0001,0273,1411000010273,6,1.9459101490553132
14,110,0001,0288,1411000010288,7,2.0794415416798357
14,110,0001,0292,1411000010292,47,3.871201010907891
14,110,0001,0305,1411000010305,4,1.6094379124341003
14,111,0001,0069,1411100010069,1593,7.374001859350161
14,111,0001,0073,1411100010073,5,1.791759469228055
14,111,0001,0088,1411100010088,185,5.225746673713202
14,111,0001,0092,1411100010092,99,4.605170185988092
14,111,0001,0105,1411100010105,5,1.791759469228055
14,111,0001,011A,141110001011A,1279,7.154615356913663
14,111,0001,0124,1411100010124,1112,7.014814351275545
14,111,0001,0139,1411100010139,151,5.0238805208462765
14,111,0001,0143,1411100010143,16,2.833213344056216
14,111,0001,0158,1411100010158,6,1.9459101490553132
14,111,0001,0162,1411100010162,6,1.9459101490553132
14,111,0001,0177,1411100010177,23,3.1780538303479458
14,111,0001,0181,1411100010181,0,0.0
14,111,0001,0196,1411100010196,12,2.5649493574615367
14,112,0001,0051,1411200010051,1936,7.5688956634069955
14,112,0001,0066,1411200010066,1053,6.960347729101308
14,112,0001,0070,1411200010070,208,5.342334251964811
14,112,0001,0085,1411200010085,74,4.31748811353631
14,112,0001,009A,141120001009A,406,6.008813185442595
14,112,0001,0102,1411200010102,57,4.060443010546419
14,112,0001,0117,1411200010117,93,4.543294782270004
14,112,0001,0121,1411200010121,10,2.3978952727983707
14,112,0001,0136,1411200010136,163,5.099866427824199
14,112,0001,0140,1411200010140,6,1.9459101490553132
14,113,0001,010A,141130001010A,1885,7.542213463193403
14,113,0001,0114,1411300010114,1282,7.1569563646156364
14,113,0001,0129,1411300010129,1355,7.212294468500341
14,113,0001,0133,1411300010133,0,0.0
14,113,0001,0148,1411300010148,68,4.23410650459726
14,113,0001,0152,1411300010152,12,2.5649493574615367
14,113,0001,0167,1411300010167,4,1.6094379124341003
14,114,0001,0075,1411400010075,2805,7.939515260662406
14,114,0001,008A,141140001008A,2803,7.938802248154481
14,114,0001,0094,1411400010094,1163,7.059617628291383
14,114,0001,0126,1411400010126,242,5.493061443340548
14,114,0001,0130,1411400010130,272,5.60947179518496
14,114,0001,0145,1411400010145,28,3.367295829986474
14,114,0001,015A,141140001015A,0,0.0
14,114,0001,0164,1411400010164,84,4.442651256490317
14,114,0001,0179,1411400010179,206,5.332718793265369
14,114,0002,0183,1411400020183,1457,7.284820912568604
14,114,0002,0198,1411400020198,993,6.901737206656574
14,114,0002,0200,1411400020200,16,2.833213344056216
14,114,0005,0041,1411400050041,2422,7.792761720816526
14,114,0005,0107,1411400050107,167,5.123963979403259
14,114,0005,0111,1411400050111,29,3.4011973816621555
14,115,0001,0119,1411500010119,829,6.721425700790643
14,115,0001,0123,1411500010123,982,6.890609120147166
14,115,0001,0142,1411500010142,401,5.996452088619021
14,115,0001,0157,1411500010157,17,2.8903717578961645
14,115,0001,0161,1411500010161,83,4.430816798843313
14,115,0001,0176,1411500010176,110,4.709530201312334
14,115,0001,0180,1411500010180,143,4.969813299576001
14,115,0001,0195,1411500010195,23,3.1780538303479458
14,115,0001,0208,1411500010208,32,3.4965075614664802
14,115,0001,0212,1411500010212,0,0.0
14,115,0001,0227,1411500010227,590,6.3818160174060985
14,115,0001,0231,1411500010231,652,6.481577129276431
14,115,0001,0246,1411500010246,0,0.0
14,115,0001,0250,1411500010250,7,2.0794415416798357
14,116,0001,0084,1411600010084,1992,7.597396320212795
14,116,0001,0099,1411600010099,2001,7.601901959875166
14,116,0001,0101,1411600010101,1069,6.975413927455952
14,116,0001,0116,1411600010116,1212,7.10085190894405
14,116,0001,0120,1411600010120,1134,7.034387929915503
14,116,0001,0135,1411600010135,1110,7.01301578963963
14,116,0001,014A,141160001014A,989,6.897704943128636
14,116,0001,0154,1411600010154,1168,7.063903961472068
14,116,0001,0169,1411600010169,924,6.829793737512425
14,116,0001,0173,1411600010173,496,6.208590026096629
14,116,0001,0188,1411600010188,49,3.912023005428146
14,116,0001,0192,1411600010192,117,4.770684624465665
14,116,0001,0205,1411600010205,6,1.9459101490553132
14,116,0001,021A,141160001021A,205,5.327876168789581
14,116,0001,0224,1411600010224,203,5.318119993844216
14,116,0001,0239,1411600010239,39,3.6888794541139363
14,116,0001,0243,1411600010243,87,4.477336814478207
14,116,0001,0258,1411600010258,1013,6.921658184151129
14,116,0001,0262,1411600010262,18,2.9444389791664403
14,116,0001,0277,1411600010277,45,3.828641396489095
14,116,0001,0281,1411600010281,81,4.406719247264253
14,116,0001,0296,1411600010296,5,1.791759469228055
14,116,0001,0309,1411600010309,279,5.634789603169249
14,116,0001,0313,1411600010313,97,4.584967478670572
14,116,0001,0328,1411600010328,45,3.828641396489095
14,116,0001,0332,1411600010332,0,0.0
14,116,0001,0347,1411600010347,22,3.1354942159291497
14,116,0001,0351,1411600010351,0,0.0
14,116,0001,0366,1411600010366,5,1.791759469228055
14,116,0001,0370,1411600010370,197,5.288267030694535
14,116,0001,0385,1411600010385,17,2.8903717578961645
14,116,0001,039A,141160001039A,513,6.2422232654551655
14,116,0001,0402,1411600010402,8,2.1972245773362196
14,116,0001,0417,1411600010417,16,2.833213344056216
14,116,0001,0421,1411600010421,4,1.6094379124341003
14,116,0001,0436,1411600010436,10,2.3978952727983707
14,116,0001,0440,1411600010440,6,1.9459101490553132
14,117,0001,0062,1411700010062,347,5.8522024797744745
14,117,0001,0077,1411700010077,250,5.5254529391317835
14,117,0001,0081,1411700010081,44,3.8066624897703196
14,117,0001,0096,1411700010096,921,6.826545223556594
14,117,0001,0109,1411700010109,1011,6.919683849847411
14,117,0001,0113,1411700010113,17,2.8903717578961645
14,117,0001,0128,1411700010128,32,3.4965075614664802
14,117,0001,0132,1411700010132,3,1.3862943611198906
14,118,0001,0055,1411800010055,2060,7.630946580890459
14,118,0001,0125,1411800010125,1522,7.328437352895162
14,118,0001,013A,141180001013A,333,5.811140992976701
14,118,0001,0144,1411800010144,272,5.60947179518496
14,118,0001,0159,1411800010159,606,6.408528791059498
14,118,0001,0163,1411800010163,312,5.746203190540153
14,118,0001,0178,1411800010178,677,6.519147287940395
14,118,0001,0182,1411800010182,126,4.844187086458591
14,118,0001,0197,1411800010197,355,5.87493073085203
14,118,0001,020A,141180001020A,306,5.726847747587197
14,118,0001,0214,1411800010214,683,6.52795791762255
14,118,0001,0229,1411800010229,8,2.1972245773362196
14,118,0001,0233,1411800010233,1785,7.487733761436444
14,118,0001,0248,1411800010248,1924,7.562681246721884
14,118,0001,0252,1411800010252,42,3.7612001156935624
14,118,0001,0267,1411800010267,5,1.791759469228055
14,118,0001,0271,1411800010271,13,2.6390573296152584
14,118,0001,0286,1411800010286,17,2.8903717578961645
14,118,0001,0290,1411800010290,31,3.4657359027997265
14,118,0001,0303,1411800010303,788,6.670766320845874
14,118,0001,0318,1411800010318,1708,7.443663683115591
14,118,0001,0322,1411800010322,68,4.23410650459726
14,118,0001,0337,1411800010337,5,1.791759469228055
14,118,0001,0341,1411800010341,9,2.302585092994046
14,119,0001,0067,1411900010067,7268,8.891374009484636
14,119,0001,0086,1411900010086,2691,7.898039690764619
14,119,0001,0090,1411900010090,3010,8.010027528481734
14,119,0001,0103,1411900010103,903,6.806829360392176
14,119,0001,0118,1411900010118,3379,8.125630988477065
14,119,0001,0137,1411900010137,0,0.0
14,119,0001,0141,1411900010141,298,5.700443573390687
14,119,0001,0156,1411900010156,308,5.733341276897746
14,119,0001,0160,1411900010160,167,5.123963979403259
14,119,0001,0175,1411900010175,117,4.770684624465665
14,119,0001,018A,141190001018A,12,2.5649493574615367
14,119,0001,0194,1411900010194,12,2.5649493574615367
14,119,0001,0207,1411900010207,0,0.0
14,119,0001,0211,1411900010211,4,1.6094379124341003
14,119,0001,0230,1411900010230,0,0.0
14,119,0001,0245,1411900010245,3,1.3862943611198906
14,120,0001,0212,1412000010212,5325,8.580355766373877
14,120,0001,0227,1412000010227,9133,9.119758993744945
14,120,0001,0231,1412000010231,12573,9.439386468943006
14,120,0001,0246,1412000010246,5132,8.543445562560303
14,120,0001,0265,1412000010265,3570,8.18060094759445
14,120,0001,027A,141200001027A,3564,8.178919332848396
14,120,0001,0354,1412000010354,5205,8.55756708555451
14,120,0001,0369,1412000010369,5031,8.523572798380277
14,120,0001,0373,1412000010373,3636,8.19891444498699
14,120,0001,0392,1412000010392,3766,8.23403420769204
14,120,0001,0405,1412000010405,2012,7.607381425639791
14,120,0001,0547,1412000010547,3295,8.100464891029363
14,120,0001,0602,1412000010602,9844,9.194718991073225
14,120,0001,0617,1412000010617,17503,9.770184705221707
14,120,0001,0636,1412000010636,1679,7.426549072397305
14,120,0001,0640,1412000010640,3906,8.27052509505507
14,120,0001,0655,1412000010655,2073,7.637234388789473
14,120,0001,066A,141200001066A,3064,8.027802848370312
14,120,0001,0689,1412000010689,2662,7.887208585813932
14,120,0001,0706,1412000010706,4676,8.450412157725886
14,120,0001,0710,1412000010710,5807,8.666991556504632
14,120,0001,0814,1412000010814,4376,8.384118837190895
14,120,0001,0890,1412000010890,4408,8.391403185357937
14,120,0001,0918,1412000010918,4568,8.427049641563272
14,120,0001,0937,1412000010937,7384,8.90720619496548
14,120,0001,0975,1412000010975,1545,7.343426229147367
14,120,0001,098A,141200001098A,1640,7.403061091090091
14,120,0001,0994,1412000010994,3747,8.228977643358313
14,120,0001,1009,1412000011009,643,6.467698726104354
14,120,0001,1032,1412000011032,9528,9.162095059348188
14,120,0001,1121,1412000011121,3266,8.09162741160107
14,120,0001,1155,1412000011155,4625,8.439447842791385
14,120,0001,116A,141200001116A,6268,8.743372131273969
14,120,0001,1189,1412000011189,2313,7.746732907753622
14,120,0001,1193,1412000011193,7564,8.931287626222456
14,120,0001,1206,1412000011206,5748,8.656781205623291
14,120,0001,1210,1412000011210,5801,8.665957964681349
14,120,0001,1225,1412000011225,3593,8.187021067343505
14,120,0001,1278,1412000011278,2847,7.954372272531867
14,120,0001,1282,1412000011282,3821,8.248529124800218
14,120,0001,1297,1412000011297,3352,8.117610746466228
14,120,0001,1418,1412000011418,4249,8.354674261918463
14,120,0001,1441,1412000011441,6618,8.797699580118923
14,120,0001,1460,1412000011460,3304,8.103191752285786
14,120,0001,1526,1412000011526,2925,7.98139158158007
14,120,0001,1579,1412000011579,5965,8.693831965074693
14,120,0001,1634,1412000011634,2145,7.671360923190644
14,120,0001,1649,1412000011649,2784,7.932003152361385
14,120,0001,1653,1412000011653,2569,7.851661177889265
14,120,0001,1687,1412000011687,4845,8.48590890137647
14,120,0001,1691,1412000011691,3221,8.07775756373692
14,120,0001,1723,1412000011723,2664,7.887959336599945
14,120,0001,1742,1412000011742,4556,8.424419791263883
14,120,0001,1757,1412000011757,2029,7.615791072035833
14,120,0001,1795,1412000011795,4685,8.452334619067742
14,120,0001,1808,1412000011808,4131,8.326516830239528
14,120,0001,1812,1412000011812,3647,8.201934351194222
14,120,0001,1846,1412000011846,2403,7.784889295655098
14,120,0001,1850,1412000011850,4705,8.456593569287309
14,120,0001,1865,1412000011865,2888,7.968665700466235
14,120,0001,187A,141200001187A,3948,8.28121766128665
14,120,0001,1884,1412000011884,3286,8.097730573664219
14,120,0001,1899,1412000011899,4005,8.295548516225763
14,120,0001,1901,1412000011901,3575,8.182000136293405
14,120,0001,1920,1412000011920,4875,8.492080490601163
14,120,0001,1935,1412000011935,3652,8.203304026795282
14,120,0001,194A,141200001194A,4499,8.411832675758411
14,120,0001,2064,1412000012064,199,5.298317366548036
14,120,0001,2115,1412000012115,3887,8.265650165580329
14,120,0001,212A,141200001212A,2431,7.796469243086058
14,120,0001,2134,1412000012134,2431,7.796469243086058
14,120,0001,2172,1412000012172,3432,8.141189793457691
14,120,0001,2204,1412000012204,6984,8.851520271691061
14,120,0001,2219,1412000012219,3326,8.109826276018477
14,120,0001,2223,1412000012223,2552,7.845024417241484
14,120,0001,2238,1412000012238,1924,7.562681246721884
14,120,0001,2242,1412000012242,3448,8.145839612936841
14,120,0001,2257,1412000012257,5066,8.53050420547591
14,120,0001,2261,1412000012261,6327,8.75273950944749
14,120,0001,2276,1412000012276,2088,7.644440761556566
14,120,0001,2280,1412000012280,6118,8.71915396346254
14,120,0001,2295,1412000012295,4944,8.506132244056813
14,120,0001,2308,1412000012308,4275,8.360773272144936
14,120,0001,2312,1412000012312,3598,8.188411308079031
14,120,0001,2327,1412000012327,4290,8.364275084991524
14,120,0001,2331,1412000012331,4095,8.317766166719343
14,120,0001,2346,1412000012346,3178,8.064321960910803
14,120,0001,2350,1412000012350,4090,8.316544717929398
14,120,0001,2365,1412000012365,3672,8.208764045819667
14,120,0001,237A,141200001237A,3766,8.23403420769204
14,120,0001,2384,1412000012384,2503,7.825644732219989
14,120,0001,2399,1412000012399,4661,8.447199819595703
14,120,0001,2401,1412000012401,5706,8.649448770536708
14,120,0001,2416,1412000012416,1385,7.234177179749849
14,120,0001,2420,1412000012420,2911,7.976595409316577
14,120,0001,2435,1412000012435,5640,8.637816633739977
14,120,0001,244A,141200001244A,4193,8.341410211461865
14,120,0001,2454,1412000012454,3405,8.133293861222633
14,120,0001,2469,1412000012469,1989,7.595889917718538
14,120,0001,2473,1412000012473,7533,8.927181388251986
14,120,0001,2488,1412000012488,2220,7.7057128238944275
14,120,0001,2492,1412000012492,2156,7.676473646389156
14,120,0001,2505,1412000012505,3126,8.047829357457841
14,120,0001,251A,141200001251A,3636,8.19891444498699
14,120,0001,2524,1412000012524,2494,7.822044008185619
14,120,0001,2539,1412000012539,2052,7.627057417018934
14,120,0001,2543,1412000012543,2709,7.904703913873747
14,120,0001,2558,1412000012558,2604,7.865187954187467
14,120,0001,2562,1412000012562,3042,8.02059914989697
14,120,0001,2596,1412000012596,3039,8.019612794400267
14,120,0001,2609,1412000012609,4790,8.474494436883122
14,120,0001,2613,1412000012613,4028,8.301273485191347
14,120,0001,2628,1412000012628,3610,8.191740021277457
14,120,0001,2632,1412000012632,6516,8.78216942633238
14,120,0001,2647,1412000012647,3355,8.118505067587098
14,120,0001,2651,1412000012651,3563,8.1786387885907
14,120,0001,2666,1412000012666,4820,8.480736654405622
14,120,0001,2670,1412000012670,4228,8.34972083747249
14,120,0001,2685,1412000012685,5358,8.58653266949485
14,120,0001,269A,141200001269A,1026,6.934397209928558
14,120,0001,2702,1412000012702,1269,7.146772179452637
14,120,0001,2717,1412000012717,2774,7.928406026180535
14,120,0001,2721,1412000012721,3907,8.270781013162674
14,120,0001,2755,1412000012755,4471,8.405591014834934
14,120,0001,2774,1412000012774,2593,7.860956364876389
14,120,0001,2789,1412000012789,2478,7.8156105320351905
14,120,0001,2793,1412000012793,2747,7.91862865334224
14,120,0001,2806,1412000012806,1941,7.571473648851271
14,120,0001,2810,1412000012810,2101,7.650644551436897
14,120,0001,2825,1412000012825,3284,8.09712193091871
14,120,0001,283A,141200001283A,1422,7.260522598089852
14,120,0001,2844,1412000012844,2085,7.643003635560718
14,120,0001,2863,1412000012863,1325,7.189922170745808
14,120,0001,2882,1412000012882,3195,8.069655306886165
14,120,0001,2897,1412000012897,4946,8.506536611227709
14,120,0001,290A,141200001290A,4498,8.411610428841172
14,120,0001,2914,1412000012914,4714,8.458504195067558
14,120,0001,2929,1412000012929,6759,8.81877816903701
14,120,0001,2933,1412000012933,2920,7.979681302387741
14,120,0001,2948,1412000012948,3228,8.079927770758275
14,120,0001,2952,1412000012952,2642,7.879669914604289
14,120,0001,2967,1412000012967,3496,8.159660737063376
14,120,0001,2971,1412000012971,3421,8.137980454452139
14,120,0001,2986,1412000012986,4995,8.516392871245468
14,120,0001,2990,1412000012990,4265,8.358431899031295
14,120,0001,3005,1412000013005,1879,7.539027055823995
14,120,0001,301A,141200001301A,3226,8.079308192051961
14,120,0001,3039,1412000013039,4654,8.445697189711167
14,120,0001,3043,1412000013043,3560,8.177796683277778
14,120,0001,3058,1412000013058,3036,8.01862546504575
14,120,0001,3062,1412000013062,5074,8.532081803909987
14,120,0001,3077,1412000013077,4538,8.420462002456466
14,120,0001,3081,1412000013081,2118,7.6586995582682995
14,120,0001,3096,1412000013096,3660,8.205491613120236
14,120,0001,3113,1412000013113,4135,8.327484416188264
14,120,0001,3128,1412000013128,4686,8.452547997922705
14,120,0001,3132,1412000013132,3693,8.214465160759186
14,120,0001,3147,1412000013147,4647,8.444192298531748
14,120,0001,3151,1412000013151,3588,8.185628891147607
14,120,0001,3166,1412000013166,3310,8.105005537547246
14,120,0001,3170,1412000013170,4047,8.305978210967302
14,120,0001,3185,1412000013185,4231,8.350429973538136
14,120,0001,319A,141200001319A,5964,8.693664334532016
14,120,0001,3202,1412000013202,2229,7.709756864454165
14,120,0001,3217,1412000013217,5822,8.66957087183712
14,120,0001,3236,1412000013236,7452,8.916371914881694
14,120,0001,326A,141200001326A,8368,9.032289682032873
14,120,0001,3274,1412000013274,5938,8.68929604801586
14,120,0001,3289,1412000013289,1515,7.323830566202317
14,120,0001,3293,1412000013293,1807,7.4999765409521215
14,120,0001,3306,1412000013306,2749,7.919356190660617
14,120,0001,3310,1412000013310,2473,7.813591552952433
14,120,0001,3325,1412000013325,3400,8.131824785007195
14,120,0001,3378,1412000013378,3189,8.06777619577889
14,120,0001,3382,1412000013382,3363,8.120886021092838
14,120,0001,3397,1412000013397,10840,9.291090521661292
14,120,0001,340A,141200001340A,2391,7.779885115070522
14,120,0001,3414,1412000013414,1968,7.585281078639126
14,120,0001,3429,1412000013429,714,6.5722825426940075
14,120,0001,3433,1412000013433,2675,7.892078421248119
14,120,0001,3448,1412000013448,729,6.593044534142437
14,120,0001,3452,1412000013452,1119,7.02108396428914
14,120,0001,3486,1412000013486,559,6.327936783729195
14,120,0001,3490,1412000013490,910,6.814542897259958
14,120,0001,3503,1412000013503,2862,7.959625305098115
14,120,0001,3518,1412000013518,2779,7.930206206684683
14,120,0001,3556,1412000013556,4470,8.405367376233981
14,120,0001,3560,1412000013560,4591,8.432070937999402
14,120,0001,3575,1412000013575,5474,8.607947554684701
14,120,0001,3594,1412000013594,978,6.88653164253051
14,120,0001,3607,1412000013607,146,4.990432586778736
14,120,0001,3611,1412000013611,711,6.568077911411976
14,120,0001,3626,1412000013626,310,5.739792912179234
14,120,0001,3630,1412000013630,274,5.616771097666572
14,120,0001,3645,1412000013645,825,6.716594773520978
14,120,0001,365A,141200001365A,848,6.744059186311348
14,120,0001,3664,1412000013664,91,4.5217885770490405
14,120,0001,3679,1412000013679,278,5.631211781821365
14,120,0001,3683,1412000013683,1292,7.164720378771857
14,120,0001,3698,1412000013698,1044,6.951772164398911
14,120,0001,3700,1412000013700,457,6.126869184114185
14,120,0001,3715,1412000013715,208,5.342334251964811
14,120,0001,372A,141200001372A,2325,7.75190533307861
14,120,0001,3734,1412000013734,2860,7.95892649305011
14,120,0001,3768,1412000013768,68,4.23410650459726
14,120,0001,3772,1412000013772,5073,8.531884740159228
14,120,0001,3787,1412000013787,3460,8.149312843635345
14,120,0001,3791,1412000013791,2465,7.81035268372429
14,120,0001,3804,1412000013804,2681,7.894318063841624
14,120,0001,3819,1412000013819,2561,7.848543482456679
14,120,0001,3857,1412000013857,250,5.5254529391317835
14,120,0001,3861,1412000013861,624,6.437751649736401
14,120,0001,3876,1412000013876,160,5.081404364984463
14,120,0001,3950,1412000013950,311,5.7430031878094825
14,120,0001,3965,1412000013965,0,0.0
14,120,0001,397A,141200001397A,125,4.836281906951478
14,120,0001,3984,1412000013984,2545,7.842278779117352
14,120,0001,4041,1412000014041,0,0.0
14,120,0001,4060,1412000014060,5521,8.6164953924901
14,120,0001,4075,1412000014075,4359,8.38022733634308
14,120,0001,408A,141200001408A,1818,7.506042178518122
14,120,0001,4094,1412000014094,454,6.12029741895095
14,120,0001,4107,1412000014107,620,6.431331081933479
14,120,0001,4111,1412000014111,622,6.434546518787453
14,120,0001,4126,1412000014126,411,6.021023349349527
14,120,0001,4130,1412000014130,102,4.634728988229636
14,120,0001,4183,1412000014183,3134,8.050384453067021
14,120,0001,4198,1412000014198,1669,7.4205789054108005
14,120,0001,4200,1412000014200,2756,7.921898411023797
14,120,0001,4215,1412000014215,2787,7.933079771880415
14,120,0001,422A,141200001422A,5142,8.545391845774915
14,120,0001,4234,1412000014234,4363,8.381144346952961
14,120,0001,4249,1412000014249,4448,8.400434630806041
14,120,0001,4253,1412000014253,2345,7.76046702921342
14,120,0001,4268,1412000014268,3930,8.27664912542186
14,120,0001,4272,1412000014272,3404,8.133000218583613
14,120,0001,4287,1412000014287,3107,8.041734711487537
14,120,0001,4291,1412000014291,2383,7.776535028185241
14,120,0001,4304,1412000014304,2379,7.77485576666552
14,120,0001,4319,1412000014319,2847,7.954372272531867
14,120,0001,4323,1412000014323,3318,8.107418811719974
14,120,0001,4338,1412000014338,4190,8.340694647925071
14,120,0001,4342,1412000014342,2267,7.7266536648476425
14,120,0001,4357,1412000014357,1807,7.4999765409521215
14,120,0001,4361,1412000014361,2100,7.650168700845001
14,120,0001,4376,1412000014376,1348,7.207118856207756
14,120,0001,4380,1412000014380,3676,8.209852481301272
14,120,0001,4395,1412000014395,2850,7.955425088912672
14,120,0001,4408,1412000014408,3025,8.014996894348302
14,120,0001,4412,1412000014412,1643,7.404887575616125
14,120,0001,4427,1412000014427,2346,7.760893195851024
14,120,0001,4431,1412000014431,3048,8.022568946988255
14,120,0001,4446,1412000014446,2710,7.905072849498666
14,120,0001,4450,1412000014450,2647,7.881559917056899
14,120,0001,4465,1412000014465,3331,8.111328003286733
14,120,0001,447A,141200001447A,4539,8.420682291035394
14,120,0001,4484,1412000014484,3567,8.1797604936999
14,120,0001,4499,1412000014499,3171,8.06211758275474
14,120,0001,4501,1412000014501,1939,7.570443252057374
14,120,0001,4516,1412000014516,2503,7.825644732219989
14,120,0001,4520,1412000014520,4696,8.454679286026995
14,120,0001,4535,1412000014535,4002,8.294799358992574
14,120,0001,454A,141200001454A,4608,8.435766192720509
14,120,0001,4554,1412000014554,4917,8.500657222776137
14,120,0001,4569,1412000014569,2409,7.787382026484701
14,120,0001,4573,1412000014573,2112,7.655864017616056
14,120,0001,4588,1412000014588,2262,7.724446645633537
14,120,0001,4592,1412000014592,3651,8.20303024171486
14,120,0001,4605,1412000014605,6208,8.733755131364893
14,120,0001,461A,141200001461A,2780,7.930565854233965
14,120,0001,4643,1412000014643,3617,8.193676665955241
14,120,0001,4658,1412000014658,5793,8.664578178329295
14,120,0001,4662,1412000014662,4460,8.403128235128264
14,120,0001,4677,1412000014677,2350,7.762596048540069
14,120,0001,4728,1412000014728,2574,7.853604813097837
14,120,0001,4732,1412000014732,2238,7.713784616598755
14,120,0001,4766,1412000014766,0,0.0
14,120,0001,4770,1412000014770,53,3.9889840465642745
14,120,0001,479A,141200001479A,258,5.556828061699537
14,120,0001,4821,1412000014821,31,3.4657359027997265
14,120,0001,4836,1412000014836,0,0.0
14,120,0001,4840,1412000014840,5,1.791759469228055
14,120,0001,4855,1412000014855,1464,7.289610521451167
14,120,0001,486A,141200001486A,366,5.905361848054571
14,120,0001,4874,1412000014874,69,4.248495242049359
14,120,0001,4889,1412000014889,4001,8.294549515143679
14,120,0001,4906,1412000014906,0,0.0
14,120,0001,4910,1412000014910,12,2.5649493574615367
14,120,0001,4925,1412000014925,33,3.5263605246161616
14,120,0001,4944,1412000014944,0,0.0
14,120,0001,4963,1412000014963,201,5.308267697401205
14,120,0001,4978,1412000014978,407,6.0112671744041615
14,120,0001,5105,1412000015105,2276,7.7306140660637395
14,120,0001,5124,1412000015124,44,3.8066624897703196
14,120,0001,5139,1412000015139,439,6.0867747269123065
14,120,0001,5143,1412000015143,2271,7.7284157798410416
14,120,0001,5158,1412000015158,1548,7.3453648404168685
14,120,0001,5162,1412000015162,1445,7.27655640271871
14,120,0001,5177,1412000015177,2767,7.92588031673756
14,120,0001,5181,1412000015181,62,4.143134726391533
14,120,0001,5196,1412000015196,1445,7.27655640271871
14,120,0001,5209,1412000015209,4196,8.34212526333359
14,120,0001,5213,1412000015213,436,6.07993319509559
14,120,0001,5228,1412000015228,403,6.0014148779611505
14,120,0001,5251,1412000015251,2007,7.60489448081162
14,120,0001,5266,1412000015266,6742,8.816260208734581
14,120,0001,5270,1412000015270,691,6.539585955617669
14,120,0001,5285,1412000015285,2524,7.83399634170946
14,120,0001,529A,141200001529A,165,5.111987788356544
14,120,0001,5302,1412000015302,1700,7.438971592395862
14,120,0001,5317,1412000015317,2612,7.868254265520613
14,120,0001,5336,1412000015336,3005,8.00836557031292
14,120,0001,5340,1412000015340,4951,8.507546814364431
14,120,0001,5355,1412000015355,813,6.70196036600254
14,120,0001,536A,141200001536A,2924,7.981049759665957
14,120,0001,5374,1412000015374,2541,7.8407064517494
14,120,0001,5444,1412000015444,1939,7.570443252057374
14,120,0001,5459,1412000015459,3939,8.27893600229198
14,120,0001,5463,1412000015463,4541,8.421122722665503
14,120,0001,5478,1412000015478,1779,7.484368643286131
14,120,0001,5482,1412000015482,848,6.744059186311348
14,120,0001,5497,1412000015497,5121,8.541300266759471
14,120,0001,550A,141200001550A,2200,7.696667081526462
14,120,0001,5533,1412000015533,4649,8.444622498581403
14,120,0001,5548,1412000015548,3212,8.074960359115858
14,120,0001,5552,1412000015552,3661,8.205764725234456
14,120,0001,5622,1412000015622,11,2.4849066497880004
14,120,0001,5637,1412000015637,1159,7.05617528410041
14,120,0001,5641,1412000015641,156,5.056245805348308
14,120,0001,5656,1412000015656,672,6.511745329644728
14,120,0001,5660,1412000015660,482,6.180016653652572
14,120,0001,5675,1412000015675,16,2.833213344056216
14,120,0001,5694,1412000015694,628,6.444131256700441
14,120,0001,5745,1412000015745,482,6.180016653652572
14,120,0001,575A,141200001575A,87,4.477336814478207
14,120,0001,5798,1412000015798,2868,7.9617188159813645
14,120,0001,5800,1412000015800,2790,7.934155233536322
14,120,0001,5815,1412000015815,1971,7.586803535162581
14,120,0001,582A,141200001582A,3976,8.28828304520769
14,120,0001,5834,1412000015834,1978,7.590346945602565
14,120,0001,5849,1412000015849,4325,8.372398606513004
14,120,0001,5938,1412000015938,144,4.976733742420574
14,120,0001,5942,1412000015942,644,6.4692503167957724
14,120,0001,600A,141200001600A,81,4.406719247264253
14,120,0001,6014,1412000016014,110,4.709530201312334
14,120,0001,6029,1412000016029,8,2.1972245773362196
14,120,0001,6033,1412000016033,1016,6.92461239604856
14,120,0001,6048,1412000016048,1160,7.057036981697891
14,120,0001,6052,1412000016052,1325,7.189922170745808
14,120,0001,6067,1412000016067,1348,7.207118856207756
14,120,0001,6071,1412000016071,2319,7.749322464660356
14,120,0001,6086,1412000016086,11,2.4849066497880004
14,120,0001,6090,1412000016090,0,0.0
14,120,0001,6103,1412000016103,224,5.41610040220442
14,120,0001,6118,1412000016118,197,5.288267030694535
14,120,0001,6122,1412000016122,295,5.69035945432406
14,120,0001,6141,1412000016141,25,3.258096538021482
14,120,0001,6175,1412000016175,821,6.71174039505618
14,120,0001,6283,1412000016283,154,5.043425116919247
14,120,0001,6298,1412000016298,256,5.54907608489522
14,120,0001,6300,1412000016300,878,6.778784897685177
14,120,0001,6315,1412000016315,29,3.4011973816621555
14,120,0001,632A,141200001632A,0,0.0
14,120,0001,6391,1412000016391,2702,7.902117546276448
14,120,0001,6423,1412000016423,0,0.0
14,120,0001,6438,1412000016438,96,4.574710978503383
14,120,0001,6495,1412000016495,17,2.8903717578961645
14,120,0001,6508,1412000016508,3747,8.228977643358313
14,120,0001,6512,1412000016512,2935,7.984803389734406
14,120,0001,6527,1412000016527,2709,7.904703913873747
14,120,0001,6531,1412000016531,5144,8.545780648268149
14,120,0001,6546,1412000016546,6217,8.735203590618699
14,120,0001,6550,1412000016550,724,6.586171654854675
14,120,0001,6565,1412000016565,1467,7.291656209174461
14,120,0001,657A,141200001657A,2563,7.849323818040561
14,120,0001,6584,1412000016584,1746,7.465655310134056
14,120,0001,6599,1412000016599,1482,7.301822342137932
14,120,0001,6601,1412000016601,376,5.932245187448011
14,120,0001,6616,1412000016616,1010,6.918695219020472
14,120,0001,6620,1412000016620,2404,7.785305182539862
14,120,0001,6635,1412000016635,2496,7.822845290279774
14,120,0001,664A,141200001664A,1793,7.492203042618741
14,120,0001,6705,1412000016705,2642,7.879669914604289
14,120,0001,671A,141200001671A,3873,8.262042843966942
14,120,0001,6724,1412000016724,1709,7.444248649496705
14,120,0001,6739,1412000016739,1842,7.519149957669823
14,120,0001,6743,1412000016743,1816,7.504942068396171
14,120,0001,6758,1412000016758,1896,7.5480289699350145
14,120,0001,6762,1412000016762,2458,7.807510042216193
14,120,0001,6777,1412000016777,2677,7.8928255262511176
14,120,0001,6781,1412000016781,315,5.755742213586912
14,120,0001,6796,1412000016796,1228,7.113956109566034
14,120,0001,6809,1412000016809,1997,7.599901959208498
14,120,0001,6813,1412000016813,166,5.117993812416755
14,120,0001,6828,1412000016828,410,6.018593214496234
14,120,0001,6832,1412000016832,5684,8.645586406184636
14,120,0001,6847,1412000016847,1298,7.1693500166706
14,120,0001,6851,1412000016851,472,6.159095388491933
14,120,0001,6866,1412000016866,699,6.551080335043404
14,120,0001,6870,1412000016870,760,6.634633357861686
14,120,0001,6885,1412000016885,1920,7.560601162768557
14,120,0001,689A,141200001689A,2660,7.886457270977689
14,120,0001,6902,1412000016902,3435,8.142063283104147
14,120,0001,6917,1412000016917,1784,7.487173694213739
14,120,0001,6921,1412000016921,406,6.008813185442595
14,120,0139,5980,1412001395980,2762,7.924072324923417
14,120,0139,5995,1412001395995,1246,7.1284959456800365
14,120,0206,504A,141200206504A,1688,7.4318919168078
14,120,0206,5054,1412002065054,2038,7.620214770574455
14,120,0206,6461,1412002066461,0,0.0
14,120,0231,2026,1412002312026,3108,8.042056410058754
14,120,0231,2045,1412002312045,614,6.421622267806518
14,120,0231,205A,141200231205A,3449,8.146129510025405
14,120,0231,2079,1412002312079,1628,7.395721608602045
14,120,0231,3823,1412002313823,3083,8.03398273468322
14,120,0231,3838,1412002313838,3110,8.042699496897637
14,120,0231,3842,1412002313842,1037,6.945051063725834
14,120,0231,3895,1412002313895,397,5.986452005284438
14,120,0231,3999,1412002313999,240,5.484796933490655
14,120,0231,4003,1412002314003,1494,7.3098814858247865
14,120,0231,4145,1412002314145,5777,8.661812881026181
14,120,0231,415A,141200231415A,2345,7.76046702921342
14,120,0231,4164,1412002314164,4334,8.374476889214643
14,120,0231,4179,1412002314179,6158,8.725669705687043
14,120,0231,4802,1412002314802,0,0.0
14,120,0231,4817,1412002314817,12,2.5649493574615367
14,120,0231,5035,1412002315035,143,4.969813299576001
14,120,0231,5590,1412002315590,61,4.127134385045092
14,120,0231,5603,1412002315603,0,0.0
14,120,0231,5618,1412002315618,872,6.771935555839602
14,120,0231,5726,1412002315726,4363,8.381144346952961
14,120,0231,5730,1412002315730,814,6.703188113240863
14,120,0231,5779,1412002315779,2085,7.643003635560718
14,120,0231,5872,1412002315872,3677,8.210124405164267
14,120,0231,5887,1412002315887,3472,8.152774052744075
14,120,0231,6207,1412002316207,94,4.553876891600541
14,120,0231,6211,1412002316211,31,3.4657359027997265
14,120,0231,6226,1412002316226,124,4.8283137373023015
14,120,0231,6230,1412002316230,2753,7.9208096792886
14,120,0231,6245,1412002316245,1348,7.207118856207756
14,120,0231,625A,141200231625A,11,2.4849066497880004
14,120,0231,6264,1412002316264,12,2.5649493574615367
14,120,0231,6404,1412002316404,258,5.556828061699537
14,120,0231,6476,1412002316476,17,2.8903717578961645
14,120,0231,6480,1412002316480,0,0.0
14,120,0231,6654,1412002316654,1240,7.123672785204607
14,120,0231,6669,1412002316669,728,6.591673732008658
14,120,0231,6673,1412002316673,1795,7.493317248862145
14,120,0231,6688,1412002316688,1058,6.9650803456014065
14,120,0231,6692,1412002316692,655,6.486160788944089
14,120,0243,4709,1412002434709,2908,7.975564658495202
14,120,0243,4713,1412002434713,2741,7.91644286012226
14,120,0430,6936,1412004306936,849,6.745236349484363
14,120,0430,6940,1412004306940,1754,7.470224135899966
14,120,0430,6955,1412004306955,1885,7.542213463193403
14,121,0001,0084,1412100010084,2658,7.88570539124302
14,121,0001,0099,1412100010099,3952,8.282230063296685
14,121,0001,0101,1412100010101,1687,7.431299675155903
14,121,0001,0116,1412100010116,2426,7.794411205726601
14,121,0001,0120,1412100010120,1012,6.920671504248683
14,121,0001,0135,1412100010135,840,6.734591659972948
14,121,0001,014A,141210001014A,440,6.089044875446846
14,121,0001,0154,1412100010154,146,4.990432586778736
14,121,0001,0169,1412100010169,123,4.820281565605037
14,121,0001,0173,1412100010173,2189,7.691656822810547
14,121,0001,0188,1412100010188,563,6.335054251498059
14,121,0001,0192,1412100010192,1051,6.9584483932976555
14,121,0001,0205,1412100010205,155,5.049856007249537
14,121,0001,021A,141210001021A,14,2.70805020110221
14,121,0001,0224,1412100010224,83,4.430816798843313
14,121,0001,0239,1412100010239,2485,7.818430272070656
14,121,0001,0243,1412100010243,2724,7.9102237070973445
14,121,0001,0258,1412100010258,178,5.187385805840755
14,121,0001,0262,1412100010262,5,1.791759469228055
14,121,0001,0296,1412100010296,14,2.70805020110221
14,121,0001,0313,1412100010313,37,3.6375861597263857
14,121,0001,0328,1412100010328,0,0.0
14,121,0001,0366,1412100010366,33,3.5263605246161616
14,121,0001,0370,1412100010370,18,2.9444389791664403
14,121,0001,0402,1412100010402,0,0.0
14,121,0021,0332,1412100210332,21,3.091042453358316
14,121,0021,0347,1412100210347,1245,7.1276936993473985
14,121,0021,0351,1412100210351,1327,7.191429330036379
14,121,0021,0385,1412100210385,0,0.0
14,121,0021,039A,141210021039A,5,1.791759469228055
14,122,0001,0058,1412200010058,3498,8.160232492367689
14,122,0001,0062,1412200010062,32,3.4965075614664802
14,123,0001,006A,141230001006A,156,5.056245805348308
14,123,0001,0074,1412300010074,268,5.594711379601839
14,123,0001,0089,1412300010089,1284,7.158513997329321
14,123,0001,0093,1412300010093,1273,7.149916836132109
14,123,0001,0106,1412300010106,288,5.666426688112432
14,123,0001,0110,1412300010110,6,1.9459101490553132
14,123,0001,0125,1412300010125,5,1.791759469228055
14,123,0041,013A,141230041013A,1401,7.2456550675945355
14,123,0041,0144,1412300410144,1158,7.055312843339752
14,124,0001,0122,1412400010122,1740,7.462214939768189
14,124,0001,0137,1412400010137,2561,7.848543482456679
14,124,0001,0141,1412400010141,1669,7.4205789054108005
14,124,0001,0156,1412400010156,3249,8.086410275323782
14,124,0001,0175,1412400010175,3301,8.102283624480073
14,124,0001,018A,141240001018A,4114,8.32239411311117
14,124,0001,0211,1412400010211,2491,7.820840879907344
14,124,0001,0226,1412400010226,756,6.6293632534374485
14,124,0001,0230,1412400010230,4,1.6094379124341003
14,124,0001,0245,1412400010245,0,0.0
14,124,0001,025A,141240001025A,24,3.2188758248682006
14,124,0001,0264,1412400010264,6,1.9459101490553132
14,124,0001,0279,1412400010279,77,4.356708826689592
14,124,0001,0283,1412400010283,212,5.3612921657094255
14,124,0001,0298,1412400010298,66,4.204692619390966
14,124,0001,0300,1412400010300,356,5.877735781779639
14,124,0001,0315,1412400010315,27,3.332204510175204
14,124,0001,032A,141240001032A,10,2.3978952727983707
14,124,0001,0334,1412400010334,237,5.472270673671475
14,124,0001,0349,1412400010349,10,2.3978952727983707
14,124,0001,0372,1412400010372,11,2.4849066497880004
14,124,0001,0404,1412400010404,177,5.181783550292085
14,124,0001,0419,1412400010419,17,2.8903717578961645
14,124,0001,0423,1412400010423,77,4.356708826689592
14,124,0001,0438,1412400010438,330,5.802118375377063
14,124,0001,0442,1412400010442,75,4.330733340286331
14,124,0001,0457,1412400010457,26,3.295836866004329
14,124,0001,0461,1412400010461,176,5.176149732573829
14,124,0001,0476,1412400010476,0,0.0
14,124,0001,0480,1412400010480,2376,7.773594467360194
14,124,0001,0495,1412400010495,3598,8.188411308079031
14,124,0001,0508,1412400010508,77,4.356708826689592
14,124,0001,0512,1412400010512,1858,7.527793987721444
14,124,0001,0527,1412400010527,2131,7.664815785285735
14,124,0001,0531,1412400010531,53,3.9889840465642745
14,124,0001,0546,1412400010546,21,3.091042453358316
14,124,0001,0550,1412400010550,65,4.189654742026425
14,124,0001,0565,1412400010565,117,4.770684624465665
14,124,0001,057A,141240001057A,230,5.442417710521793
14,124,0001,0584,1412400010584,51,3.9512437185814275
14,124,0094,0387,1412400940387,1489,7.306531398939505
14,124,0094,0391,1412400940391,1580,7.365812837209472
14,124,0176,0160,1412401760160,2744,7.917536353943631
14,125,0001,0011,1412500010011,1203,7.093404625868766
14,125,0001,0026,1412500010026,918,6.823286122355687
14,125,0001,0030,1412500010030,890,6.792344427470809
14,125,0001,0045,1412500010045,817,6.706862336602747
14,125,0001,005A,141250001005A,1056,6.963189985870238
14,125,0001,0064,1412500010064,915,6.82001636467413
14,125,0001,0079,1412500010079,554,6.318968113746434
14,125,0001,0083,1412500010083,1154,7.051855622955894
14,125,0001,0098,1412500010098,1174,7.069023426578259
14,125,0001,0100,1412500010100,1071,6.977281341630747
14,125,0001,0134,1412500010134,22,3.1354942159291497
14,125,0001,0149,1412500010149,0,0.0
