ENTIDAD,MUN,LOC,AGEB,CVEGEO,POBTOT,log_POBTOT
15,001,0001,0127,1500100010127,2648,7.88193748927207
15,001,0001,0220,1500100010220,261,5.568344503761097
15,001,0001,0235,1500100010235,275,5.62040086571715
15,001,0001,0254,1500100010254,184,5.220355825078324
15,001,0001,0269,1500100010269,146,4.990432586778736
15,001,0001,0273,1500100010273,128,4.859812404361672
15,001,0001,0288,1500100010288,396,5.983936280687191
15,001,0001,0324,1500100010324,39,3.6888794541139363
15,001,0037,0305,1500100370305,2657,7.885329239273191
15,001,0037,031A,150010037031A,1765,7.476472381163905
15,002,0001,0228,1500200010228,2190,7.692113339595466
15,002,0001,0232,1500200010232,3201,8.07153089355666
15,002,0001,050A,150020001050A,148,5.003946305945459
15,002,0001,0514,1500200010514,32,3.4965075614664802
15,002,0005,0177,1500200050177,5099,8.536995818712418
15,002,0008,036A,150020008036A,3098,8.038834757787749
15,002,0008,0374,1500200080374,768,6.645090969505644
15,002,0008,0389,1500200080389,250,5.5254529391317835
15,002,0011,0656,1500200110656,1553,7.348587530927593
15,002,0011,0660,1500200110660,1252,7.133295954896068
15,002,0012,0181,1500200120181,5116,8.540323608805092
15,002,0015,0069,1500200150069,40,3.713572066704308
15,002,0015,0073,1500200150073,2214,7.703007682479236
15,002,0015,0088,1500200150088,702,6.555356891810665
15,002,0015,0105,1500200150105,220,5.3981627015177525
15,002,0015,011A,150020015011A,105,4.663439094112067
15,002,0015,0124,1500200150124,3541,8.17244681834278
15,002,0015,0143,1500200150143,4723,8.460411177317253
15,002,0015,0158,1500200150158,4353,8.378850241794492
15,002,0015,0196,1500200150196,2091,7.645875825184813
15,002,0015,0247,1500200150247,2480,7.816416983691801
15,002,0015,0251,1500200150251,2104,7.652070746116482
15,002,0015,0266,1500200150266,3499,8.160518247477505
15,002,0015,0270,1500200150270,2732,7.913155185928068
15,002,0015,0285,1500200150285,3712,8.21959545417708
15,002,0015,029A,150020015029A,4116,8.322880021769905
15,002,0015,0302,1500200150302,4,1.6094379124341003
15,002,0015,0336,1500200150336,1732,7.457609289715606
15,002,0015,0340,1500200150340,1712,7.44600149832412
15,002,0015,0355,1500200150355,817,6.706862336602747
15,002,0015,0410,1500200150410,414,6.028278520230698
15,002,0015,0425,1500200150425,221,5.402677381872279
15,002,0015,043A,150020015043A,754,6.626717749249025
15,002,0015,0444,1500200150444,1295,7.16703787691222
15,002,0015,0459,1500200150459,5660,8.64135583403666
15,002,0015,0463,1500200150463,5315,8.578476419833136
15,002,0015,0478,1500200150478,6230,8.737292112544221
15,002,0015,0482,1500200150482,7937,8.97941663334301
15,002,0015,0497,1500200150497,2985,8.001689978099135
15,002,0015,0533,1500200150533,1621,7.3914152346753585
15,002,0015,0548,1500200150548,4199,8.34283980427146
15,002,0015,0552,1500200150552,3489,8.157657015196472
15,002,0015,0567,1500200150567,4186,8.339739766019143
15,002,0015,0571,1500200150571,1356,7.213031659834869
15,002,0015,0586,1500200150586,3203,8.07215530818825
15,002,0015,0590,1500200150590,2547,7.843064016692054
15,002,0015,0603,1500200150603,1563,7.355001921105257
15,002,0015,0618,1500200150618,1165,7.061334366910438
15,002,0015,0622,1500200150622,1681,7.427738840532894
15,002,0015,0637,1500200150637,3304,8.103191752285786
15,002,0015,0641,1500200150641,2645,7.880804344674901
15,002,0016,0162,1500200160162,2513,7.829630389150193
15,002,0016,0209,1500200160209,1853,7.5251007461258
15,002,0016,0529,1500200160529,205,5.327876168789581
15,003,0001,0117,1500300010117,1823,7.508787170634276
15,003,0024,0225,1500300240225,3770,8.235095497258357
15,004,0001,0044,1500400010044,3153,8.056426767522984
15,005,0001,0164,1500500010164,1507,7.318539548567902
15,005,0001,0361,1500500010361,646,6.472346294500901
15,005,0001,0450,1500500010450,938,6.844815479208263
15,005,0001,0465,1500500010465,0,0.0
15,005,0004,0215,1500500040215,6559,8.788745881938135
15,005,0016,0431,1500500160431,4030,8.301769763117166
15,005,0032,0145,1500500320145,8452,9.042276686928927
15,005,0032,015A,150050032015A,2307,7.744136627627991
15,005,0032,0376,1500500320376,879,6.779921907472252
15,005,0032,047A,150050032047A,62,4.143134726391533
15,005,0032,0484,1500500320484,4809,8.478452363099807
15,005,0034,0380,1500500340380,4478,8.4071550862073
15,005,0035,0499,1500500350499,3165,8.060224240440958
15,005,0037,0395,1500500370395,3167,8.060855752934316
15,005,0045,0342,1500500450342,8761,9.078179468373843
15,005,0143,0501,1500501430501,2719,7.908387159290043
15,005,0165,0516,1500501650516,2804,7.9391588179567965
15,005,0165,0520,1500501650520,3836,8.252446090246952
15,006,0001,0049,1500600010049,4210,8.345455428161928
15,006,0001,0053,1500600010053,4398,8.389132521348719
15,006,0001,0068,1500600010068,679,6.522092798170152
15,006,0001,0072,1500600010072,220,5.3981627015177525
15,007,0001,0046,1500700010046,1349,7.2078598714324755
15,008,0001,0081,1500800010081,2187,7.690743163541872
15,008,0027,0151,1500800270151,1332,7.195187320178709
15,008,0027,0166,1500800270166,1210,7.099201743553092
15,008,0027,0170,1500800270170,145,4.983606621708336
15,008,0027,0185,1500800270185,20,3.044522437723423
15,008,0027,019A,150080027019A,323,5.780743515792329
15,008,0027,0202,1500800270202,61,4.127134385045092
15,008,0027,0217,1500800270217,36,3.6109179126442243
15,009,0001,0036,1500900010036,5556,8.622813673279921
15,009,0001,0040,1500900010040,7596,8.935508711503221
15,009,0001,006A,150090001006A,5980,8.696343057044556
15,009,0001,0093,1500900010093,2209,7.700747794511798
15,009,0001,0125,1500900010125,840,6.734591659972948
15,009,0001,0144,1500900010144,4050,8.30671904320269
15,009,0001,0159,1500900010159,4996,8.516593011344206
15,009,0001,0182,1500900010182,10,2.3978952727983707
15,009,0001,0252,1500900010252,0,0.0
15,009,0001,0267,1500900010267,450,6.111467339502679
15,009,0005,0233,1500900050233,1792,7.491645473605133
15,009,0006,0106,1500900060106,2516,7.830822995135316
15,009,0006,0110,1500900060110,2115,7.65728279297819
15,009,0006,0248,1500900060248,2,1.0986122886681098
15,010,0001,015A,150100001015A,527,6.269096283706261
15,010,0001,0179,1501000010179,459,6.131226489483141
15,010,0001,0198,1501000010198,2138,7.668093709082406
15,010,0001,0200,1501000010200,2649,7.882314918980268
15,010,0001,0215,1501000010215,1763,7.475339236566737
15,010,0001,022A,150100001022A,3346,8.115819701211327
15,010,0001,0234,1501000010234,740,6.608000625296087
15,010,0001,0249,1501000010249,1799,7.495541943884256
15,010,0001,0253,1501000010253,195,5.278114659230517
15,010,0001,0268,1501000010268,13,2.6390573296152584
15,010,0001,0272,1501000010272,33,3.5263605246161616
15,010,0001,0287,1501000010287,139,4.941642422609304
15,010,0001,0291,1501000010291,35,3.58351893845611
15,010,0007,0183,1501000070183,3747,8.228977643358313
15,011,0001,0053,1501100010053,4079,8.313852267398207
15,011,0001,0068,1501100010068,6695,8.80926561216931
15,011,0001,0123,1501100010123,1998,7.6004023345004
15,011,0001,0138,1501100010138,1036,6.9440872082295275
15,011,0001,0142,1501100010142,1794,7.492760300922379
15,011,0001,0176,1501100010176,807,6.694562058521095
15,011,0001,0180,1501100010180,530,6.274762021241939
15,011,0001,0231,1501100010231,185,5.225746673713202
15,011,0002,0049,1501100020049,4659,8.446770727119691
15,011,0002,0161,1501100020161,1106,7.009408932708637
15,011,0002,0212,1501100020212,105,4.663439094112067
15,011,0002,0227,1501100020227,673,6.513230110912307
15,011,0002,0246,1501100020246,118,4.77912349311153
15,011,0004,0034,1501100040034,3692,8.214194414852564
15,011,0004,0157,1501100040157,715,6.573680166960646
15,011,0013,0250,1501100130250,2875,7.964155718840937
15,011,0013,0265,1501100130265,2115,7.65728279297819
15,011,0029,0284,1501100290284,1310,7.1785454837637
15,011,0029,0299,1501100290299,981,6.889591308354466
15,011,0029,0301,1501100290301,1243,7.126087273299125
15,011,0029,0316,1501100290316,1115,7.017506142941256
15,011,0029,0320,1501100290320,1172,7.067319848653476
15,012,0001,0046,1501200010046,3526,8.168202930236053
15,012,0001,0050,1501200010050,3646,8.20166019080868
15,012,0001,0065,1501200010065,193,5.267858159063328
15,012,0001,007A,150120001007A,434,6.075346031088684
15,012,0001,0084,1501200010084,263,5.575949103146316
15,013,0001,0039,1501300010039,3814,8.246695943718557
15,013,0001,0062,1501300010062,8091,8.998631198287637
15,013,0001,0128,1501300010128,3795,8.241703159729818
15,013,0001,0132,1501300010132,2105,7.652545692693921
15,013,0001,0147,1501300010147,4533,8.419359831067474
15,013,0001,0170,1501300010170,5456,8.604654467186231
15,013,0001,0202,1501300010202,3941,8.279443487712665
15,013,0001,0221,1501300010221,3855,8.257385655730436
15,013,0001,0236,1501300010236,6910,8.840869624091395
15,013,0001,0255,1501300010255,5853,8.674880467251832
15,013,0001,0274,1501300010274,5586,8.628197749459149
15,013,0001,0344,1501300010344,1714,7.44716835960004
15,013,0001,0359,1501300010359,0,0.0
15,013,0001,0363,1501300010363,1179,7.07326971745971
15,013,0001,0378,1501300010378,0,0.0
15,013,0001,0382,1501300010382,2596,7.862112211662748
15,013,0001,0397,1501300010397,2259,7.723120092266331
15,013,0001,040A,150130001040A,6229,8.737131611781498
15,013,0001,0429,1501300010429,225,5.420534999272286
15,013,0001,0433,1501300010433,4499,8.411832675758411
15,013,0001,0448,1501300010448,2914,7.977625098784593
15,013,0001,0490,1501300010490,5966,8.693999567522082
15,013,0001,0503,1501300010503,2242,7.715569534520208
15,013,0001,0522,1501300010522,4828,8.482394685873542
15,013,0001,0556,1501300010556,7146,8.874447967219979
15,013,0001,0560,1501300010560,5320,8.579416534596369
15,013,0001,058A,150130001058A,1050,6.957497370876951
15,013,0001,0594,1501300010594,960,6.8679744089702925
15,013,0001,0607,1501300010607,1690,7.43307534889858
15,013,0001,0611,1501300010611,1257,7.1372784372603855
15,013,0001,0626,1501300010626,1200,7.0909098220799835
15,013,0001,0630,1501300010630,5272,8.57035473953047
15,013,0001,0645,1501300010645,821,6.71174039505618
15,013,0001,065A,150130001065A,935,6.841615476477592
15,013,0001,0664,1501300010664,3257,8.08886878916199
15,013,0001,0679,1501300010679,1970,7.58629630715272
15,013,0001,0700,1501300010700,778,6.658011045870748
15,013,0001,0715,1501300010715,3792,8.2409125416889
15,013,0001,072A,150130001072A,747,6.617402977974478
15,013,0001,0734,1501300010734,6486,8.777555453213056
15,013,0001,0749,1501300010749,1459,7.286191714702382
15,013,0001,0772,1501300010772,3374,8.12415060330663
15,013,0001,0787,1501300010787,1743,7.463936604468925
15,013,0001,0791,1501300010791,229,5.438079308923196
15,013,0001,0895,1501300010895,5030,8.523374050491318
15,013,0001,0912,1501300010912,7817,8.9641840463529
15,013,0001,0927,1501300010927,6971,8.849657406639912
15,013,0001,0931,1501300010931,9634,9.173157580848466
15,013,0001,0946,1501300010946,2905,7.974532844130228
15,013,0001,0950,1501300010950,3170,8.061802274538348
15,013,0001,0965,1501300010965,4313,8.369620826949102
15,013,0001,097A,150130001097A,4012,8.297294370266917
15,013,0001,0984,1501300010984,3141,8.052614818815567
15,013,0001,0999,1501300010999,4308,8.368461137615839
15,013,0001,1003,1501300011003,6782,8.82217476094608
15,013,0001,1018,1501300011018,10364,9.24619002486988
15,013,0001,1022,1501300011022,6336,8.754160749323518
15,013,0001,1037,1501300011037,4303,8.36730010184162
15,013,0001,1041,1501300011041,5112,8.53954159508
15,013,0001,1056,1501300011056,3009,8.009695357742922
15,013,0001,1060,1501300011060,2628,7.874358824729881
15,013,0001,1075,1501300011075,4158,8.33302993974291
15,013,0001,108A,150130001108A,3580,8.183397369998433
15,013,0001,1094,1501300011094,2237,7.71333788887187
15,013,0001,1107,1501300011107,4048,8.30622521603216
15,013,0001,1111,1501300011111,3774,8.236155661683124
15,013,0001,1130,1501300011130,2182,7.688455356549944
15,013,0001,1179,1501300011179,4360,8.380456667842767
15,013,0001,1183,1501300011183,6055,8.708804795117285
15,013,0001,1198,1501300011198,3289,8.098642843759418
15,013,0001,1234,1501300011234,5003,8.517992871586802
15,013,0001,1249,1501300011249,3668,8.207674424355282
15,013,0001,1253,1501300011253,3199,8.070906088787819
15,013,0001,1268,1501300011268,3168,8.06117135969092
15,013,0001,1272,1501300011272,3549,8.174702882469461
15,013,0001,1287,1501300011287,3117,8.044947049617722
15,013,0001,1291,1501300011291,3979,8.289037098278483
15,013,0001,1304,1501300011304,2577,7.8547691834991324
15,013,0001,1319,1501300011319,3714,8.220133957151859
15,013,0001,1323,1501300011323,2047,7.6246189861593985
15,013,0001,1338,1501300011338,6118,8.71915396346254
15,013,0001,1342,1501300011342,5113,8.539737155851132
15,013,0001,1357,1501300011357,4369,8.382518288089635
15,013,0001,1361,1501300011361,5882,8.679822114864455
15,013,0001,1376,1501300011376,7422,8.912338567117548
15,013,0001,1380,1501300011380,3864,8.259716961021523
15,013,0001,1395,1501300011395,5019,8.521185212685776
15,013,0001,1408,1501300011408,5862,8.676416696964216
15,013,0001,1412,1501300011412,4552,8.423541635334782
15,013,0001,1427,1501300011427,6302,8.74878098951311
15,013,0001,1431,1501300011431,5583,8.627660644442209
15,013,0001,1446,1501300011446,4963,8.509967146324497
15,013,0001,1450,1501300011450,6140,8.722742874329398
15,013,0001,1465,1501300011465,3384,8.127109185346375
15,013,0001,147A,150130001147A,9279,9.135616825780247
15,013,0001,1484,1501300011484,5864,8.676757761087575
15,013,0001,1499,1501300011499,6790,8.823353485113792
15,013,0001,1501,1501300011501,4847,8.48632152774915
15,013,0001,1516,1501300011516,4163,8.33423142973486
15,013,0001,1520,1501300011520,4306,8.36799688505411
15,013,0001,1535,1501300011535,3667,8.207401833376355
15,013,0001,154A,150130001154A,1551,7.347299700743164
15,013,0001,1554,1501300011554,1980,7.591357046698551
15,013,0001,1569,1501300011569,3227,8.07961802938984
15,013,0001,1573,1501300011573,3017,8.012349639327795
15,013,0001,1588,1501300011588,4198,8.342601680684194
15,013,0001,1592,1501300011592,257,5.552959584921617
15,013,0001,1605,1501300011605,0,0.0
15,013,0001,161A,150130001161A,4092,8.317033476492403
15,013,0001,1624,1501300011624,1637,7.401231264413015
15,013,0001,1639,1501300011639,2321,7.7501841622578365
15,013,0001,1643,1501300011643,3033,8.017637159908478
15,013,0001,1658,1501300011658,3618,8.193953023563742
15,013,0001,1662,1501300011662,4691,8.453614209773367
15,013,0001,1677,1501300011677,1771,7.4798641311650265
15,013,0001,1681,1501300011681,4011,8.297045149081827
15,013,0001,1696,1501300011696,3743,8.227909837597483
15,013,0001,1709,1501300011709,230,5.442417710521793
15,013,0001,1713,1501300011713,2988,8.002694162283937
15,013,0001,1728,1501300011728,3768,8.234564993267135
15,013,0001,1732,1501300011732,3634,8.19836438996762
15,013,0001,1747,1501300011747,1673,7.422971251049421
15,013,0001,1751,1501300011751,2416,7.790282380703483
15,013,0001,1766,1501300011766,2909,7.975908360165538
15,013,0001,1770,1501300011770,3780,8.237743803890933
15,013,0001,1785,1501300011785,3641,8.200288260287554
15,013,0001,179A,150130001179A,1808,7.500529485395295
15,013,0001,1802,1501300011802,3032,8.017307507688582
15,013,0001,1817,1501300011817,2610,7.8674885686991285
15,013,0001,1821,1501300011821,0,0.0
15,013,0001,1836,1501300011836,0,0.0
15,013,0001,1840,1501300011840,749,6.620073206530356
15,013,0001,1855,1501300011855,528,6.270988431858299
15,013,0001,186A,150130001186A,2957,7.992268643270745
15,013,0001,1874,1501300011874,186,5.231108616854587
15,014,0001,0110,1501400010110,1615,7.38770923908104
15,014,0001,0125,1501400010125,1023,6.931471805599453
15,014,0001,013A,150140001013A,2268,7.727094484779841
15,014,0001,0214,1501400010214,894,6.796823718274855
15,014,0001,0229,1501400010229,2854,7.956827122090111
15,014,0001,0267,1501400010267,1339,7.200424892944957
15,014,0001,0271,1501400010271,42,3.7612001156935624
15,014,0001,0322,1501400010322,2023,7.6128310304073565
15,014,0001,0337,1501400010337,3249,8.086410275323782
15,014,0001,0341,1501400010341,2438,7.79934339821592
15,014,0001,0356,1501400010356,2349,7.762170607138205
15,014,0001,0394,1501400010394,509,6.234410725718371
15,014,0001,0411,1501400010411,1284,7.158513997329321
15,014,0001,0426,1501400010426,485,6.186208623900494
15,014,0001,0445,1501400010445,5,1.791759469228055
15,014,0001,045A,150140001045A,0,0.0
15,014,0001,0464,1501400010464,0,0.0
15,014,0001,0534,1501400010534,142,4.962844630259907
15,014,0001,0549,1501400010549,255,5.545177444479562
15,014,0035,0479,1501400350479,2412,7.7886260656250315
15,014,0035,0483,1501400350483,2379,7.77485576666552
15,014,0035,0553,1501400350553,79,4.382026634673881
15,014,0048,0498,1501400480498,3260,8.089789175789319
15,014,0048,0500,1501400480500,3975,8.288031567776464
15,014,0048,0572,1501400480572,331,5.805134968916488
15,014,0051,0515,1501400510515,1552,7.347943823148687
15,014,0051,052A,150140051052A,2725,7.9105906122564775
15,014,0054,006A,150140054006A,2465,7.81035268372429
15,014,0054,0233,1501400540233,1610,7.384610383176974
15,014,0054,0252,1501400540252,1142,7.04141166379481
15,014,0054,0290,1501400540290,607,6.410174881966167
15,014,0054,0568,1501400540568,42,3.7612001156935624
15,014,0057,0430,1501400570430,3175,8.063377822367027
15,015,0001,0156,1501500010156,586,6.375024819828097
15,015,0001,0160,1501500010160,85,4.454347296253507
15,015,0001,0175,1501500010175,76,4.343805421853684
15,015,0001,0207,1501500010207,3772,8.235625719964311
15,015,0001,0211,1501500010211,2565,7.850103545175582
15,015,0001,0226,1501500010226,3600,8.188966863648876
15,015,0001,025A,150150001025A,253,5.537334267018537
15,015,0001,0264,1501500010264,30,3.4339872044851463
15,015,0005,0071,1501500050071,2755,7.9215356321335495
15,015,0005,018A,150150005018A,225,5.420534999272286
15,015,0005,0194,1501500050194,517,6.249975242259483
15,015,0006,0141,1501500060141,424,6.052089168924417
15,015,0006,0230,1501500060230,2870,7.962415680121064
15,015,0006,0245,1501500060245,3401,8.132118772955806
15,015,0006,0283,1501500060283,48,3.8918202981106265
15,015,0007,0086,1501500070086,1136,7.036148493750536
15,015,0007,0122,1501500070122,1651,7.409741954080923
15,015,0007,0137,1501500070137,899,6.802394763324311
15,015,0007,0279,1501500070279,84,4.442651256490317
15,015,0007,0298,1501500070298,20,3.044522437723423
15,016,0001,0149,1501600010149,516,6.248042874508429
15,016,0001,0219,1501600010219,1434,7.268920128193722
15,016,0001,0223,1501600010223,1374,7.226209010100671
15,016,0006,005A,150160006005A,1683,7.428927194802272
15,016,0006,0064,1501600060064,820,6.710523109452428
15,016,0006,0079,1501600060079,1861,7.529406457837013
15,016,0006,0083,1501600060083,576,6.3578422665081
15,016,0006,0134,1501600060134,21,3.091042453358316
15,016,0006,0276,1501600060276,40,3.713572066704308
15,016,0006,0308,1501600060308,0,0.0
15,016,0016,0153,1501600160153,481,6.1779441140506
15,016,0016,0168,1501600160168,707,6.56244409369372
15,016,0016,0172,1501600160172,852,6.748759547491679
15,016,0016,0187,1501600160187,406,6.008813185442595
15,016,0016,0191,1501600160191,601,6.400257445308821
15,016,0016,0204,1501600160204,384,5.953243334287785
15,016,0016,0238,1501600160238,70,4.2626798770413155
15,016,0016,0242,1501600160242,14,2.70805020110221
15,016,0016,0257,1501600160257,24,3.2188758248682006
15,016,0016,0261,1501600160261,53,3.9889840465642745
15,016,0017,0280,1501600170280,1242,7.1252830915107115
15,016,0017,0295,1501600170295,1770,7.479299637782834
15,017,0001,0023,1501700010023,669,6.507277712385012
15,017,0001,0038,1501700010038,1606,7.382124365737512
15,017,0001,0042,1501700010042,1075,6.98100574072173
15,017,0001,0061,1501700010061,140,4.948759890378168
15,017,0001,0076,1501700010076,15,2.772588722239781
15,017,0001,0080,1501700010080,27,3.332204510175204
15,017,0001,0095,1501700010095,7,2.0794415416798357
15,017,0001,0108,1501700010108,148,5.003946305945459
15,018,0001,0124,1501800010124,5014,8.520188700396035
15,018,0001,0139,1501800010139,5308,8.57715877258367
15,018,0001,0162,1501800010162,448,6.1070228877422545
15,018,0001,0177,1501800010177,264,5.579729825986222
15,018,0001,0209,1501800010209,131,4.882801922586371
15,018,0003,004A,150180003004A,5388,8.592115117933497
15,018,0006,0196,1501800060196,3220,8.0774471493312
15,018,0008,0035,1501800080035,6258,8.7417757069247
15,018,0010,0143,1501800100143,3423,8.138564737261632
15,018,0010,0158,1501800100158,1840,7.518064181233078
15,018,0010,0213,1501800100213,32,3.4965075614664802
15,018,0010,0228,1501800100228,98,4.59511985013459
15,019,0001,0066,1501900010066,5523,8.616857514529183
15,019,0001,0070,1501900010070,5106,8.538367426647644
15,019,0001,0085,1501900010085,3433,8.141481041457421
15,019,0001,009A,150190001009A,4586,8.430981494597171
15,019,0001,0102,1501900010102,680,6.523562306149512
15,019,0001,0117,1501900010117,1162,7.0587581525186645
15,019,0001,0136,1501900010136,267,5.5909869805108565
15,019,0004,0140,1501900040140,2449,7.803843303538772
15,019,0004,0155,1501900040155,2492,7.821242083523558
15,019,0005,0121,1501900050121,4578,8.429235912657095
15,020,0001,0029,1502000010029,1772,7.480428306074208
15,020,0001,0033,1502000010033,6531,8.784468454090355
15,020,0001,0048,1502000010048,4198,8.342601680684194
15,020,0001,0067,1502000010067,6842,8.830981510952498
15,020,0001,0071,1502000010071,6158,8.725669705687043
15,020,0001,0090,1502000010090,6333,8.753687227098585
15,020,0001,0103,1502000010103,5132,8.543445562560303
15,020,0001,0137,1502000010137,4126,8.325306029752582
15,020,0001,0141,1502000010141,10510,9.260177606823355
15,020,0001,0156,1502000010156,7050,8.860924729719041
15,020,0001,0160,1502000010160,9797,9.18993356219852
15,020,0001,0175,1502000010175,4208,8.344980368770571
15,020,0001,018A,150200001018A,7042,8.85978949474541
15,020,0001,0194,1502000010194,2029,7.615791072035833
15,020,0001,0211,1502000010211,3080,8.033009498596668
15,020,0001,025A,150200001025A,2274,7.729735331385051
15,020,0001,0300,1502000010300,1512,7.321849713788356
15,020,0001,0315,1502000010315,1532,7.334981878871814
15,020,0001,032A,150200001032A,2614,7.869019376499023
15,020,0001,0334,1502000010334,2051,7.62657020629066
15,020,0001,0349,1502000010349,1694,7.43543801981455
15,020,0001,0353,1502000010353,1496,7.311218384419629
15,020,0001,0368,1502000010368,1507,7.318539548567902
15,020,0001,0372,1502000010372,1573,7.3613754289773485
15,020,0001,0387,1502000010387,2586,7.8582541821860294
15,020,0001,0391,1502000010391,1701,7.43955930913332
15,020,0001,0404,1502000010404,2595,7.86172707782398
15,020,0001,0419,1502000010419,12205,9.40968291310444
15,020,0001,0423,1502000010423,1859,7.528331766707247
15,020,0001,0438,1502000010438,3107,8.041734711487537
15,020,0001,0457,1502000010457,2590,7.85979918056211
15,020,0001,0476,1502000010476,1831,7.513163545234075
15,020,0001,0508,1502000010508,1970,7.58629630715272
15,020,0001,0512,1502000010512,2688,7.896924656268864
15,020,0001,0531,1502000010531,4922,8.5016733797582
15,020,0001,0546,1502000010546,6285,8.746080217357513
15,020,0001,0565,1502000010565,1934,7.5678626054638825
15,020,0001,057A,150200001057A,4975,8.512381634419015
15,020,0001,0584,1502000010584,8168,9.00810178134187
15,020,0001,0599,1502000010599,1803,7.4977617006225685
15,020,0001,0601,1502000010601,5001,8.517593111437565
15,020,0001,0616,1502000010616,2973,7.9976631270201
15,020,0001,0635,1502000010635,2460,7.8083230503910555
15,020,0001,064A,150200001064A,2178,7.68662133494462
15,020,0001,0654,1502000010654,5022,8.521782643750045
15,020,0001,0669,1502000010669,5239,8.564076777315087
15,020,0001,0673,1502000010673,4804,8.477412321404392
15,020,0001,0688,1502000010688,3040,8.019941687677365
15,020,0001,0692,1502000010692,4100,8.31898612539206
15,020,0001,0705,1502000010705,1718,7.449498005382849
15,020,0001,071A,150200001071A,1021,6.92951677076365
15,020,0001,0724,1502000010724,1482,7.301822342137932
15,020,0001,0739,1502000010739,3514,8.164794804244766
15,020,0001,0743,1502000010743,2237,7.71333788887187
15,020,0001,0758,1502000010758,1059,6.966024187106113
15,020,0001,0762,1502000010762,541,6.295266001439646
15,020,0001,0777,1502000010777,3928,8.27614021955846
15,020,0001,0781,1502000010781,7986,8.985570498917388
15,020,0001,0796,1502000010796,7310,8.897135342293316
15,020,0001,0809,1502000010809,3951,8.281977058867758
15,020,0001,0813,1502000010813,3589,8.185907481482324
15,020,0001,0828,1502000010828,1040,6.947937068614969
15,020,0001,0832,1502000010832,2827,7.947325027016463
15,020,0001,0847,1502000010847,4166,8.334951631422454
15,020,0001,0851,1502000010851,3809,8.245384468120747
15,020,0001,0866,1502000010866,800,6.68586094706836
15,020,0001,0870,1502000010870,236,5.4680601411351315
15,020,0001,0885,1502000010885,18777,9.840441250818493
15,020,0001,089A,150200001089A,10871,9.29394595583098
15,020,0001,0902,1502000010902,0,0.0
15,021,0001,0083,1502100010083,1311,7.179307969504034
15,021,0001,0098,1502100010098,3277,8.094988759303774
15,021,0001,0100,1502100010100,2266,7.726212650507529
15,021,0001,0115,1502100010115,96,4.574710978503383
15,022,0001,0042,1502200010042,2984,8.001355025826703
15,022,0001,0057,1502200010057,3177,8.064007347096661
15,022,0001,0061,1502200010061,2798,7.937017489515454
15,022,0001,0076,1502200010076,6,1.9459101490553132
15,022,0001,0080,1502200010080,34,3.5553480614894135
15,022,0001,0095,1502200010095,64,4.174387269895637
15,022,0001,0108,1502200010108,28,3.367295829986474
15,022,0001,0112,1502200010112,274,5.616771097666572
15,023,0001,004A,150230001004A,1363,7.218176838403408
15,023,0001,0069,1502300010069,1888,7.543802867501509
15,023,0001,0073,1502300010073,1288,7.161622002939187
15,023,0001,0092,1502300010092,871,6.77078942390898
15,023,0001,0105,1502300010105,5545,8.620832226175724
15,023,0001,011A,150230001011A,2517,7.831220214604293
15,023,0001,0124,1502300010124,802,6.688354713946762
15,023,0001,0139,1502300010139,4270,8.359603270841466
15,023,0001,0143,1502300010143,6370,8.759511722116487
15,023,0001,0158,1502300010158,3682,8.211482916445066
15,023,0001,0162,1502300010162,5335,8.58223158759546
15,023,0001,0196,1502300010196,1746,7.465655310134056
15,024,0001,0028,1502400010028,3461,8.149601735736155
15,024,0001,0032,1502400010032,1726,7.454141078146678
15,024,0001,0047,1502400010047,2810,7.941295570906532
15,024,0001,0051,1502400010051,1266,7.144407180321139
15,024,0001,0085,1502400010085,702,6.555356891810665
15,024,0001,009A,150240001009A,3483,8.155936337972394
15,024,0001,0102,1502400010102,4758,8.46779284112111
15,024,0001,0117,1502400010117,404,6.003887067106539
15,024,0001,0121,1502400010121,3584,8.184513753033722
15,024,0001,0136,1502400010136,3701,8.216628493133443
15,024,0001,0210,1502400010210,2180,7.687538766201629
15,024,0001,023A,150240001023A,4114,8.32239411311117
15,024,0001,0244,1502400010244,2986,8.00202481821611
15,024,0001,0259,1502400010259,2599,7.8632667240095735
15,024,0001,0263,1502400010263,1859,7.528331766707247
15,024,0001,0329,1502400010329,1279,7.154615356913663
15,024,0001,0333,1502400010333,2068,7.634820677745543
15,024,0001,0348,1502400010348,8691,9.07015834137632
15,024,0001,0352,1502400010352,5438,8.60135049942296
15,024,0001,0367,1502400010367,1471,7.294377299288821
15,024,0001,0371,1502400010371,3523,8.16735198705607
15,024,0001,0386,1502400010386,285,5.655991810819852
15,024,0001,0390,1502400010390,6735,8.815221555922163
15,024,0001,0403,1502400010403,14394,9.574636203046277
15,024,0001,0418,1502400010418,10796,9.28702359674714
15,024,0001,0422,1502400010422,505,6.226536669287466
15,024,0001,0437,1502400010437,9179,9.124782483614537
15,024,0001,0441,1502400010441,2081,7.641084249174914
15,024,0001,0456,1502400010456,2371,7.771488760117616
15,024,0088,0278,1502400880278,2733,7.913521017283895
15,024,0088,0282,1502400880282,678,6.520621127558696
15,024,0088,0297,1502400880297,1847,7.521859252201629
15,024,0111,0475,1502401110475,2603,7.86480400332846
15,024,0111,048A,150240111048A,2894,7.970740390007095
15,024,0111,0494,1502401110494,3674,8.209308411646937
15,024,0124,0460,1502401240460,3806,8.244596756382498
15,025,0001,0129,1502500010129,3537,8.17131687471973
15,025,0001,0769,1502500010769,5923,8.68676717538769
15,025,0001,0773,1502500010773,5023,8.521981708148035
15,025,0001,0788,1502500010788,4015,8.298041661371565
15,025,0001,0792,1502500010792,3202,8.071843149609158
15,025,0001,0805,1502500010805,2991,8.003697339094368
15,025,0001,081A,150250001081A,5373,8.589327789175437
15,025,0001,0824,1502500010824,5430,8.599878558034845
15,025,0001,0839,1502500010839,4506,8.413387022690648
15,025,0001,0932,1502500010932,5830,8.670943791222156
15,025,0001,0947,1502500010947,2394,7.781138509845015
15,025,0001,1131,1502500011131,7656,8.943375541113124
15,025,0001,1201,1502500011201,4084,8.315077007294104
15,025,0001,1216,1502500011216,4075,8.312871394342615
15,025,0001,1220,1502500011220,4510,8.414274137408396
15,025,0001,1235,1502500011235,3001,8.007034012193408
15,025,0001,1288,1502500011288,4938,8.504918160540624
15,025,0001,1292,1502500011292,2607,7.866338923046544
15,025,0001,1305,1502500011305,2978,7.999342952713282
15,025,0001,1521,1502500011521,4100,8.31898612539206
15,025,0001,1536,1502500011536,3894,8.267448958304849
15,025,0001,1729,1502500011729,2393,7.780720886117918
15,025,0001,1733,1502500011733,829,6.721425700790643
15,025,0001,1748,1502500011748,57,4.060443010546419
15,025,0001,1752,1502500011752,136,4.919980925828125
15,025,0001,1767,1502500011767,2004,7.60339933974067
15,025,0001,1771,1502500011771,105,4.663439094112067
15,025,0001,1786,1502500011786,1494,7.3098814858247865
15,025,0001,1790,1502500011790,2253,7.720461694599722
15,025,0001,1818,1502500011818,1908,7.554334823725748
15,025,0001,1822,1502500011822,2442,7.8009820712577405
15,025,0001,1837,1502500011837,1718,7.449498005382849
15,025,0001,1841,1502500011841,2567,7.850882664809852
15,025,0001,1856,1502500011856,3399,8.131530710604252
15,025,0001,1860,1502500011860,3319,8.107720061910534
15,025,0001,1907,1502500011907,3419,8.13739583005665
15,025,0001,1926,1502500011926,240,5.484796933490655
15,025,0001,1930,1502500011930,2664,7.887959336599945
15,025,0001,2017,1502500012017,1735,7.459338895220296
15,025,0001,2021,1502500012021,4623,8.439015410352214
15,025,0001,2036,1502500012036,4617,8.43771698991444
15,025,0001,2040,1502500012040,5932,8.688285266258644
15,025,0001,2055,1502500012055,3124,8.047189562170502
15,025,0001,206A,150250001206A,3274,8.094073148069352
15,025,0001,2074,1502500012074,136,4.919980925828125
15,025,0001,2089,1502500012089,10250,9.235130540783402
15,025,0001,2093,1502500012093,2550,7.844240718141811
15,025,0001,2106,1502500012106,1774,7.4815557019095165
15,025,0001,213A,150250001213A,58,4.07753744390572
15,025,0001,2144,1502500012144,1473,7.295735072749282
15,025,0001,2163,1502500012163,5707,8.649623978596727
15,025,0001,2178,1502500012178,2453,7.805474625270857
15,025,0002,188A,150250002188A,4723,8.460411177317253
15,025,0002,2233,1502500022233,618,6.428105272684596
15,025,0002,2248,1502500022248,165,5.111987788356544
15,025,0005,0044,1502500050044,5757,8.65834547117212
15,025,0005,1095,1502500051095,1141,7.040536390215956
15,025,0005,1108,1502500051108,876,6.776506992372183
15,025,0005,2182,1502500052182,5247,8.565602330623925
15,025,0005,2197,1502500052197,61,4.127134385045092
15,025,0005,220A,150250005220A,31,3.4657359027997265
15,025,0005,2214,1502500052214,25,3.258096538021482
15,025,0010,0133,1502500100133,7722,8.951958168569265
15,025,0010,1023,1502500101023,2019,7.61085279039525
15,025,0010,1199,1502500101199,1250,7.1316985104669115
15,025,0010,1945,1502500101945,0,0.0
15,025,0010,2229,1502500102229,828,6.720220155135295
15,025,0012,1894,1502500121894,3626,8.196161139282902
15,025,0013,0970,1502500130970,631,6.448889394146858
15,025,0013,1540,1502500131540,4363,8.381144346952961
15,025,0013,1555,1502500131555,2448,7.803435056952168
15,025,0013,195A,150250013195A,973,6.881411303642535
15,025,0013,1998,1502500131998,146,4.990432586778736
15,025,0013,2002,1502500132002,143,4.969813299576001
15,025,0013,2110,1502500132110,3407,8.133880887949207
15,025,0013,2159,1502500132159,71,4.276666119016055
15,025,0013,2286,1502500132286,47,3.871201010907891
15,025,0014,1150,1502500141150,4150,8.33110454805304
15,025,0014,1165,1502500141165,1986,7.594381242551817
15,025,0014,156A,150250014156A,5917,8.685753832960154
15,025,0014,1574,1502500141574,7217,8.884333185202735
15,025,0014,2267,1502500142267,973,6.881411303642535
15,025,0014,2271,1502500142271,3168,8.06117135969092
15,025,0014,2318,1502500142318,90,4.51085950651685
15,025,0016,0078,1502500160078,3782,8.23827262463303
15,025,0016,099A,150250016099A,658,6.490723534502507
15,025,0016,1004,1502500161004,1466,7.2909747781429814
15,025,0016,1019,1502500161019,859,6.756932389247553
15,025,0016,1112,1502500161112,3940,8.279189777195004
15,025,0016,1127,1502500161127,4684,8.452121194672523
15,025,0017,0985,1502500170985,846,6.741700694652055
15,025,0017,1589,1502500171589,2733,7.913521017283895
15,025,0017,1593,1502500171593,2082,7.641564441260972
15,025,0017,1606,1502500171606,3131,8.049427057110695
15,025,0017,1875,1502500171875,378,5.937536205082426
15,025,0017,1911,1502500171911,468,6.150602768446279
15,025,0017,1983,1502500171983,266,5.58724865840025
15,025,0019,1610,1502500191610,4969,8.511175119090675
15,025,0019,1625,1502500191625,5557,8.62299361030245
15,025,0019,1964,1502500191964,666,6.502790045915623
15,025,0019,2125,1502500192125,16,2.833213344056216
15,025,0019,2290,1502500192290,28,3.367295829986474
15,025,0020,0148,1502500200148,4731,8.462103225098277
15,025,0020,1038,1502500201038,1814,7.503840746698951
15,025,0020,1076,1502500201076,3988,8.291295851905407
15,025,0020,1979,1502500201979,169,5.135798437050262
15,025,0021,163A,150250021163A,6237,8.738414897167749
15,025,0021,1644,1502500211644,6193,8.731336360533149
15,025,0021,2303,1502500212303,26,3.295836866004329
15,026,0001,0075,1502600010075,295,5.69035945432406
15,026,0001,0145,1502600010145,112,4.727387818712341
15,026,0001,015A,150260001015A,0,0.0
15,026,0001,0164,1502600010164,161,5.087596335232384
15,026,0001,0179,1502600010179,346,5.849324779946859
15,026,0008,0200,1502600080200,2961,7.993619994827744
15,026,0020,0183,1502600200183,4638,8.442254104751743
15,026,0023,0198,1502600230198,4251,8.355144739461839
15,027,0001,0049,1502700010049,3256,8.088561805276234
15,027,0001,0053,1502700010053,1970,7.58629630715272
15,027,0001,0068,1502700010068,540,6.293419278846481
15,027,0001,0072,1502700010072,34,3.5553480614894135
15,027,0001,0087,1502700010087,204,5.3230099791384085
15,027,0012,0091,1502700120091,2602,7.864419904994565
15,028,0001,0031,1502800010031,702,6.555356891810665
15,028,0001,0046,1502800010046,535,6.284134161070802
15,028,0001,0050,1502800010050,340,5.831882477283517
15,028,0001,0101,1502800010101,3571,8.18088094199639
15,028,0001,0116,1502800010116,2958,7.99260665240021
15,028,0001,0120,1502800010120,96,4.574710978503383
15,028,0001,014A,150280001014A,6,1.9459101490553132
15,028,0001,0154,1502800010154,1631,7.397561535524052
15,028,0004,0169,1502800040169,3317,8.10711747075039
15,028,0006,0135,1502800060135,3727,8.223627175805483
15,029,0001,0062,1502900010062,2115,7.65728279297819
15,029,0001,0081,1502900010081,8564,9.05543941075822
15,029,0001,0113,1502900010113,1822,7.508238774678663
15,029,0001,0128,1502900010128,7327,8.899457906353966
15,029,0001,0132,1502900010132,3703,8.21716859576607
15,029,0001,0147,1502900010147,2515,7.830425617820331
15,029,0001,0166,1502900010166,7834,8.966356154790121
15,029,0001,0170,1502900010170,8320,9.02653771890043
15,029,0001,0185,1502900010185,8137,9.004299728561636
15,029,0001,019A,150290001019A,5684,8.645586406184636
15,029,0001,0202,1502900010202,5163,8.549466751966532
15,029,0001,0217,1502900010217,5946,8.690642169706594
15,029,0001,0221,1502900010221,5576,8.626406276389554
15,029,0001,0236,1502900010236,1197,7.088408778675395
15,029,0001,026A,150290001026A,6779,8.821732380934442
15,029,0001,0274,1502900010274,4360,8.380456667842767
15,029,0001,0289,1502900010289,18711,9.836920308264014
15,029,0001,0293,1502900010293,10192,9.229456489168413
15,029,0001,0306,1502900010306,8621,9.06207235530708
15,029,0001,0310,1502900010310,5980,8.696343057044556
15,029,0001,0325,1502900010325,8572,9.056373008678756
15,029,0001,033A,150290001033A,4085,8.315321775377567
15,029,0001,0344,1502900010344,6703,8.810459642161918
15,029,0001,0359,1502900010359,6197,8.731981938347694
15,029,0001,0363,1502900010363,9881,9.198470199405696
15,029,0001,0378,1502900010378,4207,8.344742754417545
15,029,0001,0522,1502900010522,4728,8.461469042643875
15,030,0001,003A,150300001003A,5793,8.664578178329295
15,030,0001,0044,1503000010044,4691,8.453614209773367
15,030,0001,0078,1503000010078,5810,8.667507952075105
15,030,0001,0082,1503000010082,3539,8.17188200612782
15,030,0001,0097,1503000010097,1709,7.444248649496705
15,030,0001,010A,150300001010A,196,5.2832037287379885
15,031,0001,0037,1503100010037,3637,8.199189359078067
15,031,0001,0041,1503100010041,4385,8.386172928977834
15,031,0001,008A,150310001008A,10446,9.254070134837509
15,031,0001,0094,1503100010094,9573,9.166806369952454
15,031,0001,0107,1503100010107,7543,8.928507824313293
15,031,0001,0111,1503100010111,11949,9.388486557359657
15,031,0001,0126,1503100010126,11734,9.370331108285123
15,031,0001,0145,1503100010145,4885,8.494129251817686
15,031,0001,015A,150310001015A,12089,9.400133943608838
15,031,0001,0179,1503100010179,14302,9.5682245844549
15,031,0001,0183,1503100010183,10051,9.215526898663482
15,031,0001,0198,1503100010198,13252,9.491979220880678
15,031,0001,0291,1503100010291,2781,7.930925372483388
15,031,0001,0304,1503100010304,2873,7.96346006663897
15,031,0001,0319,1503100010319,4951,8.507546814364431
15,031,0001,0323,1503100010323,7538,8.927844826211702
15,031,0001,0338,1503100010338,4641,8.442900586834382
15,031,0001,0342,1503100010342,3707,8.218247926685745
15,031,0001,0357,1503100010357,3393,8.129764445794171
15,031,0001,0361,1503100010361,5383,8.591186871324563
15,031,0001,0376,1503100010376,6378,8.760766624241956
15,031,0001,0380,1503100010380,8493,9.047115310873217
15,031,0001,0395,1503100010395,6908,8.840580188488795
15,031,0001,0412,1503100010412,10050,9.21542741102474
15,031,0001,0499,1503100010499,11319,9.334326351757174
15,031,0001,0516,1503100010516,4756,8.467372496432281
15,031,0001,0520,1503100010520,6834,8.82981174915805
15,031,0001,0535,1503100010535,5780,8.662331957082475
15,031,0001,054A,150310001054A,9187,9.125653563808989
15,031,0001,0554,1503100010554,6548,8.787067645218054
15,031,0001,0569,1503100010569,5588,8.628555659269699
15,031,0001,0573,1503100010573,6138,8.722417141427496
15,031,0001,0588,1503100010588,5452,8.60392119492606
15,031,0001,0592,1503100010592,4739,8.463792414689122
15,031,0001,0605,1503100010605,8134,9.003931019653137
15,031,0001,061A,150310001061A,6369,8.759354748566208
15,031,0001,0624,1503100010624,1526,7.3310603052186325
15,031,0001,0639,1503100010639,5970,8.694669696546992
15,031,0001,0643,1503100010643,6274,8.744328763999984
15,031,0001,0658,1503100010658,7012,8.85552084853691
15,031,0001,0662,1503100010662,9150,9.121618441915379
15,031,0001,0677,1503100010677,7808,8.963032193662675
15,031,0001,0681,1503100010681,4451,8.401108712395436
15,031,0001,0696,1503100010696,7026,8.857515151192198
15,031,0001,0713,1503100010713,5545,8.620832226175724
15,031,0001,0728,1503100010728,6989,8.852235835227855
15,031,0001,0747,1503100010747,7769,8.958025443361693
15,031,0001,0751,1503100010751,5236,8.563504094279487
15,031,0001,0766,1503100010766,1624,7.393263094763838
15,031,0001,0770,1503100010770,3994,8.292798858200374
15,031,0001,0785,1503100010785,4565,8.42639282708974
15,031,0001,079A,150310001079A,7109,8.869257522797287
15,031,0001,0802,1503100010802,6562,8.789203094473724
15,031,0001,0817,1503100010817,7650,8.942591637231851
15,031,0001,0821,1503100010821,6573,8.790877754224164
15,031,0001,0836,1503100010836,2094,7.647308832356238
15,031,0001,0840,1503100010840,7153,8.875426919818963
15,031,0001,0855,1503100010855,5316,8.57866451350434
15,031,0001,086A,150310001086A,8798,9.08239335764556
15,031,0001,0874,1503100010874,3047,8.022240916806537
15,031,0001,0889,1503100010889,5104,8.537975730598767
15,031,0001,0893,1503100010893,4880,8.493105395887147
15,031,0001,0906,1503100010906,3881,8.264105763728956
15,031,0001,0910,1503100010910,6083,8.713417653379183
15,031,0001,0925,1503100010925,1576,7.3632795869630385
15,031,0001,093A,150310001093A,3444,8.144679183447758
15,031,0001,0944,1503100010944,3057,8.025516386489008
15,031,0001,0959,1503100010959,6222,8.736007384569218
15,031,0001,0963,1503100010963,70,4.2626798770413155
15,031,0001,0978,1503100010978,800,6.68586094706836
15,031,0001,0982,1503100010982,2570,7.852050207265889
15,031,0001,0997,1503100010997,3385,8.12740456269308
15,031,0001,1001,1503100011001,1977,7.589841512182657
15,031,0001,1016,1503100011016,5126,8.5422759717837
15,031,0001,1020,1503100011020,6574,8.791029857045965
15,031,0001,1035,1503100011035,12431,9.428029072607428
15,031,0001,104A,150310001104A,16477,9.709781436875536
15,031,0001,1054,1503100011054,1824,7.509335266016592
15,031,0001,1069,1503100011069,1978,7.590346945602565
15,031,0001,1073,1503100011073,789,6.672032945461067
15,031,0001,1088,1503100011088,1454,7.282761179605593
15,031,0001,1092,1503100011092,323,5.780743515792329
15,031,0001,1105,1503100011105,644,6.4692503167957724
15,031,0001,111A,150310001111A,30,3.4339872044851463
15,031,0001,1124,1503100011124,462,6.137727054086234
15,031,0001,1143,1503100011143,1148,7.046647277848756
15,031,0001,1181,1503100011181,1159,7.05617528410041
15,031,0001,1196,1503100011196,588,6.3784261836515865
15,031,0001,1213,1503100011213,3059,8.026170194946426
15,031,0001,1247,1503100011247,846,6.741700694652055
15,031,0001,1251,1503100011251,6925,8.843037724962366
15,031,0001,1266,1503100011266,390,5.968707559985366
15,031,0001,1270,1503100011270,564,6.336825731146441
15,031,0001,1285,1503100011285,137,4.927253685157205
15,031,0001,129A,150310001129A,5251,8.566364235422688
15,031,0001,1302,1503100011302,1019,6.927557906278317
15,031,0001,1317,1503100011317,4019,8.299037181613066
15,031,0001,1321,1503100011321,5108,8.538758969330798
15,031,0001,1336,1503100011336,8617,9.061608318175784
15,031,0001,1340,1503100011340,6499,8.779557455883728
15,031,0001,1355,1503100011355,391,5.971261839790462
15,031,0001,136A,150310001136A,4376,8.384118837190895
15,031,0001,1374,1503100011374,7272,8.89192414015454
15,031,0001,1389,1503100011389,6753,8.817890200945513
15,031,0001,1393,1503100011393,774,6.652863029353347
15,031,0001,1406,1503100011406,3494,8.15908865466791
15,031,0001,1410,1503100011410,3620,8.19450550976564
15,031,0001,1425,1503100011425,2541,7.8407064517494
15,031,0001,143A,150310001143A,2386,7.77779262633883
15,031,0001,1444,1503100011444,2980,8.000014093678072
15,031,0001,1459,1503100011459,3440,8.14351740579748
15,031,0001,1463,1503100011463,3859,8.258422462458876
15,031,0001,1478,1503100011478,2206,7.699389406256737
15,031,0001,1482,1503100011482,4003,8.295049140435111
15,031,0001,1497,1503100011497,3646,8.20166019080868
15,031,0001,150A,150310001150A,2502,7.8252452914317745
15,031,0001,1514,1503100011514,4835,8.483843211734683
15,031,0001,1529,1503100011529,1624,7.393263094763838
15,031,0001,1533,1503100011533,2144,7.6708948313621175
15,031,0001,1548,1503100011548,3449,8.146129510025405
15,031,0001,1552,1503100011552,2557,7.846980982138788
15,031,0001,1567,1503100011567,1044,6.951772164398911
15,031,0001,1571,1503100011571,1069,6.975413927455952
15,031,0001,1586,1503100011586,1522,7.328437352895162
15,031,0001,1590,1503100011590,1016,6.92461239604856
15,031,0001,1603,1503100011603,654,6.484635235635252
15,031,0001,1618,1503100011618,89,4.499809670330265
15,031,0001,1622,1503100011622,115,4.7535901911063645
15,031,0001,1637,1503100011637,197,5.288267030694535
15,031,0001,1641,1503100011641,308,5.733341276897746
15,032,0001,0034,1503200010034,980,6.8885724595653635
15,032,0008,0087,1503200080087,3630,8.197263371414335
15,032,0017,0072,1503200170072,4996,8.516593011344206
15,033,0001,0031,1503300010031,4610,8.436200032206706
15,033,0001,0050,1503300010050,5794,8.664750755773852
15,033,0001,0065,1503300010065,3429,8.140315540159985
15,033,0001,007A,150330001007A,2097,7.6487397889562425
15,033,0001,0084,1503300010084,682,6.52649485957079
15,033,0001,0099,1503300010099,2561,7.848543482456679
15,033,0001,0101,1503300010101,5214,8.559294367434873
15,033,0001,0120,1503300010120,3270,8.092851027538384
15,033,0001,0135,1503300010135,2345,7.76046702921342
15,033,0001,014A,150330001014A,2076,7.638679823876112
15,033,0001,0154,1503300010154,3512,8.164225652265827
15,033,0001,0173,1503300010173,3436,8.142354276849835
15,033,0001,0188,1503300010188,6588,8.793156870913819
15,033,0001,0192,1503300010192,3939,8.27893600229198
15,033,0001,0205,1503300010205,1953,7.577633832602728
15,033,0001,021A,150330001021A,3392,8.129469764784231
15,033,0001,0224,1503300010224,3,1.3862943611198906
15,033,0001,0239,1503300010239,3244,8.08487062913819
15,033,0001,0243,1503300010243,1833,7.51425465281641
15,033,0001,0258,1503300010258,2734,7.913886714856082
15,033,0001,0262,1503300010262,4573,8.428143374582726
15,033,0001,0277,1503300010277,5134,8.543835122362658
15,033,0001,0328,1503300010328,4297,8.365905077202456
15,033,0001,0332,1503300010332,4271,8.35983738064003
15,033,0001,0366,1503300010366,3241,8.08394570229562
15,033,0001,0370,1503300010370,1316,7.183111701743281
15,033,0001,0385,1503300010385,1697,7.437206366871292
15,033,0001,039A,150330001039A,1814,7.503840746698951
15,033,0001,0402,1503300010402,3355,8.118505067587098
15,033,0001,0417,1503300010417,1668,7.419979923661835
15,033,0001,0421,1503300010421,1931,7.566311014772463
15,033,0001,0436,1503300010436,5484,8.609772372709331
15,033,0001,0440,1503300010440,5172,8.551208070003515
15,033,0001,0455,1503300010455,7317,8.898092345579153
15,033,0001,046A,150330001046A,3156,8.057377488557991
15,033,0001,0474,1503300010474,2569,7.851661177889265
15,033,0001,0489,1503300010489,1998,7.6004023345004
15,033,0001,0493,1503300010493,1622,7.392031567514591
15,033,0001,0506,1503300010506,1837,7.516433302915632
15,033,0001,0510,1503300010510,3752,8.23031079913502
15,033,0001,0525,1503300010525,6027,8.704170559746386
15,033,0001,053A,150330001053A,1319,7.1853870155804165
15,033,0001,0544,1503300010544,1895,7.547501682814967
15,033,0001,0559,1503300010559,1803,7.4977617006225685
15,033,0001,0563,1503300010563,5880,8.679482094459956
15,033,0001,0578,1503300010578,7862,8.969923491991516
15,033,0001,0582,1503300010582,11491,9.34940642009918
15,033,0001,0597,1503300010597,1798,7.4949862339505335
15,033,0001,0614,1503300010614,4839,8.484669999710677
15,033,0001,0629,1503300010629,4450,8.400884069015854
15,033,0001,0633,1503300010633,4407,8.391176350832751
15,033,0001,0648,1503300010648,6260,8.74209519574531
15,033,0001,0667,1503300010667,2547,7.843064016692054
15,033,0001,0686,1503300010686,7041,8.859647499714997
15,033,0001,0703,1503300010703,5272,8.57035473953047
15,033,0001,0718,1503300010718,2777,7.9294865233142895
15,033,0001,0722,1503300010722,5782,8.662677858158219
15,033,0001,0737,1503300010737,7875,8.971575439759016
15,033,0001,0741,1503300010741,5025,8.522379718103538
15,033,0001,0756,1503300010756,6173,8.728102205062104
15,033,0001,0760,1503300010760,5046,8.526549286340263
15,033,0001,078A,150330001078A,7081,8.86531163267185
15,033,0001,0794,1503300010794,802,6.688354713946762
15,033,0001,0807,1503300010807,5151,8.54714026778419
15,033,0001,0811,1503300010811,5875,8.678631537293768
15,033,0001,0826,1503300010826,4747,8.465478755729558
15,033,0001,0830,1503300010830,5418,8.597666575566114
15,033,0001,0845,1503300010845,4087,8.31581113188354
15,033,0001,085A,150330001085A,6163,8.726481196440007
15,033,0001,0864,1503300010864,5984,8.697011617992073
15,033,0001,0879,1503300010879,4368,8.382289428951436
15,033,0001,0883,1503300010883,5491,8.61104776688786
15,033,0001,0898,1503300010898,2638,7.878155336503324
15,033,0001,0900,1503300010900,5924,8.686935966003333
15,033,0001,0915,1503300010915,5975,8.695506726812653
15,033,0001,0934,1503300010934,3177,8.064007347096661
15,033,0001,0949,1503300010949,3623,8.19533366716287
15,033,0001,0953,1503300010953,3048,8.022568946988255
15,033,0001,0968,1503300010968,4225,8.349011198176003
15,033,0001,0972,1503300010972,2964,7.994632311431825
15,033,0001,0987,1503300010987,1620,7.390798521735676
15,033,0001,0991,1503300010991,2853,7.956476798036782
15,033,0001,1006,1503300011006,10242,9.234349824436535
15,033,0001,1010,1503300011010,8249,9.017968479328726
15,033,0001,1025,1503300011025,3642,8.200562797008564
15,033,0001,103A,150330001103A,4103,8.319717386850606
15,033,0001,1044,1503300011044,6377,8.760609847570002
15,033,0001,1059,1503300011059,355,5.87493073085203
15,033,0001,1063,1503300011063,6479,8.776475789346321
15,033,0001,1078,1503300011078,7663,8.944289319650697
15,033,0001,1082,1503300011082,5408,8.595819511871428
15,033,0001,110A,150330001110A,4017,8.29853954537488
15,033,0001,1114,1503300011114,2277,7.731053144007127
15,033,0001,1148,1503300011148,7808,8.963032193662675
15,033,0001,1152,1503300011152,8054,8.994048295611075
15,033,0001,1167,1503300011167,7566,8.931551966694522
15,033,0001,1186,1503300011186,3392,8.129469764784231
15,033,0001,1190,1503300011190,6221,8.735846677457582
15,033,0001,1203,1503300011203,1482,7.301822342137932
15,033,0001,1218,1503300011218,1474,7.29641326877392
15,033,0001,1222,1503300011222,1212,7.10085190894405
15,033,0001,1237,1503300011237,1720,7.450660796211539
15,033,0001,1241,1503300011241,2739,7.9157131993821155
15,033,0001,1256,1503300011256,3248,8.0861025356691
15,033,0001,1260,1503300011260,3628,8.19671240721307
15,033,0001,1275,1503300011275,3680,8.210939733379021
15,033,0001,128A,150330001128A,3834,8.251924713801357
15,033,0001,1294,1503300011294,5833,8.671458150427666
15,033,0001,1311,1503300011311,6509,8.781094735202615
15,033,0001,1345,1503300011345,2178,7.68662133494462
15,033,0001,135A,150330001135A,4820,8.480736654405622
15,033,0001,1383,1503300011383,5477,8.608495349823023
15,033,0001,1398,1503300011398,4655,8.445911989411274
15,033,0001,1415,1503300011415,1776,7.482681828154651
15,033,0001,142A,150330001142A,1554,7.349230824613334
15,033,0001,1434,1503300011434,6209,8.733916174927524
15,033,0001,1449,1503300011449,3815,8.246958032568177
15,033,0001,1468,1503300011468,2387,7.778211474512493
15,033,0001,1472,1503300011472,3860,8.258681496264236
15,033,0001,1487,1503300011487,5426,8.599141774063405
15,033,0001,1491,1503300011491,6649,8.8023721336499
15,033,0001,1504,1503300011504,6600,8.79497643168877
15,033,0001,1523,1503300011523,4397,8.388905171114706
15,033,0001,1542,1503300011542,5910,8.684570300824369
15,033,0001,1576,1503300011576,6088,8.714239143608575
15,033,0001,1580,1503300011580,2159,7.67786350067821
15,033,0001,1595,1503300011595,7229,8.88599431515281
15,033,0001,1608,1503300011608,5551,8.62191350218664
15,033,0001,1631,1503300011631,8786,9.081028635495842
15,033,0001,1699,1503300011699,6580,8.791941988456118
15,033,0001,1716,1503300011716,5642,8.63817111796914
15,033,0001,1720,1503300011720,4404,8.39049553837028
15,033,0001,1735,1503300011735,7549,8.92930284224307
15,033,0001,174A,150330001174A,3062,8.027150106832774
15,033,0001,1754,1503300011754,7710,8.95040315983296
15,033,0001,1769,1503300011769,6633,8.799963219506997
15,033,0001,1773,1503300011773,6038,8.705993714307901
15,033,0001,1788,1503300011788,6253,8.740976538017787
15,033,0001,1792,1503300011792,9898,9.200189020919808
15,033,0001,1805,1503300011805,8161,9.00724451596575
15,033,0001,181A,150330001181A,4855,8.487970332739334
15,033,0001,1824,1503300011824,5044,8.52615293278771
15,033,0001,1858,1503300011858,6745,8.816705015621595
15,033,0001,1862,1503300011862,3644,8.201111644442758
15,033,0001,1877,1503300011877,9013,9.106534203250593
15,033,0001,1881,1503300011881,8443,9.041211408968211
15,033,0001,1896,1503300011896,4996,8.516593011344206
15,033,0001,1909,1503300011909,5592,8.629271094821588
15,033,0001,1913,1503300011913,5421,8.598220030058611
15,033,0001,1928,1503300011928,8317,9.026177120302856
15,033,0001,1932,1503300011932,8620,9.061956366209925
15,033,0001,1947,1503300011947,4177,8.33758794211651
15,033,0001,1951,1503300011951,4392,8.38776764397578
15,033,0001,1966,1503300011966,9032,9.108639817149843
15,033,0001,1970,1503300011970,9442,9.15302900526307
15,033,0001,1985,1503300011985,3313,8.105911197986508
15,033,0001,199A,150330001199A,4999,8.517193191416238
15,033,0001,2004,1503300012004,2646,7.881182202227102
15,033,0001,2019,1503300012019,2200,7.696667081526462
15,033,0001,2023,1503300012023,2798,7.937017489515454
15,033,0001,2042,1503300012042,3533,8.170185652879642
15,033,0001,2057,1503300012057,4051,8.306965865368573
15,033,0001,2061,1503300012061,7536,8.92757950384347
15,033,0001,2076,1503300012076,8031,8.99118884193151
15,033,0001,2080,1503300012080,3291,8.09925056179696
15,033,0001,2095,1503300012095,5842,8.672999642554437
15,033,0001,2112,1503300012112,11943,9.387984339219026
15,033,0001,2150,1503300012150,7037,8.85907931788153
15,033,0001,2165,1503300012165,4628,8.44009614103127
15,033,0001,2199,1503300012199,5763,8.659386957119413
15,033,0001,2201,1503300012201,7878,8.971956271245688
15,033,0001,2216,1503300012216,11295,9.332203959733024
15,033,0001,2220,1503300012220,4991,8.515591910049263
15,033,0001,2235,1503300012235,5712,8.650499558724462
15,033,0001,224A,150330001224A,5226,8.561592778712923
15,033,0001,2254,1503300012254,3768,8.234564993267135
15,033,0001,2269,1503300012269,3951,8.281977058867758
15,033,0001,2273,1503300012273,3784,8.23880116587155
15,033,0001,2288,1503300012288,7104,8.868554040531201
15,033,0001,2292,1503300012292,8045,8.992930352509733
15,033,0001,2305,1503300012305,4659,8.446770727119691
15,033,0001,231A,150330001231A,4381,8.385260520155413
15,033,0001,2324,1503300012324,4467,8.404696160189092
15,033,0001,2339,1503300012339,3250,8.086717920303906
15,033,0001,2343,1503300012343,2912,7.976938756959434
15,033,0001,2358,1503300012358,5652,8.63994165667529
15,033,0001,2362,1503300012362,2822,7.945555428253489
15,033,0001,2377,1503300012377,3275,8.09437844497296
15,033,0001,2428,1503300012428,3440,8.14351740579748
15,033,0001,2432,1503300012432,2953,7.9909154630913255
15,033,0001,2447,1503300012447,4165,8.334711621820917
15,033,0001,2451,1503300012451,4398,8.389132521348719
15,033,0001,2485,1503300012485,3575,8.182000136293405
15,033,0001,249A,150330001249A,1577,7.363913501405819
15,033,0001,2502,1503300012502,3243,8.084562415235304
15,033,0001,2517,1503300012517,1280,7.155396301896734
15,033,0001,2521,1503300012521,2000,7.601402334583733
15,033,0001,256A,150330001256A,2126,7.6624678152002375
15,033,0001,2574,1503300012574,7042,8.85978949474541
15,033,0001,2589,1503300012589,2507,7.827240901752812
15,033,0001,2593,1503300012593,5044,8.52615293278771
15,033,0001,2610,1503300012610,2381,7.775695749915245
15,033,0001,2644,1503300012644,2339,7.757906208351747
15,033,0001,2659,1503300012659,4062,8.309676895987726
15,033,0001,2697,1503300012697,6854,8.832733591996416
15,033,0001,270A,150330001270A,4995,8.516392871245468
15,033,0001,2729,1503300012729,911,6.815639990074331
15,033,0001,2733,1503300012733,1360,7.215975002651466
15,033,0001,2748,1503300012748,5216,8.559677803022392
15,033,0001,2752,1503300012752,1763,7.475339236566737
15,033,0001,2790,1503300012790,11560,9.355392643675321
15,033,0001,2803,1503300012803,8447,9.041685005946043
15,033,0001,2818,1503300012818,6497,8.779249716229046
15,033,0001,2822,1503300012822,6778,8.821584877430965
15,033,0001,2837,1503300012837,5060,8.529319371214077
15,033,0001,2841,1503300012841,4891,8.495356496807062
15,033,0001,2856,1503300012856,1901,7.550661243105336
15,033,0001,2860,1503300012860,1965,7.583756300707112
15,033,0001,2875,1503300012875,1985,7.593877844605118
15,033,0001,288A,150330001288A,4037,8.303504798872783
15,033,0001,2894,1503300012894,4744,8.464846711044029
15,033,0001,2907,1503300012907,2677,7.8928255262511176
15,033,0001,2911,1503300012911,2812,7.9420068084898565
15,033,0001,2926,1503300012926,2676,7.892452043520352
15,033,0001,2930,1503300012930,1777,7.48324441607385
15,033,0001,2945,1503300012945,5919,8.68609172787805
15,033,0001,295A,150330001295A,5316,8.57866451350434
15,033,0001,2964,1503300012964,3508,8.163086375583216
15,033,0001,2979,1503300012979,4561,8.425516402844334
15,033,0001,2983,1503300012983,3557,8.17695386822578
15,033,0001,2998,1503300012998,4628,8.44009614103127
15,033,0001,3002,1503300013002,3849,8.25582842728183
15,033,0001,3017,1503300013017,4648,8.444407421690585
15,033,0001,3021,1503300013021,3103,8.04044688130311
15,033,0001,3036,1503300013036,4645,8.443761913330354
15,033,0001,3040,1503300013040,4920,8.501267040865978
15,033,0001,3055,1503300013055,3984,8.290292591224315
15,033,0001,306A,150330001306A,3892,8.266935347610456
15,033,0001,3074,1503300013074,4131,8.326516830239528
15,033,0001,3089,1503300013089,2542,7.841099765422119
15,033,0001,3093,1503300013093,3168,8.06117135969092
15,033,0001,3106,1503300013106,4189,8.340456012916183
15,033,0001,3110,1503300013110,3880,8.263848131368906
15,033,0001,3125,1503300013125,2872,7.96311205897929
15,033,0001,313A,150330001313A,3434,8.14177220465645
15,033,0001,3144,1503300013144,3111,8.043020885298283
15,033,0001,3159,1503300013159,4372,8.38320455141292
15,033,0001,3163,1503300013163,2362,7.767687277186908
15,033,0001,3178,1503300013178,2719,7.908387159290043
15,033,0001,3182,1503300013182,4097,8.318254328798846
15,033,0001,3197,1503300013197,4974,8.512180649592693
15,033,0001,320A,150330001320A,5667,8.64259160081057
15,033,0001,3229,1503300013229,4074,8.312626025674962
15,033,0001,3233,1503300013233,6514,8.781862489558945
15,033,0001,3248,1503300013248,5105,8.53817159780143
15,033,0001,3252,1503300013252,4606,8.435332164935916
15,033,0001,3267,1503300013267,3705,8.217708406845306
15,033,0001,3271,1503300013271,3178,8.064321960910803
15,033,0001,3286,1503300013286,4263,8.357962965845681
15,033,0001,3290,1503300013290,3171,8.06211758275474
15,033,0001,3303,1503300013303,3687,8.212839584676484
15,033,0001,3318,1503300013318,3790,8.240385115516334
15,033,0001,3322,1503300013322,3718,8.22121009392507
15,033,0001,3337,1503300013337,4900,8.497194544909547
15,033,0001,3341,1503300013341,7685,8.94715577112479
15,033,0001,3356,1503300013356,4425,8.395251520610994
15,033,0001,3360,1503300013360,4546,8.42222295382501
15,033,0001,3375,1503300013375,3367,8.122074375362217
15,033,0001,338A,150330001338A,6105,8.717027173294824
15,033,0001,3394,1503300013394,4013,8.297543529356284
15,033,0001,3407,1503300013407,1266,7.144407180321139
15,033,0001,3411,1503300013411,3007,8.00903068506973
15,033,0001,3426,1503300013426,4200,8.343077871169383
15,033,0001,3430,1503300013430,3610,8.191740021277457
15,033,0001,3445,1503300013445,1297,7.168579897264035
15,033,0001,345A,150330001345A,4901,8.497398564088058
15,033,0001,3464,1503300013464,4385,8.386172928977834
15,033,0001,3483,1503300013483,4274,8.360539381370861
15,033,0001,3498,1503300013498,3708,8.21851757748959
15,033,0001,3500,1503300013500,6317,8.75115798136203
15,033,0001,3515,1503300013515,7341,8.90136656405678
15,033,0001,3534,1503300013534,4235,8.351374706721296
15,033,0001,3549,1503300013549,5619,8.634086942887738
15,033,0001,3553,1503300013553,2955,7.991592282068092
15,033,0001,3568,1503300013568,2791,7.934513463882263
15,033,0001,3572,1503300013572,4314,8.36985260351753
15,033,0001,3587,1503300013587,5942,8.68996933536666
15,033,0001,3591,1503300013591,2384,7.776954403322442
15,033,0001,3604,1503300013604,4121,8.324093761450404
15,033,0001,3619,1503300013619,2935,7.984803389734406
15,033,0001,3623,1503300013623,5288,8.57338447106598
15,033,0001,3638,1503300013638,6478,8.776321456449958
15,033,0001,3642,1503300013642,6417,8.766861821669803
15,033,0001,3657,1503300013657,7383,8.907070776182689
15,033,0001,3661,1503300013661,4639,8.442469645220301
15,033,0001,3676,1503300013676,4691,8.453614209773367
15,033,0001,3680,1503300013680,1953,7.577633832602728
15,033,0001,3695,1503300013695,1738,7.461065514354283
15,033,0001,3746,1503300013746,3047,8.022240916806537
15,033,0001,3750,1503300013750,857,6.754604099487962
15,033,0001,3765,1503300013765,126,4.844187086458591
15,033,0001,377A,150330001377A,934,6.840546529288687
15,033,0001,3784,1503300013784,91,4.5217885770490405
15,033,0001,3799,1503300013799,768,6.645090969505644
15,033,0001,3801,1503300013801,147,4.997212273764115
15,033,0001,3816,1503300013816,570,6.3473892096560105
15,033,0001,3835,1503300013835,3688,8.213110697596676
15,033,0001,3854,1503300013854,2881,7.966239776559467
15,033,0001,3869,1503300013869,5799,8.66561319653451
15,033,0001,3873,1503300013873,3709,8.21878715560148
15,033,0001,3888,1503300013888,4342,8.376320632534823
15,033,0001,3892,1503300013892,6329,8.753055515138222
15,033,0001,3905,1503300013905,4599,8.433811582477187
15,033,0001,391A,150330001391A,4304,8.367532416861831
15,033,0001,3939,1503300013939,6816,8.827174771362785
15,033,0001,3943,1503300013943,3608,8.19118600464279
15,033,0001,3962,1503300013962,3738,8.226573474977114
15,033,0001,3977,1503300013977,5545,8.620832226175724
15,033,0001,3981,1503300013981,3415,8.13622555490846
15,033,0001,3996,1503300013996,5450,8.603554357064281
15,033,0001,402A,150330001402A,473,6.161207321695077
15,033,0001,4053,1503300014053,3428,8.14002395246292
15,033,0001,4068,1503300014068,2396,7.781973234434385
15,033,0001,4072,1503300014072,208,5.342334251964811
15,033,0001,4087,1503300014087,0,0.0
15,033,0001,4091,1503300014091,145,4.983606621708336
15,033,0001,4104,1503300014104,3695,8.215006432761575
15,033,0001,4142,1503300014142,6444,8.771059915373288
15,033,0001,4227,1503300014227,3636,8.19891444498699
15,033,0001,4231,1503300014231,4010,8.296795865770052
15,033,0001,4335,1503300014335,4995,8.516392871245468
15,033,0001,434A,150330001434A,6392,8.762958920766726
15,033,0001,4354,1503300014354,3633,8.198089248956116
15,033,0001,4369,1503300014369,1037,6.945051063725834
15,033,0001,4373,1503300014373,3044,8.021256180143997
15,033,0001,4388,1503300014388,2731,7.912789220690681
15,033,0001,4392,1503300014392,3457,8.148445666243235
15,033,0001,4405,1503300014405,3693,8.214465160759186
15,033,0001,441A,150330001441A,3923,8.274866820685254
15,033,0001,4424,1503300014424,2616,7.869783902530146
15,033,0001,4439,1503300014439,3072,8.030409562130485
15,033,0001,4443,1503300014443,4152,8.331586243630754
15,033,0001,4458,1503300014458,8403,9.036463061964891
15,033,0001,4462,1503300014462,2507,7.827240901752812
15,033,0001,4477,1503300014477,4002,8.294799358992574
15,033,0001,4481,1503300014481,577,6.359573868672378
15,033,0001,4496,1503300014496,2407,7.786551806428712
15,033,0001,4509,1503300014509,5854,8.675051276031818
15,033,0001,4513,1503300014513,3346,8.115819701211327
15,033,0001,4528,1503300014528,4047,8.305978210967302
15,033,0001,4532,1503300014532,3490,8.157943507105037
15,033,0001,4547,1503300014547,4290,8.364275084991524
15,033,0001,4551,1503300014551,4407,8.391176350832751
15,033,0001,4566,1503300014566,5441,8.601901919343192
15,033,0001,4570,1503300014570,4228,8.34972083747249
15,033,0001,4585,1503300014585,1782,7.48605261786314
15,033,0001,459A,150330001459A,4279,8.361708288575842
15,033,0001,4602,1503300014602,4362,8.38091517312361
15,033,0001,4617,1503300014617,3247,8.085794701281568
15,033,0001,4621,1503300014621,8000,8.987321812850125
15,033,0001,4636,1503300014636,4263,8.357962965845681
15,033,0001,4640,1503300014640,2708,7.904334842085095
15,033,0001,4655,1503300014655,6625,8.798756582859841
15,033,0001,466A,150330001466A,5851,8.674538762140015
15,033,0001,4674,1503300014674,4316,8.370315995555478
15,033,0001,4689,1503300014689,4305,8.367764677924308
15,033,0001,4693,1503300014693,236,5.4680601411351315
15,033,0001,4725,1503300014725,3716,8.220672170297252
15,033,0001,473A,150330001473A,2390,7.779466967458324
15,033,0001,4744,1503300014744,1835,7.515344571180436
15,033,0001,4759,1503300014759,4018,8.2987883944492
15,033,0001,4763,1503300014763,4495,8.410943391573527
15,033,0001,4778,1503300014778,3361,8.120291313968561
15,033,0001,4782,1503300014782,3675,8.209580483475577
15,033,0001,4797,1503300014797,4387,8.38662882139512
15,033,0001,480A,150330001480A,5281,8.572060092857077
15,033,0001,4814,1503300014814,3310,8.105005537547246
15,033,0001,4829,1503300014829,3249,8.086410275323782
15,033,0001,4848,1503300014848,717,6.576469569048224
15,033,0001,4852,1503300014852,858,6.755768921984255
15,033,0001,4867,1503300014867,663,6.498282149476434
15,033,0001,4871,1503300014871,4407,8.391176350832751
15,033,0001,4886,1503300014886,345,5.846438775057725
15,033,0001,4890,1503300014890,3008,8.009363076630045
15,033,0001,4903,1503300014903,6169,8.727454116899434
15,033,0001,4918,1503300014918,5716,8.651199471263972
15,033,0001,4922,1503300014922,5156,8.548110294050959
15,033,0001,4937,1503300014937,5966,8.693999567522082
15,033,0001,4941,1503300014941,2782,7.931284761525891
15,033,0001,4956,1503300014956,350,5.860786223465865
15,033,0001,4960,1503300014960,36,3.6109179126442243
15,033,0001,4975,1503300014975,43,3.784189633918261
15,033,0001,498A,150330001498A,1002,6.910750787961936
15,033,0001,4994,1503300014994,154,5.043425116919247
15,034,0001,0081,1503400010081,3012,8.0106915391303
15,034,0001,0096,1503400010096,4046,8.305731144875866
15,035,0001,0036,1503500010036,2478,7.8156105320351905
15,035,0001,0055,1503500010055,1962,7.5822291942764615
15,035,0001,0178,1503500010178,2682,7.894690850425624
15,035,0001,0182,1503500010182,4826,8.481980435660493
15,035,0006,0426,1503500060426,2964,7.994632311431825
15,035,0008,0197,1503500080197,3688,8.213110697596676
15,035,0008,020A,150350008020A,2543,7.841492924460013
15,035,0009,0214,1503500090214,2779,7.930206206684683
15,035,0009,0229,1503500090229,1584,7.368339686311381
15,035,0009,0233,1503500090233,2928,7.982416346827733
15,035,0009,0360,1503500090360,359,5.886104031450156
15,035,0009,038A,150350009038A,287,5.662960480135946
15,035,0009,0394,1503500090394,14,2.70805020110221
15,035,0012,0163,1503500120163,4168,8.335431477880796
15,035,0013,0248,1503500130248,3604,8.190077049719049
15,035,0019,0125,1503500190125,4283,8.36264243156764
15,035,0019,013A,150350019013A,4822,8.481151420068972
15,035,0027,0252,1503500270252,4257,8.356554845453426
15,035,0027,0267,1503500270267,6260,8.74209519574531
15,035,0027,0286,1503500270286,5469,8.607033895416027
15,035,0027,0290,1503500270290,6071,8.711443319075466
15,035,0027,0303,1503500270303,1600,7.3783837129967145
15,035,0027,0318,1503500270318,5288,8.57338447106598
15,035,0027,0322,1503500270322,3159,8.058327306580958
15,035,0027,0337,1503500270337,1679,7.426549072397305
15,035,0027,0341,1503500270341,1010,6.918695219020472
15,035,0027,0356,1503500270356,746,6.616065185132817
15,035,0027,0375,1503500270375,978,6.88653164253051
15,035,0027,0407,1503500270407,251,5.529429087511423
15,035,0027,0411,1503500270411,77,4.356708826689592
15,035,0028,0271,1503500280271,2919,7.979338895262328
15,035,0030,0430,1503500300430,3616,8.193400231952097
15,036,0001,0086,1503600010086,1188,7.080867896690782
15,036,0001,0283,1503600010283,1784,7.487173694213739
15,036,0001,0298,1503600010298,1017,6.925595197110468
15,036,0006,0194,1503600060194,4420,8.394121193826242
15,036,0006,0207,1503600060207,4103,8.319717386850606
15,036,0007,032A,150360007032A,934,6.840546529288687
15,036,0007,0334,1503600070334,1036,6.9440872082295275
15,036,0007,0349,1503600070349,569,6.345636360828596
15,036,0008,0137,1503600080137,1520,7.327123292259293
15,036,0008,0141,1503600080141,337,5.823045895483019
15,036,0008,0156,1503600080156,214,5.3706380281276624
15,036,0008,0211,1503600080211,2100,7.650168700845001
15,036,0008,0226,1503600080226,3249,8.086410275323782
15,036,0009,0230,1503600090230,3656,8.204398418149381
15,036,0009,0245,1503600090245,3265,8.09132127353041
15,036,0009,025A,150360009025A,476,6.1675164908883415
15,036,0009,0264,1503600090264,90,4.51085950651685
15,036,0009,0279,1503600090279,1375,7.226936018493289
15,036,0009,0300,1503600090300,311,5.7430031878094825
15,036,0009,0315,1503600090315,12,2.5649493574615367
15,037,0001,0384,1503700010384,3833,8.251663923605589
15,037,0001,0399,1503700010399,4296,8.365672383774996
15,037,0001,0577,1503700010577,973,6.881411303642535
15,037,0001,0581,1503700010581,256,5.54907608489522
15,037,0001,0736,1503700010736,196,5.2832037287379885
15,037,0005,0276,1503700050276,4249,8.354674261918463
15,037,0009,0223,1503700090223,4312,8.369388996647842
15,037,0009,0238,1503700090238,14331,9.570250078424845
15,037,0009,0280,1503700090280,4507,8.413608875159667
15,037,0013,0401,1503700130401,5594,8.629628620746026
15,037,0013,0416,1503700130416,3841,8.253748343328501
15,037,0013,0420,1503700130420,2538,7.839525581704678
15,037,0013,069A,150370013069A,33,3.5263605246161616
15,037,0013,0702,1503700130702,187,5.236441962829949
15,037,0013,0717,1503700130717,0,0.0
15,037,0018,0435,1503700180435,2064,7.632885505395133
15,037,0018,044A,150370018044A,2872,7.96311205897929
15,037,0018,0596,1503700180596,85,4.454347296253507
15,037,0019,0651,1503700190651,3323,8.10892415597534
15,037,0021,0647,1503700210647,3459,8.14902386805177
15,037,0023,0666,1503700230666,4374,8.383661798791715
15,037,0024,0454,1503700240454,1570,7.359467638255621
15,037,0024,0469,1503700240469,2619,7.8709295967551425
15,037,0024,0609,1503700240609,324,5.783825182329737
15,037,0024,0613,1503700240613,116,4.762173934797756
15,037,0024,0628,1503700240628,45,3.828641396489095
15,037,0024,0632,1503700240632,278,5.631211781821365
15,037,0025,0261,1503700250261,10013,9.211739392889891
15,037,0026,0327,1503700260327,7097,8.867568333206442
15,037,0071,0064,1503700710064,9094,9.115480090952223
15,037,0071,0079,1503700710079,4726,8.461046030793236
15,037,0071,0083,1503700710083,2371,7.771488760117616
15,037,0071,0098,1503700710098,4838,8.48446336679332
15,037,0071,0100,1503700710100,2645,7.880804344674901
15,037,0071,0115,1503700710115,6065,8.710454688248527
15,037,0071,0134,1503700710134,5381,8.590815331286851
15,037,0071,0187,1503700710187,4876,8.492285555710053
15,037,0071,0191,1503700710191,7586,8.934191535338075
15,037,0071,0204,1503700710204,5607,8.631949428714426
15,037,0071,0219,1503700710219,1914,7.557472901614746
15,037,0071,0242,1503700710242,3756,8.231376045573969
15,037,0071,0308,1503700710308,3612,8.19229373114764
15,037,0071,0331,1503700710331,3483,8.155936337972394
15,037,0071,0346,1503700710346,2393,7.780720886117918
15,037,0071,0350,1503700710350,1813,7.503289630675082
15,037,0071,0365,1503700710365,4577,8.429017500512511
15,037,0071,037A,150370071037A,2680,7.893945138235959
15,037,0071,0473,1503700710473,7063,8.862766742283796
15,037,0071,0488,1503700710488,6759,8.81877816903701
15,037,0071,0492,1503700710492,6827,8.828787083914332
15,037,0071,0524,1503700710524,3392,8.129469764784231
15,037,0071,0539,1503700710539,165,5.111987788356544
15,037,0071,0543,1503700710543,2064,7.632885505395133
15,037,0071,0558,1503700710558,1523,7.329093736246592
15,037,0071,0562,1503700710562,5020,8.521384396034705
15,037,0071,0670,1503700710670,5374,8.589513852995864
15,037,0071,0685,1503700710685,4059,8.308938252595778
15,037,0071,0721,1503700710721,430,6.066108090103747
15,037,0071,0740,1503700710740,1377,7.228388451573604
15,037,0089,0755,1503700890755,3020,8.013343181386672
15,038,0001,0038,1503800010038,2002,7.602401335665818
15,039,0001,0139,1503900010139,3021,8.013674142832684
15,039,0001,0158,1503900010158,5390,8.592486175451668
15,039,0001,0213,1503900010213,3646,8.20166019080868
15,039,0001,0232,1503900010232,7574,8.93260863037757
15,039,0001,0302,1503900010302,9952,9.205629292246064
15,039,0001,0567,1503900010567,5157,8.54830418644129
15,039,0001,0571,1503900010571,4031,8.302017809751204
15,039,0001,0586,1503900010586,7077,8.864746660905409
15,039,0001,0603,1503900010603,3026,8.01532730902172
15,039,0001,0618,1503900010618,5707,8.649623978596727
15,039,0001,0622,1503900010622,4563,8.425954710981966
15,039,0001,0637,1503900010637,3697,8.21554741194707
15,039,0001,0641,1503900010641,3646,8.20166019080868
15,039,0001,0656,1503900010656,87,4.477336814478207
15,039,0001,0660,1503900010660,910,6.814542897259958
15,039,0001,0675,1503900010675,1712,7.44600149832412
15,039,0001,068A,150390001068A,2099,7.649692623711514
15,039,0001,0694,1503900010694,4316,8.370315995555478
15,039,0001,0745,1503900010745,4213,8.346167594364134
15,039,0001,075A,150390001075A,22876,10.037887318015784
15,039,0001,0764,1503900010764,1461,7.2875606403097235
15,039,0001,0868,1503900010868,1474,7.29641326877392
15,039,0001,0872,1503900010872,2230,7.7102051944325325
15,039,0001,0887,1503900010887,1770,7.479299637782834
15,039,0001,0891,1503900010891,94,4.553876891600541
15,039,0001,0904,1503900010904,2191,7.692569648067906
15,039,0001,0919,1503900010919,3842,8.254008590564844
15,039,0001,0942,1503900010942,6170,8.727616178321068
15,039,0001,0980,1503900010980,3969,8.286521373681236
15,039,0001,1048,1503900011048,6019,8.702842538302868
15,039,0001,1052,1503900011052,4241,8.352790135124629
15,039,0001,1067,1503900011067,5102,8.537583881063972
15,039,0001,1071,1503900011071,2601,7.86403565907245
15,039,0001,1086,1503900011086,1429,7.265429723253953
15,039,0001,1090,1503900011090,1124,7.025538314638521
15,039,0001,1103,1503900011103,1076,6.981934677156389
15,039,0001,1118,1503900011118,4225,8.349011198176003
15,039,0001,1122,1503900011122,4176,8.337348564497175
15,039,0001,1137,1503900011137,4469,8.405143687607614
15,039,0001,1141,1503900011141,3873,8.262042843966942
15,039,0001,1156,1503900011156,4164,8.334471554600944
15,039,0001,1160,1503900011160,3744,8.22817689595132
15,039,0001,1207,1503900011207,1757,7.471932078245122
15,039,0001,1211,1503900011211,2347,7.761319180947987
15,039,0001,1226,1503900011226,4937,8.504715669905124
15,039,0001,1230,1503900011230,1876,7.537430036586509
15,039,0001,1245,1503900011245,553,6.317164686747284
15,039,0001,125A,150390001125A,3208,8.073714641109857
15,039,0001,1264,1503900011264,789,6.672032945461067
15,039,0001,1279,1503900011279,2186,7.690286020676768
15,039,0001,1300,1503900011300,552,6.315358001522335
15,039,0001,1368,1503900011368,2246,7.717351272185329
15,039,0001,1372,1503900011372,2462,7.809135398120538
15,039,0001,1387,1503900011387,2810,7.941295570906532
15,039,0001,1391,1503900011391,1004,6.912742820493176
15,039,0001,1404,1503900011404,1098,7.002155954403621
15,039,0001,1419,1503900011419,6007,8.700847193443972
15,039,0001,1423,1503900011423,3200,8.071218539969863
15,039,0001,1438,1503900011438,5168,8.550434525196039
15,039,0001,1442,1503900011442,5996,8.69901462316851
15,039,0001,1457,1503900011457,4371,8.382975849296429
15,039,0001,1461,1503900011461,2613,7.868636894184167
15,039,0001,1476,1503900011476,2599,7.8632667240095735
15,039,0001,1508,1503900011508,1326,7.190676034332207
15,039,0001,1512,1503900011512,867,6.7661917146603505
15,039,0001,1762,1503900011762,1972,7.587310506022615
15,039,0001,1777,1503900011777,3916,8.27308133366583
15,039,0001,1781,1503900011781,2985,8.001689978099135
15,039,0001,1796,1503900011796,2214,7.703007682479236
15,039,0001,1809,1503900011809,594,6.38856140554563
15,039,0001,1813,1503900011813,460,6.133398042996649
15,039,0001,1828,1503900011828,221,5.402677381872279
15,039,0001,1832,1503900011832,2532,7.837159650001675
15,039,0001,1847,1503900011847,6619,8.797850648931053
15,039,0001,1851,1503900011851,4945,8.506334448081361
15,039,0001,1866,1503900011866,4684,8.452121194672523
15,039,0001,1870,1503900011870,5971,8.69483715865908
15,039,0001,1885,1503900011885,4540,8.420902531097951
15,039,0001,189A,150390001189A,3786,8.239329427901795
15,039,0001,1902,1503900011902,3004,8.008032846969307
15,039,0001,1917,1503900011917,5872,8.67812085552252
15,039,0001,1921,1503900011921,3340,8.114025442356757
15,039,0001,1936,1503900011936,2437,7.798933310041217
15,039,0001,1940,1503900011940,2639,7.878534196140362
15,039,0001,1955,1503900011955,2078,7.639642287858013
15,039,0001,196A,150390001196A,5391,8.592671652592143
15,039,0001,1974,1503900011974,4273,8.360305435879093
15,039,0001,1989,1503900011989,2585,7.857867559331803
15,039,0001,2008,1503900012008,538,6.289715570908998
15,039,0001,2012,1503900012012,2030,7.616283561580385
15,039,0001,2027,1503900012027,1214,7.102499355774649
15,039,0001,207A,150390001207A,336,5.820082930352362
15,039,0001,2084,1503900012084,486,6.18826412308259
15,039,0001,2099,1503900012099,1523,7.329093736246592
15,039,0001,2101,1503900012101,855,6.752270376141742
15,039,0001,2116,1503900012116,1425,7.262628600974241
15,039,0001,2135,1503900012135,594,6.38856140554563
15,039,0001,214A,150390001214A,446,6.102558594613569
15,039,0001,2154,1503900012154,2176,7.685703061234547
15,039,0001,2169,1503900012169,101,4.624972813284271
15,039,0001,2173,1503900012173,47,3.871201010907891
15,039,0001,2188,1503900012188,294,5.68697535633982
15,039,0001,2224,1503900012224,9,2.302585092994046
15,039,0001,2239,1503900012239,129,4.867534450455582
15,039,0001,2243,1503900012243,622,6.434546518787453
15,039,0001,2258,1503900012258,167,5.123963979403259
15,039,0001,2262,1503900012262,36,3.6109179126442243
15,039,0001,2277,1503900012277,67,4.219507705176107
15,039,0001,2281,1503900012281,2,1.0986122886681098
15,039,0003,1550,1503900031550,3625,8.195885391314796
15,039,0003,1565,1503900031565,3302,8.10258642539079
15,039,0003,157A,150390003157A,3627,8.196436811235028
15,039,0003,1616,1503900031616,3785,8.239065331769268
15,039,0003,1620,1503900031620,2986,8.00202481821611
15,039,0003,1635,1503900031635,3142,8.052933036797567
15,039,0003,164A,150390003164A,4508,8.413830678421084
15,039,0003,1654,1503900031654,3096,8.038189179973203
15,039,0003,1669,1503900031669,3735,8.225770799348734
15,039,0003,1673,1503900031673,3541,8.17244681834278
15,039,0003,1688,1503900031688,3925,8.275376374836407
15,039,0003,1692,1503900031692,5489,8.610683534503575
15,039,0004,0800,1503900040800,4449,8.400659375160286
15,039,0004,0815,1503900040815,3680,8.210939733379021
15,039,0004,1315,1503900041315,712,6.569481420414296
15,039,0007,1546,1503900071546,3057,8.025516386489008
15,039,0011,0073,1503900110073,1712,7.44600149832412
15,039,0011,082A,150390011082A,1463,7.288927694521257
15,039,0011,0834,1503900110834,633,6.452048954437226
15,039,0011,0849,1503900110849,1543,7.342131730584722
15,039,0011,0853,1503900110853,190,5.25227342804663
15,039,0011,1349,1503900111349,98,4.59511985013459
15,039,0011,1495,1503900111495,87,4.477336814478207
15,039,0011,221A,150390011221A,48,3.8918202981106265
15,039,0012,0779,1503900120779,5829,8.670772279344538
15,039,0012,0783,1503900120783,938,6.844815479208263
15,039,0012,0798,1503900120798,4348,8.37770121259764
15,039,0012,1175,1503900121175,2463,7.80954132465341
15,039,0012,118A,150390012118A,3651,8.20303024171486
15,039,0012,1194,1503900121194,1325,7.189922170745808
15,039,0012,1283,1503900121283,3407,8.133880887949207
15,039,0012,1298,1503900121298,2680,7.893945138235959
15,039,0012,132A,150390012132A,344,5.84354441703136
15,039,0012,1334,1503900121334,489,6.194405391104672
15,039,0012,2031,1503900122031,1985,7.593877844605118
15,039,0012,2046,1503900122046,442,6.093569770045136
15,039,0012,2296,1503900122296,59,4.0943445622221
15,039,0012,2309,1503900122309,0,0.0
15,039,0064,1743,1503900641743,3706,8.217978203150732
15,039,0064,1758,1503900641758,4995,8.516392871245468
15,039,0064,2050,1503900642050,394,5.978885764901122
15,039,0064,2065,1503900642065,122,4.812184355372417
15,039,0064,2192,1503900642192,215,5.375278407684165
15,039,0064,2205,1503900642205,43,3.784189633918261
15,039,0151,1584,1503901511584,9719,9.181940897454485
15,039,0151,1599,1503901511599,8041,8.992433087457218
15,039,0151,1601,1503901511601,4186,8.339739766019143
15,039,0151,1705,1503901511705,3584,8.184513753033722
15,039,0151,171A,150390151171A,3701,8.216628493133443
15,039,0151,1724,1503901511724,4633,8.441175704992322
15,039,0151,1739,1503901511739,2914,7.977625098784593
15,040,0001,0036,1504000010036,963,6.871091294610546
15,040,0001,0055,1504000010055,5252,8.566554620953962
15,040,0001,0089,1504000010089,2653,7.8838232148921525
15,040,0001,0093,1504000010093,3445,8.144969417087875
15,040,0001,0106,1504000010106,2649,7.882314918980268
15,040,0001,0110,1504000010110,2678,7.893198869544609
15,041,0001,0029,1504100010029,963,6.871091294610546
15,042,0001,0308,1504200010308,4330,8.373553741214627
15,042,0001,0312,1504200010312,2604,7.865187954187467
15,042,0002,044A,150420002044A,4400,8.38958706681109
15,042,0002,0454,1504200020454,2807,7.940227765145702
15,042,0007,037A,150420007037A,3812,8.246171559857563
15,042,0016,0401,1504200160401,6455,8.772765209949785
15,042,0016,0416,1504200160416,5772,8.660947155060933
15,042,0017,0346,1504200170346,4337,8.37516869138682
15,042,0022,0384,1504200220384,3449,8.146129510025405
15,042,0024,0350,1504200240350,3887,8.265650165580329
15,042,0029,0399,1504200290399,2874,7.963807953231451
15,042,0030,0331,1504200300331,5641,8.637993891561942
15,042,0030,0420,1504200300420,4048,8.30622521603216
15,042,0030,0435,1504200300435,2460,7.8083230503910555
15,042,0031,0295,1504200310295,3893,8.267192185932146
15,042,0031,0473,1504200310473,252,5.53338948872752
15,042,0031,0488,1504200310488,141,4.955827057601261
15,042,0031,0492,1504200310492,288,5.666426688112432
15,042,0032,0365,1504200320365,3208,8.073714641109857
15,042,0033,012A,150420033012A,4078,8.313607139317558
15,042,0034,0219,1504200340219,7331,8.900003608959596
15,042,0035,0223,1504200350223,7597,8.935640333747571
15,042,0035,0469,1504200350469,411,6.021023349349527
15,043,0001,0061,1504300010061,4477,8.4069317971587
15,043,0001,0076,1504300010076,5270,8.569975376855206
15,043,0001,0080,1504300010080,4433,8.397057390176256
15,043,0001,0095,1504300010095,194,5.272999558563747
15,043,0001,0108,1504300010108,278,5.631211781821365
15,043,0001,0112,1504300010112,391,5.971261839790462
15,044,0001,004A,150440001004A,4275,8.360773272144936
15,044,0001,0092,1504400010092,2903,7.973844375944687
15,044,0001,0105,1504400010105,3915,8.272826003650401
15,044,0020,011A,150440020011A,2289,7.736307096548285
15,044,0020,0124,1504400200124,4643,8.443331342817782
15,044,0020,0139,1504400200139,3722,8.222285073872717
15,044,0020,0143,1504400200143,3963,8.285008895449879
15,044,0020,0158,1504400200158,618,6.428105272684596
15,045,0001,0259,1504500010259,1736,7.459914766241105
15,045,0001,0263,1504500010263,979,6.887552571664617
15,045,0001,0278,1504500010278,1345,7.204892510204673
15,045,0001,0282,1504500010282,247,5.5134287461649825
15,045,0001,0297,1504500010297,510,6.236369590203704
15,045,0001,0386,1504500010386,1952,7.577121930876679
15,045,0001,0390,1504500010390,2794,7.9355873855892
15,045,0001,0422,1504500010422,2265,7.725771441587952
15,045,0007,0441,1504500070441,416,6.0330862217988015
15,045,0007,0456,1504500070456,679,6.522092798170152
15,045,0007,0460,1504500070460,533,6.280395838960195
15,045,0007,0475,1504500070475,692,6.541029999189903
15,045,0007,048A,150450007048A,724,6.586171654854675
15,045,0007,0494,1504500070494,253,5.537334267018537
15,045,0007,0507,1504500070507,120,4.795790545596741
15,046,0001,0025,1504600010025,910,6.814542897259958
15,046,0003,0059,1504600030059,3693,8.214465160759186
15,046,0005,0063,1504600050063,3243,8.084562415235304
15,047,0001,008A,150470001008A,1938,7.569927655242652
15,047,0020,0183,1504700200183,3215,8.075893630298857
15,047,0025,015A,150470025015A,1565,7.356279876550748
15,048,0001,0299,1504800010299,178,5.187385805840755
15,048,0001,034A,150480001034A,2333,7.755338812846501
15,048,0001,0354,1504800010354,2243,7.716015266642587
15,048,0001,0369,1504800010369,2376,7.773594467360194
15,048,0001,041A,150480001041A,51,3.9512437185814275
15,048,0001,0424,1504800010424,156,5.056245805348308
15,048,0001,0458,1504800010458,210,5.351858133476067
15,048,0001,0462,1504800010462,28,3.367295829986474
15,048,0008,0250,1504800080250,1902,7.551186867296149
15,048,0008,0320,1504800080320,1838,7.516977224604321
15,048,0008,0335,1504800080335,272,5.60947179518496
15,048,0012,0195,1504800120195,5137,8.544419177669829
15,048,0013,0123,1504800130123,2280,7.732369222284388
15,048,0013,0265,1504800130265,914,6.818924065275521
15,048,0013,0284,1504800130284,2072,7.636752112435779
15,048,0013,0439,1504800130439,475,6.16541785423142
15,048,0013,0443,1504800130443,64,4.174387269895637
15,048,0015,0301,1504800150301,537,6.2878585601617845
15,048,0015,0316,1504800150316,151,5.0238805208462765
15,048,0015,0373,1504800150373,2871,7.962763930168115
15,048,0015,0388,1504800150388,2577,7.8547691834991324
15,048,0018,0405,1504800180405,2111,7.655390644826152
15,049,0001,0065,1504900010065,1675,7.424165281042028
15,049,0001,007A,150490001007A,2101,7.650644551436897
15,049,0001,0084,1504900010084,27,3.332204510175204
15,049,0001,0099,1504900010099,185,5.225746673713202
15,049,0001,0101,1504900010101,0,0.0
15,049,0001,0116,1504900010116,45,3.828641396489095
15,049,0005,0027,1504900050027,4713,8.458292083496076
15,050,0001,0047,1505000010047,3349,8.116715624819111
15,050,0001,009A,150500001009A,842,6.736966958001855
15,050,0001,0102,1505000010102,3369,8.122668023346407
15,050,0001,0117,1505000010117,2706,7.903596289614301
15,050,0001,0121,1505000010121,3553,8.175829008714597
15,050,0001,0136,1505000010136,1962,7.5822291942764615
15,050,0001,0174,1505000010174,51,3.9512437185814275
15,050,0001,0189,1505000010189,189,5.247024072160486
15,050,0002,0140,1505000020140,2822,7.945555428253489
15,050,0002,0155,1505000020155,3074,8.031060180240619
15,050,0002,016A,150500002016A,359,5.886104031450156
15,050,0002,0193,1505000020193,8,2.1972245773362196
15,051,0001,0186,1505100010186,186,5.231108616854587
15,051,0001,0241,1505100010241,2851,7.955775781534187
15,051,0001,0256,1505100010256,2373,7.772331575169614
15,051,0001,0260,1505100010260,5344,8.583916823459145
15,051,0001,0275,1505100010275,6846,8.831565879121063
15,051,0001,0453,1505100010453,555,6.320768294250582
15,051,0001,0468,1505100010468,4556,8.424419791263883
15,051,0001,0472,1505100010472,2,1.0986122886681098
15,051,0007,028A,150510007028A,2155,7.6760099320288875
15,051,0007,0294,1505100070294,1688,7.4318919168078
15,051,0017,0400,1505100170400,3613,8.192570471152173
15,051,0020,0330,1505100200330,3835,8.252185436003328
15,051,0020,042A,150510020042A,1422,7.260522598089852
15,051,0020,0449,1505100200449,16,2.833213344056216
15,051,0021,0078,1505100210078,5387,8.591929537530255
15,051,0022,035A,150510022035A,2321,7.7501841622578365
15,051,0022,0364,1505100220364,2252,7.720017940432244
15,051,0024,0379,1505100240379,2595,7.86172707782398
15,051,0024,0383,1505100240383,5850,8.674367865788236
15,051,0024,0398,1505100240398,5189,8.554488976159934
15,051,0026,0307,1505100260307,2755,7.9215356321335495
15,051,0026,0311,1505100260311,5208,8.558143177745192
15,051,0026,0326,1505100260326,4895,8.496173824192162
15,051,0026,0345,1505100260345,865,6.763884908562435
15,051,0026,0434,1505100260434,46,3.8501476017100584
15,051,0028,0415,1505100280415,3446,8.145259566516865
15,051,0086,0487,1505100860487,3094,8.037543185118697
15,052,0001,0056,1505200010056,1648,7.407924322559599
15,052,0001,0060,1505200010060,2251,7.719573989259581
15,052,0001,0075,1505200010075,2094,7.647308832356238
15,052,0001,008A,150520001008A,1230,7.115582126184454
15,052,0001,0164,1505200010164,584,6.371611847231857
15,052,0001,0179,1505200010179,80,4.394449154672439
15,052,0001,0183,1505200010183,75,4.330733340286331
15,052,0001,0198,1505200010198,83,4.430816798843313
15,053,0001,0034,1505300010034,3910,8.271548374755515
15,053,0001,0049,1505300010049,3519,8.166216268592143
15,053,0001,0053,1505300010053,3862,8.259199362666282
15,053,0001,0068,1505300010068,3338,8.113426639943654
15,053,0001,0072,1505300010072,3209,8.07402621612406
15,053,0001,0104,1505300010104,2553,7.845416036592485
15,053,0001,0123,1505300010123,2238,7.713784616598755
15,053,0001,0138,1505300010138,2404,7.785305182539862
15,053,0001,0142,1505300010142,1609,7.383989457978509
15,053,0001,0212,1505300010212,3782,8.23827262463303
15,053,0001,0227,1505300010227,3795,8.241703159729818
15,053,0001,0284,1505300010284,196,5.2832037287379885
15,053,0001,0335,1505300010335,2452,7.8050670442584895
15,053,0001,034A,150530001034A,1732,7.457609289715606
15,053,0005,0299,1505300050299,3023,8.014335737299424
15,053,0005,0320,1505300050320,331,5.805134968916488
15,053,0005,0354,1505300050354,53,3.9889840465642745
15,053,0005,0369,1505300050369,35,3.58351893845611
15,054,0001,0258,1505400010258,2736,7.914617709040679
15,054,0001,0281,1505400010281,1251,7.132497551660044
15,054,0001,0332,1505400010332,1046,6.953684210870537
15,054,0001,0351,1505400010351,525,6.26530121273771
15,054,0001,0510,1505400010510,1327,7.191429330036379
15,054,0001,0563,1505400010563,3626,8.196161139282902
15,054,0001,0578,1505400010578,3260,8.089789175789319
15,054,0001,0703,1505400010703,167,5.123963979403259
15,054,0001,0718,1505400010718,1246,7.1284959456800365
15,054,0001,0722,1505400010722,5975,8.695506726812653
15,054,0001,0737,1505400010737,7046,8.860357273327022
15,054,0032,0031,1505400320031,7315,8.897819009510757
15,054,0032,0760,1505400320760,1113,7.01571242048723
15,054,0032,0794,1505400320794,2713,7.906178840394815
15,054,0034,0826,1505400340826,5274,8.570733958344267
15,054,0034,0830,1505400340830,3304,8.103191752285786
15,054,0034,0845,1505400340845,1412,7.253470382684528
15,054,0034,085A,150540034085A,1887,7.543273346705446
15,054,0034,0864,1505400340864,1790,7.490529402060711
15,054,0034,0879,1505400340879,4675,8.450198322591959
15,054,0034,0883,1505400340883,2771,7.927324360309794
15,054,0034,0898,1505400340898,2591,7.860185057472165
15,054,0034,0900,1505400340900,1196,7.087573705557973
15,054,0035,0402,1505400350402,631,6.448889394146858
15,054,0035,0417,1505400350417,877,6.777646593635117
15,054,0035,0633,1505400350633,2432,7.796880342783522
15,054,0035,0648,1505400350648,3375,8.124446855715847
15,054,0035,0811,1505400350811,1141,7.040536390215956
15,054,0037,0915,1505400370915,4769,8.470101583882387
15,054,0037,092A,150540037092A,2294,7.738488122494646
15,054,0037,0934,1505400370934,4425,8.395251520610994
15,054,0037,0949,1505400370949,1602,7.3796321526095525
15,054,0037,0953,1505400370953,1501,7.31455283232408
15,054,0037,0968,1505400370968,3471,8.15248607578024
15,054,0037,0972,1505400370972,3194,8.069342366811636
15,054,0037,0987,1505400370987,2640,7.878912912297133
15,054,0037,0991,1505400370991,2385,7.777373602657861
15,054,0038,1006,1505400381006,3343,8.114922974204593
15,054,0038,1010,1505400381010,2103,7.651595573857601
15,054,0038,1025,1505400381025,2525,7.8343923029104365
15,054,0038,103A,150540038103A,1512,7.321849713788356
15,054,0038,1044,1505400381044,1376,7.227662498728654
15,054,0038,1059,1505400381059,2463,7.80954132465341
15,054,0038,1063,1505400381063,1415,7.255591274253665
15,054,0038,1078,1505400381078,1298,7.1693500166706
15,054,0038,1082,1505400381082,3903,8.269756947532983
15,054,0038,1097,1505400381097,3169,8.061486866871327
15,054,0041,0756,1505400410756,3679,8.210668031162976
15,054,0041,110A,150540041110A,43,3.784189633918261
15,054,0043,0741,1505400430741,4382,8.38548870041881
15,054,0047,0652,1505400470652,3806,8.244596756382498
15,054,0047,0667,1505400470667,4401,8.389814262086407
15,054,0049,1114,1505400491114,3893,8.267192185932146
15,054,0049,1129,1505400491129,2146,7.671826797878781
15,054,0049,1133,1505400491133,2946,7.988542982737695
15,054,0049,1148,1505400491148,1998,7.6004023345004
15,054,0049,1152,1505400491152,4684,8.452121194672523
15,054,0049,1167,1505400491167,2757,7.922261058353247
15,054,0049,1171,1505400491171,1992,7.597396320212795
15,054,0049,1186,1505400491186,3410,8.134760782418645
15,054,0049,1190,1505400491190,4494,8.410720946905721
15,054,0049,1203,1505400491203,4424,8.39502555744203
15,054,0049,1218,1505400491218,11962,9.389573832170905
15,054,0049,1222,1505400491222,2423,7.793174347189205
15,054,0049,1237,1505400491237,7000,8.853808274977197
15,054,0049,1241,1505400491241,7238,8.88723835429314
15,054,0052,078A,150540052078A,2017,7.609862200913554
15,054,0055,0506,1505400550506,6547,8.786914938491025
15,054,0055,0775,1505400550775,0,0.0
15,055,0001,0043,1505500010043,4091,8.316789127071518
15,055,0001,0058,1505500010058,4513,8.414938957377482
15,055,0001,0062,1505500010062,1089,6.993932975223189
15,056,0001,0089,1505600010089,1737,7.460490305825338
15,056,0006,0093,1505600060093,3255,8.08825472712243
15,056,0009,0178,1505600090178,3540,8.172164452111904
15,056,0009,0214,1505600090214,338,5.82600010738045
15,056,0018,020A,150560018020A,3601,8.189244525735901
15,057,0001,0048,1505700010048,3155,8.057060681965766
15,057,0001,0103,1505700010103,3863,8.259458195332408
15,057,0001,0122,1505700010122,3827,8.250097752572845
15,057,0001,0141,1505700010141,7381,8.906799883589944
15,057,0001,0156,1505700010156,3388,8.128290171607052
15,057,0001,0160,1505700010160,3733,8.225235324101668
15,057,0001,0175,1505700010175,4129,8.326032685955079
15,057,0001,018A,150570001018A,3227,8.07961802938984
15,057,0001,0245,1505700010245,4384,8.385944904806284
15,057,0001,0283,1505700010283,12738,9.452423433109788
15,057,0001,032A,150570001032A,6094,8.715224041915372
15,057,0001,0353,1505700010353,6261,8.742254901886351
15,057,0001,0368,1505700010368,1480,7.300472814267799
15,057,0001,0372,1505700010372,10591,9.26785427817679
15,057,0001,0391,1505700010391,7119,8.87066300440602
15,057,0001,0404,1505700010404,11085,9.31343832997975
15,057,0001,0419,1505700010419,6721,8.81314100828505
15,057,0001,0480,1505700010480,1297,7.168579897264035
15,057,0001,0495,1505700010495,1956,7.579167967396076
15,057,0001,0508,1505700010508,6230,8.737292112544221
15,057,0001,0512,1505700010512,7991,8.98619632032839
15,057,0001,0550,1505700010550,6715,8.812248018197431
15,057,0001,0584,1505700010584,6290,8.74687531957003
15,057,0001,0599,1505700010599,4313,8.369620826949102
15,057,0001,0601,1505700010601,2564,7.84971375760487
15,057,0001,0616,1505700010616,6981,8.851090687664982
15,057,0001,0620,1505700010620,1313,7.1808311990445555
15,057,0001,0635,1505700010635,6579,8.791790024319363
15,057,0001,064A,150570001064A,3726,8.223358899479258
15,057,0001,0669,1505700010669,2679,7.893572073504902
15,057,0001,0688,1505700010688,829,6.721425700790643
15,057,0001,0692,1505700010692,3980,8.289288323000317
15,057,0001,0705,1505700010705,3992,8.292298107063221
15,057,0001,071A,150570001071A,35,3.58351893845611
15,057,0001,0743,1505700010743,2430,7.796057974316123
15,057,0001,0813,1505700010813,7423,8.912473274466036
15,057,0001,0851,1505700010851,6550,8.787372988731876
15,057,0001,0866,1505700010866,10930,9.299358068293836
15,057,0001,0870,1505700010870,7016,8.85609105525229
15,057,0001,0936,1505700010936,4676,8.450412157725886
15,057,0001,0940,1505700010940,10676,9.275847174178303
15,057,0001,0955,1505700010955,9333,9.141418926509761
15,057,0001,1031,1505700011031,1062,6.968850378341948
15,057,0001,1084,1505700011084,215,5.375278407684165
15,057,0001,1116,1505700011116,4910,8.499232866039245
15,057,0001,1135,1505700011135,5142,8.545391845774915
15,057,0001,114A,150570001114A,4506,8.413387022690648
15,057,0001,1154,1505700011154,5149,8.546751993657782
15,057,0001,1169,1505700011169,3783,8.238536930171769
15,057,0001,1173,1505700011173,2337,7.757051142032013
15,057,0001,1188,1505700011188,2170,7.682943169878292
15,057,0001,1192,1505700011192,3159,8.058327306580958
15,057,0001,1205,1505700011205,3555,8.176391596633795
15,057,0001,121A,150570001121A,108,4.6913478822291435
15,057,0001,1224,1505700011224,2752,7.920446505142607
15,057,0001,1239,1505700011239,2547,7.843064016692054
15,057,0001,1243,1505700011243,2698,7.900636613018005
15,057,0001,1258,1505700011258,2237,7.71333788887187
15,057,0001,1262,1505700011262,2173,7.684324067681155
15,057,0001,1277,1505700011277,1395,7.241366283322318
15,057,0001,1281,1505700011281,1016,6.92461239604856
15,057,0001,1296,1505700011296,2160,7.6783263565068856
15,057,0001,1309,1505700011309,3775,8.236420527265391
15,057,0001,1313,1505700011313,3378,8.12533508671429
15,057,0001,1328,1505700011328,2132,7.665284718471351
15,057,0001,1332,1505700011332,1312,7.180069874302796
15,057,0001,1347,1505700011347,2436,7.798523053625206
15,057,0001,1351,1505700011351,2397,7.7823903355874595
15,057,0001,1366,1505700011366,2300,7.741099090035366
15,057,0001,1370,1505700011370,3181,8.065265208897733
15,057,0001,1385,1505700011385,2272,7.728855823852543
15,057,0001,139A,150570001139A,1676,7.424761761823209
15,057,0001,1402,1505700011402,3573,8.181440695719374
15,057,0001,1417,1505700011417,6813,8.826734598220911
15,057,0001,1421,1505700011421,2300,7.741099090035366
15,057,0001,1436,1505700011436,3290,8.098946748943339
15,057,0001,1440,1505700011440,2384,7.776954403322442
15,057,0001,1455,1505700011455,2313,7.746732907753622
15,057,0001,146A,150570001146A,1952,7.577121930876679
15,057,0001,1474,1505700011474,1929,7.5652752818989315
15,057,0001,1489,1505700011489,249,5.521460917862246
15,057,0001,1493,1505700011493,4973,8.51197962436335
15,057,0001,1506,1505700011506,6550,8.787372988731876
15,057,0001,1510,1505700011510,5903,8.683385366280309
15,057,0001,1525,1505700011525,6072,8.711607995897575
15,057,0001,153A,150570001153A,881,6.782192056006791
15,057,0001,1544,1505700011544,1969,7.585788821732034
15,057,0001,1559,1505700011559,6112,8.718172930028725
15,057,0001,1563,1505700011563,3820,8.2482674474469
15,057,0001,1578,1505700011578,7029,8.857941984804711
15,057,0001,1582,1505700011582,7240,8.88751459738882
15,057,0001,1597,1505700011597,7617,8.938269147038548
15,057,0001,160A,150570001160A,5656,8.640648995343156
15,057,0001,1614,1505700011614,3017,8.012349639327795
15,057,0001,1629,1505700011629,4933,8.503905297089302
15,057,0001,1633,1505700011633,3229,8.080237416216702
15,057,0001,1648,1505700011648,4165,8.334711621820917
15,057,0001,1652,1505700011652,3411,8.13505390861157
15,057,0001,1667,1505700011667,569,6.345636360828596
15,057,0001,1671,1505700011671,1413,7.254177846456518
15,057,0001,1686,1505700011686,6237,8.738414897167749
15,057,0001,1690,1505700011690,5037,8.524764456912555
15,057,0001,1703,1505700011703,2674,7.891704659330107
15,057,0001,1718,1505700011718,6209,8.733916174927524
15,057,0001,1722,1505700011722,4998,8.51699317141357
15,057,0001,1737,1505700011737,6704,8.81060879571578
15,057,0001,1741,1505700011741,4091,8.316789127071518
15,057,0001,1756,1505700011756,2961,7.993619994827744
15,057,0001,1760,1505700011760,4515,8.415381925269553
15,057,0001,1775,1505700011775,4214,8.346404870435956
15,057,0001,178A,150570001178A,3151,8.05579245097777
15,057,0001,1794,1505700011794,3641,8.200288260287554
15,057,0001,1807,1505700011807,3588,8.185628891147607
15,057,0001,1811,1505700011811,3202,8.071843149609158
15,057,0001,1826,1505700011826,4924,8.502079553606189
15,057,0001,1830,1505700011830,3828,8.250358951477294
15,057,0001,1845,1505700011845,4360,8.380456667842767
15,057,0001,185A,150570001185A,3317,8.10711747075039
15,057,0001,1864,1505700011864,5620,8.634264863002075
15,057,0001,1879,1505700011879,6270,8.74369111054302
15,057,0001,1883,1505700011883,5321,8.579604451537634
15,057,0001,1898,1505700011898,4341,8.376090350438238
15,057,0001,1900,1505700011900,4886,8.494333897270154
15,057,0001,1915,1505700011915,6767,8.81996090128606
15,057,0001,192A,150570001192A,10519,9.261033486291701
15,057,0001,1934,1505700011934,5152,8.547334348328224
15,057,0001,1949,1505700011949,4781,8.47261414801827
15,057,0001,1953,1505700011953,3871,8.261526448396468
15,057,0001,1968,1505700011968,5513,8.615045591583742
15,057,0001,1972,1505700011972,4084,8.315077007294104
15,057,0001,1987,1505700011987,4681,8.451480648050856
15,057,0001,1991,1505700011991,5380,8.59062950948942
15,057,0001,2006,1505700012006,4154,8.332067707289548
15,057,0001,2010,1505700012010,6942,8.845489236753274
15,057,0001,2025,1505700012025,4990,8.515391569469609
15,057,0001,203A,150570001203A,5194,8.555451903533328
15,057,0001,2044,1505700012044,4808,8.478244441277663
15,057,0001,2059,1505700012059,2413,7.789040401657477
15,057,0001,2063,1505700012063,2883,7.96693349840484
15,057,0001,2078,1505700012078,3738,8.226573474977114
15,057,0001,2082,1505700012082,3519,8.166216268592143
15,057,0001,2097,1505700012097,3036,8.01862546504575
15,057,0001,210A,150570001210A,3290,8.098946748943339
15,057,0001,2114,1505700012114,5721,8.652073673610056
15,057,0001,2129,1505700012129,4903,8.497806477616047
15,057,0001,2133,1505700012133,3166,8.06054004653864
15,057,0001,2148,1505700012148,6131,8.721276239991704
15,057,0001,2152,1505700012152,5054,8.528133131454572
15,057,0001,2167,1505700012167,3477,8.154212694914229
15,057,0001,2171,1505700012171,3210,8.074337694089515
15,057,0001,2186,1505700012186,3405,8.133293861222633
15,057,0001,2190,1505700012190,5432,8.600246746551523
15,057,0001,2203,1505700012203,8002,8.987571750367046
15,057,0001,2218,1505700012218,6801,8.82497196556714
15,057,0001,2222,1505700012222,5179,8.55256033525353
15,057,0001,2237,1505700012237,3370,8.12296471523406
15,057,0001,2241,1505700012241,3271,8.093156697722637
15,057,0001,2256,1505700012256,5123,8.541690663016626
15,057,0001,2260,1505700012260,5955,8.6921543938039
15,057,0001,2275,1505700012275,1800,7.496097345175956
15,057,0001,228A,150570001228A,3562,8.178358165605836
15,057,0001,2294,1505700012294,3668,8.207674424355282
15,057,0001,2307,1505700012307,3438,8.142936010432265
15,057,0001,2311,1505700012311,4271,8.35983738064003
15,057,0001,2326,1505700012326,6913,8.84130362048157
15,057,0001,2330,1505700012330,5726,8.652947112393857
15,057,0001,2345,1505700012345,3857,8.257904193465674
15,057,0001,235A,150570001235A,4670,8.449128460502108
15,057,0001,2364,1505700012364,3470,8.152198015861787
15,057,0001,2379,1505700012379,4014,8.297792626380861
15,057,0001,2383,1505700012383,4872,8.491465042843506
15,057,0001,2398,1505700012398,2542,7.841099765422119
15,057,0001,2400,1505700012400,2307,7.744136627627991
15,057,0001,2415,1505700012415,6366,8.758883680017025
15,057,0001,2434,1505700012434,1118,7.020190708311925
15,057,0001,2449,1505700012449,1471,7.294377299288821
15,057,0001,2453,1505700012453,949,6.856461984594587
15,057,0001,2468,1505700012468,2097,7.6487397889562425
15,057,0001,2472,1505700012472,1235,7.119635638017636
15,057,0001,2487,1505700012487,938,6.844815479208263
15,057,0001,2491,1505700012491,1003,6.911747300251674
15,057,0001,2504,1505700012504,3471,8.15248607578024
15,057,0001,2519,1505700012519,0,0.0
15,057,0001,2523,1505700012523,1306,7.175489713624222
15,057,0001,2538,1505700012538,1798,7.4949862339505335
15,057,0001,2542,1505700012542,1933,7.56734567601324
15,057,0001,2557,1505700012557,2680,7.893945138235959
15,057,0001,2561,1505700012561,2329,7.753623546559746
15,057,0001,2576,1505700012576,3681,8.211211361793023
15,057,0001,2580,1505700012580,518,6.251903883165888
15,057,0001,2595,1505700012595,1990,7.596392304064196
15,057,0001,2608,1505700012608,393,5.976350909297934
15,057,0001,2612,1505700012612,114,4.74493212836325
15,057,0001,2650,1505700012650,215,5.375278407684165
15,057,0001,2665,1505700012665,4454,8.40178233990491
15,057,0001,267A,150570001267A,5007,8.518791912779934
15,057,0001,2684,1505700012684,710,6.566672429803241
15,057,0001,2701,1505700012701,346,5.849324779946859
15,057,0088,2631,1505700882631,3691,8.213923595622743
15,057,0088,2646,1505700882646,5262,8.56845648535378
15,057,0098,2627,1505700982627,3864,8.259716961021523
15,057,0267,2699,1505702672699,4349,8.37793112408273
15,058,0001,0030,1505800010030,5374,8.589513852995864
15,058,0001,0079,1505800010079,3736,8.226038429485484
15,058,0001,0083,1505800010083,2920,7.979681302387741
15,058,0001,0098,1505800010098,5336,8.582418976333944
15,058,0001,0100,1505800010100,4508,8.413830678421084
15,058,0001,0115,1505800010115,4700,8.45553053102413
15,058,0001,012A,150580001012A,3991,8.292047637431354
15,058,0001,0134,1505800010134,6889,8.837826364007704
15,058,0001,0149,1505800010149,6716,8.812396905266864
15,058,0001,0153,1505800010153,7654,8.943114308091785
15,058,0001,0168,1505800010168,8055,8.994172434398399
15,058,0001,0172,1505800010172,3418,8.137103389639302
15,058,0001,0187,1505800010187,3506,8.162516250140179
15,058,0001,0191,1505800010191,8840,9.087155271405804
15,058,0001,0204,1505800010204,5100,8.537191877922927
15,058,0001,0219,1505800010219,4785,8.47345026846832
15,058,0001,0223,1505800010223,4045,8.305484017727691
15,058,0001,0238,1505800010238,5341,8.583355393669907
15,058,0001,0261,1505800010261,7341,8.90136656405678
15,058,0001,0276,1505800010276,7236,8.886962034866128
15,058,0001,0280,1505800010280,5052,8.527737405291909
15,058,0001,0295,1505800010295,5593,8.629449873761905
15,058,0001,0308,1505800010308,5028,8.522976436171964
15,058,0001,0312,1505800010312,5638,8.637462023807181
15,058,0001,0327,1505800010327,6637,8.80056599227992
15,058,0001,0331,1505800010331,7165,8.8771028978649
15,058,0001,0346,1505800010346,5919,8.68609172787805
15,058,0001,0350,1505800010350,5625,8.635153989049803
15,058,0001,0365,1505800010365,5627,8.63550941823428
15,058,0001,037A,150580001037A,4488,8.409385238781931
15,058,0001,0384,1505800010384,5971,8.69483715865908
15,058,0001,0399,1505800010399,5259,8.567886305731756
15,058,0001,0401,1505800010401,6095,8.715388097366482
15,058,0001,0416,1505800010416,5092,8.535622326884605
15,058,0001,0420,1505800010420,4176,8.337348564497175
15,058,0001,0435,1505800010435,5280,8.571870752706934
15,058,0001,044A,150580001044A,8200,9.012011377036412
15,058,0001,0454,1505800010454,9191,9.126088819528592
15,058,0001,0469,1505800010469,9319,9.139917907679637
15,058,0001,0473,1505800010473,10177,9.227983807148778
15,058,0001,0488,1505800010488,7861,8.969796305981806
15,058,0001,0492,1505800010492,6229,8.737131611781498
15,058,0001,0505,1505800010505,6070,8.711278615130434
15,058,0001,051A,150580001051A,8211,9.013351778138825
15,058,0001,0524,1505800010524,9883,9.1986725671085
15,058,0001,0539,1505800010539,8318,9.026297334283887
15,058,0001,0543,1505800010543,7213,8.883778861463485
15,058,0001,0558,1505800010558,5446,8.602820277383675
15,058,0001,0562,1505800010562,8426,9.039196115772354
15,058,0001,0577,1505800010577,6086,8.713910628493924
15,058,0001,0581,1505800010581,6283,8.745761999375512
15,058,0001,0596,1505800010596,7505,8.923457979694966
15,058,0001,0609,1505800010609,7283,8.8934354408475
15,058,0001,0613,1505800010613,8854,9.088737550216933
15,058,0001,0628,1505800010628,9472,9.156200925875535
15,058,0001,0632,1505800010632,9142,9.120743838164426
15,058,0001,0647,1505800010647,6654,8.803123730829212
15,058,0001,0651,1505800010651,6356,8.757311846936409
15,058,0001,0666,1505800010666,6707,8.8110561229431
15,058,0001,0670,1505800010670,5283,8.572438665642215
15,058,0001,0685,1505800010685,5859,8.675904882571059
15,058,0001,069A,150580001069A,8061,8.994916943677111
15,058,0001,0702,1505800010702,9416,9.150271845510064
15,058,0001,0717,1505800010717,9785,9.188708071849069
15,058,0001,0721,1505800010721,8249,9.017968479328726
15,058,0001,0736,1505800010736,8036,8.991811158212718
15,058,0001,0740,1505800010740,6915,8.84159284680318
15,058,0001,0755,1505800010755,8255,9.018695487721343
15,058,0001,076A,150580001076A,11125,9.317039990635239
15,058,0001,0774,1505800010774,7618,8.93840040647301
15,058,0001,0789,1505800010789,7347,8.902183446335016
15,058,0001,0793,1505800010793,6185,8.730043953245016
15,058,0001,0806,1505800010806,7617,8.938269147038548
15,058,0001,0810,1505800010810,7721,8.951828676824181
15,058,0001,0825,1505800010825,7760,8.95686647085414
15,058,0001,083A,150580001083A,10245,9.234642664499148
15,058,0001,0844,1505800010844,8326,9.02725852623582
15,058,0001,0859,1505800010859,9748,9.184919994629272
15,058,0001,0863,1505800010863,7080,8.865170419651774
15,058,0001,0878,1505800010878,4472,8.405814603432848
15,058,0001,0882,1505800010882,5952,8.69165057315339
15,058,0001,0897,1505800010897,7254,8.889446165318288
15,058,0001,090A,150580001090A,7979,8.984693690443855
15,058,0001,0914,1505800010914,5851,8.674538762140015
15,058,0001,0929,1505800010929,7931,8.978660489639687
15,058,0001,0933,1505800010933,5458,8.605020901781758
15,058,0001,0948,1505800010948,6771,8.820551743253025
15,058,0001,0952,1505800010952,7026,8.857515151192198
15,058,0001,0967,1505800010967,6885,8.83724564389847
15,058,0001,0971,1505800010971,8611,9.060911858484253
15,058,0001,0986,1505800010986,8037,8.991935575009146
15,058,0001,0990,1505800010990,6693,8.808966881771273
15,058,0001,1005,1505800011005,4595,8.432941638968646
15,058,0001,101A,150580001101A,4125,8.325063693631197
15,058,0001,1024,1505800011024,5361,8.587092318795905
15,058,0001,1039,1505800011039,4672,8.449556542700426
15,058,0001,1043,1505800011043,4622,8.438799123988225
15,058,0001,1058,1505800011058,4621,8.438582790834326
15,058,0001,1062,1505800011062,5209,8.558335134747413
15,058,0001,1077,1505800011077,5948,8.690978417187905
15,058,0001,1081,1505800011081,4616,8.43750042250699
15,058,0001,1096,1505800011096,5233,8.562931083090092
15,058,0001,1109,1505800011109,5292,8.574140471857987
15,058,0001,1113,1505800011113,5525,8.617219505483362
15,058,0001,1128,1505800011128,5138,8.54461378699223
15,058,0001,1132,1505800011132,7037,8.85907931788153
15,058,0001,1147,1505800011147,3333,8.111928063310739
15,058,0001,1151,1505800011151,9535,9.16282938930513
15,058,0001,1166,1505800011166,8373,9.032886946579088
15,058,0001,1170,1505800011170,5318,8.579040594742317
15,058,0001,1185,1505800011185,6396,8.763584409450138
15,058,0001,119A,150580001119A,5351,8.585225601808064
15,058,0001,1202,1505800011202,6986,8.85180655855245
15,058,0001,1217,1505800011217,6362,8.758255243232792
15,058,0001,1221,1505800011221,7082,8.865452825753623
15,058,0001,1236,1505800011236,7859,8.969541885423252
15,058,0001,1240,1505800011240,7779,8.959311617172437
15,058,0001,1255,1505800011255,9292,9.13701670755734
15,058,0001,126A,150580001126A,7360,8.903951072058707
15,058,0001,1274,1505800011274,8321,9.026657889542886
15,058,0001,1289,1505800011289,8230,9.015662792972645
15,058,0001,1293,1505800011293,5617,8.633731007664188
15,058,0001,1306,1505800011306,6828,8.82893352896109
15,058,0001,1310,1505800011310,4772,8.470730317005897
15,058,0001,1325,1505800011325,4269,8.35936910622267
15,058,0001,133A,150580001133A,9258,9.133351330448047
15,058,0001,1344,1505800011344,8182,9.009814110527381
15,058,0001,1359,1505800011359,6191,8.731013415269564
15,058,0001,1363,1505800011363,5982,8.696677393390031
15,058,0001,1378,1505800011378,7802,8.962263554116761
15,058,0001,1382,1505800011382,6543,8.786303878282583
15,058,0001,1397,1505800011397,6679,8.806873266530692
15,058,0001,140A,150580001140A,6807,8.82585367025321
15,058,0001,1414,1505800011414,6291,8.747034264178168
15,058,0001,1429,1505800011429,6044,8.706986763048892
15,058,0001,1433,1505800011433,6440,8.77043908654689
15,058,0001,1448,1505800011448,4354,8.379079889286603
15,058,0001,1452,1505800011452,6552,8.787678239039497
15,058,0001,1467,1505800011467,5502,8.613048677059759
15,058,0001,1471,1505800011471,10152,9.225524507301223
15,058,0001,1486,1505800011486,7278,8.892748769118258
15,058,0001,1518,1505800011518,5004,8.518192691749322
15,058,0001,1537,1505800011537,8812,9.08398318309966
15,058,0001,1541,1505800011541,7827,8.965462328515967
15,058,0001,1556,1505800011556,7016,8.85609105525229
15,058,0001,1560,1505800011560,2476,7.814803429489359
15,058,0001,158A,150580001158A,9412,9.14984699154722
15,058,0001,1594,1505800011594,5374,8.589513852995864
15,058,0001,1611,1505800011611,8292,9.023167064451204
15,058,0001,1630,1505800011630,550,6.311734809152915
15,058,0001,1857,1505800011857,5861,8.676246121270838
15,058,0001,1861,1505800011861,2851,7.955775781534187
15,058,0001,1876,1505800011876,4245,8.353732642263202
15,058,0001,1880,1505800011880,4000,8.294299608857235
15,058,0001,1895,1505800011895,3772,8.235625719964311
15,058,0001,1908,1505800011908,3830,8.25088114470065
15,058,0001,1931,1505800011931,3232,8.081165777725433
15,058,0001,1946,1505800011946,2608,7.866722285136729
15,058,0001,1950,1505800011950,7014,8.855805992536562
15,058,0001,1965,1505800011965,13647,9.52134826973146
15,058,0001,197A,150580001197A,3977,8.288534459413917
15,058,0001,1984,1505800011984,2701,7.9017475185201445
15,058,0001,1999,1505800011999,3972,8.287276755814599
15,058,0001,2003,1505800012003,2821,7.945201132412759
15,058,0001,2018,1505800012018,2618,7.870547844507712
15,058,0001,2022,1505800012022,2518,7.831617276352611
15,058,0001,2037,1505800012037,1758,7.472500744737558
15,058,0001,2041,1505800012041,6,1.9459101490553132
15,058,0001,2056,1505800012056,4825,8.481773246184977
15,058,0001,2060,1505800012060,4681,8.451480648050856
15,058,0001,2075,1505800012075,2807,7.940227765145702
15,058,0001,208A,150580001208A,4370,8.382747094863314
15,058,0001,2094,1505800012094,3307,8.104099056143582
15,058,0001,2107,1505800012107,4318,8.3707791729607
15,058,0001,2111,1505800012111,4021,8.299534570332597
15,058,0001,2126,1505800012126,3940,8.279189777195004
15,058,0001,2130,1505800012130,3942,8.279697133877628
15,058,0001,2145,1505800012145,4493,8.410498452745275
15,059,0001,0038,1505900010038,3819,8.24800570160062
15,059,0001,0042,1505900010042,3266,8.09162741160107
15,059,0001,0057,1505900010057,1941,7.571473648851271
15,059,0001,0080,1505900010080,2243,7.716015266642587
15,059,0001,0108,1505900010108,1436,7.270312886079025
15,059,0001,0112,1505900010112,1713,7.446585099157725
15,059,0001,0127,1505900010127,366,5.905361848054571
15,059,0001,0146,1505900010146,87,4.477336814478207
15,059,0017,0150,1505900170150,1910,7.555381944240273
15,059,0017,0165,1505900170165,1771,7.4798641311650265
15,059,0058,017A,150590058017A,2929,7.982757702011113
15,059,0058,0184,1505900580184,2084,7.642524134232902
15,060,0001,0132,1506000010132,11277,9.330609204367127
15,060,0001,0170,1506000010170,6589,8.793308627496552
15,060,0001,019A,150600001019A,5526,8.617400451833262
15,060,0001,0240,1506000010240,6290,8.74687531957003
15,060,0001,026A,150600001026A,9558,9.165238398063762
15,060,0001,0293,1506000010293,6101,8.716371865276615
15,060,0001,0359,1506000010359,12363,9.422544303252007
15,060,0001,0378,1506000010378,6045,8.707152175339404
15,060,0001,040A,150600001040A,2754,7.9211727215870145
15,060,0001,0448,1506000010448,6916,8.841737428600585
15,060,0001,0537,1506000010537,3338,8.113426639943654
15,060,0001,0541,1506000010541,6052,8.708309295891688
15,060,0001,0556,1506000010556,5992,8.698347400458186
15,060,0001,0560,1506000010560,3197,8.0702808933939
15,060,0001,0575,1506000010575,4486,8.408939605975984
15,060,0001,058A,150600001058A,5103,8.537779825024625
15,060,0001,0594,1506000010594,3081,8.033334015880062
15,060,0001,0607,1506000010607,3002,8.00736706798333
15,060,0001,0611,1506000010611,8044,8.992806059426483
15,060,0001,0626,1506000010626,5609,8.632305998516742
15,060,0001,0645,1506000010645,4642,8.443115988019922
15,060,0001,0700,1506000010700,7312,8.89740886527095
15,060,0001,0715,1506000010715,6062,8.70996000607173
15,060,0001,072A,150600001072A,3657,8.204671828950811
15,060,0001,0734,1506000010734,4419,8.393894975071744
15,060,0001,0749,1506000010749,4540,8.420902531097951
15,060,0001,0753,1506000010753,5039,8.525161361065415
15,060,0001,0768,1506000010768,6068,8.710949125835855
15,060,0001,0772,1506000010772,7285,8.89370997756851
15,060,0001,0787,1506000010787,6145,8.72355674269043
15,060,0001,0804,1506000010804,4878,8.492695559815838
15,060,0001,0819,1506000010819,4951,8.507546814364431
15,060,0001,0823,1506000010823,5801,8.665957964681349
15,060,0001,0838,1506000010838,5039,8.525161361065415
15,060,0001,0842,1506000010842,4173,8.336630087637147
15,060,0001,0857,1506000010857,844,6.739336627357174
15,060,0001,0876,1506000010876,935,6.841615476477592
15,060,0001,0880,1506000010880,133,4.897839799950911
15,060,0001,0908,1506000010908,6106,8.717190933223135
15,060,0001,0912,1506000010912,1446,7.277247726631484
15,060,0001,0931,1506000010931,2077,7.639161171659173
15,060,0001,1003,1506000011003,3889,8.266164436612492
15,060,0001,1018,1506000011018,2939,7.986164860332727
15,060,0001,1022,1506000011022,5710,8.650149418664864
15,060,0001,1037,1506000011037,3246,8.085486772102845
15,060,0001,1041,1506000011041,5570,8.625329850020815
15,060,0001,1056,1506000011056,8875,9.091106284052485
15,060,0001,1060,1506000011060,7428,8.913146539151807
15,060,0001,1075,1506000011075,4134,8.327242607457793
15,060,0001,108A,150600001108A,6073,8.711772645605693
15,060,0001,1094,1506000011094,3358,8.119398589612294
15,060,0001,1107,1506000011107,3313,8.105911197986508
15,060,0001,1111,1506000011111,1712,7.44600149832412
15,060,0001,1126,1506000011126,2179,7.687080155783135
15,060,0001,1130,1506000011130,2610,7.8674885686991285
15,060,0001,1145,1506000011145,421,6.045005314036012
15,060,0001,115A,150600001115A,3686,8.212568398234145
15,060,0001,1179,1506000011179,1221,7.108244139731541
15,060,0001,1215,1506000011215,551,6.313548046277095
15,060,0001,122A,150600001122A,566,6.340359303727752
15,060,0001,1234,1506000011234,1443,7.275172319452771
15,060,0003,0414,1506000030414,2716,7.907283609426348
15,060,0003,0518,1506000030518,2340,7.75833346749091
15,060,0003,1249,1506000031249,739,6.606650186198215
15,060,0004,0081,1506000040081,5221,8.560635749259074
15,060,0004,1268,1506000041268,58,4.07753744390572
15,060,0016,0679,1506000160679,6973,8.849944227235596
15,060,0016,0683,1506000160683,2441,7.80057265467065
15,060,0016,0698,1506000160698,1312,7.180069874302796
15,060,0016,1253,1506000161253,563,6.335054251498059
15,060,0018,0382,1506000180382,4834,8.483636407887394
15,060,0018,1287,1506000181287,128,4.859812404361672
15,060,0020,0984,1506000200984,1863,7.530479995245536
15,060,0020,0999,1506000200999,3341,8.114324709155339
15,060,0025,0429,1506000250429,4002,8.294799358992574
15,060,0082,0946,1506000820946,666,6.502790045915623
15,060,0082,0950,1506000820950,5906,8.683893367307235
15,060,0082,0965,1506000820965,1660,7.415175109613295
15,060,0082,097A,150600082097A,748,6.618738983517219
15,060,0082,1164,1506000821164,1121,7.022868086082641
15,060,0082,1183,1506000821183,1000,6.90875477931522
15,060,0082,1198,1506000821198,326,5.7899601708972535
15,060,0082,1200,1506000821200,1548,7.3453648404168685
15,060,0082,1272,1506000821272,46,3.8501476017100584
15,061,0001,0021,1506100010021,909,6.813444599510896
15,061,0001,0036,1506100010036,724,6.586171654854675
15,061,0001,006A,150610001006A,4,1.6094379124341003
15,061,0001,0074,1506100010074,396,5.983936280687191
15,061,0001,0089,1506100010089,117,4.770684624465665
15,061,0001,0093,1506100010093,556,6.322565239927284
15,061,0001,0106,1506100010106,734,6.5998704992128365
15,061,0001,0110,1506100010110,4,1.6094379124341003
15,061,0001,0125,1506100010125,23,3.1780538303479458
15,061,0004,0144,1506100040144,739,6.606650186198215
15,061,0004,0159,1506100040159,1255,7.135687347028144
15,061,0004,0163,1506100040163,893,6.795705775173514
15,061,0004,0178,1506100040178,879,6.779921907472252
15,061,0004,0182,1506100040182,113,4.736198448394496
15,061,0004,0197,1506100040197,32,3.4965075614664802
15,061,0004,020A,150610004020A,58,4.07753744390572
15,061,0004,0214,1506100040214,5,1.791759469228055
15,062,0001,0118,1506200010118,1158,7.055312843339752
15,062,0001,0175,1506200010175,5120,8.54110501146255
15,062,0001,018A,150620001018A,2751,7.920083199053234
15,062,0001,0194,1506200010194,3771,8.235360643753348
15,062,0001,0207,1506200010207,4050,8.30671904320269
15,062,0001,0211,1506200010211,2742,7.916807490937603
15,062,0001,0226,1506200010226,2685,7.895808377083183
15,062,0001,0230,1506200010230,2667,7.889084407035514
15,062,0001,0245,1506200010245,450,6.111467339502679
15,062,0001,0264,1506200010264,477,6.169610732491456
15,062,0001,0298,1506200010298,144,4.976733742420574
15,062,0014,025A,150620014025A,4534,8.419580362549237
15,062,0020,0048,1506200200048,4461,8.403352374992478
15,062,0020,0122,1506200200122,64,4.174387269895637
15,062,0020,0137,1506200200137,176,5.176149732573829
15,062,0020,0279,1506200200279,126,4.844187086458591
15,062,0022,0067,1506200220067,3593,8.187021067343505
15,062,0022,0141,1506200220141,349,5.857933154483459
15,062,0022,0160,1506200220160,192,5.262690188904886
15,062,0022,0283,1506200220283,154,5.043425116919247
15,062,0023,0033,1506200230033,8941,9.098514556793926
15,063,0001,0064,1506300010064,1954,7.578145472419466
15,063,0025,0134,1506300250134,2872,7.96311205897929
15,064,0001,0095,1506400010095,1877,7.537962659768208
15,064,0001,0108,1506400010108,1951,7.5766097669730375
15,064,0001,0112,1506400010112,87,4.477336814478207
15,064,0001,0127,1506400010127,956,6.863803391452954
15,064,0001,0131,1506400010131,863,6.761572768804055
15,064,0001,0146,1506400010146,0,0.0
15,064,0001,0150,1506400010150,42,3.7612001156935624
15,065,0001,0035,1506500010035,2516,7.830822995135316
15,065,0001,0105,1506500010105,3334,8.112227958349724
15,065,0001,011A,150650001011A,2226,7.708410667257367
15,065,0001,0143,1506500010143,861,6.759255270663693
15,065,0001,0158,1506500010158,729,6.593044534142437
15,065,0001,0270,1506500010270,98,4.59511985013459
15,065,0001,0302,1506500010302,333,5.811140992976701
15,065,0007,0209,1506500070209,1319,7.1853870155804165
15,065,0007,0213,1506500070213,795,6.679599185844383
15,065,0007,0228,1506500070228,1282,7.1569563646156364
15,065,0007,0232,1506500070232,26,3.295836866004329
15,065,0007,0247,1506500070247,6,1.9459101490553132
15,065,0011,0251,1506500110251,1287,7.160845906664299
15,065,0011,0266,1506500110266,1595,7.3752557780097545
15,065,0011,0285,1506500110285,2,1.0986122886681098
15,065,0011,029A,150650011029A,197,5.288267030694535
15,065,0019,0162,1506500190162,2627,7.873978379604501
15,065,0019,0177,1506500190177,1775,7.4821189235521155
15,066,0001,0032,1506600010032,1742,7.463363045520021
15,067,0001,0190,1506700010190,5732,8.653994232908383
15,067,0001,0203,1506700010203,5509,8.61431990214696
15,067,0005,0218,1506700050218,3770,8.235095497258357
15,067,0005,0222,1506700050222,408,6.013715156042802
15,067,0012,0186,1506700120186,2786,7.932721027481948
15,067,0013,0260,1506700130260,4381,8.385260520155413
15,067,0014,0148,1506700140148,6548,8.787067645218054
15,067,0014,028A,150670014028A,77,4.356708826689592
15,067,0015,0275,1506700150275,4352,8.378620541552298
15,067,0050,0237,1506700500237,1384,7.233455418621439
15,067,0050,0241,1506700500241,733,6.598509028614515
15,067,0050,0256,1506700500256,3533,8.170185652879642
15,068,0001,0022,1506800010022,5369,8.58858318750291
15,068,0001,008A,150680001008A,648,6.47543271670409
15,068,0001,0111,1506800010111,1131,7.0317412587631285
15,068,0001,0130,1506800010130,2591,7.860185057472165
15,068,0001,0145,1506800010145,2449,7.803843303538772
15,068,0001,015A,150680001015A,2312,7.746300662231439
15,068,0001,0164,1506800010164,2200,7.696667081526462
15,068,0007,0183,1506800070183,2897,7.971776122880628
15,069,0001,002A,150690001002A,2626,7.87359778968554
15,069,0001,0049,1506900010049,1337,7.198931240688173
15,069,0001,0068,1506900010068,113,4.736198448394496
15,070,0001,0020,1507000010020,4250,8.35490952835879
15,070,0001,0035,1507000010035,3399,8.131530710604252
15,070,0001,004A,150700001004A,4248,8.354438940114811
15,070,0001,0105,1507000010105,5701,8.648572269472618
15,070,0001,011A,150700001011A,7227,8.885717651712119
15,070,0001,0143,1507000010143,6076,8.712266432135355
15,070,0001,0158,1507000010158,7099,8.867850063029406
15,070,0001,0181,1507000010181,3286,8.097730573664219
15,070,0001,0209,1507000010209,2717,7.907651594711089
15,070,0001,0393,1507000010393,3889,8.266164436612492
15,070,0001,0406,1507000010406,4123,8.32457884513685
15,070,0001,0410,1507000010410,3113,8.043663352393944
15,070,0001,0425,1507000010425,3834,8.251924713801357
15,070,0001,043A,150700001043A,2902,7.97349996402463
15,070,0001,0463,1507000010463,6165,8.726805608446096
15,070,0001,0478,1507000010478,3814,8.246695943718557
15,070,0001,0482,1507000010482,1683,7.428927194802272
15,070,0001,0586,1507000010586,2399,7.783224016336037
15,070,0001,0590,1507000010590,2938,7.985824666418917
15,070,0001,0656,1507000010656,60,4.110873864173311
15,070,0001,068A,150700001068A,3577,8.182559264068665
15,070,0001,0694,1507000010694,2859,7.958576903813898
15,070,0005,0904,1507000050904,1641,7.403670290012373
15,070,0005,0919,1507000050919,6130,8.721113147762688
15,070,0005,0923,1507000050923,4758,8.46779284112111
15,070,0005,0938,1507000050938,5747,8.656607247198915
15,070,0005,0942,1507000050942,4202,8.343553835005117
15,070,0005,0957,1507000050957,3951,8.281977058867758
15,070,0008,0961,1507000080961,5252,8.566554620953962
15,070,0008,0976,1507000080976,7699,8.948975607841776
15,070,0009,0980,1507000090980,3481,8.155362120328135
15,070,0009,0995,1507000090995,3299,8.101677747454572
15,070,0013,100A,150700013100A,6893,8.83840674707681
15,070,0013,1014,1507000131014,6182,8.729558869558568
15,070,0013,1029,1507000131029,2889,7.969011781106478
15,070,0013,1033,1507000131033,1151,7.049254841255837
15,070,0013,1048,1507000131048,3085,8.034631032923107
15,070,0013,1052,1507000131052,2476,7.814803429489359
15,070,0013,1067,1507000131067,2633,7.876258882303226
15,070,0017,1071,1507000171071,3819,8.24800570160062
15,070,0017,1086,1507000171086,3498,8.160232492367689
15,070,0017,1090,1507000171090,3099,8.039157390473237
15,070,0019,1103,1507000191103,2753,7.9208096792886
15,070,0019,1118,1507000191118,5579,8.626944055375356
15,070,0036,1122,1507000361122,6700,8.81001204797317
15,070,0037,1137,1507000371137,2803,7.938802248154481
15,070,0038,1141,1507000381141,3037,8.018954683155718
15,070,0038,1156,1507000381156,1404,7.247792581767846
15,070,0038,1160,1507000381160,970,6.878326468291325
15,070,0038,1175,1507000381175,2734,7.913886714856082
15,070,0038,118A,150700038118A,1641,7.403670290012373
15,070,0038,1194,1507000381194,1001,6.90975328164481
15,070,0038,1207,1507000381207,750,6.621405651764134
15,070,0038,1211,1507000381211,382,5.948034989180646
15,070,0038,1226,1507000381226,453,6.118097198041348
15,070,0039,1230,1507000391230,2992,8.0040315078527
15,070,0039,1245,1507000391245,2712,7.905810312658931
15,070,0040,125A,150700040125A,2981,8.000349495324684
15,070,0040,1264,1507000401264,1811,7.502186486602924
15,070,0040,1279,1507000401279,2232,7.711101251840158
15,070,0040,1283,1507000401283,2495,7.822444729489319
15,070,0040,1298,1507000401298,1776,7.482681828154651
15,070,0040,1300,1507000401300,923,6.828712071641684
15,070,0040,1315,1507000401315,2171,7.683403681053826
15,070,0040,132A,150700040132A,2030,7.616283561580385
15,070,0040,1334,1507000401334,1315,7.182352111885263
15,070,0040,1349,1507000401349,2897,7.971776122880628
15,070,0040,1353,1507000401353,2997,8.005700678662542
15,070,0040,1368,1507000401368,2174,7.684783943522785
15,070,0040,1372,1507000401372,1867,7.532623618788788
15,070,0040,1387,1507000401387,2794,7.9355873855892
15,070,0040,1391,1507000401391,3274,8.094073148069352
15,070,0041,1404,1507000411404,2434,7.79770203551669
15,070,0041,1419,1507000411419,1181,7.074963197966044
15,070,0041,1423,1507000411423,2504,7.826044013518965
15,070,0041,1438,1507000411438,2084,7.642524134232902
15,070,0042,1442,1507000421442,1994,7.598399329323964
15,070,0043,1457,1507000431457,2503,7.825644732219989
15,070,0043,1461,1507000431461,2303,7.742402021815782
15,071,0001,0047,1507100010047,1917,7.559038255443384
15,071,0001,0085,1507100010085,262,5.572154032177765
15,071,0001,009A,150710001009A,396,5.983936280687191
15,071,0001,0102,1507100010102,306,5.726847747587197
15,072,0001,0059,1507200010059,3946,8.280711075662847
15,072,0001,0063,1507200010063,4180,8.338305731356565
15,072,0001,0078,1507200010078,153,5.0369526024136295
15,072,0001,0082,1507200010082,138,4.9344739331306915
15,072,0001,0097,1507200010097,60,4.110873864173311
15,072,0001,010A,150720001010A,113,4.736198448394496
15,073,0001,0041,1507300010041,2804,7.9391588179567965
15,073,0001,0056,1507300010056,4125,8.325063693631197
15,073,0001,0060,1507300010060,5261,8.568266461600238
15,073,0001,0075,1507300010075,271,5.605802066295998
15,073,0001,008A,150730001008A,64,4.174387269895637
15,073,0002,0094,1507300020094,2641,7.879291485082271
15,073,0002,0107,1507300020107,3611,8.192016914536875
15,073,0002,0111,1507300020111,2119,7.659171367666058
15,074,0001,0142,1507400010142,1884,7.541683099882111
15,074,0001,0299,1507400010299,287,5.662960480135946
15,074,0001,0301,1507400010301,686,6.532334292222349
15,074,0001,0316,1507400010316,137,4.927253685157205
15,074,0001,0320,1507400010320,503,6.222576268071369
15,074,0001,0388,1507400010388,415,6.030685260261263
15,074,0001,0477,1507400010477,262,5.572154032177765
15,074,0001,0481,1507400010481,176,5.176149732573829
15,074,0008,041A,150740008041A,4101,8.319229938632326
15,074,0027,0424,1507400270424,3374,8.12415060330663
15,074,0029,034A,150740029034A,1513,7.322510433997394
15,074,0029,0373,1507400290373,2224,7.707512194600341
15,074,0045,0443,1507400450443,3549,8.174702882469461
15,074,0074,0458,1507400740458,1993,7.597897950521784
15,074,0074,0462,1507400740462,2831,7.94873845481361
15,074,0074,0496,1507400740496,96,4.574710978503383
15,074,0092,0335,1507400920335,2667,7.889084407035514
15,074,0093,0392,1507400930392,3043,8.020927718981577
15,074,0097,0369,1507400970369,5414,8.596928159435091
15,074,0098,0265,1507400980265,5905,8.683724062303869
15,074,0104,0284,1507401040284,4925,8.502282578680484
15,074,0240,0439,1507402400439,1429,7.265429723253953
15,075,0001,0046,1507500010046,1729,7.455876687491824
15,075,0001,0050,1507500010050,2044,7.623153068476902
15,075,0001,0135,1507500010135,3673,8.20903626577507
15,075,0001,014A,150750001014A,2837,7.950854857719988
15,075,0001,0154,1507500010154,2066,7.633853559681768
15,075,0001,0169,1507500010169,463,6.139884552226255
15,076,0001,0058,1507600010058,9637,9.173468897200278
15,076,0001,0062,1507600010062,7605,8.936692688488204
15,076,0001,0077,1507600010077,4794,8.475328987317539
15,076,0001,0096,1507600010096,3175,8.063377822367027
15,076,0001,0109,1507600010109,3993,8.29254851397576
15,076,0001,0113,1507600010113,4753,8.46674164792014
15,076,0001,0128,1507600010128,3507,8.162801353492073
15,076,0001,0132,1507600010132,3050,8.02322468471667
15,076,0001,0147,1507600010147,4284,8.36287583103188
15,076,0001,0185,1507600010185,3891,8.266678443305896
15,076,0001,0202,1507600010202,1374,7.226209010100671
15,076,0001,0240,1507600010240,892,6.794586580876499
15,076,0001,0306,1507600010306,3162,8.059276223305648
15,076,0001,0310,1507600010310,3638,8.19946419761216
15,076,0001,0325,1507600010325,2610,7.8674885686991285
15,076,0001,0359,1507600010359,4470,8.405367376233981
15,076,0001,0363,1507600010363,2306,7.7437032581737535
15,076,0001,0378,1507600010378,559,6.327936783729195
15,076,0001,0382,1507600010382,190,5.25227342804663
15,076,0012,0397,1507600120397,4200,8.343077871169383
15,077,0001,0036,1507700010036,1022,6.930494765951626
15,078,0001,0033,1507800010033,423,6.049733455231958
15,078,0001,0048,1507800010048,343,5.840641657373398
15,079,0001,0030,1507900010030,1339,7.200424892944957
15,079,0001,0064,1507900010064,441,6.091309882077698
15,079,0001,0079,1507900010079,428,6.061456918928017
15,079,0001,0083,1507900010083,426,6.056784013228625
15,079,0001,0098,1507900010098,380,5.942799375126701
15,079,0001,0100,1507900010100,781,6.661854740545311
15,079,0001,0115,1507900010115,369,5.91350300563827
15,079,0001,012A,150790001012A,58,4.07753744390572
15,079,0001,0134,1507900010134,65,4.189654742026425
15,080,0001,0169,1508000010169,1868,7.533158807455563
15,080,0001,0173,1508000010173,1727,7.454719949364001
15,081,0001,0306,1508100010306,4229,8.349957272040324
15,081,0001,0310,1508100010310,3963,8.285008895449879
15,081,0001,0325,1508100010325,2683,7.895063498091573
15,081,0001,033A,150810001033A,2949,7.989560449333865
15,081,0001,0467,1508100010467,223,5.4116460518550396
15,081,0001,0734,1508100010734,95,4.564348191467836
15,081,0001,0749,1508100010749,555,6.320768294250582
15,081,0001,0927,1508100010927,147,4.997212273764115
15,081,0001,0931,1508100010931,84,4.442651256490317
15,081,0001,1183,1508100011183,983,6.891625897052253
15,081,0004,0522,1508100040522,2149,7.673223121121708
15,081,0004,0537,1508100040537,2426,7.794411205726601
15,081,0004,0560,1508100040560,2231,7.710653323501202
15,081,0004,0575,1508100040575,2527,7.8351837552667485
15,081,0004,058A,150810004058A,4239,8.352318548226004
15,081,0004,0594,1508100040594,2479,7.8160138391590275
15,081,0004,0607,1508100040607,3160,8.058643712215618
15,081,0004,0611,1508100040611,2699,7.90100705199242
15,081,0009,0382,1508100090382,5237,8.563695025067657
15,081,0009,0908,1508100090908,35,3.58351893845611
15,081,0009,0912,1508100090912,72,4.290459441148391
15,081,0012,0378,1508100120378,3889,8.266164436612492
15,081,0012,0626,1508100120626,4024,8.300280189852664
15,081,0012,0630,1508100120630,4866,8.490233009833455
15,081,0012,0645,1508100120645,2288,7.735870319952567
15,081,0012,065A,150810012065A,1766,7.4770384723196965
15,081,0012,0753,1508100120753,160,5.081404364984463
15,081,0012,0768,1508100120768,45,3.828641396489095
15,081,0012,0772,1508100120772,417,6.035481432524756
15,081,0012,0787,1508100120787,114,4.74493212836325
15,081,0012,0791,1508100120791,70,4.2626798770413155
15,081,0012,0946,1508100120946,94,4.553876891600541
15,081,0012,122A,150810012122A,51,3.9512437185814275
15,081,0019,0096,1508100190096,2716,7.907283609426348
15,081,0019,0109,1508100190109,4068,8.31115254800169
15,081,0019,0113,1508100190113,5013,8.519989278718239
15,081,0019,0128,1508100190128,4376,8.384118837190895
15,081,0019,0132,1508100190132,4963,8.509967146324497
15,081,0019,0170,1508100190170,3424,8.138856750696325
15,081,0019,0185,1508100190185,4196,8.34212526333359
15,081,0019,019A,150810019019A,1840,7.518064181233078
15,081,0019,0202,1508100190202,3026,8.01532730902172
15,081,0019,0217,1508100190217,1825,7.509883061154913
15,081,0019,0274,1508100190274,4085,8.315321775377567
15,081,0019,0289,1508100190289,3444,8.144679183447758
15,081,0019,0293,1508100190293,2530,7.836369760545124
15,081,0019,0429,1508100190429,3443,8.144388865547622
15,081,0019,0486,1508100190486,483,6.182084906716632
15,081,0019,0518,1508100190518,4420,8.394121193826242
15,081,0019,0541,1508100190541,7295,8.895081531754167
15,081,0019,0556,1508100190556,12135,9.403931521028369
15,081,0019,0664,1508100190664,5754,8.657824321155983
15,081,0019,0679,1508100190679,4518,8.41604600941128
15,081,0019,0683,1508100190683,3327,8.1101268019411
15,081,0019,0698,1508100190698,3204,8.07246736935477
15,081,0019,0700,1508100190700,1834,7.51479976048867
15,081,0019,0823,1508100190823,799,6.684611727667927
15,081,0019,0838,1508100190838,961,6.8690144506657065
15,081,0019,0842,1508100190842,4343,8.37655086161377
15,081,0019,0950,1508100190950,4415,8.392989587956931
15,081,0019,0965,1508100190965,1649,7.408530566894626
15,081,0019,097A,150810019097A,1255,7.135687347028144
15,081,0019,0984,1508100190984,62,4.143134726391533
15,081,0019,0999,1508100190999,8544,9.053101595549691
15,081,0019,1003,1508100191003,8842,9.087381464575735
15,081,0019,1018,1508100191018,9355,9.143773127704069
15,081,0019,1022,1508100191022,10743,9.282102738203074
15,081,0019,1037,1508100191037,8574,9.056606272034141
15,081,0019,1041,1508100191041,10757,9.283404942833188
15,081,0019,1056,1508100191056,6160,8.725994381014571
15,081,0019,1060,1508100191060,3575,8.182000136293405
15,081,0019,1075,1508100191075,5869,8.677609912822142
15,081,0019,108A,150810019108A,3575,8.182000136293405
15,081,0019,1107,1508100191107,11257,9.328834266023971
15,081,0019,1111,1508100191111,8660,9.066585468331045
15,081,0019,1126,1508100191126,8564,9.05543941075822
15,081,0019,1130,1508100191130,20183,9.912645490320894
15,081,0019,1145,1508100191145,4732,8.462314529906248
15,081,0019,115A,150810019115A,1235,7.119635638017636
15,081,0019,1164,1508100191164,5672,8.643473357326567
15,081,0019,1179,1508100191179,46,3.8501476017100584
15,081,0019,1234,1508100191234,315,5.755742213586912
15,081,0019,1249,1508100191249,171,5.147494476813453
15,081,0019,1253,1508100191253,40,3.713572066704308
15,081,0025,0147,1508100250147,1793,7.492203042618741
15,081,0025,0151,1508100250151,3551,8.17526610411206
15,081,0025,0166,1508100250166,3718,8.22121009392507
15,081,0025,0240,1508100250240,4790,8.474494436883122
15,081,0025,0255,1508100250255,5113,8.539737155851132
15,081,0025,026A,150810025026A,5229,8.56216655705897
15,081,0025,0433,1508100250433,853,6.74993119378857
15,081,0025,0448,1508100250448,855,6.752270376141742
15,081,0025,0452,1508100250452,3777,8.236950048061455
15,081,0025,0715,1508100250715,2514,7.83002808253384
15,081,0025,072A,150810025072A,2529,7.835974581721566
15,081,0025,0819,1508100250819,210,5.351858133476067
15,081,0025,1198,1508100251198,319,5.768320995793772
15,081,0025,1200,1508100251200,139,4.941642422609304
15,081,0050,1268,1508100501268,3260,8.089789175789319
15,081,0098,0876,1508100980876,4464,8.4040244933106
15,081,0098,0880,1508100980880,3370,8.12296471523406
15,081,0098,0895,1508100980895,2989,8.003028666384733
15,081,0098,1094,1508100981094,4238,8.352082671352637
15,082,0001,0110,1508200010110,4722,8.460199469896118
15,082,0001,020A,150820001020A,2247,7.717796211013582
15,082,0001,0375,1508200010375,3145,8.053887083618223
15,082,0001,0426,1508200010426,2562,7.848933726364071
15,082,0001,0430,1508200010430,4017,8.29853954537488
15,082,0001,0445,1508200010445,1428,7.264730177929867
15,082,0001,045A,150820001045A,1441,7.273786317844895
15,082,0001,0464,1508200010464,1644,7.405495663199472
15,082,0001,0479,1508200010479,2423,7.793174347189205
15,082,0001,0534,1508200010534,183,5.214935757608986
15,082,0001,0549,1508200010549,244,5.501258210544727
15,082,0001,0572,1508200010572,140,4.948759890378168
15,082,0001,0587,1508200010587,901,6.804614520062624
15,082,0001,0591,1508200010591,86,4.465908118654584
15,082,0001,0619,1508200010619,85,4.454347296253507
15,082,0001,0623,1508200010623,65,4.189654742026425
15,082,0001,0638,1508200010638,30,3.4339872044851463
15,082,0001,0642,1508200010642,149,5.0106352940962555
15,082,0001,0657,1508200010657,119,4.787491742782046
15,082,0022,0394,1508200220394,982,6.890609120147166
15,082,0022,0407,1508200220407,699,6.551080335043404
15,082,0022,0411,1508200220411,847,6.742880635791903
15,083,0001,0048,1508300010048,84,4.442651256490317
15,083,0001,0052,1508300010052,81,4.406719247264253
15,083,0001,0067,1508300010067,2687,7.89655270164304
15,083,0001,0071,1508300010071,894,6.796823718274855
15,083,0001,0086,1508300010086,1887,7.543273346705446
15,084,0001,0168,1508400010168,1121,7.022868086082641
15,084,0001,0172,1508400010172,2307,7.744136627627991
15,084,0001,0331,1508400010331,1221,7.108244139731541
15,084,0001,0346,1508400010346,1656,7.4127640174265625
15,084,0001,0350,1508400010350,9,2.302585092994046
15,084,0004,0204,1508400040204,1433,7.2682230211595655
15,084,0004,0219,1508400040219,1985,7.593877844605118
15,084,0004,0308,1508400040308,47,3.871201010907891
15,084,0004,0312,1508400040312,3,1.3862943611198906
15,084,0011,0280,1508400110280,81,4.406719247264253
15,084,0011,037A,150840011037A,1945,7.57353126274595
15,084,0011,0384,1508400110384,1853,7.5251007461258
15,084,0011,0399,1508400110399,10,2.3978952727983707
15,084,0013,0435,1508400130435,1253,7.134093721192866
15,084,0013,044A,150840013044A,1717,7.4489161025442
15,084,0014,0115,1508400140115,2373,7.772331575169614
15,084,0014,0187,1508400140187,1393,7.2399325913204695
15,084,0014,0191,1508400140191,1724,7.45298232946546
15,084,0014,0327,1508400140327,48,3.8918202981106265
15,084,0014,0365,1508400140365,156,5.056245805348308
15,084,0017,0295,1508400170295,507,6.230481447578482
15,084,0017,0401,1508400170401,2027,7.614805364711073
15,084,0017,0416,1508400170416,2157,7.67693714581808
15,084,0017,0420,1508400170420,1090,6.994849985833071
15,085,0001,017A,150850001017A,8,2.1972245773362196
15,085,0001,0184,1508500010184,1322,7.187657164114956
15,085,0001,0199,1508500010199,1189,7.081708586105575
15,085,0001,0201,1508500010201,1421,7.259819610363186
15,085,0001,0216,1508500010216,1151,7.049254841255837
15,085,0001,0220,1508500010220,2609,7.867105500316739
15,085,0001,0254,1508500010254,1059,6.966024187106113
15,085,0001,0269,1508500010269,1411,7.252762418053187
15,085,0001,0273,1508500010273,1958,7.580189417944541
15,085,0001,0292,1508500010292,305,5.723585101952381
15,085,0001,0381,1508500010381,214,5.3706380281276624
15,085,0001,0409,1508500010409,51,3.9512437185814275
15,085,0014,0358,1508500140358,1547,7.344719054149673
15,085,0014,0362,1508500140362,2758,7.922623574217286
15,085,0014,0377,1508500140377,200,5.303304908059076
15,085,0024,031A,150850024031A,3192,8.068716192714781
15,085,0024,0324,1508500240324,3586,8.185071477532283
15,085,0024,0396,1508500240396,176,5.176149732573829
15,085,0038,0339,1508500380339,1895,7.547501682814967
15,085,0038,0343,1508500380343,1851,7.524021415206125
15,086,0001,0073,1508600010073,2334,7.755767170102998
15,086,0001,0143,1508600010143,199,5.298317366548036
15,087,0001,0070,1508700010070,3301,8.102283624480073
15,087,0010,030A,150870010030A,4744,8.464846711044029
15,087,0017,0314,1508700170314,4330,8.373553741214627
15,087,0021,0136,1508700210136,3766,8.23403420769204
15,087,0027,0278,1508700270278,5753,8.657650544111494
15,087,0029,0282,1508700290282,1321,7.186901020411631
15,087,0029,0297,1508700290297,3799,8.242756345714477
15,087,0030,0085,1508700300085,1982,7.592366128519796
15,087,0030,016A,150870030016A,2885,7.9676267393338165
15,087,0030,0174,1508700300174,902,6.805722553416985
15,087,0030,0189,1508700300189,968,6.876264611890766
15,087,0030,0329,1508700300329,303,5.717027701406222
15,087,0079,0333,1508700790333,2604,7.865187954187467
15,088,0001,0059,1508800010059,5059,8.52912176228151
15,088,0001,0063,1508800010063,2866,7.96102146588337
15,088,0001,0078,1508800010078,4299,8.366370301681654
15,088,0001,0114,1508800010114,481,6.1779441140506
15,088,0001,0133,1508800010133,669,6.507277712385012
15,088,0001,0167,1508800010167,800,6.68586094706836
15,088,0017,0398,1508800170398,4544,8.421783006611578
15,088,0021,035A,150880021035A,2865,7.960672608388117
15,088,0024,0082,1508800240082,3782,8.23827262463303
15,088,0024,0203,1508800240203,1573,7.3613754289773485
15,088,0024,0241,1508800240241,1066,6.9726062513017535
15,088,0024,0330,1508800240330,276,5.6240175061873385
15,088,0024,0379,1508800240379,0,0.0
15,088,0027,0294,1508800270294,3180,8.064950891749143
15,088,0034,0400,1508800340400,3832,8.251403065380556
15,088,0035,028A,150880035028A,3536,8.17103418920548
15,088,0073,0415,1508800730415,4855,8.487970332739334
15,089,0001,0060,1508900010060,298,5.700443573390687
15,089,0001,0075,1508900010075,164,5.10594547390058
15,089,0001,0111,1508900010111,1808,7.500529485395295
15,089,0001,0126,1508900010126,2095,7.647786045440933
15,089,0001,0130,1508900010130,1419,7.258412150595307
15,089,0001,0145,1508900010145,50,3.9318256327243257
15,089,0001,015A,150890001015A,81,4.406719247264253
15,090,0001,0146,1509000010146,3460,8.149312843635345
15,090,0001,0150,1509000010150,3872,8.261784679514752
15,090,0001,0165,1509000010165,2631,7.875499292445208
15,090,0001,0199,1509000010199,5067,8.53070154144103
15,090,0001,0201,1509000010201,5573,8.625868208041894
15,090,0001,024A,150900001024A,575,6.3561076606958915
15,090,0001,0273,1509000010273,272,5.60947179518496
15,090,0001,031A,150900001031A,315,5.755742213586912
15,090,0006,0216,1509000060216,2877,7.964850887447313
15,090,0006,0220,1509000060220,2547,7.843064016692054
15,090,0006,0292,1509000060292,50,3.9318256327243257
15,090,0006,0305,1509000060305,19,2.995732273553991
15,090,0006,0324,1509000060324,607,6.410174881966167
15,090,0006,0339,1509000060339,193,5.267858159063328
15,090,0027,0288,1509000270288,3433,8.141481041457421
15,090,0028,0269,1509000280269,3175,8.063377822367027
15,090,0035,0127,1509000350127,3338,8.113426639943654
15,090,0035,0235,1509000350235,1038,6.946013991099227
15,090,0035,0254,1509000350254,293,5.683579767338681
15,090,0035,0343,1509000350343,91,4.5217885770490405
15,090,0035,0358,1509000350358,106,4.672828834461906
15,090,0036,0023,1509000360023,5307,8.576970395452099
15,090,0037,0076,1509000370076,5571,8.625509334899697
15,090,0038,017A,150900038017A,3754,8.230843564198235
15,090,0038,0184,1509000380184,3001,8.007034012193408
15,090,0039,0057,1509000390057,5590,8.628913441026645
15,091,0001,004A,150910001004A,7490,8.921457578947884
15,091,0001,0054,1509100010054,1309,7.177782416195197
15,091,0001,0069,1509100010069,7199,8.881836305004146
15,091,0001,0088,1509100010088,5871,8.677950570294351
15,091,0001,0092,1509100010092,5004,8.518192691749322
15,091,0001,0158,1509100010158,3420,8.137688184977605
15,091,0001,0162,1509100010162,1400,7.244941546337007
15,091,0001,0177,1509100010177,5366,8.588024372176829
15,091,0001,0181,1509100010181,6372,8.759825595314295
15,091,0001,0196,1509100010196,4676,8.450412157725886
15,091,0001,0209,1509100010209,304,5.720311776607412
15,091,0001,0213,1509100010213,420,6.042632833682381
15,091,0001,0266,1509100010266,187,5.236441962829949
15,091,0001,0302,1509100010302,2237,7.71333788887187
15,091,0010,0073,1509100100073,6404,8.764834214330834
15,092,0001,0085,1509200010085,712,6.569481420414296
15,092,0001,0136,1509200010136,5211,8.558718938244736
15,092,0001,0189,1509200010189,3075,8.031385330625534
15,092,0001,0193,1509200010193,3180,8.064950891749143
15,092,0001,0206,1509200010206,2760,7.923348211930154
15,092,0001,0210,1509200010210,3631,8.197538739721184
15,092,0001,0225,1509200010225,1927,7.564238475170491
15,092,0001,0244,1509200010244,524,6.263398262591624
15,092,0001,0259,1509200010259,162,5.093750200806762
15,092,0001,0263,1509200010263,327,5.793013608384144
15,092,0001,0278,1509200010278,265,5.583496308781699
15,092,0001,0297,1509200010297,967,6.875232087276577
15,092,0001,0314,1509200010314,584,6.371611847231857
15,092,0002,0032,1509200020032,3243,8.084562415235304
15,092,0002,009A,150920002009A,259,5.560681631015528
15,092,0002,0102,1509200020102,721,6.582025138892826
15,092,0002,0117,1509200020117,690,6.53813982376767
15,092,0013,0051,1509200130051,3146,8.054204897064407
15,092,0013,0121,1509200130121,219,5.393627546352362
15,092,0019,0140,1509200190140,2988,8.002694162283937
15,092,0019,0155,1509200190155,2121,7.660114319173928
15,092,0019,0282,1509200190282,277,5.627621113690637
15,092,0020,016A,150920020016A,2149,7.673223121121708
15,092,0020,0174,1509200200174,3211,8.074649075066652
15,092,0020,030A,150920020030A,23,3.1780538303479458
15,093,0001,0063,1509300010063,2031,7.616775808698373
15,093,0001,0078,1509300010078,1043,6.950814768442584
15,093,0001,0082,1509300010082,1051,6.9584483932976555
15,093,0001,0133,1509300010133,647,6.473890696352274
15,093,0001,0148,1509300010148,674,6.51471269087253
15,093,0001,0152,1509300010152,612,6.418364935936212
15,093,0001,0167,1509300010167,65,4.189654742026425
15,093,0003,010A,150930003010A,2588,7.859026979751538
15,093,0003,0114,1509300030114,1502,7.315218389752975
15,093,0003,0129,1509300030129,1338,7.199678345691172
15,093,0003,0171,1509300030171,205,5.327876168789581
15,093,0003,0190,1509300030190,128,4.859812404361672
15,093,0003,0203,1509300030203,0,0.0
15,093,0014,0186,1509300140186,3495,8.159374736775426
15,094,0001,0037,1509400010037,4679,8.451053388911692
15,094,0001,0056,1509400010056,2056,7.6290038896529575
15,094,0001,0060,1509400010060,2638,7.878155336503324
15,094,0001,0075,1509400010075,3802,8.24354550792826
15,094,0001,0111,1509400010111,64,4.174387269895637
15,094,0002,008A,150940002008A,1006,6.914730892718563
15,094,0002,0094,1509400020094,1276,7.152268856032539
15,094,0002,0107,1509400020107,42,3.7612001156935624
15,095,0001,0091,1509500010091,498,6.212606095751519
15,095,0001,0104,1509500010104,3972,8.287276755814599
15,095,0001,0119,1509500010119,2786,7.932721027481948
15,095,0001,0161,1509500010161,921,6.826545223556594
15,095,0001,0176,1509500010176,3181,8.065265208897733
15,095,0001,0180,1509500010180,11,2.4849066497880004
15,095,0001,0195,1509500010195,1510,7.32052696227274
15,095,0001,0208,1509500010208,1992,7.597396320212795
15,095,0001,0212,1509500010212,3404,8.133000218583613
15,095,0001,0227,1509500010227,2850,7.955425088912672
15,095,0001,0231,1509500010231,6027,8.704170559746386
15,095,0001,0246,1509500010246,3192,8.068716192714781
15,095,0001,0250,1509500010250,1472,7.29505641646263
15,095,0001,0265,1509500010265,5725,8.65277248565806
15,095,0001,0405,1509500010405,558,6.326149473155099
15,095,0001,041A,150950001041A,20,3.044522437723423
15,095,0005,0335,1509500050335,3369,8.122668023346407
15,095,0021,027A,150950021027A,3203,8.07215530818825
15,095,0021,0284,1509500210284,2851,7.955775781534187
15,095,0021,0299,1509500210299,2756,7.921898411023797
15,095,0021,0369,1509500210369,148,5.003946305945459
15,095,0026,0301,1509500260301,4025,8.300528606199737
15,095,0026,0316,1509500260316,2835,7.950149887652018
15,095,0026,0320,1509500260320,2423,7.793174347189205
15,095,0026,0388,1509500260388,182,5.209486152841421
15,095,0026,0392,1509500260392,204,5.3230099791384085
15,095,0026,0424,1509500260424,117,4.770684624465665
15,095,0073,0458,1509500730458,3494,8.15908865466791
15,095,0073,0462,1509500730462,3209,8.07402621612406
15,095,0074,0439,1509500740439,3584,8.184513753033722
15,095,0074,0443,1509500740443,3679,8.210668031162976
15,096,0001,014A,150960001014A,5436,8.600982717145921
15,096,0001,0154,1509600010154,3382,8.12651816878071
15,096,0001,0169,1509600010169,2704,7.902857191280582
15,096,0001,0173,1509600010173,2193,7.693481640835175
15,096,0001,0188,1509600010188,3280,8.0959035329611
15,096,0001,0192,1509600010192,3044,8.021256180143997
15,096,0001,0205,1509600010205,510,6.236369590203704
15,096,0001,021A,150960001021A,522,6.259581464064923
15,096,0001,0224,1509600010224,1550,7.346655163176539
15,096,0001,0262,1509600010262,55,4.02535169073515
15,096,0008,0065,1509600080065,810,6.698268054115413
15,096,0008,007A,150960008007A,684,6.529418838262226
15,096,0008,0084,1509600080084,1074,6.980075940561763
15,096,0008,0099,1509600080099,1763,7.475339236566737
15,096,0008,0101,1509600080101,1193,7.085064293952548
15,096,0008,0116,1509600080116,823,6.714170529909472
15,096,0008,0239,1509600080239,58,4.07753744390572
15,096,0008,0243,1509600080243,11,2.4849066497880004
15,096,0008,0258,1509600080258,50,3.9318256327243257
15,097,0001,0058,1509700010058,2648,7.88193748927207
15,098,0001,0040,1509800010040,1811,7.502186486602924
15,098,0001,0055,1509800010055,1765,7.476472381163905
15,098,0001,006A,150980001006A,1047,6.954638864880987
15,099,0001,0103,1509900010103,5170,8.550821372396221
15,099,0001,0230,1509900010230,4702,8.455955881945048
15,099,0001,0245,1509900010245,6128,8.720786883485731
15,099,0001,025A,150990001025A,6607,8.796036315200814
15,099,0001,0264,1509900010264,3659,8.205218426395412
15,099,0001,0279,1509900010279,5940,8.689632748355741
15,099,0001,0298,1509900010298,4812,8.47907586930311
15,099,0001,0300,1509900010300,105,4.663439094112067
15,099,0001,0480,1509900010480,3897,8.268218880067506
15,099,0001,0495,1509900010495,3283,8.096817470572319
15,099,0001,0508,1509900010508,344,5.84354441703136
15,099,0001,0531,1509900010531,781,6.661854740545311
15,099,0001,0546,1509900010546,531,6.2766434893416445
15,099,0001,0550,1509900010550,559,6.327936783729195
15,099,0001,0599,1509900010599,964,6.872128101338986
15,099,0001,0601,1509900010601,1702,7.440146680662688
15,099,0001,0616,1509900010616,410,6.018593214496234
15,099,0001,0743,1509900010743,33,3.5263605246161616
15,099,0001,0781,1509900010781,3917,8.273336598504486
15,099,0001,0796,1509900010796,3822,8.248790733696413
15,099,0001,0809,1509900010809,5750,8.657129031713755
15,099,0001,0813,1509900010813,4534,8.419580362549237
15,099,0001,0828,1509900010828,2857,7.957877358489813
15,099,0001,0832,1509900010832,3935,8.277920258172143
15,099,0001,0847,1509900010847,1358,7.214504414151143
15,099,0001,0936,1509900010936,3501,8.161089512845797
15,099,0001,0940,1509900010940,2393,7.780720886117918
15,099,0001,0955,1509900010955,1610,7.384610383176974
15,099,0001,1031,1509900011031,212,5.3612921657094255
15,099,0001,1309,1509900011309,4494,8.410720946905721
15,099,0001,1313,1509900011313,4494,8.410720946905721
15,099,0001,1328,1509900011328,3502,8.161375023197486
15,099,0001,1332,1509900011332,3275,8.09437844497296
15,099,0001,1347,1509900011347,2175,7.685243607975833
15,099,0001,1351,1509900011351,1263,7.142036574706803
15,099,0001,1366,1509900011366,832,6.725033642166843
15,099,0001,1370,1509900011370,1289,7.162397497355718
15,099,0001,1440,1509900011440,215,5.375278407684165
15,099,0001,1455,1509900011455,110,4.709530201312334
15,099,0001,1525,1509900011525,0,0.0
15,099,0012,1050,1509900121050,5675,8.644002038279933
15,099,0012,1120,1509900121120,198,5.293304824724492
15,099,0012,1135,1509900121135,239,5.480638923341991
15,099,0012,1421,1509900121421,1259,7.138866999945524
15,099,0016,0870,1509900160870,2531,7.836764783264067
15,099,0016,1046,1509900161046,658,6.490723534502507
15,099,0016,114A,150990016114A,279,5.634789603169249
15,099,0016,1154,1509900161154,187,5.236441962829949
15,099,0016,1169,1509900161169,19,2.995732273553991
15,099,0016,1173,1509900161173,116,4.762173934797756
15,099,0020,0777,1509900200777,5667,8.64259160081057
15,099,0022,089A,150990022089A,2297,7.739794458408701
15,099,0022,0902,1509900220902,2935,7.984803389734406
15,099,0022,146A,150990022146A,7,2.0794415416798357
15,099,0024,0226,1509900240226,3063,8.027476530860483
15,099,0024,0724,1509900240724,2444,7.801800401908973
15,099,0024,0739,1509900240739,729,6.593044534142437
15,099,0024,0989,1509900240989,283,5.648974238161206
15,099,0025,0669,1509900250669,3033,8.017637159908478
15,099,0025,0673,1509900250673,1627,7.395107546562485
15,099,0025,0688,1509900250688,1977,7.589841512182657
15,099,0025,139A,150990025139A,96,4.574710978503383
15,099,0025,1474,1509900251474,15,2.772588722239781
15,099,0025,1510,1509900251510,26,3.295836866004329
15,099,0029,0334,1509900290334,2268,7.727094484779841
15,099,0029,0349,1509900290349,5860,8.676075516476429
15,099,0029,0476,1509900290476,3273,8.09376775793108
15,099,0029,0565,1509900290565,2211,7.701652362642226
15,099,0029,057A,150990029057A,3008,8.009363076630045
15,099,0029,1027,1509900291027,2002,7.602401335665818
15,099,0029,1084,1509900291084,614,6.421622267806518
15,099,0029,1099,1509900291099,1073,6.97914527506881
15,099,0029,1188,1509900291188,215,5.375278407684165
15,099,0029,1281,1509900291281,92,4.532599493153256
15,099,0029,1385,1509900291385,487,6.1903154058531475
15,099,0029,1402,1509900291402,382,5.948034989180646
15,099,0029,1493,1509900291493,1134,7.034387929915503
15,099,0030,0620,1509900300620,1927,7.564238475170491
15,099,0030,0635,1509900300635,1576,7.3632795869630385
15,099,0030,064A,150990030064A,1045,6.952728644624869
15,099,0030,0654,1509900300654,2368,7.7702232041587855
15,099,0030,1296,1509900301296,20,3.044522437723423
15,099,0030,1506,1509900301506,128,4.859812404361672
15,099,0035,0885,1509900350885,2683,7.895063498091573
15,099,0035,096A,150990035096A,1621,7.3914152346753585
15,099,0035,0974,1509900350974,712,6.569481420414296
15,099,0035,1192,1509900351192,122,4.812184355372417
15,099,0035,1205,1509900351205,235,5.4638318050256105
15,099,0035,121A,150990035121A,161,5.087596335232384
15,099,0035,1224,1509900351224,65,4.189654742026425
15,099,0041,1258,1509900411258,2773,7.928045600874777
15,099,0042,0758,1509900420758,1162,7.0587581525186645
15,099,0042,0762,1509900420762,2093,7.646831391430482
15,099,0042,0851,1509900420851,5539,8.61974977974133
15,099,0042,0866,1509900420866,3339,8.113726085970747
15,099,0042,1489,1509900421489,203,5.318119993844216
15,099,0043,032A,150990043032A,3320,8.108021221376747
15,099,0043,0512,1509900430512,905,6.80903930604298
15,099,0043,0527,1509900430527,504,6.22455842927536
15,099,0043,0584,1509900430584,209,5.3471075307174685
15,099,0043,1239,1509900431239,101,4.624972813284271
15,099,0043,1243,1509900431243,240,5.484796933490655
15,099,0045,0692,1509900450692,2709,7.904703913873747
15,099,0045,0705,1509900450705,5172,8.551208070003515
15,099,0045,071A,150990045071A,6950,8.846640813100485
15,099,0045,1012,1509900451012,258,5.556828061699537
15,099,0045,1277,1509900451277,107,4.68213122712422
15,099,0045,1417,1509900451417,379,5.940171252720432
15,099,0045,1436,1509900451436,9,2.302585092994046
15,099,0048,1262,1509900481262,5082,8.533656917446903
15,100,0001,0040,1510000010040,2257,7.722234744709607
15,100,0001,0055,1510000010055,3910,8.271548374755515
15,100,0001,006A,151000001006A,113,4.736198448394496
15,100,0001,0110,1510000010110,2677,7.8928255262511176
15,100,0001,0125,1510000010125,3118,8.045267716607803
15,100,0001,013A,151000001013A,4199,8.34283980427146
15,100,0001,0178,1510000010178,659,6.492239835020471
15,100,0002,0021,1510000020021,2373,7.772331575169614
15,100,0002,0074,1510000020074,1686,7.430707082545968
15,100,0002,0089,1510000020089,1860,7.528869256642251
15,100,0002,0144,1510000020144,15,2.772588722239781
15,100,0002,0159,1510000020159,15,2.772588722239781
15,100,0002,0163,1510000020163,583,6.369900982828227
15,100,0007,0182,1510000070182,1552,7.347943823148687
15,100,0007,0197,1510000070197,1505,7.317212408359839
15,100,0007,020A,151000007020A,877,6.777646593635117
15,100,0007,0214,1510000070214,1315,7.182352111885263
15,100,0007,0229,1510000070229,857,6.754604099487962
15,100,0007,0233,1510000070233,1611,7.385230923066573
15,100,0007,0248,1510000070248,1033,6.9411900550683745
15,100,0007,0252,1510000070252,890,6.792344427470809
15,101,0001,0122,1510100010122,2168,7.682021510826875
15,101,0001,0141,1510100010141,3633,8.198089248956116
15,101,0001,0156,1510100010156,6599,8.794824928014517
15,101,0001,0230,1510100010230,706,6.561030665896573
15,101,0003,0086,1510100030086,3645,8.201385955238608
15,101,0006,0368,1510100060368,5978,8.696008608880904
15,101,0006,0372,1510100060372,1698,7.4377951216719325
15,101,0014,0048,1510100140048,5925,8.68710472813351
15,101,0014,0207,1510100140207,2098,7.649216319820633
15,101,0014,0211,1510100140211,2002,7.602401335665818
15,101,0014,0279,1510100140279,229,5.438079308923196
15,101,0014,0283,1510100140283,63,4.1588830833596715
15,101,0014,0298,1510100140298,325,5.786897381366708
15,101,0014,0315,1510100140315,331,5.805134968916488
15,101,0014,0353,1510100140353,499,6.214608098422191
15,101,0015,0160,1510100150160,3210,8.074337694089515
15,101,0015,0175,1510100150175,2933,7.984121958702927
15,101,0015,018A,151010015018A,1505,7.317212408359839
15,101,0015,025A,151010015025A,1567,7.357556200910353
15,101,0015,0264,1510100150264,83,4.430816798843313
15,101,0015,032A,151010015032A,420,6.042632833682381
15,101,0015,0334,1510100150334,242,5.493061443340548
15,101,0015,0349,1510100150349,127,4.852030263919617
15,102,0001,0045,1510200010045,710,6.566672429803241
15,102,0001,0083,1510200010083,135,4.912654885736052
15,102,0001,0098,1510200010098,93,4.543294782270004
15,102,0001,0100,1510200010100,40,3.713572066704308
15,103,0001,0057,1510300010057,4495,8.410943391573527
15,103,0001,0061,1510300010061,3883,8.264620829411216
15,103,0001,0184,1510300010184,1644,7.405495663199472
15,103,0001,0199,1510300010199,991,6.899723107284872
15,103,0001,0216,1510300010216,1544,7.3427791893318455
15,103,0001,0235,1510300010235,1976,7.589335823170617
15,103,0001,0358,1510300010358,253,5.537334267018537
15,103,0005,0146,1510300050146,802,6.688354713946762
15,103,0005,0150,1510300050150,155,5.049856007249537
15,103,0005,0165,1510300050165,916,6.821107472256465
15,103,0005,017A,151030005017A,147,4.997212273764115
15,103,0005,0201,1510300050201,107,4.68213122712422
15,103,0005,024A,151030005024A,497,6.210600077024653
15,103,0005,0254,1510300050254,2250,7.719129840906732
15,103,0005,0269,1510300050269,2821,7.945201132412759
15,103,0005,0273,1510300050273,3703,8.21716859576607
15,103,0005,0288,1510300050288,1091,6.9957661563048505
15,103,0005,0292,1510300050292,726,6.588926477533519
15,103,0005,0305,1510300050305,3354,8.118207049405783
15,103,0005,031A,151030005031A,3384,8.127109185346375
15,103,0005,0324,1510300050324,460,6.133398042996649
15,103,0005,0339,1510300050339,313,5.749392985908253
15,103,0005,0343,1510300050343,147,4.997212273764115
15,104,0001,0016,1510400010016,3122,8.046549357283078
15,104,0001,0020,1510400010020,9027,9.108086137937427
15,104,0001,0035,1510400010035,4713,8.458292083496076
15,104,0001,004A,151040001004A,4196,8.34212526333359
15,104,0001,0069,1510400010069,3687,8.212839584676484
15,104,0001,0073,1510400010073,3852,8.256607344626158
15,104,0001,0088,1510400010088,5705,8.649273531773446
15,104,0001,0092,1510400010092,577,6.359573868672378
15,104,0001,0105,1510400010105,2162,7.679251425953058
15,104,0001,011A,151040001011A,2045,7.6236419465115715
15,104,0001,0124,1510400010124,3272,8.09346227450118
15,104,0001,0139,1510400010139,3631,8.197538739721184
15,104,0001,0162,1510400010162,4625,8.439447842791385
15,104,0001,0177,1510400010177,3626,8.196161139282902
15,104,0001,0196,1510400010196,3421,8.137980454452139
15,104,0001,0209,1510400010209,3383,8.126813720726114
15,104,0001,0213,1510400010213,2575,7.853993087224244
15,104,0001,0228,1510400010228,1853,7.5251007461258
15,104,0001,0232,1510400010232,2061,7.631431664576906
15,104,0001,0251,1510400010251,3990,8.291797105048733
15,104,0001,0270,1510400010270,1583,7.367708572374371
15,104,0001,0285,1510400010285,8432,9.039907859574642
15,104,0001,029A,151040001029A,2736,7.914617709040679
15,104,0001,0302,1510400010302,2443,7.8013913202914855
15,104,0001,0317,1510400010317,3432,8.141189793457691
15,104,0001,0340,1510400010340,2730,7.912423121473705
15,104,0001,0355,1510400010355,3451,8.146709052203319
15,104,0001,036A,151040001036A,3551,8.17526610411206
15,104,0001,0374,1510400010374,3350,8.11701408773731
15,104,0001,0393,1510400010393,3051,8.023552392404348
15,104,0001,0406,1510400010406,912,6.816735880594968
15,104,0001,0410,1510400010410,1840,7.518064181233078
15,104,0001,0425,1510400010425,1001,6.90975328164481
15,104,0001,043A,151040001043A,3683,8.211754397375197
15,104,0001,0463,1510400010463,7552,8.929700114313448
15,104,0001,0478,1510400010478,3311,8.10530751550515
15,104,0001,0482,1510400010482,2194,7.693937325509272
15,104,0001,0497,1510400010497,1109,7.01211529430638
15,104,0001,050A,151040001050A,2348,7.761744984658913
15,104,0001,0514,1510400010514,2017,7.609862200913554
15,104,0001,0529,1510400010529,1287,7.160845906664299
15,104,0001,0533,1510400010533,5244,8.565030520830398
15,104,0001,0548,1510400010548,609,6.413458957167357
15,104,0001,0552,1510400010552,638,6.459904454377535
15,104,0001,0567,1510400010567,1410,7.252053951852814
15,104,0001,0571,1510400010571,1947,7.5745584842024805
15,104,0001,0586,1510400010586,3784,8.23880116587155
15,104,0001,0590,1510400010590,6437,8.769973211858753
15,104,0001,0603,1510400010603,5306,8.576781982827894
15,104,0001,0618,1510400010618,1865,7.531552381407289
15,104,0001,0622,1510400010622,1389,7.237059026124737
15,104,0001,0637,1510400010637,1936,7.5688956634069955
15,104,0001,0641,1510400010641,2717,7.907651594711089
15,104,0001,0656,1510400010656,1622,7.392031567514591
15,104,0001,0660,1510400010660,2441,7.80057265467065
15,104,0001,0675,1510400010675,3636,8.19891444498699
15,104,0001,068A,151040001068A,1052,6.959398512133975
15,104,0001,0694,1510400010694,3853,8.256866848974312
15,104,0001,0707,1510400010707,6847,8.831711917821577
15,104,0001,0711,1510400010711,3165,8.060224240440958
15,104,0001,0726,1510400010726,2481,7.8168199657645525
15,104,0001,0730,1510400010730,1706,7.442492722794441
15,104,0001,0745,1510400010745,2217,7.704361167910313
15,104,0001,075A,151040001075A,2821,7.945201132412759
15,104,0001,0764,1510400010764,1234,7.118826249062078
15,104,0001,0798,1510400010798,3313,8.105911197986508
15,104,0001,0800,1510400010800,6638,8.80071662871916
15,104,0001,0815,1510400010815,2630,7.875119281040293
15,104,0001,082A,151040001082A,1769,7.478734825567875
15,104,0001,0834,1510400010834,1864,7.5310163320779155
15,104,0001,0849,1510400010849,2539,7.8399193600125825
15,104,0001,0853,1510400010853,2677,7.8928255262511176
15,104,0001,0868,1510400010868,2108,7.653969180478774
15,104,0001,0872,1510400010872,1988,7.5953872788539725
15,104,0001,0891,1510400010891,2090,7.645397699428633
15,104,0001,0904,1510400010904,2816,7.943427767876373
15,104,0001,0919,1510400010919,3351,8.117312461601975
15,104,0001,0923,1510400010923,2513,7.829630389150193
15,104,0001,0938,1510400010938,2065,7.633369649679584
15,104,0001,0942,1510400010942,3362,8.12058871174027
15,104,0001,0957,1510400010957,3360,8.119993827725105
15,104,0001,0961,1510400010961,5360,8.586905803827538
15,104,0001,0976,1510400010976,2241,7.715123603632105
15,104,0001,0995,1510400010995,2554,7.845807502637805
15,104,0001,100A,151040001100A,2454,7.805882040228621
15,104,0001,1014,1510400011014,4780,8.472405008626103
15,104,0001,1029,1510400011029,3817,8.247482004285693
15,104,0001,1033,1510400011033,2721,7.909122183211411
15,104,0001,1048,1510400011048,3518,8.165932137321585
15,104,0001,1052,1510400011052,2003,7.602900462204755
15,104,0001,1067,1510400011067,5153,8.54752839121231
15,104,0001,1071,1510400011071,7037,8.85907931788153
15,104,0001,1103,1510400011103,8134,9.003931019653137
15,104,0001,1118,1510400011118,3956,8.283241441385425
15,104,0001,1122,1510400011122,2173,7.684324067681155
15,104,0001,1137,1510400011137,2494,7.822044008185619
15,104,0001,1141,1510400011141,3084,8.034306936339489
15,104,0001,1156,1510400011156,5562,8.623892810075294
15,104,0001,1160,1510400011160,4495,8.410943391573527
15,104,0001,1175,1510400011175,2679,7.893572073504902
15,104,0001,118A,151040001118A,1684,7.429520842786462
15,104,0001,1194,1510400011194,2784,7.932003152361385
15,104,0001,1207,1510400011207,2649,7.882314918980268
15,104,0001,1211,1510400011211,2428,7.795234929002173
15,104,0001,1226,1510400011226,3857,8.257904193465674
15,104,0001,1230,1510400011230,2808,7.940583827104244
15,104,0001,1245,1510400011245,3814,8.246695943718557
15,104,0001,125A,151040001125A,3015,8.011686729127847
15,104,0001,1264,1510400011264,2627,7.873978379604501
15,104,0001,1279,1510400011279,2982,8.000684784514748
15,104,0001,1283,1510400011283,6021,8.70317470904168
15,104,0001,1298,1510400011298,3311,8.10530751550515
15,104,0001,1300,1510400011300,4067,8.31090675716845
15,104,0001,1315,1510400011315,2887,7.968319500012717
15,104,0001,132A,151040001132A,2665,7.888334500738654
15,104,0001,1334,1510400011334,3201,8.07153089355666
15,104,0001,1349,1510400011349,2902,7.97349996402463
15,104,0001,1353,1510400011353,4302,8.3670677328386
15,104,0001,1368,1510400011368,4422,8.394573477868327
15,104,0001,1372,1510400011372,5503,8.61323037961318
15,104,0001,1387,1510400011387,1749,7.4673710669175595
15,104,0001,1391,1510400011391,2126,7.6624678152002375
15,104,0001,1419,1510400011419,7137,8.873187904050106
15,104,0001,1423,1510400011423,5759,8.658692753689937
15,104,0001,1442,1510400011442,6778,8.821584877430965
15,104,0001,1495,1510400011495,4893,8.495765244002618
15,104,0001,1508,1510400011508,7646,8.942068693044225
15,104,0001,1527,1510400011527,3973,8.287528423111763
15,104,0001,1546,1510400011546,4758,8.46779284112111
15,104,0001,1565,1510400011565,4374,8.383661798791715
15,104,0001,157A,151040001157A,349,5.857933154483459
15,104,0001,1584,1510400011584,6536,8.78523362361273
15,104,0001,1616,1510400011616,2495,7.822444729489319
15,104,0001,1620,1510400011620,2699,7.90100705199242
15,104,0001,164A,151040001164A,2677,7.8928255262511176
15,104,0001,1654,1510400011654,4011,8.297045149081827
15,104,0001,1669,1510400011669,2357,7.765569081097317
15,104,0001,1673,1510400011673,4315,8.370084326378025
15,104,0001,1688,1510400011688,2897,7.971776122880628
15,104,0001,1692,1510400011692,271,5.605802066295998
15,104,0001,1705,1510400011705,2535,7.8383433155571165
15,104,0001,171A,151040001171A,1578,7.364547014255642
15,104,0001,1724,1510400011724,487,6.1903154058531475
15,104,0001,1743,1510400011743,1442,7.274479558773871
15,104,0001,1758,1510400011758,2465,7.81035268372429
15,104,0001,1777,1510400011777,12513,9.43460329655831
15,104,0001,1781,1510400011781,3520,8.166500319155052
15,104,0001,1796,1510400011796,6235,8.738094230177667
15,104,0001,1809,1510400011809,6022,8.70334075304372
15,104,0001,1813,1510400011813,4351,8.378390788535778
15,104,0001,1828,1510400011828,2321,7.7501841622578365
15,104,0001,1832,1510400011832,1596,7.3758821482150125
15,104,0001,1847,1510400011847,1607,7.382746449738912
15,104,0001,1851,1510400011851,2310,7.745435610274381
15,104,0001,1866,1510400011866,3327,8.1101268019411
15,104,0001,1870,1510400011870,284,5.652489180268651
15,104,0001,1885,1510400011885,3578,8.182838710766026
15,104,0001,189A,151040001189A,4317,8.370547611074752
15,104,0001,1902,1510400011902,5215,8.559486103606488
15,104,0001,1917,1510400011917,6252,8.740816627567298
15,104,0001,1921,1510400011921,4662,8.44741429680832
15,104,0001,1936,1510400011936,3876,8.262816937670928
15,104,0001,1940,1510400011940,3235,8.082093278178382
15,104,0001,1955,1510400011955,4403,8.390268497842571
15,104,0001,196A,151040001196A,2889,7.969011781106478
15,104,0001,1974,1510400011974,1468,7.292337176173877
15,104,0001,1989,1510400011989,1774,7.4815557019095165
15,104,0001,1993,1510400011993,4953,8.507950610049305
15,104,0001,2008,1510400012008,4629,8.440312147080279
15,104,0001,2012,1510400012012,3266,8.09162741160107
15,104,0001,2027,1510400012027,3135,8.0507033814703
15,104,0001,2031,1510400012031,2176,7.685703061234547
15,104,0001,2046,1510400012046,6579,8.791790024319363
15,104,0001,2050,1510400012050,4775,8.471358655072438
15,104,0001,2065,1510400012065,5527,8.617581365447506
15,104,0001,207A,151040001207A,3680,8.210939733379021
15,104,0001,2084,1510400012084,5377,8.59007183682881
15,104,0001,2099,1510400012099,3047,8.022240916806537
15,104,0001,2101,1510400012101,2871,7.962763930168115
15,104,0001,2116,1510400012116,2500,7.824445930877619
15,104,0001,2120,1510400012120,1615,7.38770923908104
15,104,0001,2135,1510400012135,0,0.0
15,104,0001,214A,151040001214A,0,0.0
15,104,0001,2154,1510400012154,3450,8.146419323098003
15,104,0001,2169,1510400012169,2562,7.848933726364071
15,104,0001,2173,1510400012173,3928,8.27614021955846
15,104,0001,2188,1510400012188,2989,8.003028666384733
15,104,0001,2192,1510400012192,1485,7.303843225277705
15,104,0001,2205,1510400012205,1241,7.124478262493424
15,104,0001,221A,151040001221A,1825,7.509883061154913
15,104,0001,2224,1510400012224,1495,7.310550158534422
15,104,0001,2239,1510400012239,1180,7.074116816197362
15,104,0001,2243,1510400012243,2154,7.675546002537848
15,104,0001,2258,1510400012258,5323,8.579980179515003
15,104,0001,2262,1510400012262,4771,8.470520783217808
15,104,0001,2309,1510400012309,12,2.5649493574615367
15,104,0001,2332,1510400012332,2300,7.741099090035366
15,104,0001,2347,1510400012347,3166,8.06054004653864
15,104,0001,2351,1510400012351,1745,7.465082736399547
15,104,0001,2366,1510400012366,472,6.159095388491933
15,104,0105,2277,1510401052277,9780,9.188197007290492
15,104,0105,2281,1510401052281,541,6.295266001439646
15,104,0105,2313,1510401052313,104,4.653960350157523
15,104,0105,2328,1510401052328,292,5.680172609017068
15,105,0001,0117,1510500010117,572,6.35088571671474
15,105,0080,023A,151050080023A,1144,7.0431599159883405
15,105,0080,0244,1510500800244,1578,7.364547014255642
15,106,0001,0307,1510600010307,4550,8.423102268016642
15,106,0001,0330,1510600010330,4763,8.46884293047519
15,106,0001,0345,1510600010345,3724,8.22282213081366
15,106,0001,035A,151060001035A,5489,8.610683534503575
15,106,0001,0379,1510600010379,5844,8.67334187390617
15,106,0001,0383,1510600010383,2151,7.674152921281675
15,106,0001,0398,1510600010398,2968,7.99598047476376
15,106,0001,0400,1510600010400,2942,7.987184748233473
15,106,0001,0415,1510600010415,2382,7.776115477098742
15,106,0001,042A,151060001042A,3354,8.118207049405783
15,106,0001,0434,1510600010434,3569,8.180320874773685
15,106,0001,0449,1510600010449,4283,8.36264243156764
15,106,0001,0453,1510600010453,1691,7.433666540166168
15,106,0001,0468,1510600010468,3108,8.042056410058754
15,106,0001,0472,1510600010472,936,6.842683282238422
15,106,0001,0487,1510600010487,3430,8.14060704285845
15,106,0001,0491,1510600010491,3208,8.073714641109857
15,106,0001,0504,1510600010504,4131,8.326516830239528
15,106,0001,0519,1510600010519,1583,7.367708572374371
15,106,0001,0523,1510600010523,3733,8.225235324101668
15,106,0001,0538,1510600010538,2136,7.667158255319148
15,106,0001,0542,1510600010542,2297,7.739794458408701
15,106,0001,0557,1510600010557,3830,8.25088114470065
15,106,0001,0561,1510600010561,5632,8.636397438894713
15,106,0001,0576,1510600010576,3412,8.135346948906706
15,106,0001,0580,1510600010580,1724,7.45298232946546
15,106,0001,0595,1510600010595,1528,7.332369205929062
15,106,0001,0608,1510600010608,2937,7.9854843567338225
15,106,0001,0631,1510600010631,2657,7.885329239273191
15,106,0001,0646,1510600010646,6218,8.735364401103888
15,106,0001,0699,1510600010699,4752,8.46653127661401
15,106,0001,0701,1510600010701,6303,8.748939631537715
15,106,0001,0754,1510600010754,6414,8.766394277049736
15,106,0001,0769,1510600010769,1570,7.359467638255621
15,106,0001,0773,1510600010773,1505,7.317212408359839
15,106,0001,0788,1510600010788,5141,8.545197387825835
15,106,0001,0824,1510600010824,976,6.884486652042782
15,106,0001,0858,1510600010858,5592,8.629271094821588
15,106,0001,0862,1510600010862,9962,9.206633510044856
15,106,0001,0896,1510600010896,8378,9.033483854613287
15,106,0001,0909,1510600010909,4868,8.4906438561827
15,106,0001,0913,1510600010913,4256,8.356319965828153
15,106,0001,1023,1510600011023,3287,8.098034756176071
15,106,0001,1038,1510600011038,638,6.459904454377535
15,106,0001,1061,1510600011061,4439,8.39840965542627
15,106,0001,1254,1510600011254,3401,8.132118772955806
15,106,0001,1555,1510600011555,3050,8.02322468471667
15,106,0001,156A,151060001156A,4690,8.453401058328458
15,106,0001,1606,1510600011606,2002,7.602401335665818
15,106,0001,1610,1510600011610,246,5.5093883366279774
15,106,0001,1625,1510600011625,1112,7.014814351275545
15,106,0001,163A,151060001163A,213,5.365976015021851
15,106,0001,1663,1510600011663,1029,6.937314081223682
15,106,0001,1678,1510600011678,1208,7.097548850614793
15,106,0001,1682,1510600011682,6116,8.718827059242566
15,106,0001,1697,1510600011697,1442,7.274479558773871
15,106,0001,1856,1510600011856,6419,8.767173396684006
15,106,0001,1860,1510600011860,5317,8.578852571802965
15,106,0001,188A,151060001188A,5495,8.611775833902186
15,106,0001,1894,1510600011894,5949,8.691146498539675
15,106,0001,1907,1510600011907,7252,8.889170455363413
15,106,0001,1911,1510600011911,5704,8.649098262296176
15,106,0001,1926,1510600011926,3235,8.082093278178382
15,106,0001,1930,1510600011930,3616,8.193400231952097
15,106,0001,1945,1510600011945,3268,8.092239406724211
15,106,0001,195A,151060001195A,3319,8.107720061910534
15,106,0001,1979,1510600011979,4227,8.349484346990128
15,106,0001,1983,1510600011983,6837,8.830250570199247
15,106,0001,1998,1510600011998,5497,8.612139668725192
15,106,0001,2017,1510600012017,4280,8.361941906144946
15,106,0001,2021,1510600012021,3391,8.129174996911793
15,106,0001,2036,1510600012036,2847,7.954372272531867
15,106,0001,2040,1510600012040,3929,8.276394704863307
15,106,0001,2055,1510600012055,5038,8.524962928680598
15,106,0001,206A,151060001206A,2655,7.884576510596324
15,106,0001,2074,1510600012074,4704,8.45638105201948
15,106,0001,2089,1510600012089,3726,8.223358899479258
15,106,0001,2106,1510600012106,3699,8.216088098632316
15,106,0001,2110,1510600012110,2480,7.816416983691801
15,106,0001,2125,1510600012125,1227,7.113142108707088
15,106,0001,213A,151060001213A,1802,7.497207223203318
15,106,0001,2144,1510600012144,3043,8.020927718981577
15,106,0001,2159,1510600012159,1773,7.480992162869525
15,106,0001,2214,1510600012214,3348,8.116417072794205
15,106,0001,2248,1510600012248,2585,7.857867559331803
15,106,0001,2290,1510600012290,853,6.74993119378857
15,106,0001,2303,1510600012303,1041,6.948897222313312
15,106,0001,2318,1510600012318,996,6.904750769961838
15,106,0001,2322,1510600012322,3598,8.188411308079031
15,106,0001,2337,1510600012337,1538,7.338888133838879
15,106,0001,2341,1510600012341,1868,7.533158807455563
15,106,0001,2356,1510600012356,333,5.811140992976701
15,106,0001,2360,1510600012360,1350,7.208600337960199
15,106,0001,2375,1510600012375,159,5.075173815233827
15,106,0001,238A,151060001238A,198,5.293304824724492
15,106,0001,2411,1510600012411,0,0.0
15,106,0001,2426,1510600012426,1342,7.202661196523238
15,106,0001,2430,1510600012430,1249,7.1308988302963465
15,106,0001,2445,1510600012445,2357,7.765569081097317
15,106,0001,245A,151060001245A,1985,7.593877844605118
15,106,0001,2572,1510600012572,4767,8.469682208745185
15,106,0001,2587,1510600012587,6628,8.79920924224139
15,106,0001,2604,1510600012604,1304,7.173958319756794
15,106,0001,2619,1510600012619,1593,7.374001859350161
15,106,0001,2623,1510600012623,4880,8.493105395887147
15,106,0001,2638,1510600012638,3371,8.123261319121745
15,106,0001,2642,1510600012642,1973,7.587817219993427
15,106,0001,2657,1510600012657,548,6.3080984415095305
15,106,0001,2661,1510600012661,211,5.356586274672012
15,106,0001,2676,1510600012676,1539,7.3395376954076745
15,106,0001,277A,151060001277A,2853,7.956476798036782
15,106,0001,2799,1510600012799,1676,7.424761761823209
15,106,0001,2801,1510600012801,413,6.025865973825314
15,106,0001,2816,1510600012816,1301,7.171656822768514
15,106,0001,3072,1510600013072,3966,8.28576542051433
15,106,0001,3087,1510600013087,4496,8.411165786770708
15,106,0001,3091,1510600013091,2781,7.930925372483388
15,106,0001,3104,1510600013104,4296,8.365672383774996
15,106,0001,3119,1510600013119,3650,8.202756381655638
15,106,0001,3123,1510600013123,1935,7.568379267836522
15,106,0001,3138,1510600013138,2196,7.69484807238461
15,106,0001,3142,1510600013142,4651,8.445052513638554
15,106,0001,3157,1510600013157,5463,8.605936401250625
15,106,0001,3161,1510600013161,1610,7.384610383176974
15,106,0001,3176,1510600013176,4332,8.374015421739909
15,106,0001,3180,1510600013180,5803,8.666302614004078
15,106,0001,3195,1510600013195,2752,7.920446505142607
15,106,0001,3208,1510600013208,3526,8.168202930236053
15,106,0001,3212,1510600013212,2169,7.682482446534506
15,106,0001,3227,1510600013227,2277,7.731053144007127
15,106,0001,3231,1510600013231,3601,8.189244525735901
15,106,0001,3246,1510600013246,2080,7.640603826393634
15,106,0001,3250,1510600013250,1916,7.558516743045645
15,106,0001,3265,1510600013265,1029,6.937314081223682
15,106,0001,327A,151060001327A,7363,8.904358542352968
15,106,0001,3284,1510600013284,4619,8.438149984075784
15,106,0001,3299,1510600013299,2145,7.671360923190644
15,106,0001,3301,1510600013301,5880,8.679482094459956
15,106,0001,3316,1510600013316,2293,7.738052297689316
15,106,0001,3320,1510600013320,3196,8.069968149059841
15,106,0001,3335,1510600013335,3108,8.042056410058754
15,106,0001,334A,151060001334A,2962,7.993957547573565
15,106,0001,3354,1510600013354,4033,8.302513718514158
15,106,0001,3369,1510600013369,3558,8.177234885510194
15,106,0001,3373,1510600013373,3250,8.086717920303906
15,106,0001,3388,1510600013388,2829,7.948031990637284
15,106,0001,3392,1510600013392,306,5.726847747587197
15,106,0001,3405,1510600013405,627,6.4425401664681985
15,106,0001,341A,151060001341A,641,6.464588303689961
15,106,0001,3424,1510600013424,281,5.641907070938114
15,106,0001,3496,1510600013496,4075,8.312871394342615
15,106,0001,3532,1510600013532,618,6.428105272684596
15,106,0001,3547,1510600013547,770,6.647688373563329
15,106,0001,3551,1510600013551,1891,7.545389749611823
15,106,0001,3566,1510600013566,1835,7.515344571180436
15,106,0001,3570,1510600013570,1191,7.083387847625295
15,106,0001,3585,1510600013585,1240,7.123672785204607
15,106,0001,366A,151060001366A,110,4.709530201312334
15,106,0001,3674,1510600013674,224,5.41610040220442
15,106,0001,3693,1510600013693,171,5.147494476813453
15,106,0001,3706,1510600013706,824,6.715383386334681
15,106,0001,3710,1510600013710,2789,7.933796874815411
15,106,0001,3763,1510600013763,589,6.380122536899765
15,106,0043,1729,1510600431729,5667,8.64259160081057
15,106,0043,1733,1510600431733,5122,8.541495483939203
15,106,0043,2820,1510600432820,353,5.869296913133774
15,106,0043,2962,1510600432962,318,5.765191102784844
15,106,0043,359A,151060043359A,541,6.295266001439646
15,106,0044,1748,1510600441748,3825,8.249575150000199
15,106,0044,1752,1510600441752,4250,8.35490952835879
15,106,0044,2765,1510600442765,832,6.725033642166843
15,106,0044,2996,1510600442996,9,2.302585092994046
15,106,0044,3000,1510600443000,77,4.356708826689592
15,106,0050,1184,1510600501184,6743,8.81640849968169
15,106,0050,2708,1510600502708,375,5.929589143389895
15,106,0050,3015,1510600503015,188,5.241747015059643
15,106,0050,3513,1510600503513,783,6.664409020350408
15,106,0050,3636,1510600503636,610,6.415096959171596
15,106,0051,2731,1510600512731,2375,7.773173680482536
15,106,0051,2746,1510600512746,4027,8.301025253838453
15,106,0055,3655,1510600553655,4318,8.3707791729607
15,106,0062,1593,1510600621593,223,5.4116460518550396
15,106,0062,1767,1510600621767,5479,8.608860379942062
15,106,0062,1771,1510600621771,6165,8.726805608446096
15,106,0062,2407,1510600622407,1246,7.1284959456800365
15,106,0062,2680,1510600622680,1710,7.444833273892193
15,106,0062,2835,1510600622835,2947,7.988882253309227
15,106,0062,3602,1510600623602,235,5.4638318050256105
15,106,0063,0241,1510600630241,5692,8.646992628951082
15,106,0063,284A,151060063284A,245,5.5053315359323625
15,106,0065,2977,1510600652977,1718,7.449498005382849
15,106,0065,2981,1510600652981,2209,7.700747794511798
15,106,0065,3458,1510600653458,479,6.173786103901937
15,106,0065,3462,1510600653462,33,3.5263605246161616
15,106,0068,2500,1510600682500,3732,8.224967478914584
15,106,0068,373A,151060068373A,1537,7.338238150065589
15,106,0068,3744,1510600683744,3093,8.037220031133012
15,106,0070,1786,1510600701786,3473,8.153061946801051
15,106,0070,1790,1510600701790,4773,8.470939806898775
15,106,0070,2252,1510600702252,640,6.46302945692067
15,106,0070,302A,151060070302A,259,5.560681631015528
15,106,0070,3034,1510600703034,88,4.48863636973214
15,106,0070,3477,1510600703477,279,5.634789603169249
15,106,0072,2178,1510600722178,10830,9.290167671835738
15,106,0072,2854,1510600722854,3218,8.076826031298808
15,106,0072,3049,1510600723049,1343,7.203405521083095
15,106,0072,3053,1510600723053,4121,8.324093761450404
15,106,0072,3068,1510600723068,7623,8.939056445334039
15,106,0072,3481,1510600723481,949,6.856461984594587
15,106,0072,3689,1510600723689,1617,7.388946097618437
15,106,0072,3725,1510600723725,1598,7.377133712833954
15,106,0073,0294,1510600730294,6636,8.800415333145924
15,106,0073,1574,1510600731574,1259,7.138866999945524
15,106,0073,2750,1510600732750,298,5.700443573390687
15,106,0073,2869,1510600732869,170,5.14166355650266
15,106,0073,2943,1510600732943,57,4.060443010546419
15,106,0077,1485,1510600771485,3375,8.124446855715847
15,106,0077,149A,151060077149A,2503,7.825644732219989
15,106,0077,2958,1510600772958,39,3.6888794541139363
15,106,0079,1502,1510600791502,8272,9.020752479190183
15,106,0079,2271,1510600792271,4843,8.485496104672983
15,106,0079,2695,1510600792695,3210,8.074337694089515
15,106,0079,2873,1510600792873,2097,7.6487397889562425
15,106,0079,2888,1510600792888,4234,8.351138607086154
15,106,0082,2182,1510600822182,6798,8.82453082152646
15,106,0083,1517,1510600831517,6460,8.773539383558166
15,106,0083,1521,1510600831521,3794,8.24143968982973
15,106,0083,1589,1510600831589,2365,7.768956044538332
15,106,0083,1659,1510600831659,2566,7.8504931808711405
15,106,0083,170A,151060083170A,2636,7.877397186353287
15,106,0083,2286,1510600832286,2045,7.6236419465115715
15,106,0083,2394,1510600832394,135,4.912654885736052
15,106,0083,2712,1510600832712,7764,8.957381735582787
15,106,0083,2727,1510600832727,6912,8.841158975945264
15,106,0083,2892,1510600832892,464,6.142037405587356
15,106,0084,1803,1510600841803,9359,9.144200569471638
15,106,0084,1818,1510600841818,7358,8.903679332926599
15,106,0084,2464,1510600842464,2010,7.606387389772652
15,106,0084,2553,1510600842553,541,6.295266001439646
15,106,0084,2905,1510600842905,1808,7.500529485395295
15,106,0084,3509,1510600843509,0,0.0
15,106,0084,3528,1510600843528,0,0.0
15,106,0084,3759,1510600843759,0,0.0
15,106,0088,2479,1510600882479,4897,8.496582237512113
15,106,0088,3617,1510600883617,255,5.545177444479562
15,106,0097,1837,1510600971837,6145,8.72355674269043
15,106,0097,1841,1510600971841,8604,9.06009870864564
15,106,0097,2267,1510600972267,1104,7.007600613951853
15,106,0098,2515,1510600982515,3563,8.1786387885907
15,106,0099,2197,1510600992197,5829,8.670772279344538
15,106,0112,2483,1510601122483,5471,8.607399459302387
15,106,0127,220A,151060127220A,4739,8.463792414689122
15,106,0127,3621,1510601273621,489,6.194405391104672
15,106,0155,252A,151060155252A,3242,8.084254106307318
15,106,0194,2549,1510601942549,3757,8.231642179973411
15,106,0220,3778,1510602203778,2967,7.995643604287271
15,107,0001,0041,1510700010041,3566,8.17948018535889
15,107,0001,0056,1510700010056,3620,8.19450550976564
15,107,0001,0075,1510700010075,379,5.940171252720432
15,108,0001,002A,151080001002A,5202,8.556990661290303
15,108,0001,0034,1510800010034,3620,8.19450550976564
15,108,0001,0068,1510800010068,5467,8.60666819784384
15,108,0001,0072,1510800010072,9601,9.169726689090886
15,108,0001,0208,1510800010208,9532,9.162514742493578
15,108,0001,0227,1510800010227,2991,8.003697339094368
15,108,0001,0231,1510800010231,3147,8.054522609537294
15,108,0001,0335,1510800010335,4506,8.413387022690648
15,108,0001,034A,151080001034A,4311,8.369157112588834
15,108,0001,0354,1510800010354,3510,8.163656176168432
15,108,0001,0369,1510800010369,2909,7.975908360165538
15,108,0001,0392,1510800010392,2544,7.841885928984623
15,108,0001,0405,1510800010405,1564,7.355641102974253
15,108,0001,0424,1510800010424,1057,6.964135612418245
15,108,0001,0439,1510800010439,199,5.298317366548036
15,108,0001,0443,1510800010443,471,6.156978985585555
15,108,0001,0547,1510800010547,3858,8.258163361537619
15,108,0001,0551,1510800010551,62,4.143134726391533
15,108,0001,0585,1510800010585,787,6.669498089857879
15,108,0014,0053,1510800140053,2828,7.947678571301568
15,108,0014,0091,1510800140091,1199,7.090076835776092
15,108,0014,0104,1510800140104,1362,7.217443431696533
15,108,0014,0119,1510800140119,1338,7.199678345691172
15,108,0014,0123,1510800140123,1340,7.201170883281678
15,108,0014,0138,1510800140138,1663,7.416979621381154
15,108,0014,0142,1510800140142,972,6.880384082186005
15,108,0014,0157,1510800140157,689,6.536691597591305
15,108,0014,0161,1510800140161,1322,7.187657164114956
15,108,0014,0176,1510800140176,605,6.406879986069314
15,108,0014,0180,1510800140180,1122,7.023758954738443
15,108,0014,0195,1510800140195,1821,7.507690077819904
15,108,0014,0373,1510800140373,9624,9.172119159155985
15,108,0014,0458,1510800140458,5199,8.556413904569519
15,108,0014,0462,1510800140462,8065,8.995412975433313
15,108,0014,0477,1510800140477,3022,8.014004994779459
15,108,0014,0528,1510800140528,1336,7.198183577101943
15,108,0014,0532,1510800140532,3470,8.152198015861787
15,108,0014,0566,1510800140566,3371,8.123261319121745
15,108,0014,0570,1510800140570,3336,8.112827478751374
15,108,0063,059A,151080063059A,7176,8.878636747430072
15,109,0001,0065,1510900010065,1819,7.506591780070841
15,109,0001,007A,151090001007A,3918,8.273591798199632
15,109,0001,0084,1510900010084,4842,8.48528964240323
15,109,0001,0101,1510900010101,3155,8.057060681965766
15,109,0001,0116,1510900010116,3227,8.07961802938984
15,109,0001,0120,1510900010120,3134,8.050384453067021
15,109,0001,0347,1510900010347,959,6.866933284461882
15,109,0001,0351,1510900010351,489,6.194405391104672
15,109,0001,0690,1510900010690,1773,7.480992162869525
15,109,0001,1805,1510900011805,4701,8.455743229100015
15,109,0003,0031,1510900030031,4288,8.36380888451688
15,109,0003,0050,1510900030050,4923,8.501876487304344
15,109,0003,0455,1510900030455,2211,7.701652362642226
15,109,0003,046A,151090003046A,4094,8.31752199628717
15,109,0003,0474,1510900030474,3015,8.011686729127847
15,109,0003,0489,1510900030489,2273,7.729295674310482
15,109,0003,0559,1510900030559,6449,8.771835409789817
15,109,0003,0597,1510900030597,4050,8.30671904320269
15,109,0003,0614,1510900030614,2196,7.69484807238461
15,109,0003,0633,1510900030633,1014,6.922643891475888
15,109,0003,0648,1510900030648,4704,8.45638105201948
15,109,0003,0703,1510900030703,3861,8.258940462988459
15,109,0003,0722,1510900030722,3062,8.027150106832774
15,109,0003,0737,1510900030737,4330,8.373553741214627
15,109,0003,0741,1510900030741,3962,8.284756593190435
15,109,0003,0756,1510900030756,5921,8.686429508661536
15,109,0003,0760,1510900030760,4552,8.423541635334782
15,109,0003,0775,1510900030775,4132,8.326758814511733
15,109,0003,078A,151090003078A,3627,8.196436811235028
15,109,0003,0794,1510900030794,4016,8.298290634359283
15,109,0003,0807,1510900030807,4716,8.458928283284262
15,109,0003,0811,1510900030811,4494,8.410720946905721
15,109,0003,0826,1510900030826,5920,8.686260632531775
15,109,0003,0845,1510900030845,4330,8.373553741214627
15,109,0003,085A,151090003085A,4709,8.457443187010464
15,109,0003,0953,1510900030953,3843,8.254268770090183
15,109,0003,0968,1510900030968,2785,7.932362154339751
15,109,0003,1044,1510900031044,3193,8.069029328774958
15,109,0003,1059,1510900031059,6917,8.841881989497114
15,109,0003,1082,1510900031082,2473,7.813591552952433
15,109,0003,1256,1510900031256,2247,7.717796211013582
15,109,0003,1260,1510900031260,4094,8.31752199628717
15,109,0003,1275,1510900031275,5190,8.55468163582723
15,109,0003,128A,151090003128A,6452,8.77230041793584
15,109,0003,135A,151090003135A,1183,7.076653815443951
15,109,0003,1364,1510900031364,344,5.84354441703136
15,109,0003,1400,1510900031400,2917,7.978653729082731
15,109,0003,1415,1510900031415,127,4.852030263919617
15,109,0003,142A,151090003142A,458,6.129050210060545
15,109,0003,1538,1510900031538,4158,8.33302993974291
15,109,0003,1542,1510900031542,4873,8.491670234185152
15,109,0003,1557,1510900031557,3630,8.197263371414335
15,109,0003,1561,1510900031561,5816,8.668539943910762
15,109,0003,1576,1510900031576,2255,7.721348612617949
15,109,0003,1580,1510900031580,6088,8.714239143608575
15,109,0003,1595,1510900031595,6589,8.793308627496552
15,109,0003,1608,1510900031608,6853,8.832587702434553
15,109,0003,1612,1510900031612,3634,8.19836438996762
15,109,0003,1627,1510900031627,1218,7.105786129481271
15,109,0003,1631,1510900031631,3738,8.226573474977114
15,109,0003,1646,1510900031646,1443,7.275172319452771
15,109,0003,1716,1510900031716,6321,8.751790892775563
15,109,0003,1720,1510900031720,3215,8.075893630298857
15,109,0003,1735,1510900031735,617,6.42648845745769
15,109,0003,174A,151090003174A,2183,7.688913336864796
15,109,0003,1754,1510900031754,27,3.332204510175204
15,109,0003,1769,1510900031769,344,5.84354441703136
15,109,0003,1773,1510900031773,7,2.0794415416798357
15,109,0025,0027,1510900250027,6897,8.838986793496787
15,109,0025,0135,1510900250135,3086,8.034955024502159
15,109,0025,014A,151090025014A,5028,8.522976436171964
15,109,0025,0173,1510900250173,4405,8.39072252736229
15,109,0025,0188,1510900250188,6983,8.851377097519439
15,109,0025,021A,151090025021A,10883,9.295049099903137
15,109,0025,0224,1510900250224,9854,9.19573421958682
15,109,0025,0243,1510900250243,5575,8.62622695244036
15,109,0025,0281,1510900250281,6110,8.717845704894916
15,109,0025,0328,1510900250328,2228,7.709308333385869
15,109,0025,0686,1510900250686,1864,7.5310163320779155
15,109,0025,0883,1510900250883,5068,8.53089883847235
15,109,0025,0898,1510900250898,2667,7.889084407035514
15,109,0025,0900,1510900250900,2843,7.952966790923131
15,109,0025,0915,1510900250915,5262,8.56845648535378
15,109,0025,092A,151090025092A,3303,8.102889134640868
15,109,0025,0934,1510900250934,2246,7.717351272185329
15,109,0025,0949,1510900250949,3822,8.248790733696413
15,109,0025,1006,1510900251006,4711,8.457867725331422
15,109,0025,1025,1510900251025,5272,8.57035473953047
15,109,0025,103A,151090025103A,2549,7.843848638152472
15,109,0025,1129,1510900251129,3721,8.222016437202196
15,109,0025,1133,1510900251133,2068,7.634820677745543
15,109,0025,1148,1510900251148,1241,7.124478262493424
15,109,0025,1152,1510900251152,1251,7.132497551660044
15,109,0025,1167,1510900251167,981,6.889591308354466
15,109,0025,1171,1510900251171,3265,8.09132127353041
15,109,0025,1186,1510900251186,3404,8.133000218583613
15,109,0025,1190,1510900251190,1013,6.921658184151129
15,109,0025,1203,1510900251203,3045,8.021584533455107
15,109,0025,1218,1510900251218,1402,7.246368080102461
15,109,0025,1222,1510900251222,1505,7.317212408359839
15,109,0025,1294,1510900251294,3581,8.183676582620658
15,109,0025,1307,1510900251307,2178,7.68662133494462
15,109,0025,1650,1510900251650,4725,8.460834457746854
15,109,0025,1665,1510900251665,7145,8.874308038583354
15,109,0025,167A,151090025167A,2558,7.847371836159788
15,109,0025,1684,1510900251684,3350,8.11701408773731
15,109,0025,1699,1510900251699,2972,7.997326822998097
15,109,0025,1701,1510900251701,2203,7.698029170272805
15,109,0025,1788,1510900251788,624,6.437751649736401
15,109,0025,181A,151090025181A,3303,8.102889134640868
15,109,0068,0582,1510900680582,6984,8.851520271691061
15,109,0068,060A,151090068060A,1160,7.057036981697891
15,109,0068,0667,1510900680667,8721,9.073603848402712
15,109,0068,0864,1510900680864,7735,8.95364003713313
15,109,0068,0879,1510900680879,13226,9.490015474026047
15,109,0068,1063,1510900681063,1530,7.333676395657684
15,109,0068,1097,1510900681097,5126,8.5422759717837
15,109,0068,110A,151090068110A,3968,8.286269452783065
15,109,0068,1114,1510900681114,5852,8.67470962929122
15,109,0068,1241,1510900681241,1261,7.140453043101158
15,109,0068,1379,1510900681379,391,5.971261839790462
15,109,0068,1434,1510900681434,1742,7.463363045520021
15,109,0068,1449,1510900681449,4459,8.40290404501411
15,109,0068,1504,1510900681504,2484,7.818027938530729
15,109,0068,1519,1510900681519,2751,7.920083199053234
15,109,0068,1523,1510900681523,3853,8.256866848974312
15,109,0068,1824,1510900681824,2844,7.953318346560431
15,109,0069,1311,1510900691311,5642,8.63817111796914
15,109,0069,1326,1510900691326,2863,7.9599745280805365
15,109,0069,1330,1510900691330,2966,7.995306620290822
15,109,0069,1345,1510900691345,2490,7.820439515262181
15,109,0069,1453,1510900691453,1468,7.292337176173877
15,109,0069,1468,1510900691468,501,6.218600119691729
15,109,0069,2023,1510900692023,313,5.749392985908253
15,109,0069,2038,1510900692038,7,2.0794415416798357
15,109,0072,1839,1510900721839,3337,8.11312710422178
15,110,0001,0066,1511000010066,2649,7.882314918980268
15,110,0001,0070,1511000010070,1515,7.323830566202317
15,110,0001,0102,1511000010102,6668,8.805225202632306
15,110,0001,0117,1511000010117,4499,8.411832675758411
15,110,0001,0121,1511000010121,1711,7.445417556701687
15,110,0001,0189,1511000010189,3046,8.021912778985708
15,110,0001,0193,1511000010193,3743,8.227909837597483
15,110,0001,0206,1511000010206,1711,7.445417556701687
15,110,0001,023A,151100001023A,12,2.5649493574615367
15,110,0012,0085,1511000120085,1633,7.3987862754199485
15,110,0012,009A,151100012009A,3756,8.231376045573969
15,110,0012,0244,1511000120244,154,5.043425116919247
15,111,0001,0059,1511100010059,1354,7.2115567333138015
15,111,0014,0129,1511100140129,1448,7.278628942320682
15,111,0026,0133,1511100260133,3332,8.11162807830774
15,112,0001,0126,1511200010126,607,6.410174881966167
15,112,0001,0130,1511200010130,1683,7.428927194802272
15,112,0001,0145,1511200010145,1276,7.152268856032539
15,112,0001,015A,151120001015A,1729,7.455876687491824
15,112,0001,0164,1511200010164,1833,7.51425465281641
15,112,0001,0179,1511200010179,1634,7.399398083331354
15,112,0001,0200,1511200010200,16,2.833213344056216
15,112,0011,0183,1511200110183,4402,8.390041405755754
15,113,0001,0053,1511300010053,3761,8.232706009860976
15,113,0001,0068,1511300010068,5420,8.598035579260339
15,113,0001,0157,1511300010157,328,5.796057750765372
15,113,0028,0142,1511300280142,3853,8.256866848974312
15,113,0031,0119,1511300310119,1786,7.488293515159428
15,113,0031,0123,1511300310123,1800,7.496097345175956
15,114,0001,0120,1511400010120,1334,7.19668657083435
15,114,0001,0239,1511400010239,1027,6.93537044601511
15,114,0001,0243,1511400010243,613,6.419994928147142
15,114,0001,0258,1511400010258,741,6.60934924316738
15,114,0001,0262,1511400010262,112,4.727387818712341
15,115,0001,0043,1511500010043,9842,9.194515821629212
15,115,0001,0058,1511500010058,10838,9.29090601981575
15,115,0006,0081,1511500060081,5383,8.591186871324563
15,115,0006,0096,1511500060096,4789,8.474285690404962
15,115,0006,0109,1511500060109,417,6.035481432524756
15,115,0006,0113,1511500060113,67,4.219507705176107
15,116,0001,0021,1511600010021,2968,7.99598047476376
15,117,0001,0090,1511700010090,1346,7.205635176410364
15,117,0001,0103,1511700010103,1624,7.393263094763838
15,118,0001,0045,1511800010045,5377,8.59007183682881
15,118,0001,0079,1511800010079,3559,8.177515823846075
15,118,0001,0083,1511800010083,5700,8.648396877031582
15,118,0001,0100,1511800010100,2265,7.725771441587952
15,118,0001,0115,1511800010115,3951,8.281977058867758
15,118,0001,0134,1511800010134,5242,8.564649132572534
15,118,0001,0149,1511800010149,5018,8.520985989654934
15,118,0001,0219,1511800010219,2124,7.661527081358517
15,118,0001,0223,1511800010223,1745,7.465082736399547
15,118,0001,0238,1511800010238,1695,7.4360278163518485
15,118,0001,0280,1511800010280,929,6.835184586147301
15,118,0001,0312,1511800010312,2000,7.601402334583733
15,118,0001,0331,1511800010331,1326,7.190676034332207
15,118,0001,0399,1511800010399,853,6.74993119378857
15,118,0001,0401,1511800010401,399,5.991464547107982
15,118,0001,0469,1511800010469,685,6.530877627725885
15,118,0001,0473,1511800010473,3089,8.035926369891792
15,118,0001,0488,1511800010488,2448,7.803435056952168
15,118,0001,0492,1511800010492,1928,7.564757012905729
15,118,0001,0505,1511800010505,1562,7.354362330421477
15,118,0001,0558,1511800010558,173,5.159055299214529
15,118,0001,0577,1511800010577,452,6.115892125483034
15,118,0001,0666,1511800010666,571,6.349138991379798
15,118,0001,0670,1511800010670,838,6.732210706467206
15,118,0001,0685,1511800010685,291,5.676753802268282
15,118,0014,037A,151180014037A,6068,8.710949125835855
15,118,0053,0153,1511800530153,10484,9.25770094333602
15,118,0053,0276,1511800530276,5156,8.548110294050959
15,118,0053,0454,1511800530454,433,6.073044534100405
15,118,0053,0581,1511800530581,369,5.91350300563827
15,118,0058,005A,151180058005A,9092,9.115260165725912
15,118,0058,0242,1511800580242,2184,7.68937110752969
15,118,0058,0257,1511800580257,345,5.846438775057725
15,118,0058,0261,1511800580261,632,6.450470422144176
15,118,0059,0416,1511800590416,7060,8.862341963516347
15,118,0059,069A,151180059069A,964,6.872128101338986
15,118,0064,0350,1511800640350,3698,8.215817791832453
15,118,0064,0365,1511800640365,3010,8.010027528481734
15,118,0064,051A,151180064051A,227,5.429345628954441
15,118,0064,0651,1511800640651,419,6.040254711277414
15,118,0064,0702,1511800640702,13,2.6390573296152584
15,118,0064,0717,1511800640717,93,4.543294782270004
15,118,0067,0168,1511800670168,1653,7.4109518755836366
15,118,0067,0204,1511800670204,629,6.4457198193855785
15,118,0067,0543,1511800670543,1141,7.040536390215956
15,118,0067,0596,1511800670596,499,6.214608098422191
15,118,0075,0420,1511800750420,2729,7.912056888179006
15,118,0087,0435,1511800870435,3561,8.178077463849608
15,118,0087,0609,1511800870609,3319,8.107720061910534
15,118,0087,0613,1511800870613,88,4.48863636973214
15,118,0087,0628,1511800870628,446,6.102558594613569
15,118,0134,0721,1511801340721,2313,7.746732907753622
15,118,0134,0736,1511801340736,3879,8.263590432617319
15,119,0001,0080,1511900010080,1951,7.5766097669730375
15,119,0001,0095,1511900010095,2105,7.652545692693921
15,120,0001,0058,1512000010058,6138,8.722417141427496
15,120,0001,0062,1512000010062,5361,8.587092318795905
15,120,0001,0293,1512000010293,5592,8.629271094821588
15,120,0001,0306,1512000010306,5439,8.601534339849989
15,120,0001,0310,1512000010310,5071,8.531490496117062
15,120,0001,0325,1512000010325,2896,7.9714309977693505
15,120,0001,0344,1512000010344,3776,8.236685322712457
15,120,0001,0378,1512000010378,1192,7.084226422097916
15,120,0001,0382,1512000010382,343,5.840641657373398
15,120,0001,0537,1512000010537,1691,7.433666540166168
15,120,0001,0541,1512000010541,1100,7.00397413672268
15,120,0001,0556,1512000010556,3708,8.21851757748959
15,120,0001,0560,1512000010560,3888,8.265907334155747
15,120,0001,0575,1512000010575,1635,7.400009517162692
15,120,0001,058A,151200001058A,1051,6.9584483932976555
15,120,0001,0594,1512000010594,1861,7.529406457837013
15,120,0013,0397,1512000130397,2991,8.003697339094368
15,120,0013,0471,1512000130471,407,6.0112671744041615
15,120,0014,0664,1512000140664,5190,8.55468163582723
15,120,0023,0626,1512000230626,2681,7.894318063841624
15,120,0041,0096,1512000410096,7218,8.88447171813916
15,120,0041,0255,1512000410255,771,6.648984550024776
15,120,0041,026A,151200041026A,987,6.895682697747868
15,120,0041,0274,1512000410274,1721,7.451241684987676
15,120,0041,0503,1512000410503,55,4.02535169073515
15,120,0041,0518,1512000410518,81,4.406719247264253
15,120,0041,0522,1512000410522,156,5.056245805348308
15,120,0045,040A,151200045040A,4150,8.33110454805304
15,120,0045,0611,1512000450611,73,4.30406509320417
15,120,0046,0113,1512000460113,8978,9.102643796520809
15,120,0046,0128,1512000460128,6281,8.745443680098592
15,120,0046,0132,1512000460132,4113,8.322151070212902
15,120,0046,0467,1512000460467,228,5.43372200355424
15,120,0054,0221,1512000540221,1089,6.993932975223189
15,120,0054,0359,1512000540359,2612,7.868254265520613
15,120,0054,0363,1512000540363,2203,7.698029170272805
15,120,0056,0414,1512000560414,1941,7.571473648851271
15,120,0056,0433,1512000560433,1055,6.962243464266207
15,120,0056,0448,1512000560448,409,6.016157159698354
15,120,0056,0452,1512000560452,234,5.459585514144159
15,120,0057,0429,1512000570429,3610,8.191740021277457
15,120,0175,0607,1512001750607,10230,9.23317760587894
15,120,0198,0630,1512001980630,3155,8.057060681965766
15,120,0198,0645,1512001980645,6895,8.83869681234353
15,120,0204,065A,151200204065A,4024,8.300280189852664
15,121,0001,0089,1512100010089,1324,7.1891677384203225
15,121,0001,0093,1512100010093,2949,7.989560449333865
15,121,0001,0106,1512100010106,882,6.78332520060396
15,121,0001,0125,1512100010125,40,3.713572066704308
15,121,0001,013A,151210001013A,3076,8.031710375322042
15,121,0001,0144,1512100010144,748,6.618738983517219
15,121,0001,0178,1512100010178,7133,8.872627365918836
15,121,0001,0182,1512100010182,1836,7.515889085215125
15,121,0001,0197,1512100010197,6205,8.733271845008325
15,121,0001,020A,151210001020A,3427,8.13973227971767
15,121,0001,0229,1512100010229,5475,8.60813018640834
15,121,0001,0233,1512100010233,6888,8.837681215593197
15,121,0001,0248,1512100010248,3145,8.053887083618223
15,121,0001,0252,1512100010252,709,6.565264970035361
15,121,0001,0267,1512100010267,28,3.367295829986474
15,121,0001,0271,1512100010271,1633,7.3987862754199485
15,121,0001,0303,1512100010303,0,0.0
15,121,0001,0322,1512100010322,6586,8.792853288640693
15,121,0001,0337,1512100010337,7425,8.912742634737025
15,121,0001,0356,1512100010356,13,2.6390573296152584
15,121,0001,0360,1512100010360,33,3.5263605246161616
15,121,0001,0394,1512100010394,3683,8.211754397375197
15,121,0001,0407,1512100010407,1017,6.925595197110468
15,121,0001,0411,1512100010411,275,5.62040086571715
15,121,0001,0426,1512100010426,2340,7.75833346749091
15,121,0001,0430,1512100010430,5083,8.533853632309345
15,121,0001,045A,151210001045A,3461,8.149601735736155
15,121,0001,0500,1512100010500,6670,8.805525052709516
15,121,0001,0515,1512100010515,3145,8.053887083618223
15,121,0001,0553,1512100010553,292,5.680172609017068
15,121,0001,0568,1512100010568,1775,7.4821189235521155
15,121,0001,0591,1512100010591,2093,7.646831391430482
15,121,0001,0661,1512100010661,3477,8.154212694914229
15,121,0001,0676,1512100010676,3598,8.188411308079031
15,121,0001,0680,1512100010680,2899,7.9724660159745655
15,121,0001,0708,1512100010708,5291,8.573951525234847
15,121,0001,0712,1512100010712,2900,7.972810784121404
15,121,0001,0727,1512100010727,2768,7.926241523170962
15,121,0001,0731,1512100010731,1896,7.5480289699350145
15,121,0001,0746,1512100010746,3917,8.273336598504486
15,121,0001,0750,1512100010750,2839,7.951559331155252
15,121,0001,0765,1512100010765,2794,7.9355873855892
15,121,0001,077A,151210001077A,1212,7.10085190894405
15,121,0001,0784,1512100010784,3324,8.109224953089955
15,121,0001,0799,1512100010799,2667,7.889084407035514
15,121,0001,0801,1512100010801,3100,8.03947991910045
15,121,0001,0816,1512100010816,2269,7.727535110475448
15,121,0001,0869,1512100010869,6055,8.708804795117285
15,121,0001,0873,1512100010873,2272,7.728855823852543
15,121,0001,0888,1512100010888,701,6.553933404025811
15,121,0001,0892,1512100010892,839,6.733401891837359
15,121,0001,0905,1512100010905,1204,7.094234845924755
15,121,0001,091A,151210001091A,1666,7.418780882750794
15,121,0001,0924,1512100010924,2378,7.774435510302958
15,121,0001,0939,1512100010939,1487,7.305188215393037
15,121,0001,0943,1512100010943,1782,7.48605261786314
15,121,0001,0958,1512100010958,806,6.693323668269949
15,121,0001,0962,1512100010962,837,6.731018100482083
15,121,0001,0977,1512100010977,864,6.762729506931879
15,121,0001,0981,1512100010981,973,6.881411303642535
15,121,0001,0996,1512100010996,1251,7.132497551660044
15,121,0001,1000,1512100011000,1954,7.578145472419466
15,121,0001,102A,151210001102A,4145,8.329899292995725
15,121,0001,1034,1512100011034,4001,8.294549515143679
15,121,0001,1049,1512100011049,3377,8.125039097367745
15,121,0001,1053,1512100011053,4381,8.385260520155413
15,121,0001,1072,1512100011072,3364,8.121183242078828
15,121,0001,1087,1512100011087,1794,7.492760300922379
15,121,0001,1104,1512100011104,5817,8.668711839055147
15,121,0001,1176,1512100011176,2368,7.7702232041587855
15,121,0001,1180,1512100011180,6254,8.741136422901011
15,121,0001,1208,1512100011208,1362,7.217443431696533
15,121,0001,1212,1512100011212,446,6.102558594613569
15,121,0001,1231,1512100011231,2017,7.609862200913554
15,121,0001,1246,1512100011246,826,6.717804695023691
15,121,0001,1265,1512100011265,4551,8.423321975806166
15,121,0001,1284,1512100011284,1815,7.504391559161238
15,121,0001,1299,1512100011299,4329,8.373322820996535
15,121,0001,1301,1512100011301,6551,8.787525625532906
15,121,0001,1316,1512100011316,121,4.804021044733257
15,121,0001,1320,1512100011320,290,5.673323267171493
15,121,0001,1335,1512100011335,4866,8.490233009833455
15,121,0001,134A,151210001134A,1663,7.416979621381154
15,121,0001,1354,1512100011354,1006,6.914730892718563
15,121,0001,1369,1512100011369,1740,7.462214939768189
15,121,0001,1373,1512100011373,2513,7.829630389150193
15,121,0001,1388,1512100011388,2714,7.906547232368036
15,121,0001,1392,1512100011392,2043,7.622663951323595
15,121,0001,1405,1512100011405,1073,6.97914527506881
15,121,0001,141A,151210001141A,5523,8.616857514529183
15,121,0001,1424,1512100011424,288,5.666426688112432
15,121,0001,1443,1512100011443,1131,7.0317412587631285
15,121,0001,1458,1512100011458,865,6.763884908562435
15,121,0001,1462,1512100011462,2834,7.949797216161852
15,121,0001,1477,1512100011477,4578,8.429235912657095
15,121,0001,1481,1512100011481,3271,8.093156697722637
15,121,0001,1496,1512100011496,4532,8.41913925094085
15,121,0001,1509,1512100011509,3806,8.244596756382498
15,121,0001,1513,1512100011513,4534,8.419580362549237
15,121,0001,1528,1512100011528,3077,8.032035314398824
15,121,0001,1532,1512100011532,4671,8.449342524508063
15,121,0001,1547,1512100011547,3645,8.201385955238608
15,121,0001,1551,1512100011551,4406,8.390949464841986
15,121,0001,1566,1512100011566,2948,7.989221408815276
15,121,0001,1570,1512100011570,1970,7.58629630715272
15,121,0001,1585,1512100011585,7906,8.975503722070927
15,121,0001,159A,151210001159A,3570,8.18060094759445
15,121,0001,1602,1512100011602,2508,7.827639546366422
15,121,0001,1617,1512100011617,3188,8.067462667010057
15,121,0001,1636,1512100011636,2028,7.615298339825815
15,121,0001,1640,1512100011640,5568,8.624970783589669
15,121,0001,1655,1512100011655,2175,7.685243607975833
15,121,0001,166A,151210001166A,892,6.794586580876499
15,121,0001,1674,1512100011674,824,6.715383386334681
15,121,0001,1689,1512100011689,2830,7.9483852851118995
15,121,0001,1693,1512100011693,1172,7.067319848653476
15,121,0001,1706,1512100011706,1347,7.206377291472252
15,121,0001,1710,1512100011710,3055,8.024862150286411
15,121,0001,1725,1512100011725,2198,7.695757990554761
15,121,0001,173A,151210001173A,3259,8.089482474360754
15,121,0001,1744,1512100011744,2607,7.866338923046544
15,121,0001,1759,1512100011759,1823,7.508787170634276
15,121,0001,1763,1512100011763,3110,8.042699496897637
15,121,0001,1778,1512100011778,1921,7.561121589530238
15,121,0001,1782,1512100011782,1439,7.272398392570047
15,121,0001,1797,1512100011797,797,6.682108597449809
15,121,0001,180A,151210001180A,1852,7.52456122628536
15,121,0001,1814,1512100011814,1920,7.560601162768557
15,121,0001,1829,1512100011829,1196,7.087573705557973
15,121,0001,1833,1512100011833,1420,7.259116128097101
15,121,0001,1848,1512100011848,272,5.60947179518496
15,121,0001,1871,1512100011871,2102,7.6511201757027
15,121,0001,1886,1512100011886,359,5.886104031450156
15,121,0001,1890,1512100011890,3017,8.012349639327795
15,121,0001,1903,1512100011903,1657,7.4133673356952405
15,121,0001,1918,1512100011918,1757,7.471932078245122
15,121,0001,1922,1512100011922,3432,8.141189793457691
15,121,0001,1937,1512100011937,1328,7.192182058713246
15,121,0001,1941,1512100011941,1768,7.478169694159785
15,121,0001,1956,1512100011956,1252,7.133295954896068
15,121,0001,1960,1512100011960,4,1.6094379124341003
15,121,0001,1975,1512100011975,1607,7.382746449738912
15,121,0001,198A,151210001198A,919,6.824373670043086
15,121,0001,1994,1512100011994,1951,7.5766097669730375
15,121,0001,2009,1512100012009,2017,7.609862200913554
15,121,0001,2013,1512100012013,2359,7.7664168980196555
15,121,0001,2028,1512100012028,1353,7.21081845347222
15,121,0001,2032,1512100012032,1081,6.9865664594064265
15,121,0001,2047,1512100012047,244,5.501258210544727
15,121,0001,2051,1512100012051,103,4.6443908991413725
15,121,0001,2066,1512100012066,175,5.170483995038151
15,121,0001,2070,1512100012070,3225,8.078998258685154
15,121,0001,2085,1512100012085,399,5.991464547107982
15,121,0001,209A,151210001209A,311,5.7430031878094825
15,121,0001,2102,1512100012102,2761,7.923710333969238
15,121,0001,2117,1512100012117,207,5.337538079701318
15,121,0001,2121,1512100012121,18,2.9444389791664403
15,121,0001,2136,1512100012136,776,6.655440350367647
15,121,0001,2140,1512100012140,8145,9.005282288208358
15,121,0001,2155,1512100012155,5895,8.682029433869172
15,121,0001,216A,151210001216A,8732,9.074864232413733
15,121,0001,2174,1512100012174,9128,9.119211438565081
15,121,0001,2189,1512100012189,1213,7.101675971619444
15,121,0001,2193,1512100012193,4253,8.355614995760183
15,121,0001,2206,1512100012206,3152,8.056109659545061
15,121,0001,2210,1512100012210,4270,8.359603270841466
15,121,0001,2225,1512100012225,138,4.9344739331306915
15,121,0001,223A,151210001223A,4996,8.516593011344206
15,121,0001,2244,1512100012244,331,5.805134968916488
15,121,0001,2259,1512100012259,3257,8.08886878916199
15,121,0001,2278,1512100012278,3138,8.051659556841953
15,121,0001,2282,1512100012282,4694,8.454253391642363
15,121,0001,2297,1512100012297,1660,7.415175109613295
15,121,0001,230A,151210001230A,4985,8.514389264083503
15,121,0001,2314,1512100012314,3439,8.143226750367445
15,121,0001,2333,1512100012333,3735,8.225770799348734
15,121,0001,2348,1512100012348,1885,7.542213463193403
15,121,0001,2352,1512100012352,1942,7.57198844937744
15,121,0001,2367,1512100012367,2358,7.765993079407675
15,121,0001,2371,1512100012371,6542,8.78615105486974
15,121,0001,2386,1512100012386,4972,8.511778558714738
15,121,0001,2403,1512100012403,569,6.345636360828596
15,121,0001,2418,1512100012418,1506,7.317876198626496
15,121,0001,2422,1512100012422,431,6.068425588244111
15,121,0001,2437,1512100012437,1517,7.325148957955575
15,121,0001,2441,1512100012441,2535,7.8383433155571165
15,121,0001,2456,1512100012456,875,6.775366090936392
15,121,0001,2460,1512100012460,75,4.330733340286331
15,121,0001,2475,1512100012475,231,5.44673737166631
15,121,0001,248A,151210001248A,0,0.0
15,121,0001,2494,1512100012494,0,0.0
15,121,0020,0835,1512100200835,6719,8.812843433517195
15,121,0020,1852,1512100201852,4749,8.465899897028686
15,121,0020,1867,1512100201867,5349,8.584851839890053
15,121,0020,2390,1512100202390,582,6.368187186350492
15,122,0001,0014,1512200010014,5118,8.540714386457584
15,122,0001,0029,1512200010029,4448,8.400434630806041
15,122,0001,0033,1512200010033,2254,7.720905251936779
15,122,0001,0048,1512200010048,2259,7.723120092266331
15,122,0001,0052,1512200010052,3395,8.130353547431238
15,122,0001,0067,1512200010067,4027,8.301025253838453
15,122,0001,0071,1512200010071,2577,7.8547691834991324
15,122,0001,0086,1512200010086,6670,8.805525052709516
15,122,0001,0090,1512200010090,6551,8.787525625532906
15,122,0001,0137,1512200010137,4208,8.344980368770571
15,122,0001,0141,1512200010141,3510,8.163656176168432
15,122,0001,0156,1512200010156,2100,7.650168700845001
15,122,0001,0160,1512200010160,4107,8.32069157104845
15,122,0001,0175,1512200010175,3043,8.020927718981577
15,122,0001,018A,151220001018A,2728,7.911690520708339
15,122,0001,0194,1512200010194,2618,7.870547844507712
15,122,0001,0207,1512200010207,3792,8.2409125416889
15,122,0001,0211,1512200010211,2947,7.988882253309227
15,122,0001,0226,1512200010226,5956,8.692322277628687
15,122,0001,0230,1512200010230,5669,8.642944396721798
15,122,0001,0245,1512200010245,6579,8.791790024319363
15,122,0001,025A,151220001025A,7351,8.902727664035522
15,122,0001,0264,1512200010264,2474,7.813995675002791
15,122,0001,0279,1512200010279,3846,8.255048902752295
15,122,0001,0283,1512200010283,3278,8.095293776844649
15,122,0001,0300,1512200010300,2871,7.962763930168115
15,122,0001,0315,1512200010315,1977,7.589841512182657
15,122,0001,032A,151220001032A,2447,7.803026643632217
15,122,0001,0334,1512200010334,3091,8.036573409707312
15,122,0001,0349,1512200010349,3526,8.168202930236053
15,122,0001,0353,1512200010353,3254,8.08794755464267
15,122,0001,0368,1512200010368,6280,8.74528448245438
15,122,0001,0372,1512200010372,5288,8.57338447106598
15,122,0001,0387,1512200010387,7259,8.890135107818843
15,122,0001,0391,1512200010391,4403,8.390268497842571
15,122,0001,0404,1512200010404,2164,7.68017564043659
15,122,0001,0419,1512200010419,3003,8.007700012884026
15,122,0001,0423,1512200010423,3018,8.012680929706839
15,122,0001,0438,1512200010438,2839,7.951559331155252
15,122,0001,0442,1512200010442,3918,8.273591798199632
15,122,0001,0457,1512200010457,3053,8.024207485778577
15,122,0001,0461,1512200010461,3946,8.280711075662847
15,122,0001,0476,1512200010476,3058,8.025843344150903
15,122,0001,0480,1512200010480,3760,8.232440158470336
15,122,0001,0495,1512200010495,3468,8.15162164696975
15,122,0001,0512,1512200010512,4482,8.40804774415544
15,122,0001,0527,1512200010527,2756,7.921898411023797
15,122,0001,0531,1512200010531,3268,8.092239406724211
15,122,0001,0546,1512200010546,2838,7.951207156472972
15,122,0001,0550,1512200010550,2772,7.927685045615778
15,122,0001,0565,1512200010565,1744,7.4645098346365275
15,122,0001,057A,151220001057A,2788,7.933438387627489
15,122,0001,0584,1512200010584,3029,8.016317898503415
15,122,0001,0601,1512200010601,7545,8.928772900524256
15,122,0001,0616,1512200010616,3196,8.069968149059841
15,122,0001,0620,1512200010620,5006,8.518592212329946
15,122,0001,0635,1512200010635,3400,8.131824785007195
15,122,0001,064A,151220001064A,3084,8.034306936339489
15,122,0001,0654,1512200010654,4752,8.46653127661401
15,122,0001,0669,1512200010669,4020,8.299285906897275
15,122,0001,0673,1512200010673,4978,8.512984346642183
15,122,0001,0688,1512200010688,3123,8.046869510959576
15,122,0001,0692,1512200010692,1235,7.119635638017636
15,122,0001,0705,1512200010705,2545,7.842278779117352
15,122,0001,071A,151220001071A,2297,7.739794458408701
15,122,0001,0724,1512200010724,4626,8.439663988907
15,122,0001,0739,1512200010739,5284,8.572627898304338
15,122,0001,0743,1512200010743,3813,8.246433786160365
15,122,0001,0758,1512200010758,3662,8.206037762778815
15,122,0001,0762,1512200010762,3792,8.2409125416889
15,122,0001,0777,1512200010777,2781,7.930925372483388
15,122,0001,0781,1512200010781,1872,7.5352967024440884
15,122,0001,0796,1512200010796,2853,7.956476798036782
15,122,0001,0809,1512200010809,2611,7.867871490396322
15,122,0001,0813,1512200010813,2944,7.987864096085687
15,122,0001,0828,1512200010828,3599,8.1886891244442
15,122,0001,0832,1512200010832,2499,7.824046010856292
15,122,0001,0847,1512200010847,2757,7.922261058353247
15,122,0001,0851,1512200010851,2321,7.7501841622578365
15,122,0001,0866,1512200010866,1712,7.44600149832412
15,122,0001,0870,1512200010870,2458,7.807510042216193
15,122,0001,0885,1512200010885,2845,7.953669778649798
15,122,0001,089A,151220001089A,2630,7.875119281040293
15,122,0001,0902,1512200010902,1955,7.578656850594762
15,122,0001,0917,1512200010917,2750,7.919719760924575
15,122,0001,0921,1512200010921,5262,8.56845648535378
15,122,0001,0936,1512200010936,176,5.176149732573829
15,122,0001,0940,1512200010940,1691,7.433666540166168
15,122,0001,0955,1512200010955,1665,7.418180822726788
15,122,0001,096A,151220001096A,38,3.6635616461296463
15,122,0001,0974,1512200010974,2423,7.793174347189205
15,122,0001,0989,1512200010989,5019,8.521185212685776
15,122,0001,0993,1512200010993,3039,8.019612794400267
15,122,0001,1008,1512200011008,4137,8.327967858305488
15,122,0001,1027,1512200011027,2582,7.8567067930958405
15,122,0001,1031,1512200011031,3057,8.025516386489008
15,122,0001,1046,1512200011046,2438,7.79934339821592
15,122,0001,1050,1512200011050,2027,7.614805364711073
15,122,0001,1065,1512200011065,3413,8.135639903354386
15,122,0001,107A,151220001107A,4093,8.317277766221235
15,122,0001,1084,1512200011084,4142,8.329175442077402
15,122,0001,1099,1512200011099,2472,7.813187267521416
15,122,0001,1101,1512200011101,1,0.6931471805599453
15,122,0001,1116,1512200011116,0,0.0
15,122,0001,1120,1512200011120,439,6.0867747269123065
15,122,0001,1135,1512200011135,4801,8.4767877767812
15,122,0001,114A,151220001114A,77,4.356708826689592
15,122,0001,1154,1512200011154,610,6.415096959171596
15,123,0001,0011,1512300010011,1034,6.942156705699469
15,123,0001,0026,1512300010026,1489,7.306531398939505
15,123,0001,0030,1512300010030,1287,7.160845906664299
15,123,0001,0045,1512300010045,1469,7.293017679772782
15,123,0001,005A,151230001005A,1424,7.261927092702751
15,123,0001,0064,1512300010064,569,6.345636360828596
15,123,0001,0149,1512300010149,37,3.6375861597263857
15,123,0001,0153,1512300010153,25,3.258096538021482
15,123,0001,0168,1512300010168,108,4.6913478822291435
15,123,0001,0172,1512300010172,19,2.995732273553991
15,123,0001,0187,1512300010187,85,4.454347296253507
15,124,0001,0019,1512400010019,1638,7.40184157874383
15,124,0054,0023,1512400540023,2543,7.841492924460013
15,124,0107,0038,1512401070038,2500,7.824445930877619
15,125,0001,0016,1512500010016,3093,8.037220031133012
15,125,0001,0020,1512500010020,2752,7.920446505142607
15,125,0001,004A,151250001004A,929,6.835184586147301
