ENTIDAD,MUN,LOC,AGEB,CVEGEO,POBTOT,log_POBTOT
19,001,0001,0021,1900100010021,1124,7.025538314638521
19,001,0001,0036,1900100010036,778,6.658011045870748
19,001,0001,0040,1900100010040,62,4.143134726391533
19,001,0001,0055,1900100010055,12,2.5649493574615367
19,002,0001,0207,1900200010207,262,5.572154032177765
19,002,0001,0211,1900200010211,240,5.484796933490655
19,002,0001,0226,1900200010226,131,4.882801922586371
19,002,0001,0230,1900200010230,218,5.389071729816501
19,002,0001,0245,1900200010245,163,5.099866427824199
19,002,0001,025A,190020001025A,274,5.616771097666572
19,002,0001,0264,1900200010264,114,4.74493212836325
19,002,0001,0279,1900200010279,410,6.018593214496234
19,002,0001,0438,1900200010438,32,3.4965075614664802
19,002,0001,0442,1900200010442,140,4.948759890378168
19,002,0001,0457,1900200010457,11,2.4849066497880004
19,003,0001,0083,1900300010083,98,4.59511985013459
19,003,0001,0098,1900300010098,125,4.836281906951478
19,003,0001,0100,1900300010100,189,5.247024072160486
19,003,0001,0115,1900300010115,131,4.882801922586371
19,003,0001,0204,1900300010204,0,0.0
19,003,0001,0219,1900300010219,0,0.0
19,003,0001,0223,1900300010223,0,0.0
19,003,0001,0238,1900300010238,0,0.0
19,003,0001,0242,1900300010242,2,1.0986122886681098
19,003,0001,0257,1900300010257,0,0.0
19,004,0001,0095,1900400010095,789,6.672032945461067
19,004,0001,0112,1900400010112,623,6.436150368369428
19,004,0001,0127,1900400010127,592,6.385194398997726
19,004,0001,0131,1900400010131,1466,7.2909747781429814
19,004,0001,0146,1900400010146,2002,7.602401335665818
19,004,0001,0150,1900400010150,593,6.386879319362645
19,004,0001,0165,1900400010165,548,6.3080984415095305
19,004,0001,0184,1900400010184,893,6.795705775173514
19,004,0001,0216,1900400010216,1782,7.48605261786314
19,004,0001,0220,1900400010220,1101,7.004881989712859
19,004,0001,0235,1900400010235,1741,7.462789157412448
19,004,0001,024A,190040001024A,1057,6.964135612418245
19,004,0001,0254,1900400010254,872,6.771935555839602
19,004,0001,0269,1900400010269,113,4.736198448394496
19,004,0001,0273,1900400010273,579,6.363028103540465
19,004,0001,0288,1900400010288,26,3.295836866004329
19,004,0001,0292,1900400010292,46,3.8501476017100584
19,004,0001,0305,1900400010305,395,5.981414211254481
19,004,0001,031A,190040001031A,1673,7.422971251049421
19,004,0001,0324,1900400010324,1486,7.304515946460155
19,004,0001,0339,1900400010339,2096,7.64826303090192
19,004,0001,0343,1900400010343,1533,7.335633981927201
19,004,0001,0358,1900400010358,619,6.429719478039138
19,004,0001,0362,1900400010362,1094,6.9985096422506015
19,004,0001,0377,1900400010377,1126,7.027314514039777
19,004,0001,0381,1900400010381,1048,6.955592608396297
19,004,0001,0413,1900400010413,72,4.290459441148391
19,004,0001,0428,1900400010428,10,2.3978952727983707
19,004,0001,0432,1900400010432,14,2.70805020110221
19,004,0001,0447,1900400010447,3,1.3862943611198906
19,004,0001,0451,1900400010451,0,0.0
19,004,0001,0466,1900400010466,73,4.30406509320417
19,005,0001,0406,1900500010406,1302,7.172424577124845
19,005,0001,0410,1900500010410,911,6.815639990074331
19,005,0001,0482,1900500010482,881,6.782192056006791
19,005,0001,0497,1900500010497,768,6.645090969505644
19,005,0001,050A,190050001050A,565,6.338594078203183
19,005,0001,0514,1900500010514,1444,7.275864600546533
19,005,0001,0529,1900500010529,1207,7.0967213784947605
19,005,0001,0533,1900500010533,1085,6.990256500493881
19,005,0001,0548,1900500010548,1072,6.9782137426306985
19,005,0001,0552,1900500010552,1140,7.039660349862076
19,005,0001,0567,1900500010567,883,6.784457062637643
19,005,0001,0571,1900500010571,933,6.839476438228843
19,005,0001,0586,1900500010586,1100,7.00397413672268
19,005,0001,0980,1900500010980,34,3.5553480614894135
19,005,0001,1048,1900500011048,134,4.90527477843843
19,005,0001,1052,1900500011052,922,6.827629234502852
19,005,0001,1071,1900500011071,1314,7.181591944611865
19,005,0001,1086,1900500011086,2,1.0986122886681098
19,005,0001,1090,1900500011090,17,2.8903717578961645
19,005,0001,1103,1900500011103,138,4.9344739331306915
19,005,0001,1118,1900500011118,0,0.0
19,005,0001,1122,1900500011122,2,1.0986122886681098
19,005,0001,1137,1900500011137,6,1.9459101490553132
19,005,0001,1141,1900500011141,575,6.3561076606958915
19,005,0001,1156,1900500011156,1,0.6931471805599453
19,005,0001,1160,1900500011160,157,5.062595033026967
19,005,0001,1175,1900500011175,35,3.58351893845611
19,006,0001,0051,1900600010051,2573,7.853216388156072
19,006,0001,0066,1900600010066,1028,6.9363427358340495
19,006,0001,0070,1900600010070,1883,7.5411524551363085
19,006,0001,0085,1900600010085,934,6.840546529288687
19,006,0001,009A,190060001009A,787,6.669498089857879
19,006,0001,0102,1900600010102,1219,7.106606137727303
19,006,0001,0117,1900600010117,5719,8.651724084373843
19,006,0001,0136,1900600010136,0,0.0
19,006,0001,0140,1900600010140,0,0.0
19,006,0001,0174,1900600010174,3291,8.09925056179696
19,006,0001,0189,1900600010189,0,0.0
19,006,0001,0206,1900600010206,4535,8.419800845407588
19,006,0001,0210,1900600010210,0,0.0
19,006,0001,0225,1900600010225,11,2.4849066497880004
19,006,0001,0244,1900600010244,114,4.74493212836325
19,006,0001,0259,1900600010259,2871,7.962763930168115
19,006,0001,0278,1900600010278,229,5.438079308923196
19,006,0001,0297,1900600010297,6200,8.732465848349879
19,006,0001,030A,190060001030A,2337,7.757051142032013
19,006,0001,0348,1900600010348,3245,8.085178748074537
19,006,0001,0352,1900600010352,1336,7.198183577101943
19,006,0001,0367,1900600010367,626,6.440946540632921
19,006,0001,0386,1900600010386,5760,8.658866349732383
19,006,0001,0403,1900600010403,5419,8.597851094433691
19,006,0001,0422,1900600010422,6954,8.847216104357543
19,006,0001,0437,1900600010437,5364,8.587651655064798
19,006,0001,0460,1900600010460,5979,8.696175846944678
19,006,0001,0475,1900600010475,5672,8.643473357326567
19,006,0001,0507,1900600010507,1267,7.145196134997171
19,006,0001,0511,1900600010511,829,6.721425700790643
19,006,0001,0526,1900600010526,479,6.173786103901937
19,006,0001,0530,1900600010530,0,0.0
19,006,0001,055A,190060001055A,5167,8.550241045462437
19,006,0001,0564,1900600010564,7142,8.873888135154973
19,006,0001,0583,1900600010583,4841,8.485083137498004
19,006,0001,0598,1900600010598,5758,8.658519127506672
19,006,0001,0668,1900600010668,4833,8.483429561263428
19,006,0001,0672,1900600010672,4564,8.426173793029069
19,006,0001,0687,1900600010687,489,6.194405391104672
19,006,0001,0719,1900600010719,8106,9.000483164987708
19,006,0001,0723,1900600010723,6114,8.718500048121273
19,006,0001,0757,1900600010757,4044,8.305236829492593
19,006,0001,0761,1900600010761,5636,8.637107288081575
19,006,0001,0776,1900600010776,5102,8.537583881063972
19,006,0001,0780,1900600010780,4183,8.339023005744759
19,006,0001,0795,1900600010795,5120,8.54110501146255
19,006,0001,0808,1900600010808,3860,8.258681496264236
19,006,0001,0827,1900600010827,493,6.202535517187923
19,006,0001,0831,1900600010831,1595,7.3752557780097545
19,006,0001,0850,1900600010850,2394,7.781138509845015
19,006,0001,0865,1900600010865,3583,8.18423477409482
19,006,0001,087A,190060001087A,7627,8.93958096672031
19,006,0001,0884,1900600010884,6435,8.769662508112274
19,006,0001,0901,1900600010901,5541,8.620110725422924
19,006,0001,0920,1900600010920,6147,8.723882104658486
19,006,0001,0935,1900600010935,1217,7.1049654482698426
19,006,0001,094A,190060001094A,49,3.912023005428146
19,006,0001,0954,1900600010954,0,0.0
19,006,0001,0969,1900600010969,0,0.0
19,006,0001,0973,1900600010973,0,0.0
19,006,0001,0988,1900600010988,0,0.0
19,006,0001,0992,1900600010992,0,0.0
19,006,0001,1007,1900600011007,73,4.30406509320417
19,006,0001,1011,1900600011011,0,0.0
19,006,0001,1026,1900600011026,0,0.0
19,006,0001,1030,1900600011030,2442,7.8009820712577405
19,006,0001,1045,1900600011045,5002,8.517793011488205
19,006,0001,105A,190060001105A,6700,8.81001204797317
19,006,0001,1064,1900600011064,4596,8.433159195806228
19,006,0001,1083,1900600011083,4456,8.402231172946555
19,006,0001,1098,1900600011098,5427,8.59932602095476
19,006,0001,1115,1900600011115,1767,7.477604243197589
19,006,0001,112A,190060001112A,1968,7.585281078639126
19,006,0001,1149,1900600011149,2046,7.624130585661289
19,006,0001,1172,1900600011172,1764,7.475905969367397
19,006,0001,1187,1900600011187,4098,8.318498320504338
19,006,0001,1204,1900600011204,2615,7.86940171257709
19,006,0001,1219,1900600011219,3889,8.266164436612492
19,006,0001,1223,1900600011223,3182,8.065579427282092
19,006,0001,1238,1900600011238,2252,7.720017940432244
19,006,0001,1242,1900600011242,4997,8.516793111394898
19,006,0001,1257,1900600011257,4741,8.464214266625351
19,006,0001,1261,1900600011261,2873,7.96346006663897
19,006,0001,1276,1900600011276,6439,8.770283819098399
19,006,0001,1280,1900600011280,3023,8.014335737299424
19,006,0001,1295,1900600011295,2782,7.931284761525891
19,006,0001,1308,1900600011308,2967,7.995643604287271
19,006,0001,1312,1900600011312,3111,8.043020885298283
19,006,0001,1327,1900600011327,3582,8.183955717304954
19,006,0001,1331,1900600011331,3998,8.293799608846818
19,006,0001,1346,1900600011346,2353,7.763871287820222
19,006,0001,1350,1900600011350,3431,8.140898460607852
19,006,0001,1365,1900600011365,2916,7.978310969867722
19,006,0001,137A,190060001137A,3258,8.089175678837561
19,006,0001,1384,1900600011384,3886,8.265392930852224
19,006,0001,1399,1900600011399,1342,7.202661196523238
19,006,0001,1401,1900600011401,3924,8.275121630216509
19,006,0001,1416,1900600011416,469,6.152732694704104
19,006,0001,1420,1900600011420,4035,8.3030093814735
19,006,0001,1435,1900600011435,3650,8.202756381655638
19,006,0001,144A,190060001144A,5707,8.649623978596727
19,006,0001,1454,1900600011454,983,6.891625897052253
19,006,0001,1469,1900600011469,2056,7.6290038896529575
19,006,0001,1473,1900600011473,3103,8.04044688130311
19,006,0001,1488,1900600011488,3227,8.07961802938984
19,006,0001,1492,1900600011492,1798,7.4949862339505335
19,006,0001,1505,1900600011505,2064,7.632885505395133
19,006,0001,151A,190060001151A,4707,8.457018468380168
19,006,0001,1524,1900600011524,4488,8.409385238781931
19,006,0001,1539,1900600011539,3996,8.293299358711323
19,006,0001,1543,1900600011543,3158,8.058010800802085
19,006,0001,1558,1900600011558,2719,7.908387159290043
19,006,0001,1562,1900600011562,2309,7.745002803515839
19,006,0001,1577,1900600011577,4725,8.460834457746854
19,006,0001,1581,1900600011581,2298,7.740229524763182
19,006,0001,1596,1900600011596,0,0.0
19,006,0001,1609,1900600011609,3299,8.101677747454572
19,006,0001,1613,1900600011613,4176,8.337348564497175
19,006,0001,1628,1900600011628,3804,8.244071270295786
19,006,0001,1632,1900600011632,5574,8.62604759632832
19,006,0001,1647,1900600011647,2104,7.652070746116482
19,006,0001,1651,1900600011651,6,1.9459101490553132
19,006,0001,1666,1900600011666,2413,7.789040401657477
19,006,0001,1670,1900600011670,415,6.030685260261263
19,006,0001,1685,1900600011685,1094,6.9985096422506015
19,006,0001,169A,190060001169A,2509,7.828038032125829
19,006,0001,1702,1900600011702,661,6.495265555937008
19,006,0001,1717,1900600011717,1634,7.399398083331354
19,006,0001,1721,1900600011721,527,6.269096283706261
19,006,0001,1736,1900600011736,88,4.48863636973214
19,006,0001,1740,1900600011740,615,6.423246963533519
19,006,0001,1755,1900600011755,148,5.003946305945459
19,006,0001,176A,190060001176A,1540,7.340186835320115
19,006,0001,1774,1900600011774,3743,8.227909837597483
19,006,0001,1789,1900600011789,1165,7.061334366910438
19,006,0001,1793,1900600011793,765,6.641182169740591
19,006,0001,1806,1900600011806,120,4.795790545596741
19,006,0001,1810,1900600011810,1235,7.119635638017636
19,006,0001,1825,1900600011825,1887,7.543273346705446
19,006,0001,183A,190060001183A,823,6.714170529909472
19,006,0001,1844,1900600011844,1822,7.508238774678663
19,006,0001,1859,1900600011859,1303,7.1731917424865985
19,006,0001,1863,1900600011863,510,6.236369590203704
19,006,0001,1878,1900600011878,5436,8.600982717145921
19,006,0001,1882,1900600011882,5343,8.583729715216482
19,006,0001,1897,1900600011897,3332,8.11162807830774
19,006,0001,190A,190060001190A,2597,7.862497197230545
19,006,0001,1914,1900600011914,5720,8.651898894268529
19,006,0001,1929,1900600011929,5666,8.64241515616962
19,006,0001,2039,1900600012039,2354,7.764296006450518
19,006,0001,2043,1900600012043,2473,7.813591552952433
19,006,0001,2058,1900600012058,1558,7.351799869057777
19,006,0001,2062,1900600012062,232,5.4510384535657
19,006,0001,2077,1900600012077,1077,6.982862751468942
19,006,0001,2081,1900600012081,621,6.432940092739179
19,006,0001,2096,1900600012096,941,6.848005274576363
19,006,0001,2109,1900600012109,888,6.790097235513905
19,006,0001,2113,1900600012113,1648,7.407924322559599
19,006,0001,2128,1900600012128,1588,7.370860166536716
19,006,0001,2147,1900600012147,166,5.117993812416755
19,006,0001,2185,1900600012185,1198,7.089243155027514
19,006,0001,219A,190060001219A,770,6.647688373563329
19,006,0001,2202,1900600012202,254,5.541263545158426
19,006,0001,2217,1900600012217,465,6.144185634125646
19,006,0001,2221,1900600012221,555,6.320768294250582
19,006,0001,2236,1900600012236,159,5.075173815233827
19,006,0001,2240,1900600012240,0,0.0
19,006,0001,2255,1900600012255,0,0.0
19,006,0001,226A,190060001226A,5057,8.52872642722991
19,006,0001,2274,1900600012274,3307,8.104099056143582
19,006,0001,2289,1900600012289,172,5.153291594497779
19,006,0001,2293,1900600012293,260,5.564520407322694
19,006,0001,2306,1900600012306,0,0.0
19,006,0001,2310,1900600012310,58,4.07753744390572
19,006,0001,2325,1900600012325,9,2.302585092994046
19,006,0001,233A,190060001233A,2072,7.636752112435779
19,006,0001,2344,1900600012344,1392,7.239214973779806
19,006,0001,2359,1900600012359,2725,7.9105906122564775
19,006,0001,2363,1900600012363,2523,7.8336002236611035
19,006,0001,2378,1900600012378,4473,8.406038142050075
19,006,0001,2414,1900600012414,0,0.0
19,006,0001,2429,1900600012429,286,5.659482215759621
19,006,0001,2433,1900600012433,1200,7.0909098220799835
19,006,0001,2448,1900600012448,5,1.791759469228055
19,006,0001,2452,1900600012452,6,1.9459101490553132
19,006,0001,2467,1900600012467,477,6.169610732491456
19,006,0001,2471,1900600012471,0,0.0
19,006,0001,2490,1900600012490,21,3.091042453358316
19,006,0078,1948,1900600781948,1284,7.158513997329321
19,006,0078,1952,1900600781952,1525,7.330405211844402
19,006,0078,1967,1900600781967,1333,7.195937226475569
19,006,0078,1971,1900600781971,1045,6.952728644624869
19,006,0078,2132,1900600782132,442,6.093569770045136
19,006,0133,2503,1900601332503,652,6.481577129276431
19,006,0133,2518,1900601332518,628,6.444131256700441
19,006,0133,2522,1900601332522,930,6.836259277277067
19,006,0133,2537,1900601332537,2026,7.614312146452
19,006,0133,2541,1900601332541,3060,8.026496938945412
19,006,0133,2556,1900601332556,2584,7.85748078694253
19,006,0243,1100,1900602431100,2758,7.922623574217286
19,006,0379,1986,1900603791986,3052,8.023879992734878
19,006,0379,1990,1900603791990,2762,7.924072324923417
19,006,0379,2005,1900603792005,2870,7.962415680121064
19,006,0379,2024,1900603792024,942,6.849066282633458
19,006,0385,2611,1900603852611,2996,8.005367067316664
19,006,0388,1933,1900603881933,6569,8.790269111478656
19,006,0388,201A,190060388201A,1079,6.984716320118266
19,006,0388,2170,1900603882170,396,5.983936280687191
19,006,0388,2382,1900603882382,774,6.652863029353347
19,006,0388,2397,1900603882397,667,6.504288173536645
19,006,0388,240A,190060388240A,0,0.0
19,006,0388,2486,1900603882486,0,0.0
19,006,0389,2626,1900603892626,2620,7.8713112033234065
19,006,0389,2630,1900603892630,35,3.58351893845611
19,006,0392,2560,1900603922560,1915,7.557994958530806
19,006,0392,2575,1900603922575,3179,8.064636475774222
19,006,0392,258A,190060392258A,3080,8.033009498596668
19,007,0001,0307,1900700010307,795,6.679599185844383
19,007,0001,0311,1900700010311,859,6.756932389247553
19,007,0001,0364,1900700010364,288,5.666426688112432
19,007,0001,0379,1900700010379,472,6.159095388491933
19,007,0001,0538,1900700010538,10,2.3978952727983707
19,007,0001,0542,1900700010542,13,2.6390573296152584
19,007,0001,0557,1900700010557,56,4.04305126783455
19,007,0001,0561,1900700010561,9,2.302585092994046
19,007,0001,0595,1900700010595,14,2.70805020110221
19,007,0001,0612,1900700010612,22,3.1354942159291497
19,007,0008,0326,1900700080326,479,6.173786103901937
19,007,0008,0330,1900700080330,600,6.398594934535208
19,007,0008,0345,1900700080345,552,6.315358001522335
19,007,0008,035A,190070008035A,787,6.669498089857879
19,007,0008,0383,1900700080383,241,5.488937726156687
19,007,0008,0576,1900700080576,161,5.087596335232384
19,007,0008,0580,1900700080580,3,1.3862943611198906
19,007,0008,0608,1900700080608,0,0.0
19,008,0001,0075,1900800010075,889,6.7912214627261855
19,008,0001,008A,190080001008A,1034,6.942156705699469
19,008,0001,0094,1900800010094,873,6.773080375655535
19,008,0001,0107,1900800010107,121,4.804021044733257
19,008,0001,0111,1900800010111,617,6.42648845745769
19,008,0001,0126,1900800010126,20,3.044522437723423
19,008,0001,0130,1900800010130,15,2.772588722239781
19,008,0001,0145,1900800010145,3,1.3862943611198906
19,008,0001,015A,190080001015A,14,2.70805020110221
19,008,0001,0164,1900800010164,30,3.4339872044851463
19,008,0001,0179,1900800010179,19,2.995732273553991
19,008,0001,0183,1900800010183,0,0.0
19,008,0001,0198,1900800010198,5,1.791759469228055
19,009,0001,0142,1900900010142,2754,7.9211727215870145
19,009,0001,0208,1900900010208,5,1.791759469228055
19,009,0001,0212,1900900010212,2409,7.787382026484701
19,009,0001,0227,1900900010227,2502,7.8252452914317745
19,009,0001,0231,1900900010231,630,6.447305862541213
19,009,0001,0246,1900900010246,25,3.258096538021482
19,009,0001,0250,1900900010250,1641,7.403670290012373
19,009,0001,027A,190090001027A,246,5.5093883366279774
19,009,0001,0284,1900900010284,0,0.0
19,009,0001,0299,1900900010299,0,0.0
19,009,0001,0301,1900900010301,0,0.0
19,009,0001,0316,1900900010316,0,0.0
19,009,0001,0320,1900900010320,721,6.582025138892826
19,009,0001,034A,190090001034A,1826,7.510430556378006
19,009,0001,0354,1900900010354,41,3.7376696182833684
19,009,0001,0369,1900900010369,209,5.3471075307174685
19,009,0001,0373,1900900010373,910,6.814542897259958
19,009,0001,0388,1900900010388,746,6.616065185132817
19,009,0001,0392,1900900010392,1907,7.553810852008231
19,009,0001,0405,1900900010405,1210,7.099201743553092
19,009,0001,041A,190090001041A,1235,7.119635638017636
19,009,0001,0424,1900900010424,1617,7.388946097618437
19,009,0001,0439,1900900010439,1170,7.065613363597717
19,009,0001,0443,1900900010443,1643,7.404887575616125
19,009,0001,0458,1900900010458,772,6.650279048587422
19,009,0001,0462,1900900010462,2238,7.713784616598755
19,009,0001,0477,1900900010477,1558,7.351799869057777
19,009,0001,0481,1900900010481,1745,7.465082736399547
19,009,0001,0496,1900900010496,1524,7.329749689041512
19,009,0001,0509,1900900010509,1205,7.095064377287131
19,009,0001,0513,1900900010513,1506,7.317876198626496
19,009,0001,0528,1900900010528,1267,7.145196134997171
19,009,0001,0532,1900900010532,1604,7.380879035564116
19,009,0001,0547,1900900010547,2408,7.786967002614872
19,009,0001,0617,1900900010617,2090,7.645397699428633
19,009,0001,0621,1900900010621,1862,7.529943370601589
19,009,0001,0636,1900900010636,100,4.61512051684126
19,009,0001,0640,1900900010640,2120,7.659642954564682
19,009,0001,0655,1900900010655,3347,8.116118431609365
19,009,0001,066A,190090001066A,2540,7.840312983320164
19,009,0001,0674,1900900010674,1771,7.4798641311650265
19,009,0001,0689,1900900010689,4,1.6094379124341003
19,009,0001,0693,1900900010693,759,6.633318433280377
19,009,0001,0706,1900900010706,4,1.6094379124341003
19,009,0001,0710,1900900010710,46,3.8501476017100584
19,009,0001,0725,1900900010725,2081,7.641084249174914
19,009,0001,073A,190090001073A,91,4.5217885770490405
19,009,0001,0744,1900900010744,138,4.9344739331306915
19,009,0001,0759,1900900010759,0,0.0
19,009,0001,0763,1900900010763,1,0.6931471805599453
19,009,0001,0778,1900900010778,424,6.052089168924417
19,009,0001,0782,1900900010782,285,5.655991810819852
19,009,0001,0797,1900900010797,355,5.87493073085203
19,009,0001,080A,190090001080A,267,5.5909869805108565
19,009,0001,0814,1900900010814,1796,7.493873886783559
19,009,0001,0829,1900900010829,1805,7.498869733976931
19,009,0001,0833,1900900010833,1633,7.3987862754199485
19,009,0001,0848,1900900010848,1613,7.3864708488298945
19,009,0001,0852,1900900010852,1066,6.9726062513017535
19,009,0001,0867,1900900010867,532,6.278521424165844
19,009,0001,0871,1900900010871,1403,7.247080584585756
19,009,0001,0886,1900900010886,106,4.672828834461906
19,009,0001,0890,1900900010890,520,6.255750041753367
19,009,0001,0903,1900900010903,67,4.219507705176107
19,009,0001,0918,1900900010918,9,2.302585092994046
19,009,0001,0922,1900900010922,0,0.0
19,009,0001,0937,1900900010937,0,0.0
19,009,0001,0941,1900900010941,2,1.0986122886681098
19,010,0001,0020,1901000010020,829,6.721425700790643
19,010,0001,004A,190100001004A,2537,7.839131648274333
19,010,0001,0054,1901000010054,381,5.945420608606575
19,010,0001,0069,1901000010069,612,6.418364935936212
19,010,0001,0073,1901000010073,1202,7.0925737159746784
19,010,0001,0088,1901000010088,1593,7.374001859350161
19,010,0001,0092,1901000010092,6,1.9459101490553132
19,010,0001,0105,1901000010105,46,3.8501476017100584
19,010,0001,011A,190100001011A,20,3.044522437723423
19,010,0001,0124,1901000010124,66,4.204692619390966
19,010,0001,0139,1901000010139,2273,7.729295674310482
19,010,0001,0143,1901000010143,3,1.3862943611198906
19,010,0131,0158,1901001310158,947,6.854354502255021
19,010,0131,0162,1901001310162,177,5.181783550292085
19,010,0131,0177,1901001310177,2898,7.972121128921655
19,011,0001,0140,1901100010140,673,6.513230110912307
19,011,0001,0155,1901100010155,890,6.792344427470809
19,011,0001,016A,190110001016A,1018,6.926577033222725
19,011,0001,0174,1901100010174,1019,6.927557906278317
19,011,0001,0193,1901100010193,640,6.46302945692067
19,011,0001,0206,1901100010206,683,6.52795791762255
19,011,0001,0210,1901100010210,438,6.0844994130751715
19,011,0001,0225,1901100010225,544,6.300785794663244
19,011,0001,0297,1901100010297,192,5.262690188904886
19,011,0001,030A,190110001030A,67,4.219507705176107
19,011,0001,0314,1901100010314,22,3.1354942159291497
19,011,0001,0329,1901100010329,57,4.060443010546419
19,011,0001,0333,1901100010333,44,3.8066624897703196
19,011,0001,0348,1901100010348,4,1.6094379124341003
19,011,0001,0352,1901100010352,0,0.0
19,011,0001,0367,1901100010367,53,3.9889840465642745
19,011,0001,0371,1901100010371,17,2.8903717578961645
19,011,0001,0386,1901100010386,0,0.0
19,011,0001,0390,1901100010390,2,1.0986122886681098
19,011,0001,0403,1901100010403,0,0.0
19,011,0001,0418,1901100010418,0,0.0
19,011,0001,0422,1901100010422,396,5.983936280687191
19,011,0001,0437,1901100010437,315,5.755742213586912
19,011,0001,0441,1901100010441,9,2.302585092994046
19,011,0001,0456,1901100010456,5,1.791759469228055
19,011,0001,0460,1901100010460,73,4.30406509320417
19,011,0001,0475,1901100010475,8,2.1972245773362196
19,012,0001,0044,1901200010044,642,6.466144724237619
19,012,0001,0059,1901200010059,668,6.505784060128229
19,012,0001,0063,1901200010063,479,6.173786103901937
19,012,0001,0082,1901200010082,1381,7.231287004327616
19,012,0001,0097,1901200010097,741,6.60934924316738
19,012,0001,010A,190120001010A,576,6.3578422665081
19,012,0001,0148,1901200010148,148,5.003946305945459
19,012,0001,0152,1901200010152,8,2.1972245773362196
19,012,0001,0167,1901200010167,1486,7.304515946460155
19,012,0001,0171,1901200010171,3820,8.2482674474469
19,012,0001,0186,1901200010186,1363,7.218176838403408
19,012,0001,0190,1901200010190,764,6.639875833826536
19,012,0001,0203,1901200010203,1152,7.050122520269059
19,012,0001,0218,1901200010218,1287,7.160845906664299
19,012,0001,0222,1901200010222,226,5.424950017481403
19,012,0001,0237,1901200010237,306,5.726847747587197
19,012,0001,0241,1901200010241,23,3.1780538303479458
19,012,0001,0256,1901200010256,92,4.532599493153256
19,012,0152,0307,1901201520307,479,6.173786103901937
19,012,0152,0311,1901201520311,2192,7.693025748417888
19,012,0211,0260,1901202110260,1750,7.467942332285852
19,012,0211,0275,1901202110275,2654,7.884199933676039
19,012,0211,028A,190120211028A,1579,7.365180126021013
19,013,0001,0501,1901300010501,221,5.402677381872279
19,013,0001,0516,1901300010516,665,6.501289670540389
19,013,0001,0520,1901300010520,565,6.338594078203183
19,013,0001,0535,1901300010535,376,5.932245187448011
19,013,0001,054A,190130001054A,437,6.082218910376446
19,013,0001,0554,1901300010554,442,6.093569770045136
19,013,0001,0569,1901300010569,408,6.013715156042802
19,013,0001,0573,1901300010573,379,5.940171252720432
19,013,0001,0588,1901300010588,496,6.208590026096629
19,013,0001,0592,1901300010592,635,6.455198563340122
19,013,0001,0605,1901300010605,981,6.889591308354466
19,013,0001,061A,190130001061A,446,6.102558594613569
19,013,0001,0624,1901300010624,264,5.579729825986222
19,013,0001,0639,1901300010639,224,5.41610040220442
19,013,0001,0643,1901300010643,284,5.652489180268651
19,013,0001,0658,1901300010658,375,5.929589143389895
19,013,0001,0662,1901300010662,209,5.3471075307174685
19,013,0001,0982,1901300010982,21,3.091042453358316
19,013,0001,0997,1901300010997,127,4.852030263919617
19,013,0001,1001,1901300011001,833,6.726233402358747
19,013,0001,1016,1901300011016,6,1.9459101490553132
19,013,0001,1020,1901300011020,79,4.382026634673881
19,013,0001,1035,1901300011035,249,5.521460917862246
19,013,0001,104A,190130001104A,8,2.1972245773362196
19,013,0001,1054,1901300011054,250,5.5254529391317835
19,013,0001,1073,1901300011073,17,2.8903717578961645
19,014,0001,0528,1901400010528,1336,7.198183577101943
19,014,0001,0532,1901400010532,1571,7.360103972989152
19,014,0001,0547,1901400010547,1513,7.322510433997394
19,014,0001,0551,1901400010551,1480,7.300472814267799
19,014,0001,0566,1901400010566,1665,7.418180822726788
19,014,0001,0570,1901400010570,496,6.208590026096629
19,014,0001,0585,1901400010585,612,6.418364935936212
19,014,0001,130A,190140001130A,51,3.9512437185814275
19,014,0001,1314,1901400011314,662,6.4967749901858625
19,014,0001,1333,1901400011333,296,5.6937321388027
19,014,0001,1348,1901400011348,27,3.332204510175204
19,014,0001,1352,1901400011352,294,5.68697535633982
19,014,0001,1367,1901400011367,11,2.4849066497880004
19,014,0001,1371,1901400011371,20,3.044522437723423
19,014,0001,1386,1901400011386,26,3.295836866004329
19,014,0001,1390,1901400011390,19,2.995732273553991
19,014,0001,1403,1901400011403,27,3.332204510175204
19,014,0001,1418,1901400011418,36,3.6109179126442243
19,014,0001,1422,1901400011422,130,4.875197323201151
19,015,0001,0135,1901500010135,29,3.4011973816621555
19,015,0001,014A,190150001014A,37,3.6375861597263857
19,015,0001,0154,1901500010154,221,5.402677381872279
19,015,0001,0169,1901500010169,193,5.267858159063328
19,015,0001,0173,1901500010173,122,4.812184355372417
19,015,0001,0188,1901500010188,145,4.983606621708336
19,015,0001,0192,1901500010192,43,3.784189633918261
19,015,0001,0205,1901500010205,0,0.0
19,016,0001,0081,1901600010081,100,4.61512051684126
19,016,0001,0096,1901600010096,227,5.429345628954441
19,016,0001,0109,1901600010109,179,5.19295685089021
19,016,0001,0113,1901600010113,156,5.056245805348308
19,016,0001,0128,1901600010128,368,5.910796644040527
19,016,0001,0132,1901600010132,460,6.133398042996649
19,016,0001,0202,1901600010202,51,3.9512437185814275
19,016,0001,0217,1901600010217,38,3.6635616461296463
19,016,0001,0221,1901600010221,51,3.9512437185814275
19,016,0001,0236,1901600010236,462,6.137727054086234
19,017,0001,0318,1901700010318,747,6.617402977974478
19,017,0001,0731,1901700010731,1106,7.009408932708637
19,017,0001,0750,1901700010750,1461,7.2875606403097235
19,017,0001,127A,190170001127A,119,4.787491742782046
19,017,0001,1301,1901700011301,32,3.4965075614664802
19,017,0001,134A,190170001134A,76,4.343805421853684
19,017,0001,1354,1901700011354,899,6.802394763324311
19,017,0001,1369,1901700011369,79,4.382026634673881
19,017,0001,1373,1901700011373,54,4.007333185232471
19,017,0001,1388,1901700011388,13,2.6390573296152584
19,017,0001,1392,1901700011392,32,3.4965075614664802
19,017,0001,1405,1901700011405,7,2.0794415416798357
19,017,0001,141A,190170001141A,1056,6.963189985870238
19,017,0001,1424,1901700011424,1211,7.10002716662926
19,017,0001,1439,1901700011439,10,2.3978952727983707
19,017,0001,1443,1901700011443,59,4.0943445622221
19,017,0001,1458,1901700011458,42,3.7612001156935624
19,017,0001,1462,1901700011462,21,3.091042453358316
19,018,0001,0118,1901800010118,4293,8.364973978438726
19,018,0001,0122,1901800010122,714,6.5722825426940075
19,018,0001,0137,1901800010137,2790,7.934155233536322
19,018,0001,0141,1901800010141,1184,7.077498053569231
19,018,0001,0156,1901800010156,1767,7.477604243197589
19,018,0001,0211,1901800010211,1434,7.268920128193722
19,018,0001,0226,1901800010226,1130,7.030857476116121
19,018,0001,0230,1901800010230,5045,8.526351129201004
19,018,0001,0245,1901800010245,85,4.454347296253507
19,018,0001,025A,190180001025A,1686,7.430707082545968
19,018,0001,0264,1901800010264,10,2.3978952727983707
19,018,0001,0279,1901800010279,2982,8.000684784514748
19,018,0001,0283,1901800010283,1425,7.262628600974241
19,018,0001,0315,1901800010315,4855,8.487970332739334
19,018,0001,032A,190180001032A,556,6.322565239927284
19,018,0001,0334,1901800010334,33,3.5263605246161616
19,018,0001,0349,1901800010349,3227,8.07961802938984
19,018,0001,0372,1901800010372,1448,7.278628942320682
19,018,0001,0387,1901800010387,445,6.100318952020064
19,018,0001,0391,1901800010391,521,6.257667587882639
19,018,0001,0423,1901800010423,626,6.440946540632921
19,018,0001,0438,1901800010438,5749,8.656955133791396
19,018,0001,0442,1901800010442,4407,8.391176350832751
19,018,0001,0457,1901800010457,203,5.318119993844216
19,018,0001,0461,1901800010461,2184,7.68937110752969
19,018,0001,0476,1901800010476,3056,8.025189321890835
19,018,0001,0480,1901800010480,451,6.113682179832232
19,018,0001,0512,1901800010512,6,1.9459101490553132
19,018,0001,0527,1901800010527,3110,8.042699496897637
19,018,0001,0531,1901800010531,3296,8.10076824307173
19,018,0001,0546,1901800010546,3445,8.144969417087875
19,018,0001,0550,1901800010550,2874,7.963807953231451
19,018,0001,0565,1901800010565,3086,8.034955024502159
19,018,0001,057A,190180001057A,544,6.300785794663244
19,018,0001,0584,1901800010584,1848,7.522400231387125
19,018,0001,0599,1901800010599,4209,8.345217926676428
19,018,0001,0654,1901800010654,3669,8.207946941048617
19,018,0001,0669,1901800010669,1464,7.289610521451167
19,018,0001,0673,1901800010673,1049,6.956545443151569
19,018,0001,0688,1901800010688,750,6.621405651764134
19,018,0001,0692,1901800010692,1093,6.9975959829819265
19,018,0001,0705,1901800010705,2132,7.665284718471351
19,018,0001,071A,190180001071A,658,6.490723534502507
19,018,0001,0762,1901800010762,896,6.799055862058796
19,018,0001,0777,1901800010777,478,6.171700597410915
19,018,0001,0781,1901800010781,979,6.887552571664617
19,018,0001,0796,1901800010796,1403,7.247080584585756
19,018,0001,0809,1901800010809,762,6.637258031284457
19,018,0001,0813,1901800010813,830,6.7226297948554485
19,018,0001,0847,1901800010847,206,5.332718793265369
19,018,0001,0851,1901800010851,558,6.326149473155099
19,018,0001,0866,1901800010866,604,6.405228458030842
19,018,0001,089A,190180001089A,185,5.225746673713202
19,018,0001,0917,1901800010917,78,4.3694478524670215
19,018,0001,0921,1901800010921,149,5.0106352940962555
19,018,0001,0936,1901800010936,961,6.8690144506657065
19,018,0001,0955,1901800010955,13,2.6390573296152584
19,018,0025,096A,190180025096A,49,3.912023005428146
19,018,0025,0974,1901800250974,0,0.0
19,018,0025,0989,1901800250989,2154,7.675546002537848
19,018,0025,0993,1901800250993,1582,7.367077059881012
19,018,0025,1008,1901800251008,1974,7.5883236773352225
19,018,0105,0160,1901801050160,2,1.0986122886681098
19,018,0105,0300,1901801050300,2,1.0986122886681098
19,018,0105,0353,1901801050353,2398,7.782807262839695
19,018,0105,0368,1901801050368,2935,7.984803389734406
19,018,0105,0616,1901801050616,5365,8.58783803098557
19,018,0105,0620,1901801050620,4599,8.433811582477187
19,018,0105,0724,1901801050724,2149,7.673223121121708
19,018,0105,0832,1901801050832,524,6.263398262591624
19,018,0105,0902,1901801050902,338,5.82600010738045
19,018,0212,0495,1901802120495,3265,8.09132127353041
19,018,0212,0508,1901802120508,3923,8.274866820685254
19,018,0212,0601,1901802120601,2524,7.83399634170946
19,018,0212,0635,1901802120635,1692,7.4342573821331355
19,018,0212,064A,190180212064A,3889,8.266164436612492
19,018,0212,0739,1901802120739,497,6.210600077024653
19,018,0212,0743,1901802120743,449,6.1092475827643655
19,018,0212,0758,1901802120758,239,5.480638923341991
19,018,0212,0828,1901802120828,1506,7.317876198626496
19,018,0212,0870,1901802120870,262,5.572154032177765
19,018,0212,0885,1901802120885,0,0.0
19,019,0001,0011,1901900010011,5769,8.660427359502146
19,019,0001,0026,1901900010026,4115,8.32263709695394
19,019,0001,005A,190190001005A,2402,7.784473235736469
19,019,0001,0064,1901900010064,2712,7.905810312658931
19,019,0001,0079,1901900010079,4243,8.353261499733874
19,019,0001,0083,1901900010083,1906,7.553286605600419
19,019,0001,0098,1901900010098,1980,7.591357046698551
19,019,0001,0100,1901900010100,2053,7.627544390488503
19,019,0001,0115,1901900010115,1881,7.540090320145325
19,019,0001,012A,190190001012A,1259,7.138866999945524
19,019,0001,0134,1901900010134,2030,7.616283561580385
19,019,0001,0149,1901900010149,913,6.81783057145415
19,019,0001,0153,1901900010153,1824,7.509335266016592
19,019,0001,0168,1901900010168,1745,7.465082736399547
19,019,0001,0172,1901900010172,1254,7.134890851565884
19,019,0001,0187,1901900010187,4351,8.378390788535778
19,019,0001,0191,1901900010191,3090,8.036249942132116
19,019,0001,0204,1901900010204,3722,8.222285073872717
19,019,0001,0219,1901900010219,1915,7.557994958530806
19,019,0001,0223,1901900010223,2531,7.836764783264067
19,019,0001,0238,1901900010238,1956,7.579167967396076
19,019,0001,0242,1901900010242,2491,7.820840879907344
19,019,0001,0257,1901900010257,1049,6.956545443151569
19,019,0001,0261,1901900010261,1903,7.55171221535131
19,019,0001,0280,1901900010280,2160,7.6783263565068856
19,019,0001,0312,1901900010312,1917,7.559038255443384
19,019,0001,0327,1901900010327,6992,8.852664927703866
19,019,0001,0331,1901900010331,7293,8.894807371368625
19,019,0001,0350,1901900010350,883,6.784457062637643
19,019,0001,0365,1901900010365,559,6.327936783729195
19,019,0001,037A,190190001037A,1183,7.076653815443951
19,019,0001,0384,1901900010384,918,6.823286122355687
19,019,0001,0399,1901900010399,384,5.953243334287785
19,019,0001,0401,1901900010401,2116,7.6577552711348655
19,019,0001,0416,1901900010416,658,6.490723534502507
19,019,0001,0420,1901900010420,1716,7.448333860897476
19,019,0001,0435,1901900010435,4199,8.34283980427146
19,019,0001,044A,190190001044A,2407,7.786551806428712
19,019,0001,0454,1901900010454,317,5.762051382780177
19,019,0001,0469,1901900010469,2624,7.872836175025724
19,019,0001,0473,1901900010473,972,6.880384082186005
19,019,0001,0488,1901900010488,2521,7.8328075165248645
19,019,0001,0492,1901900010492,2973,7.9976631270201
19,019,0001,0505,1901900010505,2706,7.903596289614301
19,019,0001,051A,190190001051A,1689,7.432483807917119
19,019,0001,0539,1901900010539,2899,7.9724660159745655
19,019,0001,0543,1901900010543,2032,7.617267813628347
19,019,0001,0558,1901900010558,1178,7.072421900537371
19,019,0001,0562,1901900010562,221,5.402677381872279
19,019,0001,0577,1901900010577,4490,8.409830673087738
19,019,0001,0581,1901900010581,3317,8.10711747075039
19,019,0001,0596,1901900010596,25,3.258096538021482
19,019,0001,0609,1901900010609,2061,7.631431664576906
19,019,0001,0613,1901900010613,123,4.820281565605037
19,019,0001,0628,1901900010628,0,0.0
19,020,0001,0243,1902000010243,433,6.073044534100405
19,020,0001,0258,1902000010258,502,6.220590170099739
19,020,0001,0262,1902000010262,145,4.983606621708336
19,020,0001,0277,1902000010277,378,5.937536205082426
19,020,0001,0281,1902000010281,497,6.210600077024653
19,020,0001,0296,1902000010296,312,5.746203190540153
19,020,0001,0309,1902000010309,392,5.973809611869261
19,020,0001,0313,1902000010313,304,5.720311776607412
19,020,0001,0328,1902000010328,590,6.3818160174060985
19,020,0001,0332,1902000010332,162,5.093750200806762
19,020,0001,046A,190200001046A,34,3.5553480614894135
19,020,0001,0474,1902000010474,10,2.3978952727983707
19,020,0001,0489,1902000010489,26,3.295836866004329
19,020,0001,0493,1902000010493,11,2.4849066497880004
19,020,0001,0506,1902000010506,26,3.295836866004329
19,020,0001,0510,1902000010510,13,2.6390573296152584
19,020,0001,0525,1902000010525,38,3.6635616461296463
19,020,0001,053A,190200001053A,3,1.3862943611198906
19,020,0001,0544,1902000010544,0,0.0
19,020,0001,0559,1902000010559,10,2.3978952727983707
19,020,0001,060A,190200001060A,41,3.7376696182833684
19,021,0001,0043,1902100010043,4435,8.397508348470257
19,021,0001,0062,1902100010062,151,5.0238805208462765
19,021,0001,0077,1902100010077,403,6.0014148779611505
19,021,0001,0096,1902100010096,1217,7.1049654482698426
19,021,0001,0151,1902100010151,3857,8.257904193465674
19,021,0001,0166,1902100010166,2348,7.761744984658913
19,021,0001,0185,1902100010185,1057,6.964135612418245
19,021,0001,0202,1902100010202,5293,8.574329382787047
19,021,0001,0221,1902100010221,4279,8.361708288575842
19,021,0001,0236,1902100010236,1520,7.327123292259293
19,021,0001,0240,1902100010240,4485,8.408716715080153
19,021,0001,0255,1902100010255,5191,8.554874258383926
19,021,0001,0274,1902100010274,1007,6.915723448631314
19,021,0001,0289,1902100010289,1253,7.134093721192866
19,021,0001,0293,1902100010293,2098,7.649216319820633
19,021,0001,0306,1902100010306,4904,8.498010371999463
19,021,0001,0325,1902100010325,0,0.0
19,021,0001,033A,190210001033A,3379,8.125630988477065
19,021,0001,0344,1902100010344,2583,7.857093864902493
19,021,0001,0363,1902100010363,4967,8.510772623613315
19,021,0001,0378,1902100010378,3458,8.148734808937169
19,021,0001,0382,1902100010382,5546,8.621012520055235
19,021,0001,0397,1902100010397,5439,8.601534339849989
19,021,0001,040A,190210001040A,2445,7.802209316247118
19,021,0001,0414,1902100010414,1290,7.1631723908466425
19,021,0001,0429,1902100010429,6643,8.801469470733185
19,021,0001,0433,1902100010433,3936,8.278174290943738
19,021,0001,0448,1902100010448,4305,8.367764677924308
19,021,0001,0452,1902100010452,3307,8.104099056143582
19,021,0001,0467,1902100010467,4735,8.462948176563842
19,021,0001,0471,1902100010471,4925,8.502282578680484
19,021,0001,0486,1902100010486,3768,8.234564993267135
19,021,0001,0490,1902100010490,2304,7.742835955430749
19,021,0001,0503,1902100010503,4663,8.447628728030327
19,021,0001,0518,1902100010518,4683,8.451907724717607
19,021,0001,0522,1902100010522,1872,7.5352967024440884
19,021,0001,0537,1902100010537,763,6.638567789166521
19,021,0001,0556,1902100010556,4371,8.382975849296429
19,021,0001,0560,1902100010560,433,6.073044534100405
19,021,0001,0575,1902100010575,2385,7.777373602657861
19,021,0001,058A,190210001058A,786,6.668228248417403
19,021,0001,0594,1902100010594,6281,8.745443680098592
19,021,0001,0607,1902100010607,155,5.049856007249537
19,021,0001,0611,1902100010611,350,5.860786223465865
19,021,0001,0626,1902100010626,377,5.934894195619588
19,021,0001,0630,1902100010630,2655,7.884576510596324
19,021,0001,0679,1902100010679,4398,8.389132521348719
19,021,0001,0683,1902100010683,5024,8.522180732927277
19,021,0001,0698,1902100010698,4409,8.391629968440892
19,021,0001,0700,1902100010700,5272,8.57035473953047
19,021,0001,0715,1902100010715,4279,8.361708288575842
19,021,0001,072A,190210001072A,3271,8.093156697722637
19,021,0001,0749,1902100010749,970,6.878326468291325
19,021,0001,0753,1902100010753,6020,8.703008637464448
19,021,0001,0772,1902100010772,610,6.415096959171596
19,021,0001,0787,1902100010787,887,6.78897174299217
19,021,0001,0791,1902100010791,0,0.0
19,021,0001,0819,1902100010819,664,6.499787040655854
19,021,0001,0823,1902100010823,3473,8.153061946801051
19,021,0001,0838,1902100010838,3193,8.069029328774958
19,021,0001,0895,1902100010895,4789,8.474285690404962
19,021,0001,0908,1902100010908,3835,8.252185436003328
19,021,0001,0927,1902100010927,2827,7.947325027016463
19,021,0001,0931,1902100010931,2987,8.002359546252707
19,021,0001,0950,1902100010950,488,6.192362489474872
19,021,0001,0965,1902100010965,4348,8.37770121259764
19,021,0001,097A,190210001097A,3107,8.041734711487537
19,021,0001,0984,1902100010984,2990,8.003363058629947
19,021,0001,0999,1902100010999,2879,7.965545573129992
19,021,0001,1003,1902100011003,3928,8.27614021955846
19,021,0001,1022,1902100011022,5492,8.61122983334262
19,021,0001,1037,1902100011037,3352,8.117610746466228
19,021,0001,1041,1902100011041,2491,7.820840879907344
19,021,0001,1056,1902100011056,2868,7.9617188159813645
19,021,0001,1060,1902100011060,3461,8.149601735736155
19,021,0001,1075,1902100011075,6903,8.839856232763264
19,021,0001,108A,190210001108A,2035,7.618742377670413
19,021,0001,1094,1902100011094,3978,8.288785810426928
19,021,0001,1107,1902100011107,2977,7.999007213243955
19,021,0001,1111,1902100011111,3128,8.048468743668883
19,021,0001,1130,1902100011130,397,5.986452005284438
19,021,0001,1291,1902100011291,1949,7.575584651557793
19,021,0001,1304,1902100011304,3946,8.280711075662847
19,021,0001,1319,1902100011319,3096,8.038189179973203
19,021,0001,1323,1902100011323,3939,8.27893600229198
19,021,0001,1338,1902100011338,2628,7.874358824729881
19,021,0001,1342,1902100011342,4837,8.484256691169973
19,021,0001,1357,1902100011357,3688,8.213110697596676
19,021,0001,1361,1902100011361,3875,8.262558973010657
19,021,0001,1376,1902100011376,4066,8.310660905907225
19,021,0001,1380,1902100011380,1,0.6931471805599453
19,021,0001,1395,1902100011395,3204,8.07246736935477
19,021,0001,1408,1902100011408,7084,8.865735152124781
19,021,0001,1412,1902100011412,2039,7.620705086838262
19,021,0001,1427,1902100011427,2202,7.697575346802343
19,021,0001,1431,1902100011431,639,6.461468176353717
19,021,0001,1446,1902100011446,495,6.206575926724928
19,021,0001,1450,1902100011450,3592,8.186742787113518
19,021,0001,1465,1902100011465,954,6.86171134048073
19,021,0001,147A,190210001147A,5967,8.694167141883597
19,021,0001,1484,1902100011484,3081,8.033334015880062
19,021,0001,1499,1902100011499,1924,7.562681246721884
19,021,0001,1501,1902100011501,806,6.693323668269949
19,021,0001,1516,1902100011516,1800,7.496097345175956
19,021,0001,1520,1902100011520,1435,7.269616749608169
19,021,0001,1535,1902100011535,555,6.320768294250582
19,021,0001,154A,190210001154A,1350,7.208600337960199
19,021,0001,1554,1902100011554,79,4.382026634673881
19,021,0001,1569,1902100011569,3394,8.130059039992796
19,021,0001,1573,1902100011573,2781,7.930925372483388
19,021,0001,1588,1902100011588,2515,7.830425617820331
19,021,0001,1592,1902100011592,2741,7.91644286012226
19,021,0001,1605,1902100011605,2754,7.9211727215870145
19,021,0001,161A,190210001161A,2358,7.765993079407675
19,021,0001,1624,1902100011624,2752,7.920446505142607
19,021,0001,1639,1902100011639,3243,8.084562415235304
19,021,0001,1643,1902100011643,2658,7.88570539124302
19,021,0001,1658,1902100011658,4796,8.475746001502063
19,021,0001,1662,1902100011662,429,6.063785208687608
19,021,0001,1681,1902100011681,2416,7.790282380703483
19,021,0001,1709,1902100011709,787,6.669498089857879
19,021,0001,1713,1902100011713,452,6.115892125483034
19,021,0001,1728,1902100011728,945,6.852242569051878
19,021,0001,1747,1902100011747,0,0.0
19,021,0001,1751,1902100011751,160,5.081404364984463
19,022,0001,0286,1902200010286,1426,7.2633296174768365
19,022,0001,0290,1902200010290,1382,7.232010331664759
19,022,0001,0303,1902200010303,418,6.037870919922137
19,022,0001,0318,1902200010318,804,6.690842277418564
19,022,0001,0479,1902200010479,778,6.658011045870748
19,022,0001,0483,1902200010483,317,5.762051382780177
19,022,0001,0498,1902200010498,100,4.61512051684126
19,022,0001,0500,1902200010500,307,5.730099782973574
19,022,0001,0515,1902200010515,603,6.403574197934815
19,022,0001,052A,190220001052A,64,4.174387269895637
19,022,0001,0534,1902200010534,90,4.51085950651685
19,022,0001,0549,1902200010549,44,3.8066624897703196
19,023,0001,0086,1902300010086,74,4.31748811353631
19,023,0001,0090,1902300010090,221,5.402677381872279
19,023,0001,0103,1902300010103,181,5.204006687076795
19,023,0001,0118,1902300010118,193,5.267858159063328
19,023,0001,0122,1902300010122,321,5.7745515455444085
19,023,0001,0160,1902300010160,23,3.1780538303479458
19,023,0001,0175,1902300010175,6,1.9459101490553132
19,024,0001,0149,1902400010149,709,6.565264970035361
19,024,0001,0153,1902400010153,1151,7.049254841255837
19,024,0001,0223,1902400010223,0,0.0
19,024,0001,0238,1902400010238,81,4.406719247264253
19,025,0001,0057,1902500010057,844,6.739336627357174
19,025,0001,0061,1902500010061,1201,7.091742115095153
19,025,0001,0076,1902500010076,143,4.969813299576001
19,025,0001,0080,1902500010080,1779,7.484368643286131
19,025,0001,0112,1902500010112,510,6.236369590203704
19,025,0001,0127,1902500010127,113,4.736198448394496
19,025,0001,0131,1902500010131,37,3.6375861597263857
19,025,0001,0146,1902500010146,1101,7.004881989712859
19,025,0001,0150,1902500010150,902,6.805722553416985
19,025,0001,0165,1902500010165,270,5.602118820879701
19,025,0001,017A,190250001017A,2950,7.989899374942939
19,025,0001,031A,190250001031A,15,2.772588722239781
19,025,0001,0324,1902500010324,33,3.5263605246161616
19,025,0284,0339,1902502840339,3412,8.135346948906706
19,025,0284,0343,1902502840343,2256,7.721791776817535
19,025,0284,0358,1902502840358,4026,8.300776960851454
19,025,0284,0362,1902502840362,2625,7.873217054862741
19,025,0284,0377,1902502840377,3655,8.204124932574041
19,025,0284,0381,1902502840381,4355,8.37930948405285
19,025,0284,0396,1902502840396,2034,7.618251097876695
19,025,0284,0409,1902502840409,4242,8.353025845202325
19,025,0284,0413,1902502840413,2693,7.898782356970309
19,025,0284,0428,1902502840428,2757,7.922261058353247
19,025,0284,0432,1902502840432,2581,7.856319571406588
19,025,0293,0447,1902502930447,5405,8.595264726836392
19,025,0294,0451,1902502940451,405,6.0063531596017325
19,025,0294,0466,1902502940466,14,2.70805020110221
19,025,0294,0470,1902502940470,1641,7.403670290012373
19,025,0294,0485,1902502940485,1647,7.4073177104694174
19,026,0001,0020,1902600010020,1869,7.533693709848633
19,026,0001,0035,1902600010035,2104,7.652070746116482
19,026,0001,0069,1902600010069,2179,7.687080155783135
19,026,0001,0073,1902600010073,3682,8.211482916445066
19,026,0001,0088,1902600010088,3186,8.066835314417336
19,026,0001,0092,1902600010092,4268,8.359134886757962
19,026,0001,011A,190260001011A,3315,8.106514516255185
19,026,0001,0124,1902600010124,2945,7.988203597022576
19,026,0001,0143,1902600010143,2025,7.613818684808629
19,026,0001,0158,1902600010158,1679,7.426549072397305
19,026,0001,0162,1902600010162,1864,7.5310163320779155
19,026,0001,0177,1902600010177,1924,7.562681246721884
19,026,0001,0181,1902600010181,1694,7.43543801981455
19,026,0001,0196,1902600010196,1645,7.406103381237015
19,026,0001,0213,1902600010213,2448,7.803435056952168
19,026,0001,0228,1902600010228,2125,7.661997558901893
19,026,0001,0232,1902600010232,2850,7.955425088912672
19,026,0001,0251,1902600010251,7072,8.86403999703599
19,026,0001,0266,1902600010266,0,0.0
19,026,0001,0285,1902600010285,2562,7.848933726364071
19,026,0001,029A,190260001029A,2163,7.679713639966372
19,026,0001,0302,1902600010302,2931,7.983440063006542
19,026,0001,0317,1902600010317,4641,8.442900586834382
19,026,0001,0321,1902600010321,5700,8.648396877031582
19,026,0001,0336,1902600010336,3634,8.19836438996762
19,026,0001,0340,1902600010340,5891,8.681350777582521
19,026,0001,0355,1902600010355,2505,7.826443135456014
19,026,0001,0389,1902600010389,4405,8.39072252736229
19,026,0001,0393,1902600010393,5192,8.555066843844319
19,026,0001,0406,1902600010406,3274,8.094073148069352
19,026,0001,0425,1902600010425,4013,8.297543529356284
19,026,0001,0444,1902600010444,2548,7.8434564043761155
19,026,0001,0459,1902600010459,3287,8.098034756176071
19,026,0001,0478,1902600010478,3956,8.283241441385425
19,026,0001,0482,1902600010482,4661,8.447199819595703
19,026,0001,050A,190260001050A,1566,7.356918242356021
19,026,0001,0533,1902600010533,1923,7.562161631225652
19,026,0001,0548,1902600010548,4630,8.440528106480752
19,026,0001,0552,1902600010552,1094,6.9985096422506015
19,026,0001,0567,1902600010567,3811,8.245909264774093
19,026,0001,0586,1902600010586,5429,8.599694412927981
19,026,0001,0590,1902600010590,4347,8.3774712482411
19,026,0001,0603,1902600010603,1877,7.537962659768208
19,026,0001,0618,1902600010618,3981,8.289539484624141
19,026,0001,0641,1902600010641,3354,8.118207049405783
19,026,0001,0707,1902600010707,4935,8.504310565585223
19,026,0001,0730,1902600010730,5402,8.594709633844065
19,026,0001,0745,1902600010745,1873,7.535830462798367
19,026,0001,0779,1902600010779,713,6.570882962339584
19,026,0001,0783,1902600010783,1567,7.357556200910353
19,026,0001,0798,1902600010798,3937,8.278428259199071
19,026,0001,0815,1902600010815,5330,8.581294116822761
19,026,0001,0849,1902600010849,1902,7.551186867296149
19,026,0001,0853,1902600010853,5275,8.570923513837204
19,026,0001,0872,1902600010872,3175,8.063377822367027
19,026,0001,0957,1902600010957,7012,8.85552084853691
19,026,0001,0961,1902600010961,2039,7.620705086838262
19,026,0001,0995,1902600010995,2860,7.95892649305011
19,026,0001,1014,1902600011014,2625,7.873217054862741
19,026,0001,1029,1902600011029,1263,7.142036574706803
19,026,0001,1033,1902600011033,5806,8.66681936537205
19,026,0001,1052,1902600011052,8443,9.041211408968211
19,026,0001,1067,1902600011067,5428,8.599510233905452
19,026,0001,1071,1902600011071,3566,8.17948018535889
19,026,0001,1086,1902600011086,3086,8.034955024502159
19,026,0001,1103,1902600011103,888,6.790097235513905
19,026,0001,1118,1902600011118,0,0.0
19,026,0001,1122,1902600011122,7707,8.950014029534257
19,026,0001,1141,1902600011141,3779,8.237479288613633
19,026,0001,1160,1902600011160,4030,8.301769763117166
19,026,0001,118A,190260001118A,2612,7.868254265520613
19,026,0001,1194,1902600011194,5555,8.622633703874234
19,026,0001,1226,1902600011226,5001,8.517593111437565
19,026,0001,1230,1902600011230,3792,8.2409125416889
19,026,0001,125A,190260001125A,494,6.20455776256869
19,026,0001,1264,1902600011264,1185,7.078341579557671
19,026,0001,1279,1902600011279,4880,8.493105395887147
19,026,0001,1283,1902600011283,4538,8.420462002456466
19,026,0001,1300,1902600011300,3369,8.122668023346407
19,026,0001,1315,1902600011315,3639,8.199738960630786
19,026,0001,132A,190260001132A,2868,7.9617188159813645
19,026,0001,1334,1902600011334,4095,8.317766166719343
19,026,0001,1349,1902600011349,3230,8.080546965824498
19,026,0001,1353,1902600011353,2294,7.738488122494646
19,026,0001,1368,1902600011368,3614,8.192847134592865
19,026,0001,1372,1902600011372,2649,7.882314918980268
19,026,0001,1387,1902600011387,4649,8.444622498581403
19,026,0001,1391,1902600011391,4455,8.40200678160712
19,026,0001,1404,1902600011404,3401,8.132118772955806
19,026,0001,1419,1902600011419,3230,8.080546965824498
19,026,0001,1423,1902600011423,2828,7.947678571301568
19,026,0001,1438,1902600011438,2062,7.631916513071252
19,026,0001,1442,1902600011442,3820,8.2482674474469
19,026,0001,1457,1902600011457,2897,7.971776122880628
19,026,0001,1461,1902600011461,3782,8.23827262463303
19,026,0001,1476,1902600011476,3917,8.273336598504486
19,026,0001,1480,1902600011480,5527,8.617581365447506
19,026,0001,1495,1902600011495,3231,8.080856419640986
19,026,0001,1508,1902600011508,2209,7.700747794511798
19,026,0001,1512,1902600011512,1465,7.290292882446597
19,026,0001,1527,1902600011527,2485,7.818430272070656
19,026,0001,1531,1902600011531,4153,8.331827004436057
19,026,0001,1546,1902600011546,4423,8.39479954320217
19,026,0001,1565,1902600011565,4584,8.430545384690566
19,026,0001,157A,190260001157A,2597,7.862497197230545
19,026,0001,1584,1902600011584,5137,8.544419177669829
19,026,0001,1599,1902600011599,3500,8.160803920954665
19,026,0001,1601,1902600011601,4073,8.31238059678675
19,026,0001,1616,1902600011616,4712,8.45807992692373
19,026,0001,1620,1902600011620,5575,8.62622695244036
19,026,0001,1635,1902600011635,4796,8.475746001502063
19,026,0001,164A,190260001164A,2401,7.784057002639929
19,026,0001,1654,1902600011654,4388,8.386856689688234
19,026,0001,1688,1902600011688,4154,8.332067707289548
19,026,0001,171A,190260001171A,4926,8.502485562543963
19,026,0001,1743,1902600011743,8751,9.077037524661762
19,026,0001,1758,1902600011758,2176,7.685703061234547
19,026,0001,1762,1902600011762,2809,7.940939762327791
19,026,0001,1777,1902600011777,3747,8.228977643358313
19,026,0001,1781,1902600011781,308,5.733341276897746
19,026,0001,1809,1902600011809,1868,7.533158807455563
19,026,0001,1813,1902600011813,5918,8.685922794690725
19,026,0001,1828,1902600011828,2409,7.787382026484701
19,026,0001,1832,1902600011832,3786,8.239329427901795
19,026,0001,1847,1902600011847,4813,8.479283618343016
19,026,0001,1851,1902600011851,4445,8.399760094524142
19,026,0001,1866,1902600011866,3459,8.14902386805177
19,026,0001,1870,1902600011870,3728,8.22389538017882
19,026,0001,1885,1902600011885,2232,7.711101251840158
19,026,0001,189A,190260001189A,2429,7.795646536334594
19,026,0001,1902,1902600011902,2822,7.945555428253489
19,026,0001,1921,1902600011921,2844,7.953318346560431
19,026,0001,1936,1902600011936,3185,8.066521490469993
19,026,0001,1940,1902600011940,3870,8.261268150577648
19,026,0001,1955,1902600011955,3020,8.013343181386672
19,026,0001,196A,190260001196A,3829,8.250620082174692
19,026,0001,1974,1902600011974,5590,8.628913441026645
19,026,0001,1989,1902600011989,3681,8.211211361793023
19,026,0001,1993,1902600011993,3759,8.23217423638394
19,026,0001,2008,1902600012008,1199,7.090076835776092
19,026,0001,2012,1902600012012,2352,7.763446388727362
19,026,0001,2027,1902600012027,6323,8.752107198329362
19,026,0001,2031,1902600012031,4917,8.500657222776137
19,026,0001,2046,1902600012046,5601,8.630878955820053
19,026,0001,2050,1902600012050,4711,8.457867725331422
19,026,0001,207A,190260001207A,2468,7.81156848934518
19,026,0001,2084,1902600012084,1543,7.342131730584722
19,026,0001,2099,1902600012099,5501,8.61286694148452
19,026,0001,2101,1902600012101,3714,8.220133957151859
19,026,0001,2116,1902600012116,2525,7.8343923029104365
19,026,0001,2120,1902600012120,1183,7.076653815443951
19,026,0001,2135,1902600012135,1409,7.251344983372214
19,026,0001,214A,190260001214A,4128,8.32579052588609
19,026,0001,2154,1902600012154,3422,8.138272638530186
19,026,0001,2169,1902600012169,914,6.818924065275521
19,026,0001,2173,1902600012173,102,4.634728988229636
19,026,0001,2188,1902600012188,329,5.799092654460526
19,026,0001,2192,1902600012192,2862,7.959625305098115
19,026,0001,2205,1902600012205,5591,8.629092283913646
19,026,0001,2224,1902600012224,2480,7.816416983691801
19,026,0001,2239,1902600012239,3252,8.087332926473351
19,026,0001,2243,1902600012243,283,5.648974238161206
19,026,0001,2258,1902600012258,1040,6.947937068614969
19,026,0001,2262,1902600012262,2612,7.868254265520613
19,026,0001,2277,1902600012277,4025,8.300528606199737
19,026,0001,2296,1902600012296,4688,8.452974619089586
19,026,0001,2309,1902600012309,1204,7.094234845924755
19,026,0001,2313,1902600012313,3209,8.07402621612406
19,026,0001,2328,1902600012328,2934,7.984462732262196
19,026,0001,2332,1902600012332,6503,8.780172651227646
19,026,0001,2347,1902600012347,4025,8.300528606199737
19,026,0001,2366,1902600012366,285,5.655991810819852
19,026,0001,2385,1902600012385,127,4.852030263919617
19,026,0001,239A,190260001239A,2612,7.868254265520613
19,026,0001,2402,1902600012402,2917,7.978653729082731
19,026,0001,2417,1902600012417,2451,7.804659297056102
19,026,0001,2421,1902600012421,2545,7.842278779117352
19,026,0001,2436,1902600012436,3133,8.050065422915965
19,026,0001,2440,1902600012440,2594,7.861341795599989
19,026,0001,2455,1902600012455,5172,8.551208070003515
19,026,0001,246A,190260001246A,4545,8.422003004412488
19,026,0001,2474,1902600012474,3321,8.10832229017324
19,026,0001,2489,1902600012489,2688,7.896924656268864
19,026,0001,2493,1902600012493,2958,7.99260665240021
19,026,0001,2506,1902600012506,2133,7.665753431861699
19,026,0001,2510,1902600012510,3399,8.131530710604252
19,026,0001,2525,1902600012525,5588,8.628555659269699
19,026,0001,253A,190260001253A,1357,7.213768308118642
19,026,0001,2544,1902600012544,2265,7.725771441587952
19,026,0001,2559,1902600012559,4007,8.2960476427647
19,026,0001,2563,1902600012563,1515,7.323830566202317
19,026,0001,2578,1902600012578,2816,7.943427767876373
19,026,0001,2582,1902600012582,3290,8.098946748943339
19,026,0001,2597,1902600012597,3742,8.22764270790443
19,026,0001,260A,190260001260A,551,6.313548046277095
19,026,0001,2614,1902600012614,2826,7.946971357693591
19,026,0001,2629,1902600012629,1666,7.418780882750794
19,026,0001,2633,1902600012633,2637,7.87777633327726
19,026,0001,2648,1902600012648,2362,7.767687277186908
19,026,0001,2652,1902600012652,1952,7.577121930876679
19,026,0001,2667,1902600012667,732,6.597145701886651
19,026,0001,2671,1902600012671,1419,7.258412150595307
19,026,0001,2686,1902600012686,79,4.382026634673881
19,026,0001,2690,1902600012690,78,4.3694478524670215
19,026,0001,2703,1902600012703,564,6.336825731146441
19,026,0001,2718,1902600012718,1308,7.1770187659099
19,026,0001,2722,1902600012722,1188,7.080867896690782
19,026,0001,2737,1902600012737,87,4.477336814478207
19,026,0001,2741,1902600012741,1812,7.502738210754851
19,026,0001,2756,1902600012756,1918,7.5595594960077
19,026,0001,2760,1902600012760,2986,8.00202481821611
19,026,0001,2775,1902600012775,597,6.393590753950631
19,026,0001,278A,190260001278A,2161,7.6787889981991535
19,026,0001,2794,1902600012794,536,6.285998094508865
19,026,0001,2807,1902600012807,54,4.007333185232471
19,026,0001,2811,1902600012811,34,3.5553480614894135
19,026,0057,2830,1902600572830,627,6.4425401664681985
19,026,0057,2845,1902600572845,3303,8.102889134640868
19,027,0001,009A,190270001009A,191,5.2574953720277815
19,027,0001,0102,1902700010102,170,5.14166355650266
19,027,0001,0117,1902700010117,155,5.049856007249537
19,027,0001,0121,1902700010121,216,5.37989735354046
19,027,0001,0136,1902700010136,225,5.420534999272286
19,027,0001,0140,1902700010140,288,5.666426688112432
19,027,0001,0155,1902700010155,97,4.584967478670572
19,027,0001,016A,190270001016A,167,5.123963979403259
19,027,0001,0206,1902700010206,2,1.0986122886681098
19,027,0001,0210,1902700010210,0,0.0
19,027,0001,0225,1902700010225,17,2.8903717578961645
19,027,0001,023A,190270001023A,0,0.0
19,027,0001,0244,1902700010244,20,3.044522437723423
19,027,0001,0259,1902700010259,17,2.8903717578961645
19,027,0001,0263,1902700010263,0,0.0
19,028,0001,0078,1902800010078,190,5.25227342804663
19,028,0001,0082,1902800010082,206,5.332718793265369
19,028,0001,0097,1902800010097,367,5.908082938168931
19,028,0001,010A,190280001010A,286,5.659482215759621
19,028,0001,0152,1902800010152,27,3.332204510175204
19,028,0001,0167,1902800010167,26,3.295836866004329
19,028,0001,0171,1902800010171,161,5.087596335232384
19,028,0001,0186,1902800010186,37,3.6375861597263857
19,028,0001,0190,1902800010190,30,3.4339872044851463
19,028,0001,0203,1902800010203,132,4.890349128221754
19,029,0001,0041,1902900010041,598,6.395261598115449
19,029,0001,0056,1902900010056,415,6.030685260261263
19,029,0001,0060,1902900010060,477,6.169610732491456
19,029,0001,0075,1902900010075,518,6.251903883165888
19,029,0001,008A,190290001008A,527,6.269096283706261
19,029,0001,0094,1902900010094,675,6.516193076042964
19,029,0001,0107,1902900010107,619,6.429719478039138
19,029,0001,0111,1902900010111,0,0.0
19,029,0001,0126,1902900010126,362,5.8944028342648505
19,029,0001,0130,1902900010130,382,5.948034989180646
19,029,0001,0145,1902900010145,41,3.7376696182833684
19,029,0001,015A,190290001015A,646,6.472346294500901
19,029,0001,0164,1902900010164,268,5.594711379601839
19,029,0001,0179,1902900010179,134,4.90527477843843
19,029,0001,0183,1902900010183,5,1.791759469228055
19,029,0001,0215,1902900010215,20,3.044522437723423
19,030,0001,0095,1903000010095,621,6.432940092739179
19,030,0001,0108,1903000010108,743,6.612041034833092
19,030,0001,0112,1903000010112,343,5.840641657373398
19,030,0001,0150,1903000010150,87,4.477336814478207
19,030,0001,0165,1903000010165,28,3.367295829986474
19,030,0001,017A,190300001017A,74,4.31748811353631
19,031,0001,0069,1903100010069,4682,8.451694209183541
19,031,0001,0073,1903100010073,1693,7.434847875211999
19,031,0001,0124,1903100010124,1120,7.02197642307216
19,031,0001,0139,1903100010139,664,6.499787040655854
19,031,0001,0143,1903100010143,705,6.559615237493242
19,031,0001,0158,1903100010158,2908,7.975564658495202
19,031,0001,0162,1903100010162,998,6.906754778648554
19,031,0001,0177,1903100010177,3065,8.028129059431759
19,031,0001,0181,1903100010181,3582,8.183955717304954
19,031,0001,0196,1903100010196,889,6.7912214627261855
19,031,0001,0232,1903100010232,63,4.1588830833596715
19,031,0001,0247,1903100010247,149,5.0106352940962555
19,031,0001,0251,1903100010251,254,5.541263545158426
19,031,0001,0270,1903100010270,3675,8.209580483475577
19,031,0001,0285,1903100010285,4515,8.415381925269553
19,031,0001,029A,190310001029A,155,5.049856007249537
19,031,0001,0302,1903100010302,1146,7.044905117129371
19,031,0001,0317,1903100010317,3560,8.177796683277778
19,031,0001,0336,1903100010336,5,1.791759469228055
19,031,0001,0340,1903100010340,3962,8.284756593190435
19,031,0001,036A,190310001036A,2313,7.746732907753622
19,031,0001,0374,1903100010374,1278,7.153833801578843
19,031,0001,0389,1903100010389,1101,7.004881989712859
19,031,0001,0529,1903100010529,0,0.0
19,031,0001,0548,1903100010548,530,6.274762021241939
19,031,0001,0571,1903100010571,3540,8.172164452111904
19,031,0001,0586,1903100010586,946,6.853299093186078
19,031,0001,0590,1903100010590,1940,7.57095858316901
19,031,0001,0603,1903100010603,2072,7.636752112435779
19,031,0001,0618,1903100010618,3023,8.014335737299424
19,031,0001,0622,1903100010622,2890,7.969357742016346
19,031,0001,0637,1903100010637,933,6.839476438228843
19,031,0001,0660,1903100010660,3065,8.028129059431759
19,031,0001,068A,190310001068A,5796,8.665095821339733
19,031,0001,0694,1903100010694,1966,7.584264818389059
19,031,0001,0707,1903100010707,4918,8.50086053679534
19,031,0001,0711,1903100010711,1859,7.528331766707247
19,031,0001,0726,1903100010726,5327,8.580731212220226
19,031,0001,0730,1903100010730,5710,8.650149418664864
19,031,0001,0745,1903100010745,751,6.62273632394984
19,031,0001,075A,190310001075A,1894,7.546974117516527
19,031,0001,0764,1903100010764,3719,8.221478947267192
19,031,0001,0779,1903100010779,3001,8.007034012193408
19,031,0001,0783,1903100010783,4069,8.311398278436641
19,031,0001,0798,1903100010798,363,5.8971538676367405
19,031,0001,0800,1903100010800,3156,8.057377488557991
19,031,0001,0872,1903100010872,624,6.437751649736401
19,031,0001,0919,1903100010919,4404,8.39049553837028
19,031,0001,0923,1903100010923,3538,8.171599480345463
19,031,0001,0938,1903100010938,3227,8.07961802938984
19,031,0001,0942,1903100010942,1268,7.1459844677143876
19,031,0001,0957,1903100010957,447,6.104793232414985
19,031,0001,0980,1903100010980,311,5.7430031878094825
19,031,0001,0995,1903100010995,3332,8.11162807830774
19,031,0001,100A,190310001100A,3656,8.204398418149381
19,031,0001,1014,1903100011014,2371,7.771488760117616
19,031,0001,1029,1903100011029,419,6.040254711277414
19,031,0001,1033,1903100011033,2482,7.817222785508166
19,031,0001,1048,1903100011048,347,5.8522024797744745
19,031,0001,1052,1903100011052,2866,7.96102146588337
19,031,0001,1067,1903100011067,2018,7.610357618312838
19,031,0001,1071,1903100011071,867,6.7661917146603505
19,031,0001,1141,1903100011141,56,4.04305126783455
19,031,0001,1156,1903100011156,968,6.876264611890766
19,031,0001,1160,1903100011160,1725,7.453561871643373
19,031,0001,1175,1903100011175,1995,7.59890045687141
19,031,0001,118A,190310001118A,1370,7.223295679562314
19,031,0001,1194,1903100011194,2641,7.879291485082271
19,031,0001,1207,1903100011207,0,0.0
19,031,0001,1230,1903100011230,469,6.152732694704104
19,031,0001,1245,1903100011245,4037,8.303504798872783
19,031,0001,125A,190310001125A,75,4.330733340286331
19,031,0001,1264,1903100011264,47,3.871201010907891
19,031,0001,1279,1903100011279,1574,7.362010551259734
19,031,0001,1315,1903100011315,132,4.890349128221754
19,031,0001,132A,190310001132A,350,5.860786223465865
19,031,0001,1334,1903100011334,123,4.820281565605037
19,031,0001,1349,1903100011349,0,0.0
19,031,0001,1353,1903100011353,10,2.3978952727983707
19,031,0001,1368,1903100011368,10,2.3978952727983707
19,031,0001,1372,1903100011372,149,5.0106352940962555
19,031,0001,1404,1903100011404,5,1.791759469228055
19,031,0001,1423,1903100011423,0,0.0
19,031,0001,1457,1903100011457,30,3.4339872044851463
19,031,0045,0088,1903100450088,153,5.0369526024136295
19,031,0045,0092,1903100450092,4983,8.51398806046729
19,031,0045,0105,1903100450105,518,6.251903883165888
19,031,0045,0266,1903100450266,3613,8.192570471152173
19,031,0045,0321,1903100450321,848,6.744059186311348
19,031,0045,0393,1903100450393,4554,8.423980809694058
19,031,0045,0533,1903100450533,91,4.5217885770490405
19,031,0045,0641,1903100450641,1631,7.397561535524052
19,031,0045,0656,1903100450656,7007,8.854807632616227
19,031,0045,0675,1903100450675,2954,7.991253929840199
19,031,0045,0815,1903100450815,4602,8.434463543817241
19,031,0045,0834,1903100450834,2945,7.988203597022576
19,031,0045,0887,1903100450887,364,5.8998973535824915
19,031,0045,0891,1903100450891,3607,8.190908881182514
19,031,0045,0904,1903100450904,2545,7.842278779117352
19,031,0045,1086,1903100451086,658,6.490723534502507
19,031,0045,1090,1903100451090,1136,7.036148493750536
19,031,0045,1103,1903100451103,1994,7.598399329323964
19,031,0045,1118,1903100451118,719,6.579251212010101
19,031,0045,1122,1903100451122,4190,8.340694647925071
19,031,0045,1211,1903100451211,102,4.634728988229636
19,031,0045,1226,1903100451226,1959,7.580699752224563
19,031,0045,1283,1903100451283,1925,7.563200592358071
19,031,0045,1387,1903100451387,131,4.882801922586371
19,031,0045,1391,1903100451391,0,0.0
19,031,0045,1438,1903100451438,0,0.0
19,031,0045,1442,1903100451442,513,6.2422232654551655
19,031,0045,1461,1903100451461,0,0.0
19,031,0224,0961,1903102240961,2488,7.819636302367592
19,031,0224,0976,1903102240976,3192,8.068716192714781
19,031,0224,1495,1903102241495,132,4.890349128221754
19,031,0311,1508,1903103111508,1862,7.529943370601589
19,031,0311,1512,1903103111512,2058,7.629975707027789
19,031,0311,1527,1903103111527,1720,7.450660796211539
19,031,0313,0355,1903103130355,4543,8.421562960400987
19,031,0313,0406,1903103130406,1878,7.538494999413465
19,031,0313,0410,1903103130410,3420,8.137688184977605
19,031,0313,0425,1903103130425,2064,7.632885505395133
19,031,0313,043A,190310313043A,2184,7.68937110752969
19,031,0313,0444,1903103130444,271,5.605802066295998
19,031,0313,0459,1903103130459,142,4.962844630259907
19,031,0313,0463,1903103130463,3616,8.193400231952097
19,031,0313,0478,1903103130478,413,6.025865973825314
19,031,0313,0482,1903103130482,69,4.248495242049359
19,031,0313,0497,1903103130497,58,4.07753744390572
19,031,0313,0552,1903103130552,0,0.0
19,031,0313,1137,1903103131137,4464,8.4040244933106
19,031,0313,1298,1903103131298,1277,7.15305163493748
19,031,0313,1300,1903103131300,1289,7.162397497355718
19,031,0313,1419,1903103131419,105,4.663439094112067
19,031,0348,1531,1903103481531,2908,7.975564658495202
19,032,0001,0418,1903200010418,458,6.129050210060545
19,032,0001,0422,1903200010422,694,6.543911845564792
19,032,0001,0437,1903200010437,710,6.566672429803241
19,032,0001,0441,1903200010441,599,6.396929655216146
19,032,0001,0456,1903200010456,526,6.267200548541362
19,032,0001,0460,1903200010460,760,6.634633357861686
19,032,0001,0475,1903200010475,141,4.955827057601261
19,032,0001,048A,190320001048A,509,6.234410725718371
19,032,0001,0742,1903200010742,188,5.241747015059643
19,032,0001,0757,1903200010757,204,5.3230099791384085
19,032,0001,0761,1903200010761,205,5.327876168789581
19,032,0001,0776,1903200010776,32,3.4965075614664802
19,032,0001,0780,1903200010780,0,0.0
19,033,0001,0400,1903300010400,3099,8.039157390473237
19,033,0001,0415,1903300010415,1164,7.060476365999801
19,033,0001,042A,190330001042A,6475,8.775858314797526
19,033,0001,0434,1903300010434,2038,7.620214770574455
19,033,0001,0449,1903300010449,3474,8.153349757998892
19,033,0001,0453,1903300010453,55,4.02535169073515
19,033,0001,0468,1903300010468,2118,7.6586995582682995
19,033,0001,0472,1903300010472,735,6.601230118728877
19,033,0001,0487,1903300010487,407,6.0112671744041615
19,033,0001,0491,1903300010491,210,5.351858133476067
19,033,0001,0504,1903300010504,451,6.113682179832232
19,033,0001,0519,1903300010519,995,6.903747257584598
19,033,0001,0523,1903300010523,112,4.727387818712341
19,033,0001,0538,1903300010538,568,6.343880434126331
19,033,0001,0542,1903300010542,2755,7.9215356321335495
19,033,0001,0557,1903300010557,1203,7.093404625868766
19,033,0001,0561,1903300010561,816,6.705639094860003
19,033,0001,0576,1903300010576,799,6.684611727667927
19,033,0001,0580,1903300010580,1562,7.354362330421477
19,033,0001,0595,1903300010595,2060,7.630946580890459
19,033,0001,0608,1903300010608,1051,6.9584483932976555
19,033,0001,0612,1903300010612,663,6.498282149476434
19,033,0001,0627,1903300010627,1363,7.218176838403408
19,033,0001,0631,1903300010631,840,6.734591659972948
19,033,0001,0646,1903300010646,1352,7.210079628170788
19,033,0001,0650,1903300010650,1715,7.447751280047908
19,033,0001,0665,1903300010665,1274,7.150701457592526
19,033,0001,067A,190330001067A,1447,7.277938572945661
19,033,0001,0684,1903300010684,2068,7.634820677745543
19,033,0001,0701,1903300010701,2613,7.868636894184167
19,033,0001,0966,1903300010966,0,0.0
19,033,0001,0970,1903300010970,1976,7.589335823170617
19,033,0001,0985,1903300010985,416,6.0330862217988015
19,033,0001,099A,190330001099A,2362,7.767687277186908
19,033,0001,1004,1903300011004,1105,7.00850518208228
19,033,0001,1023,1903300011023,85,4.454347296253507
19,033,0001,1038,1903300011038,1685,7.430114138561801
19,033,0001,1042,1903300011042,1131,7.0317412587631285
19,033,0001,1057,1903300011057,3,1.3862943611198906
19,033,0001,1061,1903300011061,39,3.6888794541139363
19,033,0001,1076,1903300011076,0,0.0
19,033,0001,1095,1903300011095,504,6.22455842927536
19,033,0001,1108,1903300011108,45,3.828641396489095
19,033,0001,1112,1903300011112,564,6.336825731146441
19,033,0001,1127,1903300011127,87,4.477336814478207
19,033,0001,1131,1903300011131,2923,7.980707820869669
19,033,0001,1146,1903300011146,2704,7.902857191280582
19,033,0001,1150,1903300011150,11,2.4849066497880004
19,033,0001,1165,1903300011165,281,5.641907070938114
19,033,0001,117A,190330001117A,339,5.8289456176102075
19,033,0001,1184,1903300011184,9,2.302585092994046
19,033,0001,1199,1903300011199,1059,6.966024187106113
19,033,0001,1201,1903300011201,41,3.7376696182833684
19,033,0001,1216,1903300011216,247,5.5134287461649825
19,033,0001,1220,1903300011220,0,0.0
19,033,0001,1235,1903300011235,6,1.9459101490553132
19,034,0001,0037,1903400010037,486,6.18826412308259
19,034,0001,0041,1903400010041,423,6.049733455231958
19,034,0001,0056,1903400010056,514,6.244166900663736
19,034,0001,0060,1903400010060,1024,6.932447891572509
19,034,0001,0075,1903400010075,574,6.354370040797351
19,034,0001,008A,190340001008A,54,4.007333185232471
19,035,0001,0049,1903500010049,90,4.51085950651685
19,035,0001,0053,1903500010053,203,5.318119993844216
19,035,0001,0068,1903500010068,123,4.820281565605037
19,035,0001,0072,1903500010072,77,4.356708826689592
19,035,0001,0087,1903500010087,63,4.1588830833596715
19,035,0001,0104,1903500010104,0,0.0
19,035,0001,0119,1903500010119,23,3.1780538303479458
19,036,0001,0101,1903600010101,461,6.135564891081739
19,036,0001,0116,1903600010116,271,5.605802066295998
19,036,0001,0120,1903600010120,271,5.605802066295998
19,036,0001,0135,1903600010135,177,5.181783550292085
19,036,0001,0417,1903600010417,0,0.0
19,036,0001,0421,1903600010421,11,2.4849066497880004
19,036,0001,0436,1903600010436,0,0.0
19,036,0001,0440,1903600010440,0,0.0
19,036,0001,0455,1903600010455,23,3.1780538303479458
19,037,0001,0382,1903700010382,766,6.642486801367256
19,037,0001,0397,1903700010397,881,6.782192056006791
19,037,0001,0715,1903700010715,115,4.7535901911063645
19,037,0001,072A,190370001072A,286,5.659482215759621
19,037,0001,0749,1903700010749,270,5.602118820879701
19,037,0001,0753,1903700010753,83,4.430816798843313
19,037,0001,0768,1903700010768,182,5.209486152841421
19,037,0001,0772,1903700010772,1189,7.081708586105575
19,037,0001,0787,1903700010787,697,6.548219102762372
19,037,0001,0791,1903700010791,26,3.295836866004329
19,038,0001,0248,1903800010248,482,6.180016653652572
19,038,0001,0252,1903800010252,973,6.881411303642535
19,038,0001,0290,1903800010290,583,6.369900982828227
19,038,0001,0318,1903800010318,1040,6.947937068614969
19,038,0001,0322,1903800010322,2336,7.756623334538858
19,038,0001,0341,1903800010341,1050,6.957497370876951
19,038,0001,0356,1903800010356,574,6.354370040797351
19,038,0001,0360,1903800010360,1726,7.454141078146678
19,038,0001,038A,190380001038A,1061,6.967909201801884
19,038,0001,0394,1903800010394,1057,6.964135612418245
19,038,0001,0407,1903800010407,1324,7.1891677384203225
19,038,0001,0411,1903800010411,1947,7.5745584842024805
19,038,0001,0426,1903800010426,1717,7.4489161025442
19,038,0001,0430,1903800010430,1000,6.90875477931522
19,038,0001,0445,1903800010445,1419,7.258412150595307
19,038,0001,0498,1903800010498,1721,7.451241684987676
19,038,0001,0500,1903800010500,881,6.782192056006791
19,038,0001,052A,190380001052A,481,6.1779441140506
19,038,0001,0534,1903800010534,79,4.382026634673881
19,038,0001,0549,1903800010549,329,5.799092654460526
19,038,0001,0553,1903800010553,548,6.3080984415095305
19,038,0001,0568,1903800010568,40,3.713572066704308
19,038,0001,0572,1903800010572,0,0.0
19,038,0001,0587,1903800010587,8,2.1972245773362196
19,038,0001,0591,1903800010591,904,6.807934943699926
19,038,0001,0604,1903800010604,1361,7.216709486709457
19,038,0001,0619,1903800010619,1345,7.204892510204673
19,038,0001,0623,1903800010623,1037,6.945051063725834
19,038,0001,0638,1903800010638,2336,7.756623334538858
19,038,0001,0642,1903800010642,1270,7.147559271189454
19,038,0001,0657,1903800010657,1952,7.577121930876679
19,038,0001,0661,1903800010661,1132,7.0326242610280065
19,038,0001,0676,1903800010676,1051,6.9584483932976555
19,038,0001,0680,1903800010680,3522,8.167068178341237
19,038,0001,0695,1903800010695,966,6.874198495453294
19,038,0001,0708,1903800010708,0,0.0
19,038,0001,0712,1903800010712,389,5.966146739123692
19,038,0001,0727,1903800010727,186,5.231108616854587
19,038,0001,0731,1903800010731,1688,7.4318919168078
19,038,0001,0746,1903800010746,2598,7.8628820346414905
19,038,0001,0750,1903800010750,408,6.013715156042802
19,038,0001,0765,1903800010765,587,6.376726947898627
19,038,0001,077A,190380001077A,0,0.0
19,038,0001,0784,1903800010784,0,0.0
19,038,0001,0799,1903800010799,0,0.0
19,038,0001,0801,1903800010801,0,0.0
19,039,0001,0029,1903900010029,4172,8.336390480591552
19,039,0001,0033,1903900010033,3783,8.238536930171769
19,039,0001,0048,1903900010048,3177,8.064007347096661
19,039,0001,0052,1903900010052,4477,8.4069317971587
19,039,0001,0067,1903900010067,3294,8.100161446936607
19,039,0001,0071,1903900010071,2683,7.895063498091573
19,039,0001,0103,1903900010103,2793,7.935229539816907
19,039,0001,0118,1903900010118,5468,8.606851063346772
19,039,0001,0122,1903900010122,4599,8.433811582477187
19,039,0001,0137,1903900010137,5167,8.550241045462437
19,039,0001,0141,1903900010141,4170,8.335911094196945
19,039,0001,0156,1903900010156,3506,8.162516250140179
19,039,0001,0160,1903900010160,1648,7.407924322559599
19,039,0001,0175,1903900010175,1459,7.286191714702382
19,039,0001,018A,190390001018A,4222,8.348301054933943
19,039,0001,0194,1903900010194,3168,8.06117135969092
19,039,0001,0207,1903900010207,3399,8.131530710604252
19,039,0001,0226,1903900010226,5406,8.595449689382004
19,039,0001,0245,1903900010245,3273,8.09376775793108
19,039,0001,025A,190390001025A,4318,8.3707791729607
19,039,0001,0264,1903900010264,4536,8.420021279663963
19,039,0001,0279,1903900010279,2357,7.765569081097317
19,039,0001,0283,1903900010283,3041,8.020270472819238
19,039,0001,0298,1903900010298,3794,8.24143968982973
19,039,0001,0315,1903900010315,4134,8.327242607457793
19,039,0001,032A,190390001032A,4718,8.459352191726387
19,039,0001,0334,1903900010334,1430,7.266128779556451
19,039,0001,0349,1903900010349,3325,8.109525659752872
19,039,0001,0353,1903900010353,3583,8.18423477409482
19,039,0001,0372,1903900010372,2859,7.958576903813898
19,039,0001,0391,1903900010391,4202,8.343553835005117
19,039,0001,0404,1903900010404,3751,8.230044310126114
19,039,0001,0423,1903900010423,4492,8.41027590907016
19,039,0001,0438,1903900010438,4210,8.345455428161928
19,039,0001,0442,1903900010442,3348,8.116417072794205
19,039,0001,0457,1903900010457,3976,8.28828304520769
19,039,0001,0461,1903900010461,3742,8.22764270790443
19,039,0001,0480,1903900010480,1548,7.3453648404168685
19,039,0001,0495,1903900010495,1661,7.415776975415394
19,039,0001,0508,1903900010508,3110,8.042699496897637
19,039,0001,0512,1903900010512,3131,8.049427057110695
19,039,0001,0527,1903900010527,5656,8.640648995343156
19,039,0001,0531,1903900010531,5733,8.654168646443315
19,039,0001,0546,1903900010546,3215,8.075893630298857
19,039,0001,0550,1903900010550,2495,7.822444729489319
19,039,0001,0565,1903900010565,3229,8.080237416216702
19,039,0001,057A,190390001057A,1974,7.5883236773352225
19,039,0001,0584,1903900010584,3796,8.241966560231802
19,039,0001,0599,1903900010599,2833,7.949444420250626
19,039,0001,0601,1903900010601,6221,8.735846677457582
19,039,0001,0620,1903900010620,2757,7.922261058353247
19,039,0001,0635,1903900010635,2648,7.88193748927207
19,039,0001,064A,190390001064A,2935,7.984803389734406
19,039,0001,0654,1903900010654,3268,8.092239406724211
19,039,0001,0669,1903900010669,2654,7.884199933676039
19,039,0001,0673,1903900010673,2764,7.9247959139564355
19,039,0001,0688,1903900010688,2522,7.833203948641057
19,039,0001,0692,1903900010692,1372,7.224753405767971
19,039,0001,0705,1903900010705,2147,7.672292455628756
19,039,0001,071A,190390001071A,2015,7.60887062919126
19,039,0001,0739,1903900010739,1875,7.53689712956617
19,039,0001,0743,1903900010743,1971,7.586803535162581
19,039,0001,0758,1903900010758,1230,7.115582126184454
19,039,0001,0762,1903900010762,2071,7.6362696033793735
19,039,0001,0777,1903900010777,1760,7.473637108496206
19,039,0001,0781,1903900010781,386,5.958424693029782
19,039,0001,0796,1903900010796,0,0.0
19,039,0001,0809,1903900010809,72,4.290459441148391
19,039,0001,0813,1903900010813,1482,7.301822342137932
19,039,0001,0828,1903900010828,1316,7.183111701743281
19,039,0001,0832,1903900010832,582,6.368187186350492
19,039,0001,0847,1903900010847,1208,7.097548850614793
19,039,0001,0851,1903900010851,1865,7.531552381407289
19,039,0001,0866,1903900010866,1639,7.402451520818244
19,039,0001,0870,1903900010870,4385,8.386172928977834
19,039,0001,0885,1903900010885,1697,7.437206366871292
19,039,0001,089A,190390001089A,2476,7.814803429489359
19,039,0001,0902,1903900010902,3080,8.033009498596668
19,039,0001,0917,1903900010917,3124,8.047189562170502
19,039,0001,0921,1903900010921,2552,7.845024417241484
19,039,0001,0936,1903900010936,2335,7.756195343948118
19,039,0001,0940,1903900010940,3746,8.228710798793687
19,039,0001,0955,1903900010955,284,5.652489180268651
19,039,0001,096A,190390001096A,936,6.842683282238422
19,039,0001,0974,1903900010974,816,6.705639094860003
19,039,0001,0989,1903900010989,3026,8.01532730902172
19,039,0001,0993,1903900010993,1261,7.140453043101158
19,039,0001,1008,1903900011008,2215,7.703459047867175
19,039,0001,1012,1903900011012,1524,7.329749689041512
19,039,0001,1027,1903900011027,553,6.317164686747284
19,039,0001,1031,1903900011031,1366,7.220373836723949
19,039,0001,1046,1903900011046,2039,7.620705086838262
19,039,0001,1050,1903900011050,1625,7.3938782901077555
19,039,0001,1065,1903900011065,2269,7.727535110475448
19,039,0001,107A,190390001107A,2340,7.75833346749091
19,039,0001,1084,1903900011084,1884,7.541683099882111
19,039,0001,1099,1903900011099,2015,7.60887062919126
19,039,0001,1101,1903900011101,2682,7.894690850425624
19,039,0001,1116,1903900011116,12,2.5649493574615367
19,039,0001,1120,1903900011120,2996,8.005367067316664
19,039,0001,1135,1903900011135,1839,7.517520850603031
19,039,0001,114A,190390001114A,1521,7.3277805384216315
19,039,0001,1154,1903900011154,1713,7.446585099157725
19,039,0001,1169,1903900011169,1290,7.1631723908466425
19,039,0001,1173,1903900011173,2195,7.694392802629421
19,039,0001,1188,1903900011188,3377,8.125039097367745
19,039,0001,1192,1903900011192,3196,8.069968149059841
19,039,0001,1205,1903900011205,97,4.584967478670572
19,039,0001,1224,1903900011224,3514,8.164794804244766
19,039,0001,1239,1903900011239,3463,8.150179269682326
19,039,0001,1243,1903900011243,768,6.645090969505644
19,039,0001,1258,1903900011258,808,6.695798917058491
19,039,0001,1262,1903900011262,1768,7.478169694159785
19,039,0001,1277,1903900011277,1883,7.5411524551363085
19,039,0001,1281,1903900011281,166,5.117993812416755
19,039,0001,1309,1903900011309,1887,7.543273346705446
19,039,0001,1313,1903900011313,5414,8.596928159435091
19,039,0001,1328,1903900011328,1438,7.271703706887368
19,039,0001,1332,1903900011332,3518,8.165932137321585
19,039,0001,1347,1903900011347,4292,8.36474106822456
19,039,0001,1351,1903900011351,3265,8.09132127353041
19,039,0001,1366,1903900011366,0,0.0
19,039,0001,1370,1903900011370,1225,7.111512116496157
19,039,0001,1385,1903900011385,1834,7.51479976048867
19,039,0001,139A,190390001139A,1181,7.074963197966044
19,039,0001,1402,1903900011402,766,6.642486801367256
19,039,0001,1417,1903900011417,3171,8.06211758275474
19,039,0001,1421,1903900011421,3078,8.0323601479245
19,039,0001,1436,1903900011436,1636,7.400620577371135
19,039,0001,1440,1903900011440,1650,7.409136443920128
19,039,0001,1455,1903900011455,1052,6.959398512133975
19,039,0001,146A,190390001146A,2190,7.692113339595466
19,039,0001,1474,1903900011474,1515,7.323830566202317
19,039,0001,1489,1903900011489,1965,7.583756300707112
19,039,0001,1493,1903900011493,687,6.5337888379333435
19,039,0001,1506,1903900011506,238,5.476463551931511
19,039,0001,1510,1903900011510,348,5.855071922202427
19,039,0001,1525,1903900011525,505,6.226536669287466
19,039,0001,153A,190390001153A,296,5.6937321388027
19,039,0001,1544,1903900011544,387,5.961005339623274
19,039,0001,1559,1903900011559,744,6.61338421837956
19,039,0001,1563,1903900011563,1100,7.00397413672268
19,039,0001,1578,1903900011578,1640,7.403061091090091
19,039,0001,1582,1903900011582,2349,7.762170607138205
19,039,0001,160A,190390001160A,2050,7.62608275807238
19,039,0001,1614,1903900011614,2699,7.90100705199242
19,039,0001,1629,1903900011629,2002,7.602401335665818
19,039,0001,1633,1903900011633,1211,7.10002716662926
19,039,0001,1648,1903900011648,1509,7.31986492980897
19,039,0001,1652,1903900011652,1479,7.299797366758161
19,039,0001,1667,1903900011667,919,6.824373670043086
19,039,0001,1671,1903900011671,2673,7.891330757661889
19,039,0001,1686,1903900011686,286,5.659482215759621
19,039,0001,1690,1903900011690,263,5.575949103146316
19,039,0001,1703,1903900011703,1862,7.529943370601589
19,039,0001,1722,1903900011722,455,6.1224928095143865
19,039,0001,1737,1903900011737,147,4.997212273764115
19,039,0001,1741,1903900011741,68,4.23410650459726
19,039,0001,1756,1903900011756,267,5.5909869805108565
19,039,0001,1760,1903900011760,2131,7.664815785285735
19,039,0001,1775,1903900011775,3437,8.142645185942795
19,039,0001,178A,190390001178A,2091,7.645875825184813
19,039,0001,1794,1903900011794,2582,7.8567067930958405
19,039,0001,1807,1903900011807,2686,7.8961806086154915
19,039,0001,1811,1903900011811,4123,8.32457884513685
19,039,0001,1826,1903900011826,811,6.699500340161678
19,039,0001,1830,1903900011830,820,6.710523109452428
19,039,0001,1845,1903900011845,1645,7.406103381237015
19,039,0001,185A,190390001185A,2641,7.879291485082271
19,039,0001,1879,1903900011879,2753,7.9208096792886
19,039,0001,1883,1903900011883,2905,7.974532844130228
19,039,0001,1898,1903900011898,2863,7.9599745280805365
19,039,0001,1900,1903900011900,1366,7.220373836723949
19,039,0001,1915,1903900011915,1213,7.101675971619444
19,039,0001,192A,190390001192A,2064,7.632885505395133
19,039,0001,1934,1903900011934,1463,7.288927694521257
19,039,0001,1953,1903900011953,5047,8.52674740422105
19,039,0001,1968,1903900011968,2600,7.8636512654486515
19,039,0001,1972,1903900011972,2652,7.88344635413774
19,039,0001,1987,1903900011987,2808,7.940583827104244
19,039,0001,1991,1903900011991,3684,8.212025804623437
19,039,0001,2006,1903900012006,1424,7.261927092702751
19,039,0001,2010,1903900012010,427,6.059123195581797
19,039,0001,2025,1903900012025,4032,8.302265794873367
19,039,0001,2044,1903900012044,2010,7.606387389772652
19,039,0001,2063,1903900012063,2025,7.613818684808629
19,039,0001,2078,1903900012078,2425,7.793999089503996
19,039,0001,2082,1903900012082,2143,7.670428522190693
19,039,0001,2097,1903900012097,1998,7.6004023345004
19,039,0001,210A,190390001210A,2126,7.6624678152002375
19,039,0001,2114,1903900012114,2392,7.780303087908373
19,039,0001,2129,1903900012129,4162,8.333991247194975
19,039,0001,2133,1903900012133,3558,8.177234885510194
19,039,0001,2152,1903900012152,2310,7.745435610274381
19,039,0001,2167,1903900012167,3084,8.034306936339489
19,039,0001,2186,1903900012186,1124,7.025538314638521
19,039,0001,2190,1903900012190,1179,7.07326971745971
19,039,0001,2203,1903900012203,2785,7.932362154339751
19,039,0001,2218,1903900012218,1806,7.499423290592229
19,039,0001,2222,1903900012222,2924,7.981049759665957
19,039,0001,2241,1903900012241,1413,7.254177846456518
19,039,0001,2256,1903900012256,4256,8.356319965828153
19,039,0001,2260,1903900012260,2827,7.947325027016463
19,039,0001,2275,1903900012275,3551,8.17526610411206
19,039,0001,228A,190390001228A,2662,7.887208585813932
19,039,0001,2294,1903900012294,3300,8.101980731853192
19,039,0001,2307,1903900012307,2640,7.878912912297133
19,039,0001,2345,1903900012345,3036,8.01862546504575
19,039,0001,235A,190390001235A,2399,7.783224016336037
19,039,0001,2364,1903900012364,2455,7.806289289267033
19,039,0001,2383,1903900012383,4737,8.463370384718731
19,039,0001,2398,1903900012398,8748,9.076694687106265
19,039,0001,2400,1903900012400,4984,8.514188682395938
19,039,0001,2453,1903900012453,1882,7.5406215286571525
19,039,0001,2468,1903900012468,2540,7.840312983320164
19,039,0001,2472,1903900012472,4177,8.33758794211651
19,039,0001,2519,1903900012519,6492,8.778479952508487
19,039,0001,2523,1903900012523,6520,8.782783017393202
19,039,0001,2561,1903900012561,4073,8.31238059678675
19,039,0001,2576,1903900012576,3990,8.291797105048733
19,039,0001,2580,1903900012580,0,0.0
19,039,0001,2608,1903900012608,4098,8.318498320504338
19,039,0001,2612,1903900012612,4005,8.295548516225763
19,039,0001,2627,1903900012627,1124,7.025538314638521
19,039,0001,267A,190390001267A,4014,8.297792626380861
19,039,0001,2684,1903900012684,2046,7.624130585661289
19,039,0001,2716,1903900012716,128,4.859812404361672
19,039,0001,2720,1903900012720,1030,6.93828448401696
19,039,0001,2735,1903900012735,0,0.0
19,039,0001,274A,190390001274A,0,0.0
19,039,0001,2754,1903900012754,3562,8.178358165605836
19,039,0001,2769,1903900012769,123,4.820281565605037
19,039,0001,2773,1903900012773,0,0.0
19,039,0001,2788,1903900012788,0,0.0
19,039,0001,2792,1903900012792,0,0.0
19,039,0001,2805,1903900012805,2442,7.8009820712577405
19,039,0001,281A,190390001281A,108,4.6913478822291435
19,039,0001,2824,1903900012824,0,0.0
19,039,0001,2839,1903900012839,0,0.0
19,039,0001,2843,1903900012843,3442,8.144098463338524
19,039,0001,2858,1903900012858,0,0.0
19,039,0001,2862,1903900012862,0,0.0
19,039,0001,2877,1903900012877,0,0.0
19,039,0001,2881,1903900012881,2,1.0986122886681098
19,039,0001,2896,1903900012896,1242,7.1252830915107115
19,039,0001,2909,1903900012909,2103,7.651595573857601
19,039,0001,2928,1903900012928,1378,7.229113877793302
19,039,0001,2932,1903900012932,1865,7.531552381407289
19,039,0001,2947,1903900012947,1370,7.223295679562314
19,039,0001,2951,1903900012951,6688,8.808219665118408
19,039,0001,2966,1903900012966,1289,7.162397497355718
19,039,0001,2970,1903900012970,4969,8.511175119090675
19,039,0001,2985,1903900012985,2939,7.986164860332727
19,039,0001,299A,190390001299A,5782,8.662677858158219
19,039,0001,3004,1903900013004,484,6.184148890937483
19,039,0001,3019,1903900013019,872,6.771935555839602
19,039,0001,3023,1903900013023,70,4.2626798770413155
19,039,0001,3038,1903900013038,784,6.665683717782408
19,039,0001,3042,1903900013042,2479,7.8160138391590275
19,039,0001,3057,1903900013057,0,0.0
19,039,0001,3061,1903900013061,132,4.890349128221754
19,039,0001,3076,1903900013076,373,5.924255797414532
19,039,0001,3080,1903900013080,161,5.087596335232384
19,039,0001,3095,1903900013095,462,6.137727054086234
19,039,0001,3108,1903900013108,245,5.5053315359323625
19,039,0001,3112,1903900013112,166,5.117993812416755
19,039,0001,3127,1903900013127,286,5.659482215759621
19,039,0001,3131,1903900013131,274,5.616771097666572
19,039,0001,3146,1903900013146,118,4.77912349311153
19,039,0001,3150,1903900013150,184,5.220355825078324
19,039,0001,3165,1903900013165,553,6.317164686747284
19,039,0001,317A,190390001317A,830,6.7226297948554485
19,039,0001,3184,1903900013184,864,6.762729506931879
19,039,0001,3199,1903900013199,808,6.695798917058491
19,039,0001,3201,1903900013201,257,5.552959584921617
19,039,0001,3216,1903900013216,327,5.793013608384144
19,039,0001,3220,1903900013220,41,3.7376696182833684
19,039,0001,3305,1903900013305,4421,8.394347361417392
19,039,0001,331A,190390001331A,4503,8.412721169819527
19,039,0001,3324,1903900013324,3080,8.033009498596668
19,039,0001,3339,1903900013339,4055,8.30795254527102
19,039,0001,3343,1903900013343,2215,7.703459047867175
19,039,0001,3358,1903900013358,3808,8.245121966478605
19,039,0001,3362,1903900013362,2093,7.646831391430482
19,039,0001,3377,1903900013377,3517,8.165647925297504
19,039,0001,3381,1903900013381,4266,8.358666283188
19,039,0001,3396,1903900013396,4943,8.505929999137527
19,039,0001,3409,1903900013409,4350,8.37816098272068
19,039,0001,3413,1903900013413,6587,8.79300509129753
19,039,0001,3428,1903900013428,3787,8.239593454305968
19,039,0001,3432,1903900013432,3794,8.24143968982973
19,039,0001,3451,1903900013451,4922,8.5016733797582
19,039,0001,3466,1903900013466,2975,7.998335395952982
19,039,0001,3470,1903900013470,4651,8.445052513638554
19,039,0001,3485,1903900013485,3391,8.129174996911793
19,039,0001,349A,190390001349A,3068,8.029107054619736
19,039,0001,3502,1903900013502,3143,8.053251153549096
19,039,0001,3517,1903900013517,3990,8.291797105048733
19,039,0001,3521,1903900013521,3114,8.043984431221553
19,039,0001,3536,1903900013536,2493,7.821643126239982
19,039,0001,3540,1903900013540,2858,7.958227192322312
19,039,0001,3555,1903900013555,4309,8.368693183097793
19,039,0001,356A,190390001356A,1516,7.324489979348532
19,039,0001,3574,1903900013574,881,6.782192056006791
19,039,0001,3589,1903900013589,2083,7.642044402873258
19,039,0001,3593,1903900013593,2266,7.726212650507529
19,039,0001,3606,1903900013606,2910,7.976251943745623
19,039,0001,3610,1903900013610,2272,7.728855823852543
19,039,0001,363A,190390001363A,3636,8.19891444498699
19,039,0001,3659,1903900013659,2047,7.6246189861593985
19,039,0001,3663,1903900013663,5148,8.546557800046141
19,039,0001,3682,1903900013682,5103,8.537779825024625
19,039,0001,3697,1903900013697,2605,7.8655717576847906
19,039,0001,370A,190390001370A,4248,8.354438940114811
19,039,0001,3714,1903900013714,4961,8.509564164251746
19,039,0001,3729,1903900013729,3299,8.101677747454572
19,039,0001,3733,1903900013733,1851,7.524021415206125
19,039,0001,3748,1903900013748,3691,8.213923595622743
19,039,0001,3767,1903900013767,2539,7.8399193600125825
19,039,0001,3771,1903900013771,8416,9.038008749211576
19,039,0001,3803,1903900013803,5874,8.67846133901236
19,039,0001,3818,1903900013818,7228,8.885855993000296
19,039,0001,3822,1903900013822,4724,8.460622839927844
19,039,0001,3837,1903900013837,3992,8.292298107063221
19,039,0001,3860,1903900013860,3520,8.166500319155052
19,039,0001,3894,1903900013894,1044,6.951772164398911
19,039,0001,3907,1903900013907,1273,7.149916836132109
19,039,0001,3911,1903900013911,1306,7.175489713624222
19,039,0001,3930,1903900013930,1460,7.2868764117507
19,039,0001,3945,1903900013945,28,3.367295829986474
19,039,0001,395A,190390001395A,287,5.662960480135946
19,039,0001,3964,1903900013964,395,5.981414211254481
19,039,0001,3979,1903900013979,4864,8.489821994620105
19,039,0001,3983,1903900013983,4242,8.353025845202325
19,039,0001,3998,1903900013998,6583,8.792397742356906
19,039,0001,4002,1903900014002,6205,8.733271845008325
19,039,0001,4017,1903900014017,6083,8.713417653379183
19,039,0001,4021,1903900014021,4340,8.375860015299594
19,039,0001,4036,1903900014036,4695,8.454466361507933
19,039,0001,4040,1903900014040,3487,8.15708378502887
19,039,0001,4055,1903900014055,4846,8.486115235845377
19,039,0001,406A,190390001406A,4628,8.44009614103127
19,039,0001,4074,1903900014074,6145,8.72355674269043
19,039,0001,4093,1903900014093,2839,7.951559331155252
19,039,0001,4106,1903900014106,4524,8.417372856134026
19,039,0001,4110,1903900014110,3180,8.064950891749143
19,039,0001,4125,1903900014125,1859,7.528331766707247
19,039,0001,413A,190390001413A,2077,7.639161171659173
19,039,0001,4144,1903900014144,622,6.434546518787453
19,039,0001,4159,1903900014159,543,6.298949246855942
19,039,0001,4163,1903900014163,3623,8.19533366716287
19,039,0001,4178,1903900014178,4665,8.448057452581375
19,039,0001,4182,1903900014182,3104,8.040768994367578
19,039,0001,4197,1903900014197,2610,7.8674885686991285
19,039,0001,420A,190390001420A,3559,8.177515823846075
19,039,0001,4214,1903900014214,4912,8.499640032168648
19,039,0001,4229,1903900014229,3250,8.086717920303906
19,039,0001,4233,1903900014233,3186,8.066835314417336
19,039,0001,4248,1903900014248,2250,7.719129840906732
19,039,0001,4252,1903900014252,688,6.535241271013659
19,039,0001,4267,1903900014267,38,3.6635616461296463
19,039,0001,4271,1903900014271,1240,7.123672785204607
19,039,0001,4286,1903900014286,749,6.620073206530356
19,039,0001,4290,1903900014290,937,6.843749949006225
19,039,0001,4303,1903900014303,2301,7.741533589281828
19,039,0001,4318,1903900014318,2311,7.7458682297922685
19,039,0001,4322,1903900014322,2415,7.789868559054706
19,039,0001,4341,1903900014341,382,5.948034989180646
19,039,0001,4356,1903900014356,251,5.529429087511423
19,039,0001,4375,1903900014375,1191,7.083387847625295
19,039,0001,438A,190390001438A,4587,8.431199478249262
19,039,0001,4394,1903900014394,1113,7.01571242048723
19,039,0001,4407,1903900014407,4586,8.430981494597171
19,039,0001,4411,1903900014411,3766,8.23403420769204
19,039,0001,4426,1903900014426,1081,6.9865664594064265
19,039,0001,4430,1903900014430,4920,8.501267040865978
19,039,0001,445A,190390001445A,2651,7.883069351305753
19,039,0001,4464,1903900014464,4903,8.497806477616047
19,039,0001,4479,1903900014479,3892,8.266935347610456
19,039,0001,4483,1903900014483,2372,7.771910256435763
19,039,0001,4498,1903900014498,852,6.748759547491679
19,039,0001,4500,1903900014500,2999,8.006367567650246
19,039,0001,4515,1903900014515,3707,8.218247926685745
19,039,0001,452A,190390001452A,2712,7.905810312658931
19,039,0001,4534,1903900014534,1633,7.3987862754199485
19,039,0001,4549,1903900014549,4644,8.443546651247939
19,039,0001,4553,1903900014553,4235,8.351374706721296
19,039,0001,4568,1903900014568,483,6.182084906716632
19,039,0001,4572,1903900014572,1832,7.513709247839705
19,039,0001,4587,1903900014587,1497,7.311886164077165
19,039,0001,4591,1903900014591,78,4.3694478524670215
19,039,0001,4604,1903900014604,2243,7.716015266642587
19,039,0001,4619,1903900014619,2468,7.81156848934518
19,039,0001,4623,1903900014623,2141,7.669495251007694
19,039,0001,4638,1903900014638,4250,8.35490952835879
19,039,0001,4642,1903900014642,2680,7.893945138235959
19,039,0001,4657,1903900014657,3452,8.146998697389993
19,039,0001,4661,1903900014661,2168,7.682021510826875
19,039,0001,4676,1903900014676,2037,7.61972421378267
19,039,0001,4680,1903900014680,2638,7.878155336503324
19,039,0001,4695,1903900014695,4025,8.300528606199737
19,039,0001,4708,1903900014708,4382,8.38548870041881
19,039,0001,4712,1903900014712,3798,8.242493153187626
19,039,0001,4727,1903900014727,3537,8.17131687471973
19,039,0001,4731,1903900014731,3073,8.03073492409854
19,039,0001,4746,1903900014746,1286,7.160069207596127
19,039,0001,4750,1903900014750,4398,8.389132521348719
19,039,0001,4765,1903900014765,466,6.1463292576688975
19,039,0001,477A,190390001477A,468,6.150602768446279
19,039,0001,4784,1903900014784,3597,8.188133414510478
19,039,0001,4799,1903900014799,2648,7.88193748927207
19,039,0001,4801,1903900014801,2207,7.699842407396986
19,039,0001,4816,1903900014816,4128,8.32579052588609
19,039,0001,4820,1903900014820,2853,7.956476798036782
19,039,0001,4835,1903900014835,7254,8.889446165318288
19,039,0001,484A,190390001484A,4126,8.325306029752582
19,039,0001,4854,1903900014854,2295,7.738923757439457
19,039,0001,4869,1903900014869,3131,8.049427057110695
19,039,0001,4873,1903900014873,2406,7.786136437783072
19,039,0001,4888,1903900014888,372,5.921578419643816
19,039,0001,4892,1903900014892,112,4.727387818712341
19,039,0001,4905,1903900014905,351,5.863631175598097
19,039,0001,491A,190390001491A,719,6.579251212010101
19,039,0001,4924,1903900014924,2288,7.735870319952567
19,039,0001,4939,1903900014939,2188,7.691200097522863
19,039,0001,4943,1903900014943,3585,8.184792654165078
19,039,0001,4958,1903900014958,4899,8.496990484098719
19,039,0001,4962,1903900014962,4364,8.381373468273702
19,039,0001,4977,1903900014977,3045,8.021584533455107
19,039,0001,4981,1903900014981,4777,8.471777327885755
19,039,0001,4996,1903900014996,4907,8.498621805830801
19,039,0001,5000,1903900015000,2606,7.865955413933502
19,039,0001,5015,1903900015015,2294,7.738488122494646
19,039,0001,502A,190390001502A,2936,7.98514393119862
19,039,0001,5034,1903900015034,3157,8.057694194815587
19,039,0001,5049,1903900015049,2395,7.78155595923534
19,039,0001,5053,1903900015053,938,6.844815479208263
19,039,0001,5068,1903900015068,2313,7.746732907753622
19,039,0001,5072,1903900015072,754,6.626717749249025
19,039,0001,5087,1903900015087,4518,8.41604600941128
19,039,0001,5091,1903900015091,1473,7.295735072749282
19,039,0001,5104,1903900015104,3842,8.254008590564844
19,039,0001,5119,1903900015119,1866,7.532088143541722
19,039,0001,5123,1903900015123,0,0.0
19,039,0001,5138,1903900015138,2675,7.892078421248119
19,039,0001,5142,1903900015142,872,6.771935555839602
19,039,0001,5157,1903900015157,4648,8.444407421690585
19,039,0001,5161,1903900015161,591,6.3835066348840055
19,039,0001,5176,1903900015176,217,5.384495062789089
19,039,0001,5180,1903900015180,199,5.298317366548036
19,039,0001,5195,1903900015195,247,5.5134287461649825
19,039,0001,5208,1903900015208,3631,8.197538739721184
19,039,0001,5212,1903900015212,2798,7.937017489515454
19,039,0001,5227,1903900015227,441,6.091309882077698
19,039,0001,5231,1903900015231,493,6.202535517187923
19,039,0001,5246,1903900015246,546,6.304448802421981
19,039,0001,5250,1903900015250,1009,6.917705609835305
19,039,0001,5265,1903900015265,0,0.0
19,039,0001,527A,190390001527A,628,6.444131256700441
19,039,0001,5284,1903900015284,208,5.342334251964811
19,039,0001,5299,1903900015299,62,4.143134726391533
19,039,0001,5301,1903900015301,37,3.6375861597263857
19,039,0001,5316,1903900015316,0,0.0
19,039,0001,5320,1903900015320,9,2.302585092994046
19,039,0001,5335,1903900015335,6,1.9459101490553132
19,040,0001,0142,1904000010142,230,5.442417710521793
19,040,0001,0157,1904000010157,343,5.840641657373398
19,040,0001,0265,1904000010265,4,1.6094379124341003
19,040,0001,027A,190400001027A,211,5.356586274672012
19,041,0001,0050,1904100010050,766,6.642486801367256
19,041,0001,0065,1904100010065,1049,6.956545443151569
19,041,0001,007A,190410001007A,514,6.244166900663736
19,041,0001,0084,1904100010084,543,6.298949246855942
19,041,0001,0099,1904100010099,1381,7.231287004327616
19,041,0001,0116,1904100010116,6,1.9459101490553132
19,041,0001,014A,190410001014A,958,6.8658910748834385
19,041,0001,0154,1904100010154,248,5.517452896464707
19,041,0337,0169,1904103370169,36,3.6109179126442243
19,041,0337,0173,1904103370173,1028,6.9363427358340495
19,041,0337,0188,1904103370188,1280,7.155396301896734
19,041,0337,0192,1904103370192,1014,6.922643891475888
19,041,0337,0205,1904103370205,383,5.950642552587727
19,041,0337,021A,190410337021A,33,3.5263605246161616
19,041,0337,0224,1904103370224,0,0.0
19,042,0001,0147,1904200010147,160,5.081404364984463
19,042,0001,0151,1904200010151,387,5.961005339623274
19,042,0001,0166,1904200010166,229,5.438079308923196
19,042,0001,0170,1904200010170,380,5.942799375126701
19,042,0001,0293,1904200010293,13,2.6390573296152584
19,042,0001,0306,1904200010306,0,0.0
19,043,0001,0106,1904300010106,361,5.8916442118257715
19,043,0001,0144,1904300010144,0,0.0
19,044,0001,0245,1904400010245,933,6.839476438228843
19,044,0001,0264,1904400010264,1595,7.3752557780097545
19,044,0001,0283,1904400010283,348,5.855071922202427
19,044,0001,0298,1904400010298,888,6.790097235513905
19,044,0001,0315,1904400010315,2150,7.67368812926773
19,044,0001,032A,190440001032A,1399,7.24422751560335
19,044,0001,0334,1904400010334,28,3.367295829986474
19,044,0001,0349,1904400010349,1900,7.550135342488429
19,044,0001,0353,1904400010353,48,3.8918202981106265
19,044,0001,0368,1904400010368,6,1.9459101490553132
19,044,0001,0372,1904400010372,0,0.0
19,044,0001,0387,1904400010387,321,5.7745515455444085
19,044,0001,0391,1904400010391,925,6.8308742346461795
19,044,0001,0442,1904400010442,2562,7.848933726364071
19,044,0001,0461,1904400010461,125,4.836281906951478
19,044,0001,0476,1904400010476,661,6.495265555937008
19,044,0001,0480,1904400010480,811,6.699500340161678
19,044,0001,0495,1904400010495,764,6.639875833826536
19,044,0001,0508,1904400010508,786,6.668228248417403
19,044,0001,0512,1904400010512,757,6.630683385642372
19,044,0001,0527,1904400010527,700,6.55250788703459
19,044,0001,0531,1904400010531,892,6.794586580876499
19,044,0001,0546,1904400010546,832,6.725033642166843
19,044,0001,0550,1904400010550,666,6.502790045915623
19,044,0001,0565,1904400010565,757,6.630683385642372
19,044,0001,057A,190440001057A,626,6.440946540632921
19,044,0001,0584,1904400010584,678,6.520621127558696
19,044,0001,0599,1904400010599,633,6.452048954437226
19,044,0001,0601,1904400010601,445,6.100318952020064
19,044,0001,0616,1904400010616,532,6.278521424165844
19,044,0001,0620,1904400010620,597,6.393590753950631
19,044,0001,0635,1904400010635,927,6.833031732786201
19,044,0001,064A,190440001064A,553,6.317164686747284
19,044,0001,0654,1904400010654,1401,7.2456550675945355
19,044,0001,0669,1904400010669,472,6.159095388491933
19,044,0001,0673,1904400010673,642,6.466144724237619
19,044,0001,0688,1904400010688,15,2.772588722239781
19,044,0001,0692,1904400010692,19,2.995732273553991
19,044,0001,0705,1904400010705,221,5.402677381872279
19,044,0001,0828,1904400010828,237,5.472270673671475
19,044,0001,0832,1904400010832,276,5.6240175061873385
19,044,0001,0847,1904400010847,158,5.0689042022202315
19,044,0001,0870,1904400010870,54,4.007333185232471
19,044,0001,0885,1904400010885,898,6.80128303447162
19,044,0001,089A,190440001089A,1337,7.198931240688173
19,044,0001,0902,1904400010902,483,6.182084906716632
19,044,0001,0921,1904400010921,715,6.573680166960646
19,044,0001,0936,1904400010936,170,5.14166355650266
19,044,0001,0940,1904400010940,0,0.0
19,044,0001,0955,1904400010955,125,4.836281906951478
19,044,0001,096A,190440001096A,0,0.0
19,044,0001,0974,1904400010974,0,0.0
19,045,0001,0187,1904500010187,1871,7.534762657037537
19,045,0001,0191,1904500010191,1294,7.166265974133638
19,045,0001,0204,1904500010204,1061,6.967909201801884
19,045,0001,0219,1904500010219,584,6.371611847231857
19,045,0001,0223,1904500010223,891,6.79346613258001
19,045,0001,0280,1904500010280,357,5.8805329864007
19,045,0001,0295,1904500010295,269,5.598421958998375
19,045,0001,0308,1904500010308,2014,7.608374474380783
19,045,0001,0312,1904500010312,583,6.369900982828227
19,045,0001,0346,1904500010346,55,4.02535169073515
19,045,0001,0469,1904500010469,0,0.0
19,045,0241,0399,1904502410399,3375,8.124446855715847
19,045,0385,037A,190450385037A,2993,8.004365564979574
19,045,0385,0384,1904503850384,3181,8.065265208897733
19,045,0405,0350,1904504050350,35,3.58351893845611
19,045,0405,0365,1904504050365,3125,8.047509510981422
19,045,0464,0401,1904504640401,1226,7.112327444710911
19,045,0464,0416,1904504640416,1472,7.29505641646263
19,045,0464,0420,1904504640420,1166,7.062191632286556
19,045,0464,0435,1904504640435,998,6.906754778648554
19,045,0464,0473,1904504640473,63,4.1588830833596715
19,046,0001,0042,1904600010042,1859,7.528331766707247
19,046,0001,0057,1904600010057,1520,7.327123292259293
19,046,0001,0076,1904600010076,4304,8.367532416861831
19,046,0001,0095,1904600010095,1460,7.2868764117507
19,046,0001,0108,1904600010108,2907,7.97522083865341
19,046,0001,0127,1904600010127,4640,8.442685139241176
19,046,0001,0131,1904600010131,4692,8.453827315794417
19,046,0001,0146,1904600010146,3316,8.106816038947052
19,046,0001,017A,190460001017A,4742,8.464425125877582
19,046,0001,0184,1904600010184,3599,8.1886891244442
19,046,0001,0201,1904600010201,4213,8.346167594364134
19,046,0001,0216,1904600010216,2126,7.6624678152002375
19,046,0001,0220,1904600010220,1585,7.368970402194793
19,046,0001,0235,1904600010235,2226,7.708410667257367
19,046,0001,024A,190460001024A,2866,7.96102146588337
19,046,0001,0292,1904600010292,0,0.0
19,046,0001,031A,190460001031A,1879,7.539027055823995
19,046,0001,0324,1904600010324,2609,7.867105500316739
19,046,0001,0339,1904600010339,1352,7.210079628170788
19,046,0001,0343,1904600010343,6508,8.780941113572387
19,046,0001,0362,1904600010362,6006,8.700680734850161
19,046,0001,0381,1904600010381,3734,8.225503097566918
19,046,0001,0413,1904600010413,4201,8.343315881404946
19,046,0001,0447,1904600010447,3131,8.049427057110695
19,046,0001,0466,1904600010466,2400,7.783640596221253
19,046,0001,0485,1904600010485,3378,8.12533508671429
19,046,0001,049A,190460001049A,3007,8.00903068506973
19,046,0001,0536,1904600010536,5064,8.530109416682784
19,046,0001,0540,1904600010540,5577,8.626585568187433
19,046,0001,0555,1904600010555,0,0.0
19,046,0001,0593,1904600010593,5410,8.596189197642735
19,046,0001,0610,1904600010610,667,6.504288173536645
19,046,0001,0625,1904600010625,746,6.616065185132817
19,046,0001,0659,1904600010659,0,0.0
19,046,0001,0663,1904600010663,299,5.703782474656201
19,046,0001,0682,1904600010682,3437,8.142645185942795
19,046,0001,070A,190460001070A,1204,7.094234845924755
19,046,0001,0714,1904600010714,4117,8.323122887587735
19,046,0001,0729,1904600010729,0,0.0
19,046,0001,0752,1904600010752,2198,7.695757990554761
19,046,0001,0786,1904600010786,5265,8.569026340056254
19,046,0001,0790,1904600010790,0,0.0
19,046,0001,0822,1904600010822,2043,7.622663951323595
19,046,0001,0841,1904600010841,2937,7.9854843567338225
19,046,0001,0856,1904600010856,5702,8.648747631156539
19,046,0001,0860,1904600010860,3960,8.284251797621916
19,046,0001,0875,1904600010875,4493,8.410498452745275
19,046,0001,088A,190460001088A,4664,8.447843113281444
19,046,0001,0894,1904600010894,3170,8.061802274538348
19,046,0001,0907,1904600010907,3958,8.28374674710613
19,046,0001,0926,1904600010926,5994,8.698681067461614
19,046,0001,0930,1904600010930,3276,8.094683648698815
19,046,0001,0945,1904600010945,3972,8.287276755814599
19,046,0001,095A,190460001095A,3572,8.181160858023409
19,046,0001,0979,1904600010979,3186,8.066835314417336
19,046,0001,0998,1904600010998,6715,8.812248018197431
19,046,0001,1002,1904600011002,3558,8.177234885510194
19,046,0001,1017,1904600011017,4766,8.469472455204826
19,046,0001,1021,1904600011021,4408,8.391403185357937
19,046,0001,1040,1904600011040,3873,8.262042843966942
19,046,0001,1055,1904600011055,7975,8.984192311641674
19,046,0001,106A,190460001106A,955,6.862757913051401
19,046,0001,1074,1904600011074,5475,8.60813018640834
19,046,0001,1089,1904600011089,3718,8.22121009392507
19,046,0001,1093,1904600011093,3733,8.225235324101668
19,046,0001,1106,1904600011106,4380,8.385032287813898
19,046,0001,1110,1904600011110,3318,8.107418811719974
19,046,0001,1125,1904600011125,3672,8.208764045819667
19,046,0001,113A,190460001113A,4381,8.385260520155413
19,046,0001,1144,1904600011144,2943,7.987524479848767
19,046,0001,1159,1904600011159,4960,8.509362612301048
19,046,0001,1163,1904600011163,4720,8.459775920546287
19,046,0001,1178,1904600011178,2534,7.837948916025283
19,046,0001,1182,1904600011182,2827,7.947325027016463
19,046,0001,1197,1904600011197,2587,7.858640655620791
19,046,0001,120A,190460001120A,3715,8.22040309993373
19,046,0001,1214,1904600011214,2891,7.969703583278656
19,046,0001,1229,1904600011229,4609,8.435983135990694
19,046,0001,1233,1904600011233,3479,8.15478757276852
19,046,0001,1248,1904600011248,3866,8.260234291607297
19,046,0001,1252,1904600011252,4154,8.332067707289548
19,046,0001,1267,1904600011267,4659,8.446770727119691
19,046,0001,1271,1904600011271,3770,8.235095497258357
19,046,0001,1286,1904600011286,3071,8.030084094267563
19,046,0001,1290,1904600011290,4306,8.36799688505411
19,046,0001,1303,1904600011303,4781,8.47261414801827
19,046,0001,1318,1904600011318,2642,7.879669914604289
19,046,0001,1322,1904600011322,3680,8.210939733379021
19,046,0001,1341,1904600011341,3858,8.258163361537619
19,046,0001,1356,1904600011356,5983,8.696844519654313
19,046,0001,1375,1904600011375,6904,8.840001065843392
19,046,0001,138A,190460001138A,2701,7.9017475185201445
19,046,0001,1394,1904600011394,2838,7.951207156472972
19,046,0001,1407,1904600011407,3782,8.23827262463303
19,046,0001,1426,1904600011426,3839,8.253227645581772
19,046,0001,1430,1904600011430,5176,8.551981016901902
19,046,0001,1445,1904600011445,2787,7.933079771880415
19,046,0001,145A,190460001145A,4080,8.314097335405807
19,046,0001,1464,1904600011464,3360,8.119993827725105
19,046,0001,1479,1904600011479,2591,7.860185057472165
19,046,0001,1483,1904600011483,2246,7.717351272185329
19,046,0001,1498,1904600011498,3650,8.202756381655638
19,046,0001,1500,1904600011500,5188,8.55429627936774
19,046,0001,1515,1904600011515,1975,7.588829878307813
19,046,0001,152A,190460001152A,3940,8.279189777195004
19,046,0001,1534,1904600011534,5917,8.685753832960154
19,046,0001,1549,1904600011549,4786,8.473659189392508
19,046,0001,1568,1904600011568,5253,8.566744970245486
19,046,0001,1572,1904600011572,4928,8.502891406705377
19,046,0001,1587,1904600011587,2919,7.979338895262328
19,046,0001,1591,1904600011591,3838,8.252967195000798
19,046,0001,1604,1904600011604,3580,8.183397369998433
19,046,0001,1619,1904600011619,4032,8.302265794873367
19,046,0001,1623,1904600011623,4634,8.441391477999955
19,046,0001,1638,1904600011638,4720,8.459775920546287
19,046,0001,1642,1904600011642,2797,7.936660155225426
19,046,0001,1657,1904600011657,3752,8.23031079913502
19,046,0001,1661,1904600011661,441,6.091309882077698
19,046,0001,1676,1904600011676,586,6.375024819828097
19,046,0001,1708,1904600011708,1606,7.382124365737512
19,046,0001,1712,1904600011712,2621,7.871692664323645
19,046,0001,1727,1904600011727,3152,8.056109659545061
19,046,0001,1731,1904600011731,3265,8.09132127353041
19,046,0001,1746,1904600011746,3730,8.224431573221159
19,046,0001,1750,1904600011750,4320,8.371242135931933
19,046,0001,1765,1904600011765,4199,8.34283980427146
19,046,0001,177A,190460001177A,3007,8.00903068506973
19,047,0001,0069,1904700010069,1719,7.450079569807499
19,047,0001,0073,1904700010073,1241,7.124478262493424
19,047,0001,0088,1904700010088,1343,7.203405521083095
19,047,0001,0092,1904700010092,1379,7.22983877815125
19,047,0001,0105,1904700010105,1184,7.077498053569231
19,047,0001,011A,190470001011A,786,6.668228248417403
19,047,0001,0124,1904700010124,576,6.3578422665081
19,047,0001,0139,1904700010139,2350,7.762596048540069
19,047,0001,0158,1904700010158,907,6.811244378601294
19,047,0001,0162,1904700010162,476,6.1675164908883415
19,047,0001,0177,1904700010177,465,6.144185634125646
19,047,0001,0181,1904700010181,72,4.290459441148391
19,047,0001,0196,1904700010196,711,6.568077911411976
19,047,0001,0209,1904700010209,332,5.808142489980444
19,047,0001,0213,1904700010213,195,5.278114659230517
19,047,0001,0228,1904700010228,310,5.739792912179234
19,047,0001,0232,1904700010232,87,4.477336814478207
19,047,0001,0247,1904700010247,103,4.6443908991413725
19,047,0001,0251,1904700010251,37,3.6375861597263857
19,047,0001,0266,1904700010266,6,1.9459101490553132
19,047,0001,0270,1904700010270,73,4.30406509320417
19,047,0001,0285,1904700010285,141,4.955827057601261
19,047,0001,029A,190470001029A,930,6.836259277277067
19,047,0001,0302,1904700010302,1101,7.004881989712859
19,047,0001,0317,1904700010317,0,0.0
19,048,0001,016A,190480001016A,2097,7.6487397889562425
19,048,0001,0189,1904800010189,4333,8.374246182096304
19,048,0001,0193,1904800010193,2259,7.723120092266331
19,048,0001,0210,1904800010210,3785,8.239065331769268
19,048,0001,0225,1904800010225,3904,8.270013062273787
19,048,0001,023A,190480001023A,4084,8.315077007294104
19,048,0001,0263,1904800010263,5197,8.556029215201436
19,048,0001,0282,1904800010282,1218,7.105786129481271
19,048,0001,0329,1904800010329,3846,8.255048902752295
19,048,0001,0333,1904800010333,789,6.672032945461067
19,048,0001,0348,1904800010348,4093,8.317277766221235
19,048,0001,0352,1904800010352,0,0.0
19,048,0001,0390,1904800010390,3788,8.239857411018601
19,048,0001,0403,1904800010403,3330,8.11102783819368
19,048,0001,0422,1904800010422,4634,8.441391477999955
19,048,0001,0441,1904800010441,2198,7.695757990554761
19,048,0001,0475,1904800010475,3068,8.029107054619736
19,048,0001,048A,190480001048A,2661,7.8868329989550565
19,048,0001,0494,1904800010494,2656,7.884952945759814
19,048,0001,0511,1904800010511,1868,7.533158807455563
19,048,0001,0526,1904800010526,1622,7.392031567514591
19,048,0001,0545,1904800010545,4568,8.427049641563272
19,048,0001,055A,190480001055A,2013,7.607878073278507
19,048,0001,0564,1904800010564,3732,8.224967478914584
19,048,0001,0579,1904800010579,3257,8.08886878916199
19,048,0001,0583,1904800010583,3501,8.161089512845797
19,048,0001,0600,1904800010600,2877,7.964850887447313
19,048,0001,0615,1904800010615,2356,7.7651449029361315
19,048,0001,062A,190480001062A,3981,8.289539484624141
19,048,0001,0761,1904800010761,396,5.983936280687191
19,048,0001,0776,1904800010776,0,0.0
19,048,0001,0808,1904800010808,4505,8.41316512099219
19,048,0001,0812,1904800010812,4648,8.444407421690585
19,048,0001,0827,1904800010827,4533,8.419359831067474
19,048,0001,0831,1904800010831,1945,7.57353126274595
19,048,0001,0865,1904800010865,5166,8.550047528287184
19,048,0001,087A,190480001087A,4951,8.507546814364431
19,048,0001,0899,1904800010899,3837,8.252706676567644
19,048,0001,0901,1904800010901,3798,8.242493153187626
19,048,0001,0916,1904800010916,3467,8.151333337900432
19,048,0001,0920,1904800010920,3122,8.046549357283078
19,048,0001,0935,1904800010935,4782,8.472823243680297
19,048,0001,094A,190480001094A,2544,7.841885928984623
19,048,0001,0954,1904800010954,0,0.0
19,048,0001,0969,1904800010969,1029,6.937314081223682
19,048,0001,0973,1904800010973,2813,7.942362237674335
19,048,0001,0988,1904800010988,2569,7.851661177889265
19,048,0001,0992,1904800010992,6443,8.770904744296866
19,048,0001,1007,1904800011007,5939,8.68946441235669
19,048,0001,1011,1904800011011,41,3.7376696182833684
19,048,0001,1030,1904800011030,1770,7.479299637782834
19,048,0001,1045,1904800011045,4410,8.39185670010494
19,048,0001,105A,190480001105A,4102,8.319473692442186
19,048,0001,1064,1904800011064,5090,8.535229553902337
19,048,0001,1100,1904800011100,755,6.628041376179533
19,048,0001,112A,190480001112A,4679,8.451053388911692
19,048,0001,1134,1904800011134,36,3.6109179126442243
19,048,0001,1149,1904800011149,1668,7.419979923661835
19,048,0001,1153,1904800011153,927,6.833031732786201
19,048,0001,1168,1904800011168,1056,6.963189985870238
19,048,0001,1172,1904800011172,3554,8.176110342237342
19,048,0001,1187,1904800011187,4809,8.478452363099807
19,048,0001,1191,1904800011191,2472,7.813187267521416
19,048,0001,1204,1904800011204,3701,8.216628493133443
19,048,0001,1219,1904800011219,2681,7.894318063841624
19,048,0001,1223,1904800011223,5002,8.517793011488205
19,048,0001,1238,1904800011238,4651,8.445052513638554
19,048,0001,1242,1904800011242,3363,8.120886021092838
19,048,0001,1257,1904800011257,4640,8.442685139241176
19,048,0001,1261,1904800011261,3317,8.10711747075039
19,048,0001,1276,1904800011276,2411,7.788211557847076
19,048,0001,1280,1904800011280,2896,7.9714309977693505
19,048,0001,1295,1904800011295,2056,7.6290038896529575
19,048,0001,1308,1904800011308,2740,7.916078096302786
19,048,0001,1312,1904800011312,3492,8.158516244806831
19,048,0001,1327,1904800011327,3483,8.155936337972394
19,048,0001,1331,1904800011331,4114,8.32239411311117
19,048,0001,1346,1904800011346,3192,8.068716192714781
19,048,0001,1350,1904800011350,3255,8.08825472712243
19,048,0001,1365,1904800011365,2290,7.736743682453495
19,048,0001,137A,190480001137A,1330,7.193685818395112
19,048,0001,1384,1904800011384,2109,7.6544432264701125
19,048,0001,1399,1904800011399,273,5.6131281063880705
19,048,0001,1401,1904800011401,754,6.626717749249025
19,048,0001,1416,1904800011416,1802,7.497207223203318
19,048,0001,1420,1904800011420,1025,6.933423025730715
19,048,0001,1435,1904800011435,1948,7.575071699507561
19,048,0001,144A,190480001144A,3818,8.247743887225516
19,048,0001,1454,1904800011454,461,6.135564891081739
19,048,0001,1469,1904800011469,87,4.477336814478207
19,048,0001,1473,1904800011473,2645,7.880804344674901
19,048,0001,1488,1904800011488,2633,7.876258882303226
19,048,0001,1492,1904800011492,181,5.204006687076795
19,048,0001,1505,1904800011505,434,6.075346031088684
19,048,0001,151A,190480001151A,625,6.439350371100098
19,048,0001,1524,1904800011524,18,2.9444389791664403
19,048,0001,1539,1904800011539,1060,6.966967138613983
19,048,0001,1543,1904800011543,7,2.0794415416798357
19,048,0001,1558,1904800011558,51,3.9512437185814275
19,048,0001,1562,1904800011562,0,0.0
19,048,0001,1577,1904800011577,231,5.44673737166631
19,049,0001,010A,190490001010A,872,6.771935555839602
19,049,0001,0114,1904900010114,1505,7.317212408359839
19,049,0001,0129,1904900010129,1445,7.27655640271871
19,049,0001,0133,1904900010133,1222,7.109062135687172
19,049,0001,0148,1904900010148,2129,7.6638772587034705
19,049,0001,0152,1904900010152,905,6.80903930604298
19,049,0001,0167,1904900010167,2685,7.895808377083183
19,049,0001,0171,1904900010171,2002,7.602401335665818
19,049,0001,0186,1904900010186,1353,7.21081845347222
19,049,0001,0190,1904900010190,1562,7.354362330421477
19,049,0001,0203,1904900010203,2554,7.845807502637805
19,049,0001,0218,1904900010218,1258,7.138073034044347
19,049,0001,0222,1904900010222,846,6.741700694652055
19,049,0001,0237,1904900010237,1290,7.1631723908466425
19,049,0001,0241,1904900010241,1352,7.210079628170788
19,049,0001,0256,1904900010256,793,6.677083461247136
19,049,0001,0260,1904900010260,700,6.55250788703459
19,049,0001,0275,1904900010275,321,5.7745515455444085
19,049,0001,028A,190490001028A,564,6.336825731146441
19,049,0001,0294,1904900010294,0,0.0
19,049,0001,0307,1904900010307,569,6.345636360828596
19,049,0001,0311,1904900010311,54,4.007333185232471
19,049,0001,0326,1904900010326,2042,7.622174594817622
19,049,0001,0330,1904900010330,1322,7.187657164114956
19,049,0001,0345,1904900010345,190,5.25227342804663
19,049,0001,0379,1904900010379,1323,7.188412736496954
19,049,0001,0383,1904900010383,220,5.3981627015177525
19,049,0001,042A,190490001042A,443,6.095824562432225
19,049,0001,0434,1904900010434,218,5.389071729816501
19,049,0001,0449,1904900010449,73,4.30406509320417
19,049,0001,0453,1904900010453,992,6.900730664045173
19,049,0001,0468,1904900010468,970,6.878326468291325
19,049,0001,0472,1904900010472,306,5.726847747587197
19,049,0001,0487,1904900010487,39,3.6888794541139363
19,049,0001,0491,1904900010491,1157,7.05444965813294
19,049,0001,0504,1904900010504,456,6.124683390894205
19,049,0001,0519,1904900010519,4,1.6094379124341003
19,049,0001,0523,1904900010523,109,4.700480365792417
19,049,0001,0538,1904900010538,22,3.1354942159291497
19,049,0001,0542,1904900010542,38,3.6635616461296463
19,049,0001,0557,1904900010557,80,4.394449154672439
19,049,0001,0561,1904900010561,751,6.62273632394984
19,049,0001,0576,1904900010576,84,4.442651256490317
19,049,0001,0580,1904900010580,20,3.044522437723423
19,049,0001,0595,1904900010595,0,0.0
19,049,0001,0608,1904900010608,0,0.0
19,049,0001,0612,1904900010612,0,0.0
19,050,0001,0223,1905000010223,325,5.786897381366708
19,050,0001,044A,190500001044A,129,4.867534450455582
19,050,0001,0454,1905000010454,28,3.367295829986474
19,050,0001,0469,1905000010469,4,1.6094379124341003
19,050,0001,0473,1905000010473,136,4.919980925828125
19,051,0001,0146,1905100010146,604,6.405228458030842
19,051,0001,0150,1905100010150,800,6.68586094706836
19,051,0001,017A,190510001017A,333,5.811140992976701
19,051,0001,0235,1905100010235,114,4.74493212836325
19,051,0001,024A,190510001024A,50,3.9318256327243257
19,051,0001,0254,1905100010254,62,4.143134726391533
19,051,0001,0269,1905100010269,0,0.0
19,051,0001,0273,1905100010273,556,6.322565239927284
19,051,0001,0288,1905100010288,338,5.82600010738045
19,051,0001,0292,1905100010292,7,2.0794415416798357
19,051,0001,0305,1905100010305,39,3.6888794541139363
19,051,0001,031A,190510001031A,2,1.0986122886681098
19,051,0001,0324,1905100010324,2,1.0986122886681098
19,051,0001,0339,1905100010339,5,1.791759469228055
