ENTIDAD,MUN,LOC,AGEB,CVEGEO,POBTOT,log_POBTOT
26,001,0001,0055,2600100010055,854,6.75110146893676
26,001,0001,006A,260010001006A,747,6.617402977974478
26,001,0001,0074,2600100010074,50,3.9318256327243257
26,001,0001,0110,2600100010110,63,4.1588830833596715
26,001,0001,0125,2600100010125,0,0.0
26,001,0001,013A,260010001013A,27,3.332204510175204
26,002,0001,0512,2600200010512,1580,7.365812837209472
26,002,0001,0527,2600200010527,260,5.564520407322694
26,002,0001,0531,2600200010531,908,6.812345094177479
26,002,0001,0546,2600200010546,955,6.862757913051401
26,002,0001,0550,2600200010550,761,6.635946555686647
26,002,0001,0565,2600200010565,781,6.661854740545311
26,002,0001,057A,260020001057A,1207,7.0967213784947605
26,002,0001,0584,2600200010584,646,6.472346294500901
26,002,0001,0599,2600200010599,1789,7.489970898834801
26,002,0001,0601,2600200010601,2067,7.63433723562832
26,002,0001,0616,2600200010616,1544,7.3427791893318455
26,002,0001,0620,2600200010620,1132,7.0326242610280065
26,002,0001,0635,2600200010635,883,6.784457062637643
26,002,0001,064A,260020001064A,690,6.53813982376767
26,002,0001,0654,2600200010654,1642,7.404279118037268
26,002,0001,0669,2600200010669,1128,7.029087564149662
26,002,0001,0673,2600200010673,895,6.79794041297493
26,002,0001,0688,2600200010688,1661,7.415776975415394
26,002,0001,0692,2600200010692,733,6.598509028614515
26,002,0001,0705,2600200010705,570,6.3473892096560105
26,002,0001,071A,260020001071A,303,5.717027701406222
26,002,0001,0724,2600200010724,628,6.444131256700441
26,002,0001,0739,2600200010739,1093,6.9975959829819265
26,002,0001,0743,2600200010743,760,6.634633357861686
26,002,0001,0762,2600200010762,492,6.20050917404269
26,002,0001,0777,2600200010777,576,6.3578422665081
26,002,0001,0781,2600200010781,371,5.918893854273146
26,002,0001,0796,2600200010796,539,6.29156913955832
26,002,0001,0809,2600200010809,502,6.220590170099739
26,002,0001,0813,2600200010813,432,6.07073772800249
26,002,0001,0828,2600200010828,467,6.148468295917647
26,002,0001,0832,2600200010832,207,5.337538079701318
26,002,0001,0851,2600200010851,1431,7.266827347520591
26,002,0001,0866,2600200010866,543,6.298949246855942
26,002,0001,0870,2600200010870,453,6.118097198041348
26,002,0001,0885,2600200010885,344,5.84354441703136
26,002,0001,089A,260020001089A,1202,7.0925737159746784
26,002,0001,0921,2600200010921,1025,6.933423025730715
26,002,0001,1262,2600200011262,943,6.8501261661455
26,002,0001,1281,2600200011281,1058,6.9650803456014065
26,002,0001,1296,2600200011296,1935,7.568379267836522
26,002,0001,1309,2600200011309,1610,7.384610383176974
26,002,0001,1313,2600200011313,1912,7.556427969440253
26,002,0001,1328,2600200011328,1620,7.390798521735676
26,002,0001,1347,2600200011347,515,6.246106765481563
26,002,0001,1351,2600200011351,810,6.698268054115413
26,002,0001,1366,2600200011366,522,6.259581464064923
26,002,0001,1370,2600200011370,629,6.4457198193855785
26,002,0001,1385,2600200011385,769,6.646390514847729
26,002,0001,139A,260020001139A,840,6.734591659972948
26,002,0001,1402,2600200011402,662,6.4967749901858625
26,002,0001,1417,2600200011417,683,6.52795791762255
26,002,0001,1421,2600200011421,960,6.8679744089702925
26,002,0001,1455,2600200011455,2744,7.917536353943631
26,002,0001,146A,260020001146A,694,6.543911845564792
26,002,0001,1474,2600200011474,100,4.61512051684126
26,002,0001,1489,2600200011489,0,0.0
26,002,0001,1493,2600200011493,18,2.9444389791664403
26,002,0001,1506,2600200011506,309,5.736572297479192
26,002,0001,1510,2600200011510,90,4.51085950651685
26,002,0001,1525,2600200011525,353,5.869296913133774
26,002,0001,153A,260020001153A,179,5.19295685089021
26,002,0001,1544,2600200011544,154,5.043425116919247
26,002,0001,1559,2600200011559,26,3.295836866004329
26,002,0001,1563,2600200011563,471,6.156978985585555
26,002,0001,1578,2600200011578,201,5.308267697401205
26,002,0001,1582,2600200011582,76,4.343805421853684
26,002,0001,1597,2600200011597,130,4.875197323201151
26,002,0001,160A,260020001160A,83,4.430816798843313
26,002,0001,1614,2600200011614,186,5.231108616854587
26,002,0001,1629,2600200011629,1006,6.914730892718563
26,002,0001,1633,2600200011633,748,6.618738983517219
26,002,0001,1648,2600200011648,516,6.248042874508429
26,002,0001,1652,2600200011652,687,6.5337888379333435
26,002,0001,1667,2600200011667,8,2.1972245773362196
26,002,0001,1671,2600200011671,18,2.9444389791664403
26,002,0001,1686,2600200011686,15,2.772588722239781
26,002,0001,1690,2600200011690,428,6.061456918928017
26,002,0001,1703,2600200011703,903,6.806829360392176
26,002,0001,1718,2600200011718,171,5.147494476813453
26,002,0001,1722,2600200011722,244,5.501258210544727
26,002,0001,1737,2600200011737,279,5.634789603169249
26,002,0001,1741,2600200011741,476,6.1675164908883415
26,002,0001,1756,2600200011756,374,5.926926025970411
26,002,0001,1760,2600200011760,285,5.655991810819852
26,002,0001,1775,2600200011775,3679,8.210668031162976
26,002,0001,178A,260020001178A,2031,7.616775808698373
26,002,0001,1794,2600200011794,191,5.2574953720277815
26,002,0001,1807,2600200011807,674,6.51471269087253
26,002,0001,1811,2600200011811,787,6.669498089857879
26,002,0001,1826,2600200011826,785,6.666956792429207
26,002,0001,1830,2600200011830,654,6.484635235635252
26,002,0001,1845,2600200011845,0,0.0
26,002,0001,185A,260020001185A,15,2.772588722239781
26,002,0001,1864,2600200011864,0,0.0
26,002,0001,1879,2600200011879,313,5.749392985908253
26,002,0001,1883,2600200011883,372,5.921578419643816
26,002,0001,1898,2600200011898,581,6.366470447731438
26,002,0001,1900,2600200011900,1252,7.133295954896068
26,002,0001,1915,2600200011915,393,5.976350909297934
26,002,0001,192A,260020001192A,707,6.56244409369372
26,002,0001,1934,2600200011934,1224,7.110696122978827
26,002,0001,1949,2600200011949,114,4.74493212836325
26,002,0001,1953,2600200011953,219,5.393627546352362
26,002,0001,1968,2600200011968,0,0.0
26,002,0001,1972,2600200011972,134,4.90527477843843
26,002,0001,1987,2600200011987,14,2.70805020110221
26,002,0001,1991,2600200011991,70,4.2626798770413155
26,002,0001,2006,2600200012006,42,3.7612001156935624
26,002,0001,2010,2600200012010,107,4.68213122712422
26,002,0001,2025,2600200012025,30,3.4339872044851463
26,002,0001,203A,260020001203A,1,0.6931471805599453
26,002,0001,2044,2600200012044,9,2.302585092994046
26,002,0001,2059,2600200012059,12,2.5649493574615367
26,002,0001,2063,2600200012063,4,1.6094379124341003
26,002,0001,2078,2600200012078,39,3.6888794541139363
26,002,0001,2082,2600200012082,49,3.912023005428146
26,002,0001,2097,2600200012097,12,2.5649493574615367
26,002,0001,210A,260020001210A,16,2.833213344056216
26,002,0001,2114,2600200012114,64,4.174387269895637
26,002,0001,2129,2600200012129,3,1.3862943611198906
26,002,0001,2133,2600200012133,42,3.7612001156935624
26,002,0001,2148,2600200012148,81,4.406719247264253
26,002,0001,2152,2600200012152,4,1.6094379124341003
26,002,0001,2167,2600200012167,2,1.0986122886681098
26,002,0001,2171,2600200012171,12,2.5649493574615367
26,002,0001,2186,2600200012186,13,2.6390573296152584
26,002,0001,2190,2600200012190,0,0.0
26,002,0001,2203,2600200012203,51,3.9512437185814275
26,002,0001,2218,2600200012218,47,3.871201010907891
26,002,0001,2222,2600200012222,21,3.091042453358316
26,002,0001,2237,2600200012237,473,6.161207321695077
26,002,0001,2241,2600200012241,1050,6.957497370876951
26,002,0001,2256,2600200012256,0,0.0
26,002,0001,2260,2600200012260,0,0.0
26,002,0001,2275,2600200012275,30,3.4339872044851463
26,002,0001,228A,260020001228A,6,1.9459101490553132
26,002,0001,2294,2600200012294,29,3.4011973816621555
26,002,0001,2307,2600200012307,27,3.332204510175204
26,002,0001,2311,2600200012311,0,0.0
26,002,0001,2326,2600200012326,14,2.70805020110221
26,002,0001,2330,2600200012330,21,3.091042453358316
26,002,0001,2345,2600200012345,0,0.0
26,002,0001,235A,260020001235A,39,3.6888794541139363
26,002,0001,2364,2600200012364,1,0.6931471805599453
26,002,0001,2379,2600200012379,0,0.0
26,002,0001,2383,2600200012383,12,2.5649493574615367
26,002,0001,2398,2600200012398,42,3.7612001156935624
26,003,0001,0702,2600300010702,2011,7.60688453121963
26,003,0001,0717,2600300010717,1622,7.392031567514591
26,003,0001,0721,2600300010721,1118,7.020190708311925
26,003,0001,0736,2600300010736,1261,7.140453043101158
26,003,0001,1310,2600300011310,1045,6.952728644624869
26,003,0001,1325,2600300011325,270,5.602118820879701
26,003,0001,133A,260030001133A,189,5.247024072160486
26,003,0001,1344,2600300011344,1489,7.306531398939505
26,003,0001,1359,2600300011359,172,5.153291594497779
26,003,0001,1363,2600300011363,76,4.343805421853684
26,003,0001,1378,2600300011378,0,0.0
26,003,0001,1382,2600300011382,34,3.5553480614894135
26,003,0001,1397,2600300011397,40,3.713572066704308
26,003,0001,140A,260030001140A,18,2.9444389791664403
26,004,0001,0536,2600400010536,1895,7.547501682814967
26,004,0001,0540,2600400010540,1567,7.357556200910353
26,004,0001,0555,2600400010555,1315,7.182352111885263
26,004,0001,056A,260040001056A,1064,6.970730078143525
26,004,0001,0983,2600400010983,175,5.170483995038151
26,004,0001,0998,2600400010998,20,3.044522437723423
26,004,0001,1002,2600400011002,6,1.9459101490553132
26,004,0001,1017,2600400011017,771,6.648984550024776
26,004,0001,1021,2600400011021,162,5.093750200806762
26,004,0001,1036,2600400011036,83,4.430816798843313
26,004,0001,1040,2600400011040,0,0.0
26,004,0001,1055,2600400011055,52,3.970291913552122
26,004,0001,106A,260040001106A,261,5.568344503761097
26,004,0001,1074,2600400011074,20,3.044522437723423
26,004,0001,1089,2600400011089,280,5.638354669333745
26,004,0001,1093,2600400011093,82,4.418840607796598
26,004,0001,1106,2600400011106,9,2.302585092994046
26,004,0001,1110,2600400011110,1,0.6931471805599453
26,004,0001,1125,2600400011125,12,2.5649493574615367
26,004,0001,113A,260040001113A,85,4.454347296253507
26,004,0001,1144,2600400011144,10,2.3978952727983707
26,004,0001,1159,2600400011159,0,0.0
26,004,0001,1163,2600400011163,38,3.6635616461296463
26,004,0001,1178,2600400011178,0,0.0
26,004,0001,1182,2600400011182,14,2.70805020110221
26,004,0001,1197,2600400011197,5,1.791759469228055
26,005,0001,0143,2600500010143,371,5.918893854273146
26,005,0001,0158,2600500010158,372,5.921578419643816
26,005,0001,0162,2600500010162,0,0.0
26,006,0001,0333,2600600010333,658,6.490723534502507
26,006,0001,0348,2600600010348,367,5.908082938168931
26,006,0001,0352,2600600010352,217,5.384495062789089
26,006,0001,0598,2600600010598,362,5.8944028342648505
26,006,0001,0600,2600600010600,21,3.091042453358316
26,006,0001,0615,2600600010615,7,2.0794415416798357
26,006,0001,062A,260060001062A,39,3.6888794541139363
26,006,0001,0634,2600600010634,19,2.995732273553991
26,006,0001,0649,2600600010649,4,1.6094379124341003
26,006,0001,0653,2600600010653,4,1.6094379124341003
26,006,0001,0668,2600600010668,14,2.70805020110221
26,006,0001,0672,2600600010672,3,1.3862943611198906
26,006,0001,0687,2600600010687,2,1.0986122886681098
26,006,0001,0691,2600600010691,1,0.6931471805599453
26,006,0001,0704,2600600010704,0,0.0
26,007,0001,0044,2600700010044,609,6.413458957167357
26,008,0001,0183,2600800010183,511,6.238324625039508
26,008,0001,0198,2600800010198,618,6.428105272684596
26,008,0001,0234,2600800010234,17,2.8903717578961645
26,008,0001,0249,2600800010249,10,2.3978952727983707
26,008,0001,0253,2600800010253,21,3.091042453358316
26,008,0001,0268,2600800010268,5,1.791759469228055
26,008,0001,0272,2600800010272,5,1.791759469228055
26,008,0001,0291,2600800010291,7,2.0794415416798357
26,008,0001,0304,2600800010304,39,3.6888794541139363
26,008,0001,0319,2600800010319,0,0.0
26,008,0001,0323,2600800010323,5,1.791759469228055
26,008,0001,0342,2600800010342,13,2.6390573296152584
26,008,0001,0357,2600800010357,0,0.0
26,008,0001,0361,2600800010361,0,0.0
26,009,0001,0138,2600900010138,538,6.289715570908998
26,009,0001,0265,2600900010265,9,2.302585092994046
26,009,0001,027A,260090001027A,0,0.0
26,010,0001,0285,2601000010285,505,6.226536669287466
26,010,0001,029A,260100001029A,507,6.230481447578482
26,010,0001,0302,2601000010302,4,1.6094379124341003
26,010,0001,0317,2601000010317,13,2.6390573296152584
26,010,0001,0321,2601000010321,65,4.189654742026425
26,011,0001,0140,2601100010140,432,6.07073772800249
26,011,0001,0155,2601100010155,502,6.220590170099739
26,011,0001,0263,2601100010263,16,2.833213344056216
26,011,0001,0278,2601100010278,12,2.5649493574615367
26,011,0001,0282,2601100010282,4,1.6094379124341003
26,011,0001,0297,2601100010297,91,4.5217885770490405
26,011,0001,030A,260110001030A,15,2.772588722239781
26,011,0001,0314,2601100010314,14,2.70805020110221
26,011,0001,0329,2601100010329,1,0.6931471805599453
26,011,0001,0333,2601100010333,3,1.3862943611198906
26,011,0001,0348,2601100010348,0,0.0
26,012,0001,0190,2601200010190,1666,7.418780882750794
26,012,0001,0203,2601200010203,2121,7.660114319173928
26,012,0001,0345,2601200010345,234,5.459585514144159
26,012,0001,035A,260120001035A,38,3.6635616461296463
26,012,0001,0379,2601200010379,68,4.23410650459726
26,012,0001,0383,2601200010383,13,2.6390573296152584
26,012,0001,0453,2601200010453,0,0.0
26,012,0001,0468,2601200010468,4,1.6094379124341003
26,012,0001,0519,2601200010519,79,4.382026634673881
26,012,0001,0523,2601200010523,1,0.6931471805599453
26,012,0001,0557,2601200010557,3,1.3862943611198906
26,012,0082,0152,2601200820152,930,6.836259277277067
26,012,0082,0167,2601200820167,883,6.784457062637643
26,012,0082,0186,2601200820186,2314,7.747164966520335
26,012,0082,0260,2601200820260,138,4.9344739331306915
26,012,0082,028A,260120082028A,963,6.871091294610546
26,012,0082,0294,2601200820294,391,5.971261839790462
26,012,0082,0434,2601200820434,395,5.981414211254481
26,012,0082,0472,2601200820472,50,3.9318256327243257
26,012,0082,0487,2601200820487,53,3.9889840465642745
26,012,0082,0491,2601200820491,2,1.0986122886681098
26,012,0082,0538,2601200820538,123,4.820281565605037
26,012,0093,0275,2601200930275,5,1.791759469228055
26,012,0093,0311,2601200930311,1664,7.417580402414544
26,012,0093,0326,2601200930326,1723,7.452402451223638
26,012,0093,0364,2601200930364,5,1.791759469228055
26,012,0093,0398,2601200930398,367,5.908082938168931
26,012,0093,0400,2601200930400,54,4.007333185232471
26,012,0093,0415,2601200930415,186,5.231108616854587
26,012,0093,042A,260120093042A,5,1.791759469228055
26,012,0093,0449,2601200930449,176,5.176149732573829
26,012,0093,0542,2601200930542,128,4.859812404361672
26,012,0093,0561,2601200930561,5,1.791759469228055
26,013,0001,0094,2601300010094,612,6.418364935936212
26,013,0001,0107,2601300010107,540,6.293419278846481
26,013,0001,0183,2601300010183,86,4.465908118654584
26,014,0001,0157,2601400010157,867,6.7661917146603505
26,014,0001,0161,2601400010161,621,6.432940092739179
26,014,0001,0176,2601400010176,54,4.007333185232471
26,014,0001,0180,2601400010180,116,4.762173934797756
26,014,0001,0195,2601400010195,229,5.438079308923196
26,014,0001,0208,2601400010208,0,0.0
26,014,0001,0212,2601400010212,3,1.3862943611198906
26,015,0001,0436,2601500010436,348,5.855071922202427
26,015,0001,0440,2601500010440,338,5.82600010738045
26,015,0001,0455,2601500010455,0,0.0
26,015,0001,046A,260150001046A,13,2.6390573296152584
26,015,0001,0474,2601500010474,2,1.0986122886681098
26,015,0001,0489,2601500010489,0,0.0
26,016,0001,0170,2601600010170,658,6.490723534502507
26,016,0001,0185,2601600010185,775,6.654152520183219
26,016,0001,019A,260160001019A,932,6.838405200847344
26,016,0001,0202,2601600010202,904,6.807934943699926
26,016,0001,0221,2601600010221,295,5.69035945432406
26,016,0001,0359,2601600010359,32,3.4965075614664802
26,016,0001,0363,2601600010363,52,3.970291913552122
26,016,0001,0378,2601600010378,155,5.049856007249537
26,016,0001,0382,2601600010382,493,6.202535517187923
26,016,0001,0397,2601600010397,761,6.635946555686647
26,016,0001,040A,260160001040A,1,0.6931471805599453
26,016,0001,0414,2601600010414,13,2.6390573296152584
26,017,0001,1284,2601700011284,2160,7.6783263565068856
26,017,0001,1299,2601700011299,1991,7.596894438144544
26,017,0001,1320,2601700011320,779,6.659293919683638
26,017,0001,1335,2601700011335,6,1.9459101490553132
26,017,0001,1369,2601700011369,1822,7.508238774678663
26,017,0001,1373,2601700011373,1188,7.080867896690782
26,017,0001,1388,2601700011388,1424,7.261927092702751
26,017,0001,1405,2601700011405,1930,7.565793282428515
26,017,0001,141A,260170001141A,1928,7.564757012905729
26,017,0001,1424,2601700011424,1146,7.044905117129371
26,017,0001,1439,2601700011439,2080,7.640603826393634
26,017,0001,1443,2601700011443,2506,7.826842098158293
26,017,0001,1458,2601700011458,1864,7.5310163320779155
26,017,0001,1462,2601700011462,2466,7.810758116529357
26,017,0001,1477,2601700011477,2143,7.670428522190693
26,017,0001,1481,2601700011481,1162,7.0587581525186645
26,017,0001,1496,2601700011496,3185,8.066521490469993
26,017,0001,223A,260170001223A,2255,7.721348612617949
26,017,0001,2244,2601700012244,1640,7.403061091090091
26,017,0001,2259,2601700012259,1282,7.1569563646156364
26,017,0001,2263,2601700012263,0,0.0
26,017,0001,2278,2601700012278,362,5.8944028342648505
26,017,0001,2282,2601700012282,1239,7.122866658599083
26,017,0001,2297,2601700012297,1227,7.113142108707088
26,017,0001,2314,2601700012314,1229,7.114769448366463
26,017,0001,2329,2601700012329,1493,7.309212365692763
26,017,0001,2333,2601700012333,2599,7.8632667240095735
26,017,0001,2348,2601700012348,3623,8.19533366716287
26,017,0001,2352,2601700012352,1821,7.507690077819904
26,017,0001,2367,2601700012367,2027,7.614805364711073
26,017,0001,2386,2601700012386,0,0.0
26,017,0001,2390,2601700012390,3,1.3862943611198906
26,017,0001,2403,2601700012403,122,4.812184355372417
26,017,0001,2418,2601700012418,10,2.3978952727983707
26,017,0001,2422,2601700012422,98,4.59511985013459
26,017,0001,2437,2601700012437,9,2.302585092994046
26,017,0001,2441,2601700012441,1,0.6931471805599453
26,017,0001,2456,2601700012456,282,5.645446897643238
26,017,0001,2460,2601700012460,184,5.220355825078324
26,017,0001,2475,2601700012475,258,5.556828061699537
26,017,0001,248A,260170001248A,0,0.0
26,017,0001,2494,2601700012494,0,0.0
26,017,0001,2507,2601700012507,832,6.725033642166843
26,017,0001,2511,2601700012511,1019,6.927557906278317
26,017,0001,2526,2601700012526,1117,7.0192966537150445
26,017,0001,2530,2601700012530,481,6.1779441140506
26,017,0001,2545,2601700012545,115,4.7535901911063645
26,017,0001,255A,260170001255A,26,3.295836866004329
26,017,0001,2564,2601700012564,14,2.70805020110221
26,017,0001,2579,2601700012579,0,0.0
26,017,0001,2583,2601700012583,28,3.367295829986474
26,017,0001,2598,2601700012598,0,0.0
26,017,0001,2600,2601700012600,83,4.430816798843313
26,017,0001,2615,2601700012615,0,0.0
26,017,0001,262A,260170001262A,0,0.0
26,017,0001,2634,2601700012634,13,2.6390573296152584
26,017,0001,2649,2601700012649,8,2.1972245773362196
26,017,0001,2653,2601700012653,545,6.302618975744905
26,017,0001,2672,2601700012672,650,6.478509642208569
26,017,0001,2723,2601700012723,0,0.0
26,017,0001,2738,2601700012738,0,0.0
26,017,0001,2742,2601700012742,2,1.0986122886681098
26,017,0001,2757,2601700012757,1864,7.5310163320779155
26,017,0001,2761,2601700012761,9,2.302585092994046
26,017,0001,2850,2601700012850,0,0.0
26,017,0001,2865,2601700012865,14,2.70805020110221
26,017,0001,287A,260170001287A,15,2.772588722239781
26,017,0001,2884,2601700012884,1,0.6931471805599453
26,017,0001,2899,2601700012899,472,6.159095388491933
26,017,0001,2901,2601700012901,3,1.3862943611198906
26,017,0001,2916,2601700012916,394,5.978885764901122
26,017,0001,2920,2601700012920,169,5.135798437050262
26,017,0001,2935,2601700012935,19,2.995732273553991
26,017,0001,294A,260170001294A,26,3.295836866004329
26,017,0001,2992,2601700012992,26,3.295836866004329
26,017,0001,3007,2601700013007,0,0.0
26,017,0001,3011,2601700013011,3,1.3862943611198906
26,017,0001,3026,2601700013026,0,0.0
26,017,0001,3030,2601700013030,0,0.0
26,017,0001,3045,2601700013045,2,1.0986122886681098
26,017,0001,305A,260170001305A,428,6.061456918928017
26,017,0001,3064,2601700013064,0,0.0
26,017,0001,3079,2601700013079,0,0.0
26,017,0246,2687,2601702462687,1250,7.1316985104669115
26,017,0246,2691,2601702462691,567,6.342121418721152
26,017,0246,2704,2601702462704,1461,7.2875606403097235
26,017,0246,2776,2601702462776,60,4.110873864173311
26,017,0246,2780,2601702462780,12,2.5649493574615367
26,017,0246,2795,2601702462795,116,4.762173934797756
26,017,0246,2808,2601702462808,8,2.1972245773362196
26,017,0246,2812,2601702462812,9,2.302585092994046
26,017,0246,2827,2601702462827,27,3.332204510175204
26,017,0246,2831,2601702462831,28,3.367295829986474
26,017,0246,2846,2601702462846,25,3.258096538021482
26,017,0246,2954,2601702462954,9,2.302585092994046
26,017,0246,2969,2601702462969,27,3.332204510175204
26,017,0246,2973,2601702462973,18,2.9444389791664403
26,017,0246,2988,2601702462988,0,0.0
26,017,0246,3083,2601702463083,76,4.343805421853684
26,017,0246,3098,2601702463098,32,3.4965075614664802
26,018,0001,0531,2601800010531,3670,8.208219383496834
26,018,0001,0546,2601800010546,1900,7.550135342488429
26,018,0001,0550,2601800010550,2189,7.691656822810547
26,018,0001,0565,2601800010565,1416,7.256297239690681
26,018,0001,057A,260180001057A,1179,7.07326971745971
26,018,0001,0584,2601800010584,225,5.420534999272286
26,018,0001,0601,2601800010601,2387,7.778211474512493
26,018,0001,0616,2601800010616,3194,8.069342366811636
26,018,0001,0620,2601800010620,4654,8.445697189711167
26,018,0001,0635,2601800010635,1298,7.1693500166706
26,018,0001,064A,260180001064A,1608,7.3833681469923835
26,018,0001,0654,2601800010654,1615,7.38770923908104
26,018,0001,0669,2601800010669,797,6.682108597449809
26,018,0001,0673,2601800010673,196,5.2832037287379885
26,018,0001,0688,2601800010688,187,5.236441962829949
26,018,0001,0692,2601800010692,515,6.246106765481563
26,018,0001,0705,2601800010705,1003,6.911747300251674
26,018,0001,071A,260180001071A,4995,8.516392871245468
26,018,0001,0724,2601800010724,2393,7.780720886117918
26,018,0001,0739,2601800010739,1436,7.270312886079025
26,018,0001,0743,2601800010743,1063,6.96979066990159
26,018,0001,0758,2601800010758,1668,7.419979923661835
26,018,0001,0762,2601800010762,213,5.365976015021851
26,018,0001,0777,2601800010777,2702,7.902117546276448
26,018,0001,0781,2601800010781,3515,8.165079258805068
26,018,0001,0796,2601800010796,3643,8.200837258379849
26,018,0001,0809,2601800010809,3974,8.287780027088433
26,018,0001,0813,2601800010813,3351,8.117312461601975
26,018,0001,0828,2601800010828,4424,8.39502555744203
26,018,0001,0832,2601800010832,3979,8.289037098278483
26,018,0001,0936,2601800010936,3102,8.04012466444838
26,018,0001,0955,2601800010955,1629,7.396335293800808
26,018,0001,096A,260180001096A,561,6.331501849893691
26,018,0001,0989,2601800010989,3456,8.148156439921625
26,018,0001,0993,2601800010993,3265,8.09132127353041
26,018,0001,1008,2601800011008,3194,8.069342366811636
26,018,0001,1012,2601800011012,2281,7.732807530422021
26,018,0001,1031,2601800011031,3448,8.145839612936841
26,018,0001,1046,2601800011046,1984,7.59337419312129
26,018,0001,1050,2601800011050,660,6.493753839851686
26,018,0001,1065,2601800011065,2729,7.912056888179006
26,018,0001,1084,2601800011084,6024,8.703672758358856
26,018,0001,1099,2601800011099,7,2.0794415416798357
26,018,0001,1101,2601800011101,2815,7.943072717277933
26,018,0001,1120,2601800011120,2796,7.936302693201959
26,018,0001,1135,2601800011135,2773,7.928045600874777
26,018,0001,114A,260180001114A,1814,7.503840746698951
26,018,0001,1188,2601800011188,2669,7.8898337513942955
26,018,0001,1192,2601800011192,1800,7.496097345175956
26,018,0001,1205,2601800011205,4216,8.34687925374656
26,018,0001,1224,2601800011224,5007,8.518791912779934
26,018,0001,1239,2601800011239,4767,8.469682208745185
26,018,0001,1243,2601800011243,4279,8.361708288575842
26,018,0001,1281,2601800011281,13106,9.480901717619545
26,018,0001,1366,2601800011366,1407,7.249925536717988
26,018,0001,1370,2601800011370,1899,7.549609165154532
26,018,0001,1385,2601800011385,4320,8.371242135931933
26,018,0001,139A,260180001139A,3812,8.246171559857563
26,018,0001,1402,2601800011402,7701,8.949235314374855
26,018,0001,1417,2601800011417,4424,8.39502555744203
26,018,0001,1421,2601800011421,4621,8.438582790834326
26,018,0001,1436,2601800011436,4065,8.310414994188292
26,018,0001,185A,260180001185A,2280,7.732369222284388
26,018,0001,1864,2601800011864,2890,7.969357742016346
26,018,0001,1879,2601800011879,2180,7.687538766201629
26,018,0001,1991,2601800011991,1865,7.531552381407289
26,018,0001,2006,2601800012006,1540,7.340186835320115
26,018,0001,2010,2601800012010,2990,8.003363058629947
26,018,0001,2025,2601800012025,3079,8.03268487596762
26,018,0001,203A,260180001203A,2397,7.7823903355874595
26,018,0001,2044,2601800012044,2530,7.836369760545124
26,018,0001,2059,2601800012059,2677,7.8928255262511176
26,018,0001,2063,2601800012063,2096,7.64826303090192
26,018,0001,2133,2601800012133,50,3.9318256327243257
26,018,0001,2148,2601800012148,1040,6.947937068614969
26,018,0001,2167,2601800012167,1710,7.444833273892193
26,018,0001,2171,2601800012171,1422,7.260522598089852
26,018,0001,2186,2601800012186,2242,7.715569534520208
26,018,0001,2190,2601800012190,4343,8.37655086161377
26,018,0001,2203,2601800012203,1136,7.036148493750536
26,018,0001,2218,2601800012218,248,5.517452896464707
26,018,0001,2222,2601800012222,1060,6.966967138613983
26,018,0001,2311,2601800012311,327,5.793013608384144
26,018,0001,2326,2601800012326,101,4.624972813284271
26,018,0001,2379,2601800012379,565,6.338594078203183
26,018,0001,2383,2601800012383,2273,7.729295674310482
26,018,0001,2398,2601800012398,709,6.565264970035361
26,018,0001,2400,2601800012400,1236,7.1204443723924875
26,018,0001,2415,2601800012415,111,4.718498871295094
26,018,0001,242A,260180001242A,149,5.0106352940962555
26,018,0001,2434,2601800012434,42,3.7612001156935624
26,018,0001,2449,2601800012449,2494,7.822044008185619
26,018,0001,2557,2601800012557,0,0.0
26,018,0001,2561,2601800012561,348,5.855071922202427
26,018,0001,2576,2601800012576,376,5.932245187448011
26,018,0001,2580,2601800012580,1100,7.00397413672268
26,018,0001,2608,2601800012608,78,4.3694478524670215
26,018,0001,2612,2601800012612,247,5.5134287461649825
26,018,0001,2627,2601800012627,282,5.645446897643238
26,018,0001,2631,2601800012631,2082,7.641564441260972
26,018,0001,2646,2601800012646,1705,7.441906728051625
26,018,0001,2735,2601800012735,12,2.5649493574615367
26,018,0001,274A,260180001274A,1541,7.340835554123275
26,018,0001,2754,2601800012754,2251,7.719573989259581
26,018,0001,2769,2601800012769,113,4.736198448394496
26,018,0001,2773,2601800012773,0,0.0
26,018,0001,2788,2601800012788,2101,7.650644551436897
26,018,0001,2792,2601800012792,1088,6.9930151229329605
26,018,0001,2805,2601800012805,4154,8.332067707289548
26,018,0001,281A,260180001281A,170,5.14166355650266
26,018,0001,2824,2601800012824,4530,8.418697944667139
26,018,0001,2839,2601800012839,199,5.298317366548036
26,018,0001,2843,2601800012843,1077,6.982862751468942
26,018,0001,2858,2601800012858,557,6.324358962381311
26,018,0001,2862,2601800012862,1,0.6931471805599453
26,018,0001,2877,2601800012877,1757,7.471932078245122
26,018,0001,2881,2601800012881,1007,6.915723448631314
26,018,0001,2896,2601800012896,87,4.477336814478207
26,018,0001,2909,2601800012909,1276,7.152268856032539
26,018,0001,2913,2601800012913,1718,7.449498005382849
26,018,0001,2928,2601800012928,0,0.0
26,018,0001,2932,2601800012932,2440,7.80016307039296
26,018,0001,2947,2601800012947,910,6.814542897259958
26,018,0001,2951,2601800012951,24,3.2188758248682006
26,018,0001,2966,2601800012966,2330,7.754052639035757
26,018,0001,2970,2601800012970,3600,8.188966863648876
26,018,0001,2985,2601800012985,3226,8.079308192051961
26,018,0001,299A,260180001299A,0,0.0
26,018,0001,3004,2601800013004,219,5.393627546352362
26,018,0001,3019,2601800013019,81,4.406719247264253
26,018,0001,3023,2601800013023,2564,7.84971375760487
26,018,0001,3038,2601800013038,3374,8.12415060330663
26,018,0001,3042,2601800013042,1707,7.443078374348516
26,018,0001,3057,2601800013057,2965,7.994969522697877
26,018,0001,3061,2601800013061,27,3.332204510175204
26,018,0001,317A,260180001317A,0,0.0
26,018,0001,3184,2601800013184,92,4.532599493153256
26,018,0001,3199,2601800013199,198,5.293304824724492
26,018,0001,3216,2601800013216,914,6.818924065275521
26,018,0001,3220,2601800013220,74,4.31748811353631
26,018,0001,324A,260180001324A,38,3.6635616461296463
26,018,0001,3254,2601800013254,1018,6.926577033222725
26,018,0001,3273,2601800013273,90,4.51085950651685
26,018,0001,3288,2601800013288,276,5.6240175061873385
26,018,0001,3292,2601800013292,244,5.501258210544727
26,018,0001,3305,2601800013305,30,3.4339872044851463
26,018,0001,331A,260180001331A,806,6.693323668269949
26,018,0001,3324,2601800013324,3149,8.055157731819678
26,018,0001,3339,2601800013339,366,5.905361848054571
26,018,0001,3343,2601800013343,299,5.703782474656201
26,018,0001,3358,2601800013358,270,5.602118820879701
26,018,0001,3362,2601800013362,33,3.5263605246161616
26,018,0001,3396,2601800013396,9,2.302585092994046
26,018,0001,3409,2601800013409,84,4.442651256490317
26,018,0001,3413,2601800013413,3,1.3862943611198906
26,018,0001,3428,2601800013428,4,1.6094379124341003
26,018,0001,3432,2601800013432,158,5.0689042022202315
26,018,0001,3447,2601800013447,1548,7.3453648404168685
26,018,0001,3451,2601800013451,1279,7.154615356913663
26,018,0001,3466,2601800013466,195,5.278114659230517
26,018,0001,3470,2601800013470,570,6.3473892096560105
26,018,0001,3485,2601800013485,0,0.0
26,018,0001,349A,260180001349A,381,5.945420608606575
26,018,0001,3502,2601800013502,1484,7.3031700512368
26,018,0001,3517,2601800013517,981,6.889591308354466
26,018,0001,3521,2601800013521,1691,7.433666540166168
26,018,0001,3536,2601800013536,357,5.8805329864007
26,018,0001,356A,260180001356A,10,2.3978952727983707
26,018,0001,3574,2601800013574,0,0.0
26,018,0001,3589,2601800013589,5,1.791759469228055
26,018,0001,3593,2601800013593,0,0.0
26,018,0001,3606,2601800013606,751,6.62273632394984
26,018,0001,3610,2601800013610,350,5.860786223465865
26,018,0001,3625,2601800013625,380,5.942799375126701
26,018,0001,363A,260180001363A,5,1.791759469228055
26,018,0001,3644,2601800013644,514,6.244166900663736
26,018,0001,3659,2601800013659,136,4.919980925828125
26,018,0001,3663,2601800013663,1150,7.048386408721883
26,018,0001,3678,2601800013678,73,4.30406509320417
26,018,0001,3752,2601800013752,134,4.90527477843843
26,018,0001,3767,2601800013767,351,5.863631175598097
26,018,0001,3771,2601800013771,139,4.941642422609304
26,018,0001,3786,2601800013786,77,4.356708826689592
26,018,0001,3790,2601800013790,112,4.727387818712341
26,018,0001,3803,2601800013803,421,6.045005314036012
26,018,0001,3818,2601800013818,7,2.0794415416798357
26,018,0001,3822,2601800013822,6,1.9459101490553132
26,018,0001,3837,2601800013837,0,0.0
26,018,0001,3841,2601800013841,24,3.2188758248682006
26,018,0001,3856,2601800013856,0,0.0
26,018,0001,3860,2601800013860,0,0.0
26,018,0001,3875,2601800013875,0,0.0
26,018,0001,388A,260180001388A,71,4.276666119016055
26,018,0001,3894,2601800013894,0,0.0
26,018,0001,3907,2601800013907,54,4.007333185232471
26,018,0001,3911,2601800013911,4,1.6094379124341003
26,018,0001,3926,2601800013926,23,3.1780538303479458
26,018,0001,3930,2601800013930,61,4.127134385045092
26,018,0001,3945,2601800013945,0,0.0
26,018,0001,395A,260180001395A,0,0.0
26,018,0001,3964,2601800013964,0,0.0
26,018,0001,3979,2601800013979,0,0.0
26,018,0001,3983,2601800013983,0,0.0
26,018,0001,4002,2601800014002,0,0.0
26,018,0093,2716,2601800932716,1367,7.221105098182496
26,018,0093,2720,2601800932720,1262,7.141245122350491
26,018,0284,192A,260180284192A,1707,7.443078374348516
26,018,0284,1934,2601802841934,1557,7.351158226430694
26,018,0284,1949,2601802841949,1278,7.153833801578843
26,018,0284,2078,2601802842078,1235,7.119635638017636
26,018,0284,2082,2601802842082,1894,7.546974117516527
26,018,0284,235A,260180284235A,14,2.70805020110221
26,018,0284,2453,2601802842453,2,1.0986122886681098
26,018,0284,2650,2601802842650,7,2.0794415416798357
26,018,0284,3235,2601802843235,0,0.0
26,018,0284,3381,2601802843381,58,4.07753744390572
26,018,0284,3998,2601802843998,0,0.0
26,018,0311,0851,2601803110851,3509,8.163371316459912
26,018,0311,0866,2601803110866,2426,7.794411205726601
26,018,0311,0885,2601803110885,2972,7.997326822998097
26,018,0311,1296,2601803111296,2322,7.750614732770409
26,018,0311,2114,2601803112114,2718,7.908019444632471
26,018,0311,2129,2601803112129,1192,7.084226422097916
26,018,0311,2237,2601803112237,724,6.586171654854675
26,018,0311,2241,2601803112241,3165,8.060224240440958
26,018,0311,2256,2601803112256,3076,8.031710375322042
26,018,0311,2260,2601803112260,3515,8.165079258805068
26,018,0311,2275,2601803112275,336,5.820082930352362
26,018,0311,228A,260180311228A,472,6.159095388491933
26,018,0311,2294,2601803112294,75,4.330733340286331
26,018,0311,2307,2601803112307,67,4.219507705176107
26,018,0311,2330,2601803112330,86,4.465908118654584
26,018,0311,2364,2601803112364,131,4.882801922586371
26,018,0311,2472,2601803112472,25,3.258096538021482
26,018,0311,2487,2601803112487,738,6.6052979209482015
26,018,0311,2491,2601803112491,4291,8.36450810375059
26,018,0311,2504,2601803112504,646,6.472346294500901
26,018,0311,2595,2601803112595,248,5.517452896464707
26,018,0311,2665,2601803112665,427,6.059123195581797
26,018,0311,267A,260180311267A,0,0.0
26,018,0311,2684,2601803112684,1161,7.057897937411856
26,018,0311,3080,2601803113080,983,6.891625897052253
26,018,0311,3095,2601803113095,1118,7.020190708311925
26,018,0311,3108,2601803113108,875,6.775366090936392
26,018,0311,3112,2601803113112,32,3.4965075614664802
26,018,0311,3127,2601803113127,42,3.7612001156935624
26,018,0311,3131,2601803113131,0,0.0
26,018,0311,3146,2601803113146,2,1.0986122886681098
26,018,0311,3150,2601803113150,32,3.4965075614664802
26,018,0311,3377,2601803113377,1090,6.994849985833071
26,018,0311,3540,2601803113540,337,5.823045895483019
26,018,0311,3682,2601803113682,0,0.0
26,018,0311,3697,2601803113697,0,0.0
26,018,0311,370A,260180311370A,134,4.90527477843843
26,018,0311,4021,2601803114021,2,1.0986122886681098
26,018,0311,4036,2601803114036,0,0.0
26,018,0334,1328,2601803341328,3498,8.160232492367689
26,018,0334,1332,2601803341332,4179,8.338066525518801
26,018,0334,2345,2601803342345,467,6.148468295917647
26,018,0334,2519,2601803342519,0,0.0
26,018,0334,2699,2601803342699,314,5.752572638825633
26,018,0334,3714,2601803343714,113,4.736198448394496
26,018,0334,3729,2601803343729,129,4.867534450455582
26,018,0364,1900,2601803641900,366,5.905361848054571
26,018,0364,2097,2601803642097,2424,7.793586803371584
26,018,0364,210A,260180364210A,1536,7.337587743538596
26,018,0364,2523,2601803642523,0,0.0
26,018,0364,2538,2601803642538,14,2.70805020110221
26,018,0364,3076,2601803643076,70,4.2626798770413155
26,018,0364,3165,2601803643165,37,3.6375861597263857
26,018,0364,3555,2601803643555,33,3.5263605246161616
26,018,0364,3733,2601803643733,2,1.0986122886681098
26,018,0364,3748,2601803643748,19,2.995732273553991
26,018,0365,0461,2601803650461,3001,8.007034012193408
26,018,0403,089A,260180403089A,2210,7.701200180857446
26,018,0403,0902,2601804030902,1494,7.3098814858247865
26,018,0403,0917,2601804030917,3409,8.134467570277563
26,018,0403,1309,2601804031309,5219,8.560252680876685
26,018,0403,1953,2601804031953,732,6.597145701886651
26,018,0403,2701,2601804032701,1158,7.055312843339752
26,018,0403,4017,2601804034017,12,2.5649493574615367
26,019,0001,0257,2601900010257,1527,7.331714969726466
26,019,0001,0261,2601900010261,1543,7.342131730584722
26,019,0001,0295,2601900010295,1691,7.433666540166168
26,019,0001,0308,2601900010308,1808,7.500529485395295
26,019,0001,0312,2601900010312,1356,7.213031659834869
26,019,0001,0327,2601900010327,1009,6.917705609835305
26,019,0001,0331,2601900010331,864,6.762729506931879
26,019,0001,0346,2601900010346,1392,7.239214973779806
26,019,0001,0350,2601900010350,495,6.206575926724928
26,019,0001,037A,260190001037A,2951,7.990238185720363
26,019,0001,0384,2601900010384,695,6.54534966033442
26,019,0001,0399,2601900010399,2239,7.7142311448490855
26,019,0001,0401,2601900010401,477,6.169610732491456
26,019,0001,0416,2601900010416,876,6.776506992372183
26,019,0001,0543,2601900010543,2382,7.776115477098742
26,019,0001,0558,2601900010558,318,5.765191102784844
26,019,0001,0562,2601900010562,472,6.159095388491933
26,019,0001,0577,2601900010577,1045,6.952728644624869
26,019,0001,0581,2601900010581,1564,7.355641102974253
26,019,0001,0596,2601900010596,2182,7.688455356549944
26,019,0001,0609,2601900010609,934,6.840546529288687
26,019,0001,0613,2601900010613,1204,7.094234845924755
26,019,0001,0628,2601900010628,709,6.565264970035361
26,019,0001,0632,2601900010632,0,0.0
26,019,0001,0647,2601900010647,0,0.0
26,019,0001,0651,2601900010651,1,0.6931471805599453
26,019,0001,0666,2601900010666,0,0.0
26,019,0001,0670,2601900010670,1820,7.507141079727608
26,019,0001,0685,2601900010685,0,0.0
26,019,0001,069A,260190001069A,6,1.9459101490553132
26,019,0001,0702,2601900010702,0,0.0
26,019,0001,0717,2601900010717,0,0.0
26,019,0001,0721,2601900010721,0,0.0
26,019,0001,0736,2601900010736,0,0.0
26,020,0001,0281,2602000010281,2118,7.6586995582682995
26,020,0001,0296,2602000010296,2249,7.718685495198466
26,020,0001,0510,2602000010510,64,4.174387269895637
26,020,0001,0525,2602000010525,0,0.0
26,020,0001,053A,260200001053A,14,2.70805020110221
26,020,0001,0544,2602000010544,10,2.3978952727983707
26,020,0001,0559,2602000010559,33,3.5263605246161616
26,020,0001,0563,2602000010563,0,0.0
26,020,0001,0578,2602000010578,13,2.6390573296152584
26,020,0001,0582,2602000010582,3,1.3862943611198906
26,020,0001,0597,2602000010597,7,2.0794415416798357
26,020,0001,060A,260200001060A,5,1.791759469228055
26,021,0001,040A,260210001040A,270,5.602118820879701
26,021,0001,0700,2602100010700,1,0.6931471805599453
26,021,0001,0715,2602100010715,0,0.0
26,021,0001,072A,260210001072A,0,0.0
26,021,0001,0734,2602100010734,3,1.3862943611198906
26,022,0001,0214,2602200010214,531,6.2766434893416445
26,022,0001,0337,2602200010337,57,4.060443010546419
26,023,0001,0245,2602300010245,1211,7.10002716662926
26,023,0001,0438,2602300010438,158,5.0689042022202315
26,023,0001,0461,2602300010461,966,6.874198495453294
26,023,0001,0476,2602300010476,661,6.495265555937008
26,023,0001,0480,2602300010480,6,1.9459101490553132
26,023,0001,0495,2602300010495,0,0.0
26,023,0001,0508,2602300010508,1,0.6931471805599453
26,024,0001,0153,2602400010153,381,5.945420608606575
26,024,0001,0168,2602400010168,373,5.924255797414532
26,024,0001,0172,2602400010172,12,2.5649493574615367
26,024,0001,0187,2602400010187,7,2.0794415416798357
26,024,0001,0191,2602400010191,13,2.6390573296152584
26,024,0001,0204,2602400010204,12,2.5649493574615367
26,024,0001,0219,2602400010219,8,2.1972245773362196
26,024,0001,0223,2602400010223,0,0.0
26,024,0001,0238,2602400010238,3,1.3862943611198906
26,024,0001,0242,2602400010242,4,1.6094379124341003
26,024,0001,0257,2602400010257,0,0.0
26,024,0001,0261,2602400010261,0,0.0
26,025,0001,0108,2602500010108,1345,7.204892510204673
26,025,0001,0127,2602500010127,1453,7.282073658093465
26,025,0001,0131,2602500010131,1543,7.342131730584722
26,025,0001,0146,2602500010146,913,6.81783057145415
26,025,0001,0150,2602500010150,1182,7.075808863978387
26,025,0001,0165,2602500010165,1109,7.01211529430638
26,025,0001,0184,2602500010184,1823,7.508787170634276
26,025,0001,0201,2602500010201,1183,7.076653815443951
26,025,0001,024A,260250001024A,1104,7.007600613951853
26,025,0001,0254,2602500010254,1455,7.283448228756631
26,025,0001,0269,2602500010269,1907,7.553810852008231
26,025,0001,0273,2602500010273,813,6.70196036600254
26,025,0001,0288,2602500010288,2093,7.646831391430482
26,025,0001,0292,2602500010292,1243,7.126087273299125
26,025,0001,0305,2602500010305,962,6.870053411798126
26,025,0001,0324,2602500010324,1458,7.285506548522785
26,025,0001,0339,2602500010339,1417,7.257002707092073
26,025,0001,0343,2602500010343,1550,7.346655163176539
26,025,0001,0358,2602500010358,18,2.9444389791664403
26,025,0001,0432,2602500010432,1879,7.539027055823995
26,025,0001,0447,2602500010447,96,4.574710978503383
26,025,0001,0451,2602500010451,954,6.86171134048073
26,025,0001,0466,2602500010466,593,6.386879319362645
26,025,0001,0470,2602500010470,1106,7.009408932708637
26,025,0001,0485,2602500010485,1086,6.99117688712121
26,025,0001,049A,260250001049A,1535,7.336936913707618
26,025,0001,0502,2602500010502,1155,7.052721049232323
26,025,0001,0517,2602500010517,1040,6.947937068614969
26,025,0001,0521,2602500010521,967,6.875232087276577
26,025,0001,0536,2602500010536,1249,7.1308988302963465
26,025,0001,0540,2602500010540,896,6.799055862058796
26,025,0001,0555,2602500010555,176,5.176149732573829
26,025,0001,056A,260250001056A,18,2.9444389791664403
26,025,0001,0574,2602500010574,91,4.5217885770490405
26,025,0001,0589,2602500010589,0,0.0
26,025,0001,0593,2602500010593,56,4.04305126783455
26,025,0001,0606,2602500010606,2,1.0986122886681098
26,025,0001,0610,2602500010610,33,3.5263605246161616
26,025,0001,0625,2602500010625,141,4.955827057601261
26,025,0001,063A,260250001063A,0,0.0
26,025,0001,0644,2602500010644,367,5.908082938168931
26,025,0001,0659,2602500010659,460,6.133398042996649
26,025,0001,0663,2602500010663,3741,8.227375506834035
26,025,0001,0678,2602500010678,0,0.0
26,025,0001,0682,2602500010682,0,0.0
26,025,0001,0697,2602500010697,11,2.4849066497880004
26,025,0001,070A,260250001070A,144,4.976733742420574
26,025,0001,0714,2602500010714,149,5.0106352940962555
26,025,0001,0729,2602500010729,0,0.0
26,025,0001,0733,2602500010733,0,0.0
26,025,0001,0748,2602500010748,0,0.0
26,025,0001,0752,2602500010752,0,0.0
26,025,0001,0767,2602500010767,0,0.0
26,026,0001,0251,2602600010251,1895,7.547501682814967
26,026,0001,0266,2602600010266,3540,8.172164452111904
26,026,0001,0478,2602600010478,347,5.8522024797744745
26,026,0001,0482,2602600010482,2036,7.619233416226805
26,026,0001,0586,2602600010586,324,5.783825182329737
26,026,0001,0590,2602600010590,124,4.8283137373023015
26,026,0001,0603,2602600010603,1113,7.01571242048723
26,026,0001,0618,2602600010618,108,4.6913478822291435
26,026,0001,0707,2602600010707,223,5.4116460518550396
26,026,0008,0073,2602600080073,2139,7.668561108015897
26,026,0008,0302,2602600080302,1217,7.1049654482698426
26,026,0008,0497,2602600080497,138,4.9344739331306915
26,026,0008,0641,2602600080641,7,2.0794415416798357
26,026,0011,0270,2602600110270,1196,7.087573705557973
26,026,0011,0285,2602600110285,2147,7.672292455628756
26,026,0011,0444,2602600110444,450,6.111467339502679
26,026,0011,0459,2602600110459,436,6.07993319509559
26,026,0011,0552,2602600110552,2135,7.666690200080086
26,026,0011,0567,2602600110567,1443,7.275172319452771
26,026,0011,0571,2602600110571,693,6.542471960506805
26,026,0011,0730,2602600110730,9,2.302585092994046
26,026,0011,0745,2602600110745,12,2.5649493574615367
26,026,0011,075A,260260011075A,18,2.9444389791664403
26,026,0012,0162,2602600120162,2796,7.936302693201959
26,026,0012,0656,2602600120656,8,2.1972245773362196
26,026,0012,0660,2602600120660,34,3.5553480614894135
26,026,0012,0675,2602600120675,9,2.302585092994046
26,026,0012,068A,260260012068A,26,3.295836866004329
26,026,0012,0726,2602600120726,53,3.9889840465642745
26,026,0012,0764,2602600120764,0,0.0
26,026,0012,0779,2602600120779,0,0.0
26,026,0019,0463,2602600190463,1360,7.215975002651466
26,026,0019,050A,260260019050A,1634,7.399398083331354
26,026,0019,0514,2602600190514,867,6.7661917146603505
26,026,0019,0529,2602600190529,400,5.993961427306569
26,026,0019,0622,2602600190622,20,3.044522437723423
26,026,0019,0637,2602600190637,7,2.0794415416798357
26,026,0019,0711,2602600190711,68,4.23410650459726
26,026,0067,0694,2602600670694,2724,7.9102237070973445
26,026,0067,0783,2602600670783,2,1.0986122886681098
26,027,0001,0371,2602700010371,834,6.727431724850855
26,027,0045,0615,2602700450615,1321,7.186901020411631
26,027,0045,062A,260270045062A,1389,7.237059026124737
26,027,0045,0634,2602700450634,1139,7.038783541388542
26,027,0045,0649,2602700450649,1451,7.280697195384741
26,027,0045,0653,2602700450653,26,3.295836866004329
26,027,0045,0668,2602700450668,59,4.0943445622221
26,027,0045,0672,2602700450672,93,4.543294782270004
26,027,0045,0687,2602700450687,40,3.713572066704308
26,027,0045,0691,2602700450691,898,6.80128303447162
26,027,0045,0704,2602700450704,88,4.48863636973214
26,027,0045,0719,2602700450719,9,2.302585092994046
26,027,0045,0723,2602700450723,3,1.3862943611198906
26,027,0045,0738,2602700450738,17,2.8903717578961645
26,027,0045,0742,2602700450742,14,2.70805020110221
26,027,0045,0757,2602700450757,58,4.07753744390572
26,027,0045,0761,2602700450761,20,3.044522437723423
26,027,0045,0776,2602700450776,23,3.1780538303479458
26,027,0045,0780,2602700450780,21,3.091042453358316
26,027,0045,0795,2602700450795,0,0.0
26,027,0045,0808,2602700450808,46,3.8501476017100584
26,027,0045,0812,2602700450812,25,3.258096538021482
26,027,0045,0827,2602700450827,9,2.302585092994046
26,028,0001,0044,2602800010044,973,6.881411303642535
26,028,0001,0097,2602800010097,119,4.787491742782046
26,028,0001,0114,2602800010114,34,3.5553480614894135
26,028,0001,0129,2602800010129,0,0.0
26,028,0001,0133,2602800010133,4,1.6094379124341003
26,028,0001,0148,2602800010148,14,2.70805020110221
26,029,0001,0997,2602900010997,1664,7.417580402414544
26,029,0001,1001,2602900011001,1152,7.050122520269059
26,029,0001,1016,2602900011016,1278,7.153833801578843
26,029,0001,1020,2602900011020,1176,7.0707241072602764
26,029,0001,1035,2602900011035,1414,7.254884810077338
26,029,0001,1054,2602900011054,41,3.7376696182833684
26,029,0001,1069,2602900011069,2397,7.7823903355874595
26,029,0001,1073,2602900011073,2380,7.7752758464868625
26,029,0001,1088,2602900011088,1939,7.570443252057374
26,029,0001,1105,2602900011105,1466,7.2909747781429814
26,029,0001,111A,260290001111A,2744,7.917536353943631
26,029,0001,1124,2602900011124,2090,7.645397699428633
26,029,0001,1139,2602900011139,1906,7.553286605600419
26,029,0001,1143,2602900011143,2298,7.740229524763182
26,029,0001,1162,2602900011162,2005,7.603897968521881
26,029,0001,1181,2602900011181,0,0.0
26,029,0001,1232,2602900011232,92,4.532599493153256
26,029,0001,1340,2602900011340,2707,7.903965634032166
26,029,0001,1355,2602900011355,1630,7.396948602621014
26,029,0001,136A,260290001136A,2807,7.940227765145702
26,029,0001,2029,2602900012029,1705,7.441906728051625
26,029,0001,2048,2602900012048,1667,7.419380582918692
26,029,0001,2067,2602900012067,2443,7.8013913202914855
26,029,0001,2071,2602900012071,2302,7.741967899820685
26,029,0001,2086,2602900012086,905,6.80903930604298
26,029,0001,2090,2602900012090,974,6.882437470997847
26,029,0001,2118,2602900012118,0,0.0
26,029,0001,2122,2602900012122,2475,7.814399633804487
26,029,0001,2160,2602900012160,704,6.558197802812269
26,029,0001,2245,2602900012245,1991,7.596894438144544
26,029,0001,225A,260290001225A,1621,7.3914152346753585
26,029,0001,2264,2602900012264,1724,7.45298232946546
26,029,0001,2279,2602900012279,975,6.883462586413092
26,029,0001,2283,2602900012283,2767,7.92588031673756
26,029,0001,2298,2602900012298,2736,7.914617709040679
26,029,0001,2300,2602900012300,880,6.78105762593618
26,029,0001,2315,2602900012315,259,5.560681631015528
26,029,0001,232A,260290001232A,1885,7.542213463193403
26,029,0001,2334,2602900012334,2222,7.706612913964197
26,029,0001,2349,2602900012349,1079,6.984716320118266
26,029,0001,2353,2602900012353,1620,7.390798521735676
26,029,0001,2368,2602900012368,3766,8.23403420769204
26,029,0001,2372,2602900012372,633,6.452048954437226
26,029,0001,2387,2602900012387,507,6.230481447578482
26,029,0001,2391,2602900012391,139,4.941642422609304
26,029,0001,2404,2602900012404,0,0.0
26,029,0001,2419,2602900012419,16,2.833213344056216
26,029,0001,2438,2602900012438,2627,7.873978379604501
26,029,0001,2457,2602900012457,4,1.6094379124341003
26,029,0001,2461,2602900012461,18,2.9444389791664403
26,029,0001,2476,2602900012476,0,0.0
26,029,0001,2508,2602900012508,380,5.942799375126701
26,029,0001,2565,2602900012565,18,2.9444389791664403
26,029,0001,257A,260290001257A,113,4.736198448394496
26,029,0001,2584,2602900012584,863,6.761572768804055
26,029,0001,2599,2602900012599,25,3.258096538021482
26,029,0001,2616,2602900012616,1111,7.013915474810528
26,029,0001,2620,2602900012620,2068,7.634820677745543
26,029,0001,2635,2602900012635,2465,7.81035268372429
26,029,0001,264A,260290001264A,344,5.84354441703136
26,029,0001,2654,2602900012654,22,3.1354942159291497
26,029,0001,2673,2602900012673,16,2.833213344056216
26,029,0001,2688,2602900012688,0,0.0
26,029,0001,2692,2602900012692,35,3.58351893845611
26,029,0001,2705,2602900012705,1569,7.358830898342354
26,029,0001,271A,260290001271A,4963,8.509967146324497
26,029,0001,2724,2602900012724,2558,7.847371836159788
26,029,0001,2743,2602900012743,242,5.493061443340548
26,029,0001,2758,2602900012758,102,4.634728988229636
26,029,0001,2762,2602900012762,787,6.669498089857879
26,029,0001,2777,2602900012777,790,6.673297967767654
26,029,0001,2781,2602900012781,1313,7.1808311990445555
26,029,0001,2796,2602900012796,1674,7.423568444259167
26,029,0001,2809,2602900012809,38,3.6635616461296463
26,029,0001,2813,2602900012813,31,3.4657359027997265
26,029,0001,2828,2602900012828,18,2.9444389791664403
26,029,0001,2832,2602900012832,617,6.42648845745769
26,029,0001,2847,2602900012847,2812,7.9420068084898565
26,029,0001,2851,2602900012851,0,0.0
26,029,0001,2866,2602900012866,4,1.6094379124341003
26,029,0001,2870,2602900012870,66,4.204692619390966
26,029,0001,289A,260290001289A,54,4.007333185232471
26,029,0001,2902,2602900012902,1060,6.966967138613983
26,029,0001,2917,2602900012917,1387,7.23561914106675
26,029,0001,2921,2602900012921,204,5.3230099791384085
26,029,0001,2936,2602900012936,995,6.903747257584598
26,029,0001,2940,2602900012940,500,6.2166061010848646
26,029,0001,2955,2602900012955,1245,7.1276936993473985
26,029,0001,296A,260290001296A,438,6.0844994130751715
26,029,0001,2974,2602900012974,1644,7.405495663199472
26,029,0001,2989,2602900012989,1700,7.438971592395862
26,029,0001,2993,2602900012993,6,1.9459101490553132
26,029,0001,3008,2602900013008,0,0.0
26,029,0001,3012,2602900013012,1149,7.047517221357296
26,029,0001,3027,2602900013027,79,4.382026634673881
26,029,0001,3031,2602900013031,257,5.552959584921617
26,029,0001,3046,2602900013046,61,4.127134385045092
26,029,0001,3050,2602900013050,169,5.135798437050262
26,029,0001,3065,2602900013065,20,3.044522437723423
26,029,0001,307A,260290001307A,0,0.0
26,029,0001,3084,2602900013084,475,6.16541785423142
26,029,0001,3099,2602900013099,418,6.037870919922137
26,029,0001,3101,2602900013101,615,6.423246963533519
26,029,0001,3116,2602900013116,0,0.0
26,029,0001,3120,2602900013120,3,1.3862943611198906
26,029,0001,3135,2602900013135,107,4.68213122712422
26,029,0001,314A,260290001314A,622,6.434546518787453
26,029,0001,3154,2602900013154,0,0.0
26,029,0001,3169,2602900013169,3,1.3862943611198906
26,029,0001,3173,2602900013173,438,6.0844994130751715
26,029,0001,3188,2602900013188,299,5.703782474656201
26,029,0001,3192,2602900013192,6,1.9459101490553132
26,029,0001,3205,2602900013205,74,4.31748811353631
26,029,0001,321A,260290001321A,4,1.6094379124341003
26,029,0001,3224,2602900013224,4,1.6094379124341003
26,029,0001,3239,2602900013239,105,4.663439094112067
26,029,0001,3243,2602900013243,6,1.9459101490553132
26,029,0001,3258,2602900013258,3,1.3862943611198906
26,029,0001,3262,2602900013262,12,2.5649493574615367
26,029,0001,3277,2602900013277,46,3.8501476017100584
26,029,0202,1410,2602902021410,1872,7.5352967024440884
26,029,0202,1425,2602902021425,1315,7.182352111885263
26,029,0202,143A,260290202143A,882,6.78332520060396
26,029,0202,2207,2602902022207,1249,7.1308988302963465
26,029,0202,2211,2602902022211,860,6.7580945044277305
26,029,0202,2527,2602902022527,55,4.02535169073515
26,029,0202,2531,2602902022531,26,3.295836866004329
26,029,0202,2601,2602902022601,94,4.553876891600541
26,029,0202,2885,2602902022885,64,4.174387269895637
26,029,0325,1374,2602903251374,3464,8.150467911624004
26,029,0325,1389,2602903251389,900,6.803505257608338
26,029,0325,2226,2602903252226,2299,7.7406644019172415
26,029,0325,2230,2602903252230,2677,7.8928255262511176
26,029,0325,2512,2602903252512,24,3.2188758248682006
26,030,0001,0023,2603000010023,0,0.0
26,030,0001,0076,2603000010076,6,1.9459101490553132
26,030,0001,0080,2603000010080,0,0.0
26,030,0001,0095,2603000010095,218,5.389071729816501
26,030,0001,0108,2603000010108,0,0.0
26,030,0001,0112,2603000010112,0,0.0
26,030,0001,0127,2603000010127,2,1.0986122886681098
26,030,0001,0131,2603000010131,0,0.0
26,030,0001,0146,2603000010146,0,0.0
26,030,0001,0150,2603000010150,0,0.0
26,030,0001,0165,2603000010165,3,1.3862943611198906
26,030,0001,017A,260300001017A,31,3.4657359027997265
26,030,0001,0184,2603000010184,0,0.0
26,030,0001,0199,2603000010199,0,0.0
26,030,0001,0201,2603000010201,0,0.0
26,030,0001,0216,2603000010216,0,0.0
26,030,0001,0220,2603000010220,4,1.6094379124341003
26,030,0001,0235,2603000010235,3,1.3862943611198906
26,030,0001,024A,260300001024A,6,1.9459101490553132
26,030,0001,0254,2603000010254,169,5.135798437050262
26,030,0001,0269,2603000010269,330,5.802118375377063
26,030,0001,0273,2603000010273,0,0.0
26,030,0001,0288,2603000010288,4,1.6094379124341003
26,030,0001,0292,2603000010292,2,1.0986122886681098
26,030,0001,0305,2603000010305,6,1.9459101490553132
26,030,0001,031A,260300001031A,0,0.0
26,030,0001,0324,2603000010324,0,0.0
26,030,0001,0339,2603000010339,3,1.3862943611198906
26,030,0001,0343,2603000010343,52,3.970291913552122
26,030,0001,0358,2603000010358,0,0.0
26,030,0001,0362,2603000010362,3,1.3862943611198906
26,030,0001,0377,2603000010377,8,2.1972245773362196
26,030,0001,0381,2603000010381,54,4.007333185232471
26,030,0001,0396,2603000010396,4,1.6094379124341003
26,030,0001,0409,2603000010409,73,4.30406509320417
26,030,0001,0413,2603000010413,2,1.0986122886681098
26,030,0001,0428,2603000010428,0,0.0
26,030,0001,1746,2603000011746,4466,8.404472321352118
26,030,0001,1750,2603000011750,2793,7.935229539816907
26,030,0001,177A,260300001177A,2133,7.665753431861699
26,030,0001,1799,2603000011799,2513,7.829630389150193
26,030,0001,1835,2603000011835,2540,7.840312983320164
26,030,0001,184A,260300001184A,2620,7.8713112033234065
26,030,0001,1854,2603000011854,1718,7.449498005382849
26,030,0001,1869,2603000011869,2306,7.7437032581737535
26,030,0001,1873,2603000011873,2416,7.790282380703483
26,030,0001,1888,2603000011888,1808,7.500529485395295
26,030,0001,1905,2603000011905,1848,7.522400231387125
26,030,0001,191A,260300001191A,1781,7.485491608030754
26,030,0001,1924,2603000011924,1823,7.508787170634276
26,030,0001,1939,2603000011939,1704,7.4413203897176174
26,030,0001,1943,2603000011943,1496,7.311218384419629
26,030,0001,1958,2603000011958,1308,7.1770187659099
26,030,0001,1996,2603000011996,939,6.84587987526405
26,030,0001,2000,2603000012000,1109,7.01211529430638
26,030,0001,2015,2603000012015,1045,6.952728644624869
26,030,0001,202A,260300001202A,2662,7.887208585813932
26,030,0001,2049,2603000012049,1917,7.559038255443384
26,030,0001,2068,2603000012068,1203,7.093404625868766
26,030,0001,2072,2603000012072,1431,7.266827347520591
26,030,0001,2087,2603000012087,877,6.777646593635117
26,030,0001,2091,2603000012091,529,6.272877006546167
26,030,0001,2195,2603000012195,3403,8.132706489693264
26,030,0001,2208,2603000012208,1891,7.545389749611823
26,030,0001,2246,2603000012246,13525,9.512369038134885
26,030,0001,2250,2603000012250,5026,8.522578663692576
26,030,0001,2265,2603000012265,3265,8.09132127353041
26,030,0001,2299,2603000012299,2909,7.975908360165538
26,030,0001,2335,2603000012335,6844,8.83127373772255
26,030,0001,234A,260300001234A,3136,8.051022208190679
26,030,0001,2354,2603000012354,3561,8.178077463849608
26,030,0001,2373,2603000012373,3086,8.034955024502159
26,030,0001,2388,2603000012388,3981,8.289539484624141
26,030,0001,2405,2603000012405,3840,8.253488028345904
26,030,0001,2443,2603000012443,4259,8.357024439263416
26,030,0001,2458,2603000012458,2482,7.817222785508166
26,030,0001,2462,2603000012462,886,6.787844982309579
26,030,0001,2477,2603000012477,2347,7.761319180947987
26,030,0001,2481,2603000012481,822,6.71295620067707
26,030,0001,2509,2603000012509,2477,7.815207062189088
26,030,0001,2513,2603000012513,1024,6.932447891572509
26,030,0001,2528,2603000012528,4291,8.36450810375059
26,030,0001,2532,2603000012532,2781,7.930925372483388
26,030,0001,2547,2603000012547,2507,7.827240901752812
26,030,0001,2551,2603000012551,2576,7.854381210652365
26,030,0001,2566,2603000012566,0,0.0
26,030,0001,2570,2603000012570,8,2.1972245773362196
26,030,0001,2585,2603000012585,5104,8.537975730598767
26,030,0001,2602,2603000012602,168,5.1298987149230735
26,030,0001,2617,2603000012617,2125,7.661997558901893
26,030,0001,2621,2603000012621,5015,8.520388082312756
26,030,0001,2636,2603000012636,1212,7.10085190894405
26,030,0001,2640,2603000012640,3196,8.069968149059841
26,030,0001,2655,2603000012655,2026,7.614312146452
26,030,0001,2706,2603000012706,5507,8.613956859848546
26,030,0001,2710,2603000012710,7334,8.900412690577083
26,030,0001,273A,260300001273A,1327,7.191429330036379
26,030,0001,2744,2603000012744,153,5.0369526024136295
26,030,0001,2763,2603000012763,3470,8.152198015861787
26,030,0001,2778,2603000012778,4496,8.411165786770708
26,030,0001,280A,260300001280A,4323,8.371936178759098
26,030,0001,2852,2603000012852,9,2.302585092994046
26,030,0001,2886,2603000012886,4306,8.36799688505411
26,030,0001,2890,2603000012890,3313,8.105911197986508
26,030,0001,2903,2603000012903,3291,8.09925056179696
26,030,0001,2918,2603000012918,2529,7.835974581721566
26,030,0001,2922,2603000012922,1520,7.327123292259293
26,030,0001,2937,2603000012937,1660,7.415175109613295
26,030,0001,2941,2603000012941,1755,7.470793774195062
26,030,0001,2956,2603000012956,2599,7.8632667240095735
26,030,0001,2960,2603000012960,1521,7.3277805384216315
26,030,0001,2975,2603000012975,3248,8.0861025356691
26,030,0001,298A,260300001298A,1348,7.207118856207756
26,030,0001,2994,2603000012994,2223,7.707062655370473
26,030,0001,3009,2603000013009,920,6.825460036255307
26,030,0001,3013,2603000013013,804,6.690842277418564
26,030,0001,3028,2603000013028,378,5.937536205082426
26,030,0001,3032,2603000013032,887,6.78897174299217
26,030,0001,3047,2603000013047,1115,7.017506142941256
26,030,0001,3051,2603000013051,3100,8.03947991910045
26,030,0001,3066,2603000013066,1823,7.508787170634276
26,030,0001,3070,2603000013070,2406,7.786136437783072
26,030,0001,3085,2603000013085,2733,7.913521017283895
26,030,0001,3225,2603000013225,2543,7.841492924460013
26,030,0001,323A,260300001323A,2840,7.951911381854188
26,030,0001,3244,2603000013244,4722,8.460199469896118
26,030,0001,3259,2603000013259,3938,8.278682162970906
26,030,0001,3263,2603000013263,4075,8.312871394342615
26,030,0001,3278,2603000013278,4202,8.343553835005117
26,030,0001,3282,2603000013282,1890,7.544861068658458
26,030,0001,3297,2603000013297,4810,8.478660241699453
26,030,0001,330A,260300001330A,2267,7.7266536648476425
26,030,0001,3314,2603000013314,2808,7.940583827104244
26,030,0001,3329,2603000013329,1967,7.584773077612199
26,030,0001,3333,2603000013333,2758,7.922623574217286
26,030,0001,3348,2603000013348,2966,7.995306620290822
26,030,0001,3352,2603000013352,210,5.351858133476067
26,030,0001,3367,2603000013367,1053,6.960347729101308
26,030,0001,3371,2603000013371,2394,7.781138509845015
26,030,0001,3386,2603000013386,1878,7.538494999413465
26,030,0001,3390,2603000013390,4024,8.300280189852664
26,030,0001,3418,2603000013418,2461,7.808729306744399
26,030,0001,3422,2603000013422,3148,8.054840221101024
26,030,0001,3437,2603000013437,2888,7.968665700466235
26,030,0001,3441,2603000013441,2008,7.605392364814935
26,030,0001,3456,2603000013456,2110,7.65491704784832
26,030,0001,3460,2603000013460,4192,8.341171747170762
26,030,0001,483A,260300001483A,4309,8.368693183097793
26,030,0001,4844,2603000014844,4566,8.426611813185
26,030,0001,4859,2603000014859,2124,7.661527081358517
26,030,0001,4863,2603000014863,6865,8.834336974017637
26,030,0001,4878,2603000014878,14,2.70805020110221
26,030,0001,490A,260300001490A,3198,8.070593539949519
26,030,0001,4914,2603000014914,1508,7.319202458767849
26,030,0001,4929,2603000014929,2266,7.726212650507529
26,030,0001,4933,2603000014933,1434,7.268920128193722
26,030,0001,4948,2603000014948,2865,7.960672608388117
26,030,0001,4952,2603000014952,2180,7.687538766201629
26,030,0001,4967,2603000014967,4252,8.355379895253634
26,030,0001,4971,2603000014971,2166,7.681099001536359
26,030,0001,4986,2603000014986,1933,7.56734567601324
26,030,0001,4990,2603000014990,3326,8.109826276018477
26,030,0001,5005,2603000015005,17,2.8903717578961645
26,030,0001,5039,2603000015039,4080,8.314097335405807
26,030,0001,5043,2603000015043,2758,7.922623574217286
26,030,0001,5058,2603000015058,2566,7.8504931808711405
26,030,0001,5062,2603000015062,2400,7.783640596221253
26,030,0001,5077,2603000015077,1483,7.302496423727326
26,030,0001,5081,2603000015081,1290,7.1631723908466425
26,030,0001,5096,2603000015096,2195,7.694392802629421
26,030,0001,5109,2603000015109,1731,7.4570320891223805
26,030,0001,5113,2603000015113,2636,7.877397186353287
26,030,0001,5128,2603000015128,3117,8.044947049617722
26,030,0001,5132,2603000015132,3859,8.258422462458876
26,030,0001,5151,2603000015151,2792,7.934871565945177
26,030,0001,5166,2603000015166,2329,7.753623546559746
26,030,0001,5170,2603000015170,2236,7.71289096149013
26,030,0001,5185,2603000015185,2024,7.613324979540639
26,030,0001,519A,260300001519A,2116,7.6577552711348655
26,030,0001,5202,2603000015202,1445,7.27655640271871
26,030,0001,5217,2603000015217,3385,8.12740456269308
26,030,0001,5221,2603000015221,1804,7.498315870766981
26,030,0001,5236,2603000015236,2144,7.6708948313621175
26,030,0001,5240,2603000015240,530,6.274762021241939
26,030,0001,5255,2603000015255,600,6.398594934535208
26,030,0001,526A,260300001526A,1802,7.497207223203318
26,030,0001,5274,2603000015274,2263,7.724888439323074
26,030,0001,5289,2603000015289,1689,7.432483807917119
26,030,0001,5293,2603000015293,1657,7.4133673356952405
26,030,0001,5306,2603000015306,2140,7.669028288589683
26,030,0001,5310,2603000015310,2037,7.61972421378267
26,030,0001,5325,2603000015325,1526,7.3310603052186325
26,030,0001,533A,260300001533A,2159,7.67786350067821
26,030,0001,5344,2603000015344,2862,7.959625305098115
26,030,0001,5359,2603000015359,2334,7.755767170102998
26,030,0001,5363,2603000015363,3395,8.130353547431238
26,030,0001,5378,2603000015378,4115,8.32263709695394
26,030,0001,5382,2603000015382,3463,8.150179269682326
26,030,0001,5397,2603000015397,3134,8.050384453067021
26,030,0001,540A,260300001540A,3105,8.041091003708633
26,030,0001,5414,2603000015414,3887,8.265650165580329
26,030,0001,5429,2603000015429,847,6.742880635791903
26,030,0001,5433,2603000015433,1096,7.00033446027523
26,030,0001,5448,2603000015448,1876,7.537430036586509
26,030,0001,5452,2603000015452,2584,7.85748078694253
26,030,0001,5467,2603000015467,1444,7.275864600546533
26,030,0001,5471,2603000015471,1606,7.382124365737512
26,030,0001,5486,2603000015486,2512,7.829232537543592
26,030,0001,5490,2603000015490,3536,8.17103418920548
26,030,0001,5503,2603000015503,2017,7.609862200913554
26,030,0001,5518,2603000015518,659,6.492239835020471
26,030,0001,5522,2603000015522,1428,7.264730177929867
26,030,0001,5537,2603000015537,1397,7.242797922793756
26,030,0001,5560,2603000015560,3076,8.031710375322042
26,030,0001,5575,2603000015575,4821,8.480944058741116
26,030,0001,558A,260300001558A,2266,7.726212650507529
26,030,0001,5594,2603000015594,2644,7.8804263442924
26,030,0001,5607,2603000015607,1989,7.595889917718538
26,030,0001,5611,2603000015611,1411,7.252762418053187
26,030,0001,5626,2603000015626,2704,7.902857191280582
26,030,0001,5630,2603000015630,2957,7.992268643270745
26,030,0001,5645,2603000015645,1544,7.3427791893318455
26,030,0001,565A,260300001565A,2934,7.984462732262196
26,030,0001,5664,2603000015664,1130,7.030857476116121
26,030,0001,5679,2603000015679,491,6.198478716492308
26,030,0001,5683,2603000015683,1783,7.486613313139955
26,030,0001,5698,2603000015698,3532,8.169902647359145
26,030,0001,5700,2603000015700,2490,7.820439515262181
26,030,0001,5715,2603000015715,2369,7.7706452341291765
26,030,0001,572A,260300001572A,2347,7.761319180947987
26,030,0001,5734,2603000015734,1188,7.080867896690782
26,030,0001,5749,2603000015749,1330,7.193685818395112
26,030,0001,5753,2603000015753,179,5.19295685089021
26,030,0001,5768,2603000015768,906,6.810142450115136
26,030,0001,5772,2603000015772,2676,7.892452043520352
26,030,0001,5823,2603000015823,2707,7.903965634032166
26,030,0001,5838,2603000015838,1272,7.149131598557407
26,030,0001,5842,2603000015842,2148,7.67275789664251
26,030,0001,5857,2603000015857,1458,7.285506548522785
26,030,0001,5861,2603000015861,1204,7.094234845924755
26,030,0001,5876,2603000015876,2400,7.783640596221253
26,030,0001,5880,2603000015880,316,5.75890177387728
26,030,0001,5895,2603000015895,65,4.189654742026425
26,030,0001,5908,2603000015908,74,4.31748811353631
26,030,0001,5912,2603000015912,89,4.499809670330265
26,030,0001,5927,2603000015927,328,5.796057750765372
26,030,0001,5965,2603000015965,1331,7.194436851100335
26,030,0001,597A,260300001597A,3271,8.093156697722637
26,030,0001,5984,2603000015984,3402,8.132412674500905
26,030,0001,5999,2603000015999,2369,7.7706452341291765
26,030,0001,6003,2603000016003,4566,8.426611813185
26,030,0001,6018,2603000016018,4441,8.398860004454372
26,030,0001,6022,2603000016022,682,6.52649485957079
26,030,0001,6037,2603000016037,1567,7.357556200910353
26,030,0001,6041,2603000016041,3498,8.160232492367689
26,030,0001,6056,2603000016056,1883,7.5411524551363085
26,030,0001,6060,2603000016060,4056,8.308199063206446
26,030,0001,6075,2603000016075,2046,7.624130585661289
26,030,0001,608A,260300001608A,552,6.315358001522335
26,030,0001,6107,2603000016107,8,2.1972245773362196
26,030,0001,6111,2603000016111,58,4.07753744390572
26,030,0001,6126,2603000016126,1729,7.455876687491824
26,030,0001,6130,2603000016130,3186,8.066835314417336
26,030,0001,6145,2603000016145,997,6.905753276311464
26,030,0001,615A,260300001615A,3060,8.026496938945412
26,030,0001,6164,2603000016164,1913,7.5569505720129
26,030,0001,6179,2603000016179,414,6.028278520230698
26,030,0001,6183,2603000016183,271,5.605802066295998
26,030,0001,6198,2603000016198,435,6.077642243349034
26,030,0001,6200,2603000016200,5504,8.61341204915678
26,030,0001,6215,2603000016215,2128,7.663407664893479
26,030,0001,622A,260300001622A,6584,8.792549614177382
26,030,0001,6234,2603000016234,88,4.48863636973214
26,030,0001,6304,2603000016304,605,6.406879986069314
26,030,0001,6319,2603000016319,2250,7.719129840906732
26,030,0001,6323,2603000016323,787,6.669498089857879
26,030,0001,6338,2603000016338,2454,7.805882040228621
26,030,0001,6342,2603000016342,0,0.0
26,030,0001,6357,2603000016357,136,4.919980925828125
26,030,0001,6361,2603000016361,621,6.432940092739179
26,030,0001,6376,2603000016376,3226,8.079308192051961
26,030,0001,6380,2603000016380,174,5.1647859739235145
26,030,0001,6395,2603000016395,466,6.1463292576688975
26,030,0001,6408,2603000016408,12,2.5649493574615367
26,030,0001,6412,2603000016412,49,3.912023005428146
26,030,0001,6427,2603000016427,25,3.258096538021482
26,030,0001,6431,2603000016431,359,5.886104031450156
26,030,0001,6446,2603000016446,2244,7.716460800176355
26,030,0001,6450,2603000016450,3956,8.283241441385425
26,030,0001,6465,2603000016465,679,6.522092798170152
26,030,0001,647A,260300001647A,35,3.58351893845611
26,030,0001,6624,2603000016624,2165,7.680637427560936
26,030,0001,6639,2603000016639,1777,7.48324441607385
26,030,0001,6643,2603000016643,4033,8.302513718514158
26,030,0001,6658,2603000016658,3902,8.269500767180615
26,030,0001,6662,2603000016662,3206,8.073091199693154
26,030,0001,6677,2603000016677,2185,7.689828668736484
26,030,0001,6681,2603000016681,1823,7.508787170634276
26,030,0001,6696,2603000016696,440,6.089044875446846
26,030,0001,6709,2603000016709,747,6.617402977974478
26,030,0001,6713,2603000016713,61,4.127134385045092
26,030,0001,6728,2603000016728,22,3.1354942159291497
26,030,0001,6732,2603000016732,936,6.842683282238422
26,030,0001,6747,2603000016747,15,2.772588722239781
26,030,0001,6751,2603000016751,110,4.709530201312334
26,030,0001,6766,2603000016766,2502,7.8252452914317745
26,030,0001,6770,2603000016770,1126,7.027314514039777
26,030,0001,6785,2603000016785,0,0.0
26,030,0001,679A,260300001679A,0,0.0
26,030,0001,6802,2603000016802,1914,7.557472901614746
26,030,0001,6817,2603000016817,4128,8.32579052588609
26,030,0001,6821,2603000016821,1,0.6931471805599453
26,030,0001,6836,2603000016836,2206,7.699389406256737
26,030,0001,6840,2603000016840,3124,8.047189562170502
26,030,0001,6855,2603000016855,1225,7.111512116496157
26,030,0001,686A,260300001686A,0,0.0
26,030,0001,6874,2603000016874,368,5.910796644040527
26,030,0001,6889,2603000016889,355,5.87493073085203
26,030,0001,6893,2603000016893,68,4.23410650459726
26,030,0001,6906,2603000016906,350,5.860786223465865
26,030,0001,6910,2603000016910,2343,7.759614150696903
26,030,0001,6925,2603000016925,1432,7.267525427828172
26,030,0001,693A,260300001693A,2037,7.61972421378267
26,030,0001,6944,2603000016944,1882,7.5406215286571525
26,030,0001,6959,2603000016959,1818,7.506042178518122
26,030,0001,6963,2603000016963,3517,8.165647925297504
26,030,0001,6978,2603000016978,1346,7.205635176410364
26,030,0001,6982,2603000016982,2370,7.771067086065406
26,030,0001,6997,2603000016997,549,6.309918278226516
26,030,0001,7001,2603000017001,414,6.028278520230698
26,030,0001,7016,2603000017016,138,4.9344739331306915
26,030,0001,7020,2603000017020,1759,7.473069088032197
26,030,0001,7035,2603000017035,608,6.411818267709897
26,030,0001,704A,260300001704A,1174,7.069023426578259
26,030,0001,7054,2603000017054,1356,7.213031659834869
26,030,0001,7069,2603000017069,568,6.343880434126331
26,030,0001,7073,2603000017073,21,3.091042453358316
26,030,0001,7088,2603000017088,123,4.820281565605037
26,030,0001,7092,2603000017092,251,5.529429087511423
26,030,0001,7105,2603000017105,46,3.8501476017100584
26,030,0001,711A,260300001711A,79,4.382026634673881
26,030,0001,7124,2603000017124,48,3.8918202981106265
26,030,0001,7139,2603000017139,15,2.772588722239781
26,030,0001,7143,2603000017143,119,4.787491742782046
26,030,0001,7158,2603000017158,585,6.373319789577012
26,030,0001,7162,2603000017162,444,6.09807428216624
26,030,0001,7177,2603000017177,1983,7.592870287844818
26,030,0001,7181,2603000017181,250,5.5254529391317835
26,030,0001,7196,2603000017196,575,6.3561076606958915
26,030,0001,7209,2603000017209,551,6.313548046277095
26,030,0001,7213,2603000017213,850,6.7464121285733745
26,030,0001,7228,2603000017228,1186,7.079184394609668
26,030,0001,7232,2603000017232,1971,7.586803535162581
26,030,0001,7247,2603000017247,538,6.289715570908998
26,030,0001,7251,2603000017251,709,6.565264970035361
26,030,0001,7266,2603000017266,51,3.9512437185814275
26,030,0001,7270,2603000017270,241,5.488937726156687
26,030,0001,7285,2603000017285,270,5.602118820879701
26,030,0001,729A,260300001729A,297,5.697093486505405
26,030,0001,7302,2603000017302,351,5.863631175598097
26,030,0001,7317,2603000017317,750,6.621405651764134
26,030,0001,7321,2603000017321,0,0.0
26,030,0001,7336,2603000017336,64,4.174387269895637
26,030,0001,7340,2603000017340,275,5.62040086571715
26,030,0001,7355,2603000017355,3171,8.06211758275474
26,030,0001,736A,260300001736A,3,1.3862943611198906
26,030,0001,7374,2603000017374,0,0.0
26,030,0001,7389,2603000017389,3522,8.167068178341237
26,030,0001,7393,2603000017393,67,4.219507705176107
26,030,0001,7406,2603000017406,86,4.465908118654584
26,030,0001,7410,2603000017410,16,2.833213344056216
26,030,0001,7425,2603000017425,40,3.713572066704308
26,030,0001,743A,260300001743A,103,4.6443908991413725
26,030,0001,7444,2603000017444,2245,7.716906135298388
26,030,0001,7459,2603000017459,6,1.9459101490553132
26,030,0001,7463,2603000017463,798,6.683360945766275
26,030,0001,7478,2603000017478,411,6.021023349349527
26,030,0001,7482,2603000017482,0,0.0
26,030,0001,7497,2603000017497,271,5.605802066295998
26,030,0001,750A,260300001750A,4171,8.336150816120663
26,030,0001,7514,2603000017514,962,6.870053411798126
26,030,0001,7529,2603000017529,1227,7.113142108707088
26,030,0001,7548,2603000017548,0,0.0
26,030,0001,7552,2603000017552,32,3.4965075614664802
26,030,0001,7567,2603000017567,316,5.75890177387728
26,030,0001,7571,2603000017571,96,4.574710978503383
26,030,0001,7586,2603000017586,252,5.53338948872752
26,030,0001,7603,2603000017603,184,5.220355825078324
26,030,0001,7618,2603000017618,3,1.3862943611198906
26,030,0001,7622,2603000017622,2,1.0986122886681098
26,030,0001,7637,2603000017637,225,5.420534999272286
26,030,0001,7641,2603000017641,117,4.770684624465665
26,030,0001,7656,2603000017656,411,6.021023349349527
26,030,0001,7660,2603000017660,400,5.993961427306569
26,030,0001,7675,2603000017675,298,5.700443573390687
26,030,0001,768A,260300001768A,107,4.68213122712422
26,030,0001,7694,2603000017694,17,2.8903717578961645
26,030,0001,7707,2603000017707,333,5.811140992976701
26,030,0001,7711,2603000017711,683,6.52795791762255
26,030,0001,7726,2603000017726,349,5.857933154483459
26,030,0001,7798,2603000017798,908,6.812345094177479
26,030,0001,7800,2603000017800,1936,7.5688956634069955
26,030,0001,7815,2603000017815,1399,7.24422751560335
26,030,0001,782A,260300001782A,54,4.007333185232471
26,030,0001,7834,2603000017834,396,5.983936280687191
26,030,0001,7849,2603000017849,0,0.0
26,030,0001,7853,2603000017853,11,2.4849066497880004
26,030,0001,7868,2603000017868,315,5.755742213586912
26,030,0001,7872,2603000017872,0,0.0
26,030,0001,7887,2603000017887,587,6.376726947898627
26,030,0001,7891,2603000017891,0,0.0
26,030,0001,7904,2603000017904,520,6.255750041753367
26,030,0001,7919,2603000017919,0,0.0
26,030,0001,7923,2603000017923,3560,8.177796683277778
26,030,0001,7938,2603000017938,1129,7.029972911706386
26,030,0001,7942,2603000017942,0,0.0
26,030,0001,7957,2603000017957,425,6.054439346269371
26,030,0001,7961,2603000017961,8,2.1972245773362196
26,030,0001,7976,2603000017976,56,4.04305126783455
26,030,0001,7980,2603000017980,612,6.418364935936212
26,030,0001,7995,2603000017995,112,4.727387818712341
26,030,0001,800A,260300001800A,204,5.3230099791384085
26,030,0001,8014,2603000018014,940,6.846943139585379
26,030,0001,8029,2603000018029,3019,8.013012110368916
26,030,0001,8033,2603000018033,4984,8.514188682395938
26,030,0001,8048,2603000018048,0,0.0
26,030,0001,8052,2603000018052,1495,7.310550158534422
26,030,0001,8067,2603000018067,1282,7.1569563646156364
26,030,0001,8071,2603000018071,364,5.8998973535824915
26,030,0001,8090,2603000018090,176,5.176149732573829
26,030,0001,8103,2603000018103,0,0.0
26,030,0001,8118,2603000018118,0,0.0
26,030,0001,8122,2603000018122,356,5.877735781779639
26,030,0001,8137,2603000018137,2088,7.644440761556566
26,030,0001,8141,2603000018141,437,6.082218910376446
26,030,0001,8211,2603000018211,1,0.6931471805599453
26,030,0001,8226,2603000018226,0,0.0
26,030,0001,8230,2603000018230,22,3.1354942159291497
26,030,0001,8245,2603000018245,0,0.0
26,030,0001,825A,260300001825A,805,6.692083742506628
26,030,0001,8264,2603000018264,14,2.70805020110221
26,030,0001,8279,2603000018279,2186,7.690286020676768
26,030,0001,8283,2603000018283,1514,7.323170717943469
26,030,0001,8298,2603000018298,0,0.0
26,030,0001,8300,2603000018300,240,5.484796933490655
26,030,0001,8315,2603000018315,4,1.6094379124341003
26,030,0001,832A,260300001832A,8,2.1972245773362196
26,030,0001,8334,2603000018334,5,1.791759469228055
26,030,0001,8349,2603000018349,0,0.0
26,030,0001,8353,2603000018353,0,0.0
26,030,0001,8368,2603000018368,1,0.6931471805599453
26,030,0001,8372,2603000018372,0,0.0
26,030,0001,8387,2603000018387,9,2.302585092994046
26,030,0001,8391,2603000018391,7,2.0794415416798357
26,030,0001,8404,2603000018404,820,6.710523109452428
26,030,0001,8419,2603000018419,141,4.955827057601261
26,030,0001,8423,2603000018423,65,4.189654742026425
26,030,0001,8438,2603000018438,144,4.976733742420574
26,030,0001,8442,2603000018442,186,5.231108616854587
26,030,0001,8457,2603000018457,39,3.6888794541139363
26,030,0001,8461,2603000018461,316,5.75890177387728
26,030,0001,8476,2603000018476,496,6.208590026096629
26,030,0001,8480,2603000018480,23,3.1780538303479458
26,030,0001,8495,2603000018495,0,0.0
26,030,0001,8508,2603000018508,86,4.465908118654584
26,030,0001,8512,2603000018512,0,0.0
26,030,0001,8527,2603000018527,16,2.833213344056216
26,030,0001,8531,2603000018531,385,5.955837369464831
26,030,0001,8546,2603000018546,425,6.054439346269371
26,030,0001,8550,2603000018550,45,3.828641396489095
26,030,0001,8601,2603000018601,19,2.995732273553991
26,030,0001,8616,2603000018616,7,2.0794415416798357
26,030,0001,8620,2603000018620,0,0.0
26,030,0001,8635,2603000018635,0,0.0
26,030,0001,864A,260300001864A,77,4.356708826689592
26,030,0001,8654,2603000018654,559,6.327936783729195
26,030,0001,8669,2603000018669,0,0.0
26,030,0001,8673,2603000018673,91,4.5217885770490405
26,030,0001,8688,2603000018688,6,1.9459101490553132
26,030,0001,8692,2603000018692,0,0.0
26,030,0001,8705,2603000018705,0,0.0
26,030,0001,871A,260300001871A,0,0.0
26,030,0001,8724,2603000018724,3,1.3862943611198906
26,030,0001,8739,2603000018739,153,5.0369526024136295
26,030,0001,8743,2603000018743,2,1.0986122886681098
26,030,0001,8758,2603000018758,209,5.3471075307174685
26,030,0001,8866,2603000018866,9,2.302585092994046
26,030,0001,8870,2603000018870,483,6.182084906716632
26,030,0001,8885,2603000018885,1296,7.167809184316444
26,030,0001,889A,260300001889A,1156,7.053585727193677
26,030,0001,8902,2603000018902,1,0.6931471805599453
26,030,0001,8917,2603000018917,199,5.298317366548036
26,030,0001,8921,2603000018921,130,4.875197323201151
26,030,0001,8936,2603000018936,21,3.091042453358316
26,030,0001,8940,2603000018940,30,3.4339872044851463
26,030,0001,8955,2603000018955,422,6.0473721790462776
26,030,0001,896A,260300001896A,658,6.490723534502507
26,030,0001,8974,2603000018974,205,5.327876168789581
26,030,0001,8989,2603000018989,20,3.044522437723423
26,030,0001,8993,2603000018993,213,5.365976015021851
26,030,0137,0057,2603001370057,0,0.0
26,030,0137,0061,2603001370061,49,3.912023005428146
26,030,0137,3140,2603001373140,1300,7.170888478512505
26,030,0137,3155,2603001373155,745,6.61472560020376
26,030,0137,316A,260300137316A,1972,7.587310506022615
26,030,0137,3174,2603001373174,25,3.258096538021482
26,030,0137,3189,2603001373189,50,3.9318256327243257
26,030,0137,3193,2603001373193,35,3.58351893845611
26,030,0137,3206,2603001373206,29,3.4011973816621555
26,030,0137,3210,2603001373210,29,3.4011973816621555
26,030,0137,5024,2603001375024,1145,7.044032897274685
26,030,0137,5950,2603001375950,0,0.0
26,030,0137,6272,2603001376272,0,0.0
26,030,0137,6287,2603001376287,95,4.564348191467836
26,030,0137,6291,2603001376291,313,5.749392985908253
26,030,0137,6484,2603001376484,0,0.0
26,030,0137,6499,2603001376499,116,4.762173934797756
26,030,0137,6592,2603001376592,3,1.3862943611198906
26,030,0137,6605,2603001376605,15,2.772588722239781
26,030,0137,661A,260300137661A,0,0.0
26,030,0137,8762,2603001378762,10,2.3978952727983707
26,030,0137,8777,2603001378777,18,2.9444389791664403
26,030,0137,8781,2603001378781,17,2.8903717578961645
26,030,0137,8796,2603001378796,84,4.442651256490317
26,030,0137,8809,2603001378809,0,0.0
26,030,0343,0038,2603003430038,9,2.302585092994046
26,030,0343,3102,2603003433102,3544,8.173293438966228
26,030,0343,3117,2603003433117,2226,7.708410667257367
26,030,0343,3121,2603003433121,1964,7.583247524303362
26,030,0343,3136,2603003433136,2718,7.908019444632471
26,030,0343,4882,2603003434882,2847,7.954372272531867
26,030,0343,4897,2603003434897,2543,7.841492924460013
26,030,0343,5541,2603003435541,972,6.880384082186005
26,030,0343,5556,2603003435556,2452,7.8050670442584895
26,030,0343,5787,2603003435787,199,5.298317366548036
26,030,0343,5791,2603003435791,3,1.3862943611198906
26,030,0343,5804,2603003435804,1254,7.134890851565884
26,030,0343,5819,2603003435819,165,5.111987788356544
26,030,0343,5931,2603003435931,397,5.986452005284438
26,030,0343,5946,2603003435946,315,5.755742213586912
26,030,0343,6249,2603003436249,1981,7.591861714889934
26,030,0343,6253,2603003436253,701,6.553933404025811
26,030,0343,6268,2603003436268,361,5.8916442118257715
26,030,0343,6501,2603003436501,41,3.7376696182833684
26,030,0343,6516,2603003436516,287,5.662960480135946
26,030,0343,6520,2603003436520,0,0.0
26,030,0343,6535,2603003436535,304,5.720311776607412
26,030,0343,654A,260300343654A,2326,7.752335163302292
26,030,0343,6554,2603003436554,354,5.872117789475416
26,030,0343,6569,2603003436569,7,2.0794415416798357
26,030,0343,6573,2603003436573,0,0.0
26,030,0343,6588,2603003436588,628,6.444131256700441
26,030,0343,7533,2603003437533,1205,7.095064377287131
26,030,0343,7730,2603003437730,160,5.081404364984463
26,030,0343,7745,2603003437745,8,2.1972245773362196
26,030,0343,775A,260300343775A,23,3.1780538303479458
26,030,0343,8156,2603003438156,107,4.68213122712422
26,030,0343,8160,2603003438160,139,4.941642422609304
26,030,0343,8175,2603003438175,5,1.791759469228055
26,030,0343,818A,260300343818A,41,3.7376696182833684
26,030,0343,8194,2603003438194,277,5.627621113690637
26,030,0343,8207,2603003438207,18,2.9444389791664403
26,030,0343,8565,2603003438565,29,3.4011973816621555
26,030,0343,8813,2603003438813,136,4.919980925828125
26,030,0343,8828,2603003438828,123,4.820281565605037
26,030,0535,0042,2603005350042,0,0.0
26,030,0535,7764,2603005357764,506,6.2285110035911835
26,030,0535,7779,2603005357779,1414,7.254884810077338
26,030,0535,7783,2603005357783,870,6.769641976852503
26,030,0535,857A,260300535857A,23,3.1780538303479458
26,030,0535,8584,2603005358584,15,2.772588722239781
26,030,0535,8599,2603005358599,66,4.204692619390966
26,030,0535,8832,2603005358832,9,2.302585092994046
26,030,0535,8847,2603005358847,0,0.0
26,030,0535,8851,2603005358851,35,3.58351893845611
26,031,0001,0425,2603100010425,389,5.966146739123692
26,031,0001,043A,260310001043A,388,5.963579343618446
26,031,0001,0459,2603100010459,7,2.0794415416798357
26,031,0001,0463,2603100010463,54,4.007333185232471
26,031,0001,0478,2603100010478,36,3.6109179126442243
26,031,0001,0482,2603100010482,0,0.0
26,031,0001,0497,2603100010497,0,0.0
26,031,0001,050A,260310001050A,26,3.295836866004329
26,031,0001,0514,2603100010514,4,1.6094379124341003
26,031,0001,0529,2603100010529,4,1.6094379124341003
26,031,0001,0533,2603100010533,30,3.4339872044851463
26,032,0001,009A,260320001009A,431,6.068425588244111
26,032,0001,0102,2603200010102,503,6.222576268071369
26,032,0001,0189,2603200010189,1,0.6931471805599453
26,033,0001,0218,2603300010218,2959,7.992944547318106
26,033,0001,0222,2603300010222,1846,7.52131798019924
26,033,0001,0256,2603300010256,1933,7.56734567601324
26,033,0001,0260,2603300010260,2835,7.950149887652018
26,033,0001,0275,2603300010275,1393,7.2399325913204695
26,033,0001,028A,260330001028A,1452,7.2813856635702825
26,033,0001,0307,2603300010307,2810,7.941295570906532
26,033,0001,0311,2603300010311,2621,7.871692664323645
26,033,0001,0326,2603300010326,1935,7.568379267836522
26,033,0001,0330,2603300010330,1638,7.40184157874383
26,033,0001,0345,2603300010345,2129,7.6638772587034705
26,033,0001,035A,260330001035A,1249,7.1308988302963465
26,033,0001,0523,2603300010523,582,6.368187186350492
26,033,0001,0538,2603300010538,2165,7.680637427560936
26,033,0001,0542,2603300010542,1454,7.282761179605593
26,033,0001,0557,2603300010557,895,6.79794041297493
26,033,0001,0595,2603300010595,544,6.300785794663244
26,033,0001,0646,2603300010646,1,0.6931471805599453
26,033,0001,0650,2603300010650,0,0.0
26,033,0001,0665,2603300010665,0,0.0
26,033,0001,067A,260330001067A,5,1.791759469228055
26,033,0001,0699,2603300010699,3,1.3862943611198906
26,033,0001,0773,2603300010773,0,0.0
26,033,0001,0824,2603300010824,26,3.295836866004329
26,033,0054,0576,2603300540576,1683,7.428927194802272
26,033,0054,0580,2603300540580,603,6.403574197934815
26,033,0094,0059,2603300940059,4741,8.464214266625351
26,033,0094,0612,2603300940612,0,0.0
26,033,0094,0627,2603300940627,21,3.091042453358316
26,033,0094,0684,2603300940684,0,0.0
26,033,0094,0701,2603300940701,0,0.0
26,033,0094,074A,260330094074A,11,2.4849066497880004
26,033,0094,0754,2603300940754,0,0.0
26,033,0094,0769,2603300940769,4,1.6094379124341003
26,033,0094,0788,2603300940788,6,1.9459101490553132
26,033,0094,0792,2603300940792,7,2.0794415416798357
26,033,0094,0805,2603300940805,22,3.1354942159291497
26,033,0099,0294,2603300990294,3686,8.212568398234145
26,033,0099,0608,2603300990608,6,1.9459101490553132
26,034,0001,0075,2603400010075,636,6.456769655572163
26,034,0001,0126,2603400010126,0,0.0
26,034,0001,0130,2603400010130,0,0.0
26,034,0001,0145,2603400010145,17,2.8903717578961645
26,034,0001,015A,260340001015A,15,2.772588722239781
26,034,0001,0164,2603400010164,18,2.9444389791664403
26,034,0001,0179,2603400010179,39,3.6888794541139363
26,035,0001,0284,2603500010284,1166,7.062191632286556
26,035,0001,0299,2603500010299,1541,7.340835554123275
26,035,0001,0301,2603500010301,1162,7.0587581525186645
26,035,0001,0316,2603500010316,1487,7.305188215393037
26,035,0001,0320,2603500010320,411,6.021023349349527
26,035,0001,0532,2603500010532,262,5.572154032177765
26,035,0001,0547,2603500010547,427,6.059123195581797
26,035,0001,0551,2603500010551,135,4.912654885736052
26,035,0001,0566,2603500010566,3,1.3862943611198906
26,035,0001,0570,2603500010570,56,4.04305126783455
26,035,0001,0585,2603500010585,5,1.791759469228055
26,035,0001,059A,260350001059A,165,5.111987788356544
26,035,0001,0636,2603500010636,7,2.0794415416798357
26,035,0001,0640,2603500010640,6,1.9459101490553132
26,035,0001,0655,2603500010655,0,0.0
26,035,0001,066A,260350001066A,0,0.0
26,035,0001,0674,2603500010674,8,2.1972245773362196
26,036,0001,0192,2603600010192,1376,7.227662498728654
26,036,0001,0385,2603600010385,1975,7.588829878307813
26,036,0001,039A,260360001039A,2412,7.7886260656250315
26,036,0001,0402,2603600010402,2462,7.809135398120538
26,036,0001,0417,2603600010417,3446,8.145259566516865
26,036,0001,0436,2603600010436,1791,7.491087593534876
26,036,0001,0440,2603600010440,1687,7.431299675155903
26,036,0001,0455,2603600010455,1372,7.224753405767971
26,036,0001,046A,260360001046A,1303,7.1731917424865985
26,036,0001,0474,2603600010474,1065,6.97166860472579
26,036,0001,0489,2603600010489,1335,7.197435354096591
26,036,0001,0493,2603600010493,70,4.2626798770413155
26,036,0001,0506,2603600010506,1366,7.220373836723949
26,036,0001,0510,2603600010510,686,6.532334292222349
26,036,0001,0525,2603600010525,1262,7.141245122350491
26,036,0001,053A,260360001053A,1150,7.048386408721883
26,036,0001,0544,2603600010544,1081,6.9865664594064265
26,036,0001,0559,2603600010559,1,0.6931471805599453
26,036,0001,0563,2603600010563,67,4.219507705176107
26,036,0001,0578,2603600010578,85,4.454347296253507
26,036,0001,0582,2603600010582,31,3.4657359027997265
26,036,0001,0597,2603600010597,76,4.343805421853684
26,036,0001,060A,260360001060A,48,3.8918202981106265
26,036,0001,0614,2603600010614,3,1.3862943611198906
26,036,0001,0629,2603600010629,77,4.356708826689592
26,036,0001,0633,2603600010633,51,3.9512437185814275
26,036,0001,0648,2603600010648,0,0.0
26,036,0001,0652,2603600010652,129,4.867534450455582
26,036,0001,0667,2603600010667,7,2.0794415416798357
26,036,0001,0671,2603600010671,16,2.833213344056216
26,036,0001,0686,2603600010686,8,2.1972245773362196
26,036,0001,0690,2603600010690,31,3.4657359027997265
26,036,0001,0703,2603600010703,0,0.0
26,036,0001,0718,2603600010718,50,3.9318256327243257
26,036,0001,0722,2603600010722,86,4.465908118654584
26,037,0001,0109,2603700010109,853,6.74993119378857
26,037,0001,0113,2603700010113,386,5.958424693029782
26,037,0001,0217,2603700010217,5,1.791759469228055
26,037,0001,0221,2603700010221,12,2.5649493574615367
26,037,0001,0236,2603700010236,8,2.1972245773362196
26,037,0001,0240,2603700010240,13,2.6390573296152584
26,037,0001,0255,2603700010255,4,1.6094379124341003
26,037,0001,026A,260370001026A,4,1.6094379124341003
26,037,0001,0274,2603700010274,0,0.0
26,037,0001,0289,2603700010289,0,0.0
26,038,0001,0214,2603800010214,1687,7.431299675155903
26,038,0001,0229,2603800010229,1120,7.02197642307216
26,038,0001,0233,2603800010233,1028,6.9363427358340495
26,038,0001,0375,2603800010375,11,2.4849066497880004
26,038,0001,038A,260380001038A,312,5.746203190540153
26,038,0001,0394,2603800010394,168,5.1298987149230735
26,038,0001,0407,2603800010407,0,0.0
26,039,0001,0137,2603900010137,1553,7.348587530927593
26,039,0001,0141,2603900010141,1351,7.20934025660291
26,039,0001,0156,2603900010156,965,6.873163834212518
26,039,0001,0226,2603900010226,1322,7.187657164114956
26,039,0001,0230,2603900010230,192,5.262690188904886
26,039,0001,0245,2603900010245,27,3.332204510175204
26,039,0001,025A,260390001025A,305,5.723585101952381
26,039,0001,0264,2603900010264,209,5.3471075307174685
26,039,0001,0279,2603900010279,14,2.70805020110221
26,039,0001,0283,2603900010283,4,1.6094379124341003
26,039,0001,0298,2603900010298,26,3.295836866004329
26,039,0001,0300,2603900010300,4,1.6094379124341003
26,039,0001,0315,2603900010315,3,1.3862943611198906
26,039,0001,032A,260390001032A,0,0.0
26,039,0001,0334,2603900010334,0,0.0
26,039,0001,0349,2603900010349,89,4.499809670330265
26,039,0001,0353,2603900010353,0,0.0
26,040,0001,0636,2604000010636,479,6.173786103901937
26,040,0001,0640,2604000010640,448,6.1070228877422545
26,040,0001,0689,2604000010689,0,0.0
26,040,0001,0693,2604000010693,5,1.791759469228055
26,040,0001,0706,2604000010706,20,3.044522437723423
26,040,0001,0710,2604000010710,3,1.3862943611198906
26,040,0001,0725,2604000010725,0,0.0
26,040,0001,073A,260400001073A,9,2.302585092994046
26,040,0001,0744,2604000010744,17,2.8903717578961645
26,041,0001,0188,2604100010188,1271,7.148345743900068
26,041,0001,0192,2604100010192,1670,7.421177528595393
26,041,0001,021A,260410001021A,1975,7.588829878307813
26,041,0001,0224,2604100010224,1455,7.283448228756631
26,041,0001,0239,2604100010239,72,4.290459441148391
26,041,0001,0243,2604100010243,964,6.872128101338986
26,041,0001,0370,2604100010370,352,5.8664680569332965
26,041,0001,0385,2604100010385,549,6.309918278226516
26,041,0001,039A,260410001039A,281,5.641907070938114
26,041,0001,0402,2604100010402,959,6.866933284461882
26,041,0001,0417,2604100010417,899,6.802394763324311
26,041,0001,0421,2604100010421,19,2.995732273553991
26,041,0001,0436,2604100010436,103,4.6443908991413725
26,041,0001,0440,2604100010440,109,4.700480365792417
26,041,0001,0455,2604100010455,21,3.091042453358316
26,041,0001,046A,260410001046A,190,5.25227342804663
26,041,0001,0474,2604100010474,122,4.812184355372417
26,041,0001,0489,2604100010489,17,2.8903717578961645
26,041,0001,0493,2604100010493,188,5.241747015059643
26,041,0001,0506,2604100010506,38,3.6635616461296463
26,041,0001,0510,2604100010510,40,3.713572066704308
26,041,0001,0525,2604100010525,44,3.8066624897703196
26,041,0001,053A,260410001053A,0,0.0
26,041,0001,0544,2604100010544,25,3.258096538021482
26,041,0001,0559,2604100010559,42,3.7612001156935624
26,041,0001,0563,2604100010563,8,2.1972245773362196
26,041,0001,0578,2604100010578,6,1.9459101490553132
26,041,0001,0582,2604100010582,2,1.0986122886681098
26,041,0001,0597,2604100010597,31,3.4657359027997265
26,041,0001,060A,260410001060A,2,1.0986122886681098
26,041,0001,0614,2604100010614,0,0.0
26,041,0001,0629,2604100010629,0,0.0
26,041,0001,0633,2604100010633,16,2.833213344056216
26,041,0001,0648,2604100010648,9,2.302585092994046
26,041,0001,0652,2604100010652,6,1.9459101490553132
26,041,0001,0667,2604100010667,4,1.6094379124341003
26,042,0001,0378,2604200010378,2378,7.774435510302958
26,042,0001,0414,2604200010414,3201,8.07153089355666
26,042,0001,0433,2604200010433,161,5.087596335232384
26,042,0001,0471,2604200010471,2369,7.7706452341291765
26,042,0001,0503,2604200010503,2734,7.913886714856082
26,042,0001,0518,2604200010518,1091,6.9957661563048505
26,042,0001,0522,2604200010522,1666,7.418780882750794
26,042,0001,0537,2604200010537,2743,7.917171988845776
26,042,0001,0541,2604200010541,1684,7.429520842786462
26,042,0001,0556,2604200010556,1769,7.478734825567875
26,042,0001,0560,2604200010560,2713,7.906178840394815
26,042,0001,0575,2604200010575,703,6.556778356158042
26,042,0001,058A,260420001058A,2245,7.716906135298388
26,042,0001,0594,2604200010594,1904,7.552237287560802
26,042,0001,0607,2604200010607,2036,7.619233416226805
26,042,0001,0611,2604200010611,1200,7.0909098220799835
26,042,0001,0626,2604200010626,1331,7.194436851100335
26,042,0001,0645,2604200010645,2588,7.859026979751538
26,042,0001,065A,260420001065A,1364,7.21890970761906
26,042,0001,0664,2604200010664,945,6.852242569051878
26,042,0001,0683,2604200010683,4866,8.490233009833455
26,042,0001,0698,2604200010698,2418,7.791109510610028
26,042,0001,0700,2604200010700,1864,7.5310163320779155
26,042,0001,0715,2604200010715,4753,8.46674164792014
26,042,0001,072A,260420001072A,480,6.175867270105761
26,042,0001,0734,2604200010734,1221,7.108244139731541
26,042,0001,0749,2604200010749,1910,7.555381944240273
26,042,0001,1041,2604200011041,1806,7.499423290592229
26,042,0001,1056,2604200011056,692,6.541029999189903
26,042,0001,1060,2604200011060,3,1.3862943611198906
26,042,0001,108A,260420001108A,2430,7.796057974316123
26,042,0001,1094,2604200011094,1241,7.124478262493424
26,042,0001,1107,2604200011107,2162,7.679251425953058
26,042,0001,1111,2604200011111,2534,7.837948916025283
26,042,0001,1126,2604200011126,0,0.0
26,042,0001,1130,2604200011130,1475,7.297091005160418
26,042,0001,1145,2604200011145,122,4.812184355372417
26,042,0001,115A,260420001115A,181,5.204006687076795
26,042,0001,1164,2604200011164,2230,7.7102051944325325
26,042,0001,1179,2604200011179,1957,7.579678823090456
26,042,0001,1183,2604200011183,2818,7.9441374911141125
26,042,0001,1198,2604200011198,2613,7.868636894184167
26,042,0001,1200,2604200011200,2595,7.86172707782398
26,042,0001,1215,2604200011215,2242,7.715569534520208
26,042,0001,122A,260420001122A,1408,7.25063551189868
26,042,0001,1234,2604200011234,1180,7.074116816197362
26,042,0001,1253,2604200011253,1556,7.350516171833998
26,042,0001,1272,2604200011272,5,1.791759469228055
26,042,0001,1287,2604200011287,835,6.728628613084702
26,042,0001,1291,2604200011291,419,6.040254711277414
26,042,0001,1304,2604200011304,0,0.0
26,042,0001,1323,2604200011323,1,0.6931471805599453
26,042,0001,1338,2604200011338,1186,7.079184394609668
26,042,0001,1342,2604200011342,2527,7.8351837552667485
26,042,0001,1357,2604200011357,1092,6.996681488176539
26,042,0001,1361,2604200011361,2193,7.693481640835175
26,042,0001,1376,2604200011376,51,3.9512437185814275
26,042,0001,1380,2604200011380,44,3.8066624897703196
26,042,0001,1412,2604200011412,196,5.2832037287379885
26,042,0001,1427,2604200011427,456,6.124683390894205
26,042,0001,1431,2604200011431,0,0.0
26,042,0001,1446,2604200011446,5,1.791759469228055
26,042,0001,1450,2604200011450,0,0.0
26,042,0001,1465,2604200011465,1441,7.273786317844895
26,042,0001,147A,260420001147A,184,5.220355825078324
26,042,0001,1484,2604200011484,0,0.0
26,042,0001,1499,2604200011499,2,1.0986122886681098
26,042,0001,1501,2604200011501,989,6.897704943128636
26,042,0001,1516,2604200011516,280,5.638354669333745
26,042,0001,1520,2604200011520,0,0.0
26,042,0001,1535,2604200011535,1046,6.953684210870537
26,042,0001,154A,260420001154A,2181,7.687997166393016
26,042,0001,1554,2604200011554,0,0.0
26,042,0001,1569,2604200011569,1052,6.959398512133975
26,042,0001,1573,2604200011573,1861,7.529406457837013
26,042,0001,1588,2604200011588,2238,7.713784616598755
26,042,0001,1592,2604200011592,1577,7.363913501405819
26,042,0001,1605,2604200011605,1606,7.382124365737512
26,042,0001,161A,260420001161A,1630,7.396948602621014
26,042,0001,1624,2604200011624,0,0.0
26,042,0001,1639,2604200011639,17,2.8903717578961645
26,042,0001,1643,2604200011643,386,5.958424693029782
26,042,0001,1658,2604200011658,1843,7.519692404116539
26,042,0001,1662,2604200011662,0,0.0
26,042,0001,1677,2604200011677,0,0.0
26,042,0001,1681,2604200011681,0,0.0
26,042,0001,1696,2604200011696,0,0.0
26,042,0001,1709,2604200011709,0,0.0
26,042,0001,1713,2604200011713,14,2.70805020110221
26,042,0001,1728,2604200011728,8,2.1972245773362196
26,042,0001,1732,2604200011732,7,2.0794415416798357
26,042,0001,1747,2604200011747,32,3.4965075614664802
26,042,0001,1751,2604200011751,13,2.6390573296152584
26,042,0001,1766,2604200011766,0,0.0
26,042,0001,1770,2604200011770,499,6.214608098422191
26,042,0001,1785,2604200011785,14,2.70805020110221
26,042,0001,179A,260420001179A,0,0.0
26,042,0001,1802,2604200011802,208,5.342334251964811
26,042,0001,1817,2604200011817,1,0.6931471805599453
26,042,0001,1821,2604200011821,5,1.791759469228055
26,042,0001,1836,2604200011836,0,0.0
26,042,0001,1840,2604200011840,15,2.772588722239781
26,042,0001,1855,2604200011855,3,1.3862943611198906
26,042,0001,186A,260420001186A,4,1.6094379124341003
26,042,0001,1874,2604200011874,5,1.791759469228055
26,042,0001,1889,2604200011889,0,0.0
26,042,0001,1893,2604200011893,45,3.828641396489095
26,042,0001,1906,2604200011906,4,1.6094379124341003
26,042,0001,1910,2604200011910,7,2.0794415416798357
26,042,0001,1925,2604200011925,11,2.4849066497880004
26,042,0001,193A,260420001193A,16,2.833213344056216
26,042,0001,1944,2604200011944,0,0.0
26,042,0531,1037,2604205311037,1432,7.267525427828172
26,042,0531,1075,2604205311075,1124,7.025538314638521
26,042,0531,1268,2604205311268,12,2.5649493574615367
26,043,0001,0197,2604300010197,1190,7.0825485693553
26,043,0001,0233,2604300010233,1898,7.549082710812286
26,043,0001,0248,2604300010248,2371,7.771488760117616
26,043,0001,0267,2604300010267,2052,7.627057417018934
26,043,0001,0286,2604300010286,2158,7.677400430514807
26,043,0001,0290,2604300010290,1376,7.227662498728654
26,043,0001,0318,2604300010318,1416,7.256297239690681
26,043,0001,0341,2604300010341,5164,8.549660381553739
26,043,0001,0360,2604300010360,2820,7.944846711001996
26,043,0001,0375,2604300010375,1219,7.106606137727303
26,043,0001,038A,260430001038A,2558,7.847371836159788
26,043,0001,0407,2604300010407,845,6.740519359606223
26,043,0001,0411,2604300010411,490,6.19644412779452
26,043,0001,0426,2604300010426,4052,8.307212626628308
26,043,0001,045A,260430001045A,1303,7.1731917424865985
26,043,0001,0464,2604300010464,2078,7.639642287858013
26,043,0001,0479,2604300010479,2971,7.99699040583765
26,043,0001,0483,2604300010483,2527,7.8351837552667485
26,043,0001,0498,2604300010498,442,6.093569770045136
26,043,0001,0500,2604300010500,1111,7.013915474810528
26,043,0001,0515,2604300010515,958,6.8658910748834385
26,043,0001,052A,260430001052A,1546,7.344072850573066
26,043,0001,0549,2604300010549,3820,8.2482674474469
26,043,0001,0553,2604300010553,3330,8.11102783819368
26,043,0001,0731,2604300010731,3999,8.294049640102028
26,043,0001,0746,2604300010746,1541,7.340835554123275
26,043,0001,0750,2604300010750,3135,8.0507033814703
26,043,0001,0765,2604300010765,4819,8.480529207044645
26,043,0001,077A,260430001077A,1315,7.182352111885263
26,043,0001,0799,2604300010799,4989,8.515191188745565
26,043,0001,0801,2604300010801,29,3.4011973816621555
26,043,0001,0816,2604300010816,2184,7.68937110752969
26,043,0001,0820,2604300010820,196,5.2832037287379885
26,043,0001,0835,2604300010835,2725,7.9105906122564775
26,043,0001,084A,260430001084A,1390,7.237778191923443
26,043,0001,0854,2604300010854,3358,8.119398589612294
26,043,0001,0869,2604300010869,940,6.846943139585379
26,043,0001,0888,2604300010888,1904,7.552237287560802
26,043,0001,0892,2604300010892,3217,8.076515327552329
26,043,0001,0905,2604300010905,0,0.0
26,043,0001,091A,260430001091A,1509,7.31986492980897
26,043,0001,0924,2604300010924,1786,7.488293515159428
26,043,0001,0939,2604300010939,559,6.327936783729195
26,043,0001,0943,2604300010943,1076,6.981934677156389
26,043,0001,0958,2604300010958,1312,7.180069874302796
26,043,0001,0962,2604300010962,1578,7.364547014255642
26,043,0001,0977,2604300010977,1790,7.490529402060711
26,043,0001,0981,2604300010981,2503,7.825644732219989
26,043,0001,0996,2604300010996,537,6.2878585601617845
26,043,0001,1000,2604300011000,688,6.535241271013659
26,043,0001,1015,2604300011015,571,6.349138991379798
26,043,0001,102A,260430001102A,292,5.680172609017068
26,043,0001,1034,2604300011034,133,4.897839799950911
26,043,0001,1049,2604300011049,1077,6.982862751468942
26,043,0001,1053,2604300011053,1127,7.028201432058005
26,043,0001,1068,2604300011068,201,5.308267697401205
26,043,0001,1072,2604300011072,1386,7.234898420314831
26,043,0001,1087,2604300011087,1638,7.40184157874383
26,043,0001,1091,2604300011091,1617,7.388946097618437
26,043,0001,1104,2604300011104,1838,7.516977224604321
26,043,0001,1119,2604300011119,3898,8.268475388982598
26,043,0001,1123,2604300011123,1976,7.589335823170617
26,043,0001,1138,2604300011138,3658,8.204945165019208
26,043,0001,1142,2604300011142,1905,7.552762084214147
26,043,0001,1157,2604300011157,1881,7.540090320145325
26,043,0001,1161,2604300011161,4290,8.364275084991524
26,043,0001,1176,2604300011176,526,6.267200548541362
26,043,0001,1180,2604300011180,811,6.699500340161678
26,043,0001,1195,2604300011195,0,0.0
26,043,0001,1208,2604300011208,2745,7.917900586327916
26,043,0001,1212,2604300011212,60,4.110873864173311
26,043,0001,1227,2604300011227,807,6.694562058521095
26,043,0001,1231,2604300011231,12,2.5649493574615367
26,043,0001,1246,2604300011246,213,5.365976015021851
26,043,0001,1250,2604300011250,1109,7.01211529430638
26,043,0001,1265,2604300011265,2034,7.618251097876695
26,043,0001,127A,260430001127A,2770,7.9269635448629785
26,043,0001,1284,2604300011284,23,3.1780538303479458
26,043,0001,1299,2604300011299,11,2.4849066497880004
26,043,0001,1301,2604300011301,356,5.877735781779639
26,043,0001,1316,2604300011316,670,6.508769136971682
26,043,0001,1320,2604300011320,228,5.43372200355424
26,043,0001,1354,2604300011354,552,6.315358001522335
26,043,0001,1369,2604300011369,94,4.553876891600541
26,043,0001,1373,2604300011373,695,6.54534966033442
26,043,0001,1388,2604300011388,128,4.859812404361672
26,043,0001,1392,2604300011392,203,5.318119993844216
26,043,0001,1405,2604300011405,967,6.875232087276577
26,043,0001,141A,260430001141A,128,4.859812404361672
26,043,0001,1424,2604300011424,2760,7.923348211930154
26,043,0001,1439,2604300011439,2462,7.809135398120538
26,043,0001,1443,2604300011443,1829,7.512071245835466
26,043,0001,1458,2604300011458,1529,7.333023014386481
26,043,0001,1462,2604300011462,2306,7.7437032581737535
26,043,0001,1477,2604300011477,2663,7.88758403166028
26,043,0001,1481,2604300011481,787,6.669498089857879
26,043,0001,1496,2604300011496,1756,7.471363088187097
26,043,0001,1509,2604300011509,16,2.833213344056216
26,043,0001,1513,2604300011513,57,4.060443010546419
26,043,0001,1528,2604300011528,102,4.634728988229636
26,043,0001,1532,2604300011532,7,2.0794415416798357
26,043,0001,1547,2604300011547,10,2.3978952727983707
26,043,0001,1551,2604300011551,89,4.499809670330265
26,043,0001,1566,2604300011566,6340,8.754791763700032
26,043,0001,1570,2604300011570,284,5.652489180268651
26,043,0001,1585,2604300011585,1443,7.275172319452771
26,043,0001,159A,260430001159A,104,4.653960350157523
26,043,0001,1602,2604300011602,0,0.0
26,043,0001,1617,2604300011617,8,2.1972245773362196
26,043,0001,1621,2604300011621,1582,7.367077059881012
26,043,0001,1636,2604300011636,7,2.0794415416798357
26,043,0001,1640,2604300011640,84,4.442651256490317
26,043,0001,1655,2604300011655,545,6.302618975744905
26,043,0001,166A,260430001166A,198,5.293304824724492
26,043,0001,1674,2604300011674,964,6.872128101338986
26,043,0001,1689,2604300011689,655,6.486160788944089
26,043,0001,1693,2604300011693,7,2.0794415416798357
26,043,0001,1706,2604300011706,5559,8.623353387244627
26,043,0001,1710,2604300011710,0,0.0
26,043,0001,1725,2604300011725,0,0.0
26,043,0001,173A,260430001173A,55,4.02535169073515
26,043,0001,1744,2604300011744,193,5.267858159063328
26,043,0001,1759,2604300011759,149,5.0106352940962555
26,043,0001,1763,2604300011763,1701,7.43955930913332
26,043,0001,1778,2604300011778,2141,7.669495251007694
26,043,0001,1782,2604300011782,8037,8.991935575009146
26,043,0001,1797,2604300011797,3504,8.16194579946869
26,043,0001,180A,260430001180A,11,2.4849066497880004
26,043,0001,1829,2604300011829,497,6.210600077024653
26,043,0001,1833,2604300011833,2023,7.6128310304073565
26,043,0001,1848,2604300011848,1911,7.555905093611346
26,043,0001,1852,2604300011852,1209,7.098375638590786
26,043,0001,1867,2604300011867,81,4.406719247264253
26,043,0001,1871,2604300011871,479,6.173786103901937
26,043,0001,1886,2604300011886,249,5.521460917862246
26,043,0001,1890,2604300011890,68,4.23410650459726
26,043,0001,1903,2604300011903,25,3.258096538021482
26,043,0001,1922,2604300011922,8,2.1972245773362196
26,043,0001,1937,2604300011937,54,4.007333185232471
26,043,0001,1941,2604300011941,6,1.9459101490553132
26,043,0001,1956,2604300011956,178,5.187385805840755
26,043,0001,1960,2604300011960,3,1.3862943611198906
26,043,0001,1975,2604300011975,0,0.0
26,043,0001,198A,260430001198A,10,2.3978952727983707
26,043,0001,1994,2604300011994,210,5.351858133476067
26,043,0001,2009,2604300012009,0,0.0
26,043,0001,2013,2604300012013,10,2.3978952727983707
26,043,0001,2028,2604300012028,2353,7.763871287820222
26,043,0001,2032,2604300012032,170,5.14166355650266
26,043,0001,2047,2604300012047,11,2.4849066497880004
26,043,0001,2051,2604300012051,133,4.897839799950911
26,043,0001,2066,2604300012066,0,0.0
26,043,0001,2070,2604300012070,2111,7.655390644826152
26,043,0001,2085,2604300012085,5522,8.616676469901188
26,043,0001,209A,260430001209A,0,0.0
26,043,0001,2102,2604300012102,2,1.0986122886681098
26,043,0001,2117,2604300012117,30,3.4339872044851463
26,043,0001,2121,2604300012121,248,5.517452896464707
26,043,0001,2136,2604300012136,58,4.07753744390572
26,043,0001,2140,2604300012140,131,4.882801922586371
26,043,0001,2155,2604300012155,280,5.638354669333745
26,043,0001,216A,260430001216A,0,0.0
26,043,0001,2174,2604300012174,0,0.0
26,043,0001,2189,2604300012189,0,0.0
26,043,0001,2193,2604300012193,0,0.0
26,043,0001,2206,2604300012206,58,4.07753744390572
26,043,0001,2210,2604300012210,122,4.812184355372417
26,043,0001,2225,2604300012225,629,6.4457198193855785
26,043,0001,223A,260430001223A,6,1.9459101490553132
26,043,0001,2244,2604300012244,114,4.74493212836325
26,043,0001,2259,2604300012259,0,0.0
26,043,0001,2263,2604300012263,30,3.4339872044851463
26,043,0001,2278,2604300012278,2077,7.639161171659173
26,043,0001,2282,2604300012282,18,2.9444389791664403
26,043,0001,2297,2604300012297,24,3.2188758248682006
26,043,0001,230A,260430001230A,7,2.0794415416798357
26,043,0001,2314,2604300012314,27,3.332204510175204
26,043,0001,2329,2604300012329,3,1.3862943611198906
26,043,0001,2333,2604300012333,0,0.0
26,043,0001,2348,2604300012348,0,0.0
26,043,0488,2352,2604304882352,1932,7.566828479208331
26,043,0488,2367,2604304882367,1064,6.970730078143525
26,044,0001,0086,2604400010086,361,5.8916442118257715
26,044,0001,0141,2604400010141,0,0.0
26,045,0001,0261,2604500010261,118,4.77912349311153
26,045,0001,0276,2604500010276,209,5.3471075307174685
26,045,0001,0469,2604500010469,17,2.8903717578961645
26,045,0001,0473,2604500010473,0,0.0
26,046,0001,0127,2604600010127,401,5.996452088619021
26,046,0001,0199,2604600010199,10,2.3978952727983707
26,047,0001,1103,2604700011103,2102,7.6511201757027
26,047,0001,1118,2604700011118,1632,7.398174092970465
26,047,0001,1122,2604700011122,502,6.220590170099739
26,047,0001,1809,2604700011809,694,6.543911845564792
26,047,0001,1832,2604700011832,355,5.87493073085203
26,047,0001,1847,2604700011847,0,0.0
26,047,0001,1851,2604700011851,7,2.0794415416798357
26,047,0001,1866,2604700011866,0,0.0
26,047,0001,1870,2604700011870,16,2.833213344056216
26,047,0001,1885,2604700011885,47,3.871201010907891
26,047,0001,189A,260470001189A,6,1.9459101490553132
26,047,0001,196A,260470001196A,6,1.9459101490553132
26,047,0001,1974,2604700011974,9,2.302585092994046
26,047,0001,1989,2604700011989,3,1.3862943611198906
26,047,0001,1993,2604700011993,5,1.791759469228055
26,047,0001,2008,2604700012008,0,0.0
26,047,0001,2012,2604700012012,1,0.6931471805599453
26,047,0001,2027,2604700012027,15,2.772588722239781
26,047,0001,2031,2604700012031,0,0.0
26,047,0001,2046,2604700012046,10,2.3978952727983707
26,047,0001,2065,2604700012065,0,0.0
26,047,0001,207A,260470001207A,0,0.0
26,047,0065,1917,2604700651917,1004,6.912742820493176
26,047,0065,1921,2604700651921,683,6.52795791762255
26,047,0065,1936,2604700651936,1095,6.999422467507961
26,047,0065,1940,2604700651940,0,0.0
26,047,0065,1955,2604700651955,0,0.0
26,047,0065,2050,2604700652050,0,0.0
26,048,0001,1100,2604800011100,1626,7.394493107219038
26,048,0001,1115,2604800011115,941,6.848005274576363
26,048,0001,1153,2604800011153,969,6.877296071497429
26,048,0001,1191,2604800011191,488,6.192362489474872
26,048,0001,1204,2604800011204,396,5.983936280687191
26,048,0001,1219,2604800011219,363,5.8971538676367405
26,048,0001,1238,2604800011238,1440,7.273092595999522
26,048,0001,1257,2604800011257,1131,7.0317412587631285
26,048,0001,1261,2604800011261,1029,6.937314081223682
26,048,0001,1276,2604800011276,1031,6.939253946041508
26,048,0001,1365,2604800011365,1423,7.261225091971921
26,048,0001,1399,2604800011399,1247,7.129297548929373
26,048,0001,2147,2604800012147,67,4.219507705176107
26,048,0001,2151,2604800012151,1100,7.00397413672268
26,048,0001,2170,2604800012170,756,6.6293632534374485
26,048,0001,2185,2604800012185,721,6.582025138892826
26,048,0001,219A,260480001219A,932,6.838405200847344
26,048,0001,2202,2604800012202,916,6.821107472256465
26,048,0001,2217,2604800012217,859,6.756932389247553
26,048,0001,2221,2604800012221,800,6.68586094706836
26,048,0001,2236,2604800012236,929,6.835184586147301
26,048,0001,2240,2604800012240,896,6.799055862058796
26,048,0001,2255,2604800012255,1011,6.919683849847411
26,048,0001,226A,260480001226A,802,6.688354713946762
26,048,0001,2274,2604800012274,867,6.7661917146603505
26,048,0001,2289,2604800012289,662,6.4967749901858625
26,048,0001,2293,2604800012293,1114,7.016609683894219
26,048,0001,2306,2604800012306,780,6.660575149839686
26,048,0001,2310,2604800012310,1353,7.21081845347222
26,048,0001,2325,2604800012325,11,2.4849066497880004
26,048,0001,233A,260480001233A,212,5.3612921657094255
26,048,0001,2363,2604800012363,1482,7.301822342137932
26,048,0001,2378,2604800012378,223,5.4116460518550396
26,048,0001,2382,2604800012382,190,5.25227342804663
26,048,0001,2397,2604800012397,82,4.418840607796598
26,048,0001,240A,260480001240A,41,3.7376696182833684
26,048,0001,2414,2604800012414,82,4.418840607796598
26,048,0001,2429,2604800012429,19,2.995732273553991
26,048,0001,2433,2604800012433,169,5.135798437050262
26,048,0001,2452,2604800012452,800,6.68586094706836
26,048,0001,2467,2604800012467,1717,7.4489161025442
26,048,0001,2471,2604800012471,907,6.811244378601294
26,048,0001,2486,2604800012486,1216,7.104144092987527
26,048,0001,2490,2604800012490,1075,6.98100574072173
26,048,0001,2503,2604800012503,1742,7.463363045520021
26,048,0001,2518,2604800012518,290,5.673323267171493
26,048,0001,2522,2604800012522,148,5.003946305945459
26,048,0001,2537,2604800012537,264,5.579729825986222
26,048,0001,2556,2604800012556,16,2.833213344056216
26,048,0001,2560,2604800012560,8,2.1972245773362196
26,048,0001,258A,260480001258A,496,6.208590026096629
26,048,0001,2594,2604800012594,26,3.295836866004329
26,048,0001,2607,2604800012607,192,5.262690188904886
26,048,0001,2611,2604800012611,1123,7.024649030453636
26,048,0001,2626,2604800012626,1115,7.017506142941256
26,048,0001,2630,2604800012630,0,0.0
26,048,0001,2679,2604800012679,144,4.976733742420574
26,048,0001,2683,2604800012683,0,0.0
26,048,0001,2698,2604800012698,1635,7.400009517162692
26,048,0001,2700,2604800012700,182,5.209486152841421
26,048,0001,2715,2604800012715,849,6.745236349484363
26,048,0001,272A,260480001272A,390,5.968707559985366
26,048,0001,2734,2604800012734,929,6.835184586147301
26,048,0001,2749,2604800012749,703,6.556778356158042
26,048,0001,2753,2604800012753,532,6.278521424165844
26,048,0001,2768,2604800012768,622,6.434546518787453
26,048,0001,2772,2604800012772,615,6.423246963533519
26,048,0001,2787,2604800012787,854,6.75110146893676
26,048,0001,2791,2604800012791,0,0.0
26,048,0001,2804,2604800012804,195,5.278114659230517
26,048,0001,2819,2604800012819,19,2.995732273553991
26,048,0001,2838,2604800012838,2,1.0986122886681098
26,048,0001,2842,2604800012842,213,5.365976015021851
26,048,0001,2857,2604800012857,776,6.655440350367647
26,048,0001,2861,2604800012861,595,6.39024066706535
26,048,0001,2876,2604800012876,0,0.0
26,048,0001,2880,2604800012880,0,0.0
26,048,0001,2895,2604800012895,49,3.912023005428146
26,048,0001,2912,2604800012912,252,5.53338948872752
26,048,0001,2927,2604800012927,3,1.3862943611198906
26,048,0001,2931,2604800012931,44,3.8066624897703196
26,048,0001,3003,2604800013003,19,2.995732273553991
26,048,0001,3018,2604800013018,0,0.0
26,048,0001,3022,2604800013022,676,6.517671272912275
26,048,0001,3037,2604800013037,77,4.356708826689592
26,048,0001,3041,2604800013041,11,2.4849066497880004
26,048,0001,3056,2604800013056,55,4.02535169073515
26,048,0001,3060,2604800013060,0,0.0
26,048,0001,3075,2604800013075,518,6.251903883165888
26,048,0001,308A,260480001308A,515,6.246106765481563
26,048,0001,3094,2604800013094,89,4.499809670330265
26,048,0001,3107,2604800013107,0,0.0
26,048,0001,3111,2604800013111,117,4.770684624465665
26,048,0001,3145,2604800013145,115,4.7535901911063645
26,048,0001,315A,260480001315A,4,1.6094379124341003
26,048,0001,3164,2604800013164,23,3.1780538303479458
26,048,0001,3179,2604800013179,243,5.497168225293202
26,048,0001,3183,2604800013183,169,5.135798437050262
26,048,0001,3198,2604800013198,370,5.916202062607435
26,048,0001,3200,2604800013200,677,6.519147287940395
26,048,0001,3215,2604800013215,751,6.62273632394984
26,048,0001,322A,260480001322A,458,6.129050210060545
26,048,0001,3234,2604800013234,14,2.70805020110221
26,048,0001,3249,2604800013249,670,6.508769136971682
26,048,0001,3253,2604800013253,645,6.470799503782602
26,048,0001,3268,2604800013268,54,4.007333185232471
26,048,0001,3272,2604800013272,45,3.828641396489095
26,048,0001,3287,2604800013287,98,4.59511985013459
26,048,0001,3291,2604800013291,0,0.0
26,048,0001,3304,2604800013304,224,5.41610040220442
26,048,0001,3319,2604800013319,107,4.68213122712422
26,048,0001,3323,2604800013323,0,0.0
26,048,0001,3338,2604800013338,12,2.5649493574615367
26,048,0001,3342,2604800013342,1,0.6931471805599453
26,048,0001,3357,2604800013357,53,3.9889840465642745
26,048,0001,3361,2604800013361,0,0.0
26,048,0001,3376,2604800013376,30,3.4339872044851463
26,048,0001,3380,2604800013380,18,2.9444389791664403
26,049,0001,035A,260490001035A,1001,6.90975328164481
26,049,0001,0699,2604900010699,44,3.8066624897703196
26,049,0001,0720,2604900010720,0,0.0
26,049,0001,0735,2604900010735,19,2.995732273553991
26,050,0001,012A,260500001012A,210,5.351858133476067
26,050,0001,0134,2605000010134,402,5.998936561946683
26,050,0001,0149,2605000010149,540,6.293419278846481
26,050,0001,0242,2605000010242,198,5.293304824724492
26,050,0001,0257,2605000010257,12,2.5649493574615367
26,050,0001,0261,2605000010261,2,1.0986122886681098
26,050,0001,0276,2605000010276,14,2.70805020110221
26,050,0001,0280,2605000010280,0,0.0
26,050,0001,0295,2605000010295,4,1.6094379124341003
26,051,0001,0292,2605100010292,869,6.76849321164863
26,051,0001,0362,2605100010362,1162,7.0587581525186645
26,051,0001,0377,2605100010377,734,6.5998704992128365
26,051,0001,0678,2605100010678,4,1.6094379124341003
26,051,0001,0682,2605100010682,0,0.0
26,051,0001,0697,2605100010697,18,2.9444389791664403
26,051,0001,070A,260510001070A,21,3.091042453358316
26,051,0001,0714,2605100010714,7,2.0794415416798357
26,052,0001,0529,2605200010529,904,6.807934943699926
26,052,0001,0533,2605200010533,940,6.846943139585379
26,052,0001,1029,2605200011029,643,6.467698726104354
26,052,0001,1033,2605200011033,732,6.597145701886651
26,052,0001,1048,2605200011048,625,6.439350371100098
26,052,0001,1067,2605200011067,5,1.791759469228055
26,052,0001,1071,2605200011071,71,4.276666119016055
26,052,0001,1086,2605200011086,67,4.219507705176107
26,052,0001,1090,2605200011090,3,1.3862943611198906
26,052,0001,1103,2605200011103,51,3.9512437185814275
26,052,0001,1118,2605200011118,0,0.0
26,052,0001,1122,2605200011122,0,0.0
26,052,0001,1137,2605200011137,0,0.0
26,053,0001,0032,2605300010032,358,5.883322388488279
26,053,0001,0051,2605300010051,34,3.5553480614894135
26,054,0001,0078,2605400010078,457,6.126869184114185
26,055,0001,0249,2605500010249,463,6.139884552226255
26,055,0001,0253,2605500010253,1143,7.042286171939743
26,055,0001,0268,2605500010268,749,6.620073206530356
26,055,0001,0272,2605500010272,863,6.761572768804055
26,055,0001,0287,2605500010287,1226,7.112327444710911
26,055,0001,0291,2605500010291,834,6.727431724850855
26,055,0001,0304,2605500010304,1070,6.976348070447749
26,055,0001,0323,2605500010323,609,6.413458957167357
26,055,0001,0338,2605500010338,971,6.879355804460439
26,055,0001,0342,2605500010342,1023,6.931471805599453
26,055,0001,0357,2605500010357,969,6.877296071497429
26,055,0001,0361,2605500010361,2335,7.756195343948118
26,055,0001,0376,2605500010376,1296,7.167809184316444
26,055,0001,0380,2605500010380,1351,7.20934025660291
26,055,0001,0412,2605500010412,956,6.863803391452954
26,055,0001,0427,2605500010427,1215,7.103322062526113
26,055,0001,0431,2605500010431,1245,7.1276936993473985
26,055,0001,0446,2605500010446,1257,7.1372784372603855
26,055,0001,0450,2605500010450,1363,7.218176838403408
26,055,0001,0465,2605500010465,1988,7.5953872788539725
26,055,0001,047A,260550001047A,1029,6.937314081223682
26,055,0001,0484,2605500010484,978,6.88653164253051
26,055,0001,0499,2605500010499,1174,7.069023426578259
26,055,0001,0501,2605500010501,1471,7.294377299288821
26,055,0001,0516,2605500010516,1364,7.21890970761906
26,055,0001,0520,2605500010520,1220,7.107425474110705
26,055,0001,0535,2605500010535,1174,7.069023426578259
26,055,0001,054A,260550001054A,1075,6.98100574072173
26,055,0001,0554,2605500010554,1328,7.192182058713246
26,055,0001,0573,2605500010573,786,6.668228248417403
26,055,0001,0588,2605500010588,791,6.674561391814426
26,055,0001,0592,2605500010592,1194,7.085901464365611
26,055,0001,0605,2605500010605,1222,7.109062135687172
26,055,0001,061A,260550001061A,1472,7.29505641646263
26,055,0001,0624,2605500010624,1143,7.042286171939743
26,055,0001,0639,2605500010639,1382,7.232010331664759
26,055,0001,0643,2605500010643,1471,7.294377299288821
26,055,0001,0681,2605500010681,998,6.906754778648554
26,055,0001,0696,2605500010696,1337,7.198931240688173
26,055,0001,0709,2605500010709,874,6.774223886357614
26,055,0001,0713,2605500010713,1358,7.214504414151143
26,055,0001,0728,2605500010728,1560,7.353081920515432
26,055,0001,0732,2605500010732,1562,7.354362330421477
26,055,0001,0747,2605500010747,1442,7.274479558773871
26,055,0001,0751,2605500010751,2365,7.768956044538332
26,055,0001,0785,2605500010785,196,5.2832037287379885
26,055,0001,079A,260550001079A,1036,6.9440872082295275
26,055,0001,0817,2605500010817,1706,7.442492722794441
26,055,0001,0821,2605500010821,1240,7.123672785204607
26,055,0001,0836,2605500010836,1410,7.252053951852814
26,055,0001,0893,2605500010893,1085,6.990256500493881
26,055,0001,0906,2605500010906,1088,6.9930151229329605
26,055,0001,0910,2605500010910,340,5.831882477283517
26,055,0001,0997,2605500010997,585,6.373319789577012
26,055,0001,1001,2605500011001,1203,7.093404625868766
26,055,0001,1139,2605500011139,1407,7.249925536717988
26,055,0001,1143,2605500011143,1281,7.156176637480615
26,055,0001,1158,2605500011158,1209,7.098375638590786
26,055,0001,1162,2605500011162,1176,7.0707241072602764
26,055,0001,1177,2605500011177,1418,7.257707677160043
26,055,0001,1181,2605500011181,1759,7.473069088032197
26,055,0001,1196,2605500011196,1074,6.980075940561763
26,055,0001,1209,2605500011209,966,6.874198495453294
26,055,0001,1213,2605500011213,739,6.606650186198215
26,055,0001,1228,2605500011228,1443,7.275172319452771
26,055,0001,1232,2605500011232,1033,6.9411900550683745
26,055,0001,1247,2605500011247,1105,7.00850518208228
26,055,0001,1548,2605500011548,1375,7.226936018493289
26,055,0001,1603,2605500011603,1434,7.268920128193722
26,055,0001,1618,2605500011618,1250,7.1316985104669115
26,055,0001,1622,2605500011622,1007,6.915723448631314
26,055,0001,1637,2605500011637,1336,7.198183577101943
26,055,0001,1641,2605500011641,1037,6.945051063725834
26,055,0001,1656,2605500011656,1073,6.97914527506881
26,055,0001,1660,2605500011660,980,6.8885724595653635
26,055,0001,1675,2605500011675,1098,7.002155954403621
26,055,0001,168A,260550001168A,1058,6.9650803456014065
26,055,0001,1694,2605500011694,1063,6.96979066990159
26,055,0001,1707,2605500011707,947,6.854354502255021
26,055,0001,1711,2605500011711,888,6.790097235513905
26,055,0001,1726,2605500011726,23,3.1780538303479458
26,055,0001,1730,2605500011730,370,5.916202062607435
26,055,0001,1745,2605500011745,1387,7.23561914106675
26,055,0001,175A,260550001175A,1152,7.050122520269059
26,055,0001,1764,2605500011764,1772,7.480428306074208
26,055,0001,1779,2605500011779,1093,6.9975959829819265
26,055,0001,1783,2605500011783,1200,7.0909098220799835
26,055,0001,1798,2605500011798,1150,7.048386408721883
26,055,0001,1800,2605500011800,1166,7.062191632286556
26,055,0001,1815,2605500011815,1244,7.126890808898808
26,055,0001,182A,260550001182A,891,6.79346613258001
26,055,0001,1834,2605500011834,830,6.7226297948554485
26,055,0001,1849,2605500011849,1056,6.963189985870238
26,055,0001,1853,2605500011853,1584,7.368339686311381
26,055,0001,1868,2605500011868,1135,7.035268599281097
26,055,0001,1872,2605500011872,1033,6.9411900550683745
26,055,0001,1887,2605500011887,995,6.903747257584598
26,055,0001,1891,2605500011891,851,6.747586526829315
26,055,0001,1904,2605500011904,916,6.821107472256465
26,055,0001,1919,2605500011919,928,6.834108738813838
26,055,0001,1923,2605500011923,923,6.828712071641684
26,055,0001,1938,2605500011938,929,6.835184586147301
26,055,0001,1942,2605500011942,597,6.393590753950631
26,055,0001,1957,2605500011957,1268,7.1459844677143876
26,055,0001,1961,2605500011961,707,6.56244409369372
26,055,0001,1976,2605500011976,951,6.858565034791365
26,055,0001,1980,2605500011980,633,6.452048954437226
26,055,0001,1995,2605500011995,672,6.511745329644728
26,055,0001,200A,260550001200A,470,6.154858094016418
26,055,0001,2014,2605500012014,18,2.9444389791664403
26,055,0001,2029,2605500012029,86,4.465908118654584
26,055,0001,2033,2605500012033,2493,7.821643126239982
26,055,0001,2048,2605500012048,67,4.219507705176107
26,055,0001,2052,2605500012052,786,6.668228248417403
26,055,0001,2067,2605500012067,1055,6.962243464266207
26,055,0001,2071,2605500012071,856,6.75343791859778
26,055,0001,2086,2605500012086,389,5.966146739123692
26,055,0001,2090,2605500012090,1515,7.323830566202317
26,055,0001,2103,2605500012103,1469,7.293017679772782
26,055,0001,2118,2605500012118,480,6.175867270105761
26,055,0001,2122,2605500012122,246,5.5093883366279774
26,055,0001,2137,2605500012137,103,4.6443908991413725
26,055,0001,2141,2605500012141,295,5.69035945432406
26,055,0001,2156,2605500012156,29,3.4011973816621555
26,055,0001,2160,2605500012160,857,6.754604099487962
26,055,0001,2175,2605500012175,496,6.208590026096629
26,055,0001,218A,260550001218A,2,1.0986122886681098
26,055,0001,2194,2605500012194,7,2.0794415416798357
26,055,0001,2207,2605500012207,70,4.2626798770413155
26,055,0001,2226,2605500012226,0,0.0
26,055,0001,225A,260550001225A,646,6.472346294500901
26,055,0001,2264,2605500012264,0,0.0
26,055,0001,2279,2605500012279,378,5.937536205082426
26,055,0001,2283,2605500012283,439,6.0867747269123065
26,055,0001,2298,2605500012298,14,2.70805020110221
26,055,0001,2300,2605500012300,115,4.7535901911063645
26,055,0001,2315,2605500012315,22,3.1354942159291497
26,055,0001,232A,260550001232A,122,4.812184355372417
26,055,0001,2334,2605500012334,15,2.772588722239781
26,055,0001,2353,2605500012353,0,0.0
26,055,0001,2368,2605500012368,56,4.04305126783455
26,055,0001,2372,2605500012372,11,2.4849066497880004
26,055,0001,2391,2605500012391,1,0.6931471805599453
26,055,0001,2404,2605500012404,691,6.539585955617669
26,055,0001,2419,2605500012419,459,6.131226489483141
26,055,0001,2423,2605500012423,674,6.51471269087253
26,055,0001,2508,2605500012508,0,0.0
26,055,0001,2512,2605500012512,139,4.941642422609304
26,055,0001,2527,2605500012527,706,6.561030665896573
26,055,0001,2531,2605500012531,2350,7.762596048540069
26,055,0001,2546,2605500012546,971,6.879355804460439
26,055,0001,2550,2605500012550,768,6.645090969505644
26,055,0001,2565,2605500012565,66,4.204692619390966
26,055,0001,257A,260550001257A,1574,7.362010551259734
26,055,0001,2584,2605500012584,653,6.483107351457199
26,055,0001,2599,2605500012599,60,4.110873864173311
26,055,0001,2601,2605500012601,271,5.605802066295998
26,055,0001,2616,2605500012616,573,6.352629396319567
26,055,0001,2620,2605500012620,515,6.246106765481563
26,055,0001,2635,2605500012635,752,6.6240652277998935
26,055,0001,264A,260550001264A,677,6.519147287940395
26,055,0001,2654,2605500012654,29,3.4011973816621555
26,055,0001,2669,2605500012669,10,2.3978952727983707
26,055,0001,2673,2605500012673,0,0.0
26,055,0001,2688,2605500012688,0,0.0
26,055,0001,2692,2605500012692,0,0.0
26,055,0001,271A,260550001271A,0,0.0
26,055,0001,2724,2605500012724,44,3.8066624897703196
26,055,0001,2739,2605500012739,39,3.6888794541139363
26,055,0001,2758,2605500012758,3155,8.057060681965766
26,055,0001,2847,2605500012847,439,6.0867747269123065
26,055,0001,2885,2605500012885,6,1.9459101490553132
26,055,0001,289A,260550001289A,491,6.198478716492308
26,055,0001,2902,2605500012902,300,5.707110264748875
26,055,0001,2917,2605500012917,159,5.075173815233827
26,055,0001,2921,2605500012921,35,3.58351893845611
26,055,0001,2936,2605500012936,1883,7.5411524551363085
26,055,0001,2940,2605500012940,3,1.3862943611198906
26,055,0001,2955,2605500012955,357,5.8805329864007
26,055,0001,296A,260550001296A,289,5.66988092298052
26,055,0001,2974,2605500012974,3,1.3862943611198906
26,055,0001,2989,2605500012989,0,0.0
26,055,0001,2993,2605500012993,0,0.0
26,055,0001,3099,2605500013099,0,0.0
26,055,0001,3101,2605500013101,0,0.0
26,055,0001,3116,2605500013116,949,6.856461984594587
26,055,0001,3120,2605500013120,226,5.424950017481403
26,055,0001,3135,2605500013135,1050,6.957497370876951
26,055,0001,314A,260550001314A,31,3.4657359027997265
26,055,0001,3154,2605500013154,23,3.1780538303479458
26,055,0001,3169,2605500013169,111,4.718498871295094
26,055,0001,3173,2605500013173,172,5.153291594497779
26,055,0001,3188,2605500013188,4,1.6094379124341003
26,055,0001,3192,2605500013192,2,1.0986122886681098
26,055,0001,3281,2605500013281,1027,6.93537044601511
26,055,0001,3296,2605500013296,0,0.0
26,055,0001,3309,2605500013309,310,5.739792912179234
26,055,0001,3313,2605500013313,16,2.833213344056216
26,055,0001,3328,2605500013328,0,0.0
26,055,0001,3332,2605500013332,12,2.5649493574615367
26,055,0001,3347,2605500013347,21,3.091042453358316
26,055,0001,3351,2605500013351,7,2.0794415416798357
26,055,0001,3366,2605500013366,1,0.6931471805599453
26,055,0001,3370,2605500013370,0,0.0
26,055,0001,3385,2605500013385,0,0.0
26,055,0001,339A,260550001339A,0,0.0
26,055,0001,3402,2605500013402,0,0.0
26,055,0001,3417,2605500013417,0,0.0
26,055,0001,3421,2605500013421,0,0.0
26,055,0001,3436,2605500013436,0,0.0
26,055,0001,3455,2605500013455,0,0.0
26,055,0001,346A,260550001346A,3,1.3862943611198906
26,055,0001,3474,2605500013474,75,4.330733340286331
26,055,0001,3489,2605500013489,9,2.302585092994046
26,055,0001,3493,2605500013493,9,2.302585092994046
26,055,0001,3506,2605500013506,0,0.0
26,055,0001,3614,2605500013614,71,4.276666119016055
26,055,0001,3629,2605500013629,2,1.0986122886681098
26,055,0001,3633,2605500013633,12,2.5649493574615367
26,055,0011,2461,2605500112461,882,6.78332520060396
26,055,0011,2476,2605500112476,886,6.787844982309579
26,055,0011,2480,2605500112480,716,6.57507584059962
26,055,0011,2495,2605500112495,650,6.478509642208569
26,055,0011,2762,2605500112762,17,2.8903717578961645
26,055,0011,2777,2605500112777,0,0.0
26,055,0011,2781,2605500112781,58,4.07753744390572
26,055,0011,2796,2605500112796,189,5.247024072160486
26,055,0011,2809,2605500112809,7,2.0794415416798357
26,055,0011,2813,2605500112813,64,4.174387269895637
26,055,0011,2832,2605500112832,47,3.871201010907891
26,055,0011,2851,2605500112851,17,2.8903717578961645
26,055,0011,2866,2605500112866,4,1.6094379124341003
26,055,0011,2870,2605500112870,24,3.2188758248682006
26,055,0011,3008,2605500113008,0,0.0
26,055,0011,3012,2605500113012,38,3.6635616461296463
26,055,0011,3027,2605500113027,4,1.6094379124341003
26,055,0011,3031,2605500113031,3,1.3862943611198906
26,055,0011,3046,2605500113046,0,0.0
26,055,0011,3050,2605500113050,0,0.0
26,055,0011,3224,2605500113224,21,3.091042453358316
26,055,0011,3239,2605500113239,0,0.0
26,055,0011,3243,2605500113243,86,4.465908118654584
26,055,0011,3258,2605500113258,57,4.060443010546419
26,055,0011,3262,2605500113262,11,2.4849066497880004
26,055,0011,3277,2605500113277,10,2.3978952727983707
26,055,0011,3510,2605500113510,119,4.787491742782046
26,055,0011,3525,2605500113525,0,0.0
26,055,0011,353A,260550011353A,11,2.4849066497880004
26,055,0011,3544,2605500113544,0,0.0
26,055,0011,3559,2605500113559,0,0.0
26,055,0011,3563,2605500113563,11,2.4849066497880004
26,055,0011,3578,2605500113578,29,3.4011973816621555
26,055,0011,3582,2605500113582,0,0.0
26,055,0011,3597,2605500113597,1,0.6931471805599453
26,055,0011,360A,260550011360A,5,1.791759469228055
26,055,0017,150A,260550017150A,828,6.720220155135295
26,055,0017,1514,2605500171514,796,6.680854678790215
26,055,0017,1529,2605500171529,756,6.6293632534374485
26,055,0017,1586,2605500171586,1136,7.036148493750536
26,055,0017,1590,2605500171590,1738,7.461065514354283
26,055,0017,2211,2605500172211,272,5.60947179518496
26,055,0017,2349,2605500172349,0,0.0
26,055,0017,2828,2605500172828,0,0.0
26,055,0017,3205,2605500173205,25,3.258096538021482
26,055,0017,321A,260550017321A,9,2.302585092994046
26,055,0017,3440,2605500173440,0,0.0
26,056,0001,0138,2605600010138,476,6.1675164908883415
26,056,0027,0231,2605600270231,1152,7.050122520269059
26,056,0027,0246,2605600270246,1010,6.918695219020472
26,056,0027,0250,2605600270250,1951,7.5766097669730375
26,056,0027,0265,2605600270265,12,2.5649493574615367
26,056,0027,027A,260560027027A,233,5.455321115357702
26,056,0027,0284,2605600270284,897,6.8001700683022
26,056,0027,0299,2605600270299,41,3.7376696182833684
26,056,0027,0301,2605600270301,109,4.700480365792417
26,056,0027,0316,2605600270316,38,3.6635616461296463
26,056,0027,0320,2605600270320,130,4.875197323201151
26,056,0027,0335,2605600270335,52,3.970291913552122
26,056,0027,034A,260560027034A,5,1.791759469228055
26,056,0027,0354,2605600270354,0,0.0
26,056,0027,0369,2605600270369,45,3.828641396489095
26,056,0027,0373,2605600270373,24,3.2188758248682006
26,057,0001,0262,2605700010262,339,5.8289456176102075
26,057,0001,0277,2605700010277,627,6.4425401664681985
26,057,0001,0421,2605700010421,45,3.828641396489095
26,057,0001,0436,2605700010436,2,1.0986122886681098
26,057,0001,0440,2605700010440,15,2.772588722239781
26,057,0001,0455,2605700010455,12,2.5649493574615367
26,057,0001,046A,260570001046A,0,0.0
26,057,0001,0474,2605700010474,4,1.6094379124341003
26,057,0001,0489,2605700010489,7,2.0794415416798357
26,057,0001,0493,2605700010493,5,1.791759469228055
26,057,0001,0506,2605700010506,0,0.0
26,057,0001,0510,2605700010510,0,0.0
26,058,0001,0185,2605800010185,1439,7.272398392570047
26,058,0001,019A,260580001019A,1714,7.44716835960004
26,058,0001,0202,2605800010202,2646,7.881182202227102
26,058,0001,0221,2605800010221,1313,7.1808311990445555
26,058,0001,0359,2605800010359,1770,7.479299637782834
26,058,0001,0363,2605800010363,857,6.754604099487962
26,058,0001,0378,2605800010378,1556,7.350516171833998
26,058,0001,0382,2605800010382,118,4.77912349311153
26,058,0001,0397,2605800010397,10,2.3978952727983707
26,058,0001,040A,260580001040A,2,1.0986122886681098
26,058,0001,0414,2605800010414,2,1.0986122886681098
26,058,0001,0429,2605800010429,395,5.981414211254481
26,058,0001,0433,2605800010433,19,2.995732273553991
26,058,0001,0448,2605800010448,23,3.1780538303479458
26,059,0001,0144,2605900010144,490,6.19644412779452
26,059,0001,0159,2605900010159,370,5.916202062607435
26,059,0001,0229,2605900010229,9,2.302585092994046
26,059,0001,0233,2605900010233,73,4.30406509320417
26,059,0001,0248,2605900010248,41,3.7376696182833684
26,059,0001,0252,2605900010252,23,3.1780538303479458
26,059,0001,0267,2605900010267,0,0.0
26,059,0001,0271,2605900010271,4,1.6094379124341003
26,059,0001,0286,2605900010286,0,0.0
26,059,0001,0290,2605900010290,0,0.0
26,059,0001,0303,2605900010303,15,2.772588722239781
26,059,0001,0318,2605900010318,13,2.6390573296152584
26,060,0001,015A,260600001015A,892,6.794586580876499
26,061,0001,0157,2606100010157,130,4.875197323201151
26,062,0001,0192,2606200010192,498,6.212606095751519
26,062,0001,0205,2606200010205,525,6.26530121273771
26,062,0001,021A,260620001021A,7,2.0794415416798357
26,062,0001,0224,2606200010224,21,3.091042453358316
26,062,0001,0243,2606200010243,18,2.9444389791664403
26,062,0001,0258,2606200010258,7,2.0794415416798357
26,062,0001,0262,2606200010262,0,0.0
26,063,0001,0128,2606300010128,588,6.3784261836515865
26,063,0001,0132,2606300010132,677,6.519147287940395
26,063,0001,0221,2606300010221,11,2.4849066497880004
26,063,0001,0236,2606300010236,5,1.791759469228055
26,063,0001,0240,2606300010240,12,2.5649493574615367
26,063,0001,0255,2606300010255,3,1.3862943611198906
26,063,0001,026A,260630001026A,0,0.0
26,063,0001,0274,2606300010274,0,0.0
26,063,0001,0289,2606300010289,0,0.0
26,063,0001,0293,2606300010293,9,2.302585092994046
26,064,0001,0303,2606400010303,500,6.2166061010848646
26,064,0001,0318,2606400010318,618,6.428105272684596
26,064,0001,0534,2606400010534,11,2.4849066497880004
26,064,0001,0549,2606400010549,11,2.4849066497880004
26,064,0001,0553,2606400010553,4,1.6094379124341003
26,064,0001,0568,2606400010568,22,3.1354942159291497
26,064,0001,0572,2606400010572,0,0.0
26,065,0001,018A,260650001018A,348,5.855071922202427
26,066,0001,037A,260660001037A,1028,6.9363427358340495
26,066,0001,0384,2606600010384,1079,6.984716320118266
26,066,0001,0399,2606600010399,1539,7.3395376954076745
26,066,0001,0596,2606600010596,2,1.0986122886681098
26,066,0001,0609,2606600010609,238,5.476463551931511
26,066,0001,0613,2606600010613,8,2.1972245773362196
26,067,0001,0150,2606700010150,646,6.472346294500901
26,067,0001,0165,2606700010165,715,6.573680166960646
26,067,0001,0292,2606700010292,5,1.791759469228055
26,067,0001,0305,2606700010305,6,1.9459101490553132
26,067,0001,031A,260670001031A,0,0.0
26,068,0001,0139,2606800010139,597,6.393590753950631
26,068,0001,0213,2606800010213,0,0.0
26,068,0001,0228,2606800010228,8,2.1972245773362196
26,068,0001,0232,2606800010232,6,1.9459101490553132
26,068,0001,0247,2606800010247,0,0.0
26,068,0001,0251,2606800010251,4,1.6094379124341003
26,068,0001,0266,2606800010266,0,0.0
26,068,0001,0270,2606800010270,14,2.70805020110221
26,069,0001,0441,2606900010441,383,5.950642552587727
26,069,0001,0456,2606900010456,943,6.8501261661455
26,069,0001,0460,2606900010460,827,6.71901315438526
26,069,0001,048A,260690001048A,7,2.0794415416798357
26,069,0001,0494,2606900010494,720,6.580639137284949
26,069,0001,0507,2606900010507,0,0.0
26,069,0001,0511,2606900010511,9,2.302585092994046
26,069,0001,0526,2606900010526,31,3.4657359027997265
26,070,0001,0086,2607000010086,2240,7.714677473800927
26,070,0001,0090,2607000010090,1545,7.343426229147367
26,070,0001,0103,2607000010103,1641,7.403670290012373
26,070,0001,0122,2607000010122,516,6.248042874508429
26,070,0001,0353,2607000010353,812,6.70073110954781
26,070,0001,0368,2607000010368,1340,7.201170883281678
26,070,0001,0372,2607000010372,851,6.747586526829315
26,070,0001,0387,2607000010387,749,6.620073206530356
26,070,0001,0391,2607000010391,1464,7.289610521451167
26,070,0001,0419,2607000010419,417,6.035481432524756
26,070,0001,0423,2607000010423,284,5.652489180268651
26,070,0001,0438,2607000010438,121,4.804021044733257
26,070,0001,0442,2607000010442,117,4.770684624465665
26,070,0001,0457,2607000010457,21,3.091042453358316
26,070,0001,0461,2607000010461,44,3.8066624897703196
26,070,0001,0476,2607000010476,16,2.833213344056216
26,070,0001,0480,2607000010480,20,3.044522437723423
26,070,0001,0495,2607000010495,189,5.247024072160486
26,070,0001,0508,2607000010508,50,3.9318256327243257
26,070,0001,0512,2607000010512,24,3.2188758248682006
26,070,0001,0527,2607000010527,3,1.3862943611198906
26,070,0001,0531,2607000010531,51,3.9512437185814275
26,070,0001,0546,2607000010546,16,2.833213344056216
26,070,0001,0550,2607000010550,44,3.8066624897703196
26,070,0001,0565,2607000010565,14,2.70805020110221
26,070,0001,057A,260700001057A,34,3.5553480614894135
26,070,0001,0584,2607000010584,10,2.3978952727983707
26,070,0001,0599,2607000010599,17,2.8903717578961645
26,070,0001,0601,2607000010601,0,0.0
26,070,0001,0616,2607000010616,32,3.4965075614664802
26,070,0001,0620,2607000010620,33,3.5263605246161616
26,070,0001,0635,2607000010635,14,2.70805020110221
26,070,0001,064A,260700001064A,45,3.828641396489095
26,070,0001,0654,2607000010654,0,0.0
26,070,0001,0669,2607000010669,6,1.9459101490553132
26,070,0001,0673,2607000010673,0,0.0
26,070,0001,0688,2607000010688,4,1.6094379124341003
26,070,0001,0692,2607000010692,5,1.791759469228055
26,070,0001,0705,2607000010705,4,1.6094379124341003
26,070,0001,071A,260700001071A,5,1.791759469228055
26,070,0001,0724,2607000010724,1,0.6931471805599453
26,070,0001,0739,2607000010739,18,2.9444389791664403
26,070,0001,0743,2607000010743,9,2.302585092994046
26,070,0001,0758,2607000010758,3,1.3862943611198906
26,070,0001,0762,2607000010762,0,0.0
26,070,0001,0777,2607000010777,0,0.0
26,070,0001,0781,2607000010781,0,0.0
26,070,0001,0796,2607000010796,8,2.1972245773362196
26,070,0001,0809,2607000010809,12,2.5649493574615367
26,071,0001,0045,2607100010045,2523,7.8336002236611035
26,071,0001,005A,260710001005A,2525,7.8343923029104365
26,071,0001,0064,2607100010064,1755,7.470793774195062
26,071,0001,0079,2607100010079,1711,7.445417556701687
26,071,0001,0083,2607100010083,2190,7.692113339595466
26,071,0001,0098,2607100010098,2583,7.857093864902493
26,071,0001,0115,2607100010115,264,5.579729825986222
26,071,0001,012A,260710001012A,14,2.70805020110221
26,071,0001,0153,2607100010153,44,3.8066624897703196
26,071,0001,0172,2607100010172,4,1.6094379124341003
26,071,0001,0187,2607100010187,157,5.062595033026967
26,071,0139,0134,2607101390134,1021,6.92951677076365
26,071,0139,0149,2607101390149,1391,7.238496840894365
26,071,0139,0168,2607101390168,241,5.488937726156687
26,071,0139,0191,2607101390191,12,2.5649493574615367
26,072,0001,0038,2607200010038,525,6.26530121273771
26,072,0001,0042,2607200010042,573,6.352629396319567
26,072,0001,0057,2607200010057,1177,7.071573364211532
26,072,0001,0061,2607200010061,1125,7.026426808699636
26,072,0001,0076,2607200010076,1375,7.226936018493289
26,072,0001,0080,2607200010080,837,6.731018100482083
26,072,0001,0095,2607200010095,1492,7.30854279753919
26,072,0001,0108,2607200010108,71,4.276666119016055
26,072,0001,0112,2607200010112,412,6.023447592961033
26,072,0001,0220,2607200010220,15,2.772588722239781
26,072,0001,0235,2607200010235,0,0.0
26,072,0001,024A,260720001024A,116,4.762173934797756
26,072,0017,0127,2607200170127,1695,7.4360278163518485
26,072,0017,0131,2607200170131,996,6.904750769961838
26,072,0017,0201,2607200170201,37,3.6375861597263857
26,072,0017,0216,2607200170216,29,3.4011973816621555
26,072,0017,0254,2607200170254,15,2.772588722239781
26,072,0017,0269,2607200170269,63,4.1588830833596715
26,072,0017,0273,2607200170273,7,2.0794415416798357
26,072,0017,0288,2607200170288,7,2.0794415416798357
26,072,0017,0292,2607200170292,9,2.302585092994046
26,072,0017,0305,2607200170305,9,2.302585092994046
