ENTIDAD,MUN,LOC,AGEB,CVEGEO,POBTOT,log_POBTOT
28,001,0001,0177,2800100010177,1511,7.321188556739478
28,001,0001,0213,2800100010213,693,6.542471960506805
28,001,0001,0228,2800100010228,493,6.202535517187923
28,001,0001,0232,2800100010232,719,6.579251212010101
28,001,0001,0247,2800100010247,994,6.902742737158593
28,001,0001,0251,2800100010251,431,6.068425588244111
28,001,0001,0266,2800100010266,648,6.47543271670409
28,001,0001,0478,2800100010478,37,3.6375861597263857
28,001,0001,0482,2800100010482,88,4.48863636973214
28,001,0001,0497,2800100010497,220,5.3981627015177525
28,001,0001,0548,2800100010548,12,2.5649493574615367
28,001,0001,0552,2800100010552,136,4.919980925828125
28,001,0001,0567,2800100010567,26,3.295836866004329
28,001,0001,0571,2800100010571,0,0.0
28,001,0001,0586,2800100010586,0,0.0
28,001,0111,0270,2800101110270,870,6.769641976852503
28,001,0111,0285,2800101110285,1388,7.236339342754344
28,001,0111,0463,2800101110463,0,0.0
28,002,0001,0403,2800200010403,1407,7.249925536717988
28,002,0001,0418,2800200010418,1213,7.101675971619444
28,002,0001,0422,2800200010422,856,6.75343791859778
28,002,0001,0437,2800200010437,2123,7.66105638236183
28,002,0001,0441,2800200010441,1273,7.149916836132109
28,002,0001,0456,2800200010456,1204,7.094234845924755
28,002,0001,0460,2800200010460,1330,7.193685818395112
28,002,0001,0475,2800200010475,744,6.61338421837956
28,002,0001,0780,2800200010780,31,3.4657359027997265
28,002,0001,0795,2800200010795,82,4.418840607796598
28,002,0001,0808,2800200010808,372,5.921578419643816
28,002,0001,0812,2800200010812,130,4.875197323201151
28,002,0001,0827,2800200010827,181,5.204006687076795
28,002,0001,0831,2800200010831,518,6.251903883165888
28,002,0001,0846,2800200010846,238,5.476463551931511
28,002,0001,087A,280020001087A,109,4.700480365792417
28,002,0001,0884,2800200010884,98,4.59511985013459
28,002,0001,0899,2800200010899,13,2.6390573296152584
28,002,0001,0916,2800200010916,1411,7.252762418053187
28,002,0001,0920,2800200010920,139,4.941642422609304
28,002,0001,0935,2800200010935,25,3.258096538021482
28,002,0001,094A,280020001094A,97,4.584967478670572
28,002,0001,0954,2800200010954,11,2.4849066497880004
28,002,0001,0969,2800200010969,19,2.995732273553991
28,002,0001,0973,2800200010973,15,2.772588722239781
28,002,0001,0988,2800200010988,22,3.1354942159291497
28,003,0001,0186,2800300010186,1590,7.372118028337787
28,003,0001,0190,2800300010190,2417,7.790696031174738
28,003,0001,0218,2800300010218,1262,7.141245122350491
28,003,0001,0237,2800300010237,2124,7.661527081358517
28,003,0001,0472,2800300010472,982,6.890609120147166
28,003,0001,0487,2800300010487,784,6.665683717782408
28,003,0001,0491,2800300010491,1444,7.275864600546533
28,003,0001,0504,2800300010504,1447,7.277938572945661
28,003,0001,0519,2800300010519,690,6.53813982376767
28,003,0001,0523,2800300010523,1115,7.017506142941256
28,003,0001,0542,2800300010542,1765,7.476472381163905
28,003,0001,0716,2800300010716,990,6.898714534329988
28,003,0001,0720,2800300010720,499,6.214608098422191
28,003,0001,074A,280030001074A,644,6.4692503167957724
28,003,0001,0754,2800300010754,315,5.755742213586912
28,003,0001,0773,2800300010773,837,6.731018100482083
28,003,0001,0788,2800300010788,336,5.820082930352362
28,003,0001,0792,2800300010792,801,6.687108607866515
28,003,0001,0805,2800300010805,799,6.684611727667927
28,003,0001,081A,280030001081A,1095,6.999422467507961
28,003,0001,0824,2800300010824,1203,7.093404625868766
28,003,0001,0839,2800300010839,790,6.673297967767654
28,003,0001,0843,2800300010843,326,5.7899601708972535
28,003,0001,1095,2800300011095,3,1.3862943611198906
28,003,0001,1131,2800300011131,2133,7.665753431861699
28,003,0001,1184,2800300011184,178,5.187385805840755
28,003,0001,1201,2800300011201,27,3.332204510175204
28,003,0001,1216,2800300011216,2,1.0986122886681098
28,003,0001,1220,2800300011220,688,6.535241271013659
28,003,0001,1235,2800300011235,2152,7.674617497364363
28,003,0001,1466,2800300011466,700,6.55250788703459
28,003,0001,1470,2800300011470,630,6.447305862541213
28,003,0001,149A,280030001149A,1910,7.555381944240273
28,003,0001,156A,280030001156A,0,0.0
28,003,0001,1644,2800300011644,534,6.282266746896006
28,003,0001,1659,2800300011659,812,6.70073110954781
28,003,0001,1752,2800300011752,0,0.0
28,003,0001,1841,2800300011841,1167,7.0630481633881725
28,003,0001,1856,2800300011856,386,5.958424693029782
28,003,0001,1860,2800300011860,566,6.340359303727752
28,003,0001,1875,2800300011875,389,5.966146739123692
28,003,0001,188A,280030001188A,691,6.539585955617669
28,003,0001,1894,2800300011894,603,6.403574197934815
28,003,0001,1907,2800300011907,651,6.480044561926653
28,003,0001,1911,2800300011911,7276,8.892473968347087
28,003,0001,1926,2800300011926,4808,8.478244441277663
28,003,0001,1930,2800300011930,576,6.3578422665081
28,003,0001,1945,2800300011945,1271,7.148345743900068
28,003,0001,195A,280030001195A,2593,7.860956364876389
28,003,0001,1964,2800300011964,2533,7.837554360881084
28,003,0001,1979,2800300011979,876,6.776506992372183
28,003,0001,1983,2800300011983,513,6.2422232654551655
28,003,0001,1998,2800300011998,103,4.6443908991413725
28,003,0001,2002,2800300012002,209,5.3471075307174685
28,003,0001,2017,2800300012017,120,4.795790545596741
28,003,0001,2021,2800300012021,113,4.736198448394496
28,003,0001,2159,2800300012159,0,0.0
28,003,0001,220A,280030001220A,14,2.70805020110221
28,003,0001,2214,2800300012214,9,2.302585092994046
28,003,0001,2229,2800300012229,5,1.791759469228055
28,003,0001,2248,2800300012248,6,1.9459101490553132
28,003,0001,2252,2800300012252,24,3.2188758248682006
28,003,0001,2286,2800300012286,10,2.3978952727983707
28,003,0001,2375,2800300012375,0,0.0
28,003,0043,0684,2800300430684,1695,7.4360278163518485
28,003,0043,0699,2800300430699,1649,7.408530566894626
28,003,0043,0701,2800300430701,1078,6.983789965258135
28,003,0043,0928,2800300430928,756,6.6293632534374485
28,003,0043,0970,2800300430970,328,5.796057750765372
28,003,0043,1112,2800300431112,39,3.6888794541139363
28,003,0043,1521,2800300431521,18,2.9444389791664403
28,003,0043,1837,2800300431837,0,0.0
28,003,0043,2267,2800300432267,0,0.0
28,003,0043,2271,2800300432271,0,0.0
28,003,0043,2341,2800300432341,0,0.0
28,003,0043,2356,2800300432356,0,0.0
28,003,0043,2360,2800300432360,0,0.0
28,003,0122,0275,2800301220275,54,4.007333185232471
28,003,0122,028A,280030122028A,1958,7.580189417944541
28,003,0122,0307,2800301220307,1618,7.389563953677635
28,003,0122,0311,2800301220311,0,0.0
28,003,0122,0326,2800301220326,0,0.0
28,003,0122,0345,2800301220345,2750,7.919719760924575
28,003,0122,0364,2800301220364,1018,6.926577033222725
28,003,0122,0379,2800301220379,3717,8.220941168281389
28,003,0122,0383,2800301220383,2086,7.643482907077201
28,003,0122,0400,2800301220400,2487,7.81923445385907
28,003,0122,0576,2800301220576,1216,7.104144092987527
28,003,0122,0580,2800301220580,944,6.851184927493743
28,003,0122,0595,2800301220595,828,6.720220155135295
28,003,0122,0608,2800301220608,1444,7.275864600546533
28,003,0122,0612,2800301220612,2714,7.906547232368036
28,003,0122,0631,2800301220631,2050,7.62608275807238
28,003,0122,0646,2800301220646,1943,7.572502985020384
28,003,0122,0665,2800301220665,3373,8.123854263105914
28,003,0122,067A,280030122067A,3573,8.181440695719374
28,003,0122,0862,2800301220862,1027,6.93537044601511
28,003,0122,0877,2800301220877,1124,7.025538314638521
28,003,0122,0881,2800301220881,1029,6.937314081223682
28,003,0122,0896,2800301220896,1460,7.2868764117507
28,003,0122,0909,2800301220909,1834,7.51479976048867
28,003,0122,0913,2800301220913,2093,7.646831391430482
28,003,0122,1108,2800301221108,255,5.545177444479562
28,003,0122,117A,280030122117A,1550,7.346655163176539
28,003,0122,124A,280030122124A,1008,6.9167150203536085
28,003,0122,1254,2800301221254,1774,7.4815557019095165
28,003,0122,1269,2800301221269,1660,7.415175109613295
28,003,0122,1273,2800301221273,1396,7.242082359256962
28,003,0122,1288,2800301221288,1594,7.374629015218945
28,003,0122,1292,2800301221292,1736,7.459914766241105
28,003,0122,1305,2800301221305,2388,7.77863014732581
28,003,0122,131A,280030122131A,1262,7.141245122350491
28,003,0122,1324,2800301221324,1048,6.955592608396297
28,003,0122,1339,2800301221339,2412,7.7886260656250315
28,003,0122,1343,2800301221343,1732,7.457609289715606
28,003,0122,1358,2800301221358,270,5.602118820879701
28,003,0122,1362,2800301221362,1096,7.00033446027523
28,003,0122,1377,2800301221377,0,0.0
28,003,0122,1381,2800301221381,1342,7.202661196523238
28,003,0122,1409,2800301221409,1144,7.0431599159883405
28,003,0122,1502,2800301221502,738,6.6052979209482015
28,003,0122,1517,2800301221517,2892,7.970049304976135
28,003,0122,1574,2800301221574,480,6.175867270105761
28,003,0122,1678,2800301221678,4410,8.39185670010494
28,003,0122,1682,2800301221682,3725,8.223090551161533
28,003,0122,1733,2800301221733,555,6.320768294250582
28,003,0122,1790,2800301221790,2613,7.868636894184167
28,003,0122,1803,2800301221803,3211,8.074649075066652
28,003,0122,1818,2800301221818,1853,7.5251007461258
28,003,0122,1822,2800301221822,918,6.823286122355687
28,003,0122,2036,2800301222036,1417,7.257002707092073
28,003,0122,2040,2800301222040,1826,7.510430556378006
28,003,0122,2055,2800301222055,2713,7.906178840394815
28,003,0122,206A,280030122206A,3110,8.042699496897637
28,003,0122,2074,2800301222074,2237,7.71333788887187
28,003,0122,2089,2800301222089,471,6.156978985585555
28,003,0122,2093,2800301222093,4624,8.439231649946526
28,003,0122,2106,2800301222106,2642,7.879669914604289
28,003,0122,2110,2800301222110,3748,8.229244416735913
28,003,0122,2125,2800301222125,3017,8.012349639327795
28,003,0122,213A,280030122213A,1065,6.97166860472579
28,003,0122,2144,2800301222144,200,5.303304908059076
28,003,0122,2163,2800301222163,245,5.5053315359323625
28,003,0122,2178,2800301222178,2920,7.979681302387741
28,003,0122,2182,2800301222182,0,0.0
28,003,0122,2197,2800301222197,141,4.955827057601261
28,003,0122,2233,2800301222233,22,3.1354942159291497
28,003,0122,2290,2800301222290,302,5.713732805509369
28,003,0122,2303,2800301222303,202,5.313205979041787
28,003,0122,2318,2800301222318,273,5.6131281063880705
28,003,0122,2322,2800301222322,2,1.0986122886681098
28,003,0122,2337,2800301222337,19,2.995732273553991
28,003,0122,238A,280030122238A,16,2.833213344056216
28,004,0001,008A,280040001008A,1068,6.974478911025045
28,004,0001,0094,2800400010094,959,6.866933284461882
28,004,0001,0107,2800400010107,664,6.499787040655854
28,004,0001,0183,2800400010183,195,5.278114659230517
28,004,0001,0198,2800400010198,196,5.2832037287379885
28,004,0001,0200,2800400010200,22,3.1354942159291497
28,005,0001,0195,2800500010195,616,6.424869023905388
28,005,0001,0208,2800500010208,512,6.240275845170769
28,005,0001,0335,2800500010335,63,4.1588830833596715
28,005,0001,034A,280050001034A,9,2.302585092994046
28,005,0001,0388,2800500010388,63,4.1588830833596715
28,005,0001,0392,2800500010392,71,4.276666119016055
28,005,0001,0405,2800500010405,5,1.791759469228055
28,005,0001,041A,280050001041A,39,3.6888794541139363
28,005,0001,0424,2800500010424,10,2.3978952727983707
28,005,0001,0439,2800500010439,16,2.833213344056216
28,005,0001,0443,2800500010443,0,0.0
28,006,0001,014A,280060001014A,335,5.817111159963204
28,006,0001,0154,2800600010154,479,6.173786103901937
28,006,0001,0169,2800600010169,560,6.329720905522696
28,006,0001,0440,2800600010440,18,2.9444389791664403
28,006,0001,0455,2800600010455,0,0.0
28,006,0001,046A,280060001046A,0,0.0
28,006,0001,0474,2800600010474,0,0.0
28,006,0001,0489,2800600010489,0,0.0
28,006,0001,0493,2800600010493,0,0.0
28,006,0001,0506,2800600010506,0,0.0
28,007,0001,0113,2800700010113,1033,6.9411900550683745
28,007,0001,0128,2800700010128,643,6.467698726104354
28,007,0001,0132,2800700010132,1405,7.2485040723706105
28,007,0001,019A,280070001019A,1394,7.240649694255466
28,007,0001,0289,2800700010289,1145,7.044032897274685
28,007,0001,0293,2800700010293,868,6.767343125265392
28,007,0001,0306,2800700010306,571,6.349138991379798
28,007,0001,0310,2800700010310,578,6.361302477572996
28,007,0001,0382,2800700010382,45,3.828641396489095
28,007,0001,0397,2800700010397,117,4.770684624465665
28,007,0001,040A,280070001040A,0,0.0
28,007,0001,0414,2800700010414,69,4.248495242049359
28,007,0001,0429,2800700010429,61,4.127134385045092
28,007,0001,0433,2800700010433,16,2.833213344056216
28,007,0001,0448,2800700010448,39,3.6888794541139363
28,007,0001,0452,2800700010452,0,0.0
28,007,0001,0522,2800700010522,0,0.0
28,007,0001,0537,2800700010537,0,0.0
28,007,0001,0541,2800700010541,0,0.0
28,007,0001,0556,2800700010556,0,0.0
28,007,0016,0467,2800700160467,445,6.100318952020064
28,007,0016,0471,2800700160471,403,6.0014148779611505
28,007,0016,0486,2800700160486,623,6.436150368369428
28,007,0016,0490,2800700160490,465,6.144185634125646
28,007,0016,0503,2800700160503,191,5.2574953720277815
28,007,0016,0518,2800700160518,292,5.680172609017068
28,007,0016,0560,2800700160560,10,2.3978952727983707
28,008,0001,0318,2800800010318,311,5.7430031878094825
28,008,0001,0322,2800800010322,290,5.673323267171493
28,008,0001,0464,2800800010464,43,3.784189633918261
28,008,0001,0479,2800800010479,10,2.3978952727983707
28,008,0001,0483,2800800010483,26,3.295836866004329
28,009,0001,0052,2800900010052,209,5.3471075307174685
28,009,0001,0067,2800900010067,1285,7.1592919047975645
28,009,0001,0141,2800900010141,399,5.991464547107982
28,009,0001,0156,2800900010156,2768,7.926241523170962
28,009,0001,0160,2800900010160,1366,7.220373836723949
28,009,0001,0264,2800900010264,25,3.258096538021482
28,009,0001,0283,2800900010283,0,0.0
28,009,0001,0298,2800900010298,92,4.532599493153256
28,009,0001,0315,2800900010315,40,3.713572066704308
28,009,0001,0349,2800900010349,12,2.5649493574615367
28,009,0001,0353,2800900010353,23,3.1780538303479458
28,009,0001,0391,2800900010391,465,6.144185634125646
28,009,0001,0404,2800900010404,2474,7.813995675002791
28,009,0001,0419,2800900010419,2001,7.601901959875166
28,009,0001,0423,2800900010423,1428,7.264730177929867
28,009,0001,0438,2800900010438,1823,7.508787170634276
28,009,0001,0442,2800900010442,3402,8.132412674500905
28,009,0001,0457,2800900010457,3597,8.188133414510478
28,009,0001,0461,2800900010461,3247,8.085794701281568
28,009,0001,0476,2800900010476,1467,7.291656209174461
28,009,0001,0480,2800900010480,3049,8.022896869601457
28,009,0001,0508,2800900010508,2602,7.864419904994565
28,009,0001,0512,2800900010512,3206,8.073091199693154
28,009,0001,0527,2800900010527,3394,8.130059039992796
28,009,0001,0531,2800900010531,2169,7.682482446534506
28,009,0001,0546,2800900010546,1897,7.5485559791698735
28,009,0001,0565,2800900010565,4433,8.397057390176256
28,009,0001,057A,280090001057A,4524,8.417372856134026
28,009,0001,0584,2800900010584,2205,7.698936199813447
28,009,0001,0599,2800900010599,3491,8.158229916959494
28,009,0001,0616,2800900010616,2643,7.880048200971577
28,009,0001,0620,2800900010620,2076,7.638679823876112
28,009,0001,0635,2800900010635,2395,7.78155595923534
28,009,0001,064A,280090001064A,3483,8.155936337972394
28,009,0001,0654,2800900010654,3827,8.250097752572845
28,009,0001,0669,2800900010669,1844,7.520234556474628
28,009,0001,0673,2800900010673,2865,7.960672608388117
28,009,0001,0688,2800900010688,3000,8.006700845440367
28,009,0001,0692,2800900010692,2260,7.72356247227797
28,009,0001,0705,2800900010705,3428,8.14002395246292
28,009,0001,071A,280090001071A,3566,8.17948018535889
28,009,0001,0724,2800900010724,3716,8.220672170297252
28,009,0001,0739,2800900010739,3983,8.290041618704489
28,009,0001,0743,2800900010743,3356,8.118802996980035
28,009,0001,0758,2800900010758,3034,8.017966703493599
28,009,0001,0762,2800900010762,2428,7.795234929002173
28,009,0001,0777,2800900010777,3917,8.273336598504486
28,009,0001,0781,2800900010781,2998,8.00603417874901
28,009,0001,0796,2800900010796,2720,7.908754738783246
28,009,0001,0809,2800900010809,1885,7.542213463193403
28,009,0001,0813,2800900010813,3801,8.243282523048375
28,009,0001,0828,2800900010828,2484,7.818027938530729
28,009,0001,0832,2800900010832,3109,8.04237800517328
28,009,0001,0851,2800900010851,3285,8.097426298597213
28,009,0001,0866,2800900010866,3582,8.183955717304954
28,009,0001,089A,280090001089A,680,6.523562306149512
28,009,0001,0902,2800900010902,909,6.813444599510896
28,009,0001,0917,2800900010917,298,5.700443573390687
28,009,0001,0936,2800900010936,2497,7.823245690685523
28,009,0001,0940,2800900010940,2484,7.818027938530729
28,009,0001,0955,2800900010955,2844,7.953318346560431
28,009,0001,096A,280090001096A,1827,7.510977752014095
28,009,0001,0974,2800900010974,1587,7.370230641807081
28,009,0001,0989,2800900010989,3419,8.13739583005665
28,009,0001,0993,2800900010993,3292,8.099554282376364
28,009,0001,1008,2800900011008,2102,7.6511201757027
28,009,0001,1012,2800900011012,1954,7.578145472419466
28,009,0001,1027,2800900011027,3025,8.014996894348302
28,009,0001,1031,2800900011031,3468,8.15162164696975
28,009,0001,1046,2800900011046,4587,8.431199478249262
28,009,0001,1050,2800900011050,2235,7.71244383427499
28,009,0001,1065,2800900011065,1568,7.358193752733032
28,009,0001,107A,280090001107A,3051,8.023552392404348
28,009,0001,1084,2800900011084,2669,7.8898337513942955
28,009,0001,1099,2800900011099,1880,7.53955882930103
28,009,0001,1101,2800900011101,2135,7.666690200080086
28,009,0001,1116,2800900011116,2797,7.936660155225426
28,009,0001,1120,2800900011120,2263,7.724888439323074
28,009,0001,1135,2800900011135,2928,7.982416346827733
28,009,0001,114A,280090001114A,2140,7.669028288589683
28,009,0001,1154,2800900011154,3692,8.214194414852564
28,009,0001,1169,2800900011169,2107,7.653494909661253
28,010,0001,0195,2801000010195,259,5.560681631015528
28,010,0001,0208,2801000010208,261,5.568344503761097
28,010,0001,0373,2801000010373,7,2.0794415416798357
28,010,0001,0388,2801000010388,203,5.318119993844216
28,010,0001,0392,2801000010392,18,2.9444389791664403
28,010,0001,0405,2801000010405,0,0.0
28,010,0001,041A,280100001041A,11,2.4849066497880004
28,010,0001,0424,2801000010424,0,0.0
28,011,0001,0099,2801100010099,885,6.786716950605081
28,011,0001,0101,2801100010101,859,6.756932389247553
28,011,0001,021A,280110001021A,16,2.833213344056216
28,011,0001,0243,2801100010243,59,4.0943445622221
28,011,0001,0258,2801100010258,318,5.765191102784844
28,011,0036,007A,280110036007A,390,5.968707559985366
28,011,0036,014A,280110036014A,114,4.74493212836325
28,011,0036,0154,2801100360154,151,5.0238805208462765
28,011,0036,0169,2801100360169,228,5.43372200355424
28,012,0001,0382,2801200010382,1401,7.2456550675945355
28,012,0001,0397,2801200010397,1215,7.103322062526113
28,012,0001,0429,2801200010429,580,6.364750756851911
28,012,0001,0433,2801200010433,671,6.51025834052315
28,012,0001,0448,2801200010448,1069,6.975413927455952
28,012,0001,0452,2801200010452,1292,7.164720378771857
28,012,0001,0467,2801200010467,821,6.71174039505618
28,012,0001,0471,2801200010471,847,6.742880635791903
28,012,0001,0486,2801200010486,846,6.741700694652055
28,012,0001,0607,2801200010607,656,6.48768401848461
28,012,0001,0999,2801200010999,614,6.421622267806518
28,012,0001,1003,2801200011003,441,6.091309882077698
28,012,0001,1022,2801200011022,34,3.5553480614894135
28,012,0001,1145,2801200011145,64,4.174387269895637
28,012,0001,1198,2801200011198,90,4.51085950651685
28,012,0001,122A,280120001122A,520,6.255750041753367
28,012,0001,1268,2801200011268,43,3.784189633918261
28,012,0001,1287,2801200011287,8,2.1972245773362196
28,012,0001,1291,2801200011291,0,0.0
28,012,0061,0503,2801200610503,1985,7.593877844605118
28,012,0061,0518,2801200610518,832,6.725033642166843
28,012,0061,0522,2801200610522,806,6.693323668269949
28,012,0061,0984,2801200610984,448,6.1070228877422545
28,012,0061,1060,2801200611060,136,4.919980925828125
28,012,0061,1179,2801200611179,219,5.393627546352362
28,012,0170,0537,2801201700537,892,6.794586580876499
28,012,0170,0541,2801201700541,1055,6.962243464266207
28,012,0170,0556,2801201700556,1290,7.1631723908466425
28,012,0170,0560,2801201700560,1225,7.111512116496157
28,012,0170,0575,2801201700575,1393,7.2399325913204695
28,012,0170,058A,280120170058A,1507,7.318539548567902
28,012,0170,0594,2801201700594,1043,6.950814768442584
28,012,0170,0611,2801201700611,1019,6.927557906278317
28,012,0170,0626,2801201700626,1125,7.026426808699636
28,012,0170,1018,2801201701018,652,6.481577129276431
28,012,0170,1037,2801201701037,59,4.0943445622221
28,012,0170,1041,2801201701041,272,5.60947179518496
28,012,0170,1056,2801201701056,20,3.044522437723423
28,012,0170,1111,2801201701111,19,2.995732273553991
28,012,0170,1126,2801201701126,56,4.04305126783455
28,012,0170,1130,2801201701130,169,5.135798437050262
28,012,0170,115A,280120170115A,37,3.6375861597263857
28,012,0170,1183,2801201701183,106,4.672828834461906
28,012,0170,1200,2801201701200,26,3.295836866004329
28,012,0170,1215,2801201701215,73,4.30406509320417
28,012,0170,1234,2801201701234,23,3.1780538303479458
28,012,0170,1249,2801201701249,8,2.1972245773362196
28,012,0170,1253,2801201701253,4,1.6094379124341003
28,012,0170,1272,2801201701272,4,1.6094379124341003
28,013,0001,0163,2801300010163,364,5.8998973535824915
28,013,0001,0178,2801300010178,448,6.1070228877422545
28,013,0001,0182,2801300010182,291,5.676753802268282
28,013,0001,0197,2801300010197,277,5.627621113690637
28,013,0001,020A,280130001020A,263,5.575949103146316
28,013,0001,0214,2801300010214,215,5.375278407684165
28,013,0001,0407,2801300010407,67,4.219507705176107
28,014,0001,0264,2801400010264,669,6.507277712385012
28,014,0001,0279,2801400010279,553,6.317164686747284
28,014,0001,0283,2801400010283,983,6.891625897052253
28,014,0001,0298,2801400010298,735,6.601230118728877
28,014,0001,0300,2801400010300,638,6.459904454377535
28,014,0001,0368,2801400010368,147,4.997212273764115
28,014,0001,0372,2801400010372,210,5.351858133476067
28,014,0001,0387,2801400010387,365,5.902633333401366
28,014,0001,0391,2801400010391,12,2.5649493574615367
28,015,0001,0098,2801500010098,885,6.786716950605081
28,015,0001,0100,2801500010100,1446,7.277247726631484
28,015,0001,0115,2801500010115,611,6.416732282512326
28,015,0001,012A,280150001012A,628,6.444131256700441
28,015,0001,0134,2801500010134,1301,7.171656822768514
28,015,0001,0149,2801500010149,819,6.709304340258298
28,015,0001,0153,2801500010153,1893,7.546446273746024
28,015,0001,0168,2801500010168,1169,7.064759027791802
28,015,0001,0172,2801500010172,831,6.723832440821209
28,015,0001,0204,2801500010204,270,5.602118820879701
28,015,0001,0257,2801500010257,141,4.955827057601261
28,015,0001,0261,2801500010261,308,5.733341276897746
28,015,0001,0308,2801500010308,1056,6.963189985870238
28,015,0001,0312,2801500010312,71,4.276666119016055
28,015,0001,0327,2801500010327,94,4.553876891600541
28,016,0001,0235,2801600010235,883,6.784457062637643
28,016,0001,024A,280160001024A,1086,6.99117688712121
28,016,0001,0254,2801600010254,791,6.674561391814426
28,016,0001,0269,2801600010269,564,6.336825731146441
28,016,0001,0273,2801600010273,791,6.674561391814426
28,016,0001,0466,2801600010466,155,5.049856007249537
28,016,0001,0771,2801600010771,0,0.0
28,016,0001,0786,2801600010786,50,3.9318256327243257
28,016,0001,0790,2801600010790,238,5.476463551931511
28,016,0145,0610,2801601450610,592,6.385194398997726
28,016,0145,0625,2801601450625,912,6.816735880594968
28,016,0145,063A,280160145063A,490,6.19644412779452
28,016,0145,0644,2801601450644,517,6.249975242259483
28,016,0145,0659,2801601450659,337,5.823045895483019
28,016,0145,0663,2801601450663,952,6.859614903654202
28,016,0145,0678,2801601450678,455,6.1224928095143865
28,016,0145,0682,2801601450682,710,6.566672429803241
28,016,0145,0697,2801601450697,1641,7.403670290012373
28,016,0145,0803,2801601450803,0,0.0
28,017,0001,0266,2801700010266,2084,7.642524134232902
28,017,0001,0285,2801700010285,769,6.646390514847729
28,017,0001,0478,2801700010478,244,5.501258210544727
28,017,0001,0482,2801700010482,5,1.791759469228055
28,017,0001,0497,2801700010497,66,4.204692619390966
28,017,0001,050A,280170001050A,9,2.302585092994046
28,017,0001,0586,2801700010586,119,4.787491742782046
28,017,0001,0590,2801700010590,1146,7.044905117129371
28,017,0001,0603,2801700010603,1169,7.064759027791802
28,017,0001,0618,2801700010618,11,2.4849066497880004
28,017,0001,0622,2801700010622,11,2.4849066497880004
28,018,0001,0206,2801800010206,1136,7.036148493750536
28,018,0001,0210,2801800010210,781,6.661854740545311
28,018,0001,0225,2801800010225,909,6.813444599510896
28,018,0001,023A,280180001023A,699,6.551080335043404
28,018,0001,0244,2801800010244,677,6.519147287940395
28,018,0001,0259,2801800010259,703,6.556778356158042
28,018,0001,0263,2801800010263,306,5.726847747587197
28,018,0001,0437,2801800010437,152,5.030437921392435
28,018,0001,0441,2801800010441,0,0.0
28,018,0001,0456,2801800010456,12,2.5649493574615367
28,018,0001,0460,2801800010460,51,3.9512437185814275
28,018,0001,0475,2801800010475,0,0.0
28,018,0001,048A,280180001048A,60,4.110873864173311
28,018,0001,0494,2801800010494,7,2.0794415416798357
28,018,0001,0507,2801800010507,5,1.791759469228055
28,018,0001,0511,2801800010511,6,1.9459101490553132
28,019,0001,028A,280190001028A,613,6.419994928147142
28,019,0001,0294,2801900010294,551,6.313548046277095
28,019,0001,0307,2801900010307,801,6.687108607866515
28,019,0001,0311,2801900010311,932,6.838405200847344
28,019,0001,0326,2801900010326,613,6.419994928147142
28,019,0001,0330,2801900010330,384,5.953243334287785
28,019,0001,0472,2801900010472,99,4.605170185988092
28,019,0001,0487,2801900010487,23,3.1780538303479458
28,019,0001,0576,2801900010576,132,4.890349128221754
28,019,0001,0608,2801900010608,0,0.0
28,020,0001,005A,280200001005A,185,5.225746673713202
28,020,0001,0064,2802000010064,136,4.919980925828125
28,020,0001,0083,2802000010083,60,4.110873864173311
28,020,0001,0098,2802000010098,5,1.791759469228055
28,021,0001,0254,2802100010254,2960,7.993282328101591
28,021,0001,0269,2802100010269,3133,8.050065422915965
28,021,0001,0288,2802100010288,2958,7.99260665240021
28,021,0001,0292,2802100010292,2858,7.958227192322312
28,021,0001,031A,280210001031A,3132,8.049746290952191
28,021,0001,0324,2802100010324,2248,7.718240951959316
28,021,0001,0377,2802100010377,1606,7.382124365737512
28,021,0001,0409,2802100010409,1305,7.174724309836376
28,021,0001,0413,2802100010413,3271,8.093156697722637
28,021,0001,0428,2802100010428,640,6.46302945692067
28,021,0001,0432,2802100010432,2805,7.939515260662406
28,021,0001,0447,2802100010447,802,6.688354713946762
28,021,0001,0466,2802100010466,514,6.244166900663736
28,021,0001,0470,2802100010470,1688,7.4318919168078
28,021,0001,0485,2802100010485,1095,6.999422467507961
28,021,0001,049A,280210001049A,3738,8.226573474977114
28,021,0001,0502,2802100010502,1824,7.509335266016592
28,021,0001,0517,2802100010517,478,6.171700597410915
28,021,0001,0521,2802100010521,1381,7.231287004327616
28,021,0001,0536,2802100010536,1372,7.224753405767971
28,021,0001,0540,2802100010540,168,5.1298987149230735
28,021,0001,056A,280210001056A,562,6.333279628139691
28,021,0001,0589,2802100010589,1400,7.244941546337007
28,021,0001,0610,2802100010610,1594,7.374629015218945
28,021,0001,0625,2802100010625,1262,7.141245122350491
28,021,0001,063A,280210001063A,1189,7.081708586105575
28,021,0001,0644,2802100010644,1385,7.234177179749849
28,021,0001,0659,2802100010659,1317,7.183870715062453
28,021,0001,0663,2802100010663,1792,7.491645473605133
28,021,0001,0678,2802100010678,1802,7.497207223203318
28,021,0001,0682,2802100010682,2386,7.77779262633883
28,021,0001,0697,2802100010697,1809,7.501082124259871
28,021,0001,070A,280210001070A,1733,7.458186157340487
28,021,0001,0714,2802100010714,1877,7.537962659768208
28,021,0001,0729,2802100010729,762,6.637258031284457
28,021,0001,0733,2802100010733,581,6.366470447731438
28,021,0001,0748,2802100010748,1848,7.522400231387125
28,021,0001,0752,2802100010752,1264,7.142827401161621
28,021,0001,0767,2802100010767,993,6.901737206656574
28,021,0001,0771,2802100010771,900,6.803505257608338
28,021,0001,0786,2802100010786,939,6.84587987526405
28,021,0001,0803,2802100010803,339,5.8289456176102075
28,021,0001,0818,2802100010818,1719,7.450079569807499
28,021,0001,0822,2802100010822,2821,7.945201132412759
28,021,0001,0837,2802100010837,713,6.570882962339584
28,021,0001,0841,2802100010841,1308,7.1770187659099
28,021,0001,0875,2802100010875,1151,7.049254841255837
28,021,0001,1229,2802100011229,170,5.14166355650266
28,021,0001,1318,2802100011318,166,5.117993812416755
28,021,0001,1322,2802100011322,116,4.762173934797756
28,021,0001,1341,2802100011341,249,5.521460917862246
28,021,0001,1356,2802100011356,2104,7.652070746116482
28,021,0001,1360,2802100011360,1877,7.537962659768208
28,021,0001,1375,2802100011375,148,5.003946305945459
28,021,0001,138A,280210001138A,810,6.698268054115413
28,021,0001,1394,2802100011394,331,5.805134968916488
28,021,0001,1407,2802100011407,210,5.351858133476067
28,021,0001,1483,2802100011483,7,2.0794415416798357
28,021,0001,1498,2802100011498,32,3.4965075614664802
28,021,0001,1500,2802100011500,318,5.765191102784844
28,021,0001,1515,2802100011515,53,3.9889840465642745
28,021,0001,152A,280210001152A,499,6.214608098422191
28,021,0001,1534,2802100011534,137,4.927253685157205
28,021,0001,1549,2802100011549,44,3.8066624897703196
28,021,0001,1553,2802100011553,22,3.1354942159291497
28,021,0001,1568,2802100011568,277,5.627621113690637
28,021,0001,1572,2802100011572,437,6.082218910376446
28,021,0001,1587,2802100011587,31,3.4657359027997265
28,021,0001,1591,2802100011591,0,0.0
28,021,0001,1604,2802100011604,522,6.259581464064923
28,021,0001,1619,2802100011619,9,2.302585092994046
28,021,0001,1623,2802100011623,14,2.70805020110221
28,021,0001,1638,2802100011638,8,2.1972245773362196
28,021,0001,1642,2802100011642,129,4.867534450455582
28,021,0001,1657,2802100011657,30,3.4339872044851463
28,021,0001,1661,2802100011661,0,0.0
28,021,0001,1676,2802100011676,205,5.327876168789581
28,021,0001,1680,2802100011680,203,5.318119993844216
28,021,0001,1695,2802100011695,0,0.0
28,021,0001,1708,2802100011708,207,5.337538079701318
28,021,0073,0023,2802100730023,1431,7.266827347520591
28,021,0073,0790,2802100730790,1022,6.930494765951626
28,021,0073,088A,280210073088A,186,5.231108616854587
28,021,0073,1411,2802100731411,161,5.087596335232384
28,022,0001,0459,2802200010459,2091,7.645875825184813
28,022,0001,0463,2802200010463,2783,7.931644021454311
28,022,0001,0482,2802200010482,2252,7.720017940432244
28,022,0001,0497,2802200010497,1788,7.489412083508719
28,022,0001,050A,280220001050A,1300,7.170888478512505
28,022,0001,0548,2802200010548,1681,7.427738840532894
28,022,0001,0586,2802200010586,1517,7.325148957955575
28,022,0001,0618,2802200010618,2018,7.610357618312838
28,022,0001,0637,2802200010637,4584,8.430545384690566
28,022,0001,0641,2802200010641,3015,8.011686729127847
28,022,0001,0656,2802200010656,1813,7.503289630675082
28,022,0001,0707,2802200010707,3331,8.111328003286733
28,022,0001,075A,280220001075A,3126,8.047829357457841
28,022,0001,0764,2802200010764,1592,7.373374309910049
28,022,0001,0779,2802200010779,2185,7.689828668736484
28,022,0001,0800,2802200010800,1220,7.107425474110705
28,022,0001,0815,2802200010815,42,3.7612001156935624
28,022,0001,082A,280220001082A,450,6.111467339502679
28,022,0001,0834,2802200010834,2482,7.817222785508166
28,022,0001,0849,2802200010849,348,5.855071922202427
28,022,0001,0938,2802200010938,884,6.785587645007929
28,022,0001,0942,2802200010942,3711,8.21932609390609
28,022,0001,1029,2802200011029,756,6.6293632534374485
28,022,0001,1067,2802200011067,135,4.912654885736052
28,022,0001,1071,2802200011071,558,6.326149473155099
28,022,0001,1122,2802200011122,633,6.452048954437226
28,022,0001,1137,2802200011137,846,6.741700694652055
28,022,0001,1141,2802200011141,1041,6.948897222313312
28,022,0001,1156,2802200011156,394,5.978885764901122
28,022,0001,1160,2802200011160,1254,7.134890851565884
28,022,0001,1175,2802200011175,856,6.75343791859778
28,022,0001,118A,280220001118A,1332,7.195187320178709
28,022,0001,1194,2802200011194,1404,7.247792581767846
28,022,0001,1207,2802200011207,1658,7.413970290190444
28,022,0001,1211,2802200011211,1895,7.547501682814967
28,022,0001,1226,2802200011226,2185,7.689828668736484
28,022,0001,1230,2802200011230,987,6.895682697747868
28,022,0001,1245,2802200011245,1932,7.566828479208331
28,022,0001,125A,280220001125A,1312,7.180069874302796
28,022,0001,1279,2802200011279,1858,7.527793987721444
28,022,0001,1283,2802200011283,2836,7.950502434808851
28,022,0001,1298,2802200011298,1139,7.038783541388542
28,022,0001,1300,2802200011300,1039,6.946975992135418
28,022,0001,1315,2802200011315,1602,7.3796321526095525
28,022,0001,132A,280220001132A,2680,7.893945138235959
28,022,0001,1334,2802200011334,1228,7.113956109566034
28,022,0001,1349,2802200011349,1137,7.037027614686276
28,022,0001,1353,2802200011353,1842,7.519149957669823
28,022,0001,1368,2802200011368,3267,8.091933455979893
28,022,0001,1372,2802200011372,392,5.973809611869261
28,022,0001,1387,2802200011387,1814,7.503840746698951
28,022,0001,1391,2802200011391,1598,7.377133712833954
28,022,0001,1404,2802200011404,1912,7.556427969440253
28,022,0001,1419,2802200011419,1398,7.243512974665482
28,022,0001,1423,2802200011423,1262,7.141245122350491
28,022,0001,1438,2802200011438,3199,8.070906088787819
28,022,0001,1442,2802200011442,1220,7.107425474110705
28,022,0001,1457,2802200011457,2463,7.80954132465341
28,022,0001,1461,2802200011461,2183,7.688913336864796
28,022,0001,1476,2802200011476,1819,7.506591780070841
28,022,0001,1480,2802200011480,3110,8.042699496897637
28,022,0001,1495,2802200011495,2374,7.772752716468742
28,022,0001,1508,2802200011508,699,6.551080335043404
28,022,0001,1512,2802200011512,2837,7.950854857719988
28,022,0001,1527,2802200011527,2132,7.665284718471351
28,022,0001,1531,2802200011531,2888,7.968665700466235
28,022,0001,1550,2802200011550,4666,8.448271745949816
28,022,0001,1565,2802200011565,3363,8.120886021092838
28,022,0001,1584,2802200011584,1582,7.367077059881012
28,022,0001,1599,2802200011599,2411,7.788211557847076
28,022,0001,1635,2802200011635,2515,7.830425617820331
28,022,0001,164A,280220001164A,3797,8.242229891372231
28,022,0001,1654,2802200011654,1705,7.441906728051625
28,022,0001,1673,2802200011673,3507,8.162801353492073
28,022,0001,1688,2802200011688,1310,7.1785454837637
28,022,0001,171A,280220001171A,2016,7.6093665379542115
28,022,0001,1796,2802200011796,3928,8.27614021955846
28,022,0001,1809,2802200011809,2144,7.6708948313621175
28,022,0001,1813,2802200011813,4117,8.323122887587735
28,022,0001,1828,2802200011828,1685,7.430114138561801
28,022,0001,1832,2802200011832,2045,7.6236419465115715
28,022,0001,1847,2802200011847,2417,7.790696031174738
28,022,0001,1851,2802200011851,2846,7.954021087278037
28,022,0001,1866,2802200011866,3703,8.21716859576607
28,022,0001,1870,2802200011870,2902,7.97349996402463
28,022,0001,1885,2802200011885,1833,7.51425465281641
28,022,0001,189A,280220001189A,657,6.489204931325317
28,022,0001,1989,2802200011989,185,5.225746673713202
28,022,0001,1993,2802200011993,348,5.855071922202427
28,022,0001,2008,2802200012008,132,4.890349128221754
28,022,0001,2027,2802200012027,23,3.1780538303479458
28,022,0001,2046,2802200012046,122,4.812184355372417
28,022,0001,2050,2802200012050,767,6.643789733147672
28,022,0001,2065,2802200012065,211,5.356586274672012
28,022,0001,207A,280220001207A,1388,7.236339342754344
28,022,0001,2084,2802200012084,2275,7.730174795246222
28,022,0001,2101,2802200012101,234,5.459585514144159
28,022,0001,2205,2802200012205,0,0.0
28,022,0001,221A,280220001221A,1913,7.5569505720129
28,022,0001,2224,2802200012224,1970,7.58629630715272
28,022,0001,2239,2802200012239,1748,7.466799475018602
28,022,0001,2243,2802200012243,4708,8.457230850243555
28,022,0001,2258,2802200012258,811,6.699500340161678
28,022,0001,2262,2802200012262,1483,7.302496423727326
28,022,0001,2277,2802200012277,1624,7.393263094763838
28,022,0001,2281,2802200012281,1473,7.295735072749282
28,022,0001,2296,2802200012296,929,6.835184586147301
28,022,0001,2309,2802200012309,2050,7.62608275807238
28,022,0001,2313,2802200012313,6903,8.839856232763264
28,022,0001,2328,2802200012328,1877,7.537962659768208
28,022,0001,2332,2802200012332,3779,8.237479288613633
28,022,0001,2347,2802200012347,1438,7.271703706887368
28,022,0001,2351,2802200012351,2009,7.605890001053122
28,022,0001,2366,2802200012366,2896,7.9714309977693505
28,022,0001,2370,2802200012370,3273,8.09376775793108
28,022,0001,2385,2802200012385,3177,8.064007347096661
28,022,0001,2402,2802200012402,2681,7.894318063841624
28,022,0001,2421,2802200012421,4418,8.39366870513074
28,022,0001,2440,2802200012440,2756,7.921898411023797
28,022,0001,2455,2802200012455,3769,8.234830280442056
28,022,0001,246A,280220001246A,2229,7.709756864454165
28,022,0001,2489,2802200012489,2899,7.9724660159745655
28,022,0001,2493,2802200012493,681,6.525029657843462
28,022,0001,2506,2802200012506,3082,8.03365842788615
28,022,0001,2510,2802200012510,1451,7.280697195384741
28,022,0001,2525,2802200012525,1237,7.121252453244542
28,022,0001,253A,280220001253A,1435,7.269616749608169
28,022,0001,2544,2802200012544,249,5.521460917862246
28,022,0001,2563,2802200012563,2,1.0986122886681098
28,022,0001,2578,2802200012578,1185,7.078341579557671
28,022,0001,260A,280220001260A,1707,7.443078374348516
28,022,0001,2629,2802200012629,3027,8.01565761455734
28,022,0001,2633,2802200012633,2697,7.900266036767701
28,022,0001,2648,2802200012648,1498,7.312553498102598
28,022,0001,2667,2802200012667,528,6.270988431858299
28,022,0001,2671,2802200012671,1273,7.149916836132109
28,022,0001,2686,2802200012686,2589,7.859413154693583
28,022,0001,2690,2802200012690,2507,7.827240901752812
28,022,0001,2703,2802200012703,1424,7.261927092702751
28,022,0001,2718,2802200012718,2157,7.67693714581808
28,022,0001,2722,2802200012722,2168,7.682021510826875
28,022,0001,2737,2802200012737,2191,7.692569648067906
28,022,0001,2741,2802200012741,1433,7.2682230211595655
28,022,0001,2760,2802200012760,2252,7.720017940432244
28,022,0001,2775,2802200012775,1853,7.5251007461258
28,022,0001,278A,280220001278A,2307,7.744136627627991
28,022,0001,2794,2802200012794,2548,7.8434564043761155
28,022,0001,2807,2802200012807,6565,8.789660098061537
28,022,0001,2826,2802200012826,768,6.645090969505644
28,022,0001,2830,2802200012830,3980,8.289288323000317
28,022,0001,2845,2802200012845,2038,7.620214770574455
28,022,0001,285A,280220001285A,3540,8.172164452111904
28,022,0001,2864,2802200012864,172,5.153291594497779
28,022,0001,2879,2802200012879,29,3.4011973816621555
28,022,0001,2883,2802200012883,215,5.375278407684165
28,022,0001,2898,2802200012898,3304,8.103191752285786
28,022,0001,2900,2802200012900,3561,8.178077463849608
28,022,0001,2915,2802200012915,2565,7.850103545175582
28,022,0001,292A,280220001292A,1953,7.577633832602728
28,022,0001,2934,2802200012934,231,5.44673737166631
28,022,0001,2949,2802200012949,1282,7.1569563646156364
28,022,0001,2972,2802200012972,229,5.438079308923196
28,022,0001,2987,2802200012987,727,6.590301048196686
28,022,0001,2991,2802200012991,17,2.8903717578961645
28,022,0001,3010,2802200013010,152,5.030437921392435
28,022,0001,3025,2802200013025,7856,8.969160133175821
28,022,0001,303A,280220001303A,2203,7.698029170272805
28,022,0001,3044,2802200013044,4536,8.420021279663963
28,022,0001,3063,2802200013063,405,6.0063531596017325
28,022,0001,3082,2802200013082,1212,7.10085190894405
28,022,0001,310A,280220001310A,226,5.424950017481403
28,022,0001,3114,2802200013114,2075,7.638198244285779
28,022,0001,3133,2802200013133,662,6.4967749901858625
28,022,0001,3148,2802200013148,217,5.384495062789089
28,022,0001,3152,2802200013152,2705,7.903226808730733
28,022,0001,3167,2802200013167,294,5.68697535633982
28,022,0001,3171,2802200013171,3494,8.15908865466791
28,022,0001,3186,2802200013186,3346,8.115819701211327
28,022,0001,3190,2802200013190,1636,7.400620577371135
28,022,0001,3203,2802200013203,1760,7.473637108496206
28,022,0001,3218,2802200013218,3861,8.258940462988459
28,022,0001,3222,2802200013222,3668,8.207674424355282
28,022,0001,3237,2802200013237,2101,7.650644551436897
28,022,0001,3241,2802200013241,3391,8.129174996911793
28,022,0001,3256,2802200013256,2493,7.821643126239982
28,022,0001,3260,2802200013260,3896,8.26796230533871
28,022,0001,3275,2802200013275,2828,7.947678571301568
28,022,0001,328A,280220001328A,1776,7.482681828154651
28,022,0001,3294,2802200013294,1255,7.135687347028144
28,022,0001,3307,2802200013307,1740,7.462214939768189
28,022,0001,3311,2802200013311,586,6.375024819828097
28,022,0001,3326,2802200013326,1459,7.286191714702382
28,022,0001,3330,2802200013330,2001,7.601901959875166
28,022,0001,3345,2802200013345,3102,8.04012466444838
28,022,0001,335A,280220001335A,1190,7.0825485693553
28,022,0001,3364,2802200013364,1301,7.171656822768514
28,022,0001,3379,2802200013379,2427,7.794823152179389
28,022,0001,3383,2802200013383,4444,8.399535147948004
28,022,0001,3398,2802200013398,3041,8.020270472819238
28,022,0001,3400,2802200013400,2979,7.9996785794994505
28,022,0001,3415,2802200013415,2686,7.8961806086154915
28,022,0001,342A,280220001342A,2166,7.681099001536359
28,022,0001,3434,2802200013434,880,6.78105762593618
28,022,0001,3449,2802200013449,755,6.628041376179533
28,022,0001,3453,2802200013453,240,5.484796933490655
28,022,0001,3468,2802200013468,356,5.877735781779639
28,022,0001,3472,2802200013472,3585,8.184792654165078
28,022,0001,3487,2802200013487,3876,8.262816937670928
28,022,0001,3491,2802200013491,135,4.912654885736052
28,022,0001,3504,2802200013504,2062,7.631916513071252
28,022,0001,3519,2802200013519,869,6.76849321164863
28,022,0001,3523,2802200013523,0,0.0
28,022,0001,3538,2802200013538,67,4.219507705176107
28,022,0001,3542,2802200013542,139,4.941642422609304
28,022,0001,3557,2802200013557,40,3.713572066704308
28,022,0001,3561,2802200013561,53,3.9889840465642745
28,022,0001,3576,2802200013576,17,2.8903717578961645
28,022,0001,3580,2802200013580,118,4.77912349311153
28,022,0001,3595,2802200013595,31,3.4657359027997265
28,022,0001,3608,2802200013608,164,5.10594547390058
28,022,0001,3612,2802200013612,197,5.288267030694535
28,022,0001,3627,2802200013627,213,5.365976015021851
28,022,0001,3646,2802200013646,113,4.736198448394496
28,022,0001,3650,2802200013650,13,2.6390573296152584
28,022,0001,3665,2802200013665,126,4.844187086458591
28,022,0001,367A,280220001367A,0,0.0
28,022,0001,3684,2802200013684,392,5.973809611869261
28,022,0001,3699,2802200013699,2521,7.8328075165248645
28,022,0001,3701,2802200013701,985,6.893656354602635
28,022,0001,3716,2802200013716,5095,8.536211197252
28,022,0001,3720,2802200013720,356,5.877735781779639
28,022,0001,3735,2802200013735,76,4.343805421853684
28,022,0001,374A,280220001374A,1550,7.346655163176539
28,022,0001,3754,2802200013754,1094,6.9985096422506015
28,022,0001,3769,2802200013769,573,6.352629396319567
28,022,0001,3773,2802200013773,21,3.091042453358316
28,022,0001,3788,2802200013788,2406,7.786136437783072
28,022,0001,3792,2802200013792,463,6.139884552226255
28,022,0001,3805,2802200013805,319,5.768320995793772
28,022,0001,3824,2802200013824,983,6.891625897052253
28,022,0001,3839,2802200013839,711,6.568077911411976
28,022,0001,3843,2802200013843,1103,7.00669522683704
28,022,0001,3858,2802200013858,2339,7.757906208351747
28,022,0001,3862,2802200013862,16,2.833213344056216
28,022,0001,3877,2802200013877,0,0.0
28,022,0001,3881,2802200013881,2781,7.930925372483388
28,022,0001,3896,2802200013896,519,6.253828811575473
28,022,0001,3909,2802200013909,4266,8.358666283188
28,022,0001,3913,2802200013913,40,3.713572066704308
28,022,0001,3928,2802200013928,445,6.100318952020064
28,022,0001,3932,2802200013932,524,6.263398262591624
28,022,0001,3947,2802200013947,877,6.777646593635117
28,022,0001,3951,2802200013951,23,3.1780538303479458
28,022,0001,3966,2802200013966,308,5.733341276897746
28,022,0001,3970,2802200013970,0,0.0
28,022,0001,3985,2802200013985,963,6.871091294610546
28,022,0001,399A,280220001399A,32,3.4965075614664802
28,022,0001,4004,2802200014004,59,4.0943445622221
28,022,0001,4019,2802200014019,161,5.087596335232384
28,022,0001,4023,2802200014023,56,4.04305126783455
28,022,0001,4042,2802200014042,11,2.4849066497880004
28,022,0001,4057,2802200014057,37,3.6375861597263857
28,022,0001,4061,2802200014061,18,2.9444389791664403
28,022,0001,4076,2802200014076,1,0.6931471805599453
28,022,0001,4080,2802200014080,179,5.19295685089021
28,022,0001,4095,2802200014095,0,0.0
28,022,0001,4108,2802200014108,1169,7.064759027791802
28,022,0001,4112,2802200014112,236,5.4680601411351315
28,022,0001,4127,2802200014127,201,5.308267697401205
28,022,0001,4131,2802200014131,54,4.007333185232471
28,022,0001,4146,2802200014146,592,6.385194398997726
28,022,0001,4150,2802200014150,0,0.0
28,022,0001,4165,2802200014165,0,0.0
28,022,0001,417A,280220001417A,0,0.0
28,022,0001,4184,2802200014184,0,0.0
28,022,0001,4199,2802200014199,8,2.1972245773362196
28,022,0001,4201,2802200014201,0,0.0
28,022,0001,4216,2802200014216,6,1.9459101490553132
28,022,0001,4220,2802200014220,0,0.0
28,022,0001,4235,2802200014235,0,0.0
28,022,0001,424A,280220001424A,68,4.23410650459726
28,022,0001,4254,2802200014254,10,2.3978952727983707
28,022,0001,4269,2802200014269,4,1.6094379124341003
28,022,0001,4273,2802200014273,3,1.3862943611198906
28,022,0001,4288,2802200014288,25,3.258096538021482
28,022,0001,4292,2802200014292,2,1.0986122886681098
28,022,0001,4305,2802200014305,3,1.3862943611198906
28,022,0001,431A,280220001431A,20,3.044522437723423
28,022,0001,4324,2802200014324,8,2.1972245773362196
28,022,0001,4339,2802200014339,123,4.820281565605037
28,022,0001,4343,2802200014343,0,0.0
28,022,0001,4358,2802200014358,0,0.0
28,022,0001,4362,2802200014362,138,4.9344739331306915
28,022,0001,4377,2802200014377,0,0.0
28,022,0104,0054,2802201040054,1866,7.532088143541722
28,022,0104,1743,2802201041743,949,6.856461984594587
28,022,0104,2135,2802201042135,54,4.007333185232471
28,022,0104,214A,280220104214A,263,5.575949103146316
28,022,0104,2154,2802201042154,4,1.6094379124341003
28,022,0264,1724,2802202641724,1071,6.977281341630747
28,022,0264,1739,2802202641739,1151,7.049254841255837
28,022,0264,1758,2802202641758,788,6.670766320845874
28,022,0264,1762,2802202641762,402,5.998936561946683
28,022,0264,2169,2802202642169,185,5.225746673713202
28,022,0264,2173,2802202642173,0,0.0
28,022,0264,381A,280220264381A,54,4.007333185232471
28,022,0264,4038,2802202644038,92,4.532599493153256
28,023,0001,0193,2802300010193,511,6.238324625039508
28,023,0001,0206,2802300010206,276,5.6240175061873385
28,023,0001,0371,2802300010371,77,4.356708826689592
28,024,0001,0114,2802400010114,450,6.111467339502679
28,024,0001,0129,2802400010129,476,6.1675164908883415
28,024,0001,0133,2802400010133,541,6.295266001439646
28,024,0001,0148,2802400010148,206,5.332718793265369
28,024,0001,0152,2802400010152,285,5.655991810819852
28,024,0001,0167,2802400010167,361,5.8916442118257715
28,024,0001,0171,2802400010171,488,6.192362489474872
28,024,0001,0186,2802400010186,434,6.075346031088684
28,024,0001,0190,2802400010190,281,5.641907070938114
28,024,0001,0203,2802400010203,285,5.655991810819852
28,024,0001,0218,2802400010218,245,5.5053315359323625
28,024,0001,0237,2802400010237,3,1.3862943611198906
28,024,0001,0241,2802400010241,482,6.180016653652572
28,024,0001,0256,2802400010256,0,0.0
28,024,0001,0260,2802400010260,0,0.0
28,024,0001,0275,2802400010275,0,0.0
28,024,0001,028A,280240001028A,165,5.111987788356544
28,024,0001,0294,2802400010294,20,3.044522437723423
28,024,0001,0307,2802400010307,40,3.713572066704308
28,025,0001,0107,2802500010107,947,6.854354502255021
28,025,0001,0111,2802500010111,2716,7.907283609426348
28,025,0001,0126,2802500010126,1897,7.5485559791698735
28,025,0001,0130,2802500010130,737,6.6039438246004725
28,025,0001,0145,2802500010145,209,5.3471075307174685
28,025,0001,015A,280250001015A,1357,7.213768308118642
28,025,0001,0164,2802500010164,262,5.572154032177765
28,025,0001,0179,2802500010179,752,6.6240652277998935
28,025,0001,0183,2802500010183,543,6.298949246855942
28,025,0001,0198,2802500010198,1935,7.568379267836522
28,025,0001,0200,2802500010200,1267,7.145196134997171
28,025,0001,0215,2802500010215,941,6.848005274576363
28,025,0001,022A,280250001022A,620,6.431331081933479
28,025,0001,0234,2802500010234,860,6.7580945044277305
28,025,0001,0249,2802500010249,1548,7.3453648404168685
28,025,0001,0253,2802500010253,271,5.605802066295998
28,025,0001,0304,2802500010304,274,5.616771097666572
28,025,0001,0319,2802500010319,0,0.0
28,025,0001,0323,2802500010323,34,3.5553480614894135
28,025,0001,0338,2802500010338,1095,6.999422467507961
28,025,0001,0342,2802500010342,122,4.812184355372417
28,025,0001,0357,2802500010357,127,4.852030263919617
28,025,0001,0361,2802500010361,12,2.5649493574615367
28,025,0001,0376,2802500010376,159,5.075173815233827
28,025,0001,0501,2802500010501,19,2.995732273553991
28,025,0001,0573,2802500010573,23,3.1780538303479458
28,025,0001,0588,2802500010588,0,0.0
28,025,0001,0592,2802500010592,124,4.8283137373023015
28,025,0001,0605,2802500010605,492,6.20050917404269
28,025,0001,061A,280250001061A,619,6.429719478039138
28,025,0001,0624,2802500010624,2,1.0986122886681098
28,025,0001,0643,2802500010643,33,3.5263605246161616
28,025,0015,0450,2802500150450,414,6.028278520230698
28,025,0015,0465,2802500150465,536,6.285998094508865
28,025,0015,047A,280250015047A,735,6.601230118728877
28,025,0015,0484,2802500150484,1957,7.579678823090456
28,025,0015,0499,2802500150499,647,6.473890696352274
28,025,0015,0516,2802500150516,3,1.3862943611198906
28,025,0015,0520,2802500150520,268,5.594711379601839
28,025,0015,0639,2802500150639,6,1.9459101490553132
28,026,0001,0104,2802600010104,157,5.062595033026967
28,026,0001,0119,2802600010119,227,5.429345628954441
28,026,0001,0123,2802600010123,393,5.976350909297934
28,026,0001,0138,2802600010138,134,4.90527477843843
28,026,0001,0142,2802600010142,302,5.713732805509369
28,026,0001,0157,2802600010157,291,5.676753802268282
28,026,0001,0231,2802600010231,61,4.127134385045092
28,027,0001,0120,2802700010120,1612,7.385851078125209
28,027,0001,014A,280270001014A,2154,7.675546002537848
28,027,0001,0192,2802700010192,2774,7.928406026180535
28,027,0001,0239,2802700010239,2508,7.827639546366422
28,027,0001,0243,2802700010243,1670,7.421177528595393
28,027,0001,0258,2802700010258,1572,7.360739903058278
28,027,0001,0281,2802700010281,916,6.821107472256465
28,027,0001,0296,2802700010296,597,6.393590753950631
28,027,0001,0309,2802700010309,1371,7.22402480828583
28,027,0001,0313,2802700010313,2573,7.853216388156072
28,027,0001,0328,2802700010328,2824,7.946263643580541
28,027,0001,0366,2802700010366,3074,8.031060180240619
28,027,0001,0385,2802700010385,1914,7.557472901614746
28,027,0001,039A,280270001039A,1922,7.56164174558878
28,027,0001,0402,2802700010402,1822,7.508238774678663
28,027,0001,0436,2802700010436,2766,7.925518979786926
28,027,0001,0493,2802700010493,1762,7.47477218239787
28,027,0001,0506,2802700010506,1232,7.117205503164344
28,027,0001,0510,2802700010510,1200,7.0909098220799835
28,027,0001,0582,2802700010582,1245,7.1276936993473985
28,027,0001,0633,2802700010633,212,5.3612921657094255
28,027,0001,0652,2802700010652,824,6.715383386334681
28,027,0001,0718,2802700010718,2854,7.956827122090111
28,027,0001,0722,2802700010722,128,4.859812404361672
28,027,0001,0756,2802700010756,2443,7.8013913202914855
28,027,0001,0760,2802700010760,398,5.988961416889864
28,027,0001,0775,2802700010775,0,0.0
28,027,0001,078A,280270001078A,725,6.587550014824796
28,027,0001,0794,2802700010794,540,6.293419278846481
28,027,0001,0807,2802700010807,1524,7.329749689041512
28,027,0001,0811,2802700010811,5192,8.555066843844319
28,027,0001,0826,2802700010826,1324,7.1891677384203225
28,027,0001,0830,2802700010830,1736,7.459914766241105
28,027,0001,0845,2802700010845,0,0.0
28,027,0001,0864,2802700010864,633,6.452048954437226
28,027,0001,0879,2802700010879,854,6.75110146893676
28,027,0001,0883,2802700010883,861,6.759255270663693
28,027,0001,0898,2802700010898,1134,7.034387929915503
28,027,0001,0968,2802700010968,3379,8.125630988477065
28,027,0001,0972,2802700010972,9,2.302585092994046
28,027,0001,0987,2802700010987,34,3.5553480614894135
28,027,0001,0991,2802700010991,1506,7.317876198626496
28,027,0001,1006,2802700011006,1391,7.238496840894365
28,027,0001,1010,2802700011010,1389,7.237059026124737
28,027,0001,1025,2802700011025,4065,8.310414994188292
28,027,0001,103A,280270001103A,1210,7.099201743553092
28,027,0001,1044,2802700011044,1102,7.005789019253503
28,027,0001,1059,2802700011059,2163,7.679713639966372
28,027,0001,1063,2802700011063,1472,7.29505641646263
28,027,0001,1078,2802700011078,803,6.6895992691789665
28,027,0001,1082,2802700011082,197,5.288267030694535
28,027,0001,1097,2802700011097,781,6.661854740545311
28,027,0001,110A,280270001110A,1666,7.418780882750794
28,027,0001,1114,2802700011114,1926,7.563719668414366
28,027,0001,1129,2802700011129,1364,7.21890970761906
28,027,0001,1133,2802700011133,1637,7.401231264413015
28,027,0001,1148,2802700011148,1406,7.249215057114389
28,027,0001,1152,2802700011152,1510,7.32052696227274
28,027,0001,1167,2802700011167,1724,7.45298232946546
28,027,0001,1171,2802700011171,1963,7.582738488914411
28,027,0001,1186,2802700011186,1363,7.218176838403408
28,027,0001,1190,2802700011190,1515,7.323830566202317
28,027,0001,1203,2802700011203,2386,7.77779262633883
28,027,0001,1218,2802700011218,1669,7.4205789054108005
28,027,0001,1222,2802700011222,2237,7.71333788887187
28,027,0001,1237,2802700011237,1728,7.455298485683291
28,027,0001,1241,2802700011241,2074,7.637716432664798
28,027,0001,1256,2802700011256,1556,7.350516171833998
28,027,0001,1260,2802700011260,697,6.548219102762372
28,027,0001,1275,2802700011275,683,6.52795791762255
28,027,0001,128A,280270001128A,1765,7.476472381163905
28,027,0001,1294,2802700011294,2259,7.723120092266331
28,027,0001,1307,2802700011307,2551,7.844632644464681
28,027,0001,1311,2802700011311,1352,7.210079628170788
28,027,0001,1326,2802700011326,1829,7.512071245835466
28,027,0001,1330,2802700011330,1449,7.27931883541462
28,027,0001,1345,2802700011345,1044,6.951772164398911
28,027,0001,135A,280270001135A,1379,7.22983877815125
28,027,0001,1364,2802700011364,1587,7.370230641807081
28,027,0001,1379,2802700011379,1896,7.5480289699350145
28,027,0001,1383,2802700011383,1944,7.573017256052546
28,027,0001,1398,2802700011398,2872,7.96311205897929
28,027,0001,1400,2802700011400,1734,7.45876269238096
28,027,0001,1415,2802700011415,2925,7.98139158158007
28,027,0001,142A,280270001142A,892,6.794586580876499
28,027,0001,1434,2802700011434,2768,7.926241523170962
28,027,0001,1449,2802700011449,2872,7.96311205897929
28,027,0001,1453,2802700011453,1285,7.1592919047975645
28,027,0001,1468,2802700011468,3015,8.011686729127847
28,027,0001,1472,2802700011472,994,6.902742737158593
28,027,0001,1487,2802700011487,1903,7.55171221535131
28,027,0001,1491,2802700011491,669,6.507277712385012
28,027,0001,1504,2802700011504,693,6.542471960506805
28,027,0001,1519,2802700011519,1235,7.119635638017636
28,027,0001,1523,2802700011523,2400,7.783640596221253
28,027,0001,1538,2802700011538,1157,7.05444965813294
28,027,0001,1542,2802700011542,826,6.717804695023691
28,027,0001,1561,2802700011561,146,4.990432586778736
28,027,0001,1580,2802700011580,1651,7.409741954080923
28,027,0001,1595,2802700011595,1635,7.400009517162692
28,027,0001,1608,2802700011608,5863,8.676587243566487
28,027,0001,1612,2802700011612,5343,8.583729715216482
28,027,0001,1627,2802700011627,187,5.236441962829949
28,027,0001,1631,2802700011631,276,5.6240175061873385
28,027,0001,1646,2802700011646,511,6.238324625039508
28,027,0001,1650,2802700011650,1087,6.992096427415888
28,027,0001,1665,2802700011665,1049,6.956545443151569
28,027,0001,167A,280270001167A,1082,6.9874902470009905
28,027,0001,1684,2802700011684,1470,7.293697720601438
28,027,0001,1824,2802700011824,10,2.3978952727983707
28,027,0001,1843,2802700011843,8356,9.030854790001436
28,027,0001,1858,2802700011858,5245,8.56522116042682
28,027,0001,1862,2802700011862,1171,7.066466970136958
28,027,0001,1877,2802700011877,157,5.062595033026967
28,027,0001,1881,2802700011881,259,5.560681631015528
28,027,0001,1896,2802700011896,1372,7.224753405767971
28,027,0001,1909,2802700011909,7,2.0794415416798357
28,027,0001,1913,2802700011913,82,4.418840607796598
28,027,0001,1928,2802700011928,784,6.665683717782408
28,027,0001,1932,2802700011932,32,3.4965075614664802
28,027,0001,1970,2802700011970,1376,7.227662498728654
28,027,0001,1985,2802700011985,1957,7.579678823090456
28,027,0001,199A,280270001199A,2147,7.672292455628756
28,027,0001,2004,2802700012004,2053,7.627544390488503
28,027,0001,2019,2802700012019,2035,7.618742377670413
28,027,0001,2038,2802700012038,6718,8.81269461292015
28,027,0001,2042,2802700012042,6132,8.721439305625983
28,027,0001,2057,2802700012057,5020,8.521384396034705
28,027,0001,2061,2802700012061,3493,8.158802490694002
28,027,0001,2076,2802700012076,5320,8.579416534596369
28,027,0001,2080,2802700012080,2621,7.871692664323645
28,027,0001,2095,2802700012095,3542,8.172729104865471
28,027,0001,2108,2802700012108,3851,8.256347772918016
28,027,0001,2112,2802700012112,371,5.918893854273146
28,027,0001,2127,2802700012127,484,6.184148890937483
28,027,0001,2146,2802700012146,3221,8.07775756373692
28,027,0001,2165,2802700012165,1537,7.338238150065589
28,027,0001,2184,2802700012184,853,6.74993119378857
28,027,0001,2199,2802700012199,1667,7.419380582918692
28,027,0001,2201,2802700012201,2701,7.9017475185201445
28,027,0001,2216,2802700012216,1325,7.189922170745808
28,027,0001,2220,2802700012220,1043,6.950814768442584
28,027,0001,2235,2802700012235,4390,8.387312270561717
28,027,0001,224A,280270001224A,2357,7.765569081097317
28,027,0001,2254,2802700012254,1485,7.303843225277705
28,027,0001,2269,2802700012269,1037,6.945051063725834
28,027,0001,2288,2802700012288,1683,7.428927194802272
28,027,0001,2292,2802700012292,1235,7.119635638017636
28,027,0001,2305,2802700012305,3831,8.251142139090751
28,027,0001,231A,280270001231A,3458,8.148734808937169
28,027,0001,2324,2802700012324,55,4.02535169073515
28,027,0001,2339,2802700012339,719,6.579251212010101
28,027,0001,2343,2802700012343,2299,7.7406644019172415
28,027,0001,2358,2802700012358,73,4.30406509320417
28,027,0001,2362,2802700012362,335,5.817111159963204
28,027,0001,2377,2802700012377,67,4.219507705176107
28,027,0001,2381,2802700012381,463,6.139884552226255
28,027,0001,2396,2802700012396,4591,8.432070937999402
28,027,0001,2409,2802700012409,1861,7.529406457837013
28,027,0001,2413,2802700012413,2281,7.732807530422021
28,027,0001,2428,2802700012428,1040,6.947937068614969
28,027,0001,2432,2802700012432,989,6.897704943128636
28,027,0001,2447,2802700012447,639,6.461468176353717
28,027,0001,2451,2802700012451,1102,7.005789019253503
28,027,0001,2466,2802700012466,166,5.117993812416755
28,027,0001,2470,2802700012470,68,4.23410650459726
28,027,0001,2502,2802700012502,3211,8.074649075066652
28,027,0001,2517,2802700012517,3,1.3862943611198906
28,027,0001,2521,2802700012521,552,6.315358001522335
28,027,0001,2536,2802700012536,463,6.139884552226255
28,027,0001,2540,2802700012540,104,4.653960350157523
28,027,0001,2555,2802700012555,5118,8.540714386457584
28,027,0001,256A,280270001256A,74,4.31748811353631
28,027,0001,2574,2802700012574,1052,6.959398512133975
28,027,0001,2589,2802700012589,4432,8.396831834745054
28,027,0001,2593,2802700012593,1340,7.201170883281678
28,027,0001,2606,2802700012606,1928,7.564757012905729
28,027,0001,2610,2802700012610,4082,8.314587291319576
28,027,0001,2625,2802700012625,1325,7.189922170745808
28,027,0001,263A,280270001263A,2488,7.819636302367592
28,027,0001,2644,2802700012644,700,6.55250788703459
28,027,0001,2659,2802700012659,3641,8.200288260287554
28,027,0001,2663,2802700012663,2658,7.88570539124302
28,027,0001,2678,2802700012678,2477,7.815207062189088
28,027,0001,2682,2802700012682,4796,8.475746001502063
28,027,0001,2697,2802700012697,1026,6.934397209928558
28,027,0001,270A,280270001270A,2786,7.932721027481948
28,027,0001,2714,2802700012714,4249,8.354674261918463
28,027,0001,2729,2802700012729,261,5.568344503761097
28,027,0001,2733,2802700012733,3184,8.066207568006265
28,027,0001,2748,2802700012748,2673,7.891330757661889
28,027,0001,2752,2802700012752,1698,7.4377951216719325
28,027,0001,2767,2802700012767,13,2.6390573296152584
28,027,0001,2771,2802700012771,457,6.126869184114185
28,027,0001,2786,2802700012786,8539,9.052516286782616
28,027,0001,2790,2802700012790,1291,7.163946684342547
28,027,0001,2803,2802700012803,43,3.784189633918261
28,027,0001,2818,2802700012818,1596,7.3758821482150125
28,027,0001,2822,2802700012822,1,0.6931471805599453
28,027,0001,2875,2802700012875,359,5.886104031450156
28,027,0001,288A,280270001288A,264,5.579729825986222
28,027,0001,2894,2802700012894,565,6.338594078203183
28,027,0001,2907,2802700012907,2191,7.692569648067906
28,027,0001,2911,2802700012911,0,0.0
28,027,0001,2926,2802700012926,0,0.0
28,027,0001,2930,2802700012930,601,6.400257445308821
28,027,0001,2945,2802700012945,359,5.886104031450156
28,027,0001,295A,280270001295A,0,0.0
28,027,0001,2964,2802700012964,428,6.061456918928017
28,027,0001,2979,2802700012979,615,6.423246963533519
28,027,0001,2983,2802700012983,87,4.477336814478207
28,027,0001,2998,2802700012998,3134,8.050384453067021
28,027,0001,3002,2802700013002,2072,7.636752112435779
28,027,0001,3017,2802700013017,1,0.6931471805599453
28,027,0001,3021,2802700013021,0,0.0
28,027,0001,3036,2802700013036,2420,7.791935956938058
28,027,0001,3040,2802700013040,0,0.0
28,027,0001,3055,2802700013055,0,0.0
28,027,0001,306A,280270001306A,32,3.4965075614664802
28,027,0001,3089,2802700013089,41,3.7376696182833684
28,027,0001,3093,2802700013093,902,6.805722553416985
28,027,0001,3106,2802700013106,1105,7.00850518208228
28,027,0001,3110,2802700013110,27,3.332204510175204
28,027,0001,3125,2802700013125,0,0.0
28,027,0001,313A,280270001313A,613,6.419994928147142
28,027,0001,3144,2802700013144,947,6.854354502255021
28,027,0001,3159,2802700013159,0,0.0
28,027,0001,3163,2802700013163,352,5.8664680569332965
28,027,0001,3178,2802700013178,15,2.772588722239781
28,027,0001,3182,2802700013182,37,3.6375861597263857
28,027,0001,3197,2802700013197,0,0.0
28,027,0001,320A,280270001320A,0,0.0
28,027,0001,3214,2802700013214,38,3.6635616461296463
28,027,0001,3229,2802700013229,3,1.3862943611198906
28,027,0162,2837,2802701622837,2818,7.9441374911141125
28,027,0162,2841,2802701622841,231,5.44673737166631
28,027,0162,2856,2802701622856,1575,7.362645270417825
28,027,0162,2860,2802701622860,2327,7.752764808851328
28,028,0001,0043,2802800010043,631,6.448889394146858
28,028,0001,0058,2802800010058,714,6.5722825426940075
28,028,0001,0062,2802800010062,402,5.998936561946683
28,028,0001,0077,2802800010077,146,4.990432586778736
28,028,0001,0081,2802800010081,187,5.236441962829949
28,028,0001,0096,2802800010096,154,5.043425116919247
28,029,0001,020A,280290001020A,357,5.8805329864007
28,029,0001,0214,2802900010214,397,5.986452005284438
28,029,0001,0229,2802900010229,630,6.447305862541213
28,029,0001,0233,2802900010233,462,6.137727054086234
28,029,0001,0248,2802900010248,447,6.104793232414985
28,029,0001,0252,2802900010252,669,6.507277712385012
28,029,0001,0267,2802900010267,292,5.680172609017068
28,029,0001,0271,2802900010271,222,5.407171771460119
28,029,0001,0286,2802900010286,224,5.41610040220442
28,029,0001,0290,2802900010290,111,4.718498871295094
28,029,0001,0303,2802900010303,507,6.230481447578482
28,029,0001,0318,2802900010318,577,6.359573868672378
28,029,0001,0394,2802900010394,132,4.890349128221754
28,029,0001,0407,2802900010407,19,2.995732273553991
28,029,0001,0411,2802900010411,3,1.3862943611198906
28,029,0001,0426,2802900010426,0,0.0
28,029,0001,0430,2802900010430,46,3.8501476017100584
28,030,0001,0130,2803000010130,1813,7.503289630675082
28,030,0001,0145,2803000010145,1448,7.278628942320682
28,030,0001,015A,280300001015A,610,6.415096959171596
28,030,0001,0164,2803000010164,1335,7.197435354096591
28,030,0001,0291,2803000010291,53,3.9889840465642745
28,030,0001,0304,2803000010304,170,5.14166355650266
28,030,0001,0319,2803000010319,88,4.48863636973214
28,030,0009,022A,280300009022A,1038,6.946013991099227
28,030,0009,0234,2803000090234,1396,7.242082359256962
28,030,0009,0249,2803000090249,942,6.849066282633458
28,030,0009,0323,2803000090323,24,3.2188758248682006
28,030,0009,0338,2803000090338,0,0.0
28,031,0001,0068,2803100010068,77,4.356708826689592
28,031,0001,0072,2803100010072,320,5.771441123130016
28,031,0001,0087,2803100010087,250,5.5254529391317835
28,031,0001,0091,2803100010091,262,5.572154032177765
28,031,0001,0104,2803100010104,157,5.062595033026967
28,031,0001,0157,2803100010157,15,2.772588722239781
28,031,0001,0176,2803100010176,0,0.0
28,031,0001,0195,2803100010195,11,2.4849066497880004
28,032,0001,0332,2803200010332,1588,7.370860166536716
28,032,0001,0347,2803200010347,956,6.863803391452954
28,032,0001,0351,2803200010351,1242,7.1252830915107115
28,032,0001,0370,2803200010370,1851,7.524021415206125
28,032,0001,0421,2803200010421,1790,7.490529402060711
28,032,0001,0436,2803200010436,2386,7.77779262633883
28,032,0001,0703,2803200010703,744,6.61338421837956
28,032,0001,0741,2803200010741,6081,8.71308886823731
28,032,0001,0794,2803200010794,1227,7.113142108707088
28,032,0001,0807,2803200010807,2250,7.719129840906732
28,032,0001,0830,2803200010830,3987,8.291045131081729
28,032,0001,0845,2803200010845,4463,8.403800504061147
28,032,0001,085A,280320001085A,6269,8.743531633626967
28,032,0001,0898,2803200010898,0,0.0
28,032,0001,0949,2803200010949,1464,7.289610521451167
28,032,0001,0991,2803200010991,3649,8.202482446576537
28,032,0001,1006,2803200011006,3869,8.261009786023827
28,032,0001,1010,2803200011010,1791,7.491087593534876
28,032,0001,1025,2803200011025,823,6.714170529909472
28,032,0001,103A,280320001103A,1694,7.43543801981455
28,032,0001,1044,2803200011044,731,6.595780513961311
28,032,0001,1059,2803200011059,807,6.694562058521095
28,032,0001,1063,2803200011063,923,6.828712071641684
28,032,0001,1078,2803200011078,779,6.659293919683638
28,032,0001,1082,2803200011082,920,6.825460036255307
28,032,0001,1097,2803200011097,1818,7.506042178518122
28,032,0001,110A,280320001110A,1589,7.371489295214277
28,032,0001,1114,2803200011114,1041,6.948897222313312
28,032,0001,1129,2803200011129,913,6.81783057145415
28,032,0001,1133,2803200011133,1461,7.2875606403097235
28,032,0001,1148,2803200011148,1027,6.93537044601511
28,032,0001,1152,2803200011152,1556,7.350516171833998
28,032,0001,1167,2803200011167,1322,7.187657164114956
28,032,0001,1171,2803200011171,1231,7.116394144093465
28,032,0001,1186,2803200011186,1055,6.962243464266207
28,032,0001,1190,2803200011190,3346,8.115819701211327
28,032,0001,1203,2803200011203,667,6.504288173536645
28,032,0001,1218,2803200011218,1159,7.05617528410041
28,032,0001,1222,2803200011222,899,6.802394763324311
28,032,0001,1237,2803200011237,2075,7.638198244285779
28,032,0001,1241,2803200011241,1402,7.246368080102461
28,032,0001,1256,2803200011256,752,6.6240652277998935
28,032,0001,1260,2803200011260,1066,6.9726062513017535
28,032,0001,1275,2803200011275,891,6.79346613258001
28,032,0001,128A,280320001128A,782,6.663132695990803
28,032,0001,1294,2803200011294,1712,7.44600149832412
28,032,0001,1307,2803200011307,872,6.771935555839602
28,032,0001,1311,2803200011311,1410,7.252053951852814
28,032,0001,1326,2803200011326,2872,7.96311205897929
28,032,0001,1330,2803200011330,771,6.648984550024776
28,032,0001,1345,2803200011345,813,6.70196036600254
28,032,0001,135A,280320001135A,1976,7.589335823170617
28,032,0001,1364,2803200011364,950,6.85751406254539
28,032,0001,1379,2803200011379,998,6.906754778648554
28,032,0001,1383,2803200011383,939,6.84587987526405
28,032,0001,1398,2803200011398,1040,6.947937068614969
28,032,0001,1400,2803200011400,1735,7.459338895220296
28,032,0001,1415,2803200011415,2419,7.791522819150732
28,032,0001,142A,280320001142A,1201,7.091742115095153
28,032,0001,1434,2803200011434,1541,7.340835554123275
28,032,0001,1449,2803200011449,765,6.641182169740591
28,032,0001,1453,2803200011453,2682,7.894690850425624
28,032,0001,1468,2803200011468,2918,7.978996370854115
28,032,0001,1487,2803200011487,857,6.754604099487962
28,032,0001,1491,2803200011491,1441,7.273786317844895
28,032,0001,1504,2803200011504,3600,8.188966863648876
28,032,0001,1519,2803200011519,1209,7.098375638590786
28,032,0001,1523,2803200011523,2193,7.693481640835175
28,032,0001,1538,2803200011538,456,6.124683390894205
28,032,0001,1542,2803200011542,1829,7.512071245835466
28,032,0001,1557,2803200011557,1268,7.1459844677143876
28,032,0001,1561,2803200011561,1650,7.409136443920128
28,032,0001,1576,2803200011576,1111,7.013915474810528
28,032,0001,1580,2803200011580,1961,7.581719640125308
28,032,0001,1595,2803200011595,1903,7.55171221535131
28,032,0001,1608,2803200011608,794,6.678342114654332
28,032,0001,1612,2803200011612,887,6.78897174299217
28,032,0001,1627,2803200011627,580,6.364750756851911
28,032,0001,1631,2803200011631,2958,7.99260665240021
28,032,0001,1646,2803200011646,2054,7.628031126930335
28,032,0001,1650,2803200011650,1474,7.29641326877392
28,032,0001,1665,2803200011665,1315,7.182352111885263
28,032,0001,167A,280320001167A,1412,7.253470382684528
28,032,0001,1684,2803200011684,1229,7.114769448366463
28,032,0001,1699,2803200011699,937,6.843749949006225
28,032,0001,1701,2803200011701,1578,7.364547014255642
28,032,0001,1716,2803200011716,1409,7.251344983372214
28,032,0001,1720,2803200011720,1632,7.398174092970465
28,032,0001,1735,2803200011735,1944,7.573017256052546
28,032,0001,174A,280320001174A,1885,7.542213463193403
28,032,0001,1754,2803200011754,1552,7.347943823148687
28,032,0001,1769,2803200011769,1187,7.080026499922591
28,032,0001,1788,2803200011788,2175,7.685243607975833
28,032,0001,1792,2803200011792,1994,7.598399329323964
28,032,0001,1805,2803200011805,1726,7.454141078146678
28,032,0001,181A,280320001181A,2121,7.660114319173928
28,032,0001,1824,2803200011824,1665,7.418180822726788
28,032,0001,1839,2803200011839,1677,7.425357887027151
28,032,0001,1843,2803200011843,1084,6.98933526597456
28,032,0001,1858,2803200011858,1356,7.213031659834869
28,032,0001,1877,2803200011877,1576,7.3632795869630385
28,032,0001,1881,2803200011881,1203,7.093404625868766
28,032,0001,1896,2803200011896,880,6.78105762593618
28,032,0001,1909,2803200011909,1270,7.147559271189454
28,032,0001,1913,2803200011913,1533,7.335633981927201
28,032,0001,1928,2803200011928,1744,7.4645098346365275
28,032,0001,1932,2803200011932,1594,7.374629015218945
28,032,0001,1947,2803200011947,1126,7.027314514039777
28,032,0001,1951,2803200011951,1295,7.16703787691222
28,032,0001,1966,2803200011966,2170,7.682943169878292
28,032,0001,1970,2803200011970,1487,7.305188215393037
28,032,0001,1985,2803200011985,1817,7.505492274737424
28,032,0001,199A,280320001199A,2055,7.628517626575055
28,032,0001,2004,2803200012004,2110,7.65491704784832
28,032,0001,2019,2803200012019,2751,7.920083199053234
28,032,0001,2023,2803200012023,1969,7.585788821732034
28,032,0001,2038,2803200012038,1495,7.310550158534422
28,032,0001,2042,2803200012042,2047,7.6246189861593985
28,032,0001,2061,2803200012061,501,6.218600119691729
28,032,0001,2076,2803200012076,2967,7.995643604287271
28,032,0001,2080,2803200012080,1240,7.123672785204607
28,032,0001,2095,2803200012095,1630,7.396948602621014
28,032,0001,2131,2803200012131,1729,7.455876687491824
28,032,0001,2146,2803200012146,1992,7.597396320212795
28,032,0001,2150,2803200012150,2292,7.737616282857904
28,032,0001,217A,280320001217A,1446,7.277247726631484
28,032,0001,2184,2803200012184,3772,8.235625719964311
28,032,0001,2254,2803200012254,57,4.060443010546419
28,032,0001,2269,2803200012269,54,4.007333185232471
28,032,0001,2273,2803200012273,71,4.276666119016055
28,032,0001,2288,2803200012288,2810,7.941295570906532
28,032,0001,2292,2803200012292,142,4.962844630259907
28,032,0001,2305,2803200012305,567,6.342121418721152
28,032,0001,231A,280320001231A,205,5.327876168789581
28,032,0001,2324,2803200012324,1664,7.417580402414544
28,032,0001,2339,2803200012339,309,5.736572297479192
28,032,0001,2343,2803200012343,147,4.997212273764115
28,032,0001,2358,2803200012358,3603,8.189799618728228
28,032,0001,2362,2803200012362,3,1.3862943611198906
28,032,0001,2396,2803200012396,6747,8.817001443665859
28,032,0001,2409,2803200012409,1268,7.1459844677143876
28,032,0001,2428,2803200012428,2839,7.951559331155252
28,032,0001,2432,2803200012432,1141,7.040536390215956
28,032,0001,2447,2803200012447,349,5.857933154483459
28,032,0001,2466,2803200012466,7890,8.973478148521036
28,032,0001,2470,2803200012470,3184,8.066207568006265
28,032,0001,249A,280320001249A,1750,7.467942332285852
28,032,0001,2502,2803200012502,1446,7.277247726631484
28,032,0001,2517,2803200012517,2129,7.6638772587034705
28,032,0001,2536,2803200012536,1910,7.555381944240273
28,032,0001,2625,2803200012625,872,6.771935555839602
28,032,0001,263A,280320001263A,1985,7.593877844605118
28,032,0001,2644,2803200012644,2827,7.947325027016463
28,032,0001,2678,2803200012678,1402,7.246368080102461
28,032,0001,2682,2803200012682,881,6.782192056006791
28,032,0001,2697,2803200012697,2147,7.672292455628756
28,032,0001,270A,280320001270A,1353,7.21081845347222
28,032,0001,2714,2803200012714,1010,6.918695219020472
28,032,0001,2729,2803200012729,4122,8.3243363327069
28,032,0001,2748,2803200012748,2223,7.707062655370473
28,032,0001,2752,2803200012752,3978,8.288785810426928
28,032,0001,2786,2803200012786,713,6.570882962339584
28,032,0001,2790,2803200012790,1412,7.253470382684528
28,032,0001,2803,2803200012803,598,6.395261598115449
28,032,0001,2818,2803200012818,1303,7.1731917424865985
28,032,0001,2822,2803200012822,3308,8.104401307921613
28,032,0001,2837,2803200012837,1861,7.529406457837013
28,032,0001,2841,2803200012841,2015,7.60887062919126
28,032,0001,2856,2803200012856,2307,7.744136627627991
28,032,0001,2860,2803200012860,3843,8.254268770090183
28,032,0001,2875,2803200012875,4244,8.353497098745448
28,032,0001,288A,280320001288A,3628,8.19671240721307
28,032,0001,2894,2803200012894,466,6.1463292576688975
28,032,0001,2907,2803200012907,2826,7.946971357693591
28,032,0001,2911,2803200012911,2427,7.794823152179389
28,032,0001,2926,2803200012926,2827,7.947325027016463
28,032,0001,2945,2803200012945,3778,8.237214703349489
28,032,0001,295A,280320001295A,3033,8.017637159908478
28,032,0001,2964,2803200012964,2333,7.755338812846501
28,032,0001,2979,2803200012979,3520,8.166500319155052
28,032,0001,2983,2803200012983,2876,7.964503363551548
28,032,0001,2998,2803200012998,7295,8.895081531754167
28,032,0001,3017,2803200013017,1721,7.451241684987676
28,032,0001,3021,2803200013021,3605,8.190354403763262
28,032,0001,3036,2803200013036,161,5.087596335232384
28,032,0001,3040,2803200013040,1410,7.252053951852814
28,032,0001,306A,280320001306A,494,6.20455776256869
28,032,0001,3074,2803200013074,500,6.2166061010848646
28,032,0001,3089,2803200013089,2433,7.797291273547472
28,032,0001,3093,2803200013093,0,0.0
28,032,0001,3106,2803200013106,10,2.3978952727983707
28,032,0001,3110,2803200013110,414,6.028278520230698
28,032,0001,3125,2803200013125,23,3.1780538303479458
28,032,0001,313A,280320001313A,6703,8.810459642161918
28,032,0001,3159,2803200013159,2796,7.936302693201959
28,032,0001,3163,2803200013163,1196,7.087573705557973
28,032,0001,3178,2803200013178,700,6.55250788703459
28,032,0001,3182,2803200013182,393,5.976350909297934
28,032,0001,3197,2803200013197,491,6.198478716492308
28,032,0001,320A,280320001320A,0,0.0
28,032,0001,3214,2803200013214,445,6.100318952020064
28,032,0001,3229,2803200013229,0,0.0
28,032,0001,3233,2803200013233,6287,8.746398334109042
28,032,0001,3248,2803200013248,3260,8.089789175789319
28,032,0001,3252,2803200013252,348,5.855071922202427
28,032,0001,3271,2803200013271,299,5.703782474656201
28,032,0001,3286,2803200013286,1904,7.552237287560802
28,032,0001,3290,2803200013290,1527,7.331714969726466
28,032,0001,3303,2803200013303,1613,7.3864708488298945
28,032,0001,3318,2803200013318,1775,7.4821189235521155
28,032,0001,3322,2803200013322,4082,8.314587291319576
28,032,0001,3337,2803200013337,2858,7.958227192322312
28,032,0001,3341,2803200013341,4241,8.352790135124629
28,032,0001,3356,2803200013356,4430,8.39638057119949
28,032,0001,3360,2803200013360,54,4.007333185232471
28,032,0001,3375,2803200013375,145,4.983606621708336
28,032,0001,338A,280320001338A,343,5.840641657373398
28,032,0001,3394,2803200013394,0,0.0
28,032,0001,3407,2803200013407,4338,8.37539918579835
28,032,0001,3411,2803200013411,5645,8.638702608813434
28,032,0001,3426,2803200013426,1356,7.213031659834869
28,032,0001,3430,2803200013430,723,6.584791392385716
28,032,0001,3445,2803200013445,2997,8.005700678662542
28,032,0001,345A,280320001345A,2084,7.642524134232902
28,032,0001,3464,2803200013464,2837,7.950854857719988
28,032,0001,3479,2803200013479,4720,8.459775920546287
28,032,0001,3483,2803200013483,1719,7.450079569807499
28,032,0001,3498,2803200013498,3906,8.27052509505507
28,032,0001,3500,2803200013500,2074,7.637716432664798
28,032,0001,3515,2803200013515,2025,7.613818684808629
28,032,0001,352A,280320001352A,2842,7.952615111651
28,032,0001,3534,2803200013534,3313,8.105911197986508
28,032,0001,3549,2803200013549,5042,8.525756422076725
28,032,0001,3553,2803200013553,1582,7.367077059881012
28,032,0001,3568,2803200013568,1357,7.213768308118642
28,032,0001,3572,2803200013572,1118,7.020190708311925
28,032,0001,3587,2803200013587,3787,8.239593454305968
28,032,0001,3591,2803200013591,2385,7.777373602657861
28,032,0001,3604,2803200013604,2233,7.711548979629146
28,032,0001,3619,2803200013619,2534,7.837948916025283
28,032,0001,3623,2803200013623,2681,7.894318063841624
28,032,0001,3638,2803200013638,2069,7.635303886259415
28,032,0001,3642,2803200013642,3046,8.021912778985708
28,032,0001,3657,2803200013657,3730,8.224431573221159
28,032,0001,3661,2803200013661,3973,8.287528423111763
28,032,0001,3676,2803200013676,4922,8.5016733797582
28,032,0001,3680,2803200013680,4644,8.443546651247939
28,032,0001,3695,2803200013695,4355,8.37930948405285
28,032,0001,3708,2803200013708,3800,8.24301946898925
28,032,0001,3712,2803200013712,4536,8.420021279663963
28,032,0001,3727,2803200013727,3465,8.150756470275551
28,032,0001,3731,2803200013731,3234,8.081784206935001
28,032,0001,3746,2803200013746,6133,8.721602344674197
28,032,0001,3750,2803200013750,5350,8.585038738311304
28,032,0001,3765,2803200013765,0,0.0
28,032,0001,377A,280320001377A,4266,8.358666283188
28,032,0001,3784,2803200013784,2519,7.832014180505469
28,032,0001,3799,2803200013799,3864,8.259716961021523
28,032,0001,3801,2803200013801,2676,7.892452043520352
28,032,0001,3816,2803200013816,103,4.6443908991413725
28,032,0001,3820,2803200013820,1095,6.999422467507961
28,032,0001,3835,2803200013835,0,0.0
28,032,0001,384A,280320001384A,329,5.799092654460526
28,032,0001,3854,2803200013854,2871,7.962763930168115
28,032,0001,3869,2803200013869,4287,8.363575702750637
28,032,0001,3873,2803200013873,767,6.643789733147672
28,032,0001,3888,2803200013888,187,5.236441962829949
28,032,0001,3892,2803200013892,0,0.0
28,032,0001,3905,2803200013905,269,5.598421958998375
28,032,0001,391A,280320001391A,599,6.396929655216146
28,032,0001,3924,2803200013924,19,2.995732273553991
28,032,0001,3939,2803200013939,1746,7.465655310134056
28,032,0001,3943,2803200013943,765,6.641182169740591
28,032,0001,3958,2803200013958,1203,7.093404625868766
28,032,0001,3962,2803200013962,2289,7.736307096548285
28,032,0001,3977,2803200013977,2236,7.71289096149013
28,032,0001,3981,2803200013981,631,6.448889394146858
28,032,0001,3996,2803200013996,3110,8.042699496897637
28,032,0001,4000,2803200014000,1839,7.517520850603031
28,032,0001,4015,2803200014015,320,5.771441123130016
28,032,0001,402A,280320001402A,8641,9.064389316491878
28,032,0001,4034,2803200014034,824,6.715383386334681
28,032,0001,4049,2803200014049,4859,8.48879371689454
28,032,0001,4053,2803200014053,436,6.07993319509559
28,032,0001,4068,2803200014068,4297,8.365905077202456
28,032,0001,4072,2803200014072,3296,8.10076824307173
28,032,0001,4087,2803200014087,502,6.220590170099739
28,032,0001,4091,2803200014091,3427,8.13973227971767
28,032,0001,4104,2803200014104,2109,7.6544432264701125
28,032,0001,4119,2803200014119,3944,8.280204233279974
28,032,0001,4123,2803200014123,26,3.295836866004329
28,032,0001,4138,2803200014138,57,4.060443010546419
28,032,0001,4142,2803200014142,32,3.4965075614664802
28,032,0001,4157,2803200014157,17,2.8903717578961645
28,032,0001,4161,2803200014161,1014,6.922643891475888
28,032,0001,4176,2803200014176,2,1.0986122886681098
28,032,0001,4180,2803200014180,3251,8.087025470667701
28,032,0001,4195,2803200014195,1381,7.231287004327616
28,032,0001,4208,2803200014208,33,3.5263605246161616
28,032,0001,4212,2803200014212,25,3.258096538021482
28,032,0001,4227,2803200014227,0,0.0
28,032,0001,4231,2803200014231,0,0.0
28,032,0001,4246,2803200014246,515,6.246106765481563
28,032,0001,4250,2803200014250,1143,7.042286171939743
28,032,0001,4265,2803200014265,151,5.0238805208462765
28,032,0001,427A,280320001427A,753,6.625392368007956
28,032,0001,4284,2803200014284,81,4.406719247264253
28,032,0001,4299,2803200014299,631,6.448889394146858
28,032,0001,4301,2803200014301,637,6.45833828334479
28,032,0001,4316,2803200014316,0,0.0
28,032,0001,4320,2803200014320,46,3.8501476017100584
28,032,0001,4335,2803200014335,878,6.778784897685177
28,032,0001,434A,280320001434A,1658,7.413970290190444
28,032,0001,4354,2803200014354,2112,7.655864017616056
28,032,0001,4369,2803200014369,0,0.0
28,032,0001,4373,2803200014373,39,3.6888794541139363
28,032,0001,4388,2803200014388,1,0.6931471805599453
28,032,0001,4392,2803200014392,0,0.0
28,033,0001,0170,2803300010170,1638,7.40184157874383
28,033,0001,0202,2803300010202,1832,7.513709247839705
28,033,0001,026A,280330001026A,2038,7.620214770574455
28,033,0001,0274,2803300010274,4186,8.339739766019143
28,033,0001,0310,2803300010310,1841,7.518607216815252
28,033,0001,0344,2803300010344,3467,8.151333337900432
28,033,0001,0378,2803300010378,2565,7.850103545175582
28,033,0001,0382,2803300010382,232,5.4510384535657
28,033,0001,040A,280330001040A,2634,7.876638460975463
28,033,0001,0414,2803300010414,1090,6.994849985833071
28,033,0001,0448,2803300010448,1722,7.45182223652793
28,033,0001,0452,2803300010452,1422,7.260522598089852
28,033,0001,0467,2803300010467,1037,6.945051063725834
28,033,0001,0471,2803300010471,977,6.885509670034818
28,033,0001,0486,2803300010486,2802,7.938445551164788
28,033,0001,0490,2803300010490,1732,7.457609289715606
28,033,0001,0503,2803300010503,1222,7.109062135687172
28,033,0001,0518,2803300010518,904,6.807934943699926
28,033,0001,0522,2803300010522,423,6.049733455231958
28,033,0001,0537,2803300010537,1026,6.934397209928558
28,033,0001,0541,2803300010541,1491,7.307872780763706
28,033,0001,0556,2803300010556,1814,7.503840746698951
28,033,0001,0560,2803300010560,872,6.771935555839602
28,033,0001,0575,2803300010575,994,6.902742737158593
28,033,0001,058A,280330001058A,753,6.625392368007956
28,033,0001,0594,2803300010594,725,6.587550014824796
28,033,0001,0607,2803300010607,1172,7.067319848653476
28,033,0001,0611,2803300010611,683,6.52795791762255
28,033,0001,0679,2803300010679,2062,7.631916513071252
28,033,0001,0683,2803300010683,1679,7.426549072397305
28,033,0001,0753,2803300010753,2730,7.912423121473705
28,033,0001,0768,2803300010768,39,3.6888794541139363
28,033,0001,0804,2803300010804,95,4.564348191467836
28,033,0001,0819,2803300010819,1155,7.052721049232323
28,033,0001,0823,2803300010823,810,6.698268054115413
28,033,0001,0838,2803300010838,73,4.30406509320417
28,033,0001,0857,2803300010857,1958,7.580189417944541
28,033,0001,0861,2803300010861,1714,7.44716835960004
28,033,0001,0876,2803300010876,2407,7.786551806428712
28,033,0001,0880,2803300010880,2408,7.786967002614872
28,033,0001,0895,2803300010895,1497,7.311886164077165
28,033,0001,0908,2803300010908,1778,7.483806687665835
28,033,0001,0912,2803300010912,1156,7.053585727193677
28,033,0001,0927,2803300010927,1158,7.055312843339752
28,033,0001,0931,2803300010931,3486,8.156797046675651
28,033,0001,0946,2803300010946,429,6.063785208687608
28,033,0001,0950,2803300010950,967,6.875232087276577
28,033,0001,1003,2803300011003,386,5.958424693029782
28,033,0001,1018,2803300011018,2705,7.903226808730733
28,033,0001,1037,2803300011037,27,3.332204510175204
28,033,0001,1041,2803300011041,770,6.647688373563329
28,033,0001,1056,2803300011056,688,6.535241271013659
28,033,0001,1075,2803300011075,264,5.579729825986222
28,033,0001,108A,280330001108A,1187,7.080026499922591
28,033,0001,1094,2803300011094,18,2.9444389791664403
28,033,0001,1107,2803300011107,147,4.997212273764115
28,033,0001,1111,2803300011111,124,4.8283137373023015
28,033,0001,1145,2803300011145,203,5.318119993844216
28,033,0001,115A,280330001115A,0,0.0
28,033,0001,1183,2803300011183,371,5.918893854273146
28,033,0001,1198,2803300011198,827,6.71901315438526
28,033,0001,1215,2803300011215,833,6.726233402358747
28,033,0001,122A,280330001122A,56,4.04305126783455
28,033,0001,1234,2803300011234,5350,8.585038738311304
28,033,0001,1249,2803300011249,0,0.0
28,033,0001,1253,2803300011253,53,3.9889840465642745
28,033,0001,1268,2803300011268,3796,8.241966560231802
28,033,0001,1272,2803300011272,2678,7.893198869544609
28,033,0001,1287,2803300011287,1847,7.521859252201629
28,033,0001,1291,2803300011291,13,2.6390573296152584
28,033,0001,1304,2803300011304,218,5.389071729816501
28,033,0001,1319,2803300011319,15,2.772588722239781
28,033,0001,1323,2803300011323,0,0.0
28,033,0001,1338,2803300011338,1110,7.01301578963963
28,033,0001,1342,2803300011342,158,5.0689042022202315
28,033,0001,1357,2803300011357,417,6.035481432524756
28,033,0001,1361,2803300011361,0,0.0
28,033,0001,1376,2803300011376,350,5.860786223465865
28,033,0001,1380,2803300011380,0,0.0
28,033,0001,1395,2803300011395,0,0.0
28,033,0001,1408,2803300011408,0,0.0
28,033,0001,1412,2803300011412,103,4.6443908991413725
28,033,0001,1427,2803300011427,20,3.044522437723423
28,033,0001,1431,2803300011431,18,2.9444389791664403
28,033,0291,0626,2803302910626,3351,8.117312461601975
28,033,0291,0630,2803302910630,1673,7.422971251049421
28,033,0291,0698,2803302910698,2599,7.8632667240095735
28,033,0291,0842,2803302910842,1056,6.963189985870238
28,033,0291,097A,280330291097A,327,5.793013608384144
28,033,0291,1022,2803302911022,796,6.680854678790215
28,033,0291,1126,2803302911126,15,2.772588722239781
28,033,0291,1130,2803302911130,137,4.927253685157205
28,033,0291,1200,2803302911200,224,5.41610040220442
28,034,0001,0318,2803400010318,329,5.799092654460526
28,034,0001,0322,2803400010322,306,5.726847747587197
28,034,0001,0337,2803400010337,391,5.971261839790462
28,034,0001,0341,2803400010341,45,3.828641396489095
28,034,0001,0619,2803400010619,45,3.828641396489095
28,035,0001,0669,2803500010669,1694,7.43543801981455
28,035,0001,0673,2803500010673,1276,7.152268856032539
28,035,0001,0705,2803500010705,1071,6.977281341630747
28,035,0001,071A,280350001071A,1038,6.946013991099227
28,035,0001,0739,2803500010739,1160,7.057036981697891
28,035,0001,0743,2803500010743,1103,7.00669522683704
28,035,0001,0758,2803500010758,961,6.8690144506657065
28,035,0001,0777,2803500010777,790,6.673297967767654
28,035,0001,0781,2803500010781,866,6.7650389767805414
28,035,0001,0796,2803500010796,841,6.7357800142423265
28,035,0001,0813,2803500010813,701,6.553933404025811
28,035,0001,0828,2803500010828,622,6.434546518787453
28,035,0001,0832,2803500010832,600,6.398594934535208
28,035,0001,0847,2803500010847,528,6.270988431858299
28,035,0001,0851,2803500010851,746,6.616065185132817
28,035,0001,0866,2803500010866,446,6.102558594613569
28,035,0001,0870,2803500010870,413,6.025865973825314
28,035,0001,0885,2803500010885,637,6.45833828334479
28,035,0001,0921,2803500010921,739,6.606650186198215
28,035,0001,0936,2803500010936,893,6.795705775173514
28,035,0001,0955,2803500010955,1546,7.344072850573066
28,035,0001,096A,280350001096A,601,6.400257445308821
28,035,0001,0974,2803500010974,334,5.814130531825066
28,035,0001,1309,2803500011309,573,6.352629396319567
28,035,0001,1313,2803500011313,392,5.973809611869261
28,035,0001,1328,2803500011328,687,6.5337888379333435
28,035,0001,1629,2803500011629,555,6.320768294250582
28,035,0001,1633,2803500011633,382,5.948034989180646
28,035,0001,1648,2803500011648,996,6.904750769961838
28,035,0001,1667,2803500011667,831,6.723832440821209
28,035,0001,1671,2803500011671,688,6.535241271013659
28,035,0001,1686,2803500011686,490,6.19644412779452
28,035,0001,1690,2803500011690,63,4.1588830833596715
28,035,0001,1703,2803500011703,101,4.624972813284271
28,035,0001,1718,2803500011718,37,3.6375861597263857
28,035,0001,1722,2803500011722,1177,7.071573364211532
28,035,0001,1741,2803500011741,745,6.61472560020376
28,035,0001,1756,2803500011756,580,6.364750756851911
28,035,0001,1760,2803500011760,114,4.74493212836325
28,035,0001,1775,2803500011775,23,3.1780538303479458
28,035,0001,178A,280350001178A,557,6.324358962381311
28,035,0001,1794,2803500011794,439,6.0867747269123065
28,035,0001,1830,2803500011830,276,5.6240175061873385
28,035,0001,1845,2803500011845,67,4.219507705176107
28,035,0001,185A,280350001185A,17,2.8903717578961645
28,035,0001,1864,2803500011864,23,3.1780538303479458
28,035,0001,1879,2803500011879,58,4.07753744390572
28,035,0001,1883,2803500011883,18,2.9444389791664403
28,035,0001,1898,2803500011898,34,3.5553480614894135
28,035,0001,1900,2803500011900,63,4.1588830833596715
28,035,0001,1915,2803500011915,24,3.2188758248682006
28,035,0001,192A,280350001192A,15,2.772588722239781
28,035,0001,1934,2803500011934,21,3.091042453358316
28,035,0001,1949,2803500011949,0,0.0
28,035,0001,1953,2803500011953,0,0.0
28,035,0001,1968,2803500011968,0,0.0
28,035,0001,1972,2803500011972,13,2.6390573296152584
28,035,0001,1987,2803500011987,0,0.0
28,035,0001,1991,2803500011991,0,0.0
28,035,0139,1332,2803501391332,834,6.727431724850855
28,035,0139,1347,2803501391347,632,6.450470422144176
28,035,0139,1351,2803501391351,580,6.364750756851911
28,035,0139,1366,2803501391366,621,6.432940092739179
28,035,0139,1370,2803501391370,777,6.656726524178391
28,035,0139,1807,2803501391807,54,4.007333185232471
28,035,0542,1811,2803505421811,1307,7.176254532017144
28,035,0542,1826,2803505421826,1386,7.234898420314831
28,035,0542,2006,2803505422006,0,0.0
28,036,0001,0083,2803600010083,83,4.430816798843313
28,036,0001,0153,2803600010153,4,1.6094379124341003
28,037,0001,0663,2803700010663,1854,7.5256399750415355
28,037,0001,0678,2803700010678,1261,7.140453043101158
28,037,0001,0682,2803700010682,1617,7.388946097618437
28,037,0001,0697,2803700010697,1719,7.450079569807499
28,037,0001,070A,280370001070A,1241,7.124478262493424
28,037,0001,0714,2803700010714,1270,7.147559271189454
28,037,0001,0729,2803700010729,463,6.139884552226255
28,037,0001,1074,2803700011074,1047,6.954638864880987
28,037,0001,1110,2803700011110,23,3.1780538303479458
28,037,0001,113A,280370001113A,102,4.634728988229636
28,037,0001,1182,2803700011182,12,2.5649493574615367
28,037,0001,1197,2803700011197,11,2.4849066497880004
28,037,0001,120A,280370001120A,0,0.0
28,038,0001,0020,2803800010020,895,6.79794041297493
28,038,0001,0035,2803800010035,1341,7.201916317531627
28,038,0001,0069,2803800010069,1365,7.2196420401307355
28,038,0001,0073,2803800010073,1725,7.453561871643373
28,038,0001,0088,2803800010088,1981,7.591861714889934
28,038,0001,0092,2803800010092,1171,7.066466970136958
28,038,0001,0105,2803800010105,4743,8.464635940677562
28,038,0001,011A,280380001011A,1617,7.388946097618437
28,038,0001,0124,2803800010124,1093,6.9975959829819265
28,038,0001,0139,2803800010139,784,6.665683717782408
28,038,0001,0143,2803800010143,1680,7.427144133408616
28,038,0001,0158,2803800010158,1540,7.340186835320115
28,038,0001,0162,2803800010162,1933,7.56734567601324
28,038,0001,0177,2803800010177,1338,7.199678345691172
28,038,0001,0181,2803800010181,2190,7.692113339595466
28,038,0001,0196,2803800010196,2961,7.993619994827744
28,038,0001,0209,2803800010209,1565,7.356279876550748
28,038,0001,0213,2803800010213,2366,7.769378609513984
28,038,0001,0228,2803800010228,4097,8.318254328798846
28,038,0001,0232,2803800010232,3222,8.078067881815437
28,038,0001,0247,2803800010247,2211,7.701652362642226
28,038,0001,0251,2803800010251,1987,7.59488438721652
28,038,0001,0266,2803800010266,3585,8.184792654165078
28,038,0001,0285,2803800010285,3247,8.085794701281568
28,038,0001,029A,280380001029A,2625,7.873217054862741
28,038,0001,0302,2803800010302,5055,8.528330935826693
28,038,0001,0317,2803800010317,3284,8.09712193091871
28,038,0001,0321,2803800010321,1903,7.55171221535131
28,038,0001,0336,2803800010336,3173,8.062747901086354
28,038,0001,0340,2803800010340,3009,8.009695357742922
28,038,0001,0355,2803800010355,2900,7.972810784121404
28,038,0001,036A,280380001036A,2487,7.81923445385907
28,038,0001,0374,2803800010374,2674,7.891704659330107
28,038,0001,0389,2803800010389,2493,7.821643126239982
28,038,0001,0393,2803800010393,1869,7.533693709848633
28,038,0001,0406,2803800010406,3045,8.021584533455107
28,038,0001,0410,2803800010410,2059,7.630461261783627
28,038,0001,0425,2803800010425,3665,8.20685642839965
28,038,0001,043A,280380001043A,4673,8.449770515098804
28,038,0001,0444,2803800010444,3732,8.224967478914584
28,038,0001,0459,2803800010459,4492,8.41027590907016
28,038,0001,0463,2803800010463,1610,7.384610383176974
28,038,0001,0478,2803800010478,1121,7.022868086082641
28,038,0001,0482,2803800010482,2409,7.787382026484701
28,038,0001,0497,2803800010497,1735,7.459338895220296
28,038,0001,0529,2803800010529,3131,8.049427057110695
28,038,0001,0548,2803800010548,3353,8.117908942383155
28,038,0001,0552,2803800010552,1886,7.54274354536855
28,038,0001,0567,2803800010567,3458,8.148734808937169
28,038,0001,0590,2803800010590,2120,7.659642954564682
28,038,0001,0603,2803800010603,3264,8.09101504171053
28,038,0001,0618,2803800010618,3119,8.045588280803528
28,038,0001,0622,2803800010622,2895,7.971085753505607
28,038,0001,0637,2803800010637,3028,8.015987811027237
28,038,0001,0641,2803800010641,4960,8.509362612301048
28,038,0001,0694,2803800010694,4375,8.383890344101816
28,038,0001,0711,2803800010711,2655,7.884576510596324
28,038,0001,0726,2803800010726,4440,8.398634855292102
28,038,0001,0745,2803800010745,0,0.0
28,038,0001,0798,2803800010798,301,5.71042701737487
28,038,0001,0815,2803800010815,2313,7.746732907753622
28,038,0001,082A,280380001082A,1733,7.458186157340487
28,038,0001,0834,2803800010834,2360,7.766840537085513
28,038,0001,0849,2803800010849,2054,7.628031126930335
28,038,0001,0853,2803800010853,2361,7.767263996757308
28,038,0001,0868,2803800010868,2477,7.815207062189088
28,038,0001,0872,2803800010872,2587,7.858640655620791
28,038,0001,0887,2803800010887,2019,7.61085279039525
28,038,0001,0891,2803800010891,3809,8.245384468120747
28,038,0001,0904,2803800010904,2855,7.957177323459475
28,038,0001,0919,2803800010919,2708,7.904334842085095
28,038,0001,0938,2803800010938,1564,7.355641102974253
28,038,0001,0942,2803800010942,4234,8.351138607086154
28,038,0001,0957,2803800010957,4863,8.489616423646003
28,038,0001,0961,2803800010961,2955,7.991592282068092
28,038,0001,0980,2803800010980,3162,8.059276223305648
28,038,0001,0995,2803800010995,3467,8.151333337900432
28,038,0001,1014,2803800011014,3536,8.17103418920548
28,038,0001,1033,2803800011033,2239,7.7142311448490855
28,038,0001,1048,2803800011048,1898,7.549082710812286
28,038,0001,1071,2803800011071,1593,7.374001859350161
28,038,0001,1086,2803800011086,2369,7.7706452341291765
28,038,0001,1090,2803800011090,3249,8.086410275323782
28,038,0001,1103,2803800011103,2287,7.7354333524996886
28,038,0001,1118,2803800011118,2438,7.79934339821592
28,038,0001,1122,2803800011122,4309,8.368693183097793
28,038,0001,1137,2803800011137,2612,7.868254265520613
28,038,0001,1141,2803800011141,5023,8.521981708148035
28,038,0001,1156,2803800011156,3021,8.013674142832684
28,038,0001,1160,2803800011160,3843,8.254268770090183
28,038,0001,1211,2803800011211,2623,7.8724551500639794
28,038,0001,1226,2803800011226,3468,8.15162164696975
28,038,0001,1245,2803800011245,4834,8.483636407887394
28,038,0001,1264,2803800011264,3252,8.087332926473351
28,038,0001,1279,2803800011279,1722,7.45182223652793
28,038,0001,1283,2803800011283,3244,8.08487062913819
28,038,0001,1298,2803800011298,2669,7.8898337513942955
28,038,0001,1300,2803800011300,3060,8.026496938945412
28,038,0001,1315,2803800011315,3459,8.14902386805177
28,038,0001,132A,280380001132A,3006,8.008698182988528
28,038,0001,1334,2803800011334,2094,7.647308832356238
28,038,0001,1349,2803800011349,3536,8.17103418920548
28,038,0001,1353,2803800011353,2923,7.980707820869669
28,038,0001,1368,2803800011368,2270,7.7279755421055585
28,038,0001,1372,2803800011372,3355,8.118505067587098
28,038,0001,1387,2803800011387,5319,8.57922858233569
28,038,0001,1391,2803800011391,2098,7.649216319820633
28,038,0001,1404,2803800011404,111,4.718498871295094
28,038,0001,1423,2803800011423,1400,7.244941546337007
28,038,0001,1438,2803800011438,3266,8.09162741160107
28,038,0001,1442,2803800011442,2,1.0986122886681098
28,039,0001,0329,2803900010329,2023,7.6128310304073565
28,039,0001,0367,2803900010367,1316,7.183111701743281
28,039,0001,0371,2803900010371,1167,7.0630481633881725
28,039,0001,0386,2803900010386,801,6.687108607866515
28,039,0001,0390,2803900010390,1004,6.912742820493176
28,039,0001,0403,2803900010403,204,5.3230099791384085
28,039,0001,0418,2803900010418,389,5.966146739123692
28,039,0001,0422,2803900010422,42,3.7612001156935624
28,039,0001,0437,2803900010437,1151,7.049254841255837
28,039,0001,0441,2803900010441,952,6.859614903654202
28,039,0001,0827,2803900010827,451,6.113682179832232
28,039,0001,0831,2803900010831,144,4.976733742420574
28,039,0001,1007,2803900011007,129,4.867534450455582
28,039,0001,1026,2803900011026,17,2.8903717578961645
28,039,0001,1045,2803900011045,78,4.3694478524670215
28,039,0001,1079,2803900011079,92,4.532599493153256
28,039,0001,1083,2803900011083,19,2.995732273553991
28,039,0001,1098,2803900011098,9,2.302585092994046
28,039,0001,1100,2803900011100,20,3.044522437723423
28,039,0001,1115,2803900011115,0,0.0
28,039,0001,112A,280390001112A,0,0.0
28,039,0001,1134,2803900011134,0,0.0
28,039,0001,1149,2803900011149,3,1.3862943611198906
28,039,0001,1153,2803900011153,22,3.1354942159291497
28,039,0001,1168,2803900011168,2,1.0986122886681098
28,039,0001,1172,2803900011172,4,1.6094379124341003
28,039,0001,1187,2803900011187,4,1.6094379124341003
28,040,0001,0141,2804000010141,2264,7.725330037917135
28,040,0001,0175,2804000010175,1640,7.403061091090091
28,040,0001,0207,2804000010207,1274,7.150701457592526
28,040,0001,0211,2804000010211,993,6.901737206656574
28,040,0001,0226,2804000010226,577,6.359573868672378
28,040,0001,0230,2804000010230,663,6.498282149476434
28,040,0001,0245,2804000010245,435,6.077642243349034
28,040,0001,025A,280400001025A,416,6.0330862217988015
28,040,0001,0264,2804000010264,1504,7.316548177182976
28,040,0001,0279,2804000010279,958,6.8658910748834385
28,040,0001,0283,2804000010283,978,6.88653164253051
28,040,0001,0298,2804000010298,835,6.728628613084702
28,040,0001,0300,2804000010300,507,6.230481447578482
28,040,0001,0315,2804000010315,1116,7.018401799069201
28,040,0001,032A,280400001032A,1493,7.309212365692763
28,040,0001,0334,2804000010334,82,4.418840607796598
28,040,0001,0349,2804000010349,1922,7.56164174558878
28,040,0001,0368,2804000010368,969,6.877296071497429
28,040,0001,0387,2804000010387,2210,7.701200180857446
28,040,0001,0391,2804000010391,635,6.455198563340122
28,040,0001,0404,2804000010404,877,6.777646593635117
28,040,0001,0419,2804000010419,939,6.84587987526405
28,040,0001,0423,2804000010423,568,6.343880434126331
28,040,0001,0438,2804000010438,959,6.866933284461882
28,040,0001,0442,2804000010442,790,6.673297967767654
28,040,0001,0457,2804000010457,871,6.77078942390898
28,040,0001,0461,2804000010461,945,6.852242569051878
28,040,0001,0476,2804000010476,727,6.590301048196686
28,040,0001,0480,2804000010480,674,6.51471269087253
28,040,0001,0495,2804000010495,1276,7.152268856032539
28,040,0001,0508,2804000010508,927,6.833031732786201
28,040,0001,0512,2804000010512,756,6.6293632534374485
28,040,0001,0527,2804000010527,1150,7.048386408721883
28,040,0001,0599,2804000010599,1604,7.380879035564116
28,040,0001,0601,2804000010601,1784,7.487173694213739
28,040,0001,0616,2804000010616,797,6.682108597449809
28,040,0001,0692,2804000010692,1300,7.170888478512505
28,040,0001,0739,2804000010739,20,3.044522437723423
28,040,0001,0743,2804000010743,372,5.921578419643816
28,040,0001,0758,2804000010758,42,3.7612001156935624
28,040,0001,0762,2804000010762,1735,7.459338895220296
28,040,0001,0781,2804000010781,19,2.995732273553991
28,040,0001,0796,2804000010796,33,3.5263605246161616
28,040,0001,0809,2804000010809,1208,7.097548850614793
28,040,0001,0813,2804000010813,243,5.497168225293202
28,040,0001,0828,2804000010828,78,4.3694478524670215
28,040,0001,0832,2804000010832,158,5.0689042022202315
28,040,0001,0847,2804000010847,512,6.240275845170769
28,040,0001,0851,2804000010851,2376,7.773594467360194
28,040,0001,0866,2804000010866,1666,7.418780882750794
28,040,0001,0870,2804000010870,794,6.678342114654332
28,040,0001,0885,2804000010885,1112,7.014814351275545
28,040,0001,089A,280400001089A,0,0.0
28,040,0001,0940,2804000010940,43,3.784189633918261
28,040,0001,0955,2804000010955,4,1.6094379124341003
28,040,0001,096A,280400001096A,30,3.4339872044851463
28,040,0001,1008,2804000011008,9,2.302585092994046
28,040,0001,1012,2804000011012,14,2.70805020110221
28,040,0001,1027,2804000011027,4,1.6094379124341003
28,040,0001,1031,2804000011031,23,3.1780538303479458
28,040,0001,1046,2804000011046,8,2.1972245773362196
28,040,0004,0372,2804000040372,840,6.734591659972948
28,040,0004,0531,2804000040531,556,6.322565239927284
28,040,0004,0546,2804000040546,625,6.439350371100098
28,040,0004,057A,280400004057A,503,6.222576268071369
28,040,0004,0584,2804000040584,548,6.3080984415095305
28,040,0004,0724,2804000040724,11,2.4849066497880004
28,040,0004,0902,2804000040902,522,6.259581464064923
28,040,0004,0989,2804000040989,37,3.6375861597263857
28,040,0067,0550,2804000670550,1382,7.232010331664759
28,040,0067,0565,2804000670565,1374,7.226209010100671
28,040,0067,0705,2804000670705,103,4.6443908991413725
28,040,0067,071A,280400067071A,38,3.6635616461296463
28,040,0067,0917,2804000670917,318,5.765191102784844
28,040,0067,0993,2804000670993,13,2.6390573296152584
28,041,0001,0435,2804100010435,8551,9.053920452704881
28,041,0001,0469,2804100010469,2529,7.835974581721566
28,041,0001,0473,2804100010473,2137,7.6676260915849905
28,041,0001,0488,2804100010488,2589,7.859413154693583
28,041,0001,0492,2804100010492,4427,8.395703293828527
28,041,0001,051A,280410001051A,731,6.595780513961311
28,041,0001,0539,2804100010539,3401,8.132118772955806
28,041,0001,0543,2804100010543,3565,8.179199798423086
28,041,0001,0558,2804100010558,4423,8.39479954320217
28,041,0001,0562,2804100010562,5068,8.53089883847235
28,041,0001,0581,2804100010581,2096,7.64826303090192
28,041,0001,0613,2804100010613,1578,7.364547014255642
28,041,0001,0628,2804100010628,2408,7.786967002614872
28,041,0001,0670,2804100010670,3368,8.122371243406553
28,041,0001,0685,2804100010685,1752,7.469083884921234
28,041,0001,069A,280410001069A,1572,7.360739903058278
28,041,0001,0702,2804100010702,3094,8.037543185118697
28,041,0001,0721,2804100010721,1029,6.937314081223682
28,041,0001,0736,2804100010736,2063,7.6324011266014535
28,041,0001,0740,2804100010740,1196,7.087573705557973
28,041,0001,0755,2804100010755,876,6.776506992372183
28,041,0001,076A,280410001076A,1429,7.265429723253953
28,041,0001,0774,2804100010774,2386,7.77779262633883
28,041,0001,0789,2804100010789,2685,7.895808377083183
28,041,0001,0793,2804100010793,2907,7.97522083865341
28,041,0001,0806,2804100010806,2187,7.690743163541872
28,041,0001,0810,2804100010810,1262,7.141245122350491
28,041,0001,0825,2804100010825,1733,7.458186157340487
28,041,0001,083A,280410001083A,2165,7.680637427560936
28,041,0001,0844,2804100010844,2546,7.842671474979457
28,041,0001,0859,2804100010859,1613,7.3864708488298945
28,041,0001,0863,2804100010863,1225,7.111512116496157
28,041,0001,0878,2804100010878,1189,7.081708586105575
28,041,0001,0882,2804100010882,2002,7.602401335665818
28,041,0001,0897,2804100010897,1834,7.51479976048867
28,041,0001,090A,280410001090A,2204,7.6984827878809465
28,041,0001,0914,2804100010914,3319,8.107720061910534
28,041,0001,0929,2804100010929,2830,7.9483852851118995
28,041,0001,0933,2804100010933,1830,7.5126175446745105
28,041,0001,0948,2804100010948,1443,7.275172319452771
28,041,0001,0952,2804100010952,622,6.434546518787453
28,041,0001,0967,2804100010967,1982,7.592366128519796
28,041,0001,0971,2804100010971,2894,7.970740390007095
28,041,0001,0986,2804100010986,2187,7.690743163541872
28,041,0001,0990,2804100010990,2921,7.980023592310645
28,041,0001,1005,2804100011005,5819,8.669055540725484
28,041,0001,101A,280410001101A,2562,7.848933726364071
28,041,0001,1024,2804100011024,1653,7.4109518755836366
28,041,0001,1039,2804100011039,3002,8.00736706798333
28,041,0001,1043,2804100011043,2729,7.912056888179006
28,041,0001,1058,2804100011058,3400,8.131824785007195
28,041,0001,1062,2804100011062,2339,7.757906208351747
28,041,0001,1081,2804100011081,3934,8.277666160851503
28,041,0001,1096,2804100011096,2221,7.706162970199576
28,041,0001,1109,2804100011109,2243,7.716015266642587
28,041,0001,1113,2804100011113,3481,8.155362120328135
28,041,0001,1128,2804100011128,1967,7.584773077612199
28,041,0001,1132,2804100011132,1231,7.116394144093465
28,041,0001,1147,2804100011147,935,6.841615476477592
28,041,0001,1151,2804100011151,1883,7.5411524551363085
28,041,0001,1166,2804100011166,1616,7.388327859577107
28,041,0001,1170,2804100011170,2568,7.851271997109883
28,041,0001,1185,2804100011185,2378,7.774435510302958
28,041,0001,119A,280410001119A,1788,7.489412083508719
28,041,0001,1202,2804100011202,2037,7.61972421378267
28,041,0001,1217,2804100011217,1851,7.524021415206125
28,041,0001,1221,2804100011221,1376,7.227662498728654
28,041,0001,1236,2804100011236,2847,7.954372272531867
28,041,0001,1274,2804100011274,3956,8.283241441385425
28,041,0001,1289,2804100011289,2792,7.934871565945177
28,041,0001,1293,2804100011293,2223,7.707062655370473
28,041,0001,1306,2804100011306,2471,7.812782818577581
28,041,0001,1310,2804100011310,822,6.71295620067707
28,041,0001,1325,2804100011325,2953,7.9909154630913255
28,041,0001,1344,2804100011344,4144,8.329658067569396
28,041,0001,1363,2804100011363,3091,8.036573409707312
28,041,0001,1378,2804100011378,1205,7.095064377287131
28,041,0001,1556,2804100011556,392,5.973809611869261
28,041,0001,1560,2804100011560,4318,8.3707791729607
28,041,0001,1575,2804100011575,1337,7.198931240688173
28,041,0001,158A,280410001158A,458,6.129050210060545
28,041,0001,1594,2804100011594,1044,6.951772164398911
28,041,0001,1607,2804100011607,1102,7.005789019253503
28,041,0001,1611,2804100011611,1382,7.232010331664759
28,041,0001,1630,2804100011630,2723,7.909856667269403
28,041,0001,1700,2804100011700,357,5.8805329864007
28,041,0001,1715,2804100011715,225,5.420534999272286
28,041,0001,1749,2804100011749,2936,7.98514393119862
28,041,0001,1753,2804100011753,2834,7.949797216161852
28,041,0001,1768,2804100011768,861,6.759255270663693
28,041,0001,1772,2804100011772,1493,7.309212365692763
28,041,0001,1787,2804100011787,3248,8.0861025356691
28,041,0001,1791,2804100011791,5510,8.614501373883236
28,041,0001,1804,2804100011804,1851,7.524021415206125
28,041,0001,1819,2804100011819,4022,8.299783171949787
28,041,0001,1823,2804100011823,1101,7.004881989712859
28,041,0001,1842,2804100011842,3413,8.135639903354386
28,041,0001,1857,2804100011857,3486,8.156797046675651
28,041,0001,1861,2804100011861,1563,7.355001921105257
28,041,0001,1876,2804100011876,1592,7.373374309910049
28,041,0001,1880,2804100011880,50,3.9318256327243257
28,041,0001,1895,2804100011895,901,6.804614520062624
28,041,0001,1908,2804100011908,1825,7.509883061154913
28,041,0001,1912,2804100011912,1659,7.414572881350589
28,041,0001,1927,2804100011927,3260,8.089789175789319
28,041,0001,1931,2804100011931,5311,8.57772369115627
28,041,0001,1946,2804100011946,2570,7.852050207265889
28,041,0001,1950,2804100011950,6271,8.743850562030243
28,041,0001,197A,280410001197A,1489,7.306531398939505
28,041,0001,1984,2804100011984,639,6.461468176353717
28,041,0001,1999,2804100011999,428,6.061456918928017
28,041,0001,2003,2804100012003,443,6.095824562432225
28,041,0001,2018,2804100012018,2392,7.780303087908373
28,041,0001,2022,2804100012022,324,5.783825182329737
28,041,0001,2041,2804100012041,1083,6.988413181999592
28,041,0001,2056,2804100012056,1578,7.364547014255642
28,041,0001,2060,2804100012060,727,6.590301048196686
28,041,0001,2075,2804100012075,30,3.4339872044851463
28,041,0001,2107,2804100012107,409,6.016157159698354
28,041,0001,2111,2804100012111,450,6.111467339502679
28,041,0001,2126,2804100012126,2700,7.901377353792616
28,041,0001,2130,2804100012130,228,5.43372200355424
28,041,0001,2145,2804100012145,4723,8.460411177317253
28,041,0001,215A,280410001215A,2542,7.841099765422119
28,041,0001,2164,2804100012164,2088,7.644440761556566
28,041,0001,2183,2804100012183,2214,7.703007682479236
28,041,0001,2198,2804100012198,2365,7.768956044538332
28,041,0001,2200,2804100012200,2642,7.879669914604289
28,041,0001,2215,2804100012215,2893,7.970394907191429
28,041,0001,222A,280410001222A,601,6.400257445308821
28,041,0001,2234,2804100012234,1721,7.451241684987676
28,041,0001,2249,2804100012249,1565,7.356279876550748
28,041,0001,2253,2804100012253,2361,7.767263996757308
28,041,0001,2268,2804100012268,1330,7.193685818395112
28,041,0001,2272,2804100012272,261,5.568344503761097
28,041,0001,2287,2804100012287,762,6.637258031284457
28,041,0001,2291,2804100012291,236,5.4680601411351315
28,041,0001,2304,2804100012304,0,0.0
28,041,0001,2319,2804100012319,399,5.991464547107982
28,041,0001,2323,2804100012323,153,5.0369526024136295
28,041,0001,2338,2804100012338,60,4.110873864173311
28,041,0001,2342,2804100012342,67,4.219507705176107
28,041,0001,2357,2804100012357,147,4.997212273764115
28,041,0001,2361,2804100012361,622,6.434546518787453
28,041,0001,2376,2804100012376,0,0.0
28,041,0001,2380,2804100012380,735,6.601230118728877
28,041,0001,2395,2804100012395,17,2.8903717578961645
28,041,0001,2408,2804100012408,11,2.4849066497880004
28,041,0001,2412,2804100012412,29,3.4011973816621555
28,041,0001,2427,2804100012427,58,4.07753744390572
28,041,0001,2431,2804100012431,29,3.4011973816621555
28,041,0001,2446,2804100012446,13,2.6390573296152584
28,041,0001,2450,2804100012450,522,6.259581464064923
28,041,0001,2465,2804100012465,187,5.236441962829949
28,041,0001,247A,280410001247A,471,6.156978985585555
28,041,0001,2484,2804100012484,298,5.700443573390687
28,041,0001,2499,2804100012499,1197,7.088408778675395
28,041,0001,2501,2804100012501,0,0.0
28,041,0001,2516,2804100012516,1441,7.273786317844895
28,041,0001,2520,2804100012520,176,5.176149732573829
28,041,0001,2535,2804100012535,4,1.6094379124341003
28,041,0001,254A,280410001254A,105,4.663439094112067
28,041,0001,2554,2804100012554,82,4.418840607796598
28,041,0001,2569,2804100012569,38,3.6635616461296463
28,041,0001,2573,2804100012573,0,0.0
28,041,0001,2588,2804100012588,28,3.367295829986474
28,041,0001,2592,2804100012592,67,4.219507705176107
28,041,0001,2605,2804100012605,10,2.3978952727983707
28,041,0001,261A,280410001261A,5,1.791759469228055
28,041,0001,2624,2804100012624,33,3.5263605246161616
28,041,0001,2639,2804100012639,59,4.0943445622221
28,041,0001,2643,2804100012643,233,5.455321115357702
28,041,0001,2658,2804100012658,62,4.143134726391533
28,041,0001,2662,2804100012662,26,3.295836866004329
28,041,0001,2677,2804100012677,16,2.833213344056216
28,041,0001,2681,2804100012681,36,3.6109179126442243
28,041,0001,2696,2804100012696,11,2.4849066497880004
28,041,0001,2709,2804100012709,16,2.833213344056216
28,041,0001,2713,2804100012713,0,0.0
28,041,0001,2728,2804100012728,0,0.0
28,041,0001,2732,2804100012732,0,0.0
28,041,0001,2747,2804100012747,8,2.1972245773362196
28,042,0001,017A,280420001017A,214,5.3706380281276624
28,042,0001,0184,2804200010184,297,5.697093486505405
28,042,0001,0199,2804200010199,349,5.857933154483459
28,042,0001,0201,2804200010201,226,5.424950017481403
28,042,0001,0216,2804200010216,199,5.298317366548036
28,042,0001,0358,2804200010358,4,1.6094379124341003
28,042,0001,0362,2804200010362,39,3.6888794541139363
28,042,0001,0377,2804200010377,15,2.772588722239781
28,042,0001,0381,2804200010381,0,0.0
28,042,0001,0396,2804200010396,0,0.0
28,043,0001,0143,2804300010143,1450,7.280008252884188
28,043,0001,0158,2804300010158,1821,7.507690077819904
28,043,0001,0162,2804300010162,1141,7.040536390215956
28,043,0001,0181,2804300010181,1376,7.227662498728654
28,043,0001,0285,2804300010285,491,6.198478716492308
28,043,0001,029A,280430001029A,1229,7.114769448366463
28,043,0001,0302,2804300010302,893,6.795705775173514
28,043,0001,0317,2804300010317,75,4.330733340286331
28,043,0001,0321,2804300010321,311,5.7430031878094825
28,043,0001,0374,2804300010374,154,5.043425116919247
28,043,0001,0389,2804300010389,0,0.0
28,043,0001,0393,2804300010393,652,6.481577129276431
28,043,0300,0247,2804303000247,496,6.208590026096629
28,043,0300,0270,2804303000270,724,6.586171654854675
28,043,0300,0336,2804303000336,347,5.8522024797744745
28,043,0300,0340,2804303000340,572,6.35088571671474
28,043,0300,0355,2804303000355,221,5.402677381872279
28,043,0300,036A,280430300036A,85,4.454347296253507
