ENTIDAD,MUN,LOC,AGEB,CVEGEO,POBTOT,log_POBTOT
05,001,0001,0087,0500100010087,735,2.866877814337499
05,002,0001,1468,0500200011468,1653,3.218535505216528
05,002,0001,1557,0500200011557,245,2.3909351071033793
05,002,0001,1561,0500200011561,2443,3.3881012015705165
05,002,0001,1580,0500200011580,701,2.846337112129805
05,002,0001,1595,0500200011595,887,2.948412965778601
05,002,0001,1608,0500200011608,1289,3.110589710299249
05,002,0001,1612,0500200011612,1686,3.2271150825891253
05,002,0001,1627,0500200011627,1165,3.0666985504229953
05,002,0001,1631,0500200011631,1199,3.0791812460476247
05,002,0001,1646,0500200011646,731,2.864511081058392
05,002,0001,1650,0500200011650,1485,3.1720188094245563
05,002,0001,1665,0500200011665,1292,3.111598524880394
05,002,0001,167A,050020001167A,640,2.8068580295188172
05,002,0001,1684,0500200011684,472,2.6748611407378116
05,002,0001,1699,0500200011699,518,2.7151673578484576
05,002,0001,1701,0500200011701,1496,3.1752218003430523
05,002,0001,1716,0500200011716,1075,3.0318122713303706
05,002,0001,1720,0500200011720,1198,3.0788191830988487
05,002,0001,1735,0500200011735,773,2.8887409606828927
05,002,0001,174A,050020001174A,741,2.870403905279027
05,002,0001,1754,0500200011754,822,2.91539983521227
05,002,0001,1769,0500200011769,1231,3.090610707828407
05,002,0001,1773,0500200011773,358,2.5550944485783194
05,002,0001,1788,0500200011788,1114,3.0472748673841794
05,002,0001,1792,0500200011792,991,2.9965116721541785
05,002,0001,1805,0500200011805,699,2.845098040014257
05,002,0001,181A,050020001181A,894,2.951823035315912
05,002,0001,1824,0500200011824,1367,3.1360860973840974
05,002,0001,1839,0500200011839,753,2.877371345869774
05,002,0001,1843,0500200011843,919,2.963787827345555
05,002,0001,1858,0500200011858,1170,3.068556895072363
05,002,0001,1877,0500200011877,1767,3.2474822606770544
05,002,0001,1881,0500200011881,844,2.926856708949692
05,002,0001,1896,0500200011896,2008,3.3029799367482493
05,002,0001,1909,0500200011909,2232,3.348888723071438
05,002,0001,2678,0500200012678,116,2.0681858617461617
05,002,0001,2682,0500200012682,239,2.380211241711606
05,002,0001,2697,0500200012697,1686,3.2271150825891253
05,002,0001,270A,050020001270A,6368,3.8040712488856614
05,002,0001,2714,0500200012714,3,0.6020599913279624
05,002,0001,2729,0500200012729,46,1.6720978579357175
05,002,0001,2733,0500200012733,891,2.950364854376123
05,002,0001,2748,0500200012748,116,2.0681858617461617
05,002,0001,2752,0500200012752,41,1.6232492903979006
05,002,0001,2767,0500200012767,8,0.9542425094393249
05,002,0001,2771,0500200012771,310,2.4927603890268375
05,002,0001,2790,0500200012790,1817,3.2595938788859486
05,002,0001,2822,0500200012822,1297,3.1132746924643504
05,002,0001,2875,0500200012875,1549,3.1903316981702914
05,002,0001,288A,050020001288A,2262,3.3546845539547285
05,002,0001,2894,0500200012894,1198,3.0788191830988487
05,002,0001,2907,0500200012907,1328,3.123524980942732
05,002,0001,2911,0500200012911,864,2.9370161074648142
05,002,0001,2926,0500200012926,1431,3.1559430179718366
05,002,0001,2930,0500200012930,1147,3.059941888061955
05,002,0001,2945,0500200012945,1644,3.216165902285993
05,002,0001,295A,050020001295A,1404,3.1476763242410986
05,002,0001,2964,0500200012964,1463,3.165541076722373
05,002,0001,2979,0500200012979,2717,3.4342494523964757
05,002,0001,2983,0500200012983,2031,3.307923703611882
05,002,0001,2998,0500200012998,2412,3.3825573219087857
05,002,0001,3040,0500200013040,2583,3.4122925093230463
05,002,0001,3055,0500200013055,1905,3.2801228963023075
05,002,0001,306A,050020001306A,1716,3.2347702951609163
05,002,0001,3074,0500200013074,704,2.848189116991399
05,002,0001,3089,0500200013089,953,2.979548374704095
05,002,0001,3106,0500200013106,13,1.146128035678238
05,002,0001,3125,0500200013125,1252,3.09795107099415
05,002,0001,313A,050020001313A,1703,3.2314695904306814
05,002,0001,3144,0500200013144,1058,3.024895960107485
05,002,0001,3159,0500200013159,956,2.9809119377768436
05,002,0001,3163,0500200013163,989,2.99563519459755
05,002,0001,3178,0500200013178,2677,3.42781057267599
05,002,0001,3182,0500200013182,2707,3.4326486600131068
05,002,0001,3197,0500200013197,4343,3.6378898165807905
05,002,0001,320A,050020001320A,2729,3.436162647040756
05,002,0001,3214,0500200013214,3,0.6020599913279624
05,002,0001,3229,0500200013229,110,2.0453229787866576
05,002,0001,3233,0500200013233,5641,3.7514330818193473
05,002,0001,3248,0500200013248,2856,3.455910240382743
05,002,0001,3252,0500200013252,2145,3.3316297176299323
05,002,0001,3267,0500200013267,483,2.6848453616444123
05,002,0001,3271,0500200013271,470,2.673020907128896
05,002,0001,3286,0500200013286,4121,3.615107987443194
05,002,0001,3303,0500200013303,73,1.8692317197309762
05,002,0001,3318,0500200013318,301,2.4800069429571505
05,002,0001,3322,0500200013322,1241,3.0941215958405612
05,002,0001,3337,0500200013337,1436,3.157456768134226
05,002,0001,3341,0500200013341,2840,3.453471233722936
05,002,0001,3356,0500200013356,3085,3.4893959217271293
05,002,0001,3360,0500200013360,3074,3.4878451201114355
05,002,0001,3375,0500200013375,1738,3.2402995820027125
05,002,0001,338A,050020001338A,1075,3.0318122713303706
05,002,0001,3394,0500200013394,498,2.6981005456233897
05,002,0001,3407,0500200013407,3135,3.496376054012401
05,002,0001,3411,0500200013411,3049,3.484299839346786
05,002,0001,3426,0500200013426,2048,3.311541958401195
05,002,0001,3430,0500200013430,1502,3.176958980586908
05,002,0001,3445,0500200013445,1485,3.1720188094245563
05,002,0001,345A,050020001345A,84,1.9294189257142926
05,002,0001,3464,0500200013464,443,2.6473829701146196
05,002,0001,3479,0500200013479,4670,3.669409867287783
05,002,0001,3483,0500200013483,1809,3.2576785748691846
05,002,0001,3498,0500200013498,6112,3.78625439578978
05,002,0001,3500,0500200013500,0,0.0
05,002,0001,3515,0500200013515,92,1.968482948553935
05,002,0001,352A,050020001352A,174,2.2430380486862944
05,002,0001,3534,0500200013534,155,2.1931245983544616
05,002,0001,3549,0500200013549,0,0.0
05,002,0001,3553,0500200013553,431,2.635483746814912
05,002,0001,3568,0500200013568,3621,3.5589484459780394
05,002,0001,3572,0500200013572,606,2.7831886910752575
05,002,0001,3587,0500200013587,85,1.9344984512435677
05,003,0001,0081,0500300010081,599,2.7781512503836434
05,003,0001,0096,0500300010096,405,2.6085260335771943
05,003,0001,0109,0500300010109,1051,3.02201573981772
05,003,0001,0113,0500300010113,865,2.937517892017347
05,003,0001,0128,0500300010128,917,2.9628426812012423
05,003,0001,0132,0500300010132,851,2.9304395947667
05,003,0001,0147,0500300010147,961,2.983175072037813
05,003,0001,0151,0500300010151,915,2.9618954736678504
05,003,0001,0166,0500300010166,761,2.8819549713396007
05,003,0001,0170,0500300010170,746,2.873320601815399
05,003,0001,0185,0500300010185,660,2.82020145948564
05,003,0001,019A,050030001019A,2039,3.3096301674258988
05,003,0001,0202,0500300010202,895,2.9523080096621253
05,003,0001,0217,0500300010217,1054,3.0232524596337114
05,003,0001,0221,0500300010221,828,2.9185545305502734
05,003,0001,0236,0500300010236,1396,3.1451964061141817
05,003,0001,0240,0500300010240,745,2.8727388274726686
05,003,0001,0255,0500300010255,1351,3.130976691605617
05,003,0001,0274,0500300010274,45,1.662757831681574
05,003,0001,0293,0500300010293,0,0.0
05,003,0001,0306,0500300010306,144,2.161368002234975
05,003,0001,0310,0500300010310,33,1.5314789170422551
05,003,0001,0325,0500300010325,0,0.0
05,003,0001,0344,0500300010344,253,2.404833716619938
05,003,0001,0363,0500300010363,329,2.5185139398778875
05,003,0001,0378,0500300010378,1181,3.0726174765452368
05,003,0001,0382,0500300010382,467,2.670245853074124
05,003,0001,0397,0500300010397,269,2.4313637641589874
05,003,0001,040A,050030001040A,309,2.4913616938342726
05,003,0001,0414,0500300010414,137,2.1398790864012365
05,003,0001,0429,0500300010429,9,1.0
05,003,0001,0433,0500300010433,396,2.598790506763115
05,003,0001,0448,0500300010448,432,2.6364878963533656
05,003,0001,0452,0500300010452,19,1.3010299956639813
05,003,0001,0467,0500300010467,16,1.2304489213782739
05,003,0001,0471,0500300010471,39,1.6020599913279623
05,003,0001,0486,0500300010486,44,1.6532125137753437
05,003,0001,0490,0500300010490,10,1.0413926851582251
05,003,0001,0503,0500300010503,205,2.3138672203691533
05,004,0001,0017,0500400010017,235,2.3729120029701067
05,004,0001,0021,0500400010021,57,1.7634279935629373
05,004,0001,0040,0500400010040,30,1.4913616938342726
05,004,0001,0055,0500400010055,1912,3.281714970027296
05,004,0001,0074,0500400010074,1999,3.3010299956639813
05,004,0001,0106,0500400010106,777,2.890979596989689
05,004,0001,0125,0500400010125,56,1.7558748556724915
05,004,0001,0182,0500400010182,1948,3.2898118391176214
05,004,0001,0197,0500400010197,1901,3.279210512601395
05,004,0001,020A,050040001020A,544,2.7363965022766426
05,004,0001,0214,0500400010214,757,2.8796692056320534
05,004,0001,0229,0500400010229,1567,3.1953460583484197
05,004,0001,0375,0500400010375,1295,3.1126050015345745
05,004,0001,0407,0500400010407,288,2.4608978427565478
05,004,0001,0411,0500400010411,5,0.7781512503836436
05,004,0001,0426,0500400010426,93,1.9731278535996986
05,004,0001,0430,0500400010430,22,1.3617278360175928
05,004,0001,0445,0500400010445,105,2.0253058652647704
05,004,0001,045A,050040001045A,24,1.3979400086720377
05,004,0001,0464,0500400010464,482,2.683947130751512
05,004,0001,0479,0500400010479,438,2.6424645202421213
05,004,0001,0483,0500400010483,76,1.8864907251724818
05,004,0001,0498,0500400010498,645,2.8102325179950842
05,004,0001,0500,0500400010500,93,1.9731278535996986
05,004,0001,0515,0500400010515,92,1.968482948553935
05,004,0001,052A,050040001052A,93,1.9731278535996986
05,004,0107,013A,050040107013A,1677,3.2247919564926817
05,004,0107,0534,0500401070534,899,2.9542425094393248
05,005,0001,0207,0500500010207,460,2.663700925389648
05,005,0001,0211,0500500010211,446,2.6503075231319366
05,005,0001,0226,0500500010226,404,2.6074550232146687
05,005,0001,0368,0500500010368,94,1.9777236052888478
05,006,0001,0331,0500600010331,236,2.374748346010104
05,006,0001,0346,0500600010346,848,2.928907690243953
05,006,0001,0350,0500600010350,1304,3.1156105116742996
05,006,0001,0365,0500600010365,1440,3.1586639808139894
05,006,0001,037A,050060001037A,1485,3.1720188094245563
05,006,0001,0384,0500600010384,903,2.9561684304753633
05,006,0001,0399,0500600010399,670,2.826722520168992
05,006,0001,0401,0500600010401,351,2.546542663478131
05,006,0001,0416,0500600010416,1641,3.215373152783422
05,006,0001,0420,0500600010420,1255,3.0989896394011773
05,006,0001,0435,0500600010435,803,2.905256048748451
05,006,0001,044A,050060001044A,1157,3.0637085593914173
05,006,0001,0454,0500600010454,1412,3.1501421618485588
05,006,0001,0469,0500600010469,3137,3.496652939250918
05,006,0001,0473,0500600010473,2035,3.3087777736647213
05,006,0001,0488,0500600010488,1487,3.17260293120986
05,006,0001,0492,0500600010492,196,2.294466226161593
05,006,0001,0505,0500600010505,870,2.9400181550076634
05,006,0001,051A,050060001051A,1109,3.0453229787866576
05,006,0001,0524,0500600010524,949,2.9777236052888476
05,006,0001,0539,0500600010539,400,2.603144372620182
05,006,0001,0793,0500600010793,274,2.439332693830263
05,006,0001,0806,0500600010806,960,2.9827233876685453
05,006,0001,0810,0500600010810,181,2.2600713879850747
05,006,0001,0825,0500600010825,275,2.4409090820652177
05,006,0001,083A,050060001083A,34,1.5440680443502757
05,006,0001,0844,0500600010844,235,2.3729120029701067
05,006,0001,0859,0500600010859,84,1.9294189257142926
05,006,0001,0863,0500600010863,107,2.03342375548695
05,006,0001,0929,0500600010929,384,2.5854607295085006
05,006,0001,0971,0500600010971,12,1.1139433523068367
05,006,0001,0990,0500600010990,120,2.0827853703164503
05,006,0001,1005,0500600011005,758,2.88024177589548
05,006,0001,101A,050060001101A,143,2.1583624920952498
05,006,0001,1024,0500600011024,45,1.662757831681574
05,006,0001,1039,0500600011039,14,1.1760912590556813
05,007,0001,0019,0500700010019,1519,3.1818435879447726
05,007,0001,088A,050070001088A,1436,3.157456768134226
05,007,0001,0894,0500700010894,917,2.9628426812012423
05,007,0001,0907,0500700010907,981,2.9921114877869495
05,007,0001,0911,0500700010911,739,2.8692317197309762
05,007,0001,0926,0500700010926,2033,3.308350948586726
05,007,0001,1411,0500700011411,122,2.089905111439398
05,007,0001,1426,0500700011426,1049,3.0211892990699383
05,007,0001,1430,0500700011430,1527,3.184123354239671
05,007,0001,1604,0500700011604,29,1.4771212547196624
05,007,0001,1623,0500700011623,33,1.5314789170422551
05,007,0001,1642,0500700011642,10,1.0413926851582251
05,008,0001,0143,0500800010143,239,2.380211241711606
05,008,0001,0158,0500800010158,143,2.1583624920952498
05,008,0001,0162,0500800010162,96,1.9867717342662448
05,008,0001,0270,0500800010270,0,0.0
05,008,0001,0285,0500800010285,14,1.1760912590556813
05,008,0001,029A,050080001029A,49,1.6989700043360187
05,009,0001,0032,0500900010032,2824,3.4510184521554574
05,009,0001,0051,0500900010051,2682,3.428620672671939
05,009,0001,0494,0500900010494,3243,3.5110808455391185
05,009,0001,0511,0500900010511,1322,3.1215598441875008
05,009,0001,0526,0500900010526,1198,3.0788191830988487
05,009,0001,0530,0500900010530,1639,3.214843848047698
05,009,0001,0545,0500900010545,1266,3.1027766148834415
05,009,0001,055A,050090001055A,1641,3.215373152783422
05,009,0001,0564,0500900010564,1618,3.2092468487533736
05,009,0001,0579,0500900010579,1177,3.0711452904510828
05,009,0001,0583,0500900010583,3232,3.5096057046115563
05,009,0001,0812,0500900010812,511,2.709269960975831
05,009,0001,0827,0500900010827,4018,3.604118006192035
05,009,0001,0831,0500900010831,14,1.1760912590556813
05,009,0001,0846,0500900010846,161,2.2095150145426308
05,009,0001,0850,0500900010850,164,2.2174839442139063
05,009,0001,0865,0500900010865,1244,3.095169351431755
05,009,0001,0884,0500900010884,156,2.1958996524092336
05,009,0001,0954,0500900010954,1563,3.1942367487238292
05,009,0001,0969,0500900010969,891,2.950364854376123
05,009,0001,1064,0500900011064,4,0.6989700043360189
05,009,0001,1098,0500900011098,316,2.5010592622177517
05,009,0001,1100,0500900011100,1228,3.089551882886454
05,009,0001,1115,0500900011115,592,2.7730546933642626
05,009,0025,112A,050090025112A,1211,3.0835026198302673
05,009,0025,1134,0500900251134,1203,3.0806264869218056
05,009,0025,1149,0500900251149,365,2.5634810853944106
05,009,0028,0973,0500900280973,1050,3.021602716028242
05,009,0028,0988,0500900280988,507,2.7058637122839193
05,010,0001,0029,0501000010029,3169,3.5010592622177517
05,010,0001,0141,0501000010141,334,2.525044807036845
05,010,0001,0160,0501000010160,2698,3.431202884556517
05,010,0001,0175,0501000010175,1478,3.1699681739968923
05,010,0001,0194,0501000010194,1258,3.1000257301078626
05,010,0001,0207,0501000010207,1578,3.1983821300082944
05,010,0001,0211,0501000010211,2725,3.435525851498655
05,010,0001,0226,0501000010226,2521,3.401745082237063
05,010,0001,0245,0501000010245,2110,3.3244882333076564
05,010,0001,025A,050100001025A,3219,3.507855871695831
05,010,0001,0264,0501000010264,970,2.9872192299080047
05,010,0001,0279,0501000010279,2628,3.419790586106363
05,010,0001,0283,0501000010283,3231,3.5094713521025485
05,010,0001,0298,0501000010298,2858,3.456214155357989
05,010,0001,0300,0501000010300,1280,3.1075491297446862
05,010,0001,0315,0501000010315,2241,3.3506356082589543
05,010,0001,032A,050100001032A,2327,3.3669829759778507
05,010,0001,0334,0501000010334,2755,3.440279213235588
05,010,0001,0349,0501000010349,3355,3.5258219521566625
05,010,0001,0353,0501000010353,3084,3.4892551683692603
05,010,0001,0368,0501000010368,2697,3.4310419453358856
05,010,0001,0372,0501000010372,2019,3.305351369446624
05,010,0001,0387,0501000010387,3106,3.4923412532549745
05,010,0001,0391,0501000010391,3907,3.5919545550467356
05,010,0001,0404,0501000010404,3018,3.479863113023098
05,010,0001,0461,0501000010461,18,1.2787536009528289
05,010,0001,0476,0501000010476,3,0.6020599913279624
05,010,0001,0480,0501000010480,2041,3.3100557377508912
05,010,0001,0495,0501000010495,2072,3.3165993020938607
05,010,0001,0508,0501000010508,218,2.3404441148401185
05,010,0001,0512,0501000010512,1760,3.245759355967277
05,010,0001,0527,0501000010527,1888,3.2762319579218335
05,010,0001,0531,0501000010531,10,1.0413926851582251
05,010,0001,0546,0501000010546,550,2.741151598851785
05,010,0001,0550,0501000010550,9,1.0
05,010,0001,0565,0501000010565,2463,3.3916407034923877
05,010,0001,057A,050100001057A,1737,3.2400497721126476
05,010,0001,0584,0501000010584,1090,3.037824750588342
05,010,0001,0599,0501000010599,15,1.2041199826559248
05,010,0001,0601,0501000010601,34,1.5440680443502757
05,010,0001,0616,0501000010616,768,2.885926339801431
05,010,0005,0442,0501000050442,1454,3.162862993321926
05,010,0005,0457,0501000050457,289,2.462397997898956
05,010,0176,0103,0501001760103,2589,3.413299764081252
05,011,0001,0276,0501100010276,872,2.9410142437055695
05,011,0001,0280,0501100010280,1284,3.1089031276673134
05,011,0001,0295,0501100010295,2020,3.305566313515304
05,011,0001,0308,0501100010308,491,2.69196510276736
05,011,0001,0469,0501100010469,118,2.0755469613925306
05,011,0001,0488,0501100010488,28,1.462397997898956
05,011,0001,051A,050110001051A,226,2.3560258571931225
05,011,0001,0524,0501100010524,7,0.9030899869919435
05,011,0001,0539,0501100010539,117,2.0718820073061255
05,011,0001,0543,0501100010543,203,2.3096301674258988
05,011,0001,0558,0501100010558,109,2.041392685158225
05,011,0001,0562,0501100010562,9,1.0
05,011,0001,0577,0501100010577,51,1.7160033436347992
05,012,0001,0288,0501200010288,382,2.583198773968623
05,012,0001,0292,0501200010292,213,2.330413773349191
05,012,0001,0305,0501200010305,90,1.9590413923210936
05,012,0001,0451,0501200010451,6,0.8450980400142568
05,012,0001,0466,0501200010466,22,1.3617278360175928
05,012,0001,0470,0501200010470,62,1.7993405494535817
05,013,0001,0158,0501300010158,246,2.392696953259666
05,013,0001,0162,0501300010162,386,2.5877109650189114
05,013,0001,0177,0501300010177,15,1.2041199826559248
05,013,0001,029A,050130001029A,352,2.5477747053878224
05,013,0001,0302,0501300010302,324,2.5118833609788744
05,013,0001,0317,0501300010317,351,2.546542663478131
05,014,0001,0297,0501400010297,137,2.1398790864012365
05,014,0001,030A,050140001030A,26,1.4313637641589874
05,014,0001,0314,0501400010314,273,2.437750562820388
05,014,0001,0329,0501400010329,291,2.4653828514484184
05,014,0001,0367,0501400010367,183,2.2648178230095364
05,014,0001,0672,0501400010672,20,1.3222192947339193
05,014,0001,0687,0501400010687,4,0.6989700043360189
05,014,0001,0723,0501400010723,0,0.0
05,014,0001,0738,0501400010738,78,1.8976270912904414
05,014,0001,0742,0501400010742,148,2.173186268412274
05,014,0001,0776,0501400010776,2,0.47712125471966244
05,014,0020,0634,0501400200634,854,2.931966114728173
05,014,0020,0649,0501400200649,877,2.9434945159061026
05,014,0020,0653,0501400200653,626,2.7972675408307164
05,014,0020,0668,0501400200668,507,2.7058637122839193
05,014,0020,0691,0501400200691,98,1.99563519459755
05,014,0020,0719,0501400200719,6,0.8450980400142568
05,014,0020,0761,0501400200761,237,2.376576957056512
05,014,0020,0780,0501400200780,98,1.99563519459755
05,015,0001,0237,0501500010237,255,2.4082399653118496
05,015,0001,0241,0501500010241,300,2.4785664955938436
05,015,0001,0256,0501500010256,125,2.100370545117563
05,015,0001,0260,0501500010260,249,2.3979400086720375
05,016,0001,008A,050160001008A,257,2.41161970596323
05,016,0001,0094,0501600010094,326,2.514547752660286
05,016,0001,0107,0501600010107,363,2.561101383649056
05,016,0001,0111,0501600010111,235,2.3729120029701067
05,016,0001,0126,0501600010126,562,2.7505083948513462
05,017,0001,0015,0501700010015,3804,3.5803546611065915
05,017,0001,002A,050170001002A,3456,3.5386993795424067
05,017,0001,0034,0501700010034,3066,3.4867137759824853
05,017,0001,0176,0501700010176,1704,3.2317243833285163
05,017,0001,0180,0501700010180,4253,3.62879748556671
05,017,0001,0195,0501700010195,689,2.838849090737255
05,017,0001,0208,0501700010208,1706,3.2322335211147335
05,017,0001,0212,0501700010212,2299,3.361727836017593
05,017,0001,0227,0501700010227,2011,3.30362797638389
05,017,0001,0231,0501700010231,2526,3.4026052419199146
05,017,0001,0246,0501700010246,2321,3.365862215402555
05,017,0001,0250,0501700010250,2386,3.3778524190067545
05,017,0001,0299,0501700010299,3079,3.4885507165004443
05,017,0001,0301,0501700010301,2446,3.388633969351789
05,017,0001,0424,0501700010424,787,2.8965262174895554
05,017,0001,0439,0501700010439,204,2.311753861055754
05,017,0001,0443,0501700010443,444,2.6483600109809315
05,017,0001,0509,0501700010509,1072,3.030599721965951
05,017,0001,0513,0501700010513,878,2.9439888750737717
05,017,0001,0570,0501700010570,674,2.829303772831025
05,017,0001,0585,0501700010585,0,0.0
05,017,0001,059A,050170001059A,14,1.1760912590556813
05,017,0001,0602,0501700010602,280,2.44870631990508
05,017,0001,0617,0501700010617,0,0.0
05,017,0001,0693,0501700010693,356,2.552668216112193
05,017,0001,0710,0501700010710,56,1.7558748556724915
05,017,0001,0763,0501700010763,1245,3.095518042323151
05,017,0001,0778,0501700010778,127,2.1072099696478683
05,017,0001,0829,0501700010829,41,1.6232492903979006
05,017,0001,0848,0501700010848,810,2.909020854211156
05,017,0001,0886,0501700010886,5,0.7781512503836436
05,017,0001,0890,0501700010890,122,2.089905111439398
05,017,0001,0903,0501700010903,32,1.5185139398778875
05,017,0001,0918,0501700010918,92,1.968482948553935
05,017,0001,0922,0501700010922,1525,3.1835545336188615
05,017,0001,0937,0501700010937,1998,3.300812794118117
05,017,0001,0941,0501700010941,2884,3.46014581749175
05,017,0001,0956,0501700010956,43,1.6434526764861874
05,017,0001,0960,0501700010960,1964,3.2933625547114453
05,017,0001,0975,0501700010975,1426,3.154423973114647
05,017,0001,098A,050170001098A,2760,3.4410664066392633
05,017,0001,0994,0501700010994,365,2.5634810853944106
05,017,0001,1009,0501700011009,1,0.3010299956639812
05,017,0001,1013,0501700011013,4,0.6989700043360189
05,017,0001,1032,0501700011032,0,0.0
05,017,0001,1066,0501700011066,14,1.1760912590556813
05,017,0001,1070,0501700011070,3012,3.478999131673357
05,017,0001,1085,0501700011085,17,1.255272505103306
05,017,0001,109A,050170001109A,500,2.699837725867246
05,017,0001,1102,0501700011102,264,2.423245873936808
05,017,0012,027A,050170012027A,2695,3.4307198878632823
05,017,0012,0284,0501700120284,2251,3.3525683861793087
05,017,0012,0636,0501700120636,571,2.7573960287930244
05,017,0012,0640,0501700120640,24,1.3979400086720377
05,017,0012,080A,050170012080A,1811,3.2581581933407944
05,017,0012,0814,0501700120814,1501,3.17666993266815
05,017,0012,0852,0501700120852,105,2.0253058652647704
05,017,0012,1051,0501700121051,255,2.4082399653118496
05,017,0025,0053,0501700250053,3469,3.5403294747908736
05,017,0025,0566,0501700250566,882,2.9459607035775686
05,017,0122,0481,0501701220481,1305,3.115943176939055
05,017,0122,0496,0501701220496,1556,3.1922886125681202
05,017,0122,0706,0501701220706,211,2.326335860928751
05,017,0122,0782,0501701220782,51,1.7160033436347992
05,017,0122,0867,0501701220867,58,1.7708520116421442
05,017,0122,0871,0501701220871,746,2.873320601815399
05,017,0122,1047,0501701221047,33,1.5314789170422551
05,018,0001,0027,0501800010027,3944,3.596047007545439
05,018,0001,0046,0501800010046,2683,3.4287825114969546
05,018,0001,014A,050180001014A,2512,3.400192488592576
05,018,0001,0169,0501800010169,2887,3.4605971888976015
05,018,0001,0173,0501800010173,0,0.0
05,018,0001,0188,0501800010188,2343,3.369957607346053
05,018,0001,0192,0501800010192,2365,3.3740147402919116
05,018,0001,0370,0501800010370,3141,3.4972061807039547
05,018,0001,0385,0501800010385,3292,3.517591730711908
05,018,0001,039A,050180001039A,1338,3.126780577012009
05,018,0001,0402,0501800010402,2508,3.3995006613146104
05,018,0001,0436,0501800010436,1736,3.2397998184470986
05,018,0001,0455,0501800010455,2723,3.4352071032407476
05,018,0001,046A,050180001046A,2291,3.3602146132953523
05,018,0001,0506,0501800010506,2409,3.3820170425748683
05,018,0001,053A,050180001053A,2378,3.3763944420372662
05,018,0001,0563,0501800010563,3354,3.525692524505011
05,018,0001,0578,0501800010578,0,0.0
05,018,0001,0667,0501800010667,2649,3.423245873936808
05,018,0001,0671,0501800010671,2366,3.374198257929083
05,018,0001,0703,0501800010703,2089,3.3201462861110542
05,018,0001,0718,0501800010718,2343,3.369957607346053
05,018,0001,0722,0501800010722,322,2.509202522331103
05,018,0001,0737,0501800010737,1177,3.0711452904510828
05,018,0001,0741,0501800010741,3095,3.490800952010855
05,018,0001,0756,0501800010756,1085,3.035829825252828
05,018,0001,0760,0501800010760,2170,3.3366598234544202
05,018,0001,0775,0501800010775,598,2.7774268223893115
05,018,0001,078A,050180001078A,1643,3.215901813204032
05,018,0001,0794,0501800010794,2060,3.3140779917792127
05,018,0001,0807,0501800010807,2972,3.473194909204938
05,018,0001,0811,0501800010811,2225,3.3475251599986895
05,018,0001,0826,0501800010826,878,2.9439888750737717
05,018,0001,0830,0501800010830,1083,3.0350292822023683
05,018,0001,0845,0501800010845,629,2.7993405494535817
05,018,0001,085A,050180001085A,1784,3.251638220448212
05,018,0001,0864,0501800010864,2601,3.4153072922255676
05,018,0001,0879,0501800010879,1586,3.2005769267548483
05,018,0001,0883,0501800010883,2576,3.4111144185509046
05,018,0001,0898,0501800010898,1000,3.000434077479319
05,018,0001,0900,0501800010900,1683,3.226342087163631
05,018,0001,0915,0501800010915,1775,3.249442961442582
05,018,0001,092A,050180001092A,2512,3.400192488592576
05,018,0001,0934,0501800010934,3397,3.5312233745330266
05,018,0001,0949,0501800010949,3253,3.51241754860084
05,018,0001,0953,0501800010953,518,2.7151673578484576
05,018,0001,0968,0501800010968,641,2.807535028068853
05,018,0001,0972,0501800010972,2801,3.4474681309497557
05,018,0001,0987,0501800010987,1278,3.106870544478654
05,018,0001,0991,0501800010991,869,2.9395192526186187
05,018,0001,1006,0501800011006,1162,3.0655797147284485
05,018,0001,1010,0501800011010,1274,3.1055101847699738
05,018,0001,1025,0501800011025,2075,3.31722734917642
05,018,0001,103A,050180001103A,2713,3.433609843323718
05,018,0001,1044,0501800011044,2373,3.3754807146185724
05,018,0001,1059,0501800011059,1244,3.095169351431755
05,018,0001,1063,0501800011063,1841,3.26528962586083
05,018,0001,1078,0501800011078,1789,3.2528530309798933
05,018,0001,1082,0501800011082,2172,3.3370597263205246
05,018,0001,1097,0501800011097,2266,3.3554515201265174
05,018,0001,110A,050180001110A,2614,3.417471693203293
05,018,0001,1114,0501800011114,2786,3.445136968713304
05,018,0001,1129,0501800011129,1538,3.187238619831479
05,018,0001,1133,0501800011133,1814,3.258876629372131
05,018,0001,1148,0501800011148,3553,3.550717423469283
05,018,0001,1152,0501800011152,2446,3.388633969351789
05,018,0001,1167,0501800011167,2705,3.4323277922616042
05,018,0001,1171,0501800011171,1769,3.247973266361807
05,018,0001,1186,0501800011186,958,2.9818186071706636
05,018,0001,1190,0501800011190,1497,3.1755118133634475
05,018,0001,1203,0501800011203,1925,3.2846562827885157
05,018,0001,1218,0501800011218,1558,3.192846115188842
05,018,0001,1222,0501800011222,2486,3.395675785269936
05,018,0001,1237,0501800011237,1090,3.037824750588342
05,018,0001,1241,0501800011241,1546,3.1894903136993675
05,018,0001,1256,0501800011256,5473,3.738304793074105
05,018,0001,1260,0501800011260,2290,3.3600250891893975
05,018,0001,1275,0501800011275,534,2.7283537820212285
05,018,0001,128A,050180001128A,2630,3.420120848085703
05,018,0001,1294,0501800011294,4010,3.6032526619816467
05,018,0001,1307,0501800011307,115,2.0644579892269186
05,018,0001,1311,0501800011311,632,2.801403710017355
05,018,0001,1326,0501800011326,4023,3.604657972047871
05,018,0001,1330,0501800011330,1707,3.232487866352986
05,018,0001,135A,050180001135A,6011,3.7790189719148706
05,018,0001,1364,0501800011364,4682,3.6705241577820797
05,018,0001,1561,0501800011561,222,2.3483048630481607
05,018,0001,1576,0501800011576,1243,3.0948203803548
05,018,0001,1580,0501800011580,2,0.47712125471966244
05,018,0001,1595,0501800011595,683,2.835056101720116
05,018,0001,1608,0501800011608,1965,3.2935835134961167
05,018,0001,1627,0501800011627,7,0.9030899869919435
05,018,0001,1631,0501800011631,181,2.2600713879850747
05,018,0001,1646,0501800011646,500,2.699837725867246
05,018,0001,1650,0501800011650,4354,3.638988159343682
05,018,0001,1665,0501800011665,250,2.399673721481038
05,018,0001,167A,050180001167A,2560,3.40840957846843
05,018,0001,1684,0501800011684,2940,3.468495024507069
05,018,0001,1699,0501800011699,2234,3.3492775274679554
05,018,0001,1701,0501800011701,1338,3.126780577012009
05,018,0001,1788,0501800011788,102,2.012837224705172
05,018,0001,1805,0501800011805,287,2.459392487759231
05,018,0001,181A,050180001181A,0,0.0
05,018,0001,1839,0501800011839,2875,3.458788881710845
05,018,0001,1843,0501800011843,177,2.250420002308894
05,018,0001,1858,0501800011858,3710,3.569490954348783
05,018,0001,1862,0501800011862,3592,3.5554572172046495
05,018,0001,1877,0501800011877,597,2.776701183988411
05,018,0001,1881,0501800011881,2657,3.4245549766067134
05,018,0001,1896,0501800011896,1772,3.2487087356009177
05,018,0001,1909,0501800011909,2117,3.325925955771466
05,018,0001,1913,0501800011913,1369,3.1367205671564067
05,018,0001,1928,0501800011928,1407,3.1486026548060932
05,018,0001,1970,0501800011970,594,2.7745169657285498
05,018,0001,1985,0501800011985,801,2.9041743682841634
05,018,0001,199A,050180001199A,149,2.1760912590556813
05,018,0001,2004,0501800012004,606,2.7831886910752575
05,018,0001,2019,0501800012019,1127,3.0523090996473234
05,018,0001,2023,0501800012023,46,1.6720978579357175
05,018,0001,2038,0501800012038,126,2.103803720955957
05,018,0001,2042,0501800012042,59,1.7781512503836436
05,018,0001,2057,0501800012057,4014,3.6036855496146996
05,018,0001,2061,0501800012061,3679,3.5658478186735176
05,018,0001,2076,0501800012076,35,1.5563025007672873
05,018,0001,2080,0501800012080,127,2.1072099696478683
05,018,0001,2095,0501800012095,110,2.0453229787866576
05,018,0001,2108,0501800012108,125,2.100370545117563
05,018,0001,2112,0501800012112,1896,3.2780673308886628
05,018,0001,2127,0501800012127,2024,3.3064250275506875
05,018,0001,2131,0501800012131,353,2.5490032620257876
05,018,0001,2146,0501800012146,133,2.1271047983648077
05,018,0001,2150,0501800012150,1001,3.0008677215312267
05,018,0001,2165,0501800012165,38,1.591064607026499
05,018,0001,217A,050180001217A,122,2.089905111439398
05,019,0001,0058,0501900010058,914,2.9614210940664485
05,019,0001,0062,0501900010062,985,2.993876914941211
05,019,0001,0077,0501900010077,390,2.5921767573958667
05,019,0001,0081,0501900010081,360,2.5575072019056577
05,019,0001,0096,0501900010096,528,2.7234556720351857
05,019,0001,0109,0501900010109,626,2.7972675408307164
05,019,0001,0113,0501900010113,1047,3.0203612826477078
05,019,0001,0128,0501900010128,676,2.8305886686851442
05,019,0001,0132,0501900010132,411,2.6148972160331345
05,019,0001,0147,0501900010147,0,0.0
05,019,0001,0151,0501900010151,0,0.0
05,019,0001,0217,0501900010217,232,2.367355921026019
05,019,0001,0221,0501900010221,35,1.5563025007672873
05,019,0001,0236,0501900010236,54,1.7403626894942439
05,019,0001,0240,0501900010240,0,0.0
05,019,0001,026A,050190001026A,77,1.8920946026904804
05,019,0001,0274,0501900010274,12,1.1139433523068367
05,019,0001,0289,0501900010289,301,2.4800069429571505
05,019,0001,0293,0501900010293,50,1.7075701760979363
05,019,0001,0306,0501900010306,22,1.3617278360175928
05,020,0001,1057,0502000011057,191,2.2833012287035497
05,020,0001,1076,0502000011076,859,2.934498451243568
05,020,0001,1080,0502000011080,1409,3.1492191126553797
05,020,0001,1112,0502000011112,2115,3.325515663363148
05,020,0001,1150,0502000011150,1590,3.2016701796465816
05,020,0001,1165,0502000011165,1623,3.2105860249051563
05,020,0001,117A,050200001117A,2063,3.314709692955174
05,020,0001,1184,0502000011184,1508,3.17868923977559
05,020,0001,1199,0502000011199,1097,3.040602340114073
05,020,0001,1201,0502000011201,1258,3.1000257301078626
05,020,0001,1216,0502000011216,1852,3.2678754193188975
05,020,0001,1220,0502000011220,1401,3.14674801363064
05,020,0001,1235,0502000011235,1471,3.16790781000148
05,020,0001,124A,050200001124A,1183,3.073351702386901
05,020,0001,1254,0502000011254,1943,3.288696260590256
05,020,0001,1269,0502000011269,1800,3.2555137128195333
05,020,0001,1447,0502000011447,1300,3.1142772965615864
05,020,0001,1451,0502000011451,625,2.7965743332104296
05,020,0001,1964,0502000011964,34,1.5440680443502757
05,020,0001,1998,0502000011998,1371,3.137354111370733
05,020,0001,2002,0502000012002,2167,3.336059277866349
05,020,0001,2125,0502000012125,455,2.658964842664435
05,020,0001,213A,050200001213A,158,2.2013971243204513
05,020,0001,2159,0502000012159,478,2.680335513414563
05,020,0001,2197,0502000012197,1963,3.2931414834509307
05,020,0001,220A,050200001220A,499,2.6989700043360187
05,020,0001,2214,0502000012214,2123,3.3271545124094315
05,020,0001,2229,0502000012229,1701,3.230959555748569
05,020,0001,2267,0502000012267,30,1.4913616938342726
05,020,0001,2271,0502000012271,145,2.164352855784437
05,020,0001,2286,0502000012286,159,2.2041199826559246
05,020,0001,2322,0502000012322,311,2.494154594018443
05,020,0001,2411,0502000012411,264,2.423245873936808
05,020,0001,2426,0502000012426,419,2.6232492903979003
05,020,0001,2483,0502000012483,124,2.0969100130080562
05,020,0001,252A,050200001252A,71,1.8573324964312685
05,020,0001,2534,0502000012534,95,1.9822712330395684
05,020,0001,2549,0502000012549,1024,3.010723865391773
05,020,0001,2553,0502000012553,98,1.99563519459755
05,020,0001,2568,0502000012568,15,1.2041199826559248
05,020,0043,1273,0502000431273,729,2.863322860120456
05,020,0043,1288,0502000431288,1036,3.015778756389041
05,020,0043,1292,0502000431292,1083,3.0350292822023683
05,020,0043,2233,0502000432233,46,1.6720978579357175
05,020,0043,2464,0502000432464,21,1.3424226808222062
05,020,0070,1305,0502000701305,1225,3.0884904701823963
05,020,0070,131A,050200070131A,1378,3.13956426617585
05,020,0070,1324,0502000701324,827,2.9180303367848803
05,020,0070,1339,0502000701339,1167,3.0674428427763805
05,020,0070,1343,0502000701343,599,2.7781512503836434
05,020,0070,1358,0502000701358,1239,3.093421685162235
05,020,0070,1413,0502000701413,634,2.8027737252919755
05,020,0070,1470,0502000701470,589,2.7708520116421442
05,020,0070,2290,0502000702290,57,1.7634279935629373
05,020,0070,2341,0502000702341,0,0.0
05,020,0070,2479,0502000702479,31,1.505149978319906
05,020,0070,2515,0502000702515,0,0.0
05,020,0093,0059,0502000930059,596,2.775974331129369
05,020,0093,1127,0502000931127,1533,3.185825359612962
05,020,0093,1362,0502000931362,1162,3.0655797147284485
05,020,0093,1377,0502000931377,1100,3.041787318971752
05,020,0093,1381,0502000931381,1170,3.068556895072363
05,020,0093,1396,0502000931396,1297,3.1132746924643504
05,020,0093,1428,0502000931428,1141,3.0576661039098294
05,020,0093,1432,0502000931432,1043,3.0187004986662433
05,020,0093,1485,0502000931485,1402,3.1470576710283598
05,020,0093,1979,0502000931979,361,2.558708570533166
05,020,0093,1983,0502000931983,345,2.5390760987927767
05,020,0093,2017,0502000932017,1744,3.241795431295199
05,020,0093,2021,0502000932021,269,2.4313637641589874
05,020,0093,2036,0502000932036,1117,3.0484418035504044
05,020,0093,2040,0502000932040,795,2.900913067737669
05,020,0093,2055,0502000932055,719,2.8573324964312685
05,020,0093,206A,050200093206A,531,2.7259116322950483
05,020,0093,2163,0502000932163,112,2.0530784434834195
05,020,0093,2178,0502000932178,20,1.3222192947339193
05,020,0093,2248,0502000932248,578,2.762678563727436
05,020,0093,2252,0502000932252,208,2.3201462861110542
05,020,0093,238A,050200093238A,56,1.7558748556724915
05,020,0093,2394,0502000932394,25,1.414973347970818
05,020,0093,2407,0502000932407,15,1.2041199826559248
05,020,0093,2430,0502000932430,6,0.8450980400142568
05,020,0093,2445,0502000932445,85,1.9344984512435677
05,020,0093,245A,050200093245A,89,1.954242509439325
05,020,0093,2498,0502000932498,70,1.8512583487190752
05,020,0093,2500,0502000932500,5,0.7781512503836436
05,021,0001,0094,0502100010094,268,2.429752280002408
05,021,0001,0107,0502100010107,410,2.6138418218760693
05,021,0001,0111,0502100010111,595,2.7752462597402365
05,021,0001,0126,0502100010126,608,2.784617292632875
05,021,0001,0130,0502100010130,449,2.6532125137753435
05,021,0001,0145,0502100010145,587,2.7693773260761385
05,021,0001,015A,050210001015A,971,2.9876662649262746
05,021,0001,022A,050210001022A,186,2.271841606536499
05,021,0001,0268,0502100010268,7,0.9030899869919435
05,021,0001,0272,0502100010272,423,2.6273658565927325
05,021,0001,0287,0502100010287,18,1.2787536009528289
05,021,0001,0291,0502100010291,4,0.6989700043360189
05,022,0001,0161,0502200010161,1340,3.127428777851599
05,022,0001,0176,0502200010176,1225,3.0884904701823963
05,022,0001,0180,0502200010180,1122,3.050379756261458
05,022,0001,0195,0502200010195,1373,3.137986732723532
05,022,0001,0208,0502200010208,421,2.625312450961674
05,022,0001,0212,0502200010212,456,2.6599162000698504
05,022,0001,0227,0502200010227,872,2.9410142437055695
05,022,0001,0231,0502200010231,777,2.890979596989689
05,022,0001,0265,0502200010265,1297,3.1132746924643504
05,022,0001,0301,0502200010301,763,2.8830933585756897
05,022,0001,0316,0502200010316,525,2.7209857441537393
05,022,0001,0320,0502200010320,1174,3.070037866607755
05,022,0001,0335,0502200010335,756,2.8790958795000727
05,022,0001,034A,050220001034A,1211,3.0835026198302673
05,022,0001,0354,0502200010354,281,2.450249108319361
05,022,0001,0373,0502200010373,1536,3.1866738674997452
05,022,0001,0388,0502200010388,137,2.1398790864012365
05,022,0001,0392,0502200010392,398,2.6009728956867484
05,022,0001,0405,0502200010405,665,2.823474229170301
05,022,0001,0458,0502200010458,953,2.979548374704095
05,022,0001,0462,0502200010462,1150,3.0610753236297916
05,022,0001,0509,0502200010509,1436,3.157456768134226
05,022,0001,0547,0502200010547,377,2.5774917998372255
05,022,0001,0551,0502200010551,600,2.7788744720027396
05,022,0001,0570,0502200010570,1738,3.2402995820027125
05,022,0001,0585,0502200010585,419,2.6232492903979003
05,022,0001,0617,0502200010617,119,2.0791812460476247
05,022,0001,0621,0502200010621,722,2.859138297294531
05,022,0001,0636,0502200010636,72,1.863322860120456
05,022,0001,0655,0502200010655,3,0.6020599913279624
05,022,0001,066A,050220001066A,4,0.6989700043360189
05,022,0001,0674,0502200010674,667,2.824776462475546
05,022,0001,0693,0502200010693,2374,3.3756636139608855
05,022,0051,0138,0502200510138,1374,3.1383026981662816
05,022,0051,0157,0502200510157,410,2.6138418218760693
05,022,0051,027A,050220051027A,97,1.9912260756924949
05,022,0051,0284,0502200510284,30,1.4913616938342726
05,022,0051,0299,0502200510299,77,1.8920946026904804
05,022,0051,0424,0502200510424,89,1.954242509439325
05,022,0051,0439,0502200510439,22,1.3617278360175928
05,022,0051,0443,0502200510443,70,1.8512583487190752
05,022,0051,0477,0502200510477,149,2.1760912590556813
05,022,0051,0528,0502200510528,0,0.0
05,022,0051,0532,0502200510532,62,1.7993405494535817
05,022,0051,059A,050220051059A,1472,3.168202746842631
05,022,0051,0602,0502200510602,1202,3.0802656273398448
05,022,0051,0640,0502200510640,92,1.968482948553935
05,022,0051,0689,0502200510689,76,1.8864907251724818
05,022,0051,0706,0502200510706,28,1.462397997898956
05,023,0001,2381,0502300012381,1326,3.1228709228644354
05,023,0001,2396,0502300012396,617,2.790988475088816
05,023,0001,2409,0502300012409,882,2.9459607035775686
05,023,0001,3854,0502300013854,226,2.3560258571931225
05,023,0001,3869,0502300013869,533,2.727541257028556
05,023,0001,4104,0502300014104,33,1.5314789170422551
05,023,0001,4119,0502300014119,34,1.5440680443502757
05,023,0453,4072,0502304534072,868,2.9390197764486663
05,023,0453,4087,0502304534087,61,1.792391689498254
05,023,0453,4091,0502304534091,1440,3.1586639808139894
05,024,0001,001A,050240001001A,2954,3.4705574852172743
05,024,0001,1060,0502400011060,4891,3.689486448364248
05,024,0001,1075,0502400011075,279,2.4471580313422194
05,024,0001,1107,0502400011107,659,2.8195439355418688
05,024,0001,1111,0502400011111,1831,3.2629254693318317
05,024,0001,1126,0502400011126,177,2.250420002308894
05,024,0001,1130,0502400011130,1010,3.004751155591001
05,024,0001,1145,0502400011145,1635,3.2137832993353044
05,024,0001,115A,050240001115A,1367,3.1360860973840974
05,024,0001,1164,0502400011164,927,2.967547976218862
05,024,0001,1179,0502400011179,1611,3.2073650374690716
05,024,0001,1183,0502400011183,697,2.843855422623161
05,024,0001,1198,0502400011198,1239,3.093421685162235
05,024,0001,1200,0502400011200,1161,3.065206128054312
05,024,0001,1215,0502400011215,525,2.7209857441537393
05,024,0001,122A,050240001122A,1300,3.1142772965615864
05,024,0001,1234,0502400011234,1519,3.1818435879447726
05,024,0001,1249,0502400011249,1525,3.1835545336188615
05,024,0001,1253,0502400011253,1948,3.2898118391176214
05,024,0001,2001,0502400012001,2161,3.3348556896172914
05,024,0001,2016,0502400012016,105,2.0253058652647704
05,024,0001,2020,0502400012020,44,1.6532125137753437
05,024,0001,2035,0502400012035,76,1.8864907251724818
05,024,0001,204A,050240001204A,15,1.2041199826559248
05,024,0001,2054,0502400012054,42,1.6334684555795864
05,024,0001,2069,0502400012069,2091,3.3205616801952367
05,024,0001,2073,0502400012073,31,1.505149978319906
05,024,0001,2088,0502400012088,368,2.56702636615906
05,024,0001,2092,0502400012092,1311,3.1179338350396413
05,024,0001,2105,0502400012105,1105,3.0437551269686796
05,024,0001,211A,050240001211A,194,2.290034611362518
05,025,0001,0233,0502500010233,1856,3.2688119037397803
05,025,0001,0267,0502500010267,2258,3.353916230920363
05,025,0001,0322,0502500010322,244,2.3891660843645326
05,025,0001,0337,0502500010337,1533,3.185825359612962
05,025,0001,0356,0502500010356,2435,3.3866772839608377
05,025,0001,0360,0502500010360,1038,3.016615547557177
05,025,0001,038A,050250001038A,149,2.1760912590556813
05,025,0001,0394,0502500010394,111,2.0492180226701815
05,025,0001,0430,0502500010430,2111,3.3246939138617746
05,025,0001,0445,0502500010445,1709,3.2329961103921536
05,025,0001,0479,0502500010479,1336,3.1261314072619846
05,025,0001,0483,0502500010483,1045,3.0195316845312554
05,025,0001,0498,0502500010498,819,2.9138138523837167
05,025,0001,0500,0502500010500,836,2.92272545799326
05,025,0001,0515,0502500010515,803,2.905256048748451
05,025,0001,052A,050250001052A,1064,3.0273496077747564
05,025,0001,0534,0502500010534,546,2.737987326333431
05,025,0001,0549,0502500010549,969,2.9867717342662448
05,025,0001,0553,0502500010553,1250,3.09725730969342
05,025,0001,0568,0502500010568,533,2.727541257028556
05,025,0001,0587,0502500010587,1488,3.1728946977521764
05,025,0001,0591,0502500010591,1679,3.225309281725863
05,025,0001,0604,0502500010604,1444,3.1598678470925665
05,025,0001,0619,0502500010619,1280,3.1075491297446862
05,025,0001,0623,0502500010623,1251,3.097604328874411
05,025,0001,0638,0502500010638,461,2.6646419755561257
05,025,0001,0642,0502500010642,868,2.9390197764486663
05,025,0001,0657,0502500010657,581,2.7649229846498886
05,025,0001,0661,0502500010661,2366,3.374198257929083
05,025,0001,0676,0502500010676,1389,3.143014800254095
05,025,0001,0680,0502500010680,1056,3.024074987307426
05,025,0001,0695,0502500010695,2168,3.336259552014193
05,025,0001,0708,0502500010708,1779,3.250420002308894
05,025,0001,0712,0502500010712,1221,3.0870712059065353
05,025,0001,0727,0502500010727,3730,3.571825249040829
05,025,0001,0731,0502500010731,1135,3.055378331375
05,025,0001,0746,0502500010746,712,2.8530895298518657
05,025,0001,0750,0502500010750,2625,3.4192947217534604
05,025,0001,0765,0502500010765,1196,3.0780941504064105
05,025,0001,077A,050250001077A,145,2.164352855784437
05,025,0001,0784,0502500010784,1033,3.0145205387579237
05,025,0001,0799,0502500010799,1351,3.130976691605617
05,025,0001,0801,0502500010801,297,2.4742162640762553
05,025,0001,0816,0502500010816,1870,3.27207378750001
05,025,0001,0820,0502500010820,1164,3.0663259253620376
05,025,0001,0835,0502500010835,942,2.9745116927373285
05,025,0001,0854,0502500010854,1845,3.266231696689893
05,025,0001,0873,0502500010873,2618,3.418135498425232
05,025,0001,0888,0502500010888,1711,3.2335037603411343
05,025,0001,0892,0502500010892,374,2.574031267727719
05,025,0001,0905,0502500010905,2346,3.3705130895985924
05,025,0001,091A,050250001091A,2434,3.386498965550653
05,025,0001,0924,0502500010924,3565,3.5521813388393357
05,025,0001,0943,0502500010943,1181,3.0726174765452368
05,025,0001,0958,0502500010958,1924,3.2844307338445193
05,025,0001,0962,0502500010962,2685,3.4291060083326967
05,025,0001,1000,0502500011000,173,2.2405492482826
05,025,0001,1015,0502500011015,542,2.734799829588847
05,025,0001,1053,0502500011053,1,0.3010299956639812
05,025,0001,1072,0502500011072,1074,3.031408464251624
05,025,0001,1091,0502500011091,208,2.3201462861110542
05,025,0001,1142,0502500011142,2077,3.3176455432211585
05,025,0001,1157,0502500011157,1452,3.1622656142980214
05,025,0001,1161,0502500011161,1764,3.2467447097238415
05,025,0001,1180,0502500011180,544,2.7363965022766426
05,025,0001,1195,0502500011195,734,2.8662873390841948
05,025,0001,1208,0502500011208,1965,3.2935835134961167
05,025,0001,1212,0502500011212,1365,3.1354506993455136
05,025,0001,1227,0502500011227,1687,3.2273724422896364
05,025,0001,1231,0502500011231,767,2.885361220031512
05,025,0001,1246,0502500011246,3369,3.5276299008713385
05,025,0001,1250,0502500011250,1048,3.020775488193558
05,025,0001,127A,050250001127A,811,2.9095560292411755
05,025,0001,1299,0502500011299,1458,3.1640552918934515
05,025,0001,1301,0502500011301,1581,3.1992064791616577
05,025,0001,1316,0502500011316,1389,3.143014800254095
05,025,0001,134A,050250001134A,100,2.0043213737826426
05,025,0001,1373,0502500011373,0,0.0
05,025,0001,1388,0502500011388,3624,3.5593080109070123
05,025,0001,1392,0502500011392,4431,3.646599751720373
05,025,0001,1405,0502500011405,1059,3.0253058652647704
05,025,0001,141A,050250001141A,1503,3.1772478362556233
05,025,0001,1424,0502500011424,2254,3.3531465462139796
05,025,0001,1439,0502500011439,37,1.5797835966168101
05,025,0001,1443,0502500011443,3162,3.500099191915723
05,025,0001,1458,0502500011458,1076,3.0322157032979815
05,025,0001,1462,0502500011462,1817,3.2595938788859486
05,025,0001,1477,0502500011477,4504,3.6536947953150816
05,025,0001,1481,0502500011481,4879,3.6884198220027105
05,025,0001,1496,0502500011496,3732,3.5720579899263045
05,025,0001,1509,0502500011509,2190,3.3406423775607053
05,025,0001,1513,0502500011513,4,0.6989700043360189
05,025,0001,1528,0502500011528,1465,3.166133970305109
05,025,0001,1532,0502500011532,221,2.346352974450639
05,025,0001,1547,0502500011547,2326,3.36679638328673
05,025,0001,1551,0502500011551,3647,3.5620548296563785
05,025,0001,1566,0502500011566,1057,3.024485667699167
05,025,0001,1570,0502500011570,1522,3.1826999033360424
05,025,0001,1585,0502500011585,3952,3.5969268143429707
05,025,0001,159A,050250001159A,707,2.850033257689769
05,025,0001,1602,0502500011602,538,2.7315887651867388
05,025,0001,1617,0502500011617,3303,3.5190400386483445
05,025,0001,1621,0502500011621,924,2.9661417327390325
05,025,0001,1636,0502500011636,94,1.9777236052888478
05,025,0001,1640,0502500011640,974,2.989004615698537
05,025,0001,1655,0502500011655,466,2.6693168805661123
05,025,0001,166A,050250001166A,450,2.6541765418779604
05,025,0001,1674,0502500011674,326,2.514547752660286
05,025,0001,1689,0502500011689,490,2.6910814921229687
05,025,0001,1693,0502500011693,1434,3.156851901070011
05,025,0001,1706,0502500011706,756,2.8790958795000727
05,025,0001,1710,0502500011710,110,2.0453229787866576
05,025,0001,1725,0502500011725,337,2.5289167002776547
05,025,0001,173A,050250001173A,401,2.60422605308447
05,025,0001,1744,0502500011744,2722,3.4350476413399647
05,025,0001,1759,0502500011759,4704,3.6725596277632757
05,025,0001,1763,0502500011763,614,2.788875115775417
05,025,0001,1778,0502500011778,772,2.888179493918325
05,025,0001,1782,0502500011782,967,2.9858753573083936
05,025,0001,1797,0502500011797,1704,3.2317243833285163
05,025,0001,180A,050250001180A,36,1.568201724066995
05,026,0001,0298,0502600010298,73,1.8692317197309762
05,026,0001,0300,0502600010300,145,2.164352855784437
05,026,0001,0315,0502600010315,116,2.0681858617461617
05,026,0001,032A,050260001032A,152,2.184691430817599
05,026,0001,0334,0502600010334,99,2.0
05,026,0001,0349,0502600010349,90,1.9590413923210936
05,026,0001,0599,0502600010599,0,0.0
05,027,0001,0011,0502700010011,635,2.803457115648414
05,027,0001,0577,0502700010577,1133,3.0546130545568877
05,027,0001,0596,0502700010596,1975,3.295786940251609
05,027,0001,0609,0502700010609,0,0.0
05,027,0001,0628,0502700010628,2245,3.351409751925439
05,027,0001,0632,0502700010632,2900,3.4625477288026643
05,027,0001,0651,0502700010651,1727,3.2375437381428744
05,027,0001,0666,0502700010666,2538,3.4046627008737222
05,027,0001,0670,0502700010670,1040,3.017450729510536
05,027,0001,0685,0502700010685,1417,3.151676230847048
05,027,0001,069A,050270001069A,3137,3.496652939250918
05,027,0001,0702,0502700010702,3786,3.578295305120826
05,027,0001,0717,0502700010717,1905,3.2801228963023075
05,027,0001,0721,0502700010721,1846,3.2664668954402414
05,027,0001,0736,0502700010736,1244,3.095169351431755
05,027,0001,0740,0502700010740,1931,3.2860071220794747
05,027,0001,0755,0502700010755,2918,3.4652340949880145
05,027,0001,076A,050270001076A,1905,3.2801228963023075
05,027,0001,0774,0502700010774,177,2.250420002308894
05,027,0001,0789,0502700010789,1261,3.1010593549081156
05,027,0001,0793,0502700010793,0,0.0
05,027,0001,0806,0502700010806,0,0.0
05,027,0001,1378,0502700011378,2265,3.3552599055273786
05,027,0001,1382,0502700011382,1892,3.277150613963797
05,027,0001,1397,0502700011397,4930,3.692935002531138
05,027,0001,140A,050270001140A,1742,3.2412973871099933
05,027,0001,1414,0502700011414,1951,3.290479813330673
05,027,0001,1429,0502700011429,104,2.0211892990699383
05,027,0001,1467,0502700011467,2509,3.399673721481038
05,027,0001,1486,0502700011486,560,2.7489628612561616
05,027,0001,1503,0502700011503,2617,3.417969642214737
05,027,0001,1518,0502700011518,0,0.0
05,027,0001,1537,0502700011537,4385,3.642068627341504
05,027,0001,1541,0502700011541,5161,3.71281800020785
05,027,0001,1556,0502700011556,1677,3.2247919564926817
05,027,0001,1560,0502700011560,3557,3.5512059437479064
05,027,0001,1575,0502700011575,4367,3.640282629696681
05,027,0001,158A,050270001158A,1542,3.188365926063148
05,027,0001,1594,0502700011594,6644,3.822494985278751
05,027,0001,1607,0502700011607,5082,3.7061201097027037
05,027,0001,1611,0502700011611,47,1.6812412373755872
05,027,0001,1626,0502700011626,403,2.606381365110605
05,027,0001,1630,0502700011630,1570,3.1961761850399735
05,027,0001,1645,0502700011645,3296,3.518118947143153
05,027,0001,165A,050270001165A,436,2.640481436970422
05,027,0001,1679,0502700011679,1687,3.2273724422896364
05,027,0001,1683,0502700011683,2725,3.435525851498655
05,027,0001,1698,0502700011698,6131,3.7876021461823375
05,027,0001,1700,0502700011700,1021,3.009450895798694
05,027,0001,1715,0502700011715,1916,3.2826221128780624
05,027,0001,172A,050270001172A,359,2.5563025007672873
05,027,0001,1734,0502700011734,2296,3.361160995195026
05,027,0001,1749,0502700011749,560,2.7489628612561616
05,027,0001,1753,0502700011753,651,2.81424759573192
05,027,0001,1768,0502700011768,0,0.0
05,027,0001,1772,0502700011772,3225,3.508664363052943
05,027,0001,1787,0502700011787,0,0.0
05,027,0001,1791,0502700011791,0,0.0
05,027,0001,1804,0502700011804,0,0.0
05,027,0001,1819,0502700011819,982,2.9925535178321354
05,028,0001,0288,0502800010288,191,2.2833012287035497
05,028,0001,0292,0502800010292,413,2.617000341120899
05,028,0001,0305,0502800010305,1832,3.2631624649622166
05,028,0001,031A,050280001031A,1490,3.1734776434529945
05,028,0001,0324,0502800010324,2134,3.329397879361043
05,028,0001,0339,0502800010339,283,2.4533183400470375
05,028,0001,0343,0502800010343,204,2.311753861055754
05,028,0001,0358,0502800010358,618,2.791690649020118
05,028,0001,0377,0502800010377,202,2.307496037913213
05,028,0001,0381,0502800010381,843,2.926342446625655
05,028,0001,0396,0502800010396,784,2.8948696567452528
05,028,0001,0409,0502800010409,593,2.7737864449811935
05,028,0001,0413,0502800010413,1088,3.037027879755775
05,028,0001,0428,0502800010428,854,2.931966114728173
05,028,0001,0432,0502800010432,1312,3.118264726089479
05,028,0001,0447,0502800010447,1580,3.198931869932209
05,028,0001,0451,0502800010451,1008,3.0038911662369103
05,028,0001,0470,0502800010470,758,2.88024177589548
05,028,0001,0485,0502800010485,1549,3.1903316981702914
05,028,0001,049A,050280001049A,415,2.6190933306267428
05,028,0001,0517,0502800010517,2918,3.4652340949880145
05,028,0001,0521,0502800010521,1617,3.2089785172762535
05,028,0001,0540,0502800010540,664,2.8228216453031045
05,028,0001,0555,0502800010555,774,2.88930170250631
05,028,0001,056A,050280001056A,1703,3.2314695904306814
05,028,0001,0574,0502800010574,469,2.6720978579357175
05,028,0001,0589,0502800010589,473,2.6757783416740852
05,028,0001,0593,0502800010593,480,2.682145076373832
05,028,0001,0610,0502800010610,1008,3.0038911662369103
05,028,0001,0625,0502800010625,1195,3.077731179652392
05,028,0001,0678,0502800010678,2393,3.379124146070392
05,028,0001,070A,050280001070A,1211,3.0835026198302673
05,028,0001,0714,0502800010714,1541,3.188084373714938
05,028,0001,0729,0502800010729,49,1.6989700043360187
05,028,0001,0733,0502800010733,862,2.9360107957152097
05,028,0001,0856,0502800010856,395,2.597695185925512
05,028,0001,0860,0502800010860,26,1.4313637641589874
05,028,0001,0875,0502800010875,141,2.1522883443830563
05,028,0001,088A,050280001088A,2461,3.3912880485952974
05,028,0001,0894,0502800010894,21,1.3424226808222062
05,028,0001,0907,0502800010907,61,1.792391689498254
05,028,0001,0911,0502800010911,98,1.99563519459755
05,028,0001,0926,0502800010926,512,2.7101173651118162
05,028,0001,0930,0502800010930,70,1.8512583487190752
05,028,0001,0945,0502800010945,22,1.3617278360175928
05,028,0001,095A,050280001095A,62,1.7993405494535817
05,028,0001,0964,0502800010964,68,1.8388490907372552
05,028,0001,0979,0502800010979,783,2.8943160626844384
05,028,0001,1017,0502800011017,1604,3.205475036740891
05,028,0001,1021,0502800011021,1416,3.1513698502474603
05,028,0001,1036,0502800011036,2,0.47712125471966244
05,028,0001,1040,0502800011040,2034,3.3085644135612386
05,028,0001,1055,0502800011055,693,2.841359470454855
05,028,0001,106A,050280001106A,545,2.7371926427047373
05,028,0001,1074,0502800011074,749,2.8750612633917
05,028,0001,1106,0502800011106,1345,3.1290450598879582
05,028,0001,1110,0502800011110,149,2.1760912590556813
05,028,0001,1125,0502800011125,1435,3.1571544399062814
05,028,0001,113A,050280001113A,37,1.5797835966168101
05,028,0001,1144,0502800011144,2118,3.3261309567107946
05,028,0001,1159,0502800011159,1103,3.0429690733931802
05,028,0001,1163,0502800011163,3869,3.5877109650189114
05,028,0001,1178,0502800011178,108,2.037426497940624
05,028,0001,1182,0502800011182,583,2.7664128471123997
05,028,0001,1197,0502800011197,214,2.3324384599156054
05,028,0001,120A,050280001120A,662,2.821513528404773
05,028,0001,1214,0502800011214,302,2.481442628502305
05,028,0003,063A,050280003063A,821,2.9148718175400505
05,028,0003,0644,0502800030644,516,2.7134905430939424
05,028,0003,0659,0502800030659,280,2.44870631990508
05,028,0003,0663,0502800030663,539,2.7323937598229686
05,028,0003,0822,0502800030822,559,2.7481880270062002
05,028,0003,0837,0502800030837,88,1.9493900066449128
05,028,0003,0841,0502800030841,2,0.47712125471966244
05,028,0003,0998,0502800030998,91,1.9637878273455553
05,028,0003,1002,0502800031002,52,1.724275869600789
05,028,0003,1089,0502800031089,326,2.514547752660286
05,028,0003,1093,0502800031093,173,2.2405492482826
05,029,0001,0069,0502900010069,716,2.8555191556678
05,029,0001,0073,0502900010073,500,2.699837725867246
05,029,0001,0088,0502900010088,1005,3.0025979807199086
05,029,0001,011A,050290001011A,98,1.99563519459755
05,029,0001,0124,0502900010124,21,1.3424226808222062
05,029,0001,0139,0502900010139,64,1.8129133566428555
05,029,0001,0143,0502900010143,33,1.5314789170422551
05,030,0001,0017,0503000010017,53,1.7323937598229686
05,030,0001,0021,0503000010021,80,1.9084850188786497
05,030,0001,0055,0503000010055,1501,3.17666993266815
05,030,0001,006A,050300001006A,1755,3.244524511570084
05,030,0001,0074,0503000010074,1674,3.224014811372864
05,030,0001,0106,0503000010106,902,2.9556877503135057
05,030,0001,0110,0503000010110,1159,3.0644579892269186
05,030,0001,013A,050300001013A,904,2.9566485792052033
05,030,0001,0144,0503000010144,4972,3.696618459232225
05,030,0001,0159,0503000010159,2778,3.443888546777372
05,030,0001,0163,0503000010163,1911,3.2814878879400813
05,030,0001,0178,0503000010178,1003,3.0017337128090005
05,030,0001,0182,0503000010182,1851,3.2676409823459154
05,030,0001,0197,0503000010197,1585,3.200303182981585
05,030,0001,0214,0503000010214,2809,3.44870631990508
05,030,0001,0229,0503000010229,2550,3.40671045860979
05,030,0001,0233,0503000010233,1495,3.1749315935284423
05,030,0001,0248,0503000010248,2451,3.3895204658463776
05,030,0001,0252,0503000010252,3090,3.4900990050633047
05,030,0001,0271,0503000010271,1770,3.248218561190075
05,030,0001,0286,0503000010286,2347,3.370698092575577
05,030,0001,0290,0503000010290,3039,3.482873583608754
05,030,0001,0322,0503000010322,4001,3.6022770843001926
05,030,0001,0356,0503000010356,3335,3.523226041965701
05,030,0001,0360,0503000010360,1624,3.210853365314893
05,030,0001,0375,0503000010375,3865,3.5872618496925344
05,030,0001,038A,050300001038A,5271,3.7219754015859534
05,030,0001,0394,0503000010394,4859,3.6866362692622934
05,030,0001,0407,0503000010407,4301,3.6336704060514435
05,030,0001,0411,0503000010411,2766,3.442009159140952
05,030,0001,1227,0503000011227,2461,3.3912880485952974
05,030,0001,127A,050300001127A,1805,3.256717745977487
05,030,0001,1284,0503000011284,1507,3.178401341533755
05,030,0001,1301,0503000011301,5723,3.7576996250877386
05,030,0001,1320,0503000011320,72,1.863322860120456
05,030,0001,1335,0503000011335,797,2.9020028913507296
05,030,0001,1373,0503000011373,1438,3.158060793936605
05,030,0001,1392,0503000011392,3056,3.485295438726089
05,030,0001,1481,0503000011481,950,2.978180516937414
05,030,0001,1528,0503000011528,1121,3.0499928569201424
05,030,0001,1570,0503000011570,4165,3.619719265611727
05,030,0001,1585,0503000011585,2591,3.413634997198556
05,030,0001,159A,050300001159A,6430,3.808278509582768
05,030,0001,1621,0503000011621,26,1.4313637641589874
05,030,0001,1674,0503000011674,1783,3.2513948500401044
05,030,0001,1710,0503000011710,2427,3.38524868240322
05,030,0001,1829,0503000011829,4696,3.671820560183249
05,030,0001,1852,0503000011852,679,2.832508912706236
05,030,0001,1871,0503000011871,515,2.7126497016272113
05,030,0001,1886,0503000011886,1349,3.130333768495006
05,030,0001,1903,0503000011903,2075,3.31722734917642
05,030,0001,1918,0503000011918,1994,3.299942900022767
05,030,0001,1922,0503000011922,1811,3.2581581933407944
05,030,0001,1937,0503000011937,3204,3.5058280338548364
05,030,0001,1941,0503000011941,2785,3.4449811120879446
05,030,0001,1956,0503000011956,2108,3.3240765797394864
05,030,0001,1960,0503000011960,613,2.788168371141168
05,030,0001,1975,0503000011975,1839,3.2648178230095364
05,030,0001,198A,050300001198A,2693,3.4303975913869666
05,030,0001,2009,0503000012009,2103,3.3230457354817013
05,030,0001,2028,0503000012028,4164,3.6196150057428063
05,030,0001,2032,0503000012032,1097,3.040602340114073
05,030,0001,2047,0503000012047,1420,3.15259407792747
05,030,0001,2051,0503000012051,1622,3.210318519826232
05,030,0001,2066,0503000012066,834,2.921686475483602
05,030,0001,2070,0503000012070,20,1.3222192947339193
05,030,0001,2085,0503000012085,1537,3.1869563354654122
05,030,0001,209A,050300001209A,2009,3.303196057420489
05,030,0001,2102,0503000012102,3518,3.5464192668351915
05,030,0001,2117,0503000012117,3280,3.5160062303860475
05,030,0001,2121,0503000012121,2611,3.4169731726030363
05,030,0001,2136,0503000012136,1792,3.253580289562183
05,030,0001,2155,0503000012155,4730,3.674952948048565
05,030,0001,216A,050300001216A,2123,3.3271545124094315
05,030,0001,2174,0503000012174,3275,3.5153438930883807
05,030,0001,2189,0503000012189,1317,3.119915410257991
05,030,0001,2193,0503000012193,1523,3.182984967003582
05,030,0001,2206,0503000012206,3825,3.582744965691277
05,030,0001,2210,0503000012210,2608,3.4164740791002206
05,030,0001,2225,0503000012225,1656,3.219322508419337
05,030,0001,223A,050300001223A,1622,3.210318519826232
05,030,0001,2244,0503000012244,4617,3.6644539285811577
05,030,0001,2259,0503000012259,1165,3.0666985504229953
05,030,0001,2263,0503000012263,2001,3.3014640731433
05,030,0001,2278,0503000012278,1045,3.0195316845312554
05,030,0001,2282,0503000012282,1412,3.1501421618485588
05,030,0001,2297,0503000012297,1041,3.0178677189635055
05,030,0001,230A,050300001230A,1501,3.17666993266815
05,030,0001,2314,0503000012314,741,2.870403905279027
05,030,0001,2329,0503000012329,418,2.622214022966295
05,030,0001,2333,0503000012333,1997,3.3005954838899636
05,030,0001,2352,0503000012352,1245,3.095518042323151
05,030,0001,2367,0503000012367,1200,3.079543007402906
05,030,0001,2371,0503000012371,1585,3.200303182981585
05,030,0001,2386,0503000012386,2134,3.329397879361043
05,030,0001,2403,0503000012403,2008,3.3029799367482493
05,030,0001,2418,0503000012418,3011,3.478854967528663
05,030,0001,2422,0503000012422,2137,3.330007700872759
05,030,0001,2437,0503000012437,2296,3.361160995195026
05,030,0001,2441,0503000012441,2324,3.3664229572259727
05,030,0001,2456,0503000012456,598,2.7774268223893115
05,030,0001,2460,0503000012460,1793,3.2538224387080734
05,030,0001,2475,0503000012475,2780,3.4442009888641594
05,030,0001,248A,050300001248A,4492,3.6525364185930256
05,030,0001,2494,0503000012494,3816,3.581722159949099
05,030,0001,2507,0503000012507,2523,3.402089350572097
05,030,0001,2511,0503000012511,2976,3.473778834646725
05,030,0001,2526,0503000012526,1882,3.274850320016665
05,030,0001,2530,0503000012530,2212,3.344981413927258
05,030,0001,2545,0503000012545,2669,3.4265112613645754
05,030,0001,255A,050300001255A,2172,3.3370597263205246
05,030,0001,2564,0503000012564,2703,3.4320066872695985
05,030,0001,2579,0503000012579,2465,3.3919930722597127
05,030,0001,2583,0503000012583,2140,3.3306166672944384
05,030,0001,2598,0503000012598,3634,3.5605044151950564
05,030,0001,2600,0503000012600,2228,3.3481100684802376
05,030,0001,2615,0503000012615,5577,3.746478509930031
05,030,0001,262A,050300001262A,2691,3.430075055551939
05,030,0001,2634,0503000012634,2635,3.420945405921972
05,030,0001,2649,0503000012649,2696,3.4308809464528913
05,030,0001,2653,0503000012653,2946,3.469380135849925
05,030,0001,2668,0503000012668,3008,3.4784221877400805
05,030,0001,2672,0503000012672,4208,3.6241789257480224
05,030,0001,2687,0503000012687,2010,3.303412070596742
05,030,0001,2691,0503000012691,4558,3.6588695922019623
05,030,0001,2719,0503000012719,4004,3.6026025204202563
05,030,0001,2723,0503000012723,2817,3.4499409887733377
05,030,0001,2738,0503000012738,3230,3.509336958017644
05,030,0001,2742,0503000012742,3234,3.5098742850047193
05,030,0001,2761,0503000012761,2599,3.4149733479708178
05,030,0001,2776,0503000012776,3303,3.5190400386483445
05,030,0001,2780,0503000012780,3386,3.5298151966446305
05,030,0001,2795,0503000012795,2101,3.3226327116922234
05,030,0001,2808,0503000012808,1304,3.1156105116742996
05,030,0001,2812,0503000012812,2329,3.367355921026019
05,030,0001,2827,0503000012827,4027,3.6050894618815805
05,030,0001,2846,0503000012846,2975,3.473632926873841
05,030,0001,2850,0503000012850,1652,3.2182728535714475
05,030,0001,2865,0503000012865,2148,3.3322364154914434
05,030,0001,287A,050300001287A,4273,3.630834517828051
05,030,0001,2884,0503000012884,5905,3.7712934426290596
05,030,0001,2899,0503000012899,1643,3.215901813204032
05,030,0001,2901,0503000012901,5025,3.701222484256557
05,030,0001,2916,0503000012916,3444,3.5371892262436444
05,030,0001,2920,0503000012920,2849,3.45484486000851
05,030,0001,2954,0503000012954,2708,3.4328090050331683
05,030,0001,2969,0503000012969,702,2.846955325019824
05,030,0001,2973,0503000012973,863,2.936513742478893
05,030,0001,2988,0503000012988,1919,3.2833012287035497
05,030,0001,2992,0503000012992,1760,3.245759355967277
05,030,0001,3007,0503000013007,3942,3.5958267770732233
05,030,0001,3011,0503000013011,2423,3.3845326154942486
05,030,0001,3030,0503000013030,2300,3.3619166186686433
05,030,0001,3045,0503000013045,5379,3.7307822756663893
05,030,0001,305A,050300001305A,2698,3.431202884556517
05,030,0001,3079,0503000013079,5818,3.7648483571934106
05,030,0001,312A,050300001312A,2515,3.400710636773231
05,030,0001,3149,0503000013149,4449,3.6483600109809315
05,030,0001,3153,0503000013153,7411,3.86993541064686
05,030,0001,3168,0503000013168,1627,3.2116544005531824
05,030,0001,3172,0503000013172,1296,3.11293997608408
05,030,0001,3736,0503000013736,11,1.0791812460476249
05,030,0001,3740,0503000013740,13,1.146128035678238
05,030,0001,3755,0503000013755,6074,3.7835462822703496
05,030,0001,376A,050300001376A,270,2.432969290874406
05,030,0001,3774,0503000013774,22,1.3617278360175928
05,030,0001,3806,0503000013806,1908,3.280805928393667
05,030,0001,3810,0503000013810,1721,3.236033147117636
05,030,0001,383A,050300001383A,6087,3.7844746437625165
05,030,0001,3844,0503000013844,1038,3.016615547557177
05,030,0001,3859,0503000013859,1007,3.0034605321095067
05,030,0001,3878,0503000013878,1641,3.215373152783422
05,030,0001,3882,0503000013882,2453,3.3898745583909853
05,030,0001,390A,050300001390A,2776,3.4435758797502576
05,030,0001,3933,0503000013933,2588,3.413132050434872
05,030,0001,3967,0503000013967,0,0.0
05,030,0001,3971,0503000013971,0,0.0
05,030,0001,3986,0503000013986,648,2.812244696800369
05,030,0001,3990,0503000013990,598,2.7774268223893115
05,030,0001,4005,0503000014005,2,0.47712125471966244
05,030,0001,4039,0503000014039,0,0.0
05,030,0001,4058,0503000014058,309,2.4913616938342726
05,030,0001,4062,0503000014062,1668,3.222456336679247
05,030,0001,4096,0503000014096,299,2.4771212547196626
05,030,0001,4109,0503000014109,0,0.0
05,030,0001,4128,0503000014128,127,2.1072099696478683
05,030,0001,4151,0503000014151,10007,4.000347296685364
05,030,0001,4166,0503000014166,1,0.3010299956639812
05,030,0001,4170,0503000014170,46,1.6720978579357175
05,030,0001,4185,0503000014185,57,1.7634279935629373
05,030,0001,4202,0503000014202,1162,3.0655797147284485
05,030,0001,4217,0503000014217,68,1.8388490907372552
05,030,0001,4221,0503000014221,19,1.3010299956639813
05,030,0001,426A,050300001426A,2116,3.325720858019412
05,030,0001,4274,0503000014274,3001,3.4774106879072515
05,030,0001,4289,0503000014289,895,2.9523080096621253
05,030,0001,4293,0503000014293,1248,3.0965624383741357
05,030,0001,4310,0503000014310,4408,3.6443400988263224
05,030,0001,4325,0503000014325,2513,3.400365273349939
05,030,0001,433A,050300001433A,3099,3.4913616938342726
05,030,0001,4344,0503000014344,2173,3.3372595397502756
05,030,0001,4359,0503000014359,2768,3.4423229557455746
05,030,0001,4363,0503000014363,2184,3.3394514413064407
05,030,0001,4378,0503000014378,3870,3.5878231713189552
05,030,0001,4382,0503000014382,4376,3.641176546613114
05,030,0001,4397,0503000014397,2871,3.4581844355702627
05,030,0001,440A,050300001440A,6702,3.826269219393726
05,030,0001,4414,0503000014414,2696,3.4308809464528913
05,030,0001,4429,0503000014429,3350,3.5251744278352715
05,030,0001,4433,0503000014433,5063,3.7044936970092985
05,030,0001,4448,0503000014448,5816,3.7646990637983677
05,030,0001,4467,0503000014467,4712,3.6732974397596356
05,030,0001,4471,0503000014471,4906,3.6908160579809155
05,030,0001,4486,0503000014486,4616,3.664359874551141
05,030,0001,4503,0503000014503,3559,3.5514499979728753
05,030,0001,4518,0503000014518,1323,3.121887985103681
05,030,0001,4522,0503000014522,1656,3.219322508419337
05,030,0001,4537,0503000014537,1429,3.155336037465062
05,030,0001,4541,0503000014541,1891,3.276921132065774
05,030,0001,4556,0503000014556,1259,3.100370545117563
05,030,0001,4560,0503000014560,21,1.3424226808222062
05,030,0001,4575,0503000014575,3813,3.5813806887099866
05,030,0001,458A,050300001458A,3769,3.576341350205793
05,030,0001,4594,0503000014594,2103,3.3230457354817013
05,030,0001,4611,0503000014611,4063,3.6089536992758626
05,030,0001,4630,0503000014630,599,2.7781512503836434
05,030,0001,4645,0503000014645,1291,3.1112625136590655
05,030,0001,465A,050300001465A,1732,3.238798562713917
05,030,0001,4679,0503000014679,3688,3.5669086552268032
05,030,0001,4683,0503000014683,3432,3.53567380342575
05,030,0001,4698,0503000014698,3584,3.554489160003819
05,030,0001,4700,0503000014700,1733,3.2390490931401916
05,030,0001,472A,050300001472A,1279,3.1072099696478683
05,030,0001,4734,0503000014734,761,2.8819549713396007
05,030,0001,4749,0503000014749,2535,3.404149249209695
05,030,0001,4753,0503000014753,311,2.494154594018443
05,030,0001,4772,0503000014772,2506,3.3991543339582164
05,030,0001,4787,0503000014787,467,2.670245853074124
05,030,0001,4791,0503000014791,864,2.9370161074648142
05,030,0001,4804,0503000014804,654,2.816241299991783
05,030,0001,4819,0503000014819,3887,3.589726256254237
05,030,0001,4823,0503000014823,4373,3.640878778701618
05,030,0001,4838,0503000014838,2522,3.4019172505175748
05,030,0001,4857,0503000014857,1862,3.2702128548962426
05,030,0001,4861,0503000014861,3014,3.47928731647617
05,030,0001,4876,0503000014876,1776,3.2496874278053016
05,030,0001,4880,0503000014880,2808,3.448551739201578
05,030,0001,4895,0503000014895,1985,3.2979792441593623
05,030,0001,4908,0503000014908,2650,3.4234097277330933
05,030,0001,4912,0503000014912,919,2.963787827345555
05,030,0001,4946,0503000014946,6005,3.778585327862962
05,030,0001,4950,0503000014950,3924,3.5938396610812715
05,030,0001,4965,0503000014965,1671,3.2232362731029975
05,030,0001,4984,0503000014984,1253,3.0982975364946976
05,030,0001,4999,0503000014999,1922,3.28397928423848
05,030,0001,5003,0503000015003,2859,3.456366033129043
05,030,0001,5018,0503000015018,2911,3.4641913706409997
05,030,0001,5022,0503000015022,2503,3.398634324538392
05,030,0001,5037,0503000015037,4640,3.66661156841903
05,030,0001,5041,0503000015041,2469,3.392696953259666
05,030,0001,5056,0503000015056,2708,3.4328090050331683
05,030,0001,5060,0503000015060,3064,3.486430478854434
05,030,0001,5075,0503000015075,4721,3.674125982742708
05,030,0001,508A,050300001508A,4463,3.6497241859295224
05,030,0001,5094,0503000015094,4907,3.6909045540549665
05,030,0001,5107,0503000015107,13856,4.141669216966209
05,030,0001,5111,0503000015111,1739,3.2405492482826
05,030,0001,5126,0503000015126,7951,3.900476371389257
05,030,0001,5130,0503000015130,3013,3.479143247978613
05,030,0001,5145,0503000015145,2826,3.4513258084895195
05,030,0001,515A,050300001515A,1057,3.024485667699167
05,030,0001,5164,0503000015164,2194,3.34143452457814
05,030,0001,5179,0503000015179,2660,3.425044874551389
05,030,0001,5183,0503000015183,2443,3.3881012015705165
05,030,0001,5198,0503000015198,2087,3.3197304943302246
05,030,0001,5200,0503000015200,2654,3.4240645254174877
05,030,0001,5215,0503000015215,426,2.630427875025024
05,030,0001,522A,050300001522A,88,1.9493900066449128
05,030,0001,5234,0503000015234,2495,3.397244581010386
05,030,0001,5249,0503000015249,255,2.4082399653118496
05,030,0001,5253,0503000015253,1181,3.0726174765452368
05,030,0001,5268,0503000015268,95,1.9822712330395684
05,030,0001,5272,0503000015272,4794,3.6807886115066824
05,030,0001,5287,0503000015287,2289,3.359835482339888
05,030,0001,5291,0503000015291,2028,3.307282047033346
05,030,0001,5304,0503000015304,2465,3.3919930722597127
05,030,0001,5319,0503000015319,1281,3.1078880251827985
05,030,0001,5323,0503000015323,2800,3.4473131088235682
05,030,0001,5338,0503000015338,1756,3.244771761495295
05,030,0001,5342,0503000015342,2052,3.312388949370592
05,030,0001,5357,0503000015357,2612,3.4171394097273255
05,030,0001,5361,0503000015361,3774,3.576916955965207
05,030,0001,5376,0503000015376,4183,3.621591675859218
05,030,0001,5380,0503000015380,2732,3.436639631692661
05,030,0001,5408,0503000015408,5048,3.7032053706954864
05,030,0001,5412,0503000015412,4186,3.6219029608912305
05,030,0001,5427,0503000015427,4917,3.6917885244026984
05,030,0001,5431,0503000015431,3413,3.5332635167787148
05,030,0001,5446,0503000015446,5149,3.711807229041191
05,030,0001,5450,0503000015450,1122,3.050379756261458
05,030,0001,547A,050300001547A,445,2.649334858712142
05,030,0001,5484,0503000015484,781,2.893206753059848
05,030,0001,5499,0503000015499,2089,3.3201462861110542
05,030,0001,5501,0503000015501,2724,3.4353665066126613
05,030,0001,5516,0503000015516,4861,3.6868149545073168
05,030,0001,5520,0503000015520,4995,3.6986224297020978
05,030,0001,5535,0503000015535,3417,3.533772058384718
05,030,0001,554A,050300001554A,6615,3.8205954965444904
05,030,0001,5554,0503000015554,3409,3.5327543789924976
05,030,0001,5569,0503000015569,6007,3.778729923996112
05,030,0001,5573,0503000015573,3644,3.5616975326539935
05,030,0001,5588,0503000015588,2026,3.3068537486930087
05,030,0001,5592,0503000015592,358,2.5550944485783194
05,030,0001,5605,0503000015605,446,2.6503075231319366
05,030,0001,561A,050300001561A,6157,3.789439684567179
05,030,0001,5624,0503000015624,276,2.4424797690644486
05,030,0001,5639,0503000015639,594,2.7745169657285498
05,030,0001,5643,0503000015643,5563,3.7453871213200087
05,030,0001,5658,0503000015658,1776,3.2496874278053016
05,030,0001,5662,0503000015662,2404,3.3811150807098507
05,030,0001,5677,0503000015677,4440,3.647480773173676
05,030,0001,5681,0503000015681,6178,3.7909181952145783
05,030,0001,5696,0503000015696,4893,3.6896639650157703
05,030,0001,5709,0503000015709,1824,3.2612628687924934
05,030,0001,5713,0503000015713,2241,3.3506356082589543
05,030,0001,5728,0503000015728,2115,3.325515663363148
05,030,0001,5732,0503000015732,5136,3.710709565724337
05,030,0001,5747,0503000015747,4085,3.611298362296429
05,030,0001,5751,0503000015751,1920,3.2835273648616936
05,030,0001,5766,0503000015766,7756,3.889693791444185
05,030,0001,5770,0503000015770,3092,3.490379920003179
05,030,0001,5785,0503000015785,2830,3.451939869365103
05,030,0001,579A,050300001579A,4216,3.6250036010148636
05,030,0001,5802,0503000015802,38,1.591064607026499
05,030,0001,5817,0503000015817,1723,3.236537261488694
05,030,0001,5821,0503000015821,116,2.0681858617461617
05,030,0001,5836,0503000015836,2628,3.419790586106363
05,030,0001,5840,0503000015840,1947,3.2895889525425965
05,030,0001,5855,0503000015855,3386,3.5298151966446305
05,030,0001,586A,050300001586A,1070,3.029789470831856
05,031,0001,0692,0503100010692,2152,3.3330440298234874
05,031,0001,0705,0503100010705,1136,3.0557604646877348
05,031,0001,071A,050310001071A,984,2.9934362304976116
05,031,0001,0724,0503100010724,2086,3.3195224490654542
05,031,0001,0739,0503100010739,2604,3.4158077276355434
05,031,0001,0743,0503100010743,2440,3.387567779417189
05,031,0001,0758,0503100010758,2858,3.456214155357989
05,031,0001,0762,0503100010762,1955,3.291368850451583
05,031,0001,0777,0503100010777,980,2.9916690073799486
05,031,0001,0781,0503100010781,871,2.940516484932567
05,031,0001,0796,0503100010796,1181,3.0726174765452368
05,031,0001,0809,0503100010809,1608,3.2065560440990297
05,031,0001,1332,0503100011332,381,2.582063362911709
05,031,0001,1385,0503100011385,81,1.9138138523837167
05,031,0001,1421,0503100011421,145,2.164352855784437
05,031,0001,1436,0503100011436,186,2.271841606536499
05,031,0001,1440,0503100011440,1558,3.192846115188842
05,031,0001,1455,0503100011455,21,1.3424226808222062
05,031,0001,146A,050310001146A,20,1.3222192947339193
05,031,0001,1474,0503100011474,38,1.591064607026499
05,031,0001,1489,0503100011489,46,1.6720978579357175
05,031,0001,1493,0503100011493,47,1.6812412373755872
05,031,0001,1506,0503100011506,35,1.5563025007672873
05,032,0001,0473,0503200010473,359,2.5563025007672873
05,032,0001,0488,0503200010488,331,2.5211380837040362
05,032,0001,0492,0503200010492,250,2.399673721481038
05,032,0001,0505,0503200010505,256,2.4099331233312946
05,032,0001,0632,0503200010632,0,0.0
05,032,0001,0647,0503200010647,61,1.792391689498254
05,032,0014,0030,0503200140030,32,1.5185139398778875
05,032,0014,0064,0503200140064,436,2.640481436970422
05,032,0014,0079,0503200140079,522,2.718501688867274
05,032,0014,0083,0503200140083,238,2.3783979009481375
05,032,0014,0257,0503200140257,854,2.931966114728173
05,032,0014,0261,0503200140261,595,2.7752462597402365
05,032,0014,0276,0503200140276,742,2.8709888137605755
05,032,0014,0280,0503200140280,648,2.812244696800369
05,032,0014,0295,0503200140295,1434,3.156851901070011
05,032,0014,0308,0503200140308,1472,3.168202746842631
05,032,0014,0312,0503200140312,1078,3.0330214446829107
05,032,0014,0327,0503200140327,656,2.8175653695597807
05,032,0014,0331,0503200140331,581,2.7649229846498886
05,032,0014,0346,0503200140346,865,2.937517892017347
05,032,0014,0350,0503200140350,1267,3.1031192535457137
05,032,0014,0365,0503200140365,701,2.846337112129805
05,032,0014,037A,050320014037A,1391,3.1436392352745433
05,032,0014,0384,0503200140384,723,2.859738566197147
05,032,0014,0399,0503200140399,561,2.749736315569061
05,032,0014,0401,0503200140401,638,2.8055008581584002
05,032,0014,0416,0503200140416,740,2.869818207979328
05,032,0014,0420,0503200140420,518,2.7151673578484576
05,032,0014,0435,0503200140435,664,2.8228216453031045
05,032,0014,044A,050320014044A,1389,3.143014800254095
05,032,0014,0454,0503200140454,689,2.838849090737255
05,032,0014,0469,0503200140469,799,2.9030899869919438
05,032,0014,051A,050320014051A,1025,3.0111473607757975
05,032,0014,0562,0503200140562,133,2.1271047983648077
05,032,0014,0577,0503200140577,1285,3.109240968588203
05,032,0014,0581,0503200140581,1799,3.255272505103306
05,032,0014,0613,0503200140613,92,1.968482948553935
05,032,0014,0628,0503200140628,1130,3.053462604925455
05,032,0014,0651,0503200140651,463,2.6665179805548807
05,032,0014,0670,0503200140670,1668,3.222456336679247
05,032,0014,0685,0503200140685,2191,3.3408405498123317
05,032,0014,069A,050320014069A,719,2.8573324964312685
05,032,0014,0702,0503200140702,610,2.786041210242554
05,032,0014,0717,0503200140717,421,2.625312450961674
05,032,0014,0721,0503200140721,399,2.6020599913279625
05,032,0014,0736,0503200140736,2100,3.3224260524059526
05,032,0014,0740,0503200140740,1747,3.2425414282983844
05,032,0014,0755,0503200140755,1253,3.0982975364946976
05,032,0014,076A,050320014076A,1041,3.0178677189635055
05,032,0014,0774,0503200140774,749,2.8750612633917
05,033,0001,0019,0503300010019,3317,3.5208763816883417
05,033,0001,0038,0503300010038,3086,3.4895366294820955
05,033,0001,0057,0503300010057,2315,3.3647385550553985
05,033,0001,0945,0503300010945,1658,3.219846386024361
05,033,0001,095A,050330001095A,3541,3.549248556854056
05,033,0001,0964,0503300010964,3398,3.5313511645830595
05,033,0001,0998,0503300010998,2233,3.34908316877959
05,033,0001,1002,0503300011002,1162,3.0655797147284485
05,033,0001,1021,0503300011021,22,1.3617278360175928
05,033,0001,1040,0503300011040,2787,3.4452927694259716
05,033,0001,106A,050330001106A,835,2.9222062774390163
05,033,0001,1074,0503300011074,698,2.8444771757456815
05,033,0001,1106,0503300011106,773,2.8887409606828927
05,033,0001,1110,0503300011110,2241,3.3506356082589543
05,033,0001,1125,0503300011125,2196,3.3418300569205104
05,033,0001,113A,050330001113A,1950,3.2902572693945182
05,033,0001,1144,0503300011144,1634,3.2135177569963047
05,033,0001,1695,0503300011695,0,0.0
05,033,0001,1708,0503300011708,170,2.2329961103921536
05,033,0001,1712,0503300011712,101,2.0086001717619175
05,033,0001,1765,0503300011765,295,2.4712917110589387
05,033,0001,1892,0503300011892,2015,3.3044905277734875
05,033,0001,1905,0503300011905,0,0.0
05,033,0001,1924,0503300011924,197,2.296665190261531
05,033,0001,1958,0503300011958,1931,3.2860071220794747
05,033,0001,1962,0503300011962,1938,3.2875778090787056
05,033,0001,2015,0503300012015,2667,3.426185825244511
05,033,0001,202A,050330001202A,609,2.785329835010767
05,033,0001,2034,0503300012034,2246,3.351603072419129
05,033,0001,2049,0503300012049,3475,3.541079767776629
05,033,0022,1089,0503300221089,2520,3.401572845676446
05,033,0022,1093,0503300221093,1906,3.280350693046006
05,033,0022,1801,0503300221801,66,1.8260748027008264
05,033,0022,1977,0503300221977,365,2.5634810853944106
05,033,0022,1981,0503300221981,409,2.6127838567197355
05,033,0022,1996,0503300221996,1261,3.1010593549081156
05,033,0022,2000,0503300222000,1445,3.160168292958512
05,033,0037,0076,0503300370076,1874,3.2730012720637376
05,033,0037,1784,0503300371784,26,1.4313637641589874
05,033,0037,1799,0503300371799,370,2.569373909615046
05,033,0037,1816,0503300371816,344,2.537819095073274
05,033,0037,2053,0503300372053,29,1.4771212547196624
05,033,0037,2068,0503300372068,65,1.8195439355418688
05,034,0001,0834,0503400010834,58,1.7708520116421442
05,034,0001,0849,0503400010849,191,2.2833012287035497
05,034,0001,0853,0503400010853,92,1.968482948553935
05,034,0001,0868,0503400010868,106,2.0293837776852097
05,034,0001,1423,0503400011423,15,1.2041199826559248
05,034,0025,1620,0503400251620,3165,3.5005109105263372
05,034,0025,1635,0503400251635,989,2.99563519459755
05,034,0025,164A,050340025164A,82,1.919078092376074
05,034,0025,1654,0503400251654,337,2.5289167002776547
05,035,0001,0013,0503500010013,0,0.0
05,035,0001,0028,0503500010028,56,1.7558748556724915
05,035,0001,0032,0503500010032,979,2.9912260756924947
05,035,0001,0047,0503500010047,1980,3.296884475538547
05,035,0001,0051,0503500010051,1814,3.258876629372131
05,035,0001,0066,0503500010066,2508,3.3995006613146104
05,035,0001,0070,0503500010070,3163,3.500236474825639
05,035,0001,0102,0503500010102,1463,3.165541076722373
05,035,0001,0117,0503500010117,1560,3.1934029030624176
05,035,0001,0136,0503500010136,6220,3.7938602013426697
05,035,0001,0174,0503500010174,2594,3.414137362184477
05,035,0001,0263,0503500010263,1529,3.184691430817599
05,035,0001,0278,0503500010278,1699,3.230448921378274
05,035,0001,0282,0503500010282,1834,3.263636068588108
05,035,0001,0314,0503500010314,1896,3.2780673308886628
05,035,0001,0367,0503500010367,1553,3.1914510144648953
05,035,0001,0371,0503500010371,3051,3.484584529282843
05,035,0001,0386,0503500010386,2698,3.431202884556517
05,035,0001,0390,0503500010390,1835,3.2638726768652235
05,035,0001,0418,0503500010418,1646,3.2166935991697545
05,035,0001,0460,0503500010460,1994,3.299942900022767
05,035,0001,0475,0503500010475,2432,3.3861421089308186
05,035,0001,048A,050350001048A,2561,3.4085791254086675
05,035,0001,0564,0503500010564,3114,3.4934580509951885
05,035,0001,0761,0503500010761,899,2.9542425094393248
05,035,0001,0776,0503500010776,1801,3.255754786643044
05,035,0001,0812,0503500010812,6473,3.811172695066554
05,035,0001,0831,0503500010831,1818,3.2598326990634834
05,035,0001,0846,0503500010846,2075,3.31722734917642
05,035,0001,0850,0503500010850,3843,3.584783378996508
05,035,0001,087A,050350001087A,0,0.0
05,035,0001,0884,0503500010884,2892,3.461348433647983
05,035,0001,0901,0503500010901,2169,3.3364597338485296
05,035,0001,0920,0503500010920,2944,3.4690852991231202
05,035,0001,0935,0503500010935,2521,3.401745082237063
05,035,0001,094A,050350001094A,2449,3.3891660843645326
05,035,0001,0954,0503500010954,4050,3.607562243183588
05,035,0001,0969,0503500010969,2732,3.436639631692661
05,035,0001,1007,0503500011007,2582,3.412124406173317
05,035,0001,1011,0503500011011,2452,3.3896975482063856
05,035,0001,1026,0503500011026,959,2.9822712330395684
05,035,0001,1064,0503500011064,3112,3.493179120682515
05,035,0001,1100,0503500011100,2664,3.425697213362591
05,035,0001,1115,0503500011115,1259,3.100370545117563
05,035,0001,112A,050350001112A,3244,3.511214701136388
05,035,0001,1187,0503500011187,2372,3.375297738217339
05,035,0001,1191,0503500011191,1581,3.1992064791616577
05,035,0001,1204,0503500011204,2265,3.3552599055273786
05,035,0001,1219,0503500011219,2689,3.429752280002408
05,035,0001,1223,0503500011223,4012,3.6034691597338386
05,035,0001,1238,0503500011238,2854,3.455606112581867
05,035,0001,1242,0503500011242,1606,3.2060158767633444
05,035,0001,1257,0503500011257,929,2.9684829485539352
05,035,0001,1261,0503500011261,4205,3.6238692683503024
05,035,0001,1276,0503500011276,4827,3.6837672614253116
05,035,0001,1280,0503500011280,1311,3.1179338350396413
05,035,0001,1295,0503500011295,890,2.949877704036875
05,035,0001,1308,0503500011308,2554,3.4073909044707316
05,035,0001,1312,0503500011312,4374,3.640978057358332
05,035,0001,1331,0503500011331,2021,3.3057811512549824
05,035,0001,1346,0503500011346,551,2.741939077729199
05,035,0001,1350,0503500011350,3033,3.4820155764507117
05,035,0001,1365,0503500011365,2135,3.3296012483565187
05,035,0001,137A,050350001137A,2015,3.3044905277734875
05,035,0001,1384,0503500011384,2288,3.359645792674543
05,035,0001,1399,0503500011399,2042,3.3102683666324477
05,035,0001,1401,0503500011401,1326,3.1228709228644354
05,035,0001,1416,0503500011416,1629,3.2121876044039577
05,035,0001,1420,0503500011420,1742,3.2412973871099933
05,035,0001,1435,0503500011435,1430,3.1556396337597765
05,035,0001,144A,050350001144A,1879,3.27415784926368
05,035,0001,1454,0503500011454,2649,3.423245873936808
05,035,0001,1469,0503500011469,2261,3.3544926005894364
05,035,0001,1473,0503500011473,1077,3.03261876085072
05,035,0001,1488,0503500011488,1193,3.0770043267933502
05,035,0001,1492,0503500011492,1540,3.1878026387184195
05,035,0001,1505,0503500011505,900,2.954724790979063
05,035,0001,151A,050350001151A,735,2.866877814337499
05,035,0001,1524,0503500011524,819,2.9138138523837167
05,035,0001,1539,0503500011539,2932,3.467312062980552
05,035,0001,1543,0503500011543,3167,3.500785172917456
05,035,0001,1558,0503500011558,1533,3.185825359612962
05,035,0001,1562,0503500011562,620,2.79309160017658
05,035,0001,1577,0503500011577,766,2.884795363948981
05,035,0001,1581,0503500011581,531,2.7259116322950483
05,035,0001,1596,0503500011596,4598,3.6626634095740376
05,035,0001,1609,0503500011609,2429,3.385606273598312
05,035,0001,1613,0503500011613,1938,3.2875778090787056
05,035,0001,1666,0503500011666,1708,3.232742062720737
05,035,0001,1670,0503500011670,1702,3.231214647962601
05,035,0001,1685,0503500011685,2518,3.401228167498113
05,035,0001,169A,050350001169A,1265,3.1024337056813365
05,035,0001,1721,0503500011721,1992,3.2995072987004876
05,035,0001,1755,0503500011755,2399,3.380211241711606
05,035,0001,176A,050350001176A,2638,3.4214393902200495
05,035,0001,1774,0503500011774,2357,3.3725438007590705
05,035,0001,1789,0503500011789,1492,3.1740598077250253
05,035,0001,1810,0503500011810,402,2.6053050461411096
05,035,0001,1825,0503500011825,2610,3.4168068718229443
05,035,0001,1844,0503500011844,2257,3.353723937588949
05,035,0001,1859,0503500011859,1845,3.266231696689893
05,035,0001,1878,0503500011878,2378,3.3763944420372662
05,035,0001,1882,0503500011882,3895,3.590618948206578
05,035,0001,1897,0503500011897,4042,3.6067037413336744
05,035,0001,190A,050350001190A,5983,3.776991584856405
05,035,0001,1914,0503500011914,1527,3.184123354239671
05,035,0001,1929,0503500011929,1634,3.2135177569963047
05,035,0001,1933,0503500011933,1968,3.2942457161381182
05,035,0001,1948,0503500011948,2264,3.3550682063488506
05,035,0001,1952,0503500011952,2445,3.3884564527002667
05,035,0001,1971,0503500011971,2724,3.4353665066126613
05,035,0001,1986,0503500011986,1142,3.0580462303952816
05,035,0001,1990,0503500011990,548,2.739572344450092
05,035,0001,2005,0503500012005,1624,3.210853365314893
05,035,0001,201A,050350001201A,965,2.9849771264154934
05,035,0001,2024,0503500012024,1436,3.157456768134226
05,035,0001,2039,0503500012039,2131,3.3287872003545345
05,035,0001,2043,0503500012043,881,2.94546858513182
05,035,0001,2058,0503500012058,976,2.989894563718773
05,035,0001,2062,0503500012062,1264,3.1020905255118367
05,035,0001,2077,0503500012077,3529,3.5477747053878224
05,035,0001,2081,0503500012081,1051,3.02201573981772
05,035,0001,2096,0503500012096,1841,3.26528962586083
05,035,0001,2109,0503500012109,1930,3.285782273779395
05,035,0001,2113,0503500012113,2917,3.4650852875574327
05,035,0001,2128,0503500012128,2112,3.3248994970523134
05,035,0001,2221,0503500012221,660,2.82020145948564
05,035,0001,2236,0503500012236,1025,3.0111473607757975
05,035,0001,2240,0503500012240,1094,3.0394141191761372
05,035,0001,2255,0503500012255,2116,3.325720858019412
05,035,0001,226A,050350001226A,1143,3.058426024457005
05,035,0001,2274,0503500012274,5191,3.715334683792313
05,035,0001,2289,0503500012289,3872,3.588047496986083
05,035,0001,2293,0503500012293,3252,3.5122840632818537
05,035,0001,2310,0503500012310,4892,3.6895752157599384
05,035,0001,2325,0503500012325,0,0.0
05,035,0001,233A,050350001233A,104,2.0211892990699383
05,035,0001,2344,0503500012344,1633,3.2132520521963968
05,035,0001,2359,0503500012359,256,2.4099331233312946
05,035,0001,2429,0503500012429,2705,3.4323277922616042
05,035,0001,2560,0503500012560,1595,3.2030328870147105
05,035,0001,2575,0503500012575,1075,3.0318122713303706
05,035,0001,258A,050350001258A,2369,3.374748346010104
05,035,0001,2594,0503500012594,2192,3.341038631677523
05,035,0001,2607,0503500012607,1832,3.2631624649622166
05,035,0001,2611,0503500012611,3535,3.5485122563410356
05,035,0001,2626,0503500012626,1695,3.229425847920695
05,035,0001,2630,0503500012630,5770,3.761251074308663
05,035,0001,2645,0503500012645,2626,3.4194600727860704
05,035,0001,265A,050350001265A,3557,3.5512059437479064
05,035,0001,2664,0503500012664,2064,3.31492005599242
05,035,0001,2679,0503500012679,3149,3.4983105537896004
05,035,0001,2683,0503500012683,1700,3.230704313612569
05,035,0001,2698,0503500012698,1261,3.1010593549081156
05,035,0001,2700,0503500012700,2065,3.315130317183602
05,035,0001,2715,0503500012715,1360,3.133858125203335
05,035,0001,272A,050350001272A,1542,3.188365926063148
05,035,0001,2734,0503500012734,2721,3.434888120867316
05,035,0001,2749,0503500012749,1843,3.2657609167176105
05,035,0001,2753,0503500012753,1889,3.2764618041732443
05,035,0001,2768,0503500012768,1138,3.0565237240791006
05,035,0001,2772,0503500012772,1126,3.0519239160461065
05,035,0001,2787,0503500012787,1659,3.220108088040055
05,035,0001,2791,0503500012791,1896,3.2780673308886628
05,035,0001,2804,0503500012804,2247,3.3517963068970236
05,035,0001,2819,0503500012819,1262,3.101403350555331
05,035,0001,2823,0503500012823,1776,3.2496874278053016
05,035,0001,2838,0503500012838,876,2.9429995933660407
05,035,0001,2842,0503500012842,1468,3.1670217957902564
05,035,0001,2857,0503500012857,1036,3.015778756389041
05,035,0001,2861,0503500012861,808,2.9079485216122722
05,035,0001,2876,0503500012876,1545,3.189209489582306
05,035,0001,2880,0503500012880,1459,3.164352855784437
05,035,0001,2908,0503500012908,3416,3.5336449787987627
05,035,0001,2912,0503500012912,0,0.0
05,035,0001,2931,0503500012931,2271,3.3564083270389813
05,035,0001,2946,0503500012946,303,2.482873583608754
05,035,0001,2965,0503500012965,0,0.0
05,035,0001,297A,050350001297A,1572,3.196728722623287
05,035,0001,2984,0503500012984,3649,3.5622928644564746
05,035,0001,3003,0503500013003,1179,3.0718820073061255
05,035,0001,3018,0503500013018,663,2.8221680793680175
05,035,0001,3022,0503500013022,3558,3.551327988003846
05,035,0001,3037,0503500013037,2595,3.4143046881283317
05,035,0001,3041,0503500013041,2289,3.359835482339888
05,035,0001,308A,050350001308A,1328,3.123524980942732
05,035,0001,3107,0503500013107,2209,3.3443922736851106
05,035,0001,3111,0503500013111,1252,3.09795107099415
05,035,0001,3126,0503500013126,2711,3.433289685195026
05,035,0001,3130,0503500013130,2834,3.452553063228925
05,035,0001,3145,0503500013145,2152,3.3330440298234874
05,035,0001,315A,050350001315A,3124,3.494850021680094
05,035,0001,3164,0503500013164,2047,3.3113299523037933
05,035,0001,3183,0503500013183,1809,3.2576785748691846
05,035,0001,3200,0503500013200,1228,3.089551882886454
05,035,0001,3215,0503500013215,639,2.806179973983887
05,035,0001,3234,0503500013234,4060,3.608632989490037
05,035,0001,3291,0503500013291,1146,3.0595634179012676
05,035,0001,3304,0503500013304,451,2.655138434811382
05,035,0001,3323,0503500013323,2654,3.4240645254174877
05,035,0001,3342,0503500013342,3163,3.500236474825639
05,035,0001,3357,0503500013357,0,0.0
05,035,0001,3361,0503500013361,188,2.2764618041732443
05,035,0001,3376,0503500013376,4606,3.6634182122526795
05,035,0001,3380,0503500013380,5866,3.768416088216332
05,035,0001,3395,0503500013395,518,2.7151673578484576
05,035,0001,3408,0503500013408,345,2.5390760987927767
05,035,0001,3412,0503500013412,1084,3.0354297381845483
05,035,0001,3427,0503500013427,727,2.862131379313037
05,035,0001,3431,0503500013431,813,2.910624404889201
05,035,0001,3446,0503500013446,1213,3.0842186867392387
05,035,0001,3450,0503500013450,802,2.904715545278681
05,035,0001,347A,050350001347A,356,2.552668216112193
05,035,0001,3484,0503500013484,302,2.481442628502305
05,035,0001,3499,0503500013499,2298,3.361538971269279
05,035,0001,3501,0503500013501,2097,3.3218054838575393
05,035,0001,3516,0503500013516,1195,3.077731179652392
05,035,0001,3535,0503500013535,1601,3.204662511748219
05,035,0001,354A,050350001354A,2026,3.3068537486930087
05,035,0001,3573,0503500013573,7936,3.8996563803056357
05,035,0001,3588,0503500013588,2413,3.3827372657613304
05,035,0001,3592,0503500013592,4401,3.6436500382173294
05,035,0001,3624,0503500013624,3073,3.4877038631637265
05,035,0001,3639,0503500013639,958,2.9818186071706636
05,035,0001,3643,0503500013643,257,2.41161970596323
05,035,0001,3658,0503500013658,2240,3.350441856535061
05,035,0001,3662,0503500013662,7525,3.8765642139838454
05,035,0001,3728,0503500013728,2344,3.370142847051102
05,035,0001,3732,0503500013732,1012,3.0056094453602804
05,035,0001,3766,0503500013766,1512,3.179838928023187
05,035,0001,3770,0503500013770,6128,3.78738962135211
05,035,0001,3785,0503500013785,661,2.8208579894397
05,035,0001,379A,050350001379A,428,2.6324572921847245
05,035,0001,3802,0503500013802,362,2.5599066250361124
05,035,0001,3817,0503500013817,2225,3.3475251599986895
05,035,0001,3821,0503500013821,224,2.3521825181113627
05,035,0001,3836,0503500013836,3338,3.523616419054371
05,035,0001,3840,0503500013840,5861,3.768045814102417
05,035,0001,3855,0503500013855,3276,3.515476441382376
05,035,0001,386A,050350001386A,4895,3.6898414091375047
05,035,0001,3874,0503500013874,1686,3.2271150825891253
05,035,0001,3889,0503500013889,222,2.3483048630481607
05,035,0001,3893,0503500013893,2193,3.3412366232386925
05,035,0001,3906,0503500013906,4960,3.6955692270361857
05,035,0001,3910,0503500013910,2853,3.4554539687786283
05,035,0001,3925,0503500013925,1594,3.2027606873931997
05,035,0001,393A,050350001393A,3133,3.496098992132571
05,035,0001,3944,0503500013944,2459,3.3909351071033793
05,035,0001,3959,0503500013959,3248,3.511749711344983
05,035,0001,3963,0503500013963,3928,3.594282028811806
05,035,0001,3978,0503500013978,2098,3.3220124385824006
05,035,0001,3982,0503500013982,955,2.9804578922761
05,035,0001,3997,0503500013997,455,2.658964842664435
05,035,0001,4016,0503500014016,5120,3.709354775834396
05,035,0001,4020,0503500014020,1923,3.284205067701794
05,035,0001,4035,0503500014035,872,2.9410142437055695
05,035,0001,404A,050350001404A,652,2.814913181275074
05,035,0001,4054,0503500014054,2456,3.390405156480081
05,035,0001,4069,0503500014069,2559,3.4082399653118496
05,035,0001,4073,0503500014073,2588,3.413132050434872
05,035,0001,4088,0503500014088,66,1.8260748027008264
05,035,0001,4092,0503500014092,3570,3.552789850192782
05,035,0001,4105,0503500014105,4833,3.6843066460716316
05,035,0001,411A,050350001411A,1557,3.1925674533365456
05,035,0001,4124,0503500014124,412,2.615950051656401
05,035,0001,4139,0503500014139,4314,3.6349808000512285
05,035,0001,4143,0503500014143,2143,3.3312247810207323
05,035,0001,4158,0503500014158,4265,3.63002085111341
05,035,0001,4162,0503500014162,2994,3.4763968267253302
05,035,0001,4177,0503500014177,1862,3.2702128548962426
05,035,0001,4181,0503500014181,4645,3.6670792054642165
05,035,0001,4196,0503500014196,2578,3.4114513421379375
05,035,0001,4209,0503500014209,4859,3.6866362692622934
05,035,0001,4213,0503500014213,64,1.8129133566428555
05,035,0001,4228,0503500014228,2761,3.4412236742426123
05,035,0001,4232,0503500014232,4692,3.6714505542124947
05,035,0001,4247,0503500014247,0,0.0
05,035,0001,4251,0503500014251,2995,3.4765418090274287
05,035,0001,4266,0503500014266,1787,3.2523675144598987
05,035,0001,4270,0503500014270,1677,3.2247919564926817
05,035,0001,4285,0503500014285,6930,3.8407958988470936
05,035,0001,429A,050350001429A,2756,3.4404367661057735
05,035,0001,4302,0503500014302,1640,3.215108581053093
05,035,0001,4317,0503500014317,3375,3.5284024379536176
05,035,0001,4321,0503500014321,5503,3.740678425227455
05,035,0001,4340,0503500014340,5563,3.7453871213200087
05,035,0001,4355,0503500014355,4486,3.651956069533074
05,035,0001,4374,0503500014374,54,1.7403626894942439
05,035,0001,4389,0503500014389,2355,3.372175286115064
05,035,0001,4393,0503500014393,373,2.5728716022004803
05,035,0001,4406,0503500014406,5035,3.702085721435825
05,035,0001,4410,0503500014410,291,2.4653828514484184
05,035,0001,4425,0503500014425,3465,3.539828558377898
05,035,0001,443A,050350001443A,8438,3.9262909868848634
05,035,0001,4444,0503500014444,715,2.8549130223078554
05,035,0001,4459,0503500014459,2736,3.4372747974101237
05,035,0001,4463,0503500014463,477,2.6794278966121188
05,035,0001,4478,0503500014478,4065,3.60916737430202
05,035,0001,4482,0503500014482,521,2.717670503002262
05,035,0001,4497,0503500014497,407,2.61066016308988
05,035,0001,450A,050350001450A,263,2.4216039268698313
05,035,0001,4514,0503500014514,983,2.9929950984313414
05,035,0001,4529,0503500014529,2445,3.3884564527002667
05,035,0001,4533,0503500014533,788,2.89707700320942
05,035,0001,4548,0503500014548,1547,3.189770956346874
05,035,0001,4552,0503500014552,2901,3.4626974081017172
05,035,0001,4567,0503500014567,682,2.8344207036815328
05,035,0001,4571,0503500014571,482,2.683947130751512
05,035,0001,4586,0503500014586,301,2.4800069429571505
05,035,0001,4590,0503500014590,1207,3.082066934285113
05,035,0001,4603,0503500014603,0,0.0
05,035,0001,4618,0503500014618,939,2.9731278535996988
05,035,0001,4622,0503500014622,411,2.6148972160331345
05,035,0001,4637,0503500014637,1420,3.15259407792747
05,035,0001,4641,0503500014641,3224,3.5085297189712867
05,035,0001,4656,0503500014656,1709,3.2329961103921536
05,035,0001,4660,0503500014660,876,2.9429995933660407
05,035,0001,4675,0503500014675,4118,3.6147917919564176
05,035,0001,468A,050350001468A,3663,3.563955464995813
05,035,0001,4694,0503500014694,1118,3.04883008652835
05,035,0001,4707,0503500014707,633,2.802089257881733
05,035,0001,4711,0503500014711,25,1.414973347970818
05,035,0152,3677,0503501523677,2834,3.452553063228925
05,035,0152,3681,0503501523681,1244,3.095169351431755
05,035,0178,055A,050350178055A,2800,3.4473131088235682
05,035,0178,2518,0503501782518,93,1.9731278535996986
05,035,0178,3696,0503501783696,15,1.2041199826559248
05,035,0178,3709,0503501783709,803,2.905256048748451
05,035,0178,3713,0503501783713,434,2.6384892569546374
05,035,0178,436A,050350178436A,77,1.8920946026904804
05,035,0180,0545,0503501800545,1604,3.205475036740891
05,035,0180,2486,0503501802486,498,2.6981005456233897
05,036,0001,0400,0503600010400,1300,3.1142772965615864
05,036,0001,0415,0503600010415,2030,3.307709923404807
05,036,0001,0754,0503600010754,145,2.164352855784437
05,036,0001,0858,0503600010858,39,1.6020599913279623
05,036,0001,0862,0503600010862,8,0.9542425094393249
05,037,0001,0215,0503700010215,517,2.714329759745233
05,037,0001,022A,050370001022A,604,2.781755374652469
05,037,0001,0234,0503700010234,734,2.8662873390841948
05,037,0001,0249,0503700010249,602,2.780317312140151
05,037,0001,0253,0503700010253,450,2.6541765418779604
05,037,0001,0268,0503700010268,251,2.401400540781544
05,037,0001,0272,0503700010272,1104,3.0433622780211294
05,037,0001,0287,0503700010287,304,2.484299839346786
05,037,0001,0291,0503700010291,359,2.5563025007672873
05,037,0001,0412,0503700010412,25,1.414973347970818
05,037,0001,0427,0503700010427,24,1.3979400086720377
05,037,0001,0446,0503700010446,223,2.3502480183341627
05,037,0001,0450,0503700010450,240,2.3820170425748683
05,037,0001,0465,0503700010465,4,0.6989700043360189
05,037,0001,047A,050370001047A,2,0.47712125471966244
05,038,0001,0852,0503800010852,2393,3.379124146070392
05,038,0001,0867,0503800010867,881,2.94546858513182
05,038,0001,0871,0503800010871,767,2.885361220031512
05,038,0001,0886,0503800010886,1112,3.0464951643347082
05,038,0001,0890,0503800010890,534,2.7283537820212285
05,038,0001,0903,0503800010903,842,2.9258275746247424
05,038,0001,0918,0503800010918,726,2.8615344108590377
05,038,0001,0922,0503800010922,578,2.762678563727436
05,038,0001,0937,0503800010937,1526,3.1838390370564214
05,038,0001,0941,0503800010941,343,2.53655844257153
05,038,0001,0956,0503800010956,182,2.2624510897304293
05,038,0001,1225,0503800011225,29,1.4771212547196624
05,038,0001,123A,050380001123A,611,2.7867514221455614
05,038,0001,1390,0503800011390,183,2.2648178230095364
05,038,0001,1403,0503800011403,27,1.4471580313422192
05,038,0001,1418,0503800011418,218,2.3404441148401185
05,038,0001,1422,0503800011422,21,1.3424226808222062
05,038,0001,1437,0503800011437,120,2.0827853703164503
05,038,0001,1441,0503800011441,57,1.7634279935629373
