ENTIDAD,MUN,LOC,AGEB,CVEGEO,POBTOT,log_POBTOT
07,001,0001,0052,0700100010052,2908,3.463743721247059
07,001,0001,0067,0700100010067,1883,3.2750808984568587
07,001,0001,0071,0700100010071,2342,3.369772288596963
07,001,0001,0086,0700100010086,959,2.9822712330395684
07,002,0001,0011,0700200010011,2222,3.3469394626989906
07,002,0001,0083,0700200010083,1894,3.2776092143040914
07,002,0001,0098,0700200010098,891,2.950364854376123
07,002,0001,012A,070020001012A,2891,3.461198288622493
07,002,0001,0134,0700200010134,2766,3.442009159140952
07,002,0001,0149,0700200010149,2321,3.365862215402555
07,002,0001,0153,0700200010153,1235,3.092018470752797
07,002,0001,0168,0700200010168,350,2.545307116465824
07,002,0001,0187,0700200010187,284,2.45484486000851
07,002,0001,0191,0700200010191,45,1.662757831681574
07,002,0001,0204,0700200010204,16,1.2304489213782739
07,002,0001,0219,0700200010219,50,1.7075701760979363
07,002,0001,0223,0700200010223,36,1.568201724066995
07,003,0001,0080,0700300010080,1383,3.141136090120739
07,003,0001,0108,0700300010108,2058,3.3136563466180315
07,003,0001,0112,0700300010112,2785,3.4449811120879446
07,003,0001,017A,070030001017A,20,1.3222192947339193
07,003,0046,0146,0700300460146,562,2.7505083948513462
07,003,0046,0150,0700300460150,658,2.8188854145940097
07,003,0046,0165,0700300460165,1095,3.0398105541483504
07,004,0001,0124,0700400010124,3188,3.5036545192429593
07,004,0001,0139,0700400010139,3418,3.5338991007965945
07,004,0001,0143,0700400010143,1134,3.0549958615291417
07,004,0001,0158,0700400010158,1022,3.00987563371216
07,004,0001,0162,0700400010162,1663,3.2211533219547053
07,004,0001,0181,0700400010181,56,1.7558748556724915
07,004,0001,0196,0700400010196,5,0.7781512503836436
07,004,0001,0209,0700400010209,102,2.012837224705172
07,004,0001,0213,0700400010213,30,1.4913616938342726
07,005,0001,0047,0700500010047,1414,3.150756439860309
07,005,0001,0066,0700500010066,460,2.663700925389648
07,005,0001,0070,0700500010070,2442,3.3879234669734366
07,005,0001,009A,070050001009A,2,0.47712125471966244
07,005,0001,0102,0700500010102,9,1.0
07,006,0001,0044,0700600010044,397,2.5998830720736876
07,006,0001,0063,0700600010063,376,2.576341350205793
07,006,0038,0082,0700600380082,1796,3.2545480771089736
07,006,0038,0097,0700600380097,1465,3.166133970305109
07,006,0044,010A,070060044010A,1553,3.1914510144648953
07,006,0044,0114,0700600440114,1006,3.003029470553618
07,007,0001,0022,0700700010022,1406,3.1482940974347455
07,007,0001,0060,0700700010060,1678,3.225050696138049
07,007,0001,0075,0700700010075,1323,3.121887985103681
07,007,0001,0094,0700700010094,878,2.9439888750737717
07,007,0001,0107,0700700010107,555,2.7450747915820575
07,007,0001,0111,0700700010111,80,1.9084850188786497
07,008,0001,0104,0700800010104,1584,3.2000292665537704
07,008,0001,0119,0700800010119,1180,3.072249897613515
07,008,0001,0142,0700800010142,2018,3.305136318943639
07,008,0001,0157,0700800010157,2192,3.341038631677523
07,008,0001,0176,0700800010176,1768,3.2477278329097232
07,008,0001,0180,0700800010180,1436,3.157456768134226
07,008,0001,0195,0700800010195,1454,3.162862993321926
07,008,0001,0246,0700800010246,45,1.662757831681574
07,008,0001,0250,0700800010250,198,2.298853076409707
07,008,0016,0212,0700800160212,1312,3.118264726089479
07,008,0016,0227,0700800160227,1600,3.2043913319193
07,008,0016,0231,0700800160231,1383,3.141136090120739
07,008,0023,027A,070080023027A,904,2.9566485792052033
07,008,0023,0284,0700800230284,1611,3.2073650374690716
07,009,0001,0135,0700900010135,2557,3.407900540142635
07,009,0001,014A,070090001014A,1865,3.2709116394104814
07,009,0001,0169,0700900010169,2039,3.3096301674258988
07,009,0001,0192,0700900010192,2998,3.476976465759527
07,009,0001,0239,0700900010239,2292,3.3604040547299387
07,009,0001,0243,0700900010243,1646,3.2166935991697545
07,009,0001,0258,0700900010258,1175,3.0704073217401198
07,009,0001,0309,0700900010309,1136,3.0557604646877348
07,009,0001,0313,0700900010313,2010,3.303412070596742
07,009,0001,0328,0700900010328,824,2.916453948549925
07,009,0001,0332,0700900010332,1602,3.204933522354145
07,009,0001,0347,0700900010347,731,2.864511081058392
07,009,0001,0351,0700900010351,118,2.0755469613925306
07,009,0001,0366,0700900010366,176,2.247973266361807
07,009,0001,0370,0700900010370,11,1.0791812460476249
07,009,0001,0385,0700900010385,2614,3.417471693203293
07,009,0001,039A,070090001039A,1511,3.1795517911651876
07,009,0001,0402,0700900010402,40,1.6127838567197355
07,009,0001,0417,0700900010417,1,0.3010299956639812
07,009,0001,0421,0700900010421,20,1.3222192947339193
07,009,0041,0173,0700900410173,1256,3.0993352776859577
07,009,0041,0188,0700900410188,1369,3.1367205671564067
07,009,0041,0262,0700900410262,489,2.690196080028514
07,009,0041,0277,0700900410277,428,2.6324572921847245
07,010,0001,0032,0701000010032,294,2.469822015978163
07,011,0001,003A,070110001003A,1996,3.3003780648707024
07,012,0001,0018,0701200010018,291,2.4653828514484184
07,012,0001,0075,0701200010075,1142,3.0580462303952816
07,012,0001,008A,070120001008A,3212,3.506910725551518
07,012,0001,0094,0701200010094,2786,3.445136968713304
07,012,0001,0107,0701200010107,2220,3.346548558548474
07,012,0001,0111,0701200010111,3045,3.4837298990000236
07,012,0001,0126,0701200010126,3370,3.5277587525209717
07,012,0001,0130,0701200010130,893,2.951337518795918
07,012,0001,0145,0701200010145,1908,3.280805928393667
07,012,0001,015A,070120001015A,3401,3.5317343092765503
07,012,0001,0164,0701200010164,1580,3.198931869932209
07,012,0001,0179,0701200010179,4677,3.670060217473134
07,012,0001,0183,0701200010183,2421,3.3841741388070337
07,012,0001,0198,0701200010198,278,2.4456042032735974
07,012,0001,0200,0701200010200,29,1.4771212547196624
07,012,0001,0215,0701200010215,95,1.9822712330395684
07,012,0001,022A,070120001022A,80,1.9084850188786497
07,012,0001,0234,0701200010234,0,0.0
07,012,0001,0249,0701200010249,235,2.3729120029701067
07,012,0001,0253,0701200010253,30,1.4913616938342726
07,012,0001,0268,0701200010268,62,1.7993405494535817
07,012,0001,0272,0701200010272,1051,3.02201573981772
07,012,0001,0287,0701200010287,854,2.931966114728173
07,012,0001,0291,0701200010291,349,2.5440680443502757
07,012,0001,0304,0701200010304,99,2.0
07,012,0001,0319,0701200010319,10,1.0413926851582251
07,012,0001,0323,0701200010323,83,1.9242792860618816
07,012,0001,0338,0701200010338,212,2.3283796034387376
07,012,0001,0342,0701200010342,248,2.3961993470957363
07,012,0001,0357,0701200010357,523,2.7193312869837265
07,012,0001,0361,0701200010361,857,2.9334872878487053
07,012,0001,0376,0701200010376,43,1.6434526764861874
07,012,0744,0060,0701207440060,2524,3.40226138245468
07,012,0746,0380,0701207460380,366,2.5646660642520893
07,012,0746,0395,0701207460395,1185,3.074084689028244
07,012,0746,0408,0701207460408,204,2.311753861055754
07,012,0746,0412,0701207460412,1670,3.2229764498933915
07,012,0746,0427,0701207460427,1150,3.0610753236297916
07,012,0746,0431,0701207460431,1071,3.030194785356751
07,012,0746,0446,0701207460446,1708,3.232742062720737
07,013,0001,0053,0701300010053,4459,3.649334858712142
07,013,0001,0068,0701300010068,2422,3.384353414137506
07,013,0001,0091,0701300010091,2876,3.458939861890326
07,013,0001,0104,0701300010104,2777,3.4437322414015967
07,013,0001,0123,0701300010123,168,2.2278867046136734
07,013,0001,0138,0701300010138,638,2.8055008581584002
07,013,0001,0142,0701300010142,301,2.4800069429571505
07,013,0001,0157,0701300010157,30,1.4913616938342726
07,013,0001,0161,0701300010161,108,2.037426497940624
07,013,0001,0176,0701300010176,72,1.863322860120456
07,013,0001,0180,0701300010180,212,2.3283796034387376
07,013,0001,0195,0701300010195,137,2.1398790864012365
07,014,0001,0031,0701400010031,1514,3.180412632838324
07,014,0001,0046,0701400010046,3141,3.4972061807039547
07,014,0001,0050,0701400010050,875,2.9425041061680806
07,014,0001,0065,0701400010065,105,2.0253058652647704
07,014,0001,007A,070140001007A,198,2.298853076409707
07,014,0032,0012,0701400320012,2671,3.426836453803508
07,014,0058,0027,0701400580027,3126,3.4951278812429334
07,015,0001,0062,0701500010062,1359,3.1335389083702174
07,015,0001,0077,0701500010077,1797,3.25478968739721
07,015,0001,0081,0701500010081,1075,3.0318122713303706
07,015,0001,0096,0701500010096,1452,3.1622656142980214
07,015,0001,0109,0701500010109,1369,3.1367205671564067
07,015,0001,0132,0701500010132,525,2.7209857441537393
07,015,0001,0147,0701500010147,1514,3.180412632838324
07,015,0001,0151,0701500010151,680,2.833147111912785
07,015,0001,0166,0701500010166,618,2.791690649020118
07,015,0001,0170,0701500010170,1039,3.0170333392987803
07,015,0001,0185,0701500010185,961,2.983175072037813
07,015,0001,0240,0701500010240,1373,3.137986732723532
07,015,0001,0255,0701500010255,388,2.5899496013257077
07,015,0001,026A,070150001026A,692,2.8407332346118066
07,015,0001,0274,0701500010274,1280,3.1075491297446862
07,015,0001,0289,0701500010289,1085,3.035829825252828
07,015,0001,0293,0701500010293,919,2.963787827345555
07,015,0001,0306,0701500010306,258,2.413299764081252
07,015,0001,033A,070150001033A,310,2.4927603890268375
07,015,0001,0344,0701500010344,229,2.361727836017593
07,015,0001,0359,0701500010359,151,2.1818435879447726
07,015,0001,0363,0701500010363,34,1.5440680443502757
07,015,0020,0378,0701500200378,1155,3.0629578340845103
07,015,0020,0382,0701500200382,1519,3.1818435879447726
07,015,0043,0310,0701500430310,1359,3.1335389083702174
07,015,0043,0325,0701500430325,1363,3.13481437032046
07,016,0001,0089,0701600010089,592,2.7730546933642626
07,016,0001,0093,0701600010093,447,2.651278013998144
07,016,0001,0106,0701600010106,580,2.7641761323903307
07,016,0001,0125,0701600010125,615,2.7895807121644256
07,016,0001,013A,070160001013A,1046,3.0199466816788423
07,016,0001,0159,0701600010159,38,1.591064607026499
07,016,0001,0163,0701600010163,19,1.3010299956639813
07,016,0001,0178,0701600010178,7,0.9030899869919435
07,017,0001,0014,0701700010014,100,2.0043213737826426
07,017,0001,0029,0701700010029,64,1.8129133566428555
07,017,0001,0300,0701700010300,5648,3.751971574736327
07,017,0001,032A,070170001032A,3356,3.5259513412480126
07,017,0001,0334,0701700010334,1906,3.280350693046006
07,017,0001,0349,0701700010349,1756,3.244771761495295
07,017,0001,0353,0701700010353,1620,3.209783014848515
07,017,0001,0368,0701700010368,2227,3.3479151865016914
07,017,0001,0372,0701700010372,2564,3.409087369447835
07,017,0001,0387,0701700010387,2682,3.428620672671939
07,017,0001,0391,0701700010391,1882,3.274850320016665
07,017,0001,0404,0701700010404,2664,3.425697213362591
07,017,0001,0419,0701700010419,1808,3.257438566859814
07,017,0001,0423,0701700010423,3757,3.5749567757645067
07,017,0001,0438,0701700010438,2709,3.432969290874406
07,017,0001,0442,0701700010442,2238,3.3500540935790304
07,017,0001,0457,0701700010457,3895,3.590618948206578
07,017,0001,0508,0701700010508,2982,3.474653253362063
07,017,0001,0512,0701700010512,3688,3.5669086552268032
07,017,0001,0546,0701700010546,701,2.846337112129805
07,017,0001,0550,0701700010550,290,2.4638929889859074
07,017,0001,0565,0701700010565,16,1.2304489213782739
07,017,0001,0599,0701700010599,0,0.0
07,017,0001,0601,0701700010601,76,1.8864907251724818
07,017,0001,0616,0701700010616,28,1.462397997898956
07,017,0001,0620,0701700010620,309,2.4913616938342726
07,017,0001,0635,0701700010635,4,0.6989700043360189
07,017,0001,064A,070170001064A,39,1.6020599913279623
07,017,0001,0654,0701700010654,53,1.7323937598229686
07,017,0001,0669,0701700010669,139,2.146128035678238
07,017,0060,0461,0701700600461,1736,3.2397998184470986
07,017,0060,0476,0701700600476,1663,3.2211533219547053
07,017,0060,057A,070170060057A,27,1.4471580313422192
07,017,0060,0584,0701700600584,10,1.0413926851582251
07,017,0060,0673,0701700600673,33,1.5314789170422551
07,018,0001,0030,0701800010030,1432,3.1562461903973444
07,018,0001,0045,0701800010045,1901,3.279210512601395
07,018,0001,005A,070180001005A,4,0.6989700043360189
07,018,0001,0064,0701800010064,87,1.9444826721501687
07,018,0001,0079,0701800010079,147,2.1702617153949575
07,018,0001,0083,0701800010083,40,1.6127838567197355
07,018,0001,0098,0701800010098,66,1.8260748027008264
07,018,0001,0100,0701800010100,93,1.9731278535996986
07,019,0001,0042,0701900010042,3205,3.505963518018126
07,019,0001,0220,0701900010220,3355,3.5258219521566625
07,019,0001,0235,0701900010235,4876,3.6881527555915663
07,019,0001,024A,070190001024A,2246,3.351603072419129
07,019,0001,0254,0701900010254,915,2.9618954736678504
07,019,0001,0269,0701900010269,2217,3.3459615418131414
07,019,0001,0273,0701900010273,3231,3.5094713521025485
07,019,0001,0288,0701900010288,2384,3.3774883833761327
07,019,0001,0292,0701900010292,3877,3.5886078047426864
07,019,0001,031A,070190001031A,1220,3.0867156639448825
07,019,0001,0339,0701900010339,1738,3.2402995820027125
07,019,0001,0358,0701900010358,2588,3.413132050434872
07,019,0001,0362,0701900010362,3817,3.581835924057648
07,019,0001,0381,0701900010381,584,2.7671558660821804
07,019,0001,0451,0701900010451,4025,3.604873770552636
07,019,0001,0466,0701900010466,2953,3.470410490975931
07,019,0001,0485,0701900010485,1293,3.1119342763326814
07,019,0001,049A,070190001049A,1774,3.249198357391113
07,019,0001,0502,0701900010502,3398,3.5313511645830595
07,019,0001,0517,0701900010517,1181,3.0726174765452368
07,019,0001,0521,0701900010521,1750,3.243286146083446
07,019,0001,0536,0701900010536,4024,3.6047658847038875
07,019,0001,0555,0701900010555,2989,3.4756711883244296
07,019,0001,056A,070190001056A,879,2.9444826721501687
07,019,0001,0574,0701900010574,632,2.801403710017355
07,019,0001,0589,0701900010589,1146,3.0595634179012676
07,019,0001,0593,0701900010593,1906,3.280350693046006
07,019,0001,0606,0701900010606,1703,3.2314695904306814
07,019,0001,0610,0701900010610,791,2.8987251815894934
07,019,0001,0625,0701900010625,211,2.326335860928751
07,019,0001,063A,070190001063A,3284,3.5165353738957994
07,019,0001,0644,0701900010644,3680,3.5659658174466666
07,019,0001,0659,0701900010659,1618,3.2092468487533736
07,019,0001,0663,0701900010663,3064,3.486430478854434
07,019,0001,0682,0701900010682,2228,3.3481100684802376
07,019,0001,0697,0701900010697,371,2.5705429398818973
07,019,0001,070A,070190001070A,168,2.2278867046136734
07,019,0001,0714,0701900010714,2067,3.315550534421905
07,019,0001,0729,0701900010729,4900,3.6902847025126295
07,019,0001,0733,0701900010733,2200,3.342620042553348
07,019,0001,0748,0701900010748,1733,3.2390490931401916
07,019,0001,0752,0701900010752,3787,3.578409970331236
07,019,0001,0767,0701900010767,4143,3.6174197467371765
07,019,0001,0771,0701900010771,197,2.296665190261531
07,019,0001,0786,0701900010786,433,2.637489729512511
07,019,0001,0790,0701900010790,172,2.2380461031287955
07,019,0001,0803,0701900010803,273,2.437750562820388
07,019,0001,0818,0701900010818,158,2.2013971243204513
07,019,0001,0822,0701900010822,153,2.187520720836463
07,019,0001,0837,0701900010837,1514,3.180412632838324
07,019,0001,0841,0701900010841,303,2.482873583608754
07,019,0001,0856,0701900010856,492,2.69284691927723
07,019,0001,0860,0701900010860,435,2.639486489268586
07,019,0001,0875,0701900010875,742,2.8709888137605755
07,019,0001,088A,070190001088A,28,1.462397997898956
07,019,0001,0894,0701900010894,50,1.7075701760979363
07,019,0001,0907,0701900010907,183,2.2648178230095364
07,019,0001,0911,0701900010911,437,2.6414741105040997
07,019,0001,0926,0701900010926,490,2.6910814921229687
07,019,0001,0930,0701900010930,235,2.3729120029701067
07,019,0001,0945,0701900010945,300,2.4785664955938436
07,019,0001,095A,070190001095A,480,2.682145076373832
07,019,0001,0964,0701900010964,380,2.5809249756756194
07,019,0001,0979,0701900010979,547,2.738780558484369
07,019,0001,0983,0701900010983,43,1.6434526764861874
07,019,0001,0998,0701900010998,427,2.6314437690131722
07,019,0001,1002,0701900011002,261,2.4183012913197452
07,019,0001,1017,0701900011017,9,1.0
07,019,0001,1021,0701900011021,210,2.3242824552976926
07,019,0001,1036,0701900011036,99,2.0
07,019,0001,1040,0701900011040,64,1.8129133566428555
07,019,0001,1055,0701900011055,289,2.462397997898956
07,019,0001,106A,070190001106A,64,1.8129133566428555
07,019,0001,1074,0701900011074,432,2.6364878963533656
07,019,0001,1089,0701900011089,280,2.44870631990508
07,019,0001,1093,0701900011093,28,1.462397997898956
07,019,0001,1106,0701900011106,110,2.0453229787866576
07,019,0001,1110,0701900011110,20,1.3222192947339193
07,019,0001,1125,0701900011125,461,2.6646419755561257
07,019,0001,113A,070190001113A,70,1.8512583487190752
07,019,0001,1144,0701900011144,255,2.4082399653118496
07,019,0001,1159,0701900011159,35,1.5563025007672873
07,019,0001,1163,0701900011163,38,1.591064607026499
07,019,0001,1178,0701900011178,1070,3.029789470831856
07,019,0001,1182,0701900011182,526,2.7218106152125467
07,019,0001,1197,0701900011197,271,2.4345689040341987
07,019,0001,120A,070190001120A,44,1.6532125137753437
07,019,0001,1214,0701900011214,6,0.8450980400142568
07,019,0001,1229,0701900011229,18,1.2787536009528289
07,019,0001,1233,0701900011233,16,1.2304489213782739
07,019,0001,1248,0701900011248,16,1.2304489213782739
07,019,0001,1252,0701900011252,102,2.012837224705172
07,019,0001,1267,0701900011267,24,1.3979400086720377
07,019,0001,1271,0701900011271,38,1.591064607026499
07,019,0158,0150,0701901580150,2741,3.438067450453494
07,020,0001,0255,0702000010255,898,2.9537596917332287
07,020,0001,0293,0702000010293,3108,3.492620722043192
07,020,0001,0306,0702000010306,2188,3.3402457615679317
07,020,0001,0359,0702000010359,1267,3.1031192535457137
07,020,0001,0363,0702000010363,928,2.968015713993642
07,020,0003,040A,070200003040A,1207,3.082066934285113
07,020,0003,0414,0702000030414,1844,3.265996370495079
07,020,0046,0452,0702000460452,1448,3.1610683854711747
07,020,0046,0467,0702000460467,1336,3.1261314072619846
07,020,0145,0429,0702001450429,1495,3.1749315935284423
07,020,0145,0433,0702001450433,1537,3.1869563354654122
07,020,0145,0448,0702001450448,44,1.6532125137753437
07,021,0001,0055,0702100010055,691,2.840106094456758
07,021,0001,006A,070210001006A,2595,3.4143046881283317
07,021,0001,0074,0702100010074,1900,3.278982116865443
07,021,0001,0089,0702100010089,1570,3.1961761850399735
07,021,0001,0093,0702100010093,317,2.5024271199844326
07,021,0001,0106,0702100010106,52,1.724275869600789
07,022,0001,0033,0702200010033,305,2.48572142648158
07,022,0001,0048,0702200010048,637,2.8048206787211623
07,022,0001,0052,0702200010052,1034,3.0149403497929366
07,023,0001,0045,0702300010045,2754,3.4401216031878037
07,023,0001,005A,070230001005A,1688,3.227629649571009
07,023,0001,0083,0702300010083,102,2.012837224705172
07,023,0001,0098,0702300010098,183,2.2648178230095364
07,024,0001,0080,0702400010080,2151,3.3328422669943514
07,024,0001,0127,0702400010127,522,2.718501688867274
07,024,0001,0131,0702400010131,320,2.506505032404872
07,024,0001,0146,0702400010146,1042,3.018284308426531
07,024,0001,0150,0702400010150,983,2.9929950984313414
07,024,0001,0165,0702400010165,1605,3.205745540942662
07,024,0001,017A,070240001017A,725,2.8609366207000937
07,024,0001,0184,0702400010184,506,2.705007959333336
07,024,0001,0199,0702400010199,610,2.786041210242554
07,024,0001,0201,0702400010201,512,2.7101173651118162
07,024,0001,0220,0702400010220,11,1.0791812460476249
07,024,0001,0235,0702400010235,60,1.7853298350107671
07,024,0001,024A,070240001024A,13,1.146128035678238
07,024,0001,0254,0702400010254,117,2.0718820073061255
07,024,0001,0269,0702400010269,10,1.0413926851582251
07,024,0001,0273,0702400010273,9,1.0
07,024,0001,0288,0702400010288,15,1.2041199826559248
07,024,0001,0292,0702400010292,28,1.462397997898956
07,024,0001,0305,0702400010305,55,1.7481880270062005
07,024,0001,031A,070240001031A,39,1.6020599913279623
07,024,0001,0324,0702400010324,23,1.380211241711606
07,024,0001,0339,0702400010339,22,1.3617278360175928
07,024,0001,0343,0702400010343,20,1.3222192947339193
07,024,0001,0358,0702400010358,79,1.9030899869919435
07,024,0001,0362,0702400010362,56,1.7558748556724915
07,025,0001,0035,0702500010035,3295,3.5179872030250783
07,025,0001,004A,070250001004A,75,1.8808135922807914
07,025,0001,0054,0702500010054,57,1.7634279935629373
07,025,0001,0069,0702500010069,45,1.662757831681574
07,025,0001,0073,0702500010073,21,1.3424226808222062
07,025,0001,0088,0702500010088,5,0.7781512503836436
07,026,0001,0032,0702600010032,1383,3.141136090120739
07,026,0001,0051,0702600010051,1656,3.219322508419337
07,026,0001,0066,0702600010066,1330,3.124178055474675
07,027,0001,0133,0702700010133,7370,3.8675264111997434
07,027,0001,0148,0702700010148,3935,3.595055089759304
07,027,0001,0152,0702700010152,5085,3.7063763558396903
07,027,0001,0167,0702700010167,3317,3.5208763816883417
07,027,0001,0203,0702700010203,2291,3.3602146132953523
07,027,0001,0218,0702700010218,3879,3.5888317255942073
07,027,0001,0222,0702700010222,5377,3.730620797887283
07,027,0001,0294,0702700010294,1205,3.0813473078041325
07,027,0001,0307,0702700010307,1896,3.2780673308886628
07,027,0001,0311,0702700010311,1668,3.222456336679247
07,027,0001,0326,0702700010326,4648,3.667359546183087
07,027,0001,0330,0702700010330,2193,3.3412366232386925
07,027,0001,0345,0702700010345,3448,3.5376931943673906
07,027,0001,035A,070270001035A,1872,3.2725377773752373
07,027,0001,0364,0702700010364,678,2.8318697742805017
07,027,0001,0379,0702700010379,1717,3.2350231594952237
07,027,0001,0383,0702700010383,1514,3.180412632838324
07,027,0001,0398,0702700010398,65,1.8195439355418688
07,027,0001,0400,0702700010400,1566,3.1950689964685903
07,027,0001,0415,0702700010415,517,2.714329759745233
07,027,0001,042A,070270001042A,46,1.6720978579357175
07,027,0001,0434,0702700010434,94,1.9777236052888478
07,027,0001,0449,0702700010449,75,1.8808135922807914
07,027,0001,0487,0702700010487,499,2.6989700043360187
07,027,0001,0519,0702700010519,774,2.88930170250631
07,027,0001,0523,0702700010523,156,2.1958996524092336
07,027,0001,0538,0702700010538,46,1.6720978579357175
07,027,0045,0542,0702700450542,1245,3.095518042323151
07,027,0045,0557,0702700450557,1416,3.1513698502474603
07,027,0622,0453,0702706220453,2348,3.370883016777606
07,027,0622,0468,0702706220468,2795,3.446537167073644
07,027,0622,0472,0702706220472,881,2.94546858513182
07,027,0622,0491,0702706220491,868,2.9390197764486663
07,027,0622,0504,0702706220504,1100,3.041787318971752
07,028,0001,0018,0702800010018,3064,3.486430478854434
07,028,0001,0037,0702800010037,1018,3.0081741840064264
07,028,0001,0041,0702800010041,110,2.0453229787866576
07,028,0001,0056,0702800010056,12,1.1139433523068367
07,028,0001,0060,0702800010060,29,1.4771212547196624
07,028,0001,0075,0702800010075,88,1.9493900066449128
07,028,0001,008A,070280001008A,8,0.9542425094393249
07,029,0001,0034,0702900010034,1982,3.2973227142053028
07,029,0001,0049,0702900010049,281,2.450249108319361
07,029,0001,0053,0702900010053,824,2.916453948549925
07,029,0001,0068,0702900010068,798,2.902546779313991
07,029,0001,0072,0702900010072,62,1.7993405494535817
07,030,0001,0139,0703000010139,1748,3.2427898094786767
07,030,0001,0143,0703000010143,1870,3.27207378750001
07,030,0001,0228,0703000010228,1174,3.070037866607755
07,030,0001,0232,0703000010232,1637,3.2143138974244
07,030,0001,0285,0703000010285,465,2.66838591669
07,030,0001,029A,070300001029A,151,2.1818435879447726
07,030,0001,0302,0703000010302,38,1.591064607026499
07,030,0042,0181,0703000420181,561,2.749736315569061
07,030,0042,0196,0703000420196,702,2.846955325019824
07,030,0042,0247,0703000420247,567,2.754348335711019
07,030,0042,0251,0703000420251,494,2.694605198933569
07,030,0042,0266,0703000420266,530,2.725094521081469
07,030,0042,0270,0703000420270,492,2.69284691927723
07,031,0001,0210,0703100010210,609,2.785329835010767
07,031,0001,0225,0703100010225,2860,3.4565178578052627
07,031,0001,0367,0703100010367,1903,3.2796669440484556
07,031,0001,0371,0703100010371,1597,3.2035767749779724
07,031,0001,0386,0703100010386,910,2.9595183769729982
07,031,0001,0390,0703100010390,199,2.3010299956639813
07,031,0001,0403,0703100010403,393,2.595496221825574
07,031,0001,0418,0703100010418,209,2.322219294733919
07,031,0001,0437,0703100010437,206,2.315970345456918
07,031,0001,0441,0703100010441,96,1.9867717342662448
07,031,0009,0348,0703100090348,3741,3.573103783163991
07,031,0009,0352,0703100090352,2816,3.4497868469857735
07,031,0009,0422,0703100090422,120,2.0827853703164503
07,031,0084,0206,0703100840206,3511,3.545554507234065
07,031,0439,0102,0703104390102,2882,3.459844642388208
07,032,0001,0078,0703200010078,2407,3.381656482585787
07,032,0001,0082,0703200010082,1363,3.13481437032046
07,032,0001,0097,0703200010097,2137,3.330007700872759
07,032,0001,0114,0703200010114,2129,3.3283796034387376
07,032,0001,0129,0703200010129,1974,3.295567099962479
07,032,0001,0152,0703200010152,34,1.5440680443502757
07,032,0001,0167,0703200010167,124,2.0969100130080562
07,032,0001,0171,0703200010171,0,0.0
07,032,0001,0186,0703200010186,178,2.2528530309798933
07,032,0001,0190,0703200010190,278,2.4456042032735974
07,032,0001,0222,0703200010222,0,0.0
07,032,0070,0203,0703200700203,1336,3.1261314072619846
07,032,0070,0218,0703200700218,1082,3.0346284566253203
07,033,0042,008A,070330042008A,807,2.907411360774586
07,034,0001,0104,0703400010104,3205,3.505963518018126
07,034,0001,0119,0703400010119,3001,3.4774106879072515
07,034,0001,0123,0703400010123,3282,3.5162708827293403
07,034,0001,0180,0703400010180,1721,3.236033147117636
07,034,0001,0212,0703400010212,2789,3.4456042032735974
07,034,0001,0227,0703400010227,4926,3.692582562274909
07,034,0001,0231,0703400010231,44,1.6532125137753437
07,034,0001,0284,0703400010284,36,1.568201724066995
07,034,0001,0299,0703400010299,543,2.73559889969818
07,034,0001,0301,0703400010301,223,2.3502480183341627
07,034,0001,0316,0703400010316,502,2.7015679850559273
07,034,0001,0320,0703400010320,217,2.3384564936046046
07,034,0001,0335,0703400010335,489,2.690196080028514
07,034,0001,034A,070340001034A,40,1.6127838567197355
07,034,0001,0354,0703400010354,363,2.561101383649056
07,034,0001,0369,0703400010369,50,1.7075701760979363
07,034,0001,0373,0703400010373,236,2.374748346010104
07,034,0001,0392,0703400010392,60,1.7853298350107671
07,034,0014,0405,0703400140405,2149,3.3324384599156054
07,034,0014,041A,070340014041A,639,2.806179973983887
07,034,0053,0246,0703400530246,1219,3.0863598306747484
07,034,0053,0250,0703400530250,747,2.8739015978644615
07,034,0053,0265,0703400530265,1354,3.1319392952104246
07,034,0053,027A,070340053027A,725,2.8609366207000937
07,034,0053,0388,0703400530388,25,1.414973347970818
07,035,0001,0027,0703500010027,2265,3.3552599055273786
07,035,0001,0031,0703500010031,1626,3.2113875529368587
07,035,0099,0046,0703500990046,1413,3.150449409460881
07,035,0099,0050,0703500990050,1480,3.1705550585212086
07,036,0001,0039,0703600010039,935,2.971275848738105
07,036,0001,0043,0703600010043,493,2.693726948923647
07,036,0001,0058,0703600010058,74,1.8750612633917
07,037,0001,006A,070370001006A,3877,3.5886078047426864
07,037,0001,0074,0703700010074,2702,3.4318460456987254
07,037,0001,013A,070370001013A,1260,3.1007150865730817
07,037,0001,0144,0703700010144,495,2.6954816764901977
07,037,0059,0089,0703700590089,1592,3.2022157758011316
07,037,0059,0093,0703700590093,2328,3.367169488534681
07,037,0059,0110,0703700590110,1153,3.0622058088197126
07,037,0059,0125,0703700590125,1889,3.2764618041732443
07,038,0001,0052,0703800010052,579,2.7634279935629373
07,038,0001,0067,0703800010067,574,2.7596678446896306
07,038,0001,0071,0703800010071,346,2.5403294747908736
07,038,0001,0086,0703800010086,402,2.6053050461411096
07,039,0001,0064,0703900010064,1653,3.218535505216528
07,039,0001,0079,0703900010079,656,2.8175653695597807
07,039,0001,0083,0703900010083,741,2.870403905279027
07,039,0001,0115,0703900010115,74,1.8750612633917
07,039,0001,012A,070390001012A,272,2.436162647040756
07,039,0001,0134,0703900010134,112,2.0530784434834195
07,040,0001,0101,0704000010101,2148,3.3322364154914434
07,040,0001,0116,0704000010116,624,2.7958800173440754
07,040,0001,0120,0704000010120,734,2.8662873390841948
07,040,0001,014A,070400001014A,5759,3.760422483423212
07,040,0001,0154,0704000010154,1812,3.258397804095509
07,040,0001,0169,0704000010169,1222,3.0874264570362855
07,040,0001,0173,0704000010173,1024,3.010723865391773
07,040,0001,0188,0704000010188,1977,3.2962262872611605
07,040,0001,0192,0704000010192,1809,3.2576785748691846
07,040,0001,0205,0704000010205,2740,3.4379090355394983
07,040,0001,021A,070400001021A,1042,3.018284308426531
07,040,0001,0224,0704000010224,1498,3.1758016328482794
07,040,0001,0239,0704000010239,2516,3.4008832155483626
07,040,0001,0243,0704000010243,1011,3.0051805125037805
07,040,0001,0258,0704000010258,19,1.3010299956639813
07,040,0001,0262,0704000010262,1349,3.130333768495006
07,040,0001,0277,0704000010277,1893,3.2773799746672547
07,040,0001,0281,0704000010281,267,2.428134794028789
07,040,0001,0296,0704000010296,2437,3.387033701282363
07,040,0001,0309,0704000010309,71,1.8573324964312685
07,040,0001,0313,0704000010313,121,2.0863598306747484
07,040,0001,0328,0704000010328,36,1.568201724066995
07,041,0001,0109,0704100010109,1343,3.1283992687178066
07,041,0001,0113,0704100010113,1168,3.0678145111618402
07,041,0001,0132,0704100010132,527,2.722633922533812
07,041,0001,0166,0704100010166,414,2.6180480967120925
07,041,0001,026A,070410001026A,30,1.4913616938342726
07,041,0001,0293,0704100010293,31,1.505149978319906
07,041,0001,0306,0704100010306,16,1.2304489213782739
07,041,0001,0310,0704100010310,6,0.8450980400142568
07,041,0001,0378,0704100010378,44,1.6532125137753437
07,041,0001,0382,0704100010382,0,0.0
07,041,0001,0397,0704100010397,4,0.6989700043360189
07,041,0001,0433,0704100010433,10,1.0413926851582251
07,041,0001,0448,0704100010448,6,0.8450980400142568
07,041,0001,0452,0704100010452,8,0.9542425094393249
07,041,0001,0467,0704100010467,7,0.9030899869919435
07,041,0001,0471,0704100010471,6,0.8450980400142568
07,041,0081,0077,0704100810077,1456,3.16345955176999
07,041,0081,0081,0704100810081,1712,3.2337573629655103
07,041,0081,0096,0704100810096,1652,3.2182728535714475
07,041,0081,0147,0704100810147,719,2.8573324964312685
07,041,0081,019A,070410081019A,19,1.3010299956639813
07,041,0081,0202,0704100810202,8,0.9542425094393249
07,041,0081,0274,0704100810274,24,1.3979400086720377
07,041,0081,0325,0704100810325,5,0.7781512503836436
07,041,0081,033A,070410081033A,6,0.8450980400142568
07,041,0081,0344,0704100810344,32,1.5185139398778875
07,041,0081,0414,0704100810414,0,0.0
07,041,0081,0429,0704100810429,7,0.9030899869919435
07,041,0081,0490,0704100810490,20,1.3222192947339193
07,041,0081,0503,0704100810503,0,0.0
07,041,0083,0151,0704100830151,1769,3.247973266361807
07,041,0083,0170,0704100830170,1750,3.243286146083446
07,041,0083,0185,0704100830185,1795,3.2543063323312857
07,041,0083,0217,0704100830217,80,1.9084850188786497
07,041,0083,0221,0704100830221,56,1.7558748556724915
07,041,0083,0236,0704100830236,92,1.968482948553935
07,041,0083,0240,0704100830240,8,0.9542425094393249
07,041,0083,0255,0704100830255,37,1.5797835966168101
07,041,0083,0289,0704100830289,27,1.4471580313422192
07,041,0083,0363,0704100830363,82,1.919078092376074
07,041,0083,040A,070410083040A,0,0.0
07,041,0083,0486,0704100830486,4,0.6989700043360189
07,042,0001,0036,0704200010036,1008,3.0038911662369103
07,042,0001,0040,0704200010040,1377,3.139249217571607
07,042,0001,0055,0704200010055,1217,3.0856472882968564
07,042,0001,006A,070420001006A,72,1.863322860120456
07,043,0001,0048,0704300010048,1427,3.1547282074401557
07,043,0001,0052,0704300010052,1442,3.159266331093494
07,043,0001,0067,0704300010067,1788,3.252610340567373
07,043,0001,0071,0704300010071,299,2.4771212547196626
07,043,0001,0086,0704300010086,173,2.2405492482826
07,043,0001,0090,0704300010090,180,2.2576785748691846
07,044,0001,005A,070440001005A,1371,3.137354111370733
07,044,0001,0064,0704400010064,2235,3.3494717992143856
07,044,0001,0079,0704400010079,835,2.9222062774390163
07,044,0001,0083,0704400010083,1772,3.2487087356009177
07,044,0001,0098,0704400010098,268,2.429752280002408
07,045,0001,0023,0704500010023,662,2.821513528404773
07,045,0001,0042,0704500010042,973,2.9885589568786157
07,046,0001,0181,0704600010181,2078,3.317854489331469
07,046,0001,0196,0704600010196,554,2.7442929831226763
07,046,0001,0209,0704600010209,1017,3.00774777800074
07,046,0001,0285,0704600010285,1587,3.2008504980910772
07,046,0001,029A,070460001029A,1565,3.1947917577219247
07,046,0001,0302,0704600010302,1618,3.2092468487533736
07,046,0001,0317,0704600010317,1847,3.2667019668840878
07,046,0001,0321,0704600010321,865,2.937517892017347
07,046,0001,0444,0704600010444,259,2.4149733479708178
07,046,0001,0459,0704600010459,206,2.315970345456918
07,046,0103,0406,0704601030406,602,2.780317312140151
07,046,0103,0410,0704601030410,521,2.717670503002262
07,046,0103,0425,0704601030425,807,2.907411360774586
07,046,0103,043A,070460103043A,643,2.808885867359812
07,047,0001,0051,0704700010051,1979,3.296665190261531
07,047,0001,0066,0704700010066,1400,3.1464381352857744
07,047,0001,0070,0704700010070,575,2.760422483423212
07,047,0001,0085,0704700010085,876,2.9429995933660407
07,047,0001,009A,070470001009A,11,1.0791812460476249
07,047,0001,0102,0704700010102,16,1.2304489213782739
07,047,0001,0117,0704700010117,7,0.9030899869919435
07,047,0001,0121,0704700010121,227,2.357934847000454
07,047,0001,0136,0704700010136,322,2.509202522331103
07,047,0001,0140,0704700010140,167,2.225309281725863
07,047,0022,0028,0704700220028,2971,3.4730488050885375
07,047,0043,0013,0704700430013,2699,3.4313637641589874
07,048,0001,010A,070480001010A,2873,3.4584867637982066
07,048,0001,0114,0704800010114,1362,3.1344958558346736
07,048,0001,0129,0704800010129,2878,3.459241664878082
07,048,0001,0133,0704800010133,696,2.8432327780980096
07,049,0001,0037,0704900010037,3954,3.597146487833695
07,050,0001,0061,0705000010061,689,2.838849090737255
07,050,0001,0076,0705000010076,702,2.846955325019824
07,050,0001,0095,0705000010095,547,2.738780558484369
07,050,0001,0108,0705000010108,278,2.4456042032735974
07,050,0001,0112,0705000010112,0,0.0
07,051,0001,0158,0705100010158,2315,3.3647385550553985
07,051,0001,0162,0705100010162,1524,3.1832698436828046
07,051,0001,0177,0705100010177,998,2.9995654882259823
07,051,0001,0209,0705100010209,2690,3.4299136977637543
07,051,0001,0266,0705100010266,1802,3.255995726722402
07,051,0001,0270,0705100010270,1406,3.1482940974347455
07,051,0001,0285,0705100010285,1858,3.2692793897718984
07,051,0001,029A,070510001029A,1815,3.2591158441850663
07,051,0001,0302,0705100010302,1044,3.019116290447073
07,051,0001,0317,0705100010317,1862,3.2702128548962426
07,051,0001,0321,0705100010321,280,2.44870631990508
07,051,0001,0340,0705100010340,500,2.699837725867246
07,051,0001,0355,0705100010355,125,2.100370545117563
07,051,0001,036A,070510001036A,209,2.322219294733919
07,051,0001,0374,0705100010374,89,1.954242509439325
07,051,0001,0389,0705100010389,82,1.919078092376074
07,051,0001,0393,0705100010393,300,2.4785664955938436
07,051,0001,0406,0705100010406,117,2.0718820073061255
07,051,0001,0410,0705100010410,251,2.401400540781544
07,051,0001,0425,0705100010425,4,0.6989700043360189
07,052,0001,0422,0705200010422,2127,3.3279716236230104
07,052,0001,0507,0705200010507,1767,3.2474822606770544
07,052,0001,0545,0705200010545,1884,3.2753113545418118
07,052,0001,055A,070520001055A,1620,3.209783014848515
07,052,0001,0564,0705200010564,2763,3.441538038702161
07,052,0001,0579,0705200010579,1786,3.252124552505644
07,052,0001,0583,0705200010583,2095,3.321391278311689
07,052,0001,0598,0705200010598,1279,3.1072099696478683
07,052,0001,0600,0705200010600,1269,3.103803720955957
07,052,0001,0615,0705200010615,2305,3.36285930295868
07,052,0001,062A,070520001062A,360,2.5575072019056577
07,052,0001,0634,0705200010634,78,1.8976270912904414
07,052,0001,0649,0705200010649,113,2.0569048513364727
07,052,0001,0653,0705200010653,1829,3.2624510897304293
07,052,0001,0668,0705200010668,1835,3.2638726768652235
07,052,0001,0672,0705200010672,0,0.0
07,052,0001,0687,0705200010687,161,2.2095150145426308
07,052,0001,0691,0705200010691,116,2.0681858617461617
07,052,0001,0704,0705200010704,218,2.3404441148401185
07,052,0001,0719,0705200010719,50,1.7075701760979363
07,052,0001,0742,0705200010742,0,0.0
07,052,0001,0757,0705200010757,227,2.357934847000454
07,052,0001,0761,0705200010761,390,2.5921767573958667
07,052,0001,0776,0705200010776,34,1.5440680443502757
07,052,0001,0780,0705200010780,20,1.3222192947339193
07,052,0052,0174,0705200520174,2549,3.406540180433955
07,052,0091,0723,0705200910723,2143,3.3312247810207323
07,052,0091,0738,0705200910738,1591,3.20194306340165
07,052,0091,0795,0705200910795,11,1.0791812460476249
07,052,0091,0808,0705200910808,59,1.7781512503836436
07,052,0178,0051,0705201780051,2517,3.401055725771844
07,053,0001,0025,0705300010025,1130,3.053462604925455
07,053,0001,0044,0705300010044,355,2.5514499979728753
07,053,0001,0078,0705300010078,146,2.167317334748176
07,054,0001,0018,0705400010018,2810,3.4488608456074408
07,054,0001,0107,0705400010107,1630,3.212453961040276
07,054,0001,0126,0705400010126,1477,3.1696744340588068
07,054,0001,0130,0705400010130,1857,3.269045709657623
07,054,0006,008A,070540006008A,1929,3.285557309007774
07,054,0006,0094,0705400060094,2083,3.3188977146274867
07,054,0006,0111,0705400060111,317,2.5024271199844326
07,054,0006,0145,0705400060145,116,2.0681858617461617
07,055,0001,002A,070550001002A,1626,3.2113875529368587
07,055,0001,0049,0705500010049,1090,3.037824750588342
07,055,0001,0053,0705500010053,117,2.0718820073061255
07,055,0001,0068,0705500010068,27,1.4471580313422192
07,056,0001,0027,0705600010027,1275,3.1058506743851435
07,057,0001,0077,0705700010077,2234,3.3492775274679554
07,057,0001,0081,0705700010081,3988,3.6008640363098396
07,057,0001,0151,0705700010151,2897,3.462098381135156
07,057,0001,0166,0705700010166,2683,3.4287825114969546
07,057,0001,0170,0705700010170,2537,3.404491617758686
07,057,0001,0185,0705700010185,1313,3.118595365223762
07,057,0001,019A,070570001019A,2648,3.423081958297231
07,057,0001,0202,0705700010202,1639,3.214843848047698
07,057,0001,0217,0705700010217,672,2.828015064223977
07,057,0001,0221,0705700010221,3689,3.56702636615906
07,057,0001,0236,0705700010236,2896,3.461948495203762
07,057,0001,0240,0705700010240,21,1.3424226808222062
07,057,0001,0255,0705700010255,42,1.6334684555795864
07,057,0001,026A,070570001026A,269,2.4313637641589874
07,057,0001,0274,0705700010274,81,1.9138138523837167
07,057,0001,0289,0705700010289,206,2.315970345456918
07,057,0013,0293,0705700130293,1402,3.1470576710283598
07,057,0013,0306,0705700130306,1328,3.123524980942732
07,058,0001,0021,0705800010021,1937,3.2873537727147464
07,058,0001,0036,0705800010036,1231,3.090610707828407
07,058,0001,0040,0705800010040,1369,3.1367205671564067
07,058,0001,006A,070580001006A,218,2.3404441148401185
07,058,0001,0074,0705800010074,0,0.0
07,058,0001,0089,0705800010089,10,1.0413926851582251
07,059,0001,1281,0705900011281,4321,3.6356847625472226
07,059,0001,1347,0705900011347,3505,3.544811911757776
07,059,0001,1366,0705900011366,4659,3.66838591669
07,059,0001,1370,0705900011370,3924,3.5938396610812715
07,059,0001,1385,0705900011385,4951,3.6947806360120614
07,059,0001,1737,0705900011737,4793,3.680698029697635
07,059,0001,1756,0705900011756,3795,3.579326203755255
07,059,0001,1807,0705900011807,246,2.392696953259666
07,059,0001,1811,0705900011811,809,2.90848501887865
07,059,0001,1826,0705900011826,1234,3.0916669575956846
07,059,0001,1830,0705900011830,1215,3.084933574936716
07,059,0001,1915,0705900011915,3174,3.5017437296279943
07,059,0001,192A,070590001192A,4054,3.6079908585471747
07,059,0001,1934,0705900011934,2757,3.440594261839831
07,059,0001,1949,0705900011949,876,2.9429995933660407
07,059,0001,1953,0705900011953,9,1.0
07,059,0001,1968,0705900011968,34,1.5440680443502757
07,059,0001,1991,0705900011991,172,2.2380461031287955
07,059,0001,2006,0705900012006,90,1.9590413923210936
07,059,0001,2010,0705900012010,25,1.414973347970818
07,059,0001,2025,0705900012025,84,1.9294189257142926
07,059,0001,2133,0705900012133,75,1.8808135922807914
07,059,0001,2171,0705900012171,85,1.9344984512435677
07,059,0001,2186,0705900012186,83,1.9242792860618816
07,059,0001,2190,0705900012190,901,2.9552065375419416
07,059,0001,2203,0705900012203,382,2.583198773968623
07,059,0001,2218,0705900012218,142,2.155336037465062
07,059,0001,2364,0705900012364,48,1.6901960800285136
07,059,0001,2379,0705900012379,209,2.322219294733919
07,059,0001,2383,0705900012383,17,1.255272505103306
07,059,0001,2398,0705900012398,8,0.9542425094393249
07,059,0001,2400,0705900012400,230,2.3636119798921444
07,059,0001,2519,0705900012519,781,2.893206753059848
07,059,0002,1898,0705900021898,2230,3.348499570283838
07,059,0002,1900,0705900021900,1236,3.0923696996291206
07,059,0237,1474,0705902371474,5116,3.7090154169721172
07,059,0237,2152,0705902372152,71,1.8573324964312685
07,059,0418,1328,0705904181328,2317,3.3651134316275773
07,059,0418,1629,0705904181629,1093,3.039017321997412
07,059,0418,1633,0705904181633,1578,3.1983821300082944
07,059,0418,1648,0705904181648,1747,3.2425414282983844
07,059,0418,1652,0705904181652,1560,3.1934029030624176
07,059,0418,1667,0705904181667,1210,3.0831441431430524
07,059,0418,1671,0705904181671,1769,3.247973266361807
07,059,0418,1760,0705904181760,30,1.4913616938342726
07,059,0418,1775,0705904181775,87,1.9444826721501687
07,059,0418,178A,070590418178A,22,1.3617278360175928
07,059,0418,1864,0705904181864,138,2.143014800254095
07,059,0418,1879,0705904181879,21,1.3424226808222062
07,059,0418,1883,0705904181883,24,1.3979400086720377
07,059,0418,203A,070590418203A,11,1.0791812460476249
07,059,0418,2044,0705904182044,48,1.6901960800285136
07,059,0418,2059,0705904182059,54,1.7403626894942439
07,059,0418,2063,0705904182063,7,0.9030899869919435
07,059,0418,2078,0705904182078,7,0.9030899869919435
07,059,0418,2082,0705904182082,18,1.2787536009528289
07,059,0418,2097,0705904182097,4,0.6989700043360189
07,059,0418,210A,070590418210A,45,1.662757831681574
07,059,0418,2114,0705904182114,3,0.6020599913279624
07,059,0418,2129,0705904182129,13,1.146128035678238
07,059,0418,2222,0705904182222,0,0.0
07,059,0418,2237,0705904182237,0,0.0
07,059,0418,2241,0705904182241,13,1.146128035678238
07,059,0418,2256,0705904182256,46,1.6720978579357175
07,059,0418,2260,0705904182260,26,1.4313637641589874
07,059,0418,2275,0705904182275,15,1.2041199826559248
07,059,0418,228A,070590418228A,22,1.3617278360175928
07,059,0418,2294,0705904182294,16,1.2304489213782739
07,059,0418,2415,0705904182415,13,1.146128035678238
07,059,0418,242A,070590418242A,0,0.0
07,059,0418,2434,0705904182434,0,0.0
07,059,0418,2449,0705904182449,0,0.0
07,059,0418,2453,0705904182453,5,0.7781512503836436
07,059,0418,2468,0705904182468,22,1.3617278360175928
07,059,0431,1455,0705904311455,1523,3.182984967003582
07,059,0431,146A,070590431146A,806,2.90687353472207
07,059,0431,1703,0705904311703,1095,3.0398105541483504
07,059,0431,1718,0705904311718,925,2.966610986681934
07,059,0431,1722,0705904311722,772,2.888179493918325
07,059,0431,1794,0705904311794,106,2.0293837776852097
07,059,0431,1987,0705904311987,256,2.4099331233312946
07,059,0431,2148,0705904312148,100,2.0043213737826426
07,059,0431,2167,0705904312167,139,2.146128035678238
07,059,0431,2307,0705904312307,22,1.3617278360175928
07,059,0431,2311,0705904312311,22,1.3617278360175928
07,059,0431,2326,0705904312326,39,1.6020599913279623
07,059,0431,2330,0705904312330,97,1.9912260756924949
07,059,0431,2345,0705904312345,74,1.8750612633917
07,059,0431,235A,070590431235A,16,1.2304489213782739
07,059,0431,2472,0705904312472,17,1.255272505103306
07,059,0431,2487,0705904312487,8,0.9542425094393249
07,059,0431,2491,0705904312491,71,1.8573324964312685
07,059,0431,2504,0705904312504,23,1.380211241711606
07,060,0001,002A,070600001002A,796,2.9014583213961123
07,060,0001,0034,0706000010034,3409,3.5327543789924976
07,060,0001,0049,0706000010049,804,2.9057958803678687
07,060,0001,0053,0706000010053,78,1.8976270912904414
07,060,0001,0068,0706000010068,169,2.230448921378274
07,060,0001,0072,0706000010072,74,1.8750612633917
07,061,0001,0224,0706100010224,1894,3.2776092143040914
07,061,0001,0243,0706100010243,5976,3.7764832558336816
07,061,0001,0262,0706100010262,4582,3.6611498572447867
07,061,0001,0277,0706100010277,2472,3.3932241163612975
07,061,0001,0281,0706100010281,5598,3.7481104674949837
07,061,0001,0296,0706100010296,2216,3.345765693114488
07,061,0001,0309,0706100010309,3032,3.4818724103106633
07,061,0001,0328,0706100010328,2210,3.344588742578714
07,061,0001,0347,0706100010347,2488,3.3960248966085933
07,061,0001,0351,0706100010351,2680,3.4282968139828798
07,061,0001,0366,0706100010366,452,2.656098202012832
07,061,0001,0417,0706100010417,4239,3.6273658565927325
07,061,0001,0421,0706100010421,2458,3.390758528738717
07,061,0001,0436,0706100010436,371,2.5705429398818973
07,061,0001,0440,0706100010440,545,2.7371926427047373
07,061,0001,0455,0706100010455,366,2.5646660642520893
07,061,0001,046A,070610001046A,595,2.7752462597402365
07,061,0001,0474,0706100010474,222,2.3483048630481607
07,061,0001,0489,0706100010489,252,2.403120521175818
07,061,0001,0493,0706100010493,240,2.3820170425748683
07,061,0001,0506,0706100010506,118,2.0755469613925306
07,061,0001,0510,0706100010510,129,2.113943352306837
07,061,0001,0525,0706100010525,47,1.6812412373755872
07,061,0001,053A,070610001053A,7,0.9030899869919435
07,061,0001,0544,0706100010544,58,1.7708520116421442
07,061,0113,0385,0706101130385,1813,3.2586372827240764
07,061,0113,039A,070610113039A,1465,3.166133970305109
07,061,0113,0402,0706101130402,1426,3.154423973114647
07,062,0001,0081,0706200010081,194,2.290034611362518
07,062,0001,0128,0706200010128,1649,3.2174839442139063
07,062,0001,0132,0706200010132,760,2.8813846567705728
07,062,0001,0147,0706200010147,421,2.625312450961674
07,062,0001,0151,0706200010151,117,2.0718820073061255
07,063,0001,0021,0706300010021,1466,3.166430113843283
07,063,0001,0036,0706300010036,374,2.574031267727719
07,063,0001,0040,0706300010040,149,2.1760912590556813
07,064,0001,0067,0706400010067,3528,3.5476516583599693
07,064,0001,0071,0706400010071,2500,3.3981136917305026
07,064,0001,0086,0706400010086,1085,3.035829825252828
07,064,0001,0090,0706400010090,3123,3.494711025205263
07,064,0001,0137,0706400010137,120,2.0827853703164503
07,064,0036,0103,0706400360103,3625,3.5594277997594896
07,065,0001,0011,0706500010011,89,1.954242509439325
07,065,0001,037A,070650001037A,1236,3.0923696996291206
07,065,0001,0384,0706500010384,2566,3.4094258686714434
07,065,0001,0399,0706500010399,2695,3.4307198878632823
07,065,0001,0401,0706500010401,3211,3.5067755366066433
07,065,0001,0416,0706500010416,2279,3.357934847000454
07,065,0001,0420,0706500010420,911,2.959994838328416
07,065,0001,0435,0706500010435,4919,3.69196510276736
07,065,0001,044A,070650001044A,2433,3.386320573894046
07,065,0001,0469,0706500010469,2016,3.3047058982127653
07,065,0001,0488,0706500010488,4670,3.669409867287783
07,065,0001,0505,0706500010505,6330,3.801472313521471
07,065,0001,051A,070650001051A,1323,3.121887985103681
07,065,0001,0524,0706500010524,2204,3.3434085938038574
07,065,0001,0539,0706500010539,5049,3.7032913781186614
07,065,0001,0543,0706500010543,1462,3.1652443261253107
07,065,0001,0558,0706500010558,2969,3.4727564493172123
07,065,0001,0562,0706500010562,2394,3.379305517750582
07,065,0001,0577,0706500010577,358,2.5550944485783194
07,065,0001,0581,0706500010581,657,2.8182258936139557
07,065,0001,0596,0706500010596,325,2.513217600067939
07,065,0001,0609,0706500010609,395,2.597695185925512
07,065,0001,0613,0706500010613,1189,3.0755469613925306
07,065,0001,0628,0706500010628,86,1.9395192526186185
07,065,0001,0632,0706500010632,31,1.505149978319906
07,066,0001,0061,0706600010061,2425,3.3848907965305544
07,066,0001,0076,0706600010076,3006,3.4781334281005174
07,066,0001,0080,0706600010080,3173,3.5016069224188295
07,066,0001,0095,0706600010095,25,1.414973347970818
07,067,0001,0035,0706700010035,1817,3.2595938788859486
07,067,0001,0054,0706700010054,107,2.03342375548695
07,068,0001,009A,070680001009A,2181,3.338854746252323
07,068,0001,0102,0706800010102,1833,3.263399331334002
07,068,0001,0117,0706800010117,4100,3.612889769287485
07,068,0001,0121,0706800010121,2936,3.4679039465228003
07,068,0001,0136,0706800010136,2958,3.471144965160633
07,068,0001,016A,070680001016A,574,2.7596678446896306
07,068,0001,0174,0706800010174,426,2.630427875025024
07,068,0001,0193,0706800010193,236,2.374748346010104
07,069,0001,0186,0706900010186,2810,3.4488608456074408
07,069,0001,0190,0706900010190,2181,3.338854746252323
07,069,0001,0218,0706900010218,1996,3.3003780648707024
07,069,0001,0222,0706900010222,1744,3.241795431295199
07,069,0001,0307,0706900010307,643,2.808885867359812
07,069,0001,0311,0706900010311,2348,3.370883016777606
07,069,0001,0326,0706900010326,608,2.784617292632875
07,069,0001,0330,0706900010330,1299,3.113943352306837
07,069,0001,0345,0706900010345,187,2.27415784926368
07,069,0001,035A,070690001035A,510,2.708420900134713
07,069,0001,0364,0706900010364,2060,3.3140779917792127
07,069,0001,0379,0706900010379,1406,3.1482940974347455
07,069,0001,0383,0706900010383,78,1.8976270912904414
07,069,0001,0398,0706900010398,218,2.3404441148401185
07,069,0001,0400,0706900010400,51,1.7160033436347992
07,069,0001,0415,0706900010415,64,1.8129133566428555
07,069,0001,042A,070690001042A,16,1.2304489213782739
07,070,0001,0030,0707000010030,1775,3.249442961442582
07,071,0001,0076,0707100010076,1680,3.225567713439471
07,071,0001,0080,0707100010080,1995,3.3001605369513523
07,071,0001,0095,0707100010095,1503,3.1772478362556233
07,071,0001,0108,0707100010108,798,2.902546779313991
07,071,0001,0112,0707100010112,2217,3.3459615418131414
07,071,0001,0127,0707100010127,29,1.4771212547196624
07,072,0001,0054,0707200010054,3564,3.5520595341878844
07,072,0001,0069,0707200010069,1993,3.2997251539756367
07,072,0001,0073,0707200010073,1960,3.292477593667784
07,072,0001,0088,0707200010088,1760,3.245759355967277
07,072,0001,0092,0707200010092,2030,3.307709923404807
07,072,0001,011A,070720001011A,1440,3.1586639808139894
07,072,0001,0143,0707200010143,58,1.7708520116421442
07,073,0001,0032,0707300010032,1775,3.249442961442582
07,073,0001,0047,0707300010047,3175,3.5018804937550585
07,073,0001,0051,0707300010051,1733,3.2390490931401916
07,073,0001,0066,0707300010066,10,1.0413926851582251
07,073,0001,0070,0707300010070,40,1.6127838567197355
07,073,0001,0085,0707300010085,127,2.1072099696478683
07,074,0001,0063,0707400010063,2840,3.453471233722936
07,074,0001,0082,0707400010082,3158,3.499549625905149
07,074,0001,0097,0707400010097,3769,3.576341350205793
07,074,0001,010A,070740001010A,1968,3.2942457161381182
07,074,0001,0114,0707400010114,3515,3.5460488664017342
07,074,0001,0129,0707400010129,2812,3.449169732165201
07,074,0001,0133,0707400010133,719,2.8573324964312685
07,074,0001,0148,0707400010148,911,2.959994838328416
07,074,0001,0152,0707400010152,2535,3.404149249209695
07,074,0001,0167,0707400010167,5013,3.7001843296221977
07,074,0001,0171,0707400010171,312,2.4955443375464483
07,074,0001,0186,0707400010186,378,2.578639209968072
07,074,0001,0190,0707400010190,753,2.877371345869774
07,074,0001,0203,0707400010203,335,2.526339277389844
07,075,0001,008A,070750001008A,2760,3.4410664066392633
07,075,0001,0094,0707500010094,2727,3.4358443659844413
07,075,0001,0107,0707500010107,3570,3.552789850192782
07,075,0001,0111,0707500010111,2698,3.431202884556517
07,075,0001,0126,0707500010126,3186,3.5033820634737327
07,075,0001,0130,0707500010130,1103,3.0429690733931802
07,075,0001,0145,0707500010145,1566,3.1950689964685903
07,075,0001,0164,0707500010164,1069,3.0293837776852097
07,075,0001,0179,0707500010179,2188,3.3402457615679317
07,075,0001,0183,0707500010183,166,2.2227164711475833
07,075,0001,0198,0707500010198,0,0.0
07,075,0001,0200,0707500010200,52,1.724275869600789
07,075,0001,0215,0707500010215,41,1.6232492903979006
07,075,0001,022A,070750001022A,68,1.8388490907372552
07,076,0001,0068,0707600010068,1204,3.080987046910887
07,076,0001,0072,0707600010072,2052,3.312388949370592
07,076,0001,0087,0707600010087,104,2.0211892990699383
07,076,0001,0091,0707600010091,0,0.0
07,076,0024,0034,0707600240034,2830,3.451939869365103
07,077,0001,0012,0707700010012,779,2.8920946026904804
07,077,0001,0154,0707700010154,1219,3.0863598306747484
07,077,0001,0169,0707700010169,4088,3.611617110554336
07,077,0001,0173,0707700010173,95,1.9822712330395684
07,077,0001,0188,0707700010188,0,0.0
07,078,0001,0024,0707800010024,213,2.330413773349191
07,078,0001,0058,0707800010058,3493,3.543322900646912
07,078,0001,0062,0707800010062,1643,3.215901813204032
07,078,0001,0077,0707800010077,7069,3.8494194137968996
07,078,0001,0166,0707800010166,5105,3.7080808104682315
07,078,0001,0170,0707800010170,1827,3.2619761913978125
07,078,0001,0185,0707800010185,913,2.960946195733831
07,078,0001,019A,070780001019A,3215,3.5073160400764136
07,078,0001,0202,0707800010202,2529,3.403120521175818
07,078,0001,0217,0707800010217,7781,3.8910912264677235
07,078,0001,0221,0707800010221,5252,3.7204074008031087
07,078,0001,0240,0707800010240,2920,3.46553155697355
07,078,0001,0344,0707800010344,2597,3.414639146737009
07,078,0001,0414,0707800010414,2867,3.4575791469957626
07,078,0001,0429,0707800010429,3502,3.5444401373176926
07,078,0001,0433,0707800010433,4233,3.6267508536833932
07,078,0001,0448,0707800010448,4287,3.6322547766847135
07,078,0001,0471,0707800010471,3429,3.5352941200427703
07,078,0001,0490,0707800010490,1557,3.1925674533365456
07,078,0001,0503,0707800010503,1624,3.210853365314893
07,078,0001,0518,0707800010518,2324,3.3664229572259727
07,078,0001,0522,0707800010522,2447,3.3888114134735234
07,078,0001,0537,0707800010537,2276,3.3573630306151427
07,078,0001,0541,0707800010541,2370,3.3749315539781883
07,078,0001,0556,0707800010556,2066,3.3153404766272883
07,078,0001,0560,0707800010560,2872,3.4583356259919475
07,078,0001,0575,0707800010575,1862,3.2702128548962426
07,078,0001,058A,070780001058A,4803,3.6816029987308685
07,078,0001,0607,0707800010607,4015,3.603793704136963
07,078,0001,0611,0707800010611,2291,3.3602146132953523
07,078,0001,0626,0707800010626,4710,3.673113104238234
07,078,0001,0645,0707800010645,7601,3.880927865267085
07,078,0001,065A,070780001065A,5076,3.705607163404605
07,078,0001,0664,0707800010664,2543,3.4055171069763763
07,078,0001,0679,0707800010679,3005,3.4779889762508893
07,078,0001,0683,0707800010683,3939,3.595496221825574
07,078,0001,0698,0707800010698,4579,3.660865478003869
07,078,0001,0700,0707800010700,2475,3.39375064034808
07,078,0001,0715,0707800010715,3025,3.4808689236871677
07,078,0001,072A,070780001072A,3371,3.527887565952705
07,078,0001,0734,0707800010734,5043,3.702775077901044
07,078,0001,0749,0707800010749,4562,3.659250468772661
07,078,0001,0753,0707800010753,1298,3.1136091510730277
07,078,0001,0768,0707800010768,1381,3.1405080430381798
07,078,0001,0772,0707800010772,2702,3.4318460456987254
07,078,0001,0787,0707800010787,4022,3.6045500325712614
07,078,0001,0791,0707800010791,5998,3.778078861937455
07,078,0001,0804,0707800010804,5602,3.7484206224675685
07,078,0001,0819,0707800010819,4210,3.624385241420265
07,078,0001,0823,0707800010823,4582,3.6611498572447867
07,078,0001,0838,0707800010838,3046,3.4838724542226736
07,078,0001,0842,0707800010842,4402,3.6437486854595256
07,078,0001,0857,0707800010857,330,2.519827993775719
07,078,0001,0861,0707800010861,236,2.374748346010104
07,078,0001,0876,0707800010876,92,1.968482948553935
07,078,0001,0880,0707800010880,516,2.7134905430939424
07,078,0001,0895,0707800010895,473,2.6757783416740852
07,078,0001,0908,0707800010908,135,2.1335389083702174
07,078,0001,0912,0707800010912,0,0.0
07,078,0001,0927,0707800010927,20,1.3222192947339193
07,078,0001,0931,0707800010931,496,2.696356388733332
07,078,0001,0946,0707800010946,0,0.0
07,078,0001,0950,0707800010950,146,2.167317334748176
07,078,0001,0965,0707800010965,88,1.9493900066449128
07,078,0001,097A,070780001097A,62,1.7993405494535817
07,078,0001,0984,0707800010984,101,2.0086001717619175
07,078,0001,0999,0707800010999,51,1.7160033436347992
07,078,0001,1003,0707800011003,0,0.0
07,078,0001,1018,0707800011018,83,1.9242792860618816
07,078,0001,1022,0707800011022,126,2.103803720955957
07,079,0001,0074,0707900010074,1503,3.1772478362556233
07,079,0001,0089,0707900010089,3888,3.58983794314746
07,079,0001,0093,0707900010093,3844,3.5848963441374497
07,079,0001,0106,0707900010106,1540,3.1878026387184195
07,079,0001,0110,0707900010110,506,2.705007959333336
07,079,0001,0125,0707900010125,202,2.307496037913213
07,079,0001,013A,070790001013A,114,2.060697840353612
07,079,0001,0144,0707900010144,121,2.0863598306747484
07,079,0001,0159,0707900010159,149,2.1760912590556813
07,079,0043,0163,0707900430163,1327,3.1231980750319988
07,079,0043,0178,0707900430178,2116,3.325720858019412
07,080,0001,0111,0708000010111,1707,3.232487866352986
07,080,0001,0126,0708000010126,1938,3.2875778090787056
07,081,0001,0068,0708100010068,5113,3.708760723690317
07,081,0001,0072,0708100010072,2806,3.448242412634439
07,081,0001,0087,0708100010087,6045,3.781468142841798
07,081,0001,0091,0708100010091,119,2.0791812460476247
07,081,0001,0104,0708100010104,131,2.12057393120585
07,081,0001,0119,0708100010119,105,2.0253058652647704
07,081,0001,0123,0708100010123,26,1.4313637641589874
07,081,0001,0138,0708100010138,228,2.359835482339888
07,081,0001,0142,0708100010142,45,1.662757831681574
07,081,0080,0053,0708100800053,2984,3.4749443354653877
07,081,0127,0034,0708101270034,3011,3.478854967528663
07,082,0001,0031,0708200010031,755,2.8785217955012063
07,082,0001,0050,0708200010050,594,2.7745169657285498
07,082,0001,0065,0708200010065,398,2.6009728956867484
07,082,0001,007A,070820001007A,344,2.537819095073274
07,083,0001,0096,0708300010096,1496,3.1752218003430523
07,083,0001,0109,0708300010109,1445,3.160168292958512
07,083,0001,0113,0708300010113,1447,3.1607685618611283
07,083,0001,0128,0708300010128,691,2.840106094456758
07,083,0001,0151,0708300010151,17,1.255272505103306
07,083,0001,0166,0708300010166,36,1.568201724066995
07,083,0001,0170,0708300010170,41,1.6232492903979006
07,083,0001,0185,0708300010185,17,1.255272505103306
07,083,0001,019A,070830001019A,18,1.2787536009528289
07,083,0001,0202,0708300010202,36,1.568201724066995
07,084,0001,0040,0708400010040,1297,3.1132746924643504
07,084,0001,0055,0708400010055,853,2.931457870689005
07,084,0001,006A,070840001006A,93,1.9731278535996986
07,085,0001,0014,0708500010014,2319,3.3654879848909
07,085,0001,0048,0708500010048,672,2.828015064223977
07,085,0001,0052,0708500010052,1495,3.1749315935284423
07,085,0005,0067,0708500050067,1203,3.0806264869218056
07,085,0005,0071,0708500050071,2207,3.3439990690571615
07,085,0005,0086,0708500050086,98,1.99563519459755
07,086,0001,0064,0708600010064,2210,3.344588742578714
07,086,0001,0083,0708600010083,3293,3.5177235948337358
07,086,0001,0098,0708600010098,3801,3.5800121125294244
07,086,0001,0100,0708600010100,1876,3.273464272621346
07,086,0001,0115,0708600010115,3645,3.5618166643189575
07,086,0001,012A,070860001012A,1650,3.2177470732627937
07,086,0001,0134,0708600010134,288,2.4608978427565478
07,086,0001,0149,0708600010149,1629,3.2121876044039577
07,086,0001,0153,0708600010153,54,1.7403626894942439
07,086,0001,0168,0708600010168,61,1.792391689498254
07,086,0001,0172,0708600010172,29,1.4771212547196624
07,086,0001,0187,0708600010187,143,2.1583624920952498
07,086,0001,0191,0708600010191,102,2.012837224705172
07,086,0001,0204,0708600010204,406,2.60959440922522
07,086,0001,0219,0708600010219,63,1.806179973983887
07,086,0001,0223,0708600010223,35,1.5563025007672873
07,086,0001,0238,0708600010238,61,1.792391689498254
07,086,0001,0242,0708600010242,40,1.6127838567197355
07,086,0001,0257,0708600010257,0,0.0
07,086,0001,0261,0708600010261,0,0.0
07,086,0001,0276,0708600010276,56,1.7558748556724915
07,086,0001,0280,0708600010280,129,2.113943352306837
07,086,0001,0295,0708600010295,0,0.0
07,086,0023,0308,0708600230308,1572,3.196728722623287
07,086,0023,0312,0708600230312,1211,3.0835026198302673
07,087,0001,0042,0708700010042,3570,3.552789850192782
07,087,0001,0076,0708700010076,2472,3.3932241163612975
07,087,0001,0112,0708700010112,1171,3.068927611682072
07,087,0001,0127,0708700010127,2105,3.3234583668494677
07,087,0001,0146,0708700010146,801,2.9041743682841634
07,087,0001,0150,0708700010150,358,2.5550944485783194
07,087,0001,0165,0708700010165,89,1.954242509439325
07,087,0001,017A,070870001017A,876,2.9429995933660407
07,087,0001,0184,0708700010184,1417,3.151676230847048
07,087,0001,0201,0708700010201,112,2.0530784434834195
07,087,0001,0216,0708700010216,204,2.311753861055754
07,087,0001,0235,0708700010235,632,2.801403710017355
07,087,0001,024A,070870001024A,1897,3.2782962080912736
07,087,0001,0254,0708700010254,718,2.8567288903828825
07,087,0001,0269,0708700010269,90,1.9590413923210936
07,087,0001,0288,0708700010288,973,2.9885589568786157
07,087,0014,0095,0708700140095,2735,3.4371160930480786
07,087,0014,0108,0708700140108,2051,3.3121773564397787
07,087,0014,0220,0708700140220,310,2.4927603890268375
07,088,0001,0020,0708800010020,552,2.7427251313046983
07,088,0001,0035,0708800010035,342,2.5352941200427703
07,088,0001,004A,070880001004A,0,0.0
07,088,0001,0054,0708800010054,0,0.0
07,089,0001,0013,0708900010013,3828,3.583085366347688
07,089,0001,0028,0708900010028,1440,3.1586639808139894
07,089,0001,0032,0708900010032,1912,3.281714970027296
07,089,0001,0047,0708900010047,2679,3.428134794028789
07,089,0001,0051,0708900010051,1754,3.244277120801843
07,089,0001,0066,0708900010066,3676,3.5654936298688624
07,089,0001,0085,0708900010085,1725,3.237040791379191
07,089,0001,009A,070890001009A,1270,3.104145550554008
07,089,0001,0102,0708900010102,2067,3.315550534421905
07,089,0001,0117,0708900010117,1610,3.207095540419218
07,089,0001,0121,0708900010121,1684,3.2265999052073573
07,089,0001,0136,0708900010136,2031,3.307923703611882
07,089,0001,0155,0708900010155,1129,3.0530784434834195
07,089,0001,016A,070890001016A,5227,3.7183355789085066
07,089,0001,0460,0708900010460,1833,3.263399331334002
07,089,0001,0475,0708900010475,3092,3.490379920003179
07,089,0001,048A,070890001048A,884,2.9469432706978256
07,089,0001,0494,0708900010494,1446,3.1604685311190375
07,089,0001,0507,0708900010507,2470,3.3928727454020793
07,089,0001,0511,0708900010511,3502,3.5444401373176926
07,089,0001,0526,0708900010526,2743,3.438384107034714
07,089,0001,0530,0708900010530,2749,3.439332693830263
07,089,0001,0545,0708900010545,1459,3.164352855784437
07,089,0001,055A,070890001055A,439,2.6434526764861874
07,089,0001,0564,0708900010564,1464,3.1658376246901283
07,089,0001,0579,0708900010579,2239,3.3502480183341627
07,089,0001,0583,0708900010583,2999,3.4771212547196626
07,089,0001,0598,0708900010598,1597,3.2035767749779724
07,089,0001,0600,0708900010600,2303,3.3624824747511743
07,089,0001,0615,0708900010615,2386,3.3778524190067545
07,089,0001,062A,070890001062A,2235,3.3494717992143856
07,089,0001,0634,0708900010634,1544,3.1889284837608534
07,089,0001,0649,0708900010649,1495,3.1749315935284423
07,089,0001,0687,0708900010687,2451,3.3895204658463776
07,089,0001,0757,0708900010757,2288,3.359645792674543
07,089,0001,0812,0708900010812,454,2.6580113966571126
07,089,0001,0850,0708900010850,93,1.9731278535996986
07,089,0001,0865,0708900010865,3120,3.4942937686653326
07,089,0001,087A,070890001087A,3011,3.478854967528663
07,089,0001,0884,0708900010884,543,2.73559889969818
07,089,0001,0899,0708900010899,1599,3.2041199826559246
07,089,0001,0901,0708900010901,2615,3.4176377396522297
07,089,0001,0916,0708900010916,2156,3.333850145102545
07,089,0001,0920,0708900010920,2323,3.366236123718293
07,089,0001,0935,0708900010935,1779,3.250420002308894
07,089,0001,094A,070890001094A,2865,3.4572761860613257
07,089,0001,0969,0708900010969,1399,3.146128035678238
07,089,0001,0973,0708900010973,3061,3.486005186362242
07,089,0001,0988,0708900010988,1418,3.151982395457474
07,089,0001,1007,0708900011007,4640,3.66661156841903
07,089,0001,1011,0708900011011,3260,3.513350798805957
07,089,0001,1026,0708900011026,2587,3.4129642719966626
07,089,0001,1030,0708900011030,5097,3.7073998311332486
07,089,0001,105A,070890001105A,2085,3.319314304090512
07,089,0001,1079,0708900011079,3145,3.497758718287268
07,089,0001,1083,0708900011083,1209,3.0827853703164503
07,089,0001,1100,0708900011100,3087,3.4896772916636984
07,089,0001,1115,0708900011115,653,2.815577748324267
07,089,0001,112A,070890001112A,1312,3.118264726089479
07,089,0001,1134,0708900011134,1970,3.2946866242794433
07,089,0001,1149,0708900011149,2467,3.392345155361204
07,089,0001,1172,0708900011172,2633,3.420615770625765
07,089,0001,1187,0708900011187,665,2.823474229170301
07,089,0001,1219,0708900011219,1906,3.280350693046006
07,089,0001,1223,0708900011223,696,2.8432327780980096
07,089,0001,1238,0708900011238,171,2.2355284469075487
07,089,0001,1242,0708900011242,1621,3.2100508498751372
07,089,0001,1257,0708900011257,2076,3.317436496535099
07,089,0001,1261,0708900011261,2617,3.417969642214737
07,089,0001,1276,0708900011276,2531,3.4034637013453173
07,089,0001,1280,0708900011280,2169,3.3364597338485296
07,089,0001,1295,0708900011295,2801,3.4474681309497557
07,089,0001,1308,0708900011308,1439,3.1583624920952498
07,089,0001,1312,0708900011312,4772,3.678791434366244
07,089,0001,1327,0708900011327,1762,3.246252312299322
07,089,0001,1331,0708900011331,1227,3.089198366805149
07,089,0001,1346,0708900011346,1538,3.187238619831479
07,089,0001,1350,0708900011350,10,1.0413926851582251
07,089,0001,1365,0708900011365,156,2.1958996524092336
07,089,0001,137A,070890001137A,210,2.3242824552976926
07,089,0001,1384,0708900011384,166,2.2227164711475833
07,089,0001,1399,0708900011399,53,1.7323937598229686
07,089,0001,1401,0708900011401,3533,3.5482665451707454
07,089,0001,1416,0708900011416,404,2.6074550232146687
07,089,0001,1420,0708900011420,306,2.4871383754771865
07,089,0001,1435,0708900011435,505,2.7041505168397992
07,089,0001,144A,070890001144A,578,2.762678563727436
07,089,0001,1473,0708900011473,347,2.5415792439465807
07,089,0001,1505,0708900011505,5791,3.7628285531890904
07,089,0001,151A,070890001151A,5748,3.759592308645975
07,089,0001,1524,0708900011524,596,2.775974331129369
07,089,0001,1539,0708900011539,2895,3.461798557525109
07,089,0001,1543,0708900011543,1331,3.1245042248342823
07,089,0001,1558,0708900011558,2251,3.3525683861793087
07,089,0001,1562,0708900011562,2535,3.404149249209695
07,089,0001,1577,0708900011577,1447,3.1607685618611283
07,089,0001,1581,0708900011581,2522,3.4019172505175748
07,089,0001,1596,0708900011596,95,1.9822712330395684
07,089,0001,1609,0708900011609,92,1.968482948553935
07,089,0001,1613,0708900011613,124,2.0969100130080562
07,089,0001,1628,0708900011628,603,2.7810369386211318
07,089,0001,1632,0708900011632,941,2.9740509027928774
07,089,0001,1647,0708900011647,364,2.5622928644564746
07,089,0001,1651,0708900011651,52,1.724275869600789
07,089,0001,1666,0708900011666,21,1.3424226808222062
07,089,0001,169A,070890001169A,2592,3.4138025167693513
07,089,0001,1702,0708900011702,1710,3.2332500095411003
07,089,0001,1717,0708900011717,720,2.857935264719429
07,089,0001,1721,0708900011721,172,2.2380461031287955
07,089,0001,1736,0708900011736,428,2.6324572921847245
07,089,0001,1740,0708900011740,181,2.2600713879850747
07,089,0001,1755,0708900011755,208,2.3201462861110542
07,089,0001,176A,070890001176A,56,1.7558748556724915
07,089,0001,1774,0708900011774,190,2.2810333672477277
07,089,0001,1789,0708900011789,1226,3.088844562727004
07,089,0001,1793,0708900011793,967,2.9858753573083936
07,089,0001,1806,0708900011806,73,1.8692317197309762
07,089,0001,1810,0708900011810,266,2.4265112613645754
07,089,0001,1825,0708900011825,318,2.503790683057181
07,089,0001,183A,070890001183A,682,2.8344207036815328
07,089,0001,1844,0708900011844,330,2.519827993775719
07,089,0001,1859,0708900011859,268,2.429752280002408
07,089,0001,1863,0708900011863,496,2.696356388733332
07,089,0001,1878,0708900011878,82,1.919078092376074
07,089,0001,1882,0708900011882,374,2.574031267727719
07,089,0001,1897,0708900011897,144,2.161368002234975
07,089,0001,190A,070890001190A,275,2.4409090820652177
07,089,0001,1914,0708900011914,18,1.2787536009528289
07,089,0001,1929,0708900011929,47,1.6812412373755872
07,089,0001,1933,0708900011933,1173,3.0696680969115957
07,089,0001,1948,0708900011948,26,1.4313637641589874
07,089,0001,1952,0708900011952,26,1.4313637641589874
07,089,0001,1967,0708900011967,295,2.4712917110589387
07,089,0001,1986,0708900011986,10,1.0413926851582251
07,089,0001,2024,0708900012024,99,2.0
07,089,0001,2039,0708900012039,56,1.7558748556724915
07,089,0001,2043,0708900012043,365,2.5634810853944106
07,089,0001,2058,0708900012058,131,2.12057393120585
07,089,0001,2062,0708900012062,359,2.5563025007672873
07,089,0001,2077,0708900012077,7,0.9030899869919435
07,089,0001,2081,0708900012081,435,2.639486489268586
07,089,0001,2151,0708900012151,1670,3.2229764498933915
07,089,0001,2166,0708900012166,181,2.2600713879850747
07,089,0001,2170,0708900012170,1215,3.084933574936716
07,089,0001,2185,0708900012185,188,2.2764618041732443
07,089,0001,219A,070890001219A,168,2.2278867046136734
07,089,0001,2202,0708900012202,71,1.8573324964312685
07,089,0001,2217,0708900012217,99,2.0
07,089,0001,2221,0708900012221,239,2.380211241711606
07,089,0001,2236,0708900012236,32,1.5185139398778875
07,089,0001,2240,0708900012240,165,2.220108088040055
07,089,0001,2255,0708900012255,287,2.459392487759231
07,089,0001,226A,070890001226A,178,2.2528530309798933
07,089,0001,2293,0708900012293,36,1.568201724066995
07,089,0001,2306,0708900012306,318,2.503790683057181
07,089,0046,0422,0708900460422,1293,3.1119342763326814
07,089,0046,0437,0708900460437,1958,3.2920344359947364
07,089,0046,0704,0708900460704,1019,3.0086001717619175
07,089,0046,0719,0708900460719,1328,3.123524980942732
07,089,0046,0723,0708900460723,920,2.964259630196849
07,089,0046,1454,0708900461454,52,1.724275869600789
07,089,0046,1469,0708900461469,240,2.3820170425748683
07,089,0046,2096,0708900462096,58,1.7708520116421442
07,089,0057,1488,0708900571488,1400,3.1464381352857744
07,089,0057,1492,0708900571492,1309,3.1172712956557644
07,089,0057,1990,0708900571990,32,1.5185139398778875
07,089,0057,2005,0708900572005,39,1.6020599913279623
07,089,0057,201A,070890057201A,194,2.290034611362518
07,089,0148,0314,0708901480314,1471,3.16790781000148
07,089,0148,0403,0708901480403,1779,3.250420002308894
07,089,0148,0418,0708901480418,2585,3.4126285205443754
07,089,0148,1204,0708901481204,649,2.8129133566428557
07,089,0148,1670,0708901481670,1577,3.1981069988734014
07,089,0148,1685,0708901481685,1541,3.188084373714938
07,089,0150,2132,0708901502132,2235,3.3494717992143856
07,089,0150,2147,0708901502147,2261,3.3544926005894364
07,089,0150,2274,0708901502274,49,1.6989700043360187
07,089,0150,2289,0708901502289,31,1.505149978319906
07,089,0749,0259,0708907490259,2633,3.420615770625765
07,089,0991,2109,0708909912109,3370,3.5277587525209717
07,089,0991,2113,0708909912113,3388,3.530071568837378
07,089,1025,2128,0708910252128,3240,3.51067903103221
07,090,0001,0029,0709000010029,1785,3.2518814545525276
07,090,0001,0033,0709000010033,487,2.6884198220027105
07,091,0001,0030,0709100010030,1778,3.250175948083925
07,091,0001,0045,0709100010045,1873,3.2727695865517594
07,091,0001,005A,070910001005A,2335,3.3684728384403617
07,091,0001,0064,0709100010064,2323,3.366236123718293
07,091,0001,0079,0709100010079,105,2.0253058652647704
07,091,0001,0083,0709100010083,7,0.9030899869919435
07,092,0001,0184,0709200010184,1505,3.177824971864682
07,092,0001,0199,0709200010199,2021,3.3057811512549824
07,092,0001,0216,0709200010216,1035,3.0153597554092144
07,092,0001,0305,0709200010305,93,1.9731278535996986
07,092,0001,031A,070920001031A,38,1.591064607026499
07,092,0001,0324,0709200010324,35,1.5563025007672873
07,092,0001,0343,0709200010343,150,2.1789769472931693
07,092,0001,0358,0709200010358,73,1.8692317197309762
07,093,0001,004A,070930001004A,471,2.673941998634088
07,093,0001,0054,0709300010054,2140,3.3306166672944384
07,093,0027,0035,0709300270035,2962,3.471731651480051
07,093,0028,0016,0709300280016,2891,3.461198288622493
07,094,0001,009A,070940001009A,4402,3.6437486854595256
07,094,0001,0102,0709400010102,1993,3.2997251539756367
07,094,0001,0117,0709400010117,3985,3.600537294364469
07,094,0001,0121,0709400010121,2648,3.423081958297231
07,094,0001,0136,0709400010136,3907,3.5919545550467356
07,094,0001,0140,0709400010140,2186,3.339848783037637
07,094,0001,0155,0709400010155,348,2.5428254269591797
07,094,0001,016A,070940001016A,0,0.0
07,094,0001,0174,0709400010174,96,1.9867717342662448
07,094,0001,0189,0709400010189,134,2.130333768495006
07,094,0001,0193,0709400010193,129,2.113943352306837
07,094,0001,0206,0709400010206,216,2.3364597338485296
07,094,0016,0047,0709400160047,2787,3.4452927694259716
07,094,0062,0210,0709400620210,1646,3.2166935991697545
07,094,0062,0225,0709400620225,1159,3.0644579892269186
07,096,0001,0018,0709600010018,4885,3.688953462637418
07,096,0001,0145,0709600010145,2690,3.4299136977637543
07,096,0001,015A,070960001015A,1862,3.2702128548962426
07,096,0001,0304,0709600010304,84,1.9294189257142926
07,096,0001,0319,0709600010319,88,1.9493900066449128
07,096,0023,008A,070960023008A,2716,3.4340896384178907
07,096,0040,0234,0709600400234,1626,3.2113875529368587
07,096,0040,0249,0709600400249,1582,3.199480914862356
07,096,0040,0253,0709600400253,33,1.5314789170422551
07,096,0040,0287,0709600400287,4,0.6989700043360189
07,096,0048,0198,0709600480198,2086,3.3195224490654542
07,096,0048,0200,0709600480200,2400,3.3803921600570273
07,096,0048,0215,0709600480215,114,2.060697840353612
07,096,0048,0272,0709600480272,81,1.9138138523837167
07,096,0055,0111,0709600550111,3270,3.5146805441249818
07,096,0055,0126,0709600550126,2158,3.334252642334231
07,096,0055,0179,0709600550179,883,2.946452265013073
07,096,0055,0183,0709600550183,719,2.8573324964312685
07,096,0055,022A,070960055022A,312,2.4955443375464483
07,096,0055,0268,0709600550268,55,1.7481880270062005
07,096,0055,0291,0709600550291,20,1.3222192947339193
07,097,0001,0246,0709700010246,784,2.8948696567452528
07,097,0001,027A,070970001027A,2069,3.315970345456918
07,097,0001,0284,0709700010284,4684,3.670709595223797
07,097,0001,0299,0709700010299,1107,3.044539760392411
07,097,0001,0301,0709700010301,2004,3.302114376956201
07,097,0001,0316,0709700010316,801,2.9041743682841634
07,097,0001,0320,0709700010320,2632,3.4204508591060683
07,097,0001,0335,0709700010335,3312,3.52022143588196
07,097,0001,034A,070970001034A,1764,3.2467447097238415
07,097,0001,0354,0709700010354,2640,3.421768401206924
07,097,0001,0388,0709700010388,1535,3.186391215695493
07,097,0001,0392,0709700010392,1275,3.1058506743851435
07,097,0001,0405,0709700010405,1955,3.291368850451583
07,097,0001,0513,0709700010513,3444,3.5371892262436444
07,097,0001,0528,0709700010528,3627,3.5596672783880576
07,097,0001,0570,0709700010570,745,2.8727388274726686
07,097,0001,0585,0709700010585,473,2.6757783416740852
07,097,0001,059A,070970001059A,332,2.5224442335063197
07,097,0001,0602,0709700010602,956,2.9809119377768436
07,097,0001,0617,0709700010617,1336,3.1261314072619846
07,097,0001,0640,0709700010640,57,1.7634279935629373
07,097,0001,0655,0709700010655,129,2.113943352306837
07,097,0001,0674,0709700010674,218,2.3404441148401185
07,097,0001,0689,0709700010689,97,1.9912260756924949
07,097,0001,0693,0709700010693,62,1.7993405494535817
07,097,0001,0706,0709700010706,43,1.6434526764861874
07,097,0001,0710,0709700010710,6,0.8450980400142568
07,097,0006,0551,0709700060551,1582,3.199480914862356
07,097,0006,0566,0709700060566,1721,3.236033147117636
07,097,0017,0369,0709700170369,1513,3.180125875164054
07,097,0017,0373,0709700170373,1824,3.2612628687924934
07,097,0017,041A,070970017041A,418,2.622214022966295
07,097,0017,0424,0709700170424,425,2.629409599102719
07,097,0040,0439,0709700400439,1651,3.218010042984363
07,097,0040,0443,0709700400443,1963,3.2931414834509307
07,097,0040,0621,0709700400621,1478,3.1699681739968923
07,097,0040,0636,0709700400636,1596,3.203304916138483
07,097,0040,066A,070970040066A,99,2.0
07,098,0001,0031,0709800010031,1952,3.2907022432878543
07,098,0001,0046,0709800010046,959,2.9822712330395684
07,098,0001,0050,0709800010050,1131,3.0538464268522527
07,098,0001,0065,0709800010065,117,2.0718820073061255
07,098,0001,007A,070980001007A,261,2.4183012913197452
07,098,0001,0084,0709800010084,89,1.954242509439325
07,098,0001,0099,0709800010099,91,1.9637878273455553
07,099,0001,019A,070990001019A,2787,3.4452927694259716
07,099,0001,0202,0709900010202,808,2.9079485216122722
07,099,0001,0255,0709900010255,1396,3.1451964061141817
07,099,0001,026A,070990001026A,749,2.8750612633917
07,099,0001,033A,070990001033A,861,2.9355072658247128
07,099,0001,0344,0709900010344,690,2.8394780473741985
07,099,0001,0359,0709900010359,1791,3.2533380053261065
07,099,0001,0363,0709900010363,1144,3.0588054866759067
07,099,0001,0378,0709900010378,496,2.696356388733332
07,099,0001,0382,0709900010382,0,0.0
07,099,0001,0397,0709900010397,26,1.4313637641589874
07,099,0001,040A,070990001040A,74,1.8750612633917
07,099,0001,0414,0709900010414,12,1.1139433523068367
07,099,0001,0429,0709900010429,17,1.255272505103306
07,099,0001,0433,0709900010433,204,2.311753861055754
07,099,0073,0471,0709900730471,1562,3.193958978019187
07,099,0073,0486,0709900730486,955,2.9804578922761
07,099,0073,0503,0709900730503,70,1.8512583487190752
07,099,0073,0518,0709900730518,39,1.6020599913279623
07,099,0073,0522,0709900730522,33,1.5314789170422551
07,099,0073,0537,0709900730537,10,1.0413926851582251
07,099,0114,0293,0709901140293,1057,3.024485667699167
07,099,0114,0306,0709901140306,1431,3.1559430179718366
07,099,0114,0310,0709901140310,982,2.9925535178321354
07,099,0114,0325,0709901140325,975,2.9894498176666917
07,099,0114,0490,0709901140490,13,1.146128035678238
07,099,0136,0448,0709901360448,971,2.9876662649262746
07,099,0136,0452,0709901360452,805,2.906335041805091
07,099,0136,0467,0709901360467,936,2.971739590887778
07,099,0136,0541,0709901360541,7,0.9030899869919435
07,099,0136,0556,0709901360556,23,1.380211241711606
07,099,0136,0560,0709901360560,55,1.7481880270062005
07,099,0172,0575,0709901720575,1126,3.0519239160461065
07,099,0172,058A,070990172058A,1101,3.042181594515766
07,099,0172,0594,0709901720594,597,2.776701183988411
07,100,0001,0050,0710000010050,1227,3.089198366805149
07,100,0001,007A,071000001007A,1230,3.090258052931316
07,100,0001,0084,0710000010084,1539,3.187520720836463
07,100,0022,0099,0710000220099,2932,3.467312062980552
07,100,0028,0031,0710000280031,4034,3.6058435390580894
07,101,0001,001A,071010001001A,202,2.307496037913213
07,101,0001,0363,0710100010363,2146,3.331832044436249
07,101,0001,0433,0710100010433,2076,3.317436496535099
07,101,0001,0518,0710100010518,3340,3.523876475638131
07,101,0001,0522,0710100010522,2361,3.373279893277496
07,101,0001,0537,0710100010537,1135,3.055378331375
07,101,0001,0541,0710100010541,1062,3.0265332645232967
07,101,0001,0556,0710100010556,1985,3.2979792441593623
07,101,0001,0560,0710100010560,1260,3.1007150865730817
07,101,0001,0575,0710100010575,3055,3.485153349903652
07,101,0001,058A,071010001058A,2825,3.45117215751254
07,101,0001,0594,0710100010594,2978,3.4740705032150436
07,101,0001,0607,0710100010607,2279,3.357934847000454
07,101,0001,0611,0710100010611,3853,3.5859117103194342
07,101,0001,0626,0710100010626,3456,3.5386993795424067
07,101,0001,0630,0710100010630,4491,3.6524397475894204
07,101,0001,0645,0710100010645,3395,3.530967681571915
07,101,0001,065A,071010001065A,1264,3.1020905255118367
07,101,0001,0664,0710100010664,3223,3.508395033133053
07,101,0001,0679,0710100010679,2680,3.4282968139828798
07,101,0001,0698,0710100010698,4167,3.619927710291468
07,101,0001,0700,0710100010700,3096,3.490941205356787
07,101,0001,0715,0710100010715,2358,3.3727279408855955
07,101,0001,072A,071010001072A,3043,3.4834446480985353
07,101,0001,0734,0710100010734,1557,3.1925674533365456
07,101,0001,0749,0710100010749,2729,3.436162647040756
07,101,0001,0753,0710100010753,1994,3.299942900022767
07,101,0001,0768,0710100010768,2135,3.3296012483565187
07,101,0001,0787,0710100010787,2514,3.400537989391946
07,101,0001,0791,0710100010791,2584,3.412460547429961
07,101,0001,0804,0710100010804,2191,3.3408405498123317
07,101,0001,0819,0710100010819,2038,3.30941722577814
07,101,0001,0823,0710100010823,2556,3.4077307280263356
07,101,0001,0838,0710100010838,1879,3.27415784926368
07,101,0001,0857,0710100010857,2334,3.368286884902131
07,101,0001,0861,0710100010861,2466,3.392169149489736
07,101,0001,0876,0710100010876,3263,3.5137501500818233
07,101,0001,0880,0710100010880,2466,3.392169149489736
07,101,0001,0895,0710100010895,2413,3.3827372657613304
07,101,0001,0908,0710100010908,2339,3.369215857410143
07,101,0001,0912,0710100010912,1047,3.0203612826477078
07,101,0001,0927,0710100010927,1831,3.2629254693318317
07,101,0001,0931,0710100010931,1781,3.250907699700856
07,101,0001,0946,0710100010946,1886,3.2757719001649312
07,101,0001,0950,0710100010950,2241,3.3506356082589543
07,101,0001,0965,0710100010965,759,2.8808135922807914
07,101,0001,097A,071010001097A,1668,3.222456336679247
07,101,0001,0984,0710100010984,1781,3.250907699700856
07,101,0001,0999,0710100010999,2406,3.38147609027503
07,101,0001,1003,0710100011003,2293,3.360593413565249
07,101,0001,1022,0710100011022,3777,3.577261953585815
07,101,0001,1037,0710100011037,2405,3.381295623003826
07,101,0001,1041,0710100011041,2431,3.385963570600697
07,101,0001,1056,0710100011056,3349,3.525044807036845
07,101,0001,1060,0710100011060,3625,3.5594277997594896
07,101,0001,1075,0710100011075,2651,3.4235735197327357
07,101,0001,108A,071010001108A,2044,3.3106933123433606
07,101,0001,1094,0710100011094,2229,3.3483048630481607
07,101,0001,1107,0710100011107,2845,3.4542348957482654
07,101,0001,1111,0710100011111,4165,3.619719265611727
07,101,0001,1130,0710100011130,3965,3.598352709869284
07,101,0001,1145,0710100011145,4090,3.6118294794983736
07,101,0001,1164,0710100011164,2591,3.413634997198556
07,101,0001,1179,0710100011179,3852,3.5857990090130007
07,101,0001,1183,0710100011183,841,2.9253120914996495
07,101,0001,1198,0710100011198,1446,3.1604685311190375
07,101,0001,1215,0710100011215,2245,3.351409751925439
07,101,0001,1234,0710100011234,1522,3.1826999033360424
07,101,0001,1249,0710100011249,1452,3.1622656142980214
07,101,0001,1253,0710100011253,1187,3.074816440645175
07,101,0001,1268,0710100011268,1581,3.1992064791616577
07,101,0001,1272,0710100011272,1865,3.2709116394104814
07,101,0001,1287,0710100011287,6157,3.789439684567179
07,101,0001,1291,0710100011291,6662,3.8236698132681366
07,101,0001,1319,0710100011319,5308,3.725012725341157
07,101,0001,1323,0710100011323,4488,3.652149605401653
07,101,0001,1338,0710100011338,5237,3.7191654940892134
07,101,0001,1357,0710100011357,1728,3.2377949932739227
07,101,0001,1361,0710100011361,2255,3.3533390953113047
07,101,0001,1380,0710100011380,3320,3.5212688755983854
07,101,0001,1408,0710100011408,4960,3.6955692270361857
07,101,0001,1427,0710100011427,4037,3.6061663146076204
07,101,0001,1431,0710100011431,4824,3.6834973176798114
07,101,0001,1450,0710100011450,4076,3.6103407114521566
07,101,0001,1465,0710100011465,3882,3.5891673905460477
07,101,0001,147A,071010001147A,3417,3.533772058384718
07,101,0001,1484,0710100011484,2854,3.455606112581867
07,101,0001,1499,0710100011499,4491,3.6524397475894204
07,101,0001,1501,0710100011501,2779,3.444044795918076
07,101,0001,1588,0710100011588,3340,3.523876475638131
07,101,0001,1681,0710100011681,2099,3.322219294733919
07,101,0001,1696,0710100011696,2222,3.3469394626989906
07,101,0001,1709,0710100011709,1426,3.154423973114647
07,101,0001,1713,0710100011713,3304,3.519171463821659
07,101,0001,1728,0710100011728,2038,3.30941722577814
07,101,0001,1732,0710100011732,2387,3.3780343224573315
07,101,0001,1747,0710100011747,1358,3.1332194567324945
07,101,0001,1751,0710100011751,1676,3.2245330626060857
07,101,0001,1766,0710100011766,1766,3.247236549506764
07,101,0001,1770,0710100011770,2359,3.3729120029701067
07,101,0001,1785,0710100011785,4122,3.6152133348013584
07,101,0001,179A,071010001179A,1006,3.003029470553618
07,101,0001,1802,0710100011802,2428,3.3854275148051305
07,101,0001,1817,0710100011817,3099,3.4913616938342726
07,101,0001,1821,0710100011821,1996,3.3003780648707024
07,101,0001,1836,0710100011836,1904,3.279894980011638
07,101,0001,1840,0710100011840,3512,3.5456781497920256
07,101,0001,1855,0710100011855,1948,3.2898118391176214
07,101,0001,186A,071010001186A,2462,3.3914644118391033
07,101,0001,1874,0710100011874,2036,3.3089910290001643
07,101,0001,1889,0710100011889,3542,3.549371152333177
07,101,0001,1893,0710100011893,3044,3.4835872969688944
07,101,0001,1906,0710100011906,3355,3.5258219521566625
07,101,0001,1910,0710100011910,2948,3.469674772551798
07,101,0001,1925,0710100011925,2272,3.356599435724971
07,101,0001,193A,071010001193A,5258,3.7209031708134575
07,101,0001,1959,0710100011959,3547,3.5499836111596887
07,101,0001,1978,0710100011978,6475,3.811306840081336
07,101,0001,1982,0710100011982,6255,3.7962967400517917
07,101,0001,2016,0710100012016,2170,3.3366598234544202
07,101,0001,2020,0710100012020,2333,3.3681008517093516
07,101,0001,2035,0710100012035,3178,3.5022905279147727
07,101,0001,204A,071010001204A,2404,3.3811150807098507
07,101,0001,211A,071010001211A,2655,3.42422807069598
07,101,0001,2139,0710100012139,2646,3.422753941301348
07,101,0001,2143,0710100012143,1795,3.2543063323312857
07,101,0001,2158,0710100012158,2089,3.3201462861110542
07,101,0001,2177,0710100012177,3483,3.5420781463356255
07,101,0001,2181,0710100012181,4225,3.6259294927162946
07,101,0001,2196,0710100012196,2766,3.442009159140952
07,101,0001,2209,0710100012209,2852,3.4553017716570764
07,101,0001,2213,0710100012213,2981,3.474507639116976
07,101,0001,2228,0710100012228,1701,3.230959555748569
07,101,0001,2232,0710100012232,1627,3.2116544005531824
07,101,0001,2251,0710100012251,960,2.9827233876685453
07,101,0001,2266,0710100012266,5379,3.7307822756663893
07,101,0001,2285,0710100012285,2103,3.3230457354817013
07,101,0001,229A,071010001229A,5166,3.7132384615456617
07,101,0001,2317,0710100012317,1740,3.240798771117331
07,101,0001,2321,0710100012321,3205,3.505963518018126
07,101,0001,2336,0710100012336,4935,3.6933751510251853
07,101,0001,2389,0710100012389,2651,3.4235735197327357
07,101,0001,2425,0710100012425,4153,3.6184664921990803
07,101,0001,243A,071010001243A,6720,3.8274338954007794
07,101,0001,2444,0710100012444,3394,3.5308397786165204
07,101,0001,2459,0710100012459,5925,3.772761647144032
07,101,0001,2463,0710100012463,2868,3.4577305482459986
07,101,0001,2478,0710100012478,1656,3.219322508419337
07,101,0001,2482,0710100012482,4866,3.687261346243506
07,101,0001,250A,071010001250A,5454,3.7367947549243605
07,101,0001,2514,0710100012514,4999,3.6989700043360187
07,101,0001,2529,0710100012529,2217,3.3459615418131414
07,101,0001,2533,0710100012533,1486,3.172310968521954
07,101,0001,2548,0710100012548,20424,4.310162065204453
07,101,0001,2552,0710100012552,4548,3.657915936829955
07,101,0001,2586,0710100012586,826,2.9175055095525466
07,101,0001,2590,0710100012590,3862,3.5869247081448203
07,101,0001,2618,0710100012618,2763,3.441538038702161
07,101,0001,2622,0710100012622,8173,3.912434633375575
07,101,0001,2637,0710100012637,544,2.7363965022766426
07,101,0001,2641,0710100012641,149,2.1760912590556813
07,101,0001,2675,0710100012675,1615,3.208441356438567
07,101,0001,268A,071010001268A,986,2.9943171526696366
07,101,0001,2694,0710100012694,2656,3.4243915544102776
07,101,0001,2707,0710100012707,2611,3.4169731726030363
07,101,0001,2711,0710100012711,2909,3.4638929889859074
07,101,0001,2726,0710100012726,1708,3.232742062720737
07,101,0001,2730,0710100012730,2439,3.387389826338729
07,101,0001,2745,0710100012745,3265,3.5140161804006493
07,101,0001,275A,071010001275A,2622,3.4187982905903533
07,101,0001,2764,0710100012764,24531,4.389732956015456
07,101,0001,2779,0710100012779,3327,3.5221833176186865
07,101,0001,2783,0710100012783,3661,3.5637183399656776
07,101,0001,2798,0710100012798,2763,3.441538038702161
07,101,0001,2800,0710100012800,5138,3.710878617685173
07,101,0001,2815,0710100012815,5630,3.7505855273410087
07,101,0001,282A,071010001282A,4500,3.653309012938479
07,101,0001,2834,0710100012834,10416,4.017742664161498
07,101,0001,2849,0710100012849,5792,3.762903528499057
07,101,0001,2853,0710100012853,2181,3.338854746252323
07,101,0001,2868,0710100012868,1528,3.1844074854123203
07,101,0001,2872,0710100012872,926,2.967079734144497
07,101,0001,2887,0710100012887,331,2.5211380837040362
07,101,0001,2904,0710100012904,1517,3.1812717715594614
07,101,0001,2919,0710100012919,277,2.444044795918076
07,101,0001,2923,0710100012923,823,2.9159272116971158
07,101,0001,2938,0710100012938,123,2.093421685162235
07,101,0001,2942,0710100012942,311,2.494154594018443
07,101,0001,2957,0710100012957,133,2.1271047983648077
07,101,0001,2961,0710100012961,47,1.6812412373755872
07,101,0001,2976,0710100012976,139,2.146128035678238
07,101,0001,2980,0710100012980,367,2.5658478186735176
07,101,0001,2995,0710100012995,172,2.2380461031287955
07,101,0001,300A,071010001300A,12,1.1139433523068367
07,101,0001,3014,0710100013014,21,1.3424226808222062
07,101,0001,3029,0710100013029,107,2.03342375548695
07,101,0001,3033,0710100013033,33,1.5314789170422551
07,101,0001,3048,0710100013048,342,2.5352941200427703
07,101,0001,3052,0710100013052,141,2.1522883443830563
07,101,0001,3067,0710100013067,470,2.673020907128896
07,101,0001,3071,0710100013071,27,1.4471580313422192
07,101,0001,3086,0710100013086,312,2.4955443375464483
07,101,0001,3090,0710100013090,16,1.2304489213782739
07,101,0001,3103,0710100013103,45,1.662757831681574
07,101,0001,3137,0710100013137,237,2.376576957056512
07,101,0001,3141,0710100013141,54,1.7403626894942439
07,101,0001,3156,0710100013156,912,2.960470777534299
07,101,0001,3160,0710100013160,674,2.829303772831025
07,101,0001,3175,0710100013175,802,2.904715545278681
07,101,0001,318A,071010001318A,0,0.0
07,101,0001,3194,0710100013194,13,1.146128035678238
07,101,0001,3207,0710100013207,123,2.093421685162235
07,101,0001,3211,0710100013211,11,1.0791812460476249
07,101,0001,3226,0710100013226,49,1.6989700043360187
07,101,0001,3230,0710100013230,156,2.1958996524092336
07,101,0001,3245,0710100013245,60,1.7853298350107671
07,101,0037,1639,0710100371639,2138,3.330210784571528
07,101,0037,1658,0710100371658,1542,3.188365926063148
07,101,0037,2340,0710100372340,1594,3.2027606873931997
07,101,0037,2355,0710100372355,1351,3.130976691605617
07,101,0037,236A,071010037236A,1520,3.182129214052998
07,101,0037,2374,0710100372374,1692,3.2286569581089353
07,101,0037,3122,0710100373122,31,1.505149978319906
07,101,0045,2656,0710100452656,2542,3.405346360175709
07,101,0045,2660,0710100452660,2584,3.412460547429961
07,101,0045,2891,0710100452891,566,2.7535830588929064
07,101,0045,3118,0710100453118,106,2.0293837776852097
07,102,0001,0040,0710200010040,1798,3.2550311633455515
07,102,0001,0055,0710200010055,3742,3.5732198271144218
07,102,0001,0074,0710200010074,2122,3.326949994165999
07,102,0008,0021,0710200080021,2656,3.4243915544102776
07,102,0012,0036,0710200120036,3408,3.532627001228891
07,102,0013,0036,0710200130036,2813,3.449324093098727
07,103,0001,0033,0710300010033,795,2.900913067737669
07,103,0001,0048,0710300010048,1748,3.2427898094786767
07,103,0001,0052,0710300010052,993,2.997386384397313
07,103,0036,0067,0710300360067,2570,3.4101020766428607
07,104,0001,0083,0710400010083,1211,3.0835026198302673
07,104,0001,0098,0710400010098,901,2.9552065375419416
07,104,0001,0100,0710400010100,993,2.997386384397313
07,104,0001,0115,0710400010115,2428,3.3854275148051305
07,104,0001,012A,071040001012A,740,2.869818207979328
07,104,0001,0134,0710400010134,18,1.2787536009528289
07,104,0001,0149,0710400010149,6,0.8450980400142568
07,104,0001,0153,0710400010153,44,1.6532125137753437
07,104,0001,0168,0710400010168,43,1.6434526764861874
07,104,0001,0172,0710400010172,53,1.7323937598229686
07,104,0001,0219,0710400010219,4,0.6989700043360189
07,104,0015,0187,0710400150187,954,2.9800033715837464
07,104,0015,0191,0710400150191,1131,3.0538464268522527
07,104,0015,0204,0710400150204,886,2.9479236198317262
07,105,0001,0038,0710500010038,1196,3.0780941504064105
07,105,0001,0042,0710500010042,638,2.8055008581584002
07,105,0001,0095,0710500010095,1153,3.0622058088197126
07,105,0024,0057,0710500240057,1008,3.0038911662369103
07,105,0024,0061,0710500240061,935,2.971275848738105
07,105,0024,0076,0710500240076,915,2.9618954736678504
07,105,0024,0108,0710500240108,753,2.877371345869774
07,105,0024,0112,0710500240112,723,2.859738566197147
07,106,0001,0016,0710600010016,1527,3.184123354239671
07,106,0001,0020,0710600010020,257,2.41161970596323
07,106,0001,0035,0710600010035,442,2.6464037262230695
07,106,0001,004A,071060001004A,1188,3.0751818546186915
07,106,0001,0054,0710600010054,851,2.9304395947667
07,106,0001,0209,0710600010209,1218,3.0860037056183818
07,106,0001,0247,0710600010247,2011,3.30362797638389
07,106,0001,0251,0710600010251,784,2.8948696567452528
07,106,0001,0266,0710600010266,2601,3.4153072922255676
07,106,0001,0270,0710600010270,1629,3.2121876044039577
07,106,0001,0285,0710600010285,684,2.8356905714924254
07,106,0001,029A,071060001029A,896,2.952792443044092
07,106,0001,0336,0710600010336,1618,3.2092468487533736
07,106,0001,0533,0710600010533,114,2.060697840353612
07,106,0001,0548,0710600010548,13,1.146128035678238
07,106,0001,0552,0710600010552,45,1.662757831681574
07,106,0001,0660,0710600010660,79,1.9030899869919435
07,106,0001,0675,0710600010675,161,2.2095150145426308
07,106,0001,0694,0710600010694,26,1.4313637641589874
07,106,0004,0586,0710600040586,2031,3.307923703611882
07,106,0004,0590,0710600040590,2424,3.3847117429382823
07,106,0004,0641,0710600040641,0,0.0
07,106,0004,0656,0710600040656,12,1.1139433523068367
07,106,0040,0459,0710600400459,768,2.885926339801431
07,106,0040,0463,0710600400463,830,2.919601023784111
07,106,0040,0478,0710600400478,1107,3.044539760392411
07,106,0040,0482,0710600400482,864,2.9370161074648142
07,106,0109,0497,0710601090497,1928,3.2853322276438846
07,106,0109,050A,071060109050A,1507,3.178401341533755
07,106,0109,0514,0710601090514,2522,3.4019172505175748
07,106,0109,0529,0710601090529,1874,3.2730012720637376
07,106,0109,0567,0710601090567,30,1.4913616938342726
07,106,0109,0603,0710601090603,84,1.9294189257142926
07,106,0109,0618,0710601090618,16,1.2304489213782739
07,106,0109,068A,071060109068A,12,1.1139433523068367
07,106,0151,0228,0710601510228,2143,3.3312247810207323
07,106,0151,0355,0710601510355,777,2.890979596989689
07,106,0151,0374,0710601510374,811,2.9095560292411755
07,106,0151,0622,0710601510622,35,1.5563025007672873
07,106,0151,0637,0710601510637,0,0.0
07,106,0170,0410,0710601700410,1643,3.215901813204032
07,106,0170,0425,0710601700425,1667,3.22219604630172
07,106,0175,0707,0710601750707,1693,3.228913405994688
07,106,0175,0711,0710601750711,858,2.9339931638312424
07,107,0001,0297,0710700010297,1120,3.049605612594973
07,107,0001,030A,071070001030A,1636,3.2140486794119414
07,107,0001,0437,0710700010437,2253,3.3529539117100877
07,107,0001,0441,0710700010441,1418,3.151982395457474
07,107,0001,0456,0710700010456,2718,3.4344092075875
07,107,0001,0460,0710700010460,2407,3.381656482585787
07,107,0001,0719,0710700010719,4,0.6989700043360189
07,107,0034,0314,0710700340314,840,2.924795995797912
07,107,0034,0390,0710700340390,3472,3.5407047833107623
07,107,0034,0403,0710700340403,3217,3.5075860397630105
07,107,0034,0494,0710700340494,2242,3.350829273582968
07,107,0034,0776,0710700340776,151,2.1818435879447726
07,107,0183,0831,0710701830831,1311,3.1179338350396413
07,107,0183,0846,0710701830846,1225,3.0884904701823963
07,107,0200,0329,0710702000329,1649,3.2174839442139063
07,107,0200,0333,0710702000333,462,2.6655809910179533
07,107,0200,0418,0710702000418,2856,3.455910240382743
07,107,0200,0422,0710702000422,3066,3.4867137759824853
07,107,0200,0615,0710702000615,527,2.722633922533812
07,107,0200,0738,0710702000738,70,1.8512583487190752
07,107,0200,0812,0710702000812,40,1.6127838567197355
07,107,0200,0827,0710702000827,0,0.0
07,107,0298,0649,0710702980649,1557,3.1925674533365456
07,107,0298,0653,0710702980653,1064,3.0273496077747564
07,107,0298,0668,0710702980668,998,2.9995654882259823
07,107,0298,0780,0710702980780,18,1.2787536009528289
07,107,0303,0672,0710703030672,1780,3.2506639194632436
07,107,0303,0687,0710703030687,1477,3.1696744340588068
07,108,0001,0326,0710800010326,3301,3.518777068926775
07,108,0001,0330,0710800010330,3421,3.5342800052050816
07,108,0001,0345,0710800010345,1919,3.2833012287035497
07,108,0001,035A,071080001035A,1735,3.239549720840473
07,108,0001,0398,0710800010398,4342,3.6377898293622293
07,108,0001,0400,0710800010400,2546,3.406028944963615
07,108,0001,0415,0710800010415,2708,3.4328090050331683
07,108,0001,042A,071080001042A,2807,3.4483971034577676
07,108,0001,0538,0710800010538,2549,3.406540180433955
07,108,0001,0542,0710800010542,4102,3.6131015169669127
07,108,0001,0557,0710800010557,1958,3.2920344359947364
07,108,0001,0561,0710800010561,509,2.7075701760979363
07,108,0001,0576,0710800010576,1768,3.2477278329097232
07,108,0001,0580,0710800010580,1979,3.296665190261531
07,108,0001,0646,0710800010646,779,2.8920946026904804
07,108,0001,0650,0710800010650,422,2.6263403673750423
07,108,0001,0735,0710800010735,521,2.717670503002262
07,108,0001,0805,0710800010805,176,2.247973266361807
07,108,0001,081A,071080001081A,4,0.6989700043360189
07,108,0024,0364,0710800240364,1053,3.022840610876528
07,108,0024,0379,0710800240379,2027,3.3070679506612985
07,108,0024,0383,0710800240383,1052,3.0224283711854865
07,108,0024,0468,0710800240468,211,2.326335860928751
07,108,0068,0307,0710800680307,1872,3.2725377773752373
07,108,0068,0311,0710800680311,2240,3.350441856535061
07,108,0068,0453,0710800680453,500,2.699837725867246
07,108,0068,0701,0710800680701,283,2.4533183400470375
07,108,0068,0716,0710800680716,101,2.0086001717619175
07,108,0070,0665,0710800700665,1455,3.1631613749770184
07,108,0070,067A,071080070067A,1845,3.266231696689893
07,108,0070,074A,071080070074A,12,1.1139433523068367
07,108,0081,0769,0710800810769,830,2.919601023784111
07,108,0081,0773,0710800810773,1625,3.2111205412580492
07,108,0081,0788,0710800810788,882,2.9459607035775686
07,108,0081,0824,0710800810824,18,1.2787536009528289
07,108,0105,0684,0710801050684,1950,3.2902572693945182
07,108,0105,0699,0710801050699,2254,3.3531465462139796
07,108,0105,0754,0710801050754,24,1.3979400086720377
07,108,0105,0839,0710801050839,27,1.4471580313422192
07,108,0105,0843,0710801050843,25,1.414973347970818
07,108,0120,028A,071080120028A,2152,3.3330440298234874
07,108,0120,0294,0710801200294,1815,3.2591158441850663
07,108,0120,0487,0710801200487,1594,3.2027606873931997
07,108,0120,0491,0710801200491,2339,3.369215857410143
07,108,0120,0720,0710801200720,89,1.954242509439325
07,108,0120,0858,0710801200858,28,1.462397997898956
07,108,0120,0862,0710801200862,33,1.5314789170422551
07,108,0176,0612,0710801760612,1165,3.0666985504229953
07,108,0176,0627,0710801760627,1116,3.048053173115609
07,108,0176,0631,0710801760631,1159,3.0644579892269186
07,108,0334,0792,0710803340792,2742,3.4382258076045296
07,109,0001,0060,0710900010060,3249,3.5118833609788744
07,109,0001,0075,0710900010075,1293,3.1119342763326814
07,109,0001,008A,071090001008A,1891,3.276921132065774
07,109,0001,0094,0710900010094,2321,3.365862215402555
07,109,0001,0107,0710900010107,4149,3.6180480967120925
07,109,0001,0111,0710900010111,4490,3.652343055062715
07,109,0001,0126,0710900010126,590,2.7715874808812555
07,109,0001,0130,0710900010130,115,2.0644579892269186
07,109,0001,0145,0710900010145,113,2.0569048513364727
07,109,0001,015A,071090001015A,11,1.0791812460476249
07,109,0001,0164,0710900010164,157,2.1986570869544226
07,109,0001,0179,0710900010179,45,1.662757831681574
07,109,0001,0183,0710900010183,6,0.8450980400142568
07,109,0001,0198,0710900010198,81,1.9138138523837167
07,109,0001,0215,0710900010215,336,2.5276299008713385
07,109,0001,022A,071090001022A,79,1.9030899869919435
07,110,0001,0019,0711000010019,3177,3.5021538928713607
07,110,0001,0042,0711000010042,1184,3.0737183503461227
07,110,0001,0057,0711000010057,593,2.7737864449811935
07,110,0001,0061,0711000010061,44,1.6532125137753437
07,111,0001,0035,0711100010035,1517,3.1812717715594614
07,111,0001,004A,071110001004A,2692,3.4302363534115106
07,111,0001,0054,0711100010054,1366,3.1357685145678222
07,111,0009,0020,0711100090020,4520,3.655234507034294
07,111,0010,0069,0711100100069,2989,3.4756711883244296
07,111,0010,0073,0711100100073,2205,3.343605508104172
07,111,0011,0088,0711100110088,5256,3.720737977018425
07,112,0001,0013,0711200010013,8477,3.928293412232202
07,112,0005,0032,0711200050032,3322,3.521530341278711
07,113,0001,0010,0711300010010,2279,3.357934847000454
07,114,0001,0018,0711400010018,1839,3.2648178230095364
07,114,0001,0022,0711400010022,1441,3.15896526038341
07,114,0001,0037,0711400010037,1707,3.232487866352986
07,114,0001,0041,0711400010041,1266,3.1027766148834415
07,114,0001,0056,0711400010056,1658,3.219846386024361
07,114,0001,0060,0711400010060,1275,3.1058506743851435
07,114,0001,0198,0711400010198,118,2.0755469613925306
07,114,0001,0200,0711400010200,86,1.9395192526186185
07,114,0001,0215,0711400010215,4,0.6989700043360189
07,114,0001,022A,071140001022A,9,1.0
07,114,0001,0234,0711400010234,44,1.6532125137753437
07,114,0001,0249,0711400010249,14,1.1760912590556813
07,114,0001,0253,0711400010253,565,2.7528164311882715
07,115,0001,0015,0711500010015,2247,3.3517963068970236
07,115,0001,0087,0711500010087,351,2.546542663478131
07,115,0001,0091,0711500010091,16,1.2304489213782739
07,115,0001,0104,0711500010104,91,1.9637878273455553
07,116,0001,0012,0711600010012,1019,3.0086001717619175
07,116,0001,0027,0711600010027,930,2.9689496809813427
07,116,0001,0031,0711600010031,773,2.8887409606828927
07,116,0001,0135,0711600010135,47,1.6812412373755872
07,116,0001,014A,071160001014A,0,0.0
07,117,0001,001A,071170001001A,1811,3.2581581933407944
07,117,0001,0024,0711700010024,1380,3.140193678578631
07,118,0001,0017,0711800010017,3738,3.5727554651542195
07,118,0001,0036,0711800010036,131,2.12057393120585
07,119,0001,0014,0711900010014,1566,3.1950689964685903
07,120,0001,0015,0712000010015,638,2.8055008581584002
07,121,0001,0012,0712100010012,2538,3.4046627008737222
07,121,0001,0027,0712100010027,2071,3.3163897510731952
07,121,0001,0031,0712100010031,2123,3.3271545124094315
07,122,0001,001A,071220001001A,2021,3.3057811512549824
07,122,0001,0024,0712200010024,2666,3.4260230156898763
07,122,0001,0039,0712200010039,2480,3.394626764272209
07,122,0001,0043,0712200010043,2186,3.339848783037637
07,122,0001,0058,0712200010058,2178,3.3382572302462554
07,122,0001,0062,0712200010062,418,2.622214022966295
07,123,0001,0017,0712300010017,92,1.968482948553935
07,123,0001,0021,0712300010021,2589,3.413299764081252
07,123,0001,0036,0712300010036,2559,3.4082399653118496
07,124,0001,0014,0712400010014,3767,3.57611089412084
07,124,0001,0029,0712400010029,2817,3.4499409887733377
07,124,0001,0033,0712400010033,1384,3.1414497734004674
07,125,0001,0011,0712500010011,626,2.7972675408307164
