ENTIDAD,MUN,LOC,AGEB,CVEGEO,POBTOT,log_POBTOT
09,002,0001,0010,0900200010010,3183,3.5029730590656314
09,002,0001,0025,0900200010025,5593,3.7477224620355085
09,002,0001,003A,090020001003A,4235,3.6269559514354475
09,002,0001,0044,0900200010044,4768,3.6784273224338673
09,002,0001,0097,0900200010097,2176,3.3378584290410944
09,002,0001,010A,090020001010A,3346,3.5246557123577773
09,002,0001,0114,0900200010114,9866,3.994185128202317
09,002,0001,0129,0900200010129,5703,3.756179516843809
09,002,0001,0133,0900200010133,7288,3.862667950228588
09,002,0001,0148,0900200010148,2513,3.400365273349939
09,002,0001,0167,0900200010167,3049,3.484299839346786
09,002,0001,0171,0900200010171,2313,3.3643633546157306
09,002,0001,0186,0900200010186,11139,4.04688519083771
09,002,0001,0190,0900200010190,8920,3.950413539369381
09,002,0001,0203,0900200010203,5495,3.740046724051494
09,002,0001,0218,0900200010218,4162,3.619406410886777
09,002,0001,0222,0900200010222,7064,3.8491121661845775
09,002,0001,0237,0900200010237,7093,3.850891184135924
09,002,0001,0256,0900200010256,4894,3.6897526961391565
09,002,0001,0260,0900200010260,5027,3.7013952690139202
09,002,0001,0275,0900200010275,7063,3.8490506905695123
09,002,0001,028A,090020001028A,3133,3.496098992132571
09,002,0001,0294,0900200010294,6122,3.786964259435733
09,002,0001,0307,0900200010307,5718,3.7573200965466724
09,002,0001,0311,0900200010311,3817,3.581835924057648
09,002,0001,0326,0900200010326,8373,3.922932956555212
09,002,0001,0330,0900200010330,2352,3.3716219271760215
09,002,0001,0345,0900200010345,4283,3.631849462159818
09,002,0001,035A,090020001035A,6325,3.801129187579704
09,002,0001,0364,0900200010364,3407,3.5324995860946626
09,002,0001,0379,0900200010379,4525,3.65571454961871
09,002,0001,0383,0900200010383,4040,3.606488850442648
09,002,0001,0398,0900200010398,4230,3.6264430253312945
09,002,0001,0400,0900200010400,3953,3.5970366649776535
09,002,0001,0415,0900200010415,4165,3.619719265611727
09,002,0001,0434,0900200010434,2831,3.4520932490177314
09,002,0001,0449,0900200010449,2939,3.4683473304121573
09,002,0001,0468,0900200010468,4552,3.6582976503081897
09,002,0001,0472,0900200010472,6574,3.8178957571617955
09,002,0001,0487,0900200010487,4207,3.6240757311456826
09,002,0001,0491,0900200010491,6312,3.800235789327354
09,002,0001,0504,0900200010504,4754,3.6771505212734326
09,002,0001,0519,0900200010519,2409,3.3820170425748683
09,002,0001,0542,0900200010542,6915,3.839854984601885
09,002,0001,0557,0900200010557,4475,3.6508900778563125
09,002,0001,0561,0900200010561,3454,3.5384480517102173
09,002,0001,0576,0900200010576,3168,3.5009222391903005
09,002,0001,0580,0900200010580,4220,3.625415352154408
09,002,0001,0595,0900200010595,5116,3.7090154169721172
09,002,0001,0608,0900200010608,5135,3.710625015060797
09,002,0001,0612,0900200010612,4333,3.636888906983799
09,002,0001,0627,0900200010627,4912,3.691346764134822
09,002,0001,0631,0900200010631,5263,3.721315880605899
09,002,0001,0650,0900200010650,6499,3.8129133566428557
09,002,0001,0665,0900200010665,7747,3.889189612047073
09,002,0001,067A,090020001067A,6226,3.7942788657214
09,002,0001,0684,0900200010684,3991,3.6011905326153335
09,002,0001,0699,0900200010699,2696,3.4308809464528913
09,002,0001,0701,0900200010701,2400,3.3803921600570273
09,002,0001,0716,0900200010716,3775,3.5770319856260313
09,002,0001,0720,0900200010720,2653,3.4239009185284166
09,002,0001,074A,090020001074A,2850,3.45499721730946
09,002,0001,0754,0900200010754,2282,3.3585059114902354
09,002,0001,0769,0900200010769,9195,3.9635989625972416
09,002,0001,0773,0900200010773,2314,3.364550995353972
09,002,0001,0788,0900200010788,2450,3.389343311252078
09,002,0001,0792,0900200010792,4954,3.695043658821294
09,002,0001,0805,0900200010805,1996,3.3003780648707024
09,002,0001,081A,090020001081A,3761,3.5754187912143602
09,002,0001,0824,0900200010824,3028,3.481299273332856
09,002,0001,0839,0900200010839,3004,3.4778444763387584
09,002,0001,0843,0900200010843,3643,3.5615783683009608
09,002,0001,0858,0900200010858,4395,3.643057683751453
09,002,0001,0877,0900200010877,821,2.9148718175400505
09,002,0001,0881,0900200010881,5207,3.7166709755601355
09,002,0001,0896,0900200010896,1532,3.185542154854375
09,002,0001,0909,0900200010909,1810,3.2579184503140586
09,002,0001,0913,0900200010913,3311,3.5200903281128424
09,002,0001,0928,0900200010928,1841,3.26528962586083
09,002,0001,0932,0900200010932,408,2.611723308007342
09,002,0001,0947,0900200010947,4456,3.6490426340861766
09,002,0001,0966,0900200010966,2047,3.3113299523037933
09,002,0001,0970,0900200010970,2953,3.470410490975931
09,002,0001,0985,0900200010985,2334,3.368286884902131
09,002,0001,099A,090020001099A,1337,3.1264561134318045
09,002,0001,1004,0900200011004,7559,3.8785217955012063
09,002,0001,1019,0900200011019,1689,3.2278867046136734
09,002,0001,1023,0900200011023,7644,3.883377489748339
09,002,0001,1038,0900200011038,7053,3.848435455331471
09,002,0001,1042,0900200011042,5802,3.7636525705645303
09,002,0001,1057,0900200011057,2418,3.3836358683618797
09,002,0001,1061,0900200011061,1719,3.2355284469075487
09,002,0001,1076,0900200011076,1,0.3010299956639812
09,002,0001,1080,0900200011080,5000,3.699056854547668
09,002,0001,1095,0900200011095,7035,3.8473258307854237
09,002,0001,1112,0900200011112,4239,3.6273658565927325
09,002,0001,1127,0900200011127,2837,3.4530123911214554
09,002,0001,1131,0900200011131,2543,3.4055171069763763
09,002,0001,1146,0900200011146,927,2.967547976218862
09,002,0001,1150,0900200011150,3486,3.5424519473759766
09,002,0001,1165,0900200011165,400,2.603144372620182
09,002,0001,117A,090020001117A,1602,3.204933522354145
09,002,0001,1184,0900200011184,1433,3.1565491513317814
09,003,0001,0018,0900300010018,1658,3.219846386024361
09,003,0001,0022,0900300010022,1569,3.1958996524092336
09,003,0001,0037,0900300010037,1428,3.1550322287909704
09,003,0001,0041,0900300010041,3006,3.4781334281005174
09,003,0001,0056,0900300010056,3895,3.590618948206578
09,003,0001,0060,0900300010060,4299,3.6334684555795866
09,003,0001,0075,0900300010075,2825,3.45117215751254
09,003,0001,008A,090030001008A,2297,3.3613500243522663
09,003,0001,0094,0900300010094,3531,3.548020694905531
09,003,0001,0107,0900300010107,6992,3.8446635282402393
09,003,0001,0111,0900300010111,1380,3.140193678578631
09,003,0001,0126,0900300010126,1803,3.256236533205923
09,003,0001,0130,0900300010130,2171,3.336859820916809
09,003,0001,0145,0900300010145,2090,3.3203540328176717
09,003,0001,015A,090030001015A,5065,3.704665185454529
09,003,0001,0164,0900300010164,2900,3.4625477288026643
09,003,0001,0179,0900300010179,2198,3.3422252293607904
09,003,0001,0183,0900300010183,2789,3.4456042032735974
09,003,0001,0198,0900300010198,1649,3.2174839442139063
09,003,0001,0200,0900300010200,5523,3.7422536699065936
09,003,0001,0215,0900300010215,6100,3.7854010249923875
09,003,0001,022A,090030001022A,8705,3.9398186628213794
09,003,0001,0234,0900300010234,710,2.851869600729766
09,003,0001,0249,0900300010249,740,2.869818207979328
09,003,0001,0268,0900300010268,1305,3.115943176939055
09,003,0001,0272,0900300010272,3327,3.5221833176186865
09,003,0001,0287,0900300010287,8213,3.914554698517634
09,003,0001,0291,0900300010291,4212,3.6245914591268478
09,003,0001,0304,0900300010304,1968,3.2942457161381182
09,003,0001,0319,0900300010319,2494,3.397070549959409
09,003,0001,0323,0900300010323,2398,3.380030247967831
09,003,0001,0342,0900300010342,3376,3.5285310606354114
09,003,0001,0357,0900300010357,4074,3.6101276130759956
09,003,0001,0361,0900300010361,1977,3.2962262872611605
09,003,0001,0376,0900300010376,1268,3.103461622094705
09,003,0001,0380,0900300010380,2851,3.4551495211798278
09,003,0001,0395,0900300010395,2301,3.362105319293773
09,003,0001,0408,0900300010408,1576,3.197831693328903
09,003,0001,0412,0900300010412,3853,3.5859117103194342
09,003,0001,0427,0900300010427,2116,3.325720858019412
09,003,0001,0431,0900300010431,5344,3.727947709544797
09,003,0001,0446,0900300010446,5501,3.7405205860536648
09,003,0001,0450,0900300010450,6576,3.8180278418592564
09,003,0001,0465,0900300010465,1476,3.1693804953119495
09,003,0001,0484,0900300010484,1003,3.0017337128090005
09,003,0001,0499,0900300010499,2502,3.3984608496082234
09,003,0001,0501,0900300010501,3477,3.5413295776666938
09,003,0001,0516,0900300010516,1436,3.157456768134226
09,003,0001,0520,0900300010520,2615,3.4176377396522297
09,003,0001,0535,0900300010535,7676,3.885191540606848
09,003,0001,054A,090030001054A,784,2.8948696567452528
09,003,0001,0554,0900300010554,4591,3.662001879389917
09,003,0001,0573,0900300010573,12827,4.108158951256403
09,003,0001,0588,0900300010588,1779,3.250420002308894
09,003,0001,0605,0900300010605,3621,3.5589484459780394
09,003,0001,061A,090030001061A,10554,4.023458237643675
09,003,0001,0624,0900300010624,9838,3.9929509605704463
09,003,0001,0639,0900300010639,12525,4.097812407365289
09,003,0001,0643,0900300010643,8559,3.932473764677153
09,003,0001,0658,0900300010658,10461,4.019614715691417
09,003,0001,0662,0900300010662,5469,3.737987326333431
09,003,0001,0677,0900300010677,8113,3.909235003368307
09,003,0001,0681,0900300010681,4561,3.6591552809406296
09,003,0001,0696,0900300010696,2382,3.377124042346456
09,003,0001,0709,0900300010709,3117,3.4938761108528227
09,003,0001,0713,0900300010713,4685,3.670802284260944
09,003,0001,0728,0900300010728,3836,3.5839917991983166
09,003,0001,0770,0900300010770,326,2.514547752660286
09,003,0001,0785,0900300010785,11640,4.065990289233776
09,003,0001,079A,090030001079A,9058,3.9570802596579
09,003,0001,0802,0900300010802,13042,4.115377494279117
09,003,0001,0817,0900300010817,10152,4.006594386184137
09,003,0001,0821,0900300010821,5221,3.7178368674869255
09,003,0001,0836,0900300010836,6381,3.8049567998574916
09,003,0001,0840,0900300010840,6633,3.8217754671834636
09,003,0001,0855,0900300010855,2696,3.4308809464528913
09,003,0001,086A,090030001086A,2670,3.426673888021373
09,003,0001,0889,0900300010889,2647,3.422917980767662
09,003,0001,0893,0900300010893,1749,3.2430380486862944
09,003,0001,0906,0900300010906,3324,3.5217916496391233
09,003,0001,093A,090030001093A,1211,3.0835026198302673
09,003,0001,0959,0900300010959,4224,3.625826713285711
09,003,0001,0963,0900300010963,6516,3.8140477209955996
09,003,0001,0978,0900300010978,8080,3.9074651067658563
09,003,0001,0982,0900300010982,6525,3.814647069451856
09,003,0001,0997,0900300010997,9422,3.974189191118167
09,003,0001,1001,0900300011001,6521,3.814380794469938
09,003,0001,1016,0900300011016,6606,3.820004306808318
09,003,0001,1020,0900300011020,4471,3.650501794878367
09,003,0001,1069,0900300011069,1633,3.2132520521963968
09,003,0001,1073,0900300011073,1616,3.208710019906401
09,003,0001,1092,0900300011092,5787,3.762528522447
09,003,0001,1105,0900300011105,2795,3.446537167073644
09,003,0001,1124,0900300011124,5743,3.759214431234244
09,003,0001,1139,0900300011139,691,2.840106094456758
09,003,0001,1143,0900300011143,540,2.7331972651065692
09,003,0001,1158,0900300011158,8986,3.9536147416906404
09,003,0001,1162,0900300011162,14061,4.148047093599335
09,003,0001,1181,0900300011181,4132,3.616265405281708
09,003,0001,1213,0900300011213,5772,3.761401557498631
09,003,0001,1228,0900300011228,2280,3.3581252852766488
09,003,0001,1232,0900300011232,3022,3.480438147177817
09,003,0001,1247,0900300011247,5019,3.7007037171450192
09,003,0001,1251,0900300011251,2321,3.365862215402555
09,003,0001,1266,0900300011266,2811,3.4490153163477864
09,003,0001,1270,0900300011270,4167,3.619927710291468
09,003,0001,1285,0900300011285,3625,3.5594277997594896
09,003,0001,129A,090030001129A,3454,3.5384480517102173
09,003,0001,1302,0900300011302,1973,3.295347148333618
09,003,0001,1317,0900300011317,2754,3.4401216031878037
09,003,0001,1321,0900300011321,3755,3.5747255835940734
09,003,0001,1336,0900300011336,2908,3.463743721247059
09,003,0001,1340,0900300011340,2546,3.406028944963615
09,003,0001,1355,0900300011355,2461,3.3912880485952974
09,003,0001,136A,090030001136A,2243,3.3510228525841237
09,003,0001,1374,0900300011374,2494,3.397070549959409
09,003,0001,1389,0900300011389,3600,3.556423121371285
09,003,0001,1393,0900300011393,2828,3.4516329474569907
09,003,0001,1406,0900300011406,3216,3.50745106090197
09,003,0001,1410,0900300011410,4242,3.6276730317666157
09,003,0001,1425,0900300011425,6786,3.831677849191467
09,003,0001,143A,090030001143A,2877,3.4590907896005865
09,003,0001,1444,0900300011444,2651,3.4235735197327357
09,003,0001,1459,0900300011459,2436,3.386855529184724
09,003,0001,1463,0900300011463,2844,3.45408227073109
09,003,0001,1478,0900300011478,3845,3.585009279902461
09,003,0001,1482,0900300011482,4758,3.6775157047987577
09,003,0001,1497,0900300011497,5249,3.720159303405957
09,003,0001,150A,090030001150A,4541,3.6572471298837166
09,003,0001,1514,0900300011514,5908,3.7715139899796664
09,003,0001,1529,0900300011529,5698,3.7557986569738304
09,003,0001,1533,0900300011533,22,1.3617278360175928
09,003,0001,1548,0900300011548,1494,3.1746411926604483
09,003,0001,1552,0900300011552,1688,3.227629649571009
09,003,0001,1567,0900300011567,1682,3.226084115975824
09,003,0001,1571,0900300011571,2055,3.313023110323238
09,003,0001,1586,0900300011586,386,2.5877109650189114
09,003,0001,1590,0900300011590,1941,3.288249225571986
09,003,0001,1618,0900300011618,1151,3.061452479087193
09,003,0001,1622,0900300011622,2498,3.39776625612645
09,003,0001,1637,0900300011637,2821,3.450557009418329
09,003,0001,1641,0900300011641,2483,3.3951515915045425
09,003,0001,1656,0900300011656,3244,3.511214701136388
09,003,0001,1660,0900300011660,3328,3.522313795156667
09,003,0001,1675,0900300011675,3996,3.601734148260105
09,003,0001,168A,090030001168A,1544,3.1889284837608534
09,003,0001,1694,0900300011694,1542,3.188365926063148
09,003,0001,1707,0900300011707,5005,3.6994908452722046
09,003,0001,1726,0900300011726,2983,3.474798818800631
09,003,0001,1730,0900300011730,645,2.8102325179950842
09,003,0001,1745,0900300011745,3535,3.5485122563410356
09,003,0001,175A,090030001175A,3635,3.56062387454993
09,003,0001,1764,0900300011764,2890,3.4610480916706576
09,003,0001,1779,0900300011779,1832,3.2631624649622166
09,003,0001,1783,0900300011783,3170,3.501196242027089
09,003,0001,1798,0900300011798,754,2.8779469516291885
09,004,0001,002A,090040001002A,4726,3.6745856023029138
09,004,0001,0049,0900400010049,4304,3.6339731557896737
09,004,0001,0053,0900400010053,6459,3.8102325179950842
09,004,0001,0072,0900400010072,2849,3.45484486000851
09,004,0001,0091,0900400010091,11767,4.0707026597194735
09,004,0001,0104,0900400010104,7179,3.8561244442423
09,004,0001,0119,0900400010119,6497,3.812779707008964
09,004,0001,0123,0900400010123,6200,3.792461731346951
09,004,0001,0138,0900400010138,7681,3.885474302829157
09,004,0001,0176,0900400010176,9292,3.9681559371499704
09,004,0001,0180,0900400010180,6474,3.8112397727532894
09,004,0001,0195,0900400010195,10984,4.040800061256529
09,004,0001,0208,0900400010208,7474,3.873611196996467
09,004,0001,0212,0900400010212,4941,3.6939027410660605
09,004,0001,0227,0900400010227,8867,3.9478256844424506
09,004,0001,0231,0900400010231,7804,3.8923729073984363
09,004,0001,0250,0900400010250,4220,3.625415352154408
09,004,0001,027A,090040001027A,4578,3.660770643527697
09,004,0001,0299,0900400010299,10533,4.022593314021462
09,004,0001,0301,0900400010301,4195,3.62283547952152
09,004,0001,0320,0900400010320,2945,3.469232742506612
09,004,0001,034A,090040001034A,3494,3.5434471800817002
09,004,0001,0354,0900400010354,6409,3.8068580295188172
09,004,0001,0369,0900400010369,14609,4.164650215934297
09,004,0001,0373,0900400010373,14170,4.151400498035618
09,004,0001,0392,0900400010392,599,2.7781512503836434
09,004,0001,0405,0900400010405,4253,3.62879748556671
09,004,0001,041A,090040001041A,3190,3.5039268041935103
09,004,0020,0246,0900400200246,9541,3.9796394122229075
09,004,0020,0316,0900400200316,15087,4.1786316753932535
09,004,0020,0388,0900400200388,1414,3.150756439860309
09,005,0001,0012,0900500010012,4355,3.6390878710837375
09,005,0001,0027,0900500010027,5631,3.7506626461340558
09,005,0001,0050,0900500010050,10026,4.0011710149414
09,005,0001,0084,0900500010084,3396,3.531095546870028
09,005,0001,0099,0900500010099,4342,3.6377898293622293
09,005,0001,0101,0900500010101,5213,3.71717102683231
09,005,0001,0135,0900500010135,4716,3.673665876245702
09,005,0001,014A,090050001014A,4456,3.6490426340861766
09,005,0001,0154,0900500010154,8184,3.91301868374796
09,005,0001,0169,0900500010169,7933,3.899492196138132
09,005,0001,0173,0900500010173,4482,3.651568738865792
09,005,0001,0188,0900500010188,4422,3.6457169393696036
09,005,0001,0192,0900500010192,5552,3.7445276734725668
09,005,0001,0205,0900500010205,6337,3.801952234854282
09,005,0001,0224,0900500010224,3017,3.479719235439571
09,005,0001,0243,0900500010243,7379,3.8680563618230415
09,005,0001,0258,0900500010258,4738,3.675686708699401
09,005,0001,0262,0900500010262,4022,3.6045500325712614
09,005,0001,0277,0900500010277,3195,3.5046067706419537
09,005,0001,0281,0900500010281,2782,3.444513206334043
09,005,0001,0296,0900500010296,2757,3.440594261839831
09,005,0001,0309,0900500010309,2212,3.344981413927258
09,005,0001,0313,0900500010313,3640,3.561220678933944
09,005,0001,0328,0900500010328,1639,3.214843848047698
09,005,0001,0332,0900500010332,5616,3.749504423876142
09,005,0001,0351,0900500010351,4655,3.668012971641832
09,005,0001,0366,0900500010366,11779,4.071145290451083
09,005,0001,0370,0900500010370,3064,3.486430478854434
09,005,0001,0385,0900500010385,6250,3.7959494989028033
09,005,0001,039A,090050001039A,5682,3.7545776560447304
09,005,0001,0402,0900500010402,5809,3.7641761323903307
09,005,0001,0417,0900500010417,5194,3.7155855518931964
09,005,0001,0421,0900500010421,3669,3.5646660642520893
09,005,0001,0436,0900500010436,4302,3.6337713460825554
09,005,0001,0440,0900500010440,5028,3.7014816356209272
09,005,0001,0455,0900500010455,4073,3.610021024664145
09,005,0001,0474,0900500010474,4984,3.6976651626476746
09,005,0001,0489,0900500010489,4331,3.636688447953283
09,005,0001,0493,0900500010493,2523,3.402089350572097
09,005,0001,0506,0900500010506,3021,3.4802944600030066
09,005,0001,0510,0900500010510,812,2.910090545594068
09,005,0001,0525,0900500010525,1550,3.190611797813605
09,005,0001,0559,0900500010559,2660,3.425044874551389
09,005,0001,0563,0900500010563,3592,3.5554572172046495
09,005,0001,0582,0900500010582,3163,3.500236474825639
09,005,0001,0597,0900500010597,4646,3.6671726724788685
09,005,0001,060A,090050001060A,1820,3.26030994579492
09,005,0001,0614,0900500010614,747,2.8739015978644615
09,005,0001,0629,0900500010629,699,2.845098040014257
09,005,0001,0633,0900500010633,2691,3.430075055551939
09,005,0001,0667,0900500010667,5490,3.7396514437093766
09,005,0001,0671,0900500010671,5776,3.7617023675414125
09,005,0001,0703,0900500010703,7776,3.8908120989551245
09,005,0001,0718,0900500010718,0,0.0
09,005,0001,0722,0900500010722,3178,3.5022905279147727
09,005,0001,0737,0900500010737,2901,3.4626974081017172
09,005,0001,0741,0900500010741,2303,3.3624824747511743
09,005,0001,0756,0900500010756,157,2.1986570869544226
09,005,0001,0760,0900500010760,2709,3.432969290874406
09,005,0001,0775,0900500010775,2175,3.3376588910261424
09,005,0001,078A,090050001078A,2384,3.3774883833761327
09,005,0001,0794,0900500010794,2712,3.433449793761596
09,005,0001,0807,0900500010807,1554,3.1917303933628562
09,005,0001,0811,0900500010811,4407,3.6442415858437287
09,005,0001,0826,0900500010826,3830,3.5833121519830775
09,005,0001,0830,0900500010830,4501,3.6534054906645013
09,005,0001,0845,0900500010845,7846,3.89470365260923
09,005,0001,085A,090050001085A,4357,3.6392872259102367
09,005,0001,0864,0900500010864,5592,3.747644819328248
09,005,0001,0879,0900500010879,1856,3.2688119037397803
09,005,0001,0883,0900500010883,766,2.884795363948981
09,005,0001,0898,0900500010898,1533,3.185825359612962
09,005,0001,0900,0900500010900,1915,3.2823955047425257
09,005,0001,0915,0900500010915,1933,3.286456469746983
09,005,0001,092A,090050001092A,2904,3.4631461367263494
09,005,0001,0934,0900500010934,2566,3.4094258686714434
09,005,0001,0949,0900500010949,1842,3.2655253352190736
09,005,0001,0953,0900500010953,1247,3.0962145853464054
09,005,0001,0968,0900500010968,1798,3.2550311633455515
09,005,0001,0972,0900500010972,2989,3.4756711883244296
09,005,0001,0987,0900500010987,2773,3.443106456737266
09,005,0001,0991,0900500010991,5676,3.754118894225413
09,005,0001,1006,0900500011006,4733,3.675228253593064
09,005,0001,1025,0900500011025,7872,3.8961402514420196
09,005,0001,103A,090050001103A,4250,3.628491104967123
09,005,0001,1044,0900500011044,6184,3.7913397039651393
09,005,0001,1059,0900500011059,3949,3.59659709562646
09,005,0001,1063,0900500011063,2382,3.377124042346456
09,005,0001,1078,0900500011078,0,0.0
09,005,0001,1082,0900500011082,2822,3.450710878146919
09,005,0001,1097,0900500011097,2433,3.386320573894046
09,005,0001,110A,090050001110A,3057,3.485437481076301
09,005,0001,1114,0900500011114,2112,3.3248994970523134
09,005,0001,1129,0900500011129,1745,3.2420442393695508
09,005,0001,1133,0900500011133,6118,3.7866804531966487
09,005,0001,1148,0900500011148,4353,3.6388884247050757
09,005,0001,1152,0900500011152,3678,3.565729787831127
09,005,0001,1167,0900500011167,5776,3.7617023675414125
09,005,0001,1171,0900500011171,6810,3.833210880282609
09,005,0001,1186,0900500011186,6233,3.794766797940821
09,005,0001,1190,0900500011190,4698,3.672005445022952
09,005,0001,1203,0900500011203,3360,3.5264685124694775
09,005,0001,1218,0900500011218,3646,3.561935763313781
09,005,0001,1222,0900500011222,3836,3.5839917991983166
09,005,0001,1237,0900500011237,2770,3.442636525782232
09,005,0001,1241,0900500011241,61,1.792391689498254
09,005,0001,1256,0900500011256,1121,3.0499928569201424
09,005,0001,1260,0900500011260,2382,3.377124042346456
09,005,0001,1275,0900500011275,2985,3.4750898033890065
09,005,0001,128A,090050001128A,7970,3.90151280912994
09,005,0001,1294,0900500011294,7001,3.8452221064290137
09,005,0001,1307,0900500011307,13176,4.119816545937216
09,005,0001,1311,0900500011311,2212,3.344981413927258
09,005,0001,1326,0900500011326,2602,3.4154741681092355
09,005,0001,1330,0900500011330,5138,3.710878617685173
09,005,0001,1345,0900500011345,6216,3.793580867368156
09,005,0001,135A,090050001135A,6197,3.792251571903264
09,005,0001,1364,0900500011364,4742,3.6760531246518715
09,005,0001,1379,0900500011379,5453,3.7367151336056112
09,005,0001,1383,0900500011383,4092,3.6120417446452695
09,005,0001,1398,0900500011398,3003,3.4776999283321306
09,005,0001,1400,0900500011400,4437,3.6471872978959894
09,005,0001,1415,0900500011415,3347,3.5247854493212225
09,005,0001,142A,090050001142A,2240,3.350441856535061
09,005,0001,1434,0900500011434,1729,3.2380461031287955
09,005,0001,1449,0900500011449,2830,3.451939869365103
09,005,0001,1453,0900500011453,4315,3.635081436010873
09,005,0001,1468,0900500011468,3220,3.5079907248196913
09,005,0001,1472,0900500011472,2827,3.4514794051248616
09,005,0001,1487,0900500011487,2732,3.436639631692661
09,005,0001,1504,0900500011504,1035,3.0153597554092144
09,005,0001,1523,0900500011523,5471,3.73814608871206
09,005,0001,1538,0900500011538,4658,3.668292710448221
09,005,0001,1542,0900500011542,5144,3.7113853790984517
09,005,0001,1557,0900500011557,3663,3.563955464995813
09,005,0001,1561,0900500011561,4128,3.6158448828747023
09,005,0001,1576,0900500011576,4358,3.639386869017684
09,005,0001,1580,0900500011580,3199,3.505149978319906
09,005,0001,1595,0900500011595,3490,3.5429498488141786
09,005,0001,1608,0900500011608,2467,3.392345155361204
09,005,0001,1612,0900500011612,2463,3.3916407034923877
09,005,0001,1627,0900500011627,637,2.8048206787211623
09,005,0001,1631,0900500011631,4100,3.612889769287485
09,005,0001,1646,0900500011646,7,0.9030899869919435
09,005,0001,1650,0900500011650,7789,3.8915374576725643
09,005,0001,1665,0900500011665,4977,3.6970548922725746
09,005,0001,167A,090050001167A,7456,3.8725641430906514
09,005,0001,1684,0900500011684,4341,3.637689819118401
09,005,0001,1699,0900500011699,3550,3.5503506723016156
09,005,0001,1701,0900500011701,3544,3.5496162395190853
09,005,0001,1716,0900500011716,3589,3.5550944485783194
09,005,0001,1720,0900500011720,3006,3.4781334281005174
09,005,0001,1735,0900500011735,5876,3.7691556907143986
09,005,0001,174A,090050001174A,5034,3.7019994748896368
09,005,0001,1754,0900500011754,5282,3.722880610686939
09,005,0001,1769,0900500011769,5556,3.744840396785379
09,005,0001,1773,0900500011773,4611,3.6638892986226614
09,005,0001,1788,0900500011788,3082,3.488973524726508
09,005,0001,1792,0900500011792,2749,3.439332693830263
09,005,0001,1805,0900500011805,3937,3.5952757118020995
09,005,0001,181A,090050001181A,3787,3.578409970331236
09,005,0001,1824,0900500011824,3291,3.5174598265402324
09,005,0001,1839,0900500011839,4354,3.638988159343682
09,005,0001,1843,0900500011843,3934,3.5949447366950835
09,005,0001,1858,0900500011858,2052,3.312388949370592
09,005,0001,1862,0900500011862,3806,3.580582876814367
09,005,0001,1877,0900500011877,2646,3.422753941301348
09,005,0001,1881,0900500011881,2455,3.3902283624691303
09,005,0001,1896,0900500011896,4486,3.651956069533074
09,005,0001,1909,0900500011909,6163,3.7898626300463816
09,005,0001,1913,0900500011913,6882,3.837777769553733
09,005,0001,1928,0900500011928,14,1.1760912590556813
09,005,0001,1932,0900500011932,3949,3.59659709562646
09,005,0001,1951,0900500011951,2954,3.4705574852172743
09,005,0001,1970,0900500011970,5898,3.7707783961691477
09,005,0001,1985,0900500011985,6515,3.813981075636472
09,005,0001,199A,090050001199A,4250,3.628491104967123
09,005,0001,2004,0900500012004,2711,3.433289685195026
09,005,0001,2019,0900500012019,4307,3.634275694625944
09,005,0001,2023,0900500012023,4433,3.6467956887784694
09,005,0001,2038,0900500012038,3222,3.5082603055123345
09,005,0001,2042,0900500012042,3604,3.5569052690554477
09,005,0001,2057,0900500012057,2694,3.4305587695227575
09,005,0001,2061,0900500012061,3153,3.498861688992884
09,005,0001,2076,0900500012076,2946,3.469380135849925
09,005,0001,2080,0900500012080,2148,3.3322364154914434
09,005,0001,2095,0900500012095,4036,3.6060587494103142
09,005,0001,2108,0900500012108,3677,3.5656117249020585
09,005,0001,2112,0900500012112,384,2.5854607295085006
09,005,0001,2127,0900500012127,6630,3.821579027912009
09,005,0001,2131,0900500012131,4822,3.6833172619218826
09,005,0001,2146,0900500012146,2810,3.4488608456074408
09,005,0001,2150,0900500012150,3106,3.4923412532549745
09,005,0001,2165,0900500012165,1009,3.0043213737826426
09,005,0001,217A,090050001217A,4413,3.644832328825636
09,005,0001,2184,0900500012184,2870,3.458033192496506
09,005,0001,2199,0900500012199,3485,3.5423273827739745
09,005,0001,2201,0900500012201,4422,3.6457169393696036
09,005,0001,2216,0900500012216,3197,3.504878459410216
09,005,0001,2220,0900500012220,5296,3.7240299729355977
09,005,0001,2235,0900500012235,3997,3.601842789782098
09,005,0001,224A,090050001224A,3517,3.5462958351214424
09,005,0001,2254,0900500012254,3267,3.514282047860378
09,005,0001,2269,0900500012269,2773,3.443106456737266
09,005,0001,2273,0900500012273,5032,3.7018269303971394
09,005,0001,2288,0900500012288,7055,3.848558572123763
09,005,0001,2292,0900500012292,4245,3.62797998982998
09,005,0001,2305,0900500012305,3614,3.5581083016305497
09,005,0001,231A,090050001231A,3306,3.519434194913703
09,005,0001,2324,0900500012324,2997,3.4768316285122607
09,005,0001,2339,0900500012339,751,2.876217840591642
09,005,0001,2343,0900500012343,3588,3.5549734583332397
09,005,0001,2358,0900500012358,1767,3.2474822606770544
09,005,0001,2362,0900500012362,2422,3.384353414137506
09,005,0001,2377,0900500012377,2986,3.475235222604128
09,005,0001,2381,0900500012381,2918,3.4652340949880145
09,005,0001,2396,0900500012396,3449,3.537819095073274
09,005,0001,2409,0900500012409,3728,3.571592383361307
09,005,0001,2428,0900500012428,2407,3.381656482585787
09,005,0001,2432,0900500012432,2660,3.425044874551389
09,005,0001,2447,0900500012447,2642,3.4220971631317103
09,005,0001,2451,0900500012451,3246,3.5114822886260013
09,005,0001,2466,0900500012466,3163,3.500236474825639
09,005,0001,2470,0900500012470,5374,3.730378468587643
09,005,0001,2485,0900500012485,6176,3.7907776013376937
09,005,0001,2536,0900500012536,1867,3.2713768718940743
09,005,0001,2574,0900500012574,3313,3.520352504083318
09,005,0001,2593,0900500012593,5726,3.7579271831133294
09,005,0001,2606,0900500012606,3240,3.51067903103221
09,005,0001,2610,0900500012610,7326,3.8649261915390056
09,005,0001,2625,0900500012625,7116,3.8522969658269255
09,005,0001,263A,090050001263A,2465,3.3919930722597127
09,005,0001,2644,0900500012644,2242,3.350829273582968
09,005,0001,2659,0900500012659,2132,3.3289908554494287
09,005,0001,2663,0900500012663,2595,3.4143046881283317
09,005,0001,2678,0900500012678,2434,3.386498965550653
09,005,0001,2682,0900500012682,5028,3.7014816356209272
09,005,0001,2697,0900500012697,2999,3.4771212547196626
09,005,0001,270A,090050001270A,2602,3.4154741681092355
09,005,0001,2714,0900500012714,2630,3.420120848085703
09,005,0001,2729,0900500012729,4496,3.652922887567942
09,005,0001,2733,0900500012733,3894,3.590507462008583
09,005,0001,2748,0900500012748,3855,3.5861370252307934
09,005,0001,2752,0900500012752,4278,3.6313422864839326
09,005,0001,2767,0900500012767,5406,3.7329563695756245
09,005,0001,2771,0900500012771,5099,3.7075701760979363
09,005,0001,2786,0900500012786,2091,3.3205616801952367
09,005,0001,2790,0900500012790,3663,3.563955464995813
09,005,0001,2803,0900500012803,4272,3.6307328928171967
09,005,0001,2822,0900500012822,3802,3.5801263254115825
09,005,0001,2837,0900500012837,3315,3.520614521878236
09,005,0001,2841,0900500012841,2417,3.383456296524753
09,005,0001,2856,0900500012856,4890,3.6893976628212823
09,005,0001,2860,0900500012860,4900,3.6902847025126295
09,005,0001,2875,0900500012875,2195,3.3416323357780544
09,005,0001,288A,090050001288A,1702,3.231214647962601
09,005,0001,2894,0900500012894,2140,3.3306166672944384
09,005,0001,2907,0900500012907,5111,3.7085908451503435
09,005,0001,2930,0900500012930,4364,3.6399842480415887
09,005,0001,2945,0900500012945,4598,3.6626634095740376
09,005,0001,295A,090050001295A,4267,3.630224410752432
09,005,0001,2964,0900500012964,4888,3.6892200372638357
09,005,0001,2979,0900500012979,5544,3.743901550485179
09,005,0001,2983,0900500012983,3377,3.5286596452349897
09,005,0001,2998,0900500012998,4749,3.6766936096248664
09,005,0001,3017,0900500013017,1925,3.2846562827885157
09,005,0001,3055,0900500013055,2876,3.458939861890326
09,005,0001,306A,090050001306A,2899,3.462397997898956
09,005,0001,3074,0900500013074,2060,3.3140779917792127
09,005,0001,3089,0900500013089,8133,3.910304168068569
09,005,0001,3093,0900500013093,12036,4.080518260527118
09,005,0001,3110,0900500013110,1574,3.197280558125619
09,005,0001,3125,0900500013125,3029,3.481442628502305
09,005,0001,313A,090050001313A,1484,3.171726453653231
09,005,0001,3144,0900500013144,4023,3.604657972047871
09,005,0001,3159,0900500013159,4982,3.697490887171057
09,005,0001,3163,0900500013163,1911,3.2814878879400813
09,005,0001,3178,0900500013178,1870,3.27207378750001
09,005,0001,3182,0900500013182,2221,3.346744054604849
09,005,0001,3197,0900500013197,5244,3.7197454925295768
09,005,0001,320A,090050001320A,1993,3.2997251539756367
09,005,0001,3214,0900500013214,5814,3.7645497190644672
09,005,0001,3229,0900500013229,3544,3.5496162395190853
09,005,0001,3233,0900500013233,6414,3.807196660710947
09,005,0001,3248,0900500013248,5663,3.7531232446817127
09,005,0001,3252,0900500013252,6248,3.795810524667408
09,005,0001,3267,0900500013267,3857,3.586362223307866
09,005,0001,3271,0900500013271,4264,3.629919035503542
09,005,0001,3286,0900500013286,3236,3.5101426994025733
09,005,0001,3290,0900500013290,4654,3.6679196853173615
09,005,0001,3303,0900500013303,1861,3.269979676645324
09,005,0001,3318,0900500013318,4304,3.6339731557896737
09,005,0001,3322,0900500013322,4420,3.645520514905874
09,005,0001,3337,0900500013337,3043,3.4834446480985353
09,005,0001,3341,0900500013341,2343,3.369957607346053
09,005,0001,3356,0900500013356,1096,3.0402066275747113
09,005,0001,3360,0900500013360,4725,3.6744937172963503
09,005,0001,3375,0900500013375,1196,3.0780941504064105
09,005,0001,338A,090050001338A,2997,3.4768316285122607
09,005,0001,3394,0900500013394,2891,3.461198288622493
09,005,0001,3407,0900500013407,8413,3.9250025076809774
09,005,0001,3411,0900500013411,5806,3.763951826033324
09,005,0001,3426,0900500013426,2443,3.3881012015705165
09,005,0001,3430,0900500013430,4345,3.638089721984506
09,005,0001,3445,0900500013445,4319,3.635483746814912
09,006,0001,001A,090060001001A,6014,3.7792356316758635
09,006,0001,0024,0900600010024,5155,3.7123129086813655
09,006,0001,0039,0900600010039,4548,3.657915936829955
09,006,0001,0043,0900600010043,5255,3.7206553565517244
09,006,0001,0058,0900600010058,3919,3.593286067020457
09,006,0001,0077,0900600010077,4527,3.6559064181802152
09,006,0001,0081,0900600010081,7404,3.8695250628572273
09,006,0001,0096,0900600010096,8297,3.9189734304929544
09,006,0001,0109,0900600010109,6369,3.8041394323353503
09,006,0001,0128,0900600010128,5499,3.7403626894942437
09,006,0001,0132,0900600010132,4303,3.6338722626583326
09,006,0001,0147,0900600010147,0,0.0
09,006,0001,0151,0900600010151,0,0.0
09,006,0001,0166,0900600010166,2473,3.393399695293102
09,006,0001,0170,0900600010170,2014,3.3042750504771283
09,006,0001,0185,0900600010185,10395,4.016866270828975
09,006,0001,019A,090060001019A,2185,3.339650157613684
09,006,0001,0202,0900600010202,5819,3.7649229846498886
09,006,0001,0217,0900600010217,7652,3.8838317133294527
09,006,0001,0221,0900600010221,6103,3.785614524946824
09,006,0001,0236,0900600010236,4221,3.6255182289716377
09,006,0001,0240,0900600010240,2790,3.445759836488631
09,006,0001,0255,0900600010255,7139,3.8536982117761744
09,006,0001,026A,090060001026A,3997,3.601842789782098
09,006,0001,0274,0900600010274,4869,3.6875289612146345
09,006,0001,0289,0900600010289,1038,3.016615547557177
09,006,0001,0293,0900600010293,5556,3.744840396785379
09,006,0001,0310,0900600010310,9912,3.9962051061783246
09,006,0001,0325,0900600010325,4283,3.631849462159818
09,006,0001,033A,090060001033A,4787,3.680154141734373
09,006,0001,0344,0900600010344,3910,3.5922878159521305
09,006,0001,0359,0900600010359,6468,3.8108371511404884
09,006,0001,0363,0900600010363,5344,3.727947709544797
09,006,0001,0378,0900600010378,2360,3.373095987078727
09,006,0001,0382,0900600010382,2840,3.453471233722936
09,006,0001,0397,0900600010397,7901,3.8977370253454273
09,006,0001,0414,0900600010414,3190,3.5039268041935103
09,006,0001,0429,0900600010429,2593,3.4139699717480614
09,006,0001,0433,0900600010433,2737,3.437433443797971
09,006,0001,0448,0900600010448,2579,3.41161970596323
09,006,0001,0452,0900600010452,1986,3.298197867109815
09,006,0001,0467,0900600010467,20,1.3222192947339193
09,006,0001,0471,0900600010471,3513,3.545801757159276
09,006,0001,0486,0900600010486,1631,3.2127201544178425
09,006,0001,0490,0900600010490,3843,3.584783378996508
09,006,0001,0503,0900600010503,4722,3.6742179455767
09,006,0001,0518,0900600010518,5337,3.727378569451489
09,006,0001,0522,0900600010522,3376,3.5285310606354114
09,006,0001,0537,0900600010537,4131,3.6161603128475828
09,006,0001,0541,0900600010541,3564,3.5520595341878844
09,006,0001,0556,0900600010556,4808,3.6820547770738075
09,006,0001,0575,0900600010575,6876,3.8373990243420226
09,006,0001,058A,090060001058A,4801,3.6814221557210085
09,006,0001,0594,0900600010594,2900,3.4625477288026643
09,006,0001,0607,0900600010607,7114,3.8521749044203033
09,006,0001,0611,0900600010611,5465,3.737669627356642
09,006,0001,0626,0900600010626,1985,3.2979792441593623
09,006,0001,0630,0900600010630,2680,3.4282968139828798
09,006,0001,0645,0900600010645,2127,3.3279716236230104
09,006,0001,065A,090060001065A,2015,3.3044905277734875
09,006,0001,0664,0900600010664,3851,3.585686278452497
09,006,0001,0679,0900600010679,2575,3.4109458586877746
09,006,0001,0683,0900600010683,4346,3.638189640190837
09,006,0001,0698,0900600010698,3033,3.4820155764507117
09,006,0001,0700,0900600010700,3686,3.5666731376061165
09,006,0001,0715,0900600010715,2275,3.3571722577230334
09,006,0001,072A,090060001072A,2520,3.401572845676446
09,006,0001,0734,0900600010734,2950,3.4699692094999595
09,006,0001,0749,0900600010749,2692,3.4302363534115106
09,006,0001,0753,0900600010753,2113,3.3251049829714074
09,006,0001,0768,0900600010768,2016,3.3047058982127653
09,006,0001,0772,0900600010772,1971,3.2949069106051923
09,006,0001,0787,0900600010787,4868,3.6874397745458944
09,006,0001,0791,0900600010791,1795,3.2543063323312857
09,006,0001,0804,0900600010804,4824,3.6834973176798114
09,006,0001,0823,0900600010823,3361,3.526597709103452
09,006,0001,0838,0900600010838,2924,3.466125870418199
09,006,0001,0842,0900600010842,2068,3.3157604906657347
09,006,0001,0876,0900600010876,1859,3.2695129442179165
09,006,0001,0880,0900600010880,1783,3.2513948500401044
09,006,0001,0895,0900600010895,2428,3.3854275148051305
09,006,0001,0908,0900600010908,1288,3.110252917353403
09,006,0001,0927,0900600010927,2727,3.4358443659844413
09,006,0001,0931,0900600010931,2852,3.4553017716570764
09,006,0001,0946,0900600010946,2334,3.368286884902131
09,006,0001,0950,0900600010950,2296,3.361160995195026
09,006,0001,0965,0900600010965,1629,3.2121876044039577
09,006,0001,097A,090060001097A,1528,3.1844074854123203
09,006,0001,0984,0900600010984,1628,3.2119210843085093
09,006,0001,0999,0900600010999,928,2.968015713993642
09,006,0001,1003,0900600011003,2550,3.40671045860979
09,006,0001,1018,0900600011018,2119,3.326335860928751
09,006,0001,1022,0900600011022,2024,3.3064250275506875
09,006,0001,1037,0900600011037,2212,3.344981413927258
09,006,0001,1041,0900600011041,4529,3.656098202012832
09,006,0001,1056,0900600011056,4258,3.629307640073749
09,006,0001,1060,0900600011060,3704,3.568788212315347
09,006,0001,1075,0900600011075,2887,3.4605971888976015
09,006,0001,108A,090060001108A,4564,3.659440781870318
09,006,0001,1094,0900600011094,4236,3.6270584640009895
09,006,0001,1107,0900600011107,4414,3.6449307079135873
09,006,0001,1111,0900600011111,1413,3.150449409460881
09,006,0001,1126,0900600011126,5768,3.7611005389581424
09,006,0001,1130,0900600011130,3560,3.5515719736742537
09,006,0001,115A,090060001115A,2063,3.314709692955174
09,006,0001,1164,0900600011164,915,2.9618954736678504
09,006,0001,1179,0900600011179,8203,3.9140256516963285
09,006,0001,1183,0900600011183,2241,3.3506356082589543
09,006,0001,1198,0900600011198,2099,3.322219294733919
09,006,0001,1200,0900600011200,4449,3.6483600109809315
09,007,0001,0017,0900700010017,5868,3.7685641095135733
09,007,0001,0021,0900700010021,7518,3.876160084825628
09,007,0001,0036,0900700010036,10273,4.011739561388318
09,007,0001,0040,0900700010040,3860,3.586699801624049
09,007,0001,0055,0900700010055,3701,3.5684364144168854
09,007,0001,006A,090070001006A,2957,3.4709981696608736
09,007,0001,0074,0900700010074,2480,3.394626764272209
09,007,0001,0089,0900700010089,2144,3.331427296520743
09,007,0001,0093,0900700010093,1677,3.2247919564926817
09,007,0001,0106,0900700010106,1524,3.1832698436828046
09,007,0001,0110,0900700010110,1932,3.286231854028553
09,007,0001,013A,090070001013A,2880,3.459543258280413
09,007,0001,0144,0900700010144,1855,3.268577971882843
09,007,0001,0178,0900700010178,2948,3.469674772551798
09,007,0001,0182,0900700010182,2946,3.469380135849925
09,007,0001,0197,0900700010197,2762,3.4413808849165113
09,007,0001,0214,0900700010214,6202,3.7926017811649664
09,007,0001,0229,0900700010229,0,0.0
09,007,0001,0233,0900700010233,1933,3.286456469746983
09,007,0001,0248,0900700010248,1549,3.1903316981702914
09,007,0001,0252,0900700010252,3188,3.5036545192429593
09,007,0001,0271,0900700010271,4150,3.6181527333785195
09,007,0001,0286,0900700010286,2480,3.394626764272209
09,007,0001,0290,0900700010290,1588,3.2011238972073794
09,007,0001,0303,0900700010303,1103,3.0429690733931802
09,007,0001,0318,0900700010318,3528,3.5476516583599693
09,007,0001,0322,0900700010322,4540,3.657151501900967
09,007,0001,0337,0900700010337,5329,3.7267272090265724
09,007,0001,0356,0900700010356,5122,3.709524355876341
09,007,0001,0360,0900700010360,5255,3.7206553565517244
09,007,0001,0375,0900700010375,6884,3.8379039445929424
09,007,0001,038A,090070001038A,5123,3.7096091210726487
09,007,0001,0407,0900700010407,6972,3.843419665204918
09,007,0001,0411,0900700010411,4975,3.696880371682762
09,007,0001,0426,0900700010426,8211,3.9144489406985543
09,007,0001,0445,0900700010445,3848,3.585347911094591
09,007,0001,0464,0900700010464,4863,3.6869935662646784
09,007,0001,0479,0900700010479,4554,3.658488381309017
09,007,0001,0483,0900700010483,6782,3.831421817065022
09,007,0001,0498,0900700010498,5441,3.735758537443739
09,007,0001,0500,0900700010500,6227,3.7943486038960827
09,007,0001,0515,0900700010515,7149,3.8543060418010806
09,007,0001,0534,0900700010534,4645,3.6670792054642165
09,007,0001,0553,0900700010553,5795,3.763128376799137
09,007,0001,0568,0900700010568,5839,3.7664128471123997
09,007,0001,0572,0900700010572,5325,3.7264011621029223
09,007,0001,0587,0900700010587,2637,3.4212747912103465
09,007,0001,0591,0900700010591,3807,3.580696939712437
09,007,0001,0604,0900700010604,3653,3.562768543016519
09,007,0001,0619,0900700010619,5610,3.749040268703457
09,007,0001,0623,0900700010623,5433,3.735119634081872
09,007,0001,0638,0900700010638,4162,3.619406410886777
09,007,0001,0642,0900700010642,2515,3.400710636773231
09,007,0001,0657,0900700010657,1916,3.2826221128780624
09,007,0001,0676,0900700010676,2699,3.4313637641589874
09,007,0001,0680,0900700010680,3125,3.494988973683168
09,007,0001,0695,0900700010695,3633,3.5603849229720157
09,007,0001,0708,0900700010708,4420,3.645520514905874
09,007,0001,0727,0900700010727,2181,3.338854746252323
09,007,0001,0731,0900700010731,11610,4.064869625059806
09,007,0001,0746,0900700010746,7993,3.902764143924086
09,007,0001,0750,0900700010750,9308,3.968903030303828
09,007,0001,0765,0900700010765,3454,3.5384480517102173
09,007,0001,077A,090070001077A,4047,3.6072405038317426
09,007,0001,0784,0900700010784,6393,3.8057726319356693
09,007,0001,0801,0900700010801,3649,3.5622928644564746
09,007,0001,0816,0900700010816,1207,3.082066934285113
09,007,0001,0820,0900700010820,1112,3.0464951643347082
09,007,0001,0835,0900700010835,6828,3.834357112718405
09,007,0001,084A,090070001084A,7352,3.8664645659717403
09,007,0001,0854,0900700010854,3289,3.5171958979499744
09,007,0001,0888,0900700010888,4544,3.657533887557986
09,007,0001,0892,0900700010892,2220,3.346548558548474
09,007,0001,0905,0900700010905,2580,3.411788004543869
09,007,0001,091A,090070001091A,1444,3.1598678470925665
09,007,0001,0924,0900700010924,3759,3.575187844927661
09,007,0001,0939,0900700010939,4294,3.632963168167261
09,007,0001,0943,0900700010943,3439,3.53655844257153
09,007,0001,0958,0900700010958,5599,3.7481880270062002
09,007,0001,0962,0900700010962,8084,3.90768002424242
09,007,0001,0977,0900700010977,7001,3.8452221064290137
09,007,0001,0981,0900700010981,6435,3.808616035426992
09,007,0001,1000,0900700011000,5229,3.718501688867274
09,007,0001,1015,0900700011015,6358,3.8033888249836134
09,007,0001,1034,0900700011034,6566,3.8173670162875943
09,007,0001,1049,0900700011049,4690,3.6712654329471586
09,007,0001,1053,0900700011053,7253,3.8605775512444156
09,007,0001,1087,0900700011087,5902,3.7710727832211948
09,007,0001,1091,0900700011091,4232,3.6266482684740105
09,007,0001,1104,0900700011104,6367,3.8040030547296126
09,007,0001,1123,0900700011123,3739,3.5728716022004803
09,007,0001,1138,0900700011138,4768,3.6784273224338673
09,007,0001,1142,0900700011142,3200,3.5052856741441323
09,007,0001,1157,0900700011157,2662,3.425371166438941
09,007,0001,1176,0900700011176,2180,3.3386556655787003
09,007,0001,1180,0900700011180,2051,3.3121773564397787
09,007,0001,1195,0900700011195,3664,3.564073978977147
09,007,0001,1208,0900700011208,991,2.9965116721541785
09,007,0001,1227,0900700011227,5183,3.714664992862537
09,007,0001,1246,0900700011246,4327,3.636287252098513
09,007,0001,1250,0900700011250,3051,3.484584529282843
09,007,0001,1265,0900700011265,3915,3.5928426831311002
09,007,0001,127A,090070001127A,2174,3.337459261290656
09,007,0001,1284,0900700011284,1379,3.1398790864012365
09,007,0001,1299,0900700011299,3461,3.539327063539375
09,007,0001,1301,0900700011301,4045,3.607025878434786
09,007,0001,1316,0900700011316,3355,3.5258219521566625
09,007,0001,1335,0900700011335,0,0.0
09,007,0001,134A,090070001134A,4839,3.6848453616444123
09,007,0001,1354,0900700011354,5489,3.739572344450092
09,007,0001,1369,0900700011369,6296,3.7991336933020627
09,007,0001,1388,0900700011388,5484,3.73917663191073
09,007,0001,141A,090070001141A,4046,3.6071332043915665
09,007,0001,1424,0900700011424,2881,3.4596939764779706
09,007,0001,1439,0900700011439,2585,3.4126285205443754
09,007,0001,1443,0900700011443,1973,3.295347148333618
09,007,0001,1458,0900700011458,1726,3.237292337567459
09,007,0001,1462,0900700011462,2160,3.3346547668832414
09,007,0001,1477,0900700011477,2157,3.334051440346892
09,007,0001,1481,0900700011481,2435,3.3866772839608377
09,007,0001,1496,0900700011496,2524,3.40226138245468
09,007,0001,1509,0900700011509,4535,3.65667304588485
09,007,0001,1513,0900700011513,5064,3.704579449696299
09,007,0001,1566,0900700011566,9689,3.986323777050765
09,007,0001,1585,0900700011585,0,0.0
09,007,0001,159A,090070001159A,6649,3.8228216453031045
09,007,0001,1621,0900700011621,4393,3.6428600525844916
09,007,0001,1636,0900700011636,2883,3.4599952560473914
09,007,0001,1640,0900700011640,4166,3.619823500457278
09,007,0001,1655,0900700011655,2448,3.388988785124714
09,007,0001,166A,090070001166A,3498,3.5439439424829065
09,007,0001,1674,0900700011674,3237,3.510276844417355
09,007,0001,1689,0900700011689,2788,3.44544851426605
09,007,0001,1693,0900700011693,2012,3.3038437748886547
09,007,0001,1706,0900700011706,7319,3.864511081058392
09,007,0001,1710,0900700011710,7600,3.8808707325324234
09,007,0001,1759,0900700011759,3567,3.5524248457040857
09,007,0001,1763,0900700011763,6474,3.8112397727532894
09,007,0001,1778,0900700011778,6931,3.8408585540418794
09,007,0001,1814,0900700011814,3694,3.5676144427308447
09,007,0001,1833,0900700011833,3848,3.585347911094591
09,007,0001,1848,0900700011848,3531,3.548020694905531
09,007,0001,1852,0900700011852,5424,3.734399742520567
09,007,0001,1867,0900700011867,11278,4.052270596656749
09,007,0001,1890,0900700011890,5546,3.7440581658788354
09,007,0001,1918,0900700011918,4953,3.694956002249818
09,007,0001,1941,0900700011941,4248,3.6282867310895144
09,007,0001,1960,0900700011960,3765,3.575880315680646
09,007,0001,1975,0900700011975,3499,3.5440680443502757
09,007,0001,198A,090070001198A,6035,3.7807492311035524
09,007,0001,1994,0900700011994,13946,4.144480800902749
09,007,0001,2047,0900700012047,9950,3.997866726239145
09,007,0001,2051,0900700012051,11206,4.049489371933556
09,007,0001,2070,0900700012070,4041,3.606596309179285
09,007,0001,2085,0900700012085,5799,3.7634279935629373
09,007,0001,209A,090070001209A,3734,3.5722906061514177
09,007,0001,2102,0900700012102,3577,3.553640336231354
09,007,0001,2117,0900700012117,3108,3.492620722043192
09,007,0001,2121,0900700012121,146,2.167317334748176
09,007,0001,2140,0900700012140,7841,3.894426837964188
09,007,0001,2155,0900700012155,3769,3.576341350205793
09,007,0001,216A,090070001216A,3673,3.5651391519697895
09,007,0001,2174,0900700012174,2349,3.3710678622717363
09,007,0001,2189,0900700012189,2349,3.3710678622717363
09,007,0001,2193,0900700012193,2575,3.4109458586877746
09,007,0001,2206,0900700012206,1638,3.214578953570499
09,007,0001,2371,0900700012371,1682,3.226084115975824
09,007,0001,2386,0900700012386,3610,3.5576274884268266
09,007,0001,2390,0900700012390,3965,3.598352709869284
09,007,0001,2403,0900700012403,293,2.4683473304121573
09,007,0001,2437,0900700012437,5076,3.705607163404605
09,007,0001,2441,0900700012441,4457,3.649140064144219
09,007,0001,2456,0900700012456,4606,3.6634182122526795
09,007,0001,2460,0900700012460,4473,3.6506959797606107
09,007,0001,2475,0900700012475,68,1.8388490907372552
09,007,0001,2494,0900700012494,1941,3.288249225571986
09,007,0001,2507,0900700012507,2181,3.338854746252323
09,007,0001,2511,0900700012511,996,2.998695158311656
09,007,0001,2526,0900700012526,1056,3.024074987307426
09,007,0001,2530,0900700012530,10096,4.004192356259714
09,007,0001,2545,0900700012545,6946,3.841797298874355
09,007,0001,255A,090070001255A,4901,3.690373306916059
09,007,0001,2564,0900700012564,6800,3.83257277484618
09,007,0001,2579,0900700012579,4417,3.6452257115354163
09,007,0001,2600,0900700012600,4667,3.6691308473733324
09,007,0001,2615,0900700012615,7690,3.8859828113549733
09,007,0001,262A,090070001262A,5432,3.7350397050337207
09,007,0001,2634,0900700012634,4200,3.623352681537992
09,007,0001,2649,0900700012649,4309,3.6344772701607315
09,007,0001,2653,0900700012653,3427,3.5350408132511606
09,007,0001,2668,0900700012668,3460,3.539201599294128
09,007,0001,2672,0900700012672,1034,3.0149403497929366
09,007,0001,2687,0900700012687,4656,3.668106237932731
09,007,0001,2691,0900700012691,7217,3.858416877723488
09,007,0001,2704,0900700012704,5016,3.7004441010277516
09,007,0001,2719,0900700012719,4678,3.67015304519218
09,007,0001,2723,0900700012723,3252,3.5122840632818537
09,007,0001,2738,0900700012738,6698,3.8260099777911005
09,007,0001,2757,0900700012757,5483,3.739097446117475
09,007,0001,2776,0900700012776,7954,3.9006401839826004
09,007,0001,2780,0900700012780,6872,3.83714634390906
09,007,0001,2795,0900700012795,4830,3.6840370374865197
09,007,0001,2808,0900700012808,4320,3.63558426631123
09,007,0001,2812,0900700012812,3581,3.554125581513013
09,007,0001,2831,0900700012831,4795,3.6808791744268112
09,007,0001,2846,0900700012846,4936,3.6934631272195313
09,007,0001,2850,0900700012850,3639,3.561101383649056
09,007,0001,287A,090070001287A,2859,3.456366033129043
09,007,0001,2884,0900700012884,3464,3.5397032389478253
09,007,0001,2899,0900700012899,6559,3.8169038393756605
09,007,0001,2901,0900700012901,7668,3.8847387377696316
09,007,0001,2920,0900700012920,5442,3.735838334317074
09,007,0001,2935,0900700012935,5663,3.7531232446817127
09,007,0001,294A,090070001294A,3012,3.478999131673357
09,007,0001,2954,0900700012954,1974,3.295567099962479
09,007,0001,2969,0900700012969,2472,3.3932241163612975
09,007,0001,2973,0900700012973,3752,3.5743785644130823
09,007,0001,2988,0900700012988,7510,3.875697761980208
09,007,0001,3026,0900700013026,2493,3.396896449142524
09,007,0001,3030,0900700013030,5682,3.7545776560447304
09,007,0001,3045,0900700013045,6787,3.8317418336456384
09,007,0001,305A,090070001305A,6494,3.812579155409047
09,007,0001,3064,0900700013064,7629,3.8825245379548803
09,007,0001,3079,0900700013079,6741,3.828788748184953
09,007,0001,3083,0900700013083,5621,3.749890841271422
09,007,0001,3100,0900700013100,5076,3.705607163404605
09,007,0001,3115,0900700013115,5980,3.776773802412107
09,007,0001,3134,0900700013134,1927,3.285107029566812
09,007,0001,3149,0900700013149,3862,3.5869247081448203
09,007,0001,3153,0900700013153,3560,3.5515719736742537
09,007,0001,3204,0900700013204,6595,3.8192806469724814
09,007,0001,3219,0900700013219,7613,3.8816128724783483
09,007,0001,3223,0900700013223,7231,3.859258417467307
09,007,0001,3238,0900700013238,6000,3.7782236267660965
09,007,0001,3242,0900700013242,8092,3.908109540392552
09,007,0001,3257,0900700013257,4049,3.6074550232146687
09,007,0001,3276,0900700013276,6422,3.8077379220141006
09,007,0001,3295,0900700013295,5190,3.7152510288788494
09,007,0001,3327,0900700013327,7178,3.8560639533331
09,007,0001,3346,0900700013346,6680,3.8248414717537007
09,007,0001,3365,0900700013365,2467,3.392345155361204
09,007,0001,337A,090070001337A,7522,3.8763910618191875
09,007,0001,3401,0900700013401,7248,3.860278099752235
09,007,0001,3420,0900700013420,4302,3.6337713460825554
09,007,0001,3488,0900700013488,4965,3.6960067152185454
09,007,0001,3492,0900700013492,5625,3.750199727829182
09,007,0001,3505,0900700013505,5709,3.756636108245848
09,007,0001,351A,090070001351A,5705,3.7563317673210577
09,007,0001,3539,0900700013539,4545,3.657629431388952
09,007,0001,3558,0900700013558,1463,3.165541076722373
09,007,0001,3562,0900700013562,1809,3.2576785748691846
09,007,0001,3577,0900700013577,2169,3.3364597338485296
09,007,0001,3581,0900700013581,3942,3.5958267770732233
09,007,0001,3596,0900700013596,4594,3.66228551572213
09,007,0001,3613,0900700013613,1441,3.15896526038341
09,007,0001,3628,0900700013628,1158,3.064083435963596
09,007,0001,3632,0900700013632,6682,3.824971461123693
09,007,0001,3647,0900700013647,2443,3.3881012015705165
09,007,0001,3651,0900700013651,2692,3.4302363534115106
09,007,0001,3666,0900700013666,1770,3.248218561190075
09,007,0001,3670,0900700013670,4143,3.6174197467371765
09,007,0001,369A,090070001369A,2858,3.456214155357989
09,007,0001,3702,0900700013702,2668,3.4263485737875077
09,007,0001,3717,0900700013717,2261,3.3544926005894364
09,007,0001,3721,0900700013721,4549,3.6580113966571126
09,007,0001,3740,0900700013740,4482,3.651568738865792
09,007,0001,3755,0900700013755,3456,3.5386993795424067
09,007,0001,376A,090070001376A,1613,3.2079035303860515
09,007,0001,3774,0900700013774,3474,3.540954808926133
09,007,0001,3789,0900700013789,3719,3.5705429398818973
09,007,0001,3793,0900700013793,4417,3.6452257115354163
09,007,0001,3806,0900700013806,2080,3.318272080211627
09,007,0001,3810,0900700013810,5245,3.7198282862543346
09,007,0001,3825,0900700013825,3400,3.531606631932722
09,007,0001,383A,090070001383A,3575,3.55339751012388
09,007,0001,3844,0900700013844,1550,3.190611797813605
09,007,0001,3859,0900700013859,2090,3.3203540328176717
09,007,0001,3863,0900700013863,4153,3.6184664921990803
09,007,0001,3897,0900700013897,3937,3.5952757118020995
09,007,0001,390A,090070001390A,4006,3.6028193424326997
09,007,0001,3914,0900700013914,5355,3.7288405683399715
09,007,0001,3967,0900700013967,3638,3.5609820555862353
09,007,0001,3971,0900700013971,4809,3.682145076373832
09,007,0001,3986,0900700013986,2232,3.348888723071438
09,007,0001,3990,0900700013990,3618,3.5585885831081994
09,007,0001,401A,090070001401A,2883,3.4599952560473914
09,007,0001,4024,0900700014024,8391,3.9238654751855013
09,007,0001,4039,0900700014039,5385,3.731266349075492
09,007,0001,4043,0900700014043,4417,3.6452257115354163
09,007,0001,4058,0900700014058,3227,3.5089335260500327
09,007,0001,4062,0900700014062,2990,3.475816413031318
09,007,0001,4077,0900700014077,4751,3.6768764319731373
09,007,0001,4081,0900700014081,5245,3.7198282862543346
09,007,0001,4096,0900700014096,6341,3.80222623769107
09,007,0001,4109,0900700014109,7678,3.8853046675889678
09,007,0001,4113,0900700014113,2033,3.308350948586726
09,007,0001,4128,0900700014128,1861,3.269979676645324
09,007,0001,4147,0900700014147,508,2.7067177823367587
09,007,0001,4151,0900700014151,1449,3.161368002234975
09,007,0001,4166,0900700014166,2650,3.4234097277330933
09,007,0001,4170,0900700014170,4478,3.651181062444688
09,007,0001,4185,0900700014185,3902,3.5913985512812485
09,007,0001,419A,090070001419A,3319,3.5211380837040362
09,007,0001,4202,0900700014202,3513,3.545801757159276
09,007,0001,4217,0900700014217,3246,3.5114822886260013
09,007,0001,4236,0900700014236,8000,3.9031442704095385
09,007,0001,4240,0900700014240,5046,3.703033304733686
09,007,0001,426A,090070001426A,5157,3.712481337801919
09,007,0001,4274,0900700014274,6175,3.7907072873276797
09,007,0001,4289,0900700014289,3047,3.4840149626675627
09,007,0001,4293,0900700014293,5256,3.720737977018425
09,007,0001,4306,0900700014306,1814,3.258876629372131
09,007,0001,4310,0900700014310,2911,3.4641913706409997
09,007,0001,4325,0900700014325,1681,3.2258259914618934
09,007,0001,433A,090070001433A,4019,3.60422605308447
09,007,0001,4344,0900700014344,2790,3.445759836488631
09,007,0001,4359,0900700014359,2616,3.417803722639881
09,007,0001,4363,0900700014363,6175,3.7907072873276797
09,007,0001,4382,0900700014382,2196,3.3418300569205104
09,007,0001,4397,0900700014397,1640,3.215108581053093
09,007,0001,440A,090070001440A,1408,3.1489109931093564
09,007,0001,4414,0900700014414,8028,3.9046614579155245
09,007,0001,4429,0900700014429,2049,3.311753861055754
09,007,0001,4433,0900700014433,3751,3.5742628297070267
09,007,0001,4448,0900700014448,2475,3.39375064034808
09,007,0001,4452,0900700014452,1960,3.292477593667784
09,007,0001,4467,0900700014467,2193,3.3412366232386925
09,007,0001,4471,0900700014471,2274,3.3569814009931314
09,007,0001,4503,0900700014503,4051,3.607669436688243
09,007,0001,4522,0900700014522,749,2.8750612633917
09,007,0001,4537,0900700014537,829,2.9190780923760737
09,007,0001,4541,0900700014541,1011,3.0051805125037805
09,007,0001,4556,0900700014556,1063,3.0269416279590295
09,007,0001,4560,0900700014560,969,2.9867717342662448
09,007,0001,4575,0900700014575,528,2.7234556720351857
09,007,0001,4594,0900700014594,1164,3.0663259253620376
09,007,0001,4611,0900700014611,751,2.876217840591642
09,007,0001,4645,0900700014645,1184,3.0737183503461227
09,007,0001,465A,090070001465A,2794,3.446381812222442
09,007,0001,4664,0900700014664,3439,3.53655844257153
09,007,0001,4679,0900700014679,440,2.6444385894678386
09,007,0001,4683,0900700014683,2771,3.442793225939769
09,007,0001,4698,0900700014698,3320,3.5212688755983854
09,007,0001,4715,0900700014715,32,1.5185139398778875
09,007,0001,472A,090070001472A,5525,3.7424108805804925
09,007,0001,4734,0900700014734,11587,4.0640084865317245
09,007,0001,4749,0900700014749,6128,3.78738962135211
09,007,0001,4768,0900700014768,3740,3.572987708198205
09,007,0001,4772,0900700014772,4280,3.631545227834309
09,007,0001,4791,0900700014791,2135,3.3296012483565187
09,007,0001,4804,0900700014804,2676,3.4276483711869328
09,007,0001,4838,0900700014838,1560,3.1934029030624176
09,007,0001,4842,0900700014842,1895,3.2778383330020473
09,007,0001,4857,0900700014857,5508,3.7410727723733213
09,007,0001,4861,0900700014861,3584,3.554489160003819
09,007,0001,4876,0900700014876,5532,3.7429606702141522
09,007,0001,4880,0900700014880,5581,3.7467898321526123
09,007,0001,4895,0900700014895,3426,3.534914104429867
09,007,0001,4908,0900700014908,5488,3.739493230781615
09,007,0001,4912,0900700014912,6803,3.8327643049405316
09,007,0001,4927,0900700014927,6812,3.8333383889393975
09,007,0001,4931,0900700014931,5485,3.739255803268511
09,007,0001,4946,0900700014946,5350,3.728434950974255
09,007,0001,4965,0900700014965,4114,3.6143698395482886
09,007,0001,497A,090070001497A,1927,3.285107029566812
09,007,0001,4984,0900700014984,4002,3.602385590105105
09,007,0001,4999,0900700014999,3431,3.535547279176668
09,007,0001,5003,0900700015003,3643,3.5615783683009608
09,007,0001,5018,0900700015018,2989,3.4756711883244296
09,007,0001,5037,0900700015037,2646,3.422753941301348
09,007,0001,5041,0900700015041,3291,3.5174598265402324
09,007,0001,5056,0900700015056,806,2.90687353472207
09,007,0001,5060,0900700015060,5931,3.7732011423563443
09,007,0001,5075,0900700015075,3792,3.5789828427027905
09,007,0001,508A,090070001508A,3945,3.5961570809161723
09,007,0001,5094,0900700015094,1516,3.1809855807867304
09,007,0001,5107,0900700015107,4853,3.686099771995916
09,007,0001,5111,0900700015111,7653,3.8838884578884807
09,007,0001,5126,0900700015126,4853,3.686099771995916
09,007,0001,5130,0900700015130,2592,3.4138025167693513
09,007,0001,5145,0900700015145,4478,3.651181062444688
09,007,0001,515A,090070001515A,1634,3.2135177569963047
09,007,0001,5179,0900700015179,1573,3.1970047280230456
09,007,0001,5183,0900700015183,3932,3.5947239464097467
09,007,0001,5198,0900700015198,5541,3.743666521446213
09,007,0001,5200,0900700015200,4699,3.6720978579357175
09,007,0001,5215,0900700015215,5858,3.767823498007517
09,007,0001,522A,090070001522A,2314,3.364550995353972
09,007,0001,5249,0900700015249,3208,3.506369717095504
09,007,0001,5253,0900700015253,4458,3.6492374723496073
09,007,0001,5268,0900700015268,5103,3.707910665713106
09,007,0001,5272,0900700015272,3347,3.5247854493212225
09,007,0001,5287,0900700015287,2360,3.373095987078727
09,007,0001,5291,0900700015291,3411,3.5330090224954853
09,007,0001,5304,0900700015304,5300,3.7243578042264267
09,007,0001,5319,0900700015319,3414,3.5333907080175515
09,007,0001,5323,0900700015323,3240,3.51067903103221
09,007,0001,5338,0900700015338,6974,3.8435442119456353
09,007,0001,5342,0900700015342,5210,3.7169210731667612
09,007,0001,5357,0900700015357,3042,3.483301952358167
09,007,0001,5361,0900700015361,2123,3.3271545124094315
09,007,0001,5376,0900700015376,961,2.983175072037813
09,007,0001,5380,0900700015380,8787,3.943890048248473
09,007,0001,5395,0900700015395,3565,3.5521813388393357
09,007,0001,5408,0900700015408,2285,3.359076226059263
09,007,0001,5412,0900700015412,2677,3.42781057267599
09,007,0001,5427,0900700015427,4283,3.631849462159818
09,007,0001,5431,0900700015431,2463,3.3916407034923877
09,007,0001,5446,0900700015446,4124,3.6154239528859438
09,007,0001,5450,0900700015450,3458,3.5389505620143615
09,007,0001,5465,0900700015465,1777,3.249931756634195
09,007,0001,547A,090070001547A,3413,3.5332635167787148
09,007,0001,5484,0900700015484,4151,3.6182573448404014
09,007,0001,5499,0900700015499,4474,3.650793039651931
09,007,0001,5501,0900700015501,6014,3.7792356316758635
09,007,0001,5516,0900700015516,4913,3.691435152144062
09,007,0001,5520,0900700015520,3557,3.5512059437479064
09,007,0001,5535,0900700015535,4112,3.614158709509175
09,007,0001,554A,090070001554A,2658,3.424718337331567
09,007,0001,5554,0900700015554,2894,3.4616485680634552
09,007,0001,5569,0900700015569,4114,3.6143698395482886
09,007,0001,5573,0900700015573,3451,3.538070787043172
09,007,0001,5588,0900700015588,4157,3.6188844849954505
09,007,0001,5592,0900700015592,1833,3.263399331334002
09,007,0001,5605,0900700015605,4180,3.621280167550415
09,007,0001,561A,090070001561A,1261,3.1010593549081156
09,007,0001,5624,0900700015624,3644,3.5616975326539935
09,007,0001,5639,0900700015639,1737,3.2400497721126476
09,007,0001,5643,0900700015643,836,2.92272545799326
09,007,0001,5658,0900700015658,7959,3.900913067737669
09,007,0001,5662,0900700015662,2312,3.3641756327706194
09,007,0001,5677,0900700015677,5416,3.733758835587203
09,007,0001,5681,0900700015681,6838,3.83499260373303
09,007,0001,5696,0900700015696,1765,3.24699069924155
09,007,0001,5709,0900700015709,2911,3.4641913706409997
09,007,0001,5713,0900700015713,3338,3.523616419054371
09,007,0001,5728,0900700015728,1591,3.20194306340165
09,007,0001,5732,0900700015732,2692,3.4302363534115106
09,007,0001,5747,0900700015747,1979,3.296665190261531
09,007,0001,5751,0900700015751,1984,3.297760511099134
09,007,0001,5766,0900700015766,2047,3.3113299523037933
09,007,0001,5770,0900700015770,1531,3.185258765296585
09,007,0001,5785,0900700015785,500,2.699837725867246
09,007,0001,579A,090070001579A,364,2.5622928644564746
09,007,0001,5802,0900700015802,463,2.6665179805548807
09,007,0001,5817,0900700015817,504,2.7032913781186614
09,007,0001,5821,0900700015821,468,2.6711728427150834
09,007,0001,5836,0900700015836,492,2.69284691927723
09,007,0001,5840,0900700015840,755,2.8785217955012063
09,007,0001,5855,0900700015855,560,2.7489628612561616
09,007,0001,586A,090070001586A,2523,3.402089350572097
09,007,0001,5874,0900700015874,1628,3.2119210843085093
09,007,0001,5889,0900700015889,2195,3.3416323357780544
09,007,0001,5893,0900700015893,5778,3.7618526944663833
09,007,0001,5906,0900700015906,3780,3.5776066773625357
09,007,0001,5910,0900700015910,3698,3.568084331315394
09,007,0001,5925,0900700015925,3653,3.562768543016519
09,007,0001,593A,090070001593A,3627,3.5596672783880576
09,008,0001,0014,0900800010014,1704,3.2317243833285163
09,008,0001,0029,0900800010029,1293,3.1119342763326814
09,008,0001,0033,0900800010033,594,2.7745169657285498
09,008,0001,0048,0900800010048,2569,3.4099331233312946
09,008,0001,0052,0900800010052,2382,3.377124042346456
09,008,0001,0067,0900800010067,771,2.887617300335736
09,008,0001,0071,0900800010071,1074,3.031408464251624
09,008,0001,0086,0900800010086,3234,3.5098742850047193
09,008,0001,0090,0900800010090,6182,3.7911992464988753
09,008,0001,0103,0900800010103,5677,3.7541953881898382
09,008,0001,0118,0900800010118,5588,3.747334109615905
09,008,0001,0122,0900800010122,1839,3.2648178230095364
09,008,0001,0137,0900800010137,7781,3.8910912264677235
09,008,0001,0141,0900800010141,4742,3.6760531246518715
09,008,0001,0156,0900800010156,3779,3.5774917998372255
09,008,0001,0160,0900800010160,4021,3.6044420662607233
09,008,0001,0175,0900800010175,1415,3.15106325335375
09,008,0001,018A,090080001018A,2321,3.365862215402555
09,008,0001,0194,0900800010194,3249,3.5118833609788744
09,008,0001,0207,0900800010207,5197,3.715836275164994
09,008,0001,0211,0900800010211,5516,3.74170298395774
09,008,0001,0226,0900800010226,3917,3.5930644316587177
09,008,0001,0230,0900800010230,4286,3.6321534835106326
09,008,0001,0245,0900800010245,2847,3.4545399849648186
09,008,0001,025A,090080001025A,3734,3.5722906061514177
09,008,0001,0264,0900800010264,5201,3.716170347859854
09,008,0001,0283,0900800010283,4642,3.666798683666174
09,008,0001,0298,0900800010298,2262,3.3546845539547285
09,008,0001,0300,0900800010300,6547,3.816108670739904
09,008,0001,0315,0900800010315,4031,3.6055205234374688
09,008,0001,032A,090080001032A,5394,3.7319914490189294
09,008,0001,0334,0900800010334,2848,3.454692449239477
09,008,0001,0349,0900800010349,9652,3.9846623061901068
09,008,0001,0353,0900800010353,4361,3.6396856612426816
09,008,0001,0387,0900800010387,9890,3.9952402018628153
09,008,0001,0404,0900800010404,8605,3.9348013417465366
09,008,0001,0423,0900800010423,8887,3.9488040459328113
09,008,0001,0438,0900800010438,6170,3.7903555464143865
09,008,0001,0457,0900800010457,7657,3.8841153620116686
09,008,0001,0461,0900800010461,9520,3.9786825651569444
09,008,0001,0476,0900800010476,6192,3.791901080009571
09,008,0001,0495,0900800010495,4250,3.628491104967123
09,008,0001,0508,0900800010508,1233,3.091315159697223
09,008,0001,0512,0900800010512,8047,3.9056879677118523
09,008,0001,0527,0900800010527,8287,3.9184497424011577
09,008,0001,0531,0900800010531,4235,3.6269559514354475
09,008,0001,0546,0900800010546,5931,3.7732011423563443
09,008,0001,0550,0900800010550,6008,3.7788022040132385
09,008,0001,0565,0900800010565,4313,3.6348801407665263
09,008,0001,057A,090080001057A,9341,3.970439862951764
09,008,0001,0584,0900800010584,5314,3.7255032688593155
09,008,0001,0599,0900800010599,1898,3.2785249647370174
09,009,0001,0026,0900900010026,3378,3.5287881917748964
09,009,0001,0308,0900900010308,3177,3.5021538928713607
09,009,0001,0312,0900900010312,4448,3.6482624057480444
09,009,0001,0327,0900900010327,2324,3.3664229572259727
09,009,0001,0331,0900900010331,2761,3.4412236742426123
09,009,0001,0492,0900900010492,416,2.6201360549737576
09,009,0001,0505,0900900010505,722,2.859138297294531
09,009,0001,0562,0900900010562,987,2.9947569445876283
09,009,0011,0401,0900900110401,10423,4.0180344027045285
09,009,0011,0416,0900900110416,3231,3.5094713521025485
09,009,0011,0420,0900900110420,7426,3.8708134239155974
09,009,0011,0435,0900900110435,5442,3.735838334317074
09,009,0011,051A,090090011051A,971,2.9876662649262746
09,009,0011,0543,0900900110543,275,2.4409090820652177
09,009,0015,012A,090090015012A,4933,3.6931991451537174
09,009,0017,0365,0900900170365,4952,3.694868327982456
09,009,0017,037A,090090017037A,3368,3.52750101098112
09,009,0017,0384,0900900170384,3799,3.57978359661681
09,009,0017,0399,0900900170399,1635,3.2137832993353044
09,009,0017,0558,0900900170558,165,2.220108088040055
09,009,0024,0191,0900900240191,5998,3.778078861937455
09,009,0024,0204,0900900240204,4866,3.687261346243506
09,009,0024,0219,0900900240219,4502,3.653501946962933
09,009,0024,0577,0900900240577,1152,3.061829307294699
09,009,0024,0581,0900900240581,382,2.583198773968623
09,009,0024,0596,0900900240596,681,2.833784374656479
09,009,0024,0651,0900900240651,134,2.130333768495006
09,009,0029,044A,090090029044A,1588,3.2011238972073794
09,009,0029,0454,0900900290454,1395,3.144885418287142
09,009,0029,0469,0900900290469,3035,3.4823017672234426
09,009,0029,0473,0900900290473,3057,3.485437481076301
09,009,0029,0609,0900900290609,159,2.2041199826559246
09,009,0033,0346,0900900330346,5875,3.769081787118219
09,009,0033,0350,0900900330350,9142,3.961088719767896
09,009,0033,0488,0900900330488,1830,3.2626883443016963
09,009,0036,0223,0900900360223,3527,3.547528576459782
09,009,0036,0238,0900900360238,3357,3.5260806918020298
09,009,0036,0242,0900900360242,4831,3.6841269256130755
09,009,0152,0613,0900901520613,2338,3.3690302218091532
09,009,0152,0628,0900901520628,1950,3.2902572693945182
09,009,0300,0632,0900903000632,2109,3.3242824552976926
09,009,0300,0647,0900903000647,1969,3.294466226161593
09,010,0001,0012,0901000010012,1720,3.2357808703275603
09,010,0001,0027,0901000010027,2510,3.3998467127129226
09,010,0001,0031,0901000010031,3440,3.5366846726209302
09,010,0001,0046,0901000010046,5330,3.726808682524964
09,010,0001,0050,0901000010050,4144,3.6175245348862926
09,010,0001,0065,0901000010065,5548,3.744214724814166
09,010,0001,0084,0901000010084,2608,3.4164740791002206
09,010,0001,0099,0901000010099,3822,3.582404298019028
09,010,0001,0101,0901000010101,1491,3.17376882313665
09,010,0001,0116,0901000010116,4232,3.6266482684740105
09,010,0001,0135,0901000010135,21198,4.326315374856817
09,010,0001,014A,090100001014A,4198,3.6231458746379395
09,010,0001,0169,0901000010169,2493,3.396896449142524
09,010,0001,0173,0901000010173,4303,3.6338722626583326
09,010,0001,0188,0901000010188,675,2.829946695941636
09,010,0001,0192,0901000010192,654,2.816241299991783
09,010,0001,0205,0901000010205,532,2.7267272090265724
09,010,0001,021A,090100001021A,678,2.8318697742805017
09,010,0001,0224,0901000010224,499,2.6989700043360187
09,010,0001,0239,0901000010239,975,2.9894498176666917
09,010,0001,0243,0901000010243,7522,3.8763910618191875
09,010,0001,0258,0901000010258,734,2.8662873390841948
09,010,0001,0262,0901000010262,451,2.655138434811382
09,010,0001,0277,0901000010277,456,2.6599162000698504
09,010,0001,0281,0901000010281,237,2.376576957056512
09,010,0001,0296,0901000010296,2489,3.3961993470957363
09,010,0001,0309,0901000010309,3842,3.584670384464349
09,010,0001,0313,0901000010313,5423,3.734319680859007
09,010,0001,0328,0901000010328,6914,3.8397921844453293
09,010,0001,0332,0901000010332,4719,3.673941998634088
09,010,0001,0347,0901000010347,3737,3.572639297042813
09,010,0001,0351,0901000010351,4430,3.646501750031612
09,010,0001,0370,0901000010370,3343,3.524266268766979
09,010,0001,0385,0901000010385,3058,3.485579476984679
09,010,0001,0417,0901000010417,1933,3.286456469746983
09,010,0001,0421,0901000010421,5467,3.7378285058957847
09,010,0001,0440,0901000010440,4748,3.676602169582018
09,010,0001,0455,0901000010455,3157,3.499412125672275
09,010,0001,0474,0901000010474,9421,3.9741430999022147
09,010,0001,0489,0901000010489,3751,3.5742628297070267
09,010,0001,0493,0901000010493,4638,3.6664243725187595
09,010,0001,0506,0901000010506,2719,3.4345689040341987
09,010,0001,0510,0901000010510,3573,3.5531545481696254
09,010,0001,0525,0901000010525,2348,3.370883016777606
09,010,0001,053A,090100001053A,4574,3.6603910984024672
09,010,0001,0544,0901000010544,2482,3.394976719554564
09,010,0001,0559,0901000010559,2371,3.375114684692225
09,010,0001,0563,0901000010563,9225,3.965013450272248
09,010,0001,0578,0901000010578,6964,3.8429211207599825
09,010,0001,0597,0901000010597,3848,3.585347911094591
09,010,0001,060A,090100001060A,2671,3.426836453803508
09,010,0001,0614,0901000010614,2078,3.317854489331469
09,010,0001,0629,0901000010629,2510,3.3998467127129226
09,010,0001,0633,0901000010633,1888,3.2762319579218335
09,010,0001,0648,0901000010648,1560,3.1934029030624176
09,010,0001,0667,0901000010667,5010,3.699924402742477
09,010,0001,0671,0901000010671,4314,3.6349808000512285
09,010,0001,0686,0901000010686,2695,3.4307198878632823
09,010,0001,0690,0901000010690,3546,3.549861188471943
09,010,0001,0703,0901000010703,1913,3.281941933440825
09,010,0001,0718,0901000010718,969,2.9867717342662448
09,010,0001,0722,0901000010722,2280,3.3581252852766488
09,010,0001,0737,0901000010737,621,2.7937903846908188
09,010,0001,0741,0901000010741,3250,3.5120169694961265
09,010,0001,0756,0901000010756,1488,3.1728946977521764
09,010,0001,0760,0901000010760,841,2.9253120914996495
09,010,0001,0775,0901000010775,1396,3.1451964061141817
09,010,0001,078A,090100001078A,1113,3.04688519083771
09,010,0001,0794,0901000010794,757,2.8796692056320534
09,010,0001,0807,0901000010807,1866,3.2711443179490782
09,010,0001,0811,0901000010811,1230,3.090258052931316
09,010,0001,0826,0901000010826,779,2.8920946026904804
09,010,0001,0830,0901000010830,774,2.88930170250631
09,010,0001,0845,0901000010845,1543,3.188647295999717
09,010,0001,0864,0901000010864,5942,3.7740057302582093
09,010,0001,0898,0901000010898,2279,3.357934847000454
09,010,0001,0900,0901000010900,2362,3.373463721632369
09,010,0001,0915,0901000010915,2776,3.4435758797502576
09,010,0001,092A,090100001092A,2553,3.4072208929273966
09,010,0001,0949,0901000010949,1094,3.0394141191761372
09,010,0001,0953,0901000010953,1943,3.288696260590256
09,010,0001,0968,0901000010968,4987,3.697926444806505
09,010,0001,0972,0901000010972,3219,3.507855871695831
09,010,0001,0987,0901000010987,1969,3.294466226161593
09,010,0001,0991,0901000010991,2679,3.428134794028789
09,010,0001,1006,0901000011006,2910,3.464042205438811
09,010,0001,1010,0901000011010,2582,3.412124406173317
09,010,0001,1025,0901000011025,681,2.833784374656479
09,010,0001,103A,090100001103A,1813,3.2586372827240764
09,010,0001,1044,0901000011044,2563,3.4089180208467798
09,010,0001,1059,0901000011059,3145,3.497758718287268
09,010,0001,1063,0901000011063,3028,3.481299273332856
09,010,0001,1078,0901000011078,5883,3.7696726640554923
09,010,0001,110A,090100001110A,3881,3.589055531052344
09,010,0001,1114,0901000011114,864,2.9370161074648142
09,010,0001,1129,0901000011129,1218,3.0860037056183818
09,010,0001,1133,0901000011133,2203,3.3432115901797474
09,010,0001,1148,0901000011148,5277,3.7224693858840308
09,010,0001,1152,0901000011152,2719,3.4345689040341987
09,010,0001,1171,0901000011171,13918,4.143608034837595
09,010,0001,1186,0901000011186,3320,3.5212688755983854
09,010,0001,1190,0901000011190,3425,3.5347873586294916
09,010,0001,1203,0901000011203,396,2.598790506763115
09,010,0001,1218,0901000011218,2825,3.45117215751254
09,010,0001,1222,0901000011222,4628,3.6654871807828107
09,010,0001,1237,0901000011237,4443,3.64777405026883
09,010,0001,1241,0901000011241,5752,3.759894374025499
09,010,0001,1260,0901000011260,3638,3.5609820555862353
09,010,0001,1275,0901000011275,3017,3.479719235439571
09,010,0001,128A,090100001128A,2309,3.3636119798921444
09,010,0001,1294,0901000011294,3322,3.521530341278711
09,010,0001,1307,0901000011307,2914,3.464638559095033
09,010,0001,1330,0901000011330,8619,3.9355072658247128
09,010,0001,1345,0901000011345,7215,3.8582965245338854
09,010,0001,135A,090100001135A,6908,3.8394151926838935
09,010,0001,1364,0901000011364,6072,3.7834032811225633
09,010,0001,1379,0901000011379,2298,3.361538971269279
09,010,0001,1434,0901000011434,5554,3.7446840632768863
09,010,0001,1453,0901000011453,4876,3.6881527555915663
09,010,0001,1468,0901000011468,2600,3.4151403521958725
09,010,0001,1472,0901000011472,3788,3.578524605274993
09,010,0001,1487,0901000011487,4629,3.6655809910179533
09,010,0001,1519,0901000011519,4650,3.6675463395115164
09,010,0001,1523,0901000011523,3528,3.5476516583599693
09,010,0001,1542,0901000011542,2898,3.4622482153549976
09,010,0001,1557,0901000011557,6638,3.82210266864692
09,010,0001,1561,0901000011561,3060,3.4858633295973345
09,010,0001,1580,0901000011580,6453,3.809828961067886
09,010,0001,1595,0901000011595,6197,3.792251571903264
09,010,0001,1627,0901000011627,5748,3.759592308645975
09,010,0001,1631,0901000011631,4992,3.6983615660551097
09,010,0001,1646,0901000011646,4731,3.675044735955893
09,010,0001,1650,0901000011650,4628,3.6654871807828107
09,010,0001,1665,0901000011665,1940,3.2880255353883627
09,010,0001,167A,090100001167A,8067,3.906765889540728
09,010,0001,1684,0901000011684,5661,3.752969865029084
09,010,0001,1699,0901000011699,9388,3.9726193390596234
09,010,0001,1716,0901000011716,7042,3.8477576883923312
09,010,0001,1720,0901000011720,4093,3.6121478383264867
09,010,0001,1735,0901000011735,9161,3.9619902874400648
09,010,0001,174A,090100001174A,9998,3.9999565683801923
09,010,0001,1754,0901000011754,3230,3.509336958017644
09,010,0001,1769,0901000011769,9985,3.999391561719091
09,010,0001,1773,0901000011773,4680,3.670338641127442
09,010,0001,1788,0901000011788,4219,3.625312450961674
09,010,0001,1792,0901000011792,3160,3.49982449583958
09,010,0001,1805,0901000011805,3603,3.5567847823070253
09,010,0001,181A,090100001181A,5355,3.7288405683399715
09,010,0001,1824,0901000011824,4908,3.6909930320998696
09,010,0001,1839,0901000011839,4896,3.689930104018218
09,010,0001,1843,0901000011843,8392,3.9239172231131056
09,010,0001,1858,0901000011858,12053,4.081131187131893
09,010,0001,1881,0901000011881,4044,3.606918525948291
09,010,0001,1913,0901000011913,3983,3.600319329751661
09,010,0001,1928,0901000011928,2144,3.331427296520743
09,010,0001,1932,0901000011932,2659,3.424881636631067
09,010,0001,1947,0901000011947,4280,3.631545227834309
09,010,0001,1951,0901000011951,6009,3.7788744720027396
09,010,0001,1966,0901000011966,3156,3.4992745818922173
09,010,0001,1970,0901000011970,4427,3.6462076122066853
09,010,0001,1985,0901000011985,4355,3.6390878710837375
09,010,0001,199A,090100001199A,3207,3.506234359612126
09,010,0001,2004,0901000012004,0,0.0
09,010,0001,2019,0901000012019,3273,3.5150786750759226
09,010,0001,2023,0901000012023,4169,3.6201360549737576
09,010,0001,2038,0901000012038,4207,3.6240757311456826
09,010,0001,2042,0901000012042,3847,3.5852350633657752
09,010,0001,2057,0901000012057,3669,3.5646660642520893
09,010,0001,2061,0901000012061,8541,3.9315595670908055
09,010,0001,2076,0901000012076,3152,3.4987239707479048
09,010,0001,2080,0901000012080,2501,3.398287305357401
09,010,0001,2095,0901000012095,5597,3.7480328941301435
09,010,0001,2108,0901000012108,3889,3.5899496013257077
09,010,0001,2112,0901000012112,9888,3.9951523768914536
09,010,0001,2131,0901000012131,1859,3.2695129442179165
09,010,0001,2146,0901000012146,2832,3.452246574520437
09,010,0001,2150,0901000012150,4588,3.6617180576946593
09,010,0001,2165,0901000012165,3201,3.505421327583281
09,010,0001,2184,0901000012184,1979,3.296665190261531
09,010,0001,2199,0901000012199,4398,3.643353961976863
09,010,0001,2201,0901000012201,3148,3.498172660636544
09,010,0001,2216,0901000012216,4171,3.6203442997544935
09,010,0001,2220,0901000012220,3537,3.5487578285737045
09,010,0001,2235,0901000012235,2796,3.4466924663715273
09,010,0001,224A,090100001224A,3148,3.498172660636544
09,010,0001,2254,0901000012254,4676,3.669967369908504
09,010,0001,2269,0901000012269,1809,3.2576785748691846
09,010,0001,2273,0901000012273,80,1.9084850188786497
09,010,0001,2288,0901000012288,5792,3.762903528499057
09,010,0001,2292,0901000012292,6933,3.840983837320378
09,010,0001,2305,0901000012305,4002,3.602385590105105
09,010,0001,231A,090100001231A,2927,3.4665710723863543
09,010,0001,2324,0901000012324,2742,3.4382258076045296
09,010,0001,2339,0901000012339,3534,3.5483894181329183
09,010,0001,2343,0901000012343,4863,3.6869935662646784
09,010,0001,2358,0901000012358,3083,3.4891143693789193
09,010,0001,2362,0901000012362,2279,3.357934847000454
09,010,0001,2377,0901000012377,2502,3.3984608496082234
09,010,0001,2381,0901000012381,21,1.3424226808222062
09,011,0001,001A,090110001001A,5957,3.775100498879025
09,011,0001,0039,0901100010039,6748,3.829239428141389
09,011,0001,0043,0901100010043,5601,3.7483431044875495
09,011,0001,0058,0901100010058,4075,3.610234175334389
09,011,0001,0077,0901100010077,3150,3.4984484031739997
09,011,0001,0096,0901100010096,3480,3.5417040232842885
09,011,0001,0113,0901100010113,2643,3.4222614508136027
09,011,0001,0128,0901100010128,3792,3.5789828427027905
09,011,0001,0132,0901100010132,5343,3.727866449467489
09,011,0001,0147,0901100010147,3155,3.4991369945373827
09,011,0001,0151,0901100010151,1796,3.2545480771089736
09,011,0001,0166,0901100010166,2853,3.4554539687786283
09,011,0001,0170,0901100010170,4060,3.608632989490037
09,011,0001,0185,0901100010185,4384,3.6419695977020594
09,011,0001,0202,0901100010202,3995,3.601625479553945
09,011,0001,0217,0901100010217,5895,3.770557474850995
09,011,0001,0240,0901100010240,3183,3.5029730590656314
09,011,0001,0255,0901100010255,1754,3.244277120801843
09,011,0001,026A,090110001026A,2090,3.3203540328176717
09,011,0001,0274,0901100010274,3768,3.576226137449605
09,011,0001,0289,0901100010289,3179,3.5024271199844326
09,011,0001,0306,0901100010306,2664,3.425697213362591
09,011,0001,0310,0901100010310,3465,3.539828558377898
09,011,0001,0325,0901100010325,3675,3.5653755027140734
09,011,0001,0344,0901100010344,1211,3.0835026198302673
09,011,0001,0359,0901100010359,2251,3.3525683861793087
09,011,0001,0363,0901100010363,2660,3.425044874551389
09,011,0001,0378,0901100010378,2181,3.338854746252323
09,011,0001,0382,0901100010382,1053,3.022840610876528
09,011,0001,0397,0901100010397,1728,3.2377949932739227
09,011,0001,040A,090110001040A,1655,3.219060332448861
09,011,0001,0414,0901100010414,1716,3.2347702951609163
09,011,0001,0433,0901100010433,2480,3.394626764272209
09,011,0001,0448,0901100010448,1599,3.2041199826559246
09,011,0001,0452,0901100010452,9689,3.986323777050765
09,011,0001,0575,0901100010575,5666,3.753353212641496
09,011,0001,0594,0901100010594,7502,3.8752349464501648
09,011,0001,0607,0901100010607,5135,3.710625015060797
09,011,0001,0626,0901100010626,3835,3.583878598498626
09,011,0001,0630,0901100010630,2814,3.449478399187365
09,011,0001,0645,0901100010645,4898,3.6901074394563307
09,011,0001,065A,090110001065A,3703,3.5686709780098966
09,011,0001,0664,0901100010664,6573,3.8178296997456056
09,011,0001,0679,0901100010679,3892,3.590284403718162
09,011,0001,0753,0901100010753,8372,3.9228810912082936
09,011,0001,0768,0901100010768,18,1.2787536009528289
09,011,0001,0772,0901100010772,2516,3.4008832155483626
09,011,0001,0804,0901100010804,183,2.2648178230095364
09,011,0001,0819,0901100010819,2145,3.3316297176299323
09,011,0001,0823,0901100010823,444,2.6483600109809315
09,011,0001,0927,0901100010927,3863,3.587037117743456
09,011,0001,0931,0901100010931,4259,3.629409599102719
09,011,0001,0946,0901100010946,3676,3.5654936298688624
09,011,0001,0950,0901100010950,7862,3.8955882756662628
09,011,0001,0984,0901100010984,4106,3.6135247028536526
09,011,0001,0999,0901100010999,2558,3.4080702858871854
09,011,0001,1056,0901100011056,1877,3.273695587930092
09,011,0001,1075,0901100011075,2196,3.3418300569205104
09,011,0001,108A,090110001108A,2415,3.3830969299490943
09,011,0001,1094,0901100011094,548,2.739572344450092
09,011,0001,1111,0901100011111,4445,3.647969458362972
09,011,0001,1145,0901100011145,3396,3.531095546870028
09,011,0001,122A,090110001122A,3513,3.545801757159276
09,011,0001,1234,0901100011234,2980,3.4743619760326307
09,011,0001,1249,0901100011249,5265,3.7214808547700495
09,011,0001,1253,0901100011253,2582,3.412124406173317
09,011,0001,1268,0901100011268,4936,3.6934631272195313
09,011,0001,1272,0901100011272,2822,3.450710878146919
09,011,0001,1287,0901100011287,1979,3.296665190261531
09,011,0001,1291,0901100011291,3091,3.4902394852462875
09,011,0001,1304,0901100011304,1301,3.114610984232173
09,011,0001,1319,0901100011319,1886,3.2757719001649312
09,011,0001,1323,0901100011323,702,2.846955325019824
09,011,0001,1338,0901100011338,3577,3.553640336231354
09,011,0001,1342,0901100011342,945,2.975891136401793
09,011,0001,1357,0901100011357,9088,3.958516103423041
09,011,0001,1361,0901100011361,4873,3.6878855248487055
09,011,0001,1376,0901100011376,7148,3.8542452970661185
09,011,0001,1380,0901100011380,2511,3.4000196350651586
09,011,0001,1395,0901100011395,1799,3.255272505103306
09,011,0001,1412,0901100011412,3617,3.558468562523795
09,011,0001,1427,0901100011427,5292,3.723701893991268
09,011,0001,1431,0901100011431,5167,3.7133225049870275
09,011,0001,1446,0901100011446,3561,3.551693915127225
09,011,0001,1450,0901100011450,3046,3.4838724542226736
09,011,0001,1465,0901100011465,4499,3.6532125137753435
09,011,0001,147A,090110001147A,4283,3.631849462159818
09,011,0001,1484,0901100011484,5241,3.719497016610582
09,011,0001,1499,0901100011499,6166,3.7900739484263046
09,011,0001,1535,0901100011535,1920,3.2835273648616936
09,011,0001,154A,090110001154A,2156,3.333850145102545
09,011,0011,072A,090110011072A,4723,3.6743098889414774
09,011,0011,1037,0901100111037,4071,3.6098077693287025
09,011,0011,1041,0901100111041,5116,3.7090154169721172
09,011,0021,0787,0901100210787,1696,3.229681842317676
09,011,0021,0791,0901100210791,406,2.60959440922522
09,011,0021,1003,0901100211003,11218,4.049954148022047
09,011,0021,1018,0901100211018,3055,3.485153349903652
09,011,0021,1022,0901100211022,2720,3.4347285417797577
09,011,0021,115A,090110021115A,8857,3.94733567594874
09,011,0021,1516,0901100211516,75,1.8808135922807914
09,011,0024,0734,0901100240734,2619,3.4183012913197452
09,011,0024,0749,0901100240749,306,2.4871383754771865
09,011,0024,1183,0901100241183,1088,3.037027879755775
09,011,0024,1408,0901100241408,832,2.9206450014067875
09,011,0024,1520,0901100241520,74,1.8750612633917
09,011,0026,0965,0901100260965,4504,3.6536947953150816
09,011,0026,097A,090110026097A,4795,3.6808791744268112
09,011,0026,1164,0901100261164,2209,3.3443922736851106
09,011,0026,1501,0901100261501,136,2.1367205671564067
09,011,0110,1107,0901101101107,3050,3.484442207642407
09,012,0001,0017,0901200010017,1691,3.228400358703005
09,012,0001,0021,0901200010021,671,2.8273692730538253
09,012,0001,0040,0901200010040,1162,3.0655797147284485
09,012,0001,0074,0901200010074,1813,3.2586372827240764
09,012,0001,0089,0901200010089,0,0.0
09,012,0001,0093,0901200010093,1875,3.2732328340430454
09,012,0001,0106,0901200010106,305,2.48572142648158
09,012,0001,0125,0901200010125,3367,3.527372082827612
09,012,0001,013A,090120001013A,3264,3.5138831856110926
09,012,0001,0144,0901200010144,2232,3.348888723071438
09,012,0001,0159,0901200010159,3220,3.5079907248196913
09,012,0001,0163,0901200010163,3244,3.511214701136388
09,012,0001,0178,0901200010178,2841,3.4536240735914507
09,012,0001,0182,0901200010182,6006,3.7786576319473553
09,012,0001,0197,0901200010197,1985,3.2979792441593623
09,012,0001,020A,090120001020A,1693,3.228913405994688
09,012,0001,0214,0901200010214,1867,3.2713768718940743
09,012,0001,0229,0901200010229,1868,3.271609301378832
09,012,0001,0233,0901200010233,3761,3.5754187912143602
09,012,0001,0248,0901200010248,576,2.7611758131557314
09,012,0001,0267,0901200010267,1902,3.2794387882870204
09,012,0001,0303,0901200010303,5375,3.7304592600457687
09,012,0001,0318,0901200010318,3591,3.5553363279952666
09,012,0001,0322,0901200010322,4837,3.684665864025861
09,012,0001,0337,0901200010337,4009,3.603144372620182
09,012,0001,0341,0901200010341,2923,3.465977368285823
09,012,0001,0360,0901200010360,4479,3.651278013998144
09,012,0001,0375,0901200010375,1884,3.2753113545418118
09,012,0001,038A,090120001038A,769,2.886490725172482
09,012,0001,0394,0901200010394,1458,3.1640552918934515
09,012,0001,0407,0901200010407,935,2.971275848738105
09,012,0001,0411,0901200010411,1095,3.0398105541483504
09,012,0001,0426,0901200010426,2154,3.3334472744967503
09,012,0001,0430,0901200010430,2844,3.45408227073109
09,012,0001,0445,0901200010445,2730,3.4363217001397333
09,012,0001,045A,090120001045A,3668,3.564547711755948
09,012,0001,0464,0901200010464,1353,3.1316186643491255
09,012,0001,0479,0901200010479,681,2.833784374656479
09,012,0001,0483,0901200010483,3367,3.527372082827612
09,012,0001,0498,0901200010498,2920,3.46553155697355
09,012,0001,0500,0901200010500,7264,3.86123561863404
09,012,0001,0515,0901200010515,4311,3.634678752178682
09,012,0001,052A,090120001052A,3220,3.5079907248196913
09,012,0001,0534,0901200010534,1952,3.2907022432878543
09,012,0001,0549,0901200010549,2808,3.448551739201578
09,012,0001,0553,0901200010553,4048,3.6073477767684134
09,012,0001,0568,0901200010568,3668,3.564547711755948
09,012,0001,0572,0901200010572,3323,3.5216610151120733
09,012,0001,0587,0901200010587,2820,3.450403086155366
09,012,0001,0591,0901200010591,938,2.972665592266111
09,012,0001,0604,0901200010604,4628,3.6654871807828107
09,012,0001,0619,0901200010619,3406,3.5323721335678773
09,012,0001,0623,0901200010623,3257,3.5129510799724906
09,012,0001,0638,0901200010638,3105,3.49220145139254
09,012,0001,0642,0901200010642,2514,3.400537989391946
09,012,0001,0657,0901200010657,1833,3.263399331334002
09,012,0001,0661,0901200010661,1039,3.0170333392987803
09,012,0001,0676,0901200010676,3407,3.5324995860946626
09,012,0001,0680,0901200010680,1570,3.1961761850399735
09,012,0001,0695,0901200010695,142,2.155336037465062
09,012,0001,0708,0901200010708,4664,3.668851648082519
09,012,0001,0712,0901200010712,2381,3.3769417571467586
09,012,0001,0727,0901200010727,2064,3.31492005599242
09,012,0001,0731,0901200010731,1730,3.238297067875394
09,012,0001,0746,0901200010746,1681,3.2258259914618934
09,012,0001,0750,0901200010750,1093,3.039017321997412
09,012,0001,0765,0901200010765,2229,3.3483048630481607
09,012,0001,077A,090120001077A,5418,3.733919151012391
09,012,0001,0784,0901200010784,3857,3.586362223307866
09,012,0001,0799,0901200010799,3477,3.5413295776666938
09,012,0001,0801,0901200010801,3896,3.5907304057926903
09,012,0001,0816,0901200010816,3627,3.5596672783880576
09,012,0001,0820,0901200010820,3260,3.513350798805957
09,012,0001,0835,0901200010835,2361,3.373279893277496
09,012,0001,084A,090120001084A,2339,3.369215857410143
09,012,0001,0854,0901200010854,1138,3.0565237240791006
09,012,0001,0869,0901200010869,4651,3.667639706056411
09,012,0001,0888,0901200010888,4587,3.66162340922923
09,012,0001,0892,0901200010892,5607,3.7488080049586023
09,012,0001,0905,0901200010905,4546,3.6577249542051082
09,012,0001,091A,090120001091A,3968,3.5986810989071634
09,012,0001,0924,0901200010924,5214,3.7172543127625497
09,012,0001,0939,0901200010939,3144,3.497620649781288
09,012,0001,0943,0901200010943,2352,3.3716219271760215
09,012,0001,0958,0901200010958,1529,3.184691430817599
09,012,0001,0962,0901200010962,1858,3.2692793897718984
09,012,0001,0977,0901200010977,221,2.346352974450639
09,012,0001,0981,0901200010981,2639,3.4216039268698313
09,012,0001,0996,0901200010996,695,2.842609239610562
09,012,0001,1000,0901200011000,1790,3.2530955858490316
09,012,0001,1015,0901200011015,1631,3.2127201544178425
09,012,0001,102A,090120001102A,3038,3.482730700079943
09,012,0001,1034,0901200011034,1194,3.0773679052841563
09,012,0001,1049,0901200011049,37,1.5797835966168101
09,012,0001,1053,0901200011053,1405,3.147985320683805
09,012,0001,1068,0901200011068,2082,3.318689269947746
09,012,0001,1072,0901200011072,9407,3.973497308732063
09,012,0001,1087,0901200011087,1070,3.029789470831856
09,012,0001,1091,0901200011091,977,2.9903388547876015
09,012,0001,1104,0901200011104,3069,3.4871383754771865
09,012,0001,1119,0901200011119,4921,3.6921416093667836
09,012,0001,1123,0901200011123,3913,3.5926208213219826
09,012,0001,1142,0901200011142,3328,3.522313795156667
09,012,0001,1157,0901200011157,5346,3.728110184100341
09,012,0001,1161,0901200011161,5990,3.777499319590365
09,012,0001,1176,0901200011176,3254,3.512550992904211
09,012,0001,1195,0901200011195,5300,3.7243578042264267
09,012,0001,1212,0901200011212,3550,3.5503506723016156
09,012,0001,1299,0901200011299,5328,3.726645720240912
09,012,0001,1316,0901200011316,6902,3.839037873388306
09,012,0001,1369,0901200011369,5374,3.730378468587643
09,012,0001,1388,0901200011388,3739,3.5728716022004803
09,012,0001,1424,0901200011424,4485,3.651859269246949
09,012,0001,1439,0901200011439,3716,3.570192561095726
09,012,0001,1443,0901200011443,4658,3.668292710448221
09,012,0001,1458,0901200011458,3878,3.5887197796000563
09,012,0001,1462,0901200011462,11014,4.041984501486787
09,012,0001,1477,0901200011477,6749,3.829303772831025
09,012,0001,1481,0901200011481,5592,3.747644819328248
09,012,0001,1496,0901200011496,8186,3.913124790389559
09,012,0001,1509,0901200011509,5341,3.727703883685354
09,012,0001,1513,0901200011513,5884,3.7697464671794534
09,012,0001,1547,0901200011547,2859,3.456366033129043
09,012,0001,1566,0901200011566,305,2.48572142648158
09,012,0001,1570,0901200011570,7052,3.848373883844602
09,012,0001,1585,0901200011585,1883,3.2750808984568587
09,012,0001,159A,090120001159A,3741,3.573103783163991
09,012,0001,1602,0901200011602,5746,3.7594411971336976
09,012,0001,1617,0901200011617,6711,3.8268519478206438
09,012,0001,1621,0901200011621,5835,3.766115283221414
09,012,0001,1636,0901200011636,4273,3.630834517828051
09,012,0001,1640,0901200011640,7425,3.87075494489014
09,012,0001,1655,0901200011655,1380,3.140193678578631
09,012,0001,173A,090120001173A,1732,3.238798562713917
09,012,0001,1744,0901200011744,4101,3.6129956560323473
09,012,0001,1759,0901200011759,6,0.8450980400142568
09,012,0001,1890,0901200011890,434,2.6384892569546374
09,012,0001,1903,0901200011903,1255,3.0989896394011773
09,012,0001,1918,0901200011918,2803,3.447778009294621
09,012,0001,1922,0901200011922,1080,3.03382569395331
09,012,0001,1937,0901200011937,1884,3.2753113545418118
09,012,0001,1941,0901200011941,1424,3.153814864344529
09,012,0001,1956,0901200011956,3097,3.491081413423187
09,012,0001,1960,0901200011960,2219,3.346352974450639
09,012,0001,1975,0901200011975,4266,3.630122642859312
09,012,0001,198A,090120001198A,1589,3.2013971243204513
09,012,0001,1994,0901200011994,3188,3.5036545192429593
09,012,0001,2009,0901200012009,7701,3.8866035142867124
09,012,0001,2013,0901200012013,8368,3.922673567858554
09,012,0001,2047,0901200012047,5793,3.762978490867743
09,012,0001,2051,0901200012051,4700,3.6721902511882525
09,012,0001,2066,0901200012066,3434,3.5359267413955693
09,012,0001,2070,0901200012070,1962,3.292920299600006
09,012,0001,2085,0901200012085,2529,3.403120521175818
09,012,0001,2102,0901200012102,2730,3.4363217001397333
09,012,0001,2121,0901200012121,13974,4.145351816558461
09,012,0001,2136,0901200012136,4691,3.671358003443492
09,012,0001,2140,0901200012140,6515,3.813981075636472
09,012,0001,2155,0901200012155,4856,3.6863681034730362
09,012,0001,216A,090120001216A,3015,3.4794313371977363
09,012,0001,2174,0901200012174,1993,3.2997251539756367
09,012,0001,2189,0901200012189,5279,3.722633922533812
09,012,0001,2193,0901200012193,5723,3.7576996250877386
09,012,0001,2206,0901200012206,4752,3.6769678142947586
09,012,0001,2210,0901200012210,4455,3.6489451821656727
09,012,0001,2225,0901200012225,6664,3.823800153749878
09,012,0001,223A,090120001223A,7153,3.8545489358129505
09,012,0001,2244,0901200012244,2254,3.3531465462139796
09,012,0001,2259,0901200012259,1778,3.250175948083925
09,012,0001,2263,0901200012263,6035,3.7807492311035524
09,012,0001,2278,0901200012278,3299,3.5185139398778875
09,012,0001,2282,0901200012282,5014,3.700270937356437
09,012,0001,2333,0901200012333,264,2.423245873936808
09,012,0001,2348,0901200012348,638,2.8055008581584002
09,012,0001,2352,0901200012352,915,2.9618954736678504
09,012,0001,2367,0901200012367,22,1.3617278360175928
09,012,0001,2371,0901200012371,17,1.255272505103306
09,012,0001,2386,0901200012386,153,2.187520720836463
09,012,0001,2441,0901200012441,10407,4.01736728355353
09,012,0001,2456,0901200012456,2522,3.4019172505175748
09,012,0019,2460,0901200192460,1532,3.185542154854375
09,012,0019,2475,0901200192475,1665,3.2216749970707688
09,012,0026,1528,0901200261528,7452,3.8723311212302507
09,012,0026,1532,0901200261532,6957,3.84248442441157
09,012,0026,166A,090120026166A,1406,3.1482940974347455
09,012,0026,1674,0901200261674,6579,3.8182258936139557
09,012,0026,1689,0901200261689,3496,3.5436956323092446
09,012,0026,1693,0901200261693,238,2.3783979009481375
09,012,0026,1706,0901200261706,1747,3.2425414282983844
09,012,0026,1710,0901200261710,785,2.895422546039408
09,012,0026,2297,0901200262297,1773,3.2489536154957075
09,012,0026,2314,0901200262314,71,1.8573324964312685
09,012,0026,2329,0901200262329,357,2.5538830266438746
09,012,0026,2390,0901200262390,65,1.8195439355418688
09,012,0026,2403,0901200262403,2553,3.4072208929273966
09,012,0026,2418,0901200262418,2997,3.4768316285122607
09,012,0026,2437,0901200262437,505,2.7041505168397992
09,012,0026,248A,090120026248A,301,2.4800069429571505
09,012,0027,1763,0901200271763,3975,3.5994463757252757
09,012,0027,1778,0901200271778,5838,3.7663384752512874
09,012,0027,1782,0901200271782,6970,3.8432950827365073
09,012,0027,1797,0901200271797,9291,3.9681092011281978
09,012,0027,180A,090120027180A,1369,3.1367205671564067
09,012,0027,2028,0901200272028,4151,3.6182573448404014
09,012,0027,2032,0901200272032,4369,3.640481436970422
09,012,0027,230A,090120027230A,1924,3.2844307338445193
09,012,0027,2422,0901200272422,3200,3.5052856741441323
09,012,0135,1227,0901201351227,4058,3.6084190513172856
09,013,0001,0014,0901300010014,6567,3.8174331441113845
09,013,0001,0029,0901300010029,2146,3.331832044436249
09,013,0001,0033,0901300010033,2991,3.4759615891924236
09,013,0001,0052,0901300010052,202,2.307496037913213
09,013,0001,0067,0901300010067,8457,3.9272676808108815
09,013,0001,0086,0901300010086,2233,3.34908316877959
09,013,0001,0090,0901300010090,7010,3.8457799671118895
09,013,0001,0122,0901300010122,3234,3.5098742850047193
09,013,0001,0137,0901300010137,3296,3.518118947143153
09,013,0001,0160,0901300010160,4044,3.606918525948291
09,013,0001,0175,0901300010175,566,2.7535830588929064
09,013,0001,018A,090130001018A,1228,3.089551882886454
09,013,0001,0194,0901300010194,766,2.884795363948981
09,013,0001,0207,0901300010207,2878,3.459241664878082
09,013,0001,0211,0901300010211,4509,3.6541765418779604
09,013,0001,0226,0901300010226,1917,3.282848602834645
09,013,0001,0230,0901300010230,2926,3.466422722433792
09,013,0001,0245,0901300010245,2286,3.3592661646067485
09,013,0001,025A,090130001025A,3457,3.5388249889379035
09,013,0001,0279,0901300010279,4570,3.6600112212893308
09,013,0001,0283,0901300010283,5623,3.7500453120117676
09,013,0001,0298,0901300010298,10318,4.013637612453532
09,013,0001,0300,0901300010300,880,2.9449759084120477
09,013,0001,0315,0901300010315,2045,3.3109056293761414
09,013,0001,032A,090130001032A,13,1.146128035678238
09,013,0001,0334,0901300010334,6075,3.7836177651907485
09,013,0001,0353,0901300010353,5085,3.7063763558396903
09,013,0001,0368,0901300010368,11731,4.069372054308515
09,013,0001,0372,0901300010372,5104,3.707995746422929
09,013,0001,0387,0901300010387,6531,3.8150461760646306
09,013,0001,0391,0901300010391,2513,3.400365273349939
09,013,0001,0404,0901300010404,2374,3.3756636139608855
09,013,0001,0419,0901300010419,4481,3.6514718521990424
09,013,0001,0423,0901300010423,939,2.9731278535996988
09,013,0001,0438,0901300010438,1537,3.1869563354654122
09,013,0001,0442,0901300010442,4369,3.640481436970422
09,013,0001,0461,0901300010461,6559,3.8169038393756605
09,013,0001,0480,0901300010480,6753,3.8295610562993927
09,013,0001,0495,0901300010495,536,2.7299742856995555
09,013,0001,0508,0901300010508,6807,3.8330195470765314
09,013,0001,0527,0901300010527,6453,3.809828961067886
09,013,0001,0550,0901300010550,3162,3.500099191915723
09,013,0001,0565,0901300010565,2947,3.469527479187014
09,013,0001,057A,090130001057A,269,2.4313637641589874
09,013,0001,0599,0901300010599,5132,3.710371264260763
09,013,0001,0601,0901300010601,5831,3.765817515309918
09,013,0001,064A,090130001064A,3126,3.4951278812429334
09,013,0001,0654,0901300010654,3725,3.571242850560224
09,013,0001,0669,0901300010669,3864,3.5871494982543437
09,013,0001,0688,0901300010688,4942,3.693990610460777
09,013,0001,0692,0901300010692,11447,4.05872962075172
09,013,0001,0705,0901300010705,913,2.960946195733831
09,013,0001,071A,090130001071A,691,2.840106094456758
09,013,0001,0724,0901300010724,934,2.9708116108725178
09,013,0001,0739,0901300010739,2840,3.453471233722936
09,013,0001,0743,0901300010743,6722,3.8275631112547237
09,013,0001,0758,0901300010758,4419,3.645422269349092
09,013,0001,0762,0901300010762,1530,3.184975190698261
09,013,0001,0777,0901300010777,2101,3.3226327116922234
09,013,0001,0809,0901300010809,877,2.9434945159061026
09,013,0001,0813,0901300010813,4180,3.621280167550415
09,013,0001,0828,0901300010828,3434,3.5359267413955693
09,013,0001,0832,0901300010832,754,2.8779469516291885
09,013,0001,0847,0901300010847,1243,3.0948203803548
09,013,0001,0851,0901300010851,2606,3.416141031168329
09,013,0001,0866,0901300010866,2156,3.333850145102545
09,013,0001,0870,0901300010870,2133,3.329194415088451
09,013,0001,0885,0901300010885,1161,3.065206128054312
09,013,0001,089A,090130001089A,867,2.938519725176492
09,013,0001,0917,0901300010917,1860,3.269746373130767
09,013,0001,1027,0901300011027,5389,3.7315887651867388
09,013,0001,1031,0901300011031,8257,3.9168748785386835
09,013,0001,1046,0901300011046,2097,3.3218054838575393
09,013,0001,1050,0901300011050,4156,3.618780024506215
09,013,0001,1065,0901300011065,4032,3.605628222007619
09,013,0001,107A,090130001107A,3253,3.51241754860084
09,013,0001,1084,0901300011084,2950,3.4699692094999595
09,013,0001,1099,0901300011099,2830,3.451939869365103
09,013,0001,1101,0901300011101,4781,3.679609571779756
09,013,0001,1116,0901300011116,2848,3.454692449239477
09,013,0001,1120,0901300011120,2499,3.3979400086720375
09,013,0001,1135,0901300011135,4026,3.6049816296074315
09,013,0001,114A,090130001114A,6318,3.8006483553639883
09,013,0001,1154,0901300011154,7460,3.8727970399895986
09,013,0001,1169,0901300011169,11635,4.065803712575022
09,013,0001,1173,0901300011173,5729,3.75815462196739
09,013,0001,1188,0901300011188,6177,3.7908479039654317
09,013,0001,1192,0901300011192,9781,3.9904276584852636
09,013,0001,1205,0901300011205,698,2.8444771757456815
09,013,0001,121A,090130001121A,7212,3.858115932190066
09,013,0001,1224,0901300011224,6729,3.828015064223977
09,013,0001,1239,0901300011239,4240,3.62746827245971
09,013,0001,1243,0901300011243,46,1.6720978579357175
09,013,0001,1262,0901300011262,2986,3.475235222604128
09,013,0001,1277,0901300011277,55,1.7481880270062005
09,013,0001,1296,0901300011296,2160,3.3346547668832414
09,013,0001,1309,0901300011309,1210,3.0831441431430524
09,013,0001,1313,0901300011313,4863,3.6869935662646784
09,013,0001,1328,0901300011328,8341,3.9212701855098127
09,013,0001,1332,0901300011332,5578,3.746556361410369
09,013,0001,1347,0901300011347,1530,3.184975190698261
09,013,0001,1366,0901300011366,5812,3.764400322956388
09,013,0001,1370,0901300011370,4391,3.6426623314420357
09,013,0001,1385,0901300011385,2068,3.3157604906657347
09,013,0001,139A,090130001139A,1719,3.2355284469075487
09,013,0001,1402,0901300011402,3227,3.5089335260500327
09,013,0001,1417,0901300011417,2212,3.344981413927258
09,013,0001,1421,0901300011421,1247,3.0962145853464054
09,013,0001,1436,0901300011436,2325,3.3666097103924297
09,013,0001,1440,0901300011440,4557,3.6587743208443566
09,013,0001,1455,0901300011455,2154,3.3334472744967503
09,013,0001,146A,090130001146A,2687,3.429429264381788
09,013,0001,1474,0901300011474,1442,3.159266331093494
09,013,0001,1489,0901300011489,648,2.812244696800369
09,013,0001,1493,0901300011493,1896,3.2780673308886628
09,013,0001,1506,0901300011506,840,2.924795995797912
09,013,0001,1510,0901300011510,424,2.6283889300503116
09,013,0001,1525,0901300011525,1151,3.061452479087193
09,013,0001,1544,0901300011544,107,2.03342375548695
09,013,0001,1559,0901300011559,2475,3.39375064034808
09,013,0001,1563,0901300011563,323,2.510545010206612
09,013,0001,1578,0901300011578,35,1.5563025007672873
09,014,0001,0011,0901400010011,3973,3.5992278627737964
09,014,0001,0026,0901400010026,4161,3.6193020758756083
09,014,0001,0030,0901400010030,5366,3.7297315952870354
09,014,0001,0045,0901400010045,3480,3.5417040232842885
09,014,0001,005A,090140001005A,5914,3.771954748963949
09,014,0001,0064,0901400010064,4064,3.609060549930087
09,014,0001,0079,0901400010079,6309,3.8000293592441343
09,014,0001,0083,0901400010083,4930,3.692935002531138
09,014,0001,0098,0901400010098,6213,3.7933712489189557
09,014,0001,0100,0901400010100,1983,3.2975416678181597
09,014,0001,0115,0901400010115,5163,3.712986233594383
09,014,0001,012A,090140001012A,5644,3.7516639462609866
09,014,0001,0134,0901400010134,5075,3.705521613422667
09,014,0001,0149,0901400010149,3398,3.5313511645830595
09,014,0001,0153,0901400010153,2901,3.4626974081017172
09,014,0001,0168,0901400010168,1670,3.2229764498933915
09,014,0001,0172,0901400010172,1828,3.262213705476417
09,014,0001,0187,0901400010187,6913,3.839729375206388
09,014,0001,0191,0901400010191,4213,3.6246945312720813
09,014,0001,0204,0901400010204,6314,3.8003733548913496
09,014,0001,0219,0901400010219,4029,3.6053050461411096
09,014,0001,0223,0901400010223,1127,3.0523090996473234
09,014,0001,0238,0901400010238,6776,3.8310374856400253
09,014,0001,0242,0901400010242,4514,3.6546577546495245
09,014,0001,0257,0901400010257,7766,3.8902533051545345
09,014,0001,0261,0901400010261,8246,3.916295994563131
09,014,0001,0276,0901400010276,4686,3.67089495352021
09,014,0001,0280,0901400010280,2417,3.383456296524753
09,014,0001,0295,0901400010295,2208,3.344195715871435
09,014,0001,0308,0901400010308,3867,3.587486465410964
09,014,0001,0312,0901400010312,2167,3.336059277866349
09,014,0001,0327,0901400010327,1777,3.249931756634195
09,014,0001,0331,0901400010331,2619,3.4183012913197452
09,014,0001,0346,0901400010346,5180,3.714413592287121
09,014,0001,0350,0901400010350,3701,3.5684364144168854
09,014,0001,0365,0901400010365,1729,3.2380461031287955
09,014,0001,037A,090140001037A,2546,3.406028944963615
09,014,0001,0384,0901400010384,4103,3.61320735210376
09,014,0001,0399,0901400010399,4090,3.6118294794983736
09,014,0001,0401,0901400010401,5533,3.7430391548049333
09,014,0001,0416,0901400010416,3011,3.478854967528663
09,014,0001,0420,0901400010420,5609,3.7489628612561616
09,014,0001,0435,0901400010435,5570,3.745933158459443
09,014,0001,044A,090140001044A,4368,3.6403820447095683
09,014,0001,0454,0901400010454,1940,3.2880255353883627
09,014,0001,0469,0901400010469,7095,3.85101360682367
09,014,0001,0473,0901400010473,1915,3.2823955047425257
09,014,0001,0488,0901400010488,10448,4.019074729177898
09,014,0001,0492,0901400010492,3322,3.521530341278711
09,014,0001,0505,0901400010505,3014,3.47928731647617
09,014,0001,051A,090140001051A,2793,3.446226401778163
09,014,0001,0524,0901400010524,2763,3.441538038702161
09,014,0001,0539,0901400010539,2679,3.428134794028789
09,014,0001,0543,0901400010543,5681,3.754501229386917
09,014,0001,0558,0901400010558,2425,3.3848907965305544
09,014,0001,0562,0901400010562,3819,3.582063362911709
09,014,0001,0577,0901400010577,6059,3.782472624166286
09,014,0001,0581,0901400010581,521,2.717670503002262
09,014,0001,0596,0901400010596,3156,3.4992745818922173
09,014,0001,0609,0901400010609,4320,3.63558426631123
09,014,0001,0613,0901400010613,5414,3.733598460961339
09,014,0001,0628,0901400010628,5347,3.7281913985899466
09,014,0001,0632,0901400010632,6933,3.840983837320378
09,014,0001,0647,0901400010647,5658,3.752739693935328
09,014,0001,0651,0901400010651,6444,3.809222921689422
09,014,0001,0666,0901400010666,3479,3.5415792439465807
09,014,0001,0670,0901400010670,6796,3.8323172699222616
09,014,0001,0685,0901400010685,4576,3.6605809124272994
09,014,0001,069A,090140001069A,1735,3.239549720840473
09,014,0001,0702,0901400010702,4122,3.6152133348013584
09,014,0001,0717,0901400010717,1190,3.0759117614827773
09,014,0001,0721,0901400010721,4471,3.650501794878367
09,014,0001,0736,0901400010736,5045,3.702947246181556
09,014,0001,0740,0901400010740,3523,3.54703589974001
09,014,0001,0755,0901400010755,5093,3.707058940627596
09,014,0001,076A,090140001076A,4076,3.6103407114521566
09,014,0001,0774,0901400010774,7049,3.848189116991399
09,014,0001,0789,0901400010789,2843,3.4539295920577286
09,014,0001,0793,0901400010793,4670,3.669409867287783
09,014,0001,0806,0901400010806,5486,3.7393349601960795
09,014,0001,0810,0901400010810,6987,3.8443528963108933
09,014,0001,0825,0901400010825,284,2.45484486000851
09,014,0001,083A,090140001083A,3012,3.478999131673357
09,014,0001,0844,0901400010844,5577,3.746478509930031
09,014,0001,0859,0901400010859,5794,3.7630534402996147
09,014,0001,0863,0901400010863,7925,3.8990540679981707
09,014,0001,0878,0901400010878,5681,3.754501229386917
09,014,0001,0882,0901400010882,3795,3.579326203755255
09,014,0001,0897,0901400010897,1771,3.248463717551032
09,014,0001,090A,090140001090A,2649,3.423245873936808
09,014,0001,0914,0901400010914,2250,3.35237549500052
09,014,0001,0929,0901400010929,3731,3.571941635074462
09,014,0001,0933,0901400010933,3060,3.4858633295973345
09,014,0001,0948,0901400010948,3045,3.4837298990000236
09,014,0001,0952,0901400010952,3854,3.586024382386976
09,014,0001,0967,0901400010967,705,2.8488047010518036
09,014,0001,0971,0901400010971,3943,3.5959369062691735
09,014,0001,0986,0901400010986,5256,3.720737977018425
09,014,0001,0990,0901400010990,5697,3.755722444903458
09,014,0001,1005,0901400011005,7611,3.881498779614983
09,014,0001,101A,090140001101A,4333,3.636888906983799
09,014,0001,1024,0901400011024,4142,3.6173149332982937
09,015,0001,0019,0901500010019,4263,3.6298171960185157
09,015,0001,0023,0901500010023,4902,3.6904618932461783
09,015,0001,0038,0901500010038,2800,3.4473131088235682
09,015,0001,0042,0901500010042,2930,3.4670158184384356
09,015,0001,0057,0901500010057,24,1.3979400086720377
09,015,0001,0061,0901500010061,1327,3.1231980750319988
09,015,0001,0076,0901500010076,6626,3.821316970591097
09,015,0001,0080,0901500010080,7933,3.899492196138132
09,015,0001,0095,0901500010095,3670,3.564784384503987
09,015,0001,0108,0901500010108,3456,3.5386993795424067
09,015,0001,0112,0901500010112,2227,3.3479151865016914
09,015,0001,0127,0901500010127,8402,3.924434363543231
09,015,0001,0131,0901500010131,2585,3.4126285205443754
09,015,0001,0146,0901500010146,1384,3.1414497734004674
09,015,0001,0150,0901500010150,1556,3.1922886125681202
09,015,0001,0165,0901500010165,5259,3.7209857441537393
09,015,0001,017A,090150001017A,5239,3.7193312869837265
09,015,0001,0184,0901500010184,6961,3.8427340189482697
09,015,0001,0199,0901500010199,490,2.6910814921229687
09,015,0001,0201,0901500010201,1612,3.2076343673889616
09,015,0001,0216,0901500010216,1285,3.109240968588203
09,015,0001,0220,0901500010220,832,2.9206450014067875
09,015,0001,0235,0901500010235,1280,3.1075491297446862
09,015,0001,024A,090150001024A,1076,3.0322157032979815
09,015,0001,0254,0901500010254,230,2.3636119798921444
09,015,0001,0269,0901500010269,1259,3.100370545117563
09,015,0001,0273,0901500010273,594,2.7745169657285498
09,015,0001,0288,0901500010288,235,2.3729120029701067
09,015,0001,0292,0901500010292,1418,3.151982395457474
09,015,0001,0305,0901500010305,1377,3.139249217571607
09,015,0001,031A,090150001031A,1351,3.130976691605617
09,015,0001,0324,0901500010324,695,2.842609239610562
09,015,0001,0339,0901500010339,4888,3.6892200372638357
09,015,0001,0343,0901500010343,10857,4.035749837319661
09,015,0001,0358,0901500010358,9880,3.994800899294604
09,015,0001,0362,0901500010362,3396,3.531095546870028
09,015,0001,0377,0901500010377,1050,3.021602716028242
09,015,0001,0381,0901500010381,1189,3.0755469613925306
09,015,0001,0396,0901500010396,448,2.6522463410033232
09,015,0001,0409,0901500010409,1281,3.1078880251827985
09,015,0001,0413,0901500010413,218,2.3404441148401185
09,015,0001,0428,0901500010428,1578,3.1983821300082944
09,015,0001,0432,0901500010432,139,2.146128035678238
09,015,0001,0447,0901500010447,1394,3.144574207609616
09,015,0001,0451,0901500010451,587,2.7693773260761385
09,015,0001,0466,0901500010466,11023,4.04233920456355
09,015,0001,0470,0901500010470,6778,3.8311656339094426
09,015,0001,0485,0901500010485,9893,3.9953719060281623
09,015,0001,049A,090150001049A,1836,3.2641091563058082
09,015,0001,0502,0901500010502,8991,3.953856298224986
09,015,0001,0517,0901500010517,8412,3.924950888915611
09,015,0001,0521,0901500010521,8735,3.941312625360662
09,015,0001,0536,0901500010536,5292,3.723701893991268
09,015,0001,0540,0901500010540,6835,3.834802054048699
09,015,0001,0555,0901500010555,4962,3.6957442751973235
09,015,0001,056A,090150001056A,7081,3.850155922422092
09,015,0001,0574,0901500010574,10841,4.035109402944576
09,015,0001,0589,0901500010589,5616,3.749504423876142
09,015,0001,0593,0901500010593,4685,3.670802284260944
09,015,0001,0606,0901500010606,5014,3.700270937356437
09,015,0001,0610,0901500010610,10667,4.028083007017838
09,015,0001,0625,0901500010625,1497,3.1755118133634475
09,015,0001,063A,090150001063A,4292,3.6327608884794387
09,015,0001,0644,0901500010644,8279,3.9180303367848803
09,015,0001,0659,0901500010659,4180,3.621280167550415
09,015,0001,0663,0901500010663,1838,3.2645817292380777
09,015,0001,0678,0901500010678,9903,3.9958106316760427
09,015,0001,0682,0901500010682,5682,3.7545776560447304
09,015,0001,0697,0901500010697,6982,3.8440420420410164
09,015,0001,070A,090150001070A,1542,3.188365926063148
09,015,0001,0714,0901500010714,2769,3.4424797690644486
09,015,0001,0729,0901500010729,359,2.5563025007672873
09,015,0001,0733,0901500010733,327,2.515873843711679
09,015,0001,0748,0901500010748,4753,3.6770591773921613
09,015,0001,0752,0901500010752,1708,3.232742062720737
09,015,0001,0767,0901500010767,260,2.416640507338281
09,015,0001,0771,0901500010771,947,2.976808337338066
09,015,0001,0786,0901500010786,2006,3.3025473724874854
09,015,0001,0790,0901500010790,2984,3.4749443354653877
09,015,0001,0803,0901500010803,974,2.989004615698537
09,015,0001,0818,0901500010818,172,2.2380461031287955
09,015,0001,0822,0901500010822,4209,3.6242820958356683
09,015,0001,0837,0901500010837,732,2.8651039746411278
09,015,0001,0841,0901500010841,1803,3.256236533205923
09,015,0001,0856,0901500010856,2963,3.4718781993072905
09,015,0001,0860,0901500010860,1788,3.252610340567373
09,015,0001,0875,0901500010875,7970,3.90151280912994
09,015,0001,088A,090150001088A,2011,3.30362797638389
09,015,0001,0894,0901500010894,2048,3.311541958401195
09,015,0001,0907,0901500010907,2642,3.4220971631317103
09,015,0001,0911,0901500010911,4562,3.659250468772661
09,015,0001,0926,0901500010926,3007,3.4782778319196046
09,015,0001,0930,0901500010930,626,2.7972675408307164
09,015,0001,0945,0901500010945,1082,3.0346284566253203
09,015,0001,095A,090150001095A,738,2.8686444383948255
09,015,0001,0964,0901500010964,3794,3.5792117802314993
09,015,0001,0979,0901500010979,2385,3.377670439334323
09,015,0001,0983,0901500010983,982,2.9925535178321354
09,015,0001,0998,0901500010998,2370,3.3749315539781883
09,015,0001,1002,0901500011002,2701,3.4316853446860116
09,015,0001,1017,0901500011017,4538,3.656960182742849
09,015,0001,1036,0901500011036,6722,3.8275631112547237
09,015,0001,1040,0901500011040,5119,3.709269960975831
09,015,0001,1055,0901500011055,2373,3.3754807146185724
09,015,0001,106A,090150001106A,6265,3.7969903905456865
09,015,0001,1074,0901500011074,7648,3.8836046609222925
09,015,0001,1089,0901500011089,2004,3.302114376956201
09,015,0001,1093,0901500011093,901,2.9552065375419416
09,015,0001,1106,0901500011106,1552,3.1911714557285586
09,015,0001,1110,0901500011110,6307,3.799891684656865
09,015,0001,1125,0901500011125,8637,3.9364131997114797
09,015,0001,113A,090150001113A,9074,3.95784663370815
09,015,0001,1144,0901500011144,7972,3.901621764093357
09,015,0001,1159,0901500011159,4258,3.629307640073749
09,015,0001,1163,0901500011163,2805,3.448087666692341
09,015,0001,1178,0901500011178,3010,3.4787107555127594
09,015,0001,1182,0901500011182,3062,3.4861469968065726
09,015,0001,1197,0901500011197,1206,3.081707270097349
09,015,0001,120A,090150001120A,1876,3.273464272621346
09,015,0001,1214,0901500011214,2761,3.4412236742426123
09,015,0001,1229,0901500011229,840,2.924795995797912
09,015,0001,1233,0901500011233,9393,3.9728505558472302
09,015,0001,1248,0901500011248,6418,3.807467375684278
09,015,0001,1252,0901500011252,5261,3.721150843749684
09,015,0001,1267,0901500011267,3280,3.5160062303860475
09,015,0001,1271,0901500011271,1636,3.2140486794119414
09,015,0001,1286,0901500011286,1346,3.1293675957229854
09,015,0001,1290,0901500011290,4939,3.693726948923647
09,015,0001,1303,0901500011303,2006,3.3025473724874854
09,015,0001,1318,0901500011318,2378,3.3763944420372662
09,015,0001,1322,0901500011322,1252,3.09795107099415
09,015,0001,1337,0901500011337,1967,3.2940250940953226
09,015,0001,1341,0901500011341,3497,3.543819805142658
09,015,0001,1356,0901500011356,3309,3.519827993775719
09,015,0001,1360,0901500011360,1780,3.2506639194632436
09,015,0001,1375,0901500011375,3238,3.510410948010177
09,015,0001,138A,090150001138A,584,2.7671558660821804
09,015,0001,1394,0901500011394,5232,3.718750734739665
09,015,0001,1407,0901500011407,2280,3.3581252852766488
09,015,0001,1411,0901500011411,2636,3.4211101297934343
09,015,0001,1426,0901500011426,1401,3.14674801363064
09,015,0001,1430,0901500011430,1325,3.1225435240687545
09,015,0001,1445,0901500011445,1674,3.224014811372864
09,015,0001,145A,090150001145A,3506,3.5449357658815024
09,015,0001,1464,0901500011464,3031,3.481729196960016
09,015,0001,1479,0901500011479,3131,3.495821753385906
09,015,0001,1483,0901500011483,7382,3.868232868422465
09,015,0001,1498,0901500011498,6019,3.7795964912578244
09,015,0001,1500,0901500011500,3145,3.497758718287268
09,015,0001,1515,0901500011515,3624,3.5593080109070123
09,015,0001,152A,090150001152A,3565,3.5521813388393357
09,015,0001,1534,0901500011534,3133,3.496098992132571
09,015,0001,1549,0901500011549,4833,3.6843066460716316
09,016,0001,0016,0901600010016,7,0.9030899869919435
09,016,0001,0020,0901600010020,2880,3.459543258280413
09,016,0001,0035,0901600010035,2,0.47712125471966244
09,016,0001,004A,090160001004A,7185,3.8564872128686307
09,016,0001,0054,0901600010054,4315,3.635081436010873
09,016,0001,0069,0901600010069,4680,3.670338641127442
09,016,0001,0073,0901600010073,1201,3.079904467666721
09,016,0001,0088,0901600010088,89,1.954242509439325
09,016,0001,0092,0901600010092,8058,3.906281155772153
09,016,0001,0105,0901600010105,5129,3.7101173651118162
09,016,0001,011A,090160001011A,5077,3.7056926965377035
09,016,0001,0124,0901600010124,4285,3.63205216670581
09,016,0001,0139,0901600010139,5001,3.699143687394484
09,016,0001,0143,0901600010143,6897,3.838723190031372
09,016,0001,0158,0901600010158,4030,3.605412798153051
09,016,0001,0162,0901600010162,4905,3.690727543870367
09,016,0001,0177,0901600010177,7071,3.849542252005017
09,016,0001,0181,0901600010181,9026,3.955543442459743
09,016,0001,0196,0901600010196,0,0.0
09,016,0001,0209,0901600010209,1289,3.110589710299249
09,016,0001,0213,0901600010213,7545,3.877716800864977
09,016,0001,0228,0901600010228,2,0.47712125471966244
09,016,0001,0232,0901600010232,28,1.462397997898956
09,016,0001,0247,0901600010247,10020,4.000911062131223
09,016,0001,0251,0901600010251,8170,3.9122752104988123
09,016,0001,0270,0901600010270,7375,3.867820908045573
09,016,0001,0285,0901600010285,7645,3.8834342936830093
09,016,0001,029A,090160001029A,9287,3.9679222067305173
09,016,0001,0302,0901600010302,0,0.0
09,016,0001,0317,0901600010317,1962,3.292920299600006
09,016,0001,0321,0901600010321,2123,3.3271545124094315
09,016,0001,0336,0901600010336,1100,3.041787318971752
09,016,0001,0340,0901600010340,1041,3.0178677189635055
09,016,0001,036A,090160001036A,3263,3.5137501500818233
09,016,0001,0374,0901600010374,5805,3.763877031495655
09,016,0001,0389,0901600010389,4656,3.668106237932731
09,016,0001,0393,0901600010393,10717,4.030113752707593
09,016,0001,0410,0901600010410,1560,3.1934029030624176
09,016,0001,0425,0901600010425,2723,3.4352071032407476
09,016,0001,043A,090160001043A,1613,3.2079035303860515
09,016,0001,0444,0901600010444,18174,4.259474419531076
09,016,0001,0459,0901600010459,3824,3.5826314394896364
09,016,0001,0463,0901600010463,4077,3.6104472214421213
09,016,0001,0478,0901600010478,6255,3.7962967400517917
09,016,0001,0482,0901600010482,9902,3.995766779049974
09,016,0001,0497,0901600010497,8511,3.930031614950973
09,016,0001,050A,090160001050A,4753,3.6770591773921613
09,016,0001,0514,0901600010514,303,2.482873583608754
09,016,0001,0529,0901600010529,0,0.0
09,016,0001,0533,0901600010533,7,0.9030899869919435
09,016,0001,0548,0901600010548,2003,3.301897717195208
09,016,0001,0552,0901600010552,1276,3.1061908972634154
09,016,0001,0571,0901600010571,3127,3.4952667443878105
09,016,0001,0586,0901600010586,43,1.6434526764861874
09,016,0001,0590,0901600010590,782,2.8937617620579434
09,016,0001,0603,0901600010603,2645,3.422589839851482
09,016,0001,0618,0901600010618,591,2.77232170672292
09,016,0001,0622,0901600010622,4721,3.674125982742708
09,016,0001,0637,0901600010637,3488,3.5427009694481106
09,016,0001,0641,0901600010641,2207,3.3439990690571615
09,016,0001,0656,0901600010656,3967,3.598571663482141
09,016,0001,0660,0901600010660,4042,3.6067037413336744
09,016,0001,0675,0901600010675,2612,3.4171394097273255
09,016,0001,068A,090160001068A,2198,3.3422252293607904
09,016,0001,0694,0901600010694,906,2.957607287060095
09,016,0001,0707,0901600010707,1745,3.2420442393695508
09,016,0001,0711,0901600010711,2471,3.3930484664167784
09,016,0001,0730,0901600010730,4046,3.6071332043915665
09,016,0001,0745,0901600010745,2741,3.438067450453494
09,016,0001,075A,090160001075A,665,2.823474229170301
09,016,0001,0764,0901600010764,349,2.5440680443502757
09,016,0001,0779,0901600010779,1328,3.123524980942732
09,016,0001,0783,0901600010783,3448,3.5376931943673906
09,016,0001,0798,0901600010798,309,2.4913616938342726
09,016,0001,0800,0901600010800,1473,3.1684974835230326
09,016,0001,0815,0901600010815,2767,3.44216608578472
09,016,0001,082A,090160001082A,2213,3.345177616542704
09,016,0001,0834,0901600010834,555,2.7450747915820575
09,016,0001,0849,0901600010849,831,2.920123326290724
09,016,0001,0853,0901600010853,2446,3.388633969351789
09,016,0001,0868,0901600010868,1152,3.061829307294699
09,016,0001,0872,0901600010872,1363,3.13481437032046
09,016,0001,0887,0901600010887,185,2.2695129442179165
09,016,0001,0891,0901600010891,2076,3.317436496535099
09,016,0001,0904,0901600010904,1535,3.186391215695493
09,016,0001,0919,0901600010919,722,2.859138297294531
09,016,0001,0923,0901600010923,1521,3.182414652434554
09,016,0001,0942,0901600010942,862,2.9360107957152097
09,016,0001,0957,0901600010957,83,1.9242792860618816
09,016,0001,0961,0901600010961,877,2.9434945159061026
09,016,0001,0976,0901600010976,78,1.8976270912904414
09,016,0001,0980,0901600010980,805,2.906335041805091
09,016,0001,0995,0901600010995,1836,3.2641091563058082
09,016,0001,100A,090160001100A,13,1.146128035678238
09,016,0001,1014,0901600011014,265,2.424881636631067
09,016,0001,1029,0901600011029,2458,3.390758528738717
09,016,0001,1033,0901600011033,1059,3.0253058652647704
09,016,0001,1048,0901600011048,1082,3.0346284566253203
09,016,0001,1052,0901600011052,848,2.928907690243953
09,016,0001,1067,0901600011067,639,2.806179973983887
09,016,0001,1071,0901600011071,2,0.47712125471966244
09,016,0001,1086,0901600011086,0,0.0
09,016,0001,1090,0901600011090,4044,3.606918525948291
09,016,0001,1103,0901600011103,3137,3.496652939250918
09,016,0001,1118,0901600011118,6098,3.785258633357701
09,016,0001,1122,0901600011122,2020,3.305566313515304
09,016,0001,1137,0901600011137,3762,3.575534218319864
09,016,0001,1141,0901600011141,3492,3.5431985856376467
09,016,0001,1156,0901600011156,8675,3.9383195433421556
09,016,0001,1160,0901600011160,7005,3.8454701329816734
09,016,0001,1175,0901600011175,1823,3.2610248339923973
09,016,0001,118A,090160001118A,7942,3.899984562549391
09,016,0001,1194,0901600011194,1448,3.1610683854711747
09,016,0001,1207,0901600011207,8322,3.9202798946329485
09,016,0001,1211,0901600011211,5224,3.7180862947830917
09,016,0001,1226,0901600011226,5300,3.7243578042264267
09,016,0001,1230,0901600011230,682,2.8344207036815328
09,016,0001,1245,0901600011245,0,0.0
09,016,0001,125A,090160001125A,1264,3.1020905255118367
09,016,0001,1264,0901600011264,1029,3.012837224705172
09,016,0001,1279,0901600011279,1997,3.3005954838899636
09,016,0001,1283,0901600011283,1905,3.2801228963023075
09,016,0001,1298,0901600011298,1559,3.1931245983544616
09,016,0001,1300,0901600011300,6096,3.78511619502192
09,016,0001,1315,0901600011315,1526,3.1838390370564214
09,016,0001,132A,090160001132A,2889,3.4608978427565478
09,016,0001,1334,0901600011334,3168,3.5009222391903005
09,016,0001,1349,0901600011349,15549,4.191730393362857
09,016,0001,1353,0901600011353,1597,3.2035767749779724
09,016,0001,1368,0901600011368,1893,3.2773799746672547
09,017,0001,0013,0901700010013,5152,3.7120601424610746
09,017,0001,0028,0901700010028,4855,3.686278678067201
09,017,0001,0032,0901700010032,10277,4.011908613349154
09,017,0001,0047,0901700010047,3850,3.585573518622731
09,017,0001,0051,0901700010051,3587,3.5548524343720547
09,017,0001,0066,0901700010066,2976,3.473778834646725
09,017,0001,0070,0901700010070,3664,3.564073978977147
09,017,0001,0085,0901700010085,2912,3.4643404846276673
09,017,0001,009A,090170001009A,4499,3.6532125137753435
09,017,0001,0102,0901700010102,2899,3.462397997898956
09,017,0001,0117,0901700010117,3305,3.519302849235429
09,017,0001,0121,0901700010121,5176,3.714078164981856
09,017,0001,0136,0901700010136,0,0.0
09,017,0001,0140,0901700010140,0,0.0
09,017,0001,0155,0901700010155,2974,3.4734869700645685
09,017,0001,016A,090170001016A,1827,3.2619761913978125
09,017,0001,0174,0901700010174,2235,3.3494717992143856
09,017,0001,0189,0901700010189,1652,3.2182728535714475
09,017,0001,0193,0901700010193,1487,3.17260293120986
09,017,0001,0206,0901700010206,2629,3.419955748489758
09,017,0001,0210,0901700010210,13581,4.132963726130726
09,017,0001,0225,0901700010225,7677,3.8852481077813863
09,017,0001,023A,090170001023A,1910,3.281260687055013
09,017,0001,0244,0901700010244,2421,3.3841741388070337
09,017,0001,0259,0901700010259,1596,3.203304916138483
09,017,0001,0263,0901700010263,1799,3.255272505103306
09,017,0001,0278,0901700010278,2185,3.339650157613684
09,017,0001,0282,0901700010282,3381,3.529173603261723
09,017,0001,0297,0901700010297,3631,3.5601458398490475
09,017,0001,030A,090170001030A,3513,3.545801757159276
09,017,0001,0314,0901700010314,3467,3.540079088804173
09,017,0001,0329,0901700010329,3668,3.564547711755948
09,017,0001,0333,0901700010333,3022,3.480438147177817
09,017,0001,0348,0901700010348,2881,3.4596939764779706
09,017,0001,0352,0901700010352,3400,3.531606631932722
09,017,0001,0367,0901700010367,5702,3.7561033715851058
09,017,0001,0371,0901700010371,7102,3.851441814672055
09,017,0001,0386,0901700010386,1928,3.2853322276438846
09,017,0001,0390,0901700010390,6818,3.833720690444633
09,017,0001,0403,0901700010403,2343,3.369957607346053
09,017,0001,0418,0901700010418,2531,3.4034637013453173
09,017,0001,0422,0901700010422,6439,3.808885867359812
09,017,0001,0437,0901700010437,3905,3.5917322389518356
09,017,0001,0441,0901700010441,5328,3.726645720240912
09,017,0001,0456,0901700010456,2635,3.420945405921972
09,017,0001,0460,0901700010460,4897,3.6900187807886953
09,017,0001,0475,0901700010475,1419,3.1522883443830563
09,017,0001,048A,090170001048A,4890,3.6893976628212823
09,017,0001,0494,0901700010494,4947,3.694429690957083
09,017,0001,0507,0901700010507,2189,3.3404441148401185
09,017,0001,0511,0901700010511,20,1.3222192947339193
09,017,0001,0526,0901700010526,4882,3.6886867242841235
09,017,0001,0530,0901700010530,1856,3.2688119037397803
09,017,0001,0545,0901700010545,3543,3.5494937132150133
09,017,0001,055A,090170001055A,5390,3.7316693318286362
09,017,0001,0564,0901700010564,3597,3.5560611590095323
09,017,0001,0579,0901700010579,2007,3.3027637084729817
09,017,0001,0583,0901700010583,3123,3.494711025205263
09,017,0001,0598,0901700010598,4,0.6989700043360189
09,017,0001,0600,0901700010600,1428,3.1550322287909704
09,017,0001,0615,0901700010615,1474,3.1687920203141817
09,017,0001,062A,090170001062A,2021,3.3057811512549824
09,017,0001,0634,0901700010634,3946,3.5962671263955155
09,017,0001,0649,0901700010649,5209,3.7168377232995247
09,017,0001,0653,0901700010653,4238,3.627263416568221
09,017,0001,0668,0901700010668,3103,3.491921712586151
09,017,0001,0672,0901700010672,3902,3.5913985512812485
09,017,0001,0687,0901700010687,368,2.56702636615906
09,017,0001,0691,0901700010691,1989,3.298853076409707
09,017,0001,0704,0901700010704,40,1.6127838567197355
09,017,0001,0719,0901700010719,2109,3.3242824552976926
09,017,0001,0723,0901700010723,815,2.9116901587538613
09,017,0001,0738,0901700010738,961,2.983175072037813
09,017,0001,0742,0901700010742,1718,3.2352758766870524
09,017,0001,0757,0901700010757,643,2.808885867359812
09,017,0001,0761,0901700010761,1213,3.0842186867392387
09,017,0001,0776,0901700010776,2153,3.3332456989619628
09,017,0001,0780,0901700010780,4389,3.6424645202421213
09,017,0001,0795,0901700010795,201,2.305351369446624
09,017,0001,0808,0901700010808,3529,3.5477747053878224
09,017,0001,0812,0901700010812,3791,3.5788683286660286
09,017,0001,0827,0901700010827,4011,3.6033609243483804
09,017,0001,0831,0901700010831,5009,3.699837725867246
09,017,0001,0846,0901700010846,3052,3.4847268042986617
09,017,0001,0865,0901700010865,4462,3.6496268868405295
09,017,0001,087A,090170001087A,4441,3.6475785542124552
09,017,0001,0884,0901700010884,8393,3.9239689648754714
09,017,0001,0899,0901700010899,3055,3.485153349903652
09,017,0001,0901,0901700010901,1384,3.1414497734004674
09,017,0001,0916,0901700010916,1426,3.154423973114647
09,017,0001,0920,0901700010920,170,2.2329961103921536
09,017,0001,0935,0901700010935,3159,3.499687082618404
09,017,0001,094A,090170001094A,1135,3.055378331375
09,017,0001,0954,0901700010954,860,2.935003151453655
09,017,0001,0969,0901700010969,486,2.6875289612146345
09,017,0001,0973,0901700010973,996,2.998695158311656
09,017,0001,0988,0901700010988,1288,3.110252917353403
09,017,0001,0992,0901700010992,965,2.9849771264154934
09,017,0001,1007,0901700011007,2306,3.3630475945210936
09,017,0001,1011,0901700011011,3456,3.5386993795424067
09,017,0001,1026,0901700011026,2822,3.450710878146919
09,017,0001,1030,0901700011030,3171,3.501333178645566
09,017,0001,1045,0901700011045,4132,3.616265405281708
09,017,0001,105A,090170001105A,4115,3.6144753660903954
09,017,0001,1064,0901700011064,1702,3.231214647962601
09,017,0001,1079,0901700011079,2580,3.411788004543869
09,017,0001,1083,0901700011083,1213,3.0842186867392387
09,017,0001,1098,0901700011098,807,2.907411360774586
09,017,0001,1100,0901700011100,1312,3.118264726089479
09,017,0001,1115,0901700011115,1753,3.244029589030022
09,017,0001,112A,090170001112A,366,2.5646660642520893
09,017,0001,1134,0901700011134,1331,3.1245042248342823
09,017,0001,1149,0901700011149,1182,3.0729847446279304
09,017,0001,1153,0901700011153,885,2.9474337218870508
09,017,0001,1168,0901700011168,2078,3.317854489331469
09,017,0001,1172,0901700011172,2458,3.390758528738717
09,017,0001,1187,0901700011187,2452,3.3896975482063856
09,017,0001,1191,0901700011191,2663,3.4255342204982635
09,017,0001,1204,0901700011204,3016,3.4795753101749884
09,017,0001,1219,0901700011219,2419,3.383815365980431
09,017,0001,1223,0901700011223,3613,3.557988148224913
09,017,0001,1238,0901700011238,3484,3.5422027824340283
09,017,0001,1242,0901700011242,4012,3.6034691597338386
09,017,0001,1257,0901700011257,2583,3.4122925093230463
09,017,0001,1261,0901700011261,3703,3.5686709780098966
09,017,0001,1276,0901700011276,2438,3.3872118003137306
09,017,0001,1280,0901700011280,3707,3.5691397254724593
09,017,0001,1295,0901700011295,4277,3.631240780235509
09,017,0001,1308,0901700011308,2791,3.4459154139511234
09,017,0001,1312,0901700011312,10188,4.008131562240663
09,017,0001,1327,0901700011327,2763,3.441538038702161
09,017,0001,1331,0901700011331,3109,3.4927603890268375
09,017,0001,1346,0901700011346,1274,3.1055101847699738
09,017,0001,1350,0901700011350,1222,3.0874264570362855
09,017,0001,1365,0901700011365,1058,3.024895960107485
09,017,0001,137A,090170001137A,1940,3.2880255353883627
09,017,0001,1384,0901700011384,1299,3.113943352306837
09,017,0001,1399,0901700011399,4440,3.647480773173676
09,017,0001,1401,0901700011401,4497,3.6530194510996132
09,017,0001,1416,0901700011416,6791,3.831997677235896
09,017,0001,1420,0901700011420,547,2.738780558484369
09,017,0001,1435,0901700011435,0,0.0
09,017,0001,144A,090170001144A,5519,3.741939077729199
09,017,0001,1454,0901700011454,1543,3.188647295999717
09,017,0001,1469,0901700011469,1356,3.132579847659737
09,017,0001,1473,0901700011473,1181,3.0726174765452368
09,017,0001,1488,0901700011488,1079,3.03342375548695
09,017,0001,1492,0901700011492,900,2.954724790979063
09,017,0001,1505,0901700011505,2513,3.400365273349939
09,017,0001,151A,090170001151A,2248,3.351989455435632
09,017,0001,1524,0901700011524,4295,3.6330642726914992
