ENTIDAD,MUN,LOC,AGEB,CVEGEO,POBTOT,log_POBTOT
11,001,0001,0059,1100100010059,3085,3.4893959217271293
11,001,0001,0063,1100100010063,3749,3.574031267727719
11,001,0001,0129,1100100010129,1617,3.2089785172762535
11,001,0001,0133,1100100010133,3723,3.571009672309305
11,001,0001,0148,1100100010148,2379,3.376576957056512
11,001,0001,0152,1100100010152,810,2.909020854211156
11,001,0001,0167,1100100010167,6115,3.7864674767402824
11,001,0001,0171,1100100010171,1935,3.286905352972375
11,001,0001,0186,1100100010186,89,1.954242509439325
11,001,0001,0190,1100100010190,968,2.986323777050765
11,001,0001,0203,1100100010203,2156,3.333850145102545
11,001,0001,0218,1100100010218,652,2.814913181275074
11,001,0001,0237,1100100010237,106,2.0293837776852097
11,001,0001,0241,1100100010241,548,2.739572344450092
11,001,0001,0256,1100100010256,0,0.0
11,001,0001,0260,1100100010260,2,0.47712125471966244
11,001,0001,0275,1100100010275,57,1.7634279935629373
11,001,0001,028A,110010001028A,32,1.5185139398778875
11,001,0001,0294,1100100010294,58,1.7708520116421442
11,001,0001,0307,1100100010307,0,0.0
11,001,0001,0311,1100100010311,130,2.1172712956557644
11,001,0001,0326,1100100010326,117,2.0718820073061255
11,001,0001,0330,1100100010330,107,2.03342375548695
11,001,0001,0345,1100100010345,58,1.7708520116421442
11,001,0001,035A,110010001035A,56,1.7558748556724915
11,001,0001,0379,1100100010379,321,2.507855871695831
11,001,0001,0383,1100100010383,35,1.5563025007672873
11,001,0001,0398,1100100010398,49,1.6989700043360187
11,001,0001,0449,1100100010449,0,0.0
11,001,0001,0453,1100100010453,10,1.0413926851582251
11,001,0001,0468,1100100010468,31,1.505149978319906
11,001,0001,0472,1100100010472,7,0.9030899869919435
11,001,0117,0222,1100101170222,4141,3.617210094557434
11,001,0117,0364,1100101170364,7,0.9030899869919435
11,001,0117,0400,1100101170400,29,1.4771212547196624
11,001,0117,0415,1100101170415,13,1.146128035678238
11,001,0117,042A,110010117042A,12,1.1139433523068367
11,001,0117,0434,1100101170434,37,1.5797835966168101
11,002,0001,008A,110020001008A,3230,3.509336958017644
11,002,0001,0094,1100200010094,2105,3.3234583668494677
11,002,0001,0111,1100200010111,4056,3.6082050077043264
11,002,0001,0126,1100200010126,4468,3.6502103546603593
11,002,0001,0130,1100200010130,5286,3.7232093104051116
11,002,0001,0234,1100200010234,3341,3.5240064455573727
11,002,0001,0287,1100200010287,3777,3.577261953585815
11,002,0001,0291,1100200010291,2206,3.343802333161655
11,002,0001,0304,1100200010304,2709,3.432969290874406
11,002,0001,0319,1100200010319,4179,3.621176281775035
11,002,0001,0412,1100200010412,594,2.7745169657285498
11,002,0001,0427,1100200010427,823,2.9159272116971158
11,002,0001,0431,1100200010431,345,2.5390760987927767
11,002,0001,0446,1100200010446,261,2.4183012913197452
11,002,0001,0450,1100200010450,204,2.311753861055754
11,002,0001,0465,1100200010465,1629,3.2121876044039577
11,002,0001,0484,1100200010484,3188,3.5036545192429593
11,002,0001,0499,1100200010499,1469,3.167317334748176
11,002,0001,0501,1100200010501,1417,3.151676230847048
11,002,0001,0516,1100200010516,983,2.9929950984313414
11,002,0001,0520,1100200010520,864,2.9370161074648142
11,002,0001,0535,1100200010535,2208,3.344195715871435
11,002,0001,054A,110020001054A,1839,3.2648178230095364
11,002,0001,0569,1100200010569,665,2.823474229170301
11,002,0001,061A,110020001061A,32,1.5185139398778875
11,002,0001,0624,1100200010624,621,2.7937903846908188
11,002,0001,0696,1100200010696,296,2.4727564493172123
11,002,0001,0732,1100200010732,106,2.0293837776852097
11,002,0001,0747,1100200010747,146,2.167317334748176
11,002,0001,0770,1100200010770,105,2.0253058652647704
11,002,0001,0836,1100200010836,29,1.4771212547196624
11,002,0001,0840,1100200010840,99,2.0
11,002,0001,0893,1100200010893,317,2.5024271199844326
11,002,0001,0959,1100200010959,12,1.1139433523068367
11,002,0001,0963,1100200010963,32,1.5185139398778875
11,002,0001,1001,1100200011001,17,1.255272505103306
11,002,0001,1016,1100200011016,21,1.3424226808222062
11,002,0001,1035,1100200011035,243,2.387389826338729
11,002,0001,1054,1100200011054,20,1.3222192947339193
11,002,0001,1069,1100200011069,70,1.8512583487190752
11,002,0001,1073,1100200011073,0,0.0
11,002,0001,1139,1100200011139,53,1.7323937598229686
11,002,0001,1143,1100200011143,0,0.0
11,002,0001,1196,1100200011196,19,1.3010299956639813
11,002,0001,1209,1100200011209,8,0.9542425094393249
11,002,0001,1213,1100200011213,16,1.2304489213782739
11,002,0001,1228,1100200011228,144,2.161368002234975
11,002,0001,1232,1100200011232,125,2.100370545117563
11,002,0001,1251,1100200011251,128,2.110589710299249
11,002,0001,1266,1100200011266,173,2.2405492482826
11,002,0001,1270,1100200011270,136,2.1367205671564067
11,002,0001,1285,1100200011285,229,2.361727836017593
11,002,0001,129A,110020001129A,305,2.48572142648158
11,002,0001,1302,1100200011302,251,2.401400540781544
11,002,0001,1317,1100200011317,58,1.7708520116421442
11,002,0001,1321,1100200011321,288,2.4608978427565478
11,002,0001,136A,110020001136A,8,0.9542425094393249
11,002,0001,1374,1100200011374,168,2.2278867046136734
11,002,0001,1389,1100200011389,6,0.8450980400142568
11,002,0001,1393,1100200011393,30,1.4913616938342726
11,002,0001,1406,1100200011406,24,1.3979400086720377
11,002,0001,1410,1100200011410,18,1.2787536009528289
11,002,0001,1425,1100200011425,22,1.3617278360175928
11,002,0001,143A,110020001143A,81,1.9138138523837167
11,002,0001,1463,1100200011463,14,1.1760912590556813
11,002,0001,1478,1100200011478,0,0.0
11,002,0001,1482,1100200011482,45,1.662757831681574
11,002,0001,1497,1100200011497,45,1.662757831681574
11,002,0001,150A,110020001150A,9,1.0
11,002,0001,1514,1100200011514,6,0.8450980400142568
11,002,0001,1529,1100200011529,27,1.4471580313422192
11,002,0001,1533,1100200011533,3,0.6020599913279624
11,002,0001,1548,1100200011548,16,1.2304489213782739
11,002,0001,1552,1100200011552,1,0.3010299956639812
11,002,0001,1567,1100200011567,17,1.255272505103306
11,002,0001,1622,1100200011622,57,1.7634279935629373
11,002,0001,1637,1100200011637,8,0.9542425094393249
11,002,0001,1641,1100200011641,0,0.0
11,002,0001,1656,1100200011656,8,0.9542425094393249
11,002,0001,1675,1100200011675,0,0.0
11,002,0001,168A,110020001168A,3,0.6020599913279624
11,002,0001,1694,1100200011694,0,0.0
11,002,0001,1707,1100200011707,14,1.1760912590556813
11,002,0001,1711,1100200011711,19,1.3010299956639813
11,002,0001,1726,1100200011726,2,0.47712125471966244
11,002,0017,0022,1100200170022,823,2.9159272116971158
11,002,0017,0056,1100200170056,962,2.9836262871245345
11,002,0017,0164,1100200170164,798,2.902546779313991
11,002,0027,0380,1100200270380,847,2.9283958522567137
11,002,0027,0395,1100200270395,1394,3.144574207609616
11,002,0027,0408,1100200270408,2187,3.340047317661393
11,002,0027,047A,110020027047A,1442,3.159266331093494
11,002,0027,0573,1100200270573,65,1.8195439355418688
11,002,0027,0662,1100200270662,51,1.7160033436347992
11,002,0027,0677,1100200270677,100,2.0043213737826426
11,002,0027,0681,1100200270681,5,0.7781512503836436
11,002,0027,0906,1100200270906,62,1.7993405494535817
11,002,0027,1092,1100200271092,18,1.2787536009528289
11,002,0027,1105,1100200271105,5,0.7781512503836436
11,002,0027,1158,1100200271158,28,1.462397997898956
11,002,0027,1162,1100200271162,11,1.0791812460476249
11,002,0027,1459,1100200271459,18,1.2787536009528289
11,002,0027,1571,1100200271571,0,0.0
11,002,0027,1586,1100200271586,18,1.2787536009528289
11,002,0027,1590,1100200271590,24,1.3979400086720377
11,002,0047,0342,1100200470342,1264,3.1020905255118367
11,002,0047,0357,1100200470357,1152,3.061829307294699
11,002,0047,0361,1100200470361,974,2.989004615698537
11,002,0047,0376,1100200470376,514,2.711807229041191
11,002,0047,0658,1100200470658,7,0.9030899869919435
11,002,0047,0785,1100200470785,0,0.0
11,002,0047,079A,110020047079A,87,1.9444826721501687
11,002,0047,0925,1100200470925,12,1.1139433523068367
11,002,0047,111A,110020047111A,3,0.6020599913279624
11,002,0047,1124,1100200471124,9,1.0
11,002,0047,1177,1100200471177,12,1.1139433523068367
11,002,0047,1181,1100200471181,15,1.2041199826559248
11,002,0047,1247,1100200471247,36,1.568201724066995
11,002,0047,1336,1100200471336,70,1.8512583487190752
11,002,0047,1603,1100200471603,0,0.0
11,002,0047,1618,1100200471618,4,0.6989700043360189
11,002,0047,1660,1100200471660,0,0.0
11,002,0047,1730,1100200471730,0,0.0
11,002,0047,1745,1100200471745,0,0.0
11,002,0047,175A,110020047175A,0,0.0
11,002,0047,1764,1100200471764,0,0.0
11,003,0001,0072,1100300010072,2525,3.402433346219312
11,003,0001,0087,1100300010087,4482,3.651568738865792
11,003,0001,0091,1100300010091,3173,3.5016069224188295
11,003,0001,0104,1100300010104,1207,3.082066934285113
11,003,0001,0119,1100300010119,3316,3.5207454715194824
11,003,0001,0123,1100300010123,3545,3.549738731264899
11,003,0001,0250,1100300010250,2837,3.4530123911214554
11,003,0001,027A,110030001027A,4157,3.6188844849954505
11,003,0001,0301,1100300010301,1401,3.14674801363064
11,003,0001,0316,1100300010316,3399,3.531478917042255
11,003,0001,034A,110030001034A,2674,3.427323786357247
11,003,0001,0369,1100300010369,3386,3.5298151966446305
11,003,0001,0373,1100300010373,624,2.7958800173440754
11,003,0001,0388,1100300010388,995,2.998259338423699
11,003,0001,0392,1100300010392,4605,3.663323933628212
11,003,0001,0405,1100300010405,2620,3.4184670209466006
11,003,0001,041A,110030001041A,2085,3.319314304090512
11,003,0001,0443,1100300010443,1382,3.1408221801093106
11,003,0001,0462,1100300010462,2690,3.4299136977637543
11,003,0001,0477,1100300010477,800,2.9036325160842376
11,003,0001,0496,1100300010496,148,2.173186268412274
11,003,0001,0509,1100300010509,2078,3.317854489331469
11,003,0001,0513,1100300010513,31,1.505149978319906
11,003,0001,0528,1100300010528,815,2.9116901587538613
11,003,0001,0547,1100300010547,1423,3.1535099893008374
11,003,0001,0551,1100300010551,1485,3.1720188094245563
11,003,0001,0566,1100300010566,830,2.919601023784111
11,003,0001,0570,1100300010570,1801,3.255754786643044
11,003,0001,0585,1100300010585,311,2.494154594018443
11,003,0001,059A,110030001059A,62,1.7993405494535817
11,003,0001,0602,1100300010602,445,2.649334858712142
11,003,0001,0617,1100300010617,23,1.380211241711606
11,003,0001,0636,1100300010636,446,2.6503075231319366
11,003,0001,0640,1100300010640,105,2.0253058652647704
11,003,0001,0655,1100300010655,44,1.6532125137753437
11,003,0001,066A,110030001066A,57,1.7634279935629373
11,003,0001,0674,1100300010674,351,2.546542663478131
11,003,0001,0689,1100300010689,2,0.47712125471966244
11,003,0001,0693,1100300010693,295,2.4712917110589387
11,003,0001,0706,1100300010706,92,1.968482948553935
11,003,0001,073A,110030001073A,146,2.167317334748176
11,003,0001,0744,1100300010744,388,2.5899496013257077
11,003,0001,0759,1100300010759,0,0.0
11,003,0001,0763,1100300010763,14,1.1760912590556813
11,003,0001,0778,1100300010778,67,1.8325089127062364
11,003,0001,0782,1100300010782,0,0.0
11,003,0001,0797,1100300010797,679,2.832508912706236
11,003,0001,080A,110030001080A,4529,3.656098202012832
11,003,0001,0814,1100300010814,114,2.060697840353612
11,003,0001,0833,1100300010833,78,1.8976270912904414
11,003,0001,0848,1100300010848,86,1.9395192526186185
11,003,0001,0852,1100300010852,0,0.0
11,003,0001,0867,1100300010867,0,0.0
11,003,0001,0871,1100300010871,0,0.0
11,003,0001,0890,1100300010890,1,0.3010299956639812
11,003,0001,0903,1100300010903,10,1.0413926851582251
11,003,0001,0918,1100300010918,943,2.974971994298069
11,003,0001,0922,1100300010922,1014,3.0064660422492318
11,003,0001,0937,1100300010937,1091,3.0382226383687185
11,003,0001,0941,1100300010941,223,2.3502480183341627
11,003,0001,0956,1100300010956,138,2.143014800254095
11,003,0001,0975,1100300010975,38,1.591064607026499
11,003,0001,0994,1100300010994,35,1.5563025007672873
11,003,0001,1009,1100300011009,0,0.0
11,003,0001,1013,1100300011013,0,0.0
11,003,0001,1028,1100300011028,10,1.0413926851582251
11,003,0001,1032,1100300011032,4,0.6989700043360189
11,003,0001,1047,1100300011047,9,1.0
11,003,0001,1051,1100300011051,34,1.5440680443502757
11,003,0001,1066,1100300011066,54,1.7403626894942439
11,003,0244,0710,1100302440710,1180,3.072249897613515
11,003,0244,0725,1100302440725,2006,3.3025473724874854
11,003,0244,098A,110030244098A,10,1.0413926851582251
11,003,0591,0960,1100305910960,2860,3.4565178578052627
11,004,0001,0099,1100400010099,2734,3.4369573306694496
11,004,0001,0101,1100400010101,2563,3.4089180208467798
11,004,0001,0116,1100400010116,1607,3.2062860444124324
11,004,0001,0120,1100400010120,3749,3.574031267727719
11,004,0001,0135,1100400010135,3162,3.500099191915723
11,004,0001,014A,110040001014A,1391,3.1436392352745433
11,004,0001,0154,1100400010154,893,2.951337518795918
11,004,0001,0173,1100400010173,1956,3.2915908256580013
11,004,0001,0188,1100400010188,1892,3.277150613963797
11,004,0001,0205,1100400010205,146,2.167317334748176
11,004,0001,021A,110040001021A,74,1.8750612633917
11,004,0001,0243,1100400010243,70,1.8512583487190752
11,004,0001,0258,1100400010258,41,1.6232492903979006
11,004,0001,0262,1100400010262,320,2.506505032404872
11,004,0001,0277,1100400010277,67,1.8325089127062364
11,004,0001,0281,1100400010281,70,1.8512583487190752
11,004,0001,0296,1100400010296,0,0.0
11,004,0001,0309,1100400010309,113,2.0569048513364727
11,004,0001,0313,1100400010313,54,1.7403626894942439
11,004,0001,0328,1100400010328,25,1.414973347970818
11,004,0001,0332,1100400010332,5,0.7781512503836436
11,004,0001,0347,1100400010347,13,1.146128035678238
11,004,0001,0351,1100400010351,1429,3.155336037465062
11,004,0001,0366,1100400010366,1273,3.1051694279993316
11,004,0001,0370,1100400010370,1634,3.2135177569963047
11,004,0001,0385,1100400010385,1942,3.2884728005997825
11,004,0001,039A,110040001039A,68,1.8388490907372552
11,004,0001,0402,1100400010402,28,1.462397997898956
11,004,0001,0417,1100400010417,52,1.724275869600789
11,004,0001,0436,1100400010436,52,1.724275869600789
11,004,0001,0440,1100400010440,21,1.3424226808222062
11,004,0001,0455,1100400010455,9,1.0
11,004,0001,046A,110040001046A,39,1.6020599913279623
11,004,0001,0474,1100400010474,30,1.4913616938342726
11,004,0001,0489,1100400010489,60,1.7853298350107671
11,004,0001,0493,1100400010493,373,2.5728716022004803
11,004,0001,0506,1100400010506,127,2.1072099696478683
11,004,0001,060A,110040001060A,0,0.0
11,004,0001,0614,1100400010614,26,1.4313637641589874
11,004,0001,0629,1100400010629,38,1.591064607026499
11,004,0001,0633,1100400010633,15,1.2041199826559248
11,004,0001,0648,1100400010648,23,1.380211241711606
11,004,0001,0652,1100400010652,7,0.9030899869919435
11,004,0001,0718,1100400010718,0,0.0
11,004,0001,0722,1100400010722,31,1.505149978319906
11,004,0001,0737,1100400010737,8,0.9542425094393249
11,004,0001,0756,1100400010756,27,1.4471580313422192
11,004,0001,0760,1100400010760,0,0.0
11,004,0001,0775,1100400010775,3,0.6020599913279624
11,004,0065,0224,1100400650224,3962,3.59802407233419
11,004,0065,0510,1100400650510,20,1.3222192947339193
11,004,0065,0525,1100400650525,3,0.6020599913279624
11,004,0065,053A,110040065053A,28,1.462397997898956
11,004,0065,0544,1100400650544,21,1.3424226808222062
11,004,0065,0667,1100400650667,11,1.0791812460476249
11,004,0065,0671,1100400650671,4,0.6989700043360189
11,004,0065,0686,1100400650686,15,1.2041199826559248
11,004,0065,0741,1100400650741,2,0.47712125471966244
11,004,0065,078A,110040065078A,0,0.0
11,004,0065,0794,1100400650794,6,0.8450980400142568
11,004,0065,0807,1100400650807,1,0.3010299956639812
11,004,0065,0811,1100400650811,3,0.6020599913279624
11,004,0071,0239,1100400710239,2997,3.4768316285122607
11,004,0071,0559,1100400710559,3,0.6020599913279624
11,004,0071,0563,1100400710563,120,2.0827853703164503
11,004,0071,0578,1100400710578,14,1.1760912590556813
11,004,0071,0582,1100400710582,16,1.2304489213782739
11,004,0071,0597,1100400710597,9,1.0
11,004,0071,0690,1100400710690,11,1.0791812460476249
11,004,0071,0703,1100400710703,0,0.0
11,005,0001,0043,1100500010043,3397,3.5312233745330266
11,005,0001,0109,1100500010109,3852,3.5857990090130007
11,005,0001,0113,1100500010113,4842,3.6851144690465394
11,005,0001,0128,1100500010128,2085,3.319314304090512
11,005,0001,0151,1100500010151,3003,3.4776999283321306
11,005,0001,0166,1100500010166,6528,3.814846668604463
11,005,0001,0202,1100500010202,351,2.546542663478131
11,005,0001,0217,1100500010217,127,2.1072099696478683
11,005,0001,0255,1100500010255,109,2.041392685158225
11,005,0001,026A,110050001026A,260,2.416640507338281
11,005,0001,0274,1100500010274,346,2.5403294747908736
11,005,0001,0289,1100500010289,207,2.3180633349627615
11,005,0001,0293,1100500010293,49,1.6989700043360187
11,005,0001,0306,1100500010306,370,2.569373909615046
11,005,0001,0310,1100500010310,179,2.255272505103306
11,005,0001,0325,1100500010325,33,1.5314789170422551
11,005,0001,033A,110050001033A,37,1.5797835966168101
11,005,0001,0378,1100500010378,18,1.2787536009528289
11,005,0001,0382,1100500010382,6,0.8450980400142568
11,005,0001,0397,1100500010397,649,2.8129133566428557
11,005,0001,040A,110050001040A,175,2.24551266781415
11,005,0001,0414,1100500010414,63,1.806179973983887
11,005,0001,0429,1100500010429,10,1.0413926851582251
11,005,0001,0433,1100500010433,517,2.714329759745233
11,005,0001,0448,1100500010448,5,0.7781512503836436
11,005,0001,0452,1100500010452,89,1.954242509439325
11,005,0001,0467,1100500010467,29,1.4771212547196624
11,005,0001,0471,1100500010471,0,0.0
11,005,0001,0490,1100500010490,673,2.82865989653532
11,005,0001,0503,1100500010503,140,2.1492191126553797
11,005,0001,0518,1100500010518,59,1.7781512503836436
11,005,0001,0522,1100500010522,17,1.255272505103306
11,005,0001,0537,1100500010537,26,1.4313637641589874
11,005,0001,0541,1100500010541,8,0.9542425094393249
11,005,0001,0594,1100500010594,62,1.7993405494535817
11,005,0001,0607,1100500010607,423,2.6273658565927325
11,005,0001,0611,1100500010611,0,0.0
11,005,0001,0626,1100500010626,0,0.0
11,005,0001,0630,1100500010630,82,1.919078092376074
11,005,0001,0645,1100500010645,6,0.8450980400142568
11,005,0001,065A,110050001065A,50,1.7075701760979363
11,005,0001,0664,1100500010664,6,0.8450980400142568
11,005,0001,0753,1100500010753,53,1.7323937598229686
11,005,0001,0804,1100500010804,0,0.0
11,005,0001,0819,1100500010819,2,0.47712125471966244
11,005,0001,0823,1100500010823,4,0.6989700043360189
11,005,0001,0838,1100500010838,50,1.7075701760979363
11,005,0001,0842,1100500010842,16,1.2304489213782739
11,005,0001,0857,1100500010857,0,0.0
11,005,0001,0908,1100500010908,1212,3.083860800866573
11,005,0001,0912,1100500010912,0,0.0
11,005,0001,0931,1100500010931,5,0.7781512503836436
11,005,0001,0946,1100500010946,11,1.0791812460476249
11,005,0001,0950,1100500010950,15,1.2041199826559248
11,005,0001,0965,1100500010965,0,0.0
11,005,0001,097A,110050001097A,9,1.0
11,005,0001,1164,1100500011164,999,3.0
11,005,0003,0556,1100500030556,2915,3.4647875196459372
11,005,0003,0984,1100500030984,3,0.6020599913279624
11,005,0003,0999,1100500030999,10,1.0413926851582251
11,005,0003,1003,1100500031003,38,1.591064607026499
11,005,0008,072A,110050008072A,3945,3.5961570809161723
11,005,0008,0787,1100500080787,4,0.6989700043360189
11,005,0008,0791,1100500080791,24,1.3979400086720377
11,005,0008,0927,1100500080927,0,0.0
11,005,0008,1018,1100500081018,5,0.7781512503836436
11,005,0008,1022,1100500081022,4,0.6989700043360189
11,005,0021,0560,1100500210560,3335,3.523226041965701
11,005,0021,0880,1100500210880,11,1.0791812460476249
11,005,0021,1037,1100500211037,0,0.0
11,005,0021,1041,1100500211041,0,0.0
11,005,0033,0575,1100500330575,2564,3.409087369447835
11,005,0033,1056,1100500331056,0,0.0
11,005,0033,1060,1100500331060,0,0.0
11,005,0045,0147,1100500450147,2117,3.325925955771466
11,005,0045,0185,1100500450185,800,2.9036325160842376
11,005,0045,019A,110050045019A,1045,3.0195316845312554
11,005,0045,0221,1100500450221,57,1.7634279935629373
11,005,0045,0236,1100500450236,37,1.5797835966168101
11,005,0045,0240,1100500450240,10,1.0413926851582251
11,005,0045,0344,1100500450344,27,1.4471580313422192
11,005,0045,0359,1100500450359,0,0.0
11,005,0045,0363,1100500450363,1,0.3010299956639812
11,005,0045,0486,1100500450486,27,1.4471580313422192
11,005,0045,0679,1100500450679,7,0.9030899869919435
11,005,0045,0683,1100500450683,11,1.0791812460476249
11,005,0045,0698,1100500450698,13,1.146128035678238
11,005,0045,0772,1100500450772,9,1.0
11,005,0045,1075,1100500451075,25,1.414973347970818
11,005,0045,108A,110050045108A,7,0.9030899869919435
11,005,0045,1094,1100500451094,3,0.6020599913279624
11,005,0045,1107,1100500451107,0,0.0
11,005,0047,0700,1100500470700,2224,3.3473300153169503
11,005,0047,0715,1100500470715,1624,3.210853365314893
11,005,0047,0861,1100500470861,10,1.0413926851582251
11,005,0047,0876,1100500470876,8,0.9542425094393249
11,005,0047,0895,1100500470895,52,1.724275869600789
11,005,0047,1111,1100500471111,8,0.9542425094393249
11,005,0047,1126,1100500471126,11,1.0791812460476249
11,005,0047,1130,1100500471130,11,1.0791812460476249
11,005,0051,058A,110050051058A,2683,3.4287825114969546
11,005,0298,0096,1100502980096,0,0.0
11,005,0298,0734,1100502980734,4907,3.6909045540549665
11,005,0298,0749,1100502980749,3440,3.5366846726209302
11,005,0298,0768,1100502980768,0,0.0
11,005,0298,1145,1100502981145,0,0.0
11,005,0306,115A,110050306115A,2510,3.3998467127129226
11,005,0306,1179,1100503061179,2783,3.4446692309385245
11,005,0306,1183,1100503061183,1731,3.2385478876813276
11,005,0306,1198,1100503061198,2961,3.47158505418519
11,005,0306,1200,1100503061200,3222,3.5082603055123345
11,005,0306,1215,1100503061215,1238,3.0930713063760633
11,005,0306,122A,110050306122A,619,2.792391689498254
11,005,0320,0039,1100503200039,4166,3.619823500457278
11,006,0001,0055,1100600010055,288,2.4608978427565478
11,006,0001,006A,110060001006A,142,2.155336037465062
11,006,0001,0074,1100600010074,0,0.0
11,006,0001,0089,1100600010089,4,0.6989700043360189
11,007,0001,0103,1100700010103,6505,3.813314058945835
11,007,0001,0122,1100700010122,4210,3.624385241420265
11,007,0001,0137,1100700010137,3073,3.4877038631637265
11,007,0001,0141,1100700010141,2411,3.3823773034681137
11,007,0001,0156,1100700010156,2010,3.303412070596742
11,007,0001,0160,1100700010160,1789,3.2528530309798933
11,007,0001,0175,1100700010175,1287,3.1099158630237933
11,007,0001,018A,110070001018A,2978,3.4740705032150436
11,007,0001,0211,1100700010211,4424,3.6459132750338443
11,007,0001,0226,1100700010226,2082,3.318689269947746
11,007,0001,0230,1100700010230,3034,3.482158695411276
11,007,0001,025A,110070001025A,1075,3.0318122713303706
11,007,0001,0264,1100700010264,3040,3.483016420144132
11,007,0001,0279,1100700010279,1941,3.288249225571986
11,007,0001,0283,1100700010283,968,2.986323777050765
11,007,0001,0300,1100700010300,2924,3.466125870418199
11,007,0001,0353,1100700010353,3673,3.5651391519697895
11,007,0001,0391,1100700010391,1342,3.1280760126687155
11,007,0001,0419,1100700010419,4371,3.6406801532776654
11,007,0001,0423,1100700010423,5411,3.7333577879255855
11,007,0001,0438,1100700010438,6047,3.78161178249315
11,007,0001,0442,1100700010442,2997,3.4768316285122607
11,007,0001,0527,1100700010527,6470,3.8109713998222077
11,007,0001,0531,1100700010531,4225,3.6259294927162946
11,007,0001,0546,1100700010546,5505,3.7408362070573116
11,007,0001,0550,1100700010550,4613,3.664077590185075
11,007,0001,0565,1100700010565,4636,3.6662370958958044
11,007,0001,057A,110070001057A,1326,3.1228709228644354
11,007,0001,064A,110070001064A,2771,3.442793225939769
11,007,0001,0654,1100700010654,2536,3.404320467221731
11,007,0001,0688,1100700010688,4545,3.657629431388952
11,007,0001,0705,1100700010705,1780,3.2506639194632436
11,007,0001,071A,110070001071A,2214,3.3453737305590883
11,007,0001,0724,1100700010724,1936,3.287129620719111
11,007,0001,0758,1100700010758,461,2.6646419755561257
11,007,0001,0762,1100700010762,6936,3.841171694499532
11,007,0001,0777,1100700010777,3018,3.479863113023098
11,007,0001,0796,1100700010796,2314,3.364550995353972
11,007,0001,0809,1100700010809,1944,3.2889196056617265
11,007,0001,0813,1100700010813,358,2.5550944485783194
11,007,0001,0847,1100700010847,5108,3.7083359026822635
11,007,0001,0851,1100700010851,3297,3.5182506513085
11,007,0001,0940,1100700010940,2343,3.369957607346053
11,007,0001,0955,1100700010955,3462,3.539452491549461
11,007,0001,096A,110070001096A,2701,3.4316853446860116
11,007,0001,0974,1100700010974,2258,3.353916230920363
11,007,0001,0989,1100700010989,2161,3.3348556896172914
11,007,0001,0993,1100700010993,2152,3.3330440298234874
11,007,0001,1008,1100700011008,1461,3.1649473726218416
11,007,0001,1012,1100700011012,3425,3.5347873586294916
11,007,0001,1027,1100700011027,1155,3.0629578340845103
11,007,0001,1031,1100700011031,1249,3.0969100130080562
11,007,0001,1046,1100700011046,790,2.8981764834976764
11,007,0001,1050,1100700011050,1909,3.2810333672477277
11,007,0001,1065,1100700011065,1484,3.171726453653231
11,007,0001,107A,110070001107A,2182,3.339053735709139
11,007,0001,1084,1100700011084,2164,3.3354579006893843
11,007,0001,1099,1100700011099,3879,3.5888317255942073
11,007,0001,1101,1100700011101,2398,3.380030247967831
11,007,0001,1116,1100700011116,2355,3.372175286115064
11,007,0001,1120,1100700011120,2345,3.3703280077795106
11,007,0001,1135,1100700011135,10331,4.014184397501279
11,007,0001,114A,110070001114A,5949,3.7745169657285498
11,007,0001,1154,1100700011154,2363,3.3736474722092176
11,007,0001,1173,1100700011173,1197,3.0784568180532927
11,007,0001,1188,1100700011188,2815,3.4496326504700745
11,007,0001,1192,1100700011192,2907,3.463594402187
11,007,0001,1205,1100700011205,2439,3.387389826338729
11,007,0001,121A,110070001121A,3260,3.513350798805957
11,007,0001,1224,1100700011224,2154,3.3334472744967503
11,007,0001,1239,1100700011239,1897,3.2782962080912736
11,007,0001,1243,1100700011243,1440,3.1586639808139894
11,007,0001,1258,1100700011258,2886,3.4604467838807205
11,007,0001,1262,1100700011262,1552,3.1911714557285586
11,007,0001,1277,1100700011277,2833,3.4523998459114416
11,007,0001,1281,1100700011281,903,2.9561684304753633
11,007,0001,1309,1100700011309,3910,3.5922878159521305
11,007,0001,1313,1100700011313,5252,3.7204074008031087
11,007,0001,1351,1100700011351,5,0.7781512503836436
11,007,0001,1366,1100700011366,0,0.0
11,007,0001,1370,1100700011370,29,1.4771212547196624
11,007,0001,1385,1100700011385,141,2.1522883443830563
11,007,0001,139A,110070001139A,0,0.0
11,007,0001,1402,1100700011402,548,2.739572344450092
11,007,0001,1417,1100700011417,69,1.845098040014257
11,007,0001,1421,1100700011421,25,1.414973347970818
11,007,0001,1436,1100700011436,0,0.0
11,007,0001,1440,1100700011440,207,2.3180633349627615
11,007,0001,1455,1100700011455,570,2.756636108245848
11,007,0001,146A,110070001146A,375,2.575187844927661
11,007,0001,1474,1100700011474,392,2.5943925503754266
11,007,0001,1489,1100700011489,86,1.9395192526186185
11,007,0001,1493,1100700011493,6,0.8450980400142568
11,007,0001,1510,1100700011510,25,1.414973347970818
11,007,0001,1525,1100700011525,2433,3.386320573894046
11,007,0001,153A,110070001153A,5102,3.7078255683322316
11,007,0001,1544,1100700011544,4814,3.6825962914605532
11,007,0001,1559,1100700011559,5821,3.765072201102792
11,007,0001,1563,1100700011563,2123,3.3271545124094315
11,007,0001,1578,1100700011578,2526,3.4026052419199146
11,007,0001,1582,1100700011582,1398,3.1458177144918276
11,007,0001,1633,1100700011633,815,2.9116901587538613
11,007,0001,1648,1100700011648,620,2.79309160017658
11,007,0001,1652,1100700011652,1220,3.0867156639448825
11,007,0001,1667,1100700011667,2508,3.3995006613146104
11,007,0001,1671,1100700011671,24,1.3979400086720377
11,007,0001,1686,1100700011686,405,2.6085260335771943
11,007,0001,1690,1100700011690,1058,3.024895960107485
11,007,0001,1703,1100700011703,291,2.4653828514484184
11,007,0001,1718,1100700011718,383,2.584331224367531
11,007,0001,1722,1100700011722,387,2.5888317255942073
11,007,0001,1737,1100700011737,4149,3.6180480967120925
11,007,0001,1741,1100700011741,3797,3.5795549604009986
11,007,0001,1756,1100700011756,4139,3.617000341120899
11,007,0001,1760,1100700011760,1392,3.1439511164239633
11,007,0001,1775,1100700011775,1268,3.103461622094705
11,007,0001,1898,1100700011898,586,2.7686381012476144
11,007,0001,1900,1100700011900,0,0.0
11,007,0001,1915,1100700011915,3476,3.5412046906832586
11,007,0001,192A,110070001192A,298,2.4756711883244296
11,007,0001,1934,1100700011934,426,2.630427875025024
11,007,0001,1949,1100700011949,58,1.7708520116421442
11,007,0001,1953,1100700011953,188,2.2764618041732443
11,007,0001,1968,1100700011968,502,2.7015679850559273
11,007,0001,1972,1100700011972,2242,3.350829273582968
11,007,0001,1987,1100700011987,87,1.9444826721501687
11,007,0001,1991,1100700011991,58,1.7708520116421442
11,007,0001,2010,1100700012010,24,1.3979400086720377
11,007,0001,2025,1100700012025,74,1.8750612633917
11,007,0001,2129,1100700012129,575,2.760422483423212
11,007,0001,2133,1100700012133,108,2.037426497940624
11,007,0001,2152,1100700012152,3144,3.497620649781288
11,007,0001,2167,1100700012167,413,2.617000341120899
11,007,0001,2171,1100700012171,5074,3.7054360465852505
11,007,0001,2186,1100700012186,2623,3.4189638307036225
11,007,0001,2190,1100700012190,2767,3.44216608578472
11,007,0001,2203,1100700012203,1245,3.095518042323151
11,007,0001,2241,1100700012241,205,2.3138672203691533
11,007,0001,2256,1100700012256,344,2.537819095073274
11,007,0001,2260,1100700012260,253,2.404833716619938
11,007,0001,2275,1100700012275,40,1.6127838567197355
11,007,0001,228A,110070001228A,21,1.3424226808222062
11,007,0001,2294,1100700012294,522,2.718501688867274
11,007,0001,2307,1100700012307,445,2.649334858712142
11,007,0001,2326,1100700012326,15,1.2041199826559248
11,007,0001,2330,1100700012330,126,2.103803720955957
11,007,0001,2345,1100700012345,2483,3.3951515915045425
11,007,0001,2415,1100700012415,37,1.5797835966168101
11,007,0001,242A,110070001242A,1035,3.0153597554092144
11,007,0001,2434,1100700012434,6005,3.778585327862962
11,007,0001,2449,1100700012449,390,2.5921767573958667
11,007,0001,2453,1100700012453,1652,3.2182728535714475
11,007,0001,2468,1100700012468,1011,3.0051805125037805
11,007,0001,2472,1100700012472,0,0.0
11,007,0001,2487,1100700012487,0,0.0
11,007,0001,2491,1100700012491,7,0.9030899869919435
11,007,0001,2504,1100700012504,9,1.0
11,007,0001,2519,1100700012519,1800,3.2555137128195333
11,007,0001,2523,1100700012523,22,1.3617278360175928
11,007,0001,2538,1100700012538,439,2.6434526764861874
11,007,0001,2542,1100700012542,1692,3.2286569581089353
11,007,0001,2561,1100700012561,3568,3.5525465479556604
11,007,0001,2576,1100700012576,384,2.5854607295085006
11,007,0001,2580,1100700012580,353,2.5490032620257876
11,007,0001,2595,1100700012595,489,2.690196080028514
11,007,0001,2608,1100700012608,25,1.414973347970818
11,007,0001,2627,1100700012627,1617,3.2089785172762535
11,007,0001,2631,1100700012631,1889,3.2764618041732443
11,007,0001,2646,1100700012646,5,0.7781512503836436
11,007,0001,2650,1100700012650,27,1.4471580313422192
11,007,0001,2665,1100700012665,870,2.9400181550076634
11,007,0001,267A,110070001267A,138,2.143014800254095
11,007,0001,2684,1100700012684,0,0.0
11,007,0001,2699,1100700012699,0,0.0
11,007,0001,2701,1100700012701,6537,3.81544491624435
11,007,0001,2716,1100700012716,861,2.9355072658247128
11,007,0001,2720,1100700012720,217,2.3384564936046046
11,007,0001,2735,1100700012735,2961,3.47158505418519
11,007,0001,274A,110070001274A,599,2.7781512503836434
11,007,0001,2754,1100700012754,1656,3.219322508419337
11,007,0001,2769,1100700012769,20,1.3222192947339193
11,007,0001,2773,1100700012773,2314,3.364550995353972
11,007,0001,2792,1100700012792,169,2.230448921378274
11,007,0001,2805,1100700012805,112,2.0530784434834195
11,007,0001,2881,1100700012881,3929,3.5943925503754266
11,007,0001,2896,1100700012896,242,2.385606273598312
11,007,0001,2913,1100700012913,1367,3.1360860973840974
11,007,0001,2928,1100700012928,560,2.7489628612561616
11,007,0001,2932,1100700012932,1030,3.0132586652835167
11,007,0001,2947,1100700012947,1397,3.1455071714096627
11,007,0001,3061,1100700013061,3,0.6020599913279624
11,007,0001,3080,1100700013080,585,2.767897616018091
11,007,0001,3165,1100700013165,2042,3.3102683666324477
11,007,0001,317A,110070001317A,1163,3.06595298031387
11,007,0001,3216,1100700013216,397,2.5998830720736876
11,007,0001,3220,1100700013220,378,2.578639209968072
11,007,0001,3235,1100700013235,1954,3.2911467617318855
11,007,0001,324A,110070001324A,589,2.7708520116421442
11,007,0001,3254,1100700013254,218,2.3404441148401185
11,007,0001,3273,1100700013273,207,2.3180633349627615
11,007,0001,3288,1100700013288,5249,3.720159303405957
11,007,0001,3292,1100700013292,21,1.3424226808222062
11,007,0001,3305,1100700013305,49,1.6989700043360187
11,007,0001,331A,110070001331A,601,2.7795964912578244
11,007,0001,3324,1100700013324,147,2.1702617153949575
11,007,0001,3339,1100700013339,62,1.7993405494535817
11,007,0001,3343,1100700013343,3,0.6020599913279624
11,007,0001,3358,1100700013358,230,2.3636119798921444
11,007,0001,3362,1100700013362,18,1.2787536009528289
11,007,0001,3377,1100700013377,2480,3.394626764272209
11,007,0001,3396,1100700013396,339,2.531478917042255
11,007,0001,3409,1100700013409,178,2.2528530309798933
11,007,0001,3413,1100700013413,768,2.885926339801431
11,007,0001,3428,1100700013428,274,2.439332693830263
11,007,0001,3447,1100700013447,760,2.8813846567705728
11,007,0001,3517,1100700013517,0,0.0
11,007,0001,3521,1100700013521,49,1.6989700043360187
11,007,0001,3536,1100700013536,0,0.0
11,007,0001,3540,1100700013540,443,2.6473829701146196
11,007,0001,3555,1100700013555,673,2.82865989653532
11,007,0001,356A,110070001356A,6,0.8450980400142568
11,007,0001,3574,1100700013574,7,0.9030899869919435
11,007,0001,3589,1100700013589,7,0.9030899869919435
11,007,0001,3593,1100700013593,575,2.760422483423212
11,007,0001,3606,1100700013606,249,2.3979400086720375
11,007,0001,3729,1100700013729,0,0.0
11,007,0001,3790,1100700013790,1015,3.0068937079479006
11,007,0001,3818,1100700013818,708,2.8506462351830666
11,007,0001,3822,1100700013822,390,2.5921767573958667
11,007,0001,3837,1100700013837,752,2.8767949762007006
11,007,0109,0601,1100701090601,755,2.8785217955012063
11,007,0109,0616,1100701090616,901,2.9552065375419416
11,007,0109,0620,1100701090620,1255,3.0989896394011773
11,007,0109,1864,1100701091864,99,2.0
11,007,0109,2148,1100701092148,4,0.6989700043360189
11,007,0109,2788,1100701092788,4,0.6989700043360189
11,007,0109,3095,1100701093095,20,1.3222192947339193
11,007,0109,3381,1100701093381,18,1.2787536009528289
11,007,0109,3610,1100701093610,30,1.4913616938342726
11,007,0143,0349,1100701430349,3848,3.585347911094591
11,007,0143,089A,110070143089A,3023,3.480581786829169
11,007,0143,0902,1100701430902,2175,3.3376588910261424
11,007,0143,0917,1100701430917,928,2.968015713993642
11,007,0143,1347,1100701431347,69,1.845098040014257
11,007,0143,178A,110070143178A,41,1.6232492903979006
11,007,0143,1794,1100701431794,11,1.0791812460476249
11,007,0143,1883,1100701431883,188,2.2764618041732443
11,007,0143,203A,110070143203A,116,2.0681858617461617
11,007,0143,2082,1100701432082,63,1.806179973983887
11,007,0143,2097,1100701432097,11,1.0791812460476249
11,007,0143,210A,110070143210A,21,1.3424226808222062
11,007,0143,2311,1100701432311,61,1.792391689498254
11,007,0143,2839,1100701432839,163,2.214843848047698
11,007,0143,2951,1100701432951,133,2.1271047983648077
11,007,0143,2966,1100701432966,106,2.0293837776852097
11,007,0143,2970,1100701432970,13,1.146128035678238
11,007,0143,2985,1100701432985,36,1.568201724066995
11,007,0143,3451,1100701433451,10,1.0413926851582251
11,007,0143,3625,1100701433625,7,0.9030899869919435
11,007,0143,363A,110070143363A,0,0.0
11,007,0143,3644,1100701433644,3,0.6020599913279624
11,007,0146,1328,1100701461328,2623,3.4189638307036225
11,007,0146,1332,1100701461332,997,2.999130541287371
11,007,0146,160A,110070146160A,106,2.0293837776852097
11,007,0146,1614,1100701461614,253,2.404833716619938
11,007,0146,2044,1100701462044,58,1.7708520116421442
11,007,0146,2398,1100701462398,83,1.9242792860618816
11,007,0146,2843,1100701462843,35,1.5563025007672873
11,007,0146,299A,110070146299A,81,1.9138138523837167
11,007,0146,3659,1100701463659,16,1.2304489213782739
11,007,0153,0584,1100701530584,1876,3.273464272621346
11,007,0153,0669,1100701530669,688,2.8382192219076257
11,007,0154,0870,1100701540870,1591,3.20194306340165
11,007,0154,0885,1100701540885,1634,3.2135177569963047
11,007,0154,185A,110070154185A,31,1.505149978319906
11,007,0154,3108,1100701543108,12,1.1139433523068367
11,007,0154,3466,1100701543466,7,0.9030899869919435
11,007,0154,3663,1100701543663,4,0.6989700043360189
11,007,0159,3201,1100701593201,2723,3.4352071032407476
11,007,0159,3470,1100701593470,0,0.0
11,007,0159,3485,1100701593485,8,0.9542425094393249
11,007,0159,349A,110070159349A,31,1.505149978319906
11,007,0159,3678,1100701593678,14,1.1760912590556813
11,007,0159,3682,1100701593682,25,1.414973347970818
11,007,0159,3697,1100701593697,11,1.0791812460476249
11,007,0161,0052,1100701610052,3766,3.5759956202032677
11,007,0161,0368,1100701610368,6220,3.7938602013426697
11,007,0161,0828,1100701610828,375,2.575187844927661
11,007,0161,2063,1100701612063,4,0.6989700043360189
11,007,0161,3004,1100701613004,12,1.1139433523068367
11,007,0161,3019,1100701613019,0,0.0
11,007,0161,3023,1100701613023,0,0.0
11,007,0161,3112,1100701613112,116,2.0681858617461617
11,007,0161,3127,1100701613127,57,1.7634279935629373
11,007,0161,3131,1100701613131,9,1.0
11,007,0165,0048,1100701650048,4410,3.6445370577784075
11,007,0165,0387,1100701650387,5743,3.759214431234244
11,007,0165,0832,1100701650832,3551,3.5504729571065634
11,007,0165,1811,1100701651811,23,1.380211241711606
11,007,0165,2114,1100701652114,352,2.5477747053878224
11,007,0165,2379,1100701652379,119,2.0791812460476247
11,007,0165,2383,1100701652383,329,2.5185139398778875
11,007,0165,2858,1100701652858,125,2.100370545117563
11,007,0165,2862,1100701652862,41,1.6232492903979006
11,007,0165,2877,1100701652877,245,2.3909351071033793
11,007,0165,3502,1100701653502,31,1.505149978319906
11,007,0174,1629,1100701741629,2534,3.403977963669355
11,007,0174,1826,1100701741826,0,0.0
11,007,0174,1830,1100701741830,317,2.5024271199844326
11,007,0174,2218,1100701742218,56,1.7558748556724915
11,007,0174,2222,1100701742222,88,1.9493900066449128
11,007,0174,2237,1100701742237,57,1.7634279935629373
11,007,0174,2400,1100701742400,0,0.0
11,007,0174,281A,110070174281A,190,2.2810333672477277
11,007,0174,2824,1100701742824,5,0.7781512503836436
11,007,0174,3038,1100701743038,17,1.255272505103306
11,007,0174,3042,1100701743042,18,1.2787536009528289
11,007,0174,3057,1100701743057,26,1.4313637641589874
11,007,0174,370A,110070174370A,19,1.3010299956639813
11,007,0174,3714,1100701743714,3,0.6020599913279624
11,007,0185,0921,1100701850921,1060,3.025715383901341
11,007,0185,0936,1100701850936,3912,3.59250984790068
11,007,0185,1845,1100701851845,7,0.9030899869919435
11,007,0185,2006,1100701852006,56,1.7558748556724915
11,007,0185,2364,1100701852364,116,2.0681858617461617
11,007,0185,3146,1100701853146,0,0.0
11,007,0185,3150,1100701853150,18,1.2787536009528289
11,007,0185,3432,1100701853432,26,1.4313637641589874
11,007,0250,3184,1100702503184,2799,3.4471580313422194
11,007,0256,3199,1100702563199,3603,3.5567847823070253
11,007,0256,3269,1100702563269,408,2.611723308007342
11,007,0256,3733,1100702563733,17,1.255272505103306
11,007,0256,3748,1100702563748,17,1.255272505103306
11,007,0256,3752,1100702563752,0,0.0
11,007,0258,2557,1100702582557,4030,3.605412798153051
11,007,0258,3767,1100702583767,29,1.4771212547196624
11,008,0001,005A,110080001005A,34,1.5440680443502757
11,008,0001,0115,1100800010115,4035,3.605951157564873
11,008,0001,012A,110080001012A,2319,3.3654879848909
11,008,0001,0134,1100800010134,1480,3.1705550585212086
11,008,0001,0149,1100800010149,1716,3.2347702951609163
11,008,0001,0153,1100800010153,4115,3.6144753660903954
11,008,0001,0168,1100800010168,626,2.7972675408307164
11,008,0001,0172,1100800010172,593,2.7737864449811935
11,008,0001,0187,1100800010187,461,2.6646419755561257
11,008,0001,0191,1100800010191,20,1.3222192947339193
11,008,0001,0204,1100800010204,203,2.3096301674258988
11,008,0001,0219,1100800010219,6,0.8450980400142568
11,008,0001,0223,1100800010223,67,1.8325089127062364
11,008,0001,0238,1100800010238,23,1.380211241711606
11,008,0001,0242,1100800010242,72,1.863322860120456
11,008,0001,0257,1100800010257,12,1.1139433523068367
11,008,0001,0261,1100800010261,19,1.3010299956639813
11,008,0001,0276,1100800010276,70,1.8512583487190752
11,008,0001,0280,1100800010280,7,0.9030899869919435
11,008,0001,0295,1100800010295,0,0.0
11,008,0001,0308,1100800010308,0,0.0
11,008,0001,0312,1100800010312,37,1.5797835966168101
11,008,0001,0327,1100800010327,12,1.1139433523068367
11,008,0001,0331,1100800010331,0,0.0
11,008,0001,0346,1100800010346,0,0.0
11,008,0001,0350,1100800010350,31,1.505149978319906
11,008,0001,0365,1100800010365,1,0.3010299956639812
11,008,0001,037A,110080001037A,74,1.8750612633917
11,008,0001,0384,1100800010384,14,1.1760912590556813
11,008,0001,0399,1100800010399,0,0.0
11,008,0001,0401,1100800010401,34,1.5440680443502757
11,008,0001,0416,1100800010416,11,1.0791812460476249
11,009,0001,0057,1100900010057,4484,3.651762447380111
11,009,0001,0061,1100900010061,8348,3.9216344610537055
11,009,0001,024A,110090001024A,3668,3.564547711755948
11,009,0001,0254,1100900010254,4843,3.6852041344710145
11,009,0001,0288,1100900010288,219,2.342422680822206
11,009,0001,0305,1100900010305,406,2.60959440922522
11,009,0001,031A,110090001031A,94,1.9777236052888478
11,009,0001,0343,1100900010343,39,1.6020599913279623
11,009,0001,0358,1100900010358,48,1.6901960800285136
11,009,0001,0362,1100900010362,89,1.954242509439325
11,009,0001,0377,1100900010377,43,1.6434526764861874
11,009,0001,0409,1100900010409,176,2.247973266361807
11,009,0001,0413,1100900010413,405,2.6085260335771943
11,009,0001,0432,1100900010432,79,1.9030899869919435
11,009,0001,0447,1100900010447,423,2.6273658565927325
11,009,0001,0502,1100900010502,97,1.9912260756924949
11,009,0001,0521,1100900010521,486,2.6875289612146345
11,009,0001,0540,1100900010540,70,1.8512583487190752
11,009,0001,0555,1100900010555,92,1.968482948553935
11,009,0001,056A,110090001056A,29,1.4771212547196624
11,009,0001,0574,1100900010574,0,0.0
11,009,0001,0610,1100900010610,0,0.0
11,009,0001,0625,1100900010625,88,1.9493900066449128
11,009,0001,0697,1100900010697,0,0.0
11,009,0001,0714,1100900010714,0,0.0
11,009,0001,0729,1100900010729,0,0.0
11,009,0001,0786,1100900010786,2,0.47712125471966244
11,009,0001,0790,1100900010790,0,0.0
11,009,0010,0146,1100900100146,1376,3.1389339402569236
11,009,0010,0165,1100900100165,1026,3.0115704435972783
11,009,0010,017A,110090010017A,1196,3.0780941504064105
11,009,0010,0184,1100900100184,2535,3.404149249209695
11,009,0010,0199,1100900100199,2734,3.4369573306694496
11,009,0010,0201,1100900100201,2483,3.3951515915045425
11,009,0010,0216,1100900100216,1506,3.1781132523146316
11,009,0010,0292,1100900100292,75,1.8808135922807914
11,009,0010,0381,1100900100381,102,2.012837224705172
11,009,0010,0396,1100900100396,0,0.0
11,009,0010,0428,1100900100428,37,1.5797835966168101
11,009,0010,0451,1100900100451,129,2.113943352306837
11,009,0010,0517,1100900100517,99,2.0
11,009,0010,0536,1100900100536,428,2.6324572921847245
11,009,0010,0589,1100900100589,61,1.792391689498254
11,009,0010,0593,1100900100593,117,2.0718820073061255
11,009,0010,0606,1100900100606,0,0.0
11,009,0010,063A,110090010063A,63,1.806179973983887
11,009,0010,0678,1100900100678,7,0.9030899869919435
11,009,0010,070A,110090010070A,11,1.0791812460476249
11,009,0010,0733,1100900100733,6,0.8450980400142568
11,009,0010,0752,1100900100752,0,0.0
11,009,0025,0220,1100900250220,2099,3.322219294733919
11,009,0025,0235,1100900250235,1604,3.205475036740891
11,009,0025,0339,1100900250339,15,1.2041199826559248
11,009,0025,0466,1100900250466,0,0.0
11,009,0025,0470,1100900250470,60,1.7853298350107671
11,009,0025,0485,1100900250485,50,1.7075701760979363
11,009,0025,049A,110090025049A,189,2.278753600952829
11,009,0025,0644,1100900250644,16,1.2304489213782739
11,009,0025,0659,1100900250659,0,0.0
11,009,0025,0663,1100900250663,3,0.6020599913279624
11,009,0025,0682,1100900250682,11,1.0791812460476249
11,009,0025,0748,1100900250748,0,0.0
11,009,0025,0767,1100900250767,10,1.0413926851582251
11,009,0025,0771,1100900250771,8,0.9542425094393249
11,010,0001,0043,1101000010043,1714,3.2342641243787895
11,010,0001,0058,1101000010058,1066,3.0281644194244697
11,010,0001,0062,1101000010062,40,1.6127838567197355
11,010,0001,0077,1101000010077,21,1.3424226808222062
11,010,0001,0081,1101000010081,6,0.8450980400142568
11,010,0001,0096,1101000010096,475,2.677606952720493
11,010,0001,0109,1101000010109,52,1.724275869600789
11,010,0001,0113,1101000010113,223,2.3502480183341627
11,010,0001,0128,1101000010128,23,1.380211241711606
11,010,0001,0132,1101000010132,27,1.4471580313422192
11,010,0001,0147,1101000010147,40,1.6127838567197355
11,010,0001,0151,1101000010151,64,1.8129133566428555
11,010,0001,0166,1101000010166,4,0.6989700043360189
11,010,0001,0170,1101000010170,12,1.1139433523068367
11,010,0001,0185,1101000010185,146,2.167317334748176
11,010,0001,019A,110100001019A,0,0.0
11,010,0001,0202,1101000010202,0,0.0
11,011,0001,0036,1101100010036,1427,3.1547282074401557
11,011,0001,0040,1101100010040,3216,3.50745106090197
11,011,0001,0055,1101100010055,3132,3.4959603948817053
11,011,0001,006A,110110001006A,2828,3.4516329474569907
11,011,0001,0125,1101100010125,3678,3.565729787831127
11,011,0001,013A,110110001013A,3063,3.486288760960566
11,011,0001,0144,1101100010144,4936,3.6934631272195313
11,011,0001,0182,1101100010182,5342,3.727785174182906
11,011,0001,0197,1101100010197,6562,3.8171024042569233
11,011,0001,020A,110110001020A,4721,3.674125982742708
11,011,0001,0214,1101100010214,3174,3.5017437296279943
11,011,0001,0267,1101100010267,1776,3.2496874278053016
11,011,0001,0271,1101100010271,3184,3.503109436671369
11,011,0001,0286,1101100010286,3248,3.511749711344983
11,011,0001,0290,1101100010290,4105,3.613418945034573
11,011,0001,0303,1101100010303,94,1.9777236052888478
11,011,0001,0318,1101100010318,56,1.7558748556724915
11,011,0001,0322,1101100010322,383,2.584331224367531
11,011,0001,0337,1101100010337,0,0.0
11,011,0001,0341,1101100010341,244,2.3891660843645326
11,011,0001,0356,1101100010356,917,2.9628426812012423
11,011,0001,0360,1101100010360,0,0.0
11,011,0001,0394,1101100010394,669,2.8260748027008264
11,011,0001,0407,1101100010407,54,1.7403626894942439
11,011,0001,0411,1101100010411,65,1.8195439355418688
11,011,0001,0430,1101100010430,2280,3.3581252852766488
11,011,0001,0445,1101100010445,1958,3.2920344359947364
11,011,0001,045A,110110001045A,7,0.9030899869919435
11,011,0001,0464,1101100010464,66,1.8260748027008264
11,011,0001,0479,1101100010479,10,1.0413926851582251
11,011,0001,0483,1101100010483,767,2.885361220031512
11,011,0001,0498,1101100010498,416,2.6201360549737576
11,011,0001,0500,1101100010500,157,2.1986570869544226
11,011,0001,0515,1101100010515,6,0.8450980400142568
11,011,0001,0534,1101100010534,10,1.0413926851582251
11,011,0001,0549,1101100010549,195,2.292256071356476
11,011,0001,0553,1101100010553,3,0.6020599913279624
11,011,0001,0568,1101100010568,30,1.4913616938342726
11,011,0001,0572,1101100010572,2078,3.317854489331469
11,011,0001,0587,1101100010587,98,1.99563519459755
11,011,0001,0591,1101100010591,133,2.1271047983648077
11,011,0001,0604,1101100010604,1049,3.0211892990699383
11,011,0001,0619,1101100010619,20,1.3222192947339193
11,011,0001,0623,1101100010623,0,0.0
11,011,0001,0638,1101100010638,27,1.4471580313422192
11,011,0001,0661,1101100010661,1623,3.2105860249051563
11,011,0001,0676,1101100010676,482,2.683947130751512
11,011,0001,0680,1101100010680,978,2.9907826918031377
11,011,0001,0695,1101100010695,31,1.505149978319906
11,011,0001,0712,1101100010712,0,0.0
11,011,0001,0727,1101100010727,9,1.0
11,011,0001,0731,1101100010731,2,0.47712125471966244
11,011,0001,0784,1101100010784,62,1.7993405494535817
11,011,0006,0229,1101100060229,514,2.711807229041191
11,011,0006,0233,1101100060233,52,1.724275869600789
11,011,0006,0248,1101100060248,966,2.9854264740830017
11,011,0006,0252,1101100060252,882,2.9459607035775686
11,011,0006,0375,1101100060375,6,0.8450980400142568
11,011,0006,0657,1101100060657,7,0.9030899869919435
11,011,0006,0746,1101100060746,1,0.3010299956639812
11,011,0006,0750,1101100060750,8,0.9542425094393249
11,011,0054,0110,1101100540110,3399,3.531478917042255
11,011,0054,038A,110110054038A,181,2.2600713879850747
11,011,0054,0426,1101100540426,435,2.639486489268586
11,011,0054,052A,110110054052A,91,1.9637878273455553
11,011,0054,0765,1101100540765,2,0.47712125471966244
11,011,0054,077A,110110054077A,0,0.0
11,012,0001,0033,1101200010033,3237,3.510276844417355
11,012,0001,0048,1101200010048,3352,3.52543355342882
11,012,0001,0067,1101200010067,4833,3.6843066460716316
11,012,0001,0071,1101200010071,1172,3.0692980121155293
11,012,0001,0086,1101200010086,144,2.161368002234975
11,012,0001,0090,1101200010090,22,1.3617278360175928
11,012,0001,0103,1101200010103,214,2.3324384599156054
11,012,0001,0118,1101200010118,52,1.724275869600789
11,012,0001,0122,1101200010122,35,1.5563025007672873
11,012,0001,0137,1101200010137,82,1.919078092376074
11,012,0001,0141,1101200010141,71,1.8573324964312685
11,012,0001,0156,1101200010156,281,2.450249108319361
11,012,0001,0175,1101200010175,1,0.3010299956639812
11,012,0001,018A,110120001018A,7,0.9030899869919435
11,012,0001,0194,1101200010194,213,2.330413773349191
11,012,0001,0207,1101200010207,48,1.6901960800285136
11,012,0001,0211,1101200010211,51,1.7160033436347992
11,012,0001,0226,1101200010226,120,2.0827853703164503
11,012,0001,0230,1101200010230,36,1.568201724066995
11,012,0001,0245,1101200010245,16,1.2304489213782739
11,012,0001,025A,110120001025A,18,1.2787536009528289
11,012,0001,0264,1101200010264,24,1.3979400086720377
11,012,0001,0279,1101200010279,32,1.5185139398778875
11,012,0001,0283,1101200010283,16,1.2304489213782739
11,012,0001,0298,1101200010298,33,1.5314789170422551
11,012,0001,0300,1101200010300,45,1.662757831681574
11,012,0001,0315,1101200010315,54,1.7403626894942439
11,012,0001,032A,110120001032A,70,1.8512583487190752
11,012,0001,0334,1101200010334,20,1.3222192947339193
11,012,0001,0349,1101200010349,41,1.6232492903979006
11,012,0001,0353,1101200010353,257,2.41161970596323
11,012,0001,0368,1101200010368,5,0.7781512503836436
11,012,0001,0372,1101200010372,0,0.0
11,012,0001,0387,1101200010387,72,1.863322860120456
11,012,0001,0391,1101200010391,73,1.8692317197309762
11,012,0001,0404,1101200010404,152,2.184691430817599
11,012,0001,0419,1101200010419,1,0.3010299956639812
11,012,0001,0423,1101200010423,55,1.7481880270062005
11,012,0001,0442,1101200010442,0,0.0
11,012,0001,0457,1101200010457,10,1.0413926851582251
11,012,0001,0461,1101200010461,5,0.7781512503836436
11,012,0001,0476,1101200010476,0,0.0
11,012,0001,0480,1101200010480,22,1.3617278360175928
11,012,0001,0495,1101200010495,42,1.6334684555795864
11,012,0001,0508,1101200010508,83,1.9242792860618816
11,012,0001,0512,1101200010512,33,1.5314789170422551
11,012,0001,0527,1101200010527,19,1.3010299956639813
11,012,0001,0531,1101200010531,3,0.6020599913279624
11,012,0001,0546,1101200010546,62,1.7993405494535817
11,012,0001,0550,1101200010550,0,0.0
11,012,0001,0565,1101200010565,9,1.0
11,012,0001,057A,110120001057A,37,1.5797835966168101
11,012,0001,0584,1101200010584,25,1.414973347970818
11,013,0001,005A,110130001005A,2224,3.3473300153169503
11,013,0001,0064,1101300010064,2884,3.46014581749175
11,013,0001,0079,1101300010079,88,1.9493900066449128
11,013,0001,0083,1101300010083,27,1.4471580313422192
11,013,0001,0098,1101300010098,133,2.1271047983648077
11,013,0001,0100,1101300010100,17,1.255272505103306
11,013,0001,0115,1101300010115,5,0.7781512503836436
11,013,0001,012A,110130001012A,89,1.954242509439325
11,013,0001,0134,1101300010134,21,1.3424226808222062
11,013,0001,0149,1101300010149,17,1.255272505103306
11,013,0001,0153,1101300010153,266,2.4265112613645754
11,013,0001,0168,1101300010168,0,0.0
11,013,0001,0172,1101300010172,117,2.0718820073061255
11,013,0001,0187,1101300010187,11,1.0791812460476249
11,013,0001,0191,1101300010191,0,0.0
11,013,0001,0204,1101300010204,0,0.0
11,013,0001,0219,1101300010219,22,1.3617278360175928
11,013,0001,0223,1101300010223,15,1.2041199826559248
11,013,0001,0238,1101300010238,17,1.255272505103306
11,013,0001,0242,1101300010242,13,1.146128035678238
11,013,0001,0257,1101300010257,50,1.7075701760979363
11,013,0001,0261,1101300010261,27,1.4471580313422192
11,013,0001,0276,1101300010276,63,1.806179973983887
11,013,0001,0280,1101300010280,22,1.3617278360175928
11,013,0001,0295,1101300010295,48,1.6901960800285136
11,013,0001,0308,1101300010308,4,0.6989700043360189
11,013,0001,0312,1101300010312,12,1.1139433523068367
11,013,0001,0327,1101300010327,0,0.0
11,014,0001,0076,1101400010076,4728,3.674769314015426
11,014,0001,0080,1101400010080,3805,3.5804687839510017
11,014,0001,0095,1101400010095,3749,3.574031267727719
11,014,0001,0108,1101400010108,3350,3.5251744278352715
11,014,0001,0254,1101400010254,3822,3.582404298019028
11,014,0001,0273,1101400010273,2276,3.3573630306151427
11,014,0001,0288,1101400010288,3042,3.483301952358167
11,014,0001,0305,1101400010305,3227,3.5089335260500327
11,014,0001,031A,110140001031A,1760,3.245759355967277
11,014,0001,0324,1101400010324,1055,3.0236639181977933
11,014,0001,0339,1101400010339,2929,3.4668676203541096
11,014,0001,0343,1101400010343,2724,3.4353665066126613
11,014,0001,0358,1101400010358,1173,3.0696680969115957
11,014,0001,0362,1101400010362,2461,3.3912880485952974
11,014,0001,0377,1101400010377,2232,3.348888723071438
11,014,0001,0381,1101400010381,3948,3.5964871337365443
11,014,0001,0396,1101400010396,1153,3.0622058088197126
11,014,0001,0409,1101400010409,2394,3.379305517750582
11,014,0001,0413,1101400010413,1800,3.2555137128195333
11,014,0001,0428,1101400010428,880,2.9449759084120477
11,014,0001,0432,1101400010432,1637,3.2143138974244
11,014,0001,0447,1101400010447,1306,3.116275587580544
11,014,0001,0451,1101400010451,347,2.5415792439465807
11,014,0001,0466,1101400010466,15,1.2041199826559248
11,014,0001,0470,1101400010470,213,2.330413773349191
11,014,0001,0485,1101400010485,238,2.3783979009481375
11,014,0001,049A,110140001049A,49,1.6989700043360187
11,014,0001,0502,1101400010502,44,1.6532125137753437
11,014,0001,0517,1101400010517,17,1.255272505103306
11,014,0001,0521,1101400010521,6,0.8450980400142568
11,014,0001,0536,1101400010536,163,2.214843848047698
11,014,0001,0540,1101400010540,68,1.8388490907372552
11,014,0001,0555,1101400010555,62,1.7993405494535817
11,014,0001,056A,110140001056A,172,2.2380461031287955
11,014,0001,0589,1101400010589,10,1.0413926851582251
11,014,0001,0593,1101400010593,2,0.47712125471966244
11,014,0001,0606,1101400010606,112,2.0530784434834195
11,014,0001,0610,1101400010610,210,2.3242824552976926
11,014,0001,0625,1101400010625,24,1.3979400086720377
11,014,0001,063A,110140001063A,8,0.9542425094393249
11,014,0001,0644,1101400010644,191,2.2833012287035497
11,014,0001,0659,1101400010659,95,1.9822712330395684
11,014,0001,0678,1101400010678,37,1.5797835966168101
11,014,0001,0682,1101400010682,493,2.693726948923647
11,014,0001,0697,1101400010697,107,2.03342375548695
11,014,0001,070A,110140001070A,305,2.48572142648158
11,014,0001,0714,1101400010714,154,2.1903316981702914
11,014,0001,0729,1101400010729,117,2.0718820073061255
11,014,0001,0733,1101400010733,507,2.7058637122839193
11,014,0001,0752,1101400010752,35,1.5563025007672873
11,014,0001,0767,1101400010767,38,1.591064607026499
11,014,0001,0771,1101400010771,66,1.8260748027008264
11,014,0001,0786,1101400010786,223,2.3502480183341627
11,014,0001,0790,1101400010790,212,2.3283796034387376
11,014,0001,0803,1101400010803,67,1.8325089127062364
11,014,0001,0818,1101400010818,35,1.5563025007672873
11,014,0001,0822,1101400010822,60,1.7853298350107671
11,014,0001,0837,1101400010837,339,2.531478917042255
11,014,0001,0841,1101400010841,45,1.662757831681574
11,014,0001,0856,1101400010856,179,2.255272505103306
11,014,0001,0860,1101400010860,275,2.4409090820652177
11,014,0001,0875,1101400010875,12,1.1139433523068367
11,014,0001,0894,1101400010894,0,0.0
11,014,0001,0907,1101400010907,103,2.0170333392987803
11,014,0001,0926,1101400010926,16,1.2304489213782739
11,014,0001,0930,1101400010930,25,1.414973347970818
11,014,0001,0945,1101400010945,14,1.1760912590556813
11,014,0001,095A,110140001095A,31,1.505149978319906
11,014,0001,0964,1101400010964,79,1.9030899869919435
11,014,0001,0979,1101400010979,25,1.414973347970818
11,014,0001,0983,1101400010983,129,2.113943352306837
11,014,0001,1002,1101400011002,8,0.9542425094393249
11,014,0001,1017,1101400011017,15,1.2041199826559248
11,014,0001,1021,1101400011021,229,2.361727836017593
11,014,0001,1040,1101400011040,0,0.0
11,014,0001,1074,1101400011074,0,0.0
11,014,0001,1106,1101400011106,61,1.792391689498254
11,014,0001,1110,1101400011110,263,2.4216039268698313
11,014,0001,113A,110140001113A,30,1.4913616938342726
11,014,0001,1144,1101400011144,81,1.9138138523837167
11,014,0001,1163,1101400011163,8,0.9542425094393249
11,014,0001,1178,1101400011178,54,1.7403626894942439
11,014,0001,1182,1101400011182,6,0.8450980400142568
11,014,0001,1197,1101400011197,8,0.9542425094393249
11,014,0001,120A,110140001120A,56,1.7558748556724915
11,014,0001,1214,1101400011214,20,1.3222192947339193
11,014,0001,1229,1101400011229,51,1.7160033436347992
11,014,0001,1233,1101400011233,2736,3.4372747974101237
11,014,0001,1248,1101400011248,259,2.4149733479708178
11,014,0001,1252,1101400011252,44,1.6532125137753437
11,014,0001,1267,1101400011267,4,0.6989700043360189
11,014,0001,1271,1101400011271,5,0.7781512503836436
11,014,0001,1286,1101400011286,5,0.7781512503836436
11,014,0001,1290,1101400011290,1,0.3010299956639812
11,014,0001,1303,1101400011303,6,0.8450980400142568
11,014,0001,1318,1101400011318,211,2.326335860928751
11,014,0001,1322,1101400011322,0,0.0
11,014,0001,1337,1101400011337,121,2.0863598306747484
11,014,0001,1356,1101400011356,7,0.9030899869919435
11,014,0001,1360,1101400011360,47,1.6812412373755872
11,014,0001,1375,1101400011375,0,0.0
11,014,0001,138A,110140001138A,0,0.0
11,014,0001,1394,1101400011394,33,1.5314789170422551
11,014,0001,1407,1101400011407,6,0.8450980400142568
11,014,0001,1411,1101400011411,498,2.6981005456233897
11,014,0001,1426,1101400011426,921,2.9647309210536292
11,014,0001,1430,1101400011430,82,1.919078092376074
11,014,0255,1445,1101402551445,1415,3.15106325335375
11,014,0255,145A,110140255145A,1156,3.0633333589517497
11,015,0001,0054,1101500010054,962,2.9836262871245345
11,015,0001,0069,1101500010069,1523,3.182984967003582
11,015,0001,0073,1101500010073,3566,3.552303109338354
11,015,0001,0088,1101500010088,1725,3.237040791379191
11,015,0001,0105,1101500010105,2586,3.4127964287165433
11,015,0001,011A,110150001011A,2548,3.4063698354692673
11,015,0001,0124,1101500010124,3329,3.5224442335063197
11,015,0001,0139,1101500010139,1623,3.2105860249051563
11,015,0001,0143,1101500010143,1151,3.061452479087193
11,015,0001,0158,1101500010158,1898,3.2785249647370174
11,015,0001,0162,1101500010162,822,2.91539983521227
11,015,0001,0177,1101500010177,2964,3.4720246977002813
11,015,0001,0181,1101500010181,2711,3.433289685195026
11,015,0001,0196,1101500010196,2438,3.3872118003137306
11,015,0001,0209,1101500010209,1131,3.0538464268522527
11,015,0001,029A,110150001029A,180,2.2576785748691846
11,015,0001,0302,1101500010302,423,2.6273658565927325
11,015,0001,0317,1101500010317,125,2.100370545117563
11,015,0001,0321,1101500010321,1503,3.1772478362556233
11,015,0001,0336,1101500010336,880,2.9449759084120477
11,015,0001,0340,1101500010340,4297,3.6332664111554247
11,015,0001,0355,1101500010355,4038,3.6062738531699883
11,015,0001,0374,1101500010374,2695,3.4307198878632823
11,015,0001,0389,1101500010389,125,2.100370545117563
11,015,0001,0444,1101500010444,2542,3.405346360175709
11,015,0001,0459,1101500010459,1240,3.09377178149873
11,015,0001,0497,1101500010497,1795,3.2543063323312857
11,015,0001,050A,110150001050A,170,2.2329961103921536
11,015,0001,0514,1101500010514,282,2.45178643552429
11,015,0001,0529,1101500010529,589,2.7708520116421442
11,015,0001,0533,1101500010533,627,2.797959643737196
11,015,0001,0567,1101500010567,2386,3.3778524190067545
11,015,0001,0571,1101500010571,2244,3.351216345339342
11,015,0001,0586,1101500010586,2072,3.3165993020938607
11,015,0001,0660,1101500010660,1015,3.0068937079479006
11,015,0001,0675,1101500010675,22,1.3617278360175928
11,015,0001,0800,1101500010800,18,1.2787536009528289
11,015,0001,0815,1101500010815,326,2.514547752660286
11,015,0001,082A,110150001082A,667,2.824776462475546
11,015,0001,0834,1101500010834,1313,3.118595365223762
11,015,0001,0849,1101500010849,1837,3.2643455070500926
11,015,0001,0853,1101500010853,2581,3.4119562379304016
11,015,0001,0868,1101500010868,2611,3.4169731726030363
11,015,0001,1033,1101500011033,40,1.6127838567197355
11,015,0001,1245,1101500011245,308,2.4899584794248346
11,015,0001,1368,1101500011368,8,0.9542425094393249
11,015,0001,1372,1101500011372,25,1.414973347970818
11,015,0001,1527,1101500011527,4,0.6989700043360189
11,015,0001,1531,1101500011531,4,0.6989700043360189
11,015,0001,1654,1101500011654,40,1.6127838567197355
11,015,0001,1669,1101500011669,50,1.7075701760979363
11,015,0001,1673,1101500011673,0,0.0
11,015,0001,1688,1101500011688,9,1.0
11,015,0031,0285,1101500310285,2187,3.340047317661393
11,015,0031,0961,1101500310961,1646,3.2166935991697545
11,015,0034,0251,1101500340251,2512,3.400192488592576
11,015,0067,0393,1101500670393,499,2.6989700043360187
11,015,0067,043A,110150067043A,1284,3.1089031276673134
11,015,0067,0478,1101500670478,701,2.846337112129805
11,015,0067,0482,1101500670482,297,2.4742162640762553
11,015,0067,0548,1101500670548,1255,3.0989896394011773
11,015,0067,0590,1101500670590,2812,3.449169732165201
11,015,0067,0603,1101500670603,3601,3.5565437084835145
11,015,0067,0618,1101500670618,1369,3.1367205671564067
11,015,0067,0622,1101500670622,778,2.8915374576725643
11,015,0067,0637,1101500670637,1184,3.0737183503461227
11,015,0067,0641,1101500670641,999,3.0
11,015,0067,0656,1101500670656,2364,3.3738311450738303
11,015,0067,068A,110150067068A,727,2.862131379313037
11,015,0067,075A,110150067075A,1029,3.012837224705172
11,015,0067,0764,1101500670764,229,2.361727836017593
11,015,0067,0779,1101500670779,177,2.250420002308894
11,015,0067,0872,1101500670872,152,2.184691430817599
11,015,0067,0887,1101500670887,115,2.0644579892269186
11,015,0067,0891,1101500670891,353,2.5490032620257876
11,015,0067,0919,1101500670919,750,2.8756399370041685
11,015,0067,0923,1101500670923,110,2.0453229787866576
11,015,0067,0942,1101500670942,1140,3.0572856444182146
11,015,0067,0957,1101500670957,57,1.7634279935629373
11,015,0067,1029,1101500671029,17,1.255272505103306
11,015,0067,1048,1101500671048,0,0.0
11,015,0067,1052,1101500671052,1124,3.0511525224473814
11,015,0067,1067,1101500671067,867,2.938519725176492
11,015,0067,1071,1101500671071,391,2.593286067020457
11,015,0067,1086,1101500671086,69,1.845098040014257
11,015,0067,1090,1101500671090,73,1.8692317197309762
11,015,0067,1103,1101500671103,22,1.3617278360175928
11,015,0067,1118,1101500671118,55,1.7481880270062005
11,015,0067,1122,1101500671122,1824,3.2612628687924934
11,015,0067,1137,1101500671137,426,2.630427875025024
11,015,0067,1141,1101500671141,82,1.919078092376074
11,015,0067,1194,1101500671194,2207,3.3439990690571615
11,015,0067,1207,1101500671207,3,0.6020599913279624
11,015,0067,1230,1101500671230,516,2.7134905430939424
11,015,0067,1279,1101500671279,143,2.1583624920952498
11,015,0067,1283,1101500671283,204,2.311753861055754
11,015,0067,1298,1101500671298,154,2.1903316981702914
11,015,0067,1300,1101500671300,538,2.7315887651867388
11,015,0067,1315,1101500671315,1075,3.0318122713303706
11,015,0067,1387,1101500671387,72,1.863322860120456
11,015,0067,1391,1101500671391,286,2.4578818967339924
11,015,0067,1404,1101500671404,354,2.550228353055094
11,015,0067,1419,1101500671419,134,2.130333768495006
11,015,0067,1423,1101500671423,3,0.6020599913279624
11,015,0067,1438,1101500671438,115,2.0644579892269186
11,015,0067,1508,1101500671508,356,2.552668216112193
11,015,0067,1512,1101500671512,3,0.6020599913279624
11,015,0067,1565,1101500671565,2,0.47712125471966244
11,015,0067,157A,110150067157A,61,1.792391689498254
11,015,0067,1692,1101500671692,0,0.0
11,015,0067,1705,1101500671705,8,0.9542425094393249
11,015,0067,171A,110150067171A,2,0.47712125471966244
11,015,0067,1724,1101500671724,0,0.0
11,015,0067,1739,1101500671739,10,1.0413926851582251
11,015,0067,1743,1101500671743,6,0.8450980400142568
11,015,0091,1480,1101500911480,1847,3.2667019668840878
11,015,0091,1495,1101500911495,2231,3.348694190265541
11,015,0091,164A,110150091164A,70,1.8512583487190752
11,015,0091,1758,1101500911758,1,0.3010299956639812
11,015,0091,1762,1101500911762,30,1.4913616938342726
11,015,0102,0694,1101501020694,4125,3.615529223637133
11,015,0102,132A,110150102132A,85,1.9344984512435677
11,015,0102,1334,1101501021334,24,1.3979400086720377
11,015,0102,1550,1101501021550,9,1.0
11,015,0111,0726,1101501110726,2463,3.3916407034923877
11,015,0111,0730,1101501110730,3158,3.499549625905149
11,015,0111,0745,1101501110745,1368,3.13640344813399
11,015,0111,0980,1101501110980,230,2.3636119798921444
11,015,0111,0995,1101501110995,292,2.4668676203541096
11,015,0111,100A,110150111100A,38,1.591064607026499
11,015,0111,1014,1101501111014,3,0.6020599913279624
11,015,0111,1160,1101501111160,4,0.6989700043360189
11,015,0111,1175,1101501111175,26,1.4313637641589874
11,015,0111,118A,110150111118A,73,1.8692317197309762
11,015,0111,1457,1101501111457,0,0.0
11,015,0111,1461,1101501111461,13,1.146128035678238
11,015,0111,1584,1101501111584,8,0.9542425094393249
11,015,0111,1601,1101501111601,0,0.0
11,015,0111,1616,1101501111616,0,0.0
11,015,0111,1620,1101501111620,53,1.7323937598229686
11,015,0111,1635,1101501111635,30,1.4913616938342726
11,015,0111,1777,1101501111777,26,1.4313637641589874
11,015,0111,1781,1101501111781,0,0.0
11,015,0111,1796,1101501111796,0,0.0
11,015,0115,0976,1101501150976,4018,3.604118006192035
11,015,0115,1809,1101501151809,0,0.0
11,015,0115,1813,1101501151813,4,0.6989700043360189
11,015,0115,1828,1101501151828,6,0.8450980400142568
11,015,0115,1832,1101501151832,0,0.0
11,015,0126,0783,1101501260783,4932,3.693111115462141
11,015,0126,0798,1101501260798,4616,3.664359874551141
11,015,0126,0938,1101501260938,30,1.4913616938342726
11,015,0126,1156,1101501261156,8,0.9542425094393249
11,015,0126,125A,110150126125A,3298,3.518382315545344
11,015,0126,1353,1101501261353,160,2.2068258760318495
11,015,0126,1476,1101501261476,88,1.9493900066449128
11,015,0126,1546,1101501261546,7,0.9030899869919435
11,015,0126,1599,1101501261599,13,1.146128035678238
11,015,0126,1847,1101501261847,0,0.0
11,015,0126,1851,1101501261851,2324,3.3664229572259727
11,015,0375,1866,1101503751866,2227,3.3479151865016914
11,015,0375,1870,1101503751870,2023,3.3062105081677613
11,015,0375,1885,1101503751885,1062,3.0265332645232967
11,016,0001,0047,1101600010047,1316,3.119585774961784
11,016,0001,0051,1101600010051,1651,3.218010042984363
11,016,0001,0066,1101600010066,611,2.7867514221455614
11,016,0001,0070,1101600010070,1363,3.13481437032046
11,016,0001,0085,1101600010085,10,1.0413926851582251
11,016,0001,009A,110160001009A,11,1.0791812460476249
11,016,0001,0102,1101600010102,161,2.2095150145426308
11,016,0001,0117,1101600010117,0,0.0
11,016,0001,0121,1101600010121,452,2.656098202012832
11,016,0001,0136,1101600010136,145,2.164352855784437
11,016,0001,0140,1101600010140,20,1.3222192947339193
11,017,0001,0078,1101700010078,3815,3.5816083660320577
11,017,0001,0082,1101700010082,546,2.737987326333431
11,017,0001,0097,1101700010097,3802,3.5801263254115825
11,017,0001,010A,110170001010A,1745,3.2420442393695508
11,017,0001,0114,1101700010114,1133,3.0546130545568877
11,017,0001,0148,1101700010148,4605,3.663323933628212
11,017,0001,0152,1101700010152,3450,3.5379449592914867
11,017,0001,0167,1101700010167,2928,3.4667193716815987
11,017,0001,0171,1101700010171,1532,3.185542154854375
11,017,0001,0186,1101700010186,1578,3.1983821300082944
11,017,0001,0190,1101700010190,3878,3.5887197796000563
11,017,0001,0203,1101700010203,7218,3.8584770418133405
11,017,0001,0218,1101700010218,3246,3.5114822886260013
11,017,0001,0237,1101700010237,7110,3.8519306786402674
11,017,0001,0241,1101700010241,4909,3.6910814921229687
11,017,0001,0260,1101700010260,5035,3.702085721435825
11,017,0001,0275,1101700010275,4854,3.6861892342440234
11,017,0001,028A,110170001028A,4734,3.675319983339292
11,017,0001,0330,1101700010330,3140,3.497067936398505
11,017,0001,0345,1101700010345,6095,3.785044958331544
11,017,0001,0364,1101700010364,4361,3.6396856612426816
11,017,0001,0379,1101700010379,8186,3.913124790389559
11,017,0001,0398,1101700010398,3234,3.5098742850047193
11,017,0001,0415,1101700010415,1710,3.2332500095411003
11,017,0001,042A,110170001042A,9841,3.993083360698062
11,017,0001,0449,1101700010449,9898,3.9955913242523535
11,017,0001,0453,1101700010453,1546,3.1894903136993675
11,017,0001,0468,1101700010468,1722,3.2362852774480286
11,017,0001,0523,1101700010523,1426,3.154423973114647
11,017,0001,0538,1101700010538,3677,3.5656117249020585
11,017,0001,0542,1101700010542,3249,3.5118833609788744
11,017,0001,0557,1101700010557,1361,3.1341771075767664
11,017,0001,0561,1101700010561,3898,3.590953235187986
11,017,0001,0576,1101700010576,3522,3.5469126431812423
11,017,0001,0595,1101700010595,12651,4.1021591832436854
11,017,0001,0612,1101700010612,7710,3.8871107031248835
11,017,0001,0631,1101700010631,0,0.0
11,017,0001,0646,1101700010646,2024,3.3064250275506875
11,017,0001,0650,1101700010650,7642,3.8832638595849738
11,017,0001,067A,110170001067A,386,2.5877109650189114
11,017,0001,0684,1101700010684,2391,3.3787611753163733
11,017,0001,0720,1101700010720,2838,3.4531653925258574
11,017,0001,0735,1101700010735,1301,3.114610984232173
11,017,0001,074A,110170001074A,852,2.930949031167523
11,017,0001,0754,1101700010754,275,2.4409090820652177
11,017,0001,0769,1101700010769,7188,3.8566684836115352
11,017,0001,0773,1101700010773,791,2.8987251815894934
11,017,0001,0788,1101700010788,11258,4.0514998191327445
11,017,0001,0877,1101700010877,3283,3.516403148447403
11,017,0001,0881,1101700010881,2654,3.4240645254174877
11,017,0001,0896,1101700010896,3564,3.5520595341878844
11,017,0001,0909,1101700010909,7314,3.8642143304613294
11,017,0001,0913,1101700010913,4567,3.6597260952377915
11,017,0001,0928,1101700010928,2470,3.3928727454020793
11,017,0001,0932,1101700010932,5496,3.7401257369657306
11,017,0001,0947,1101700010947,3961,3.5979144712025284
11,017,0001,0951,1101700010951,5429,3.734799829588847
11,017,0001,0966,1101700010966,6777,3.8311015645013593
11,017,0001,0970,1101700010970,3299,3.5185139398778875
11,017,0001,0985,1101700010985,735,2.866877814337499
11,017,0001,099A,110170001099A,6051,3.781898919351149
11,017,0001,1004,1101700011004,2576,3.4111144185509046
11,017,0001,1023,1101700011023,5248,3.7200765727681406
11,017,0001,1038,1101700011038,4323,3.6358856852812727
11,017,0001,1042,1101700011042,6876,3.8373990243420226
11,017,0001,1061,1101700011061,2060,3.3140779917792127
11,017,0001,1076,1101700011076,1826,3.2617385473525378
11,017,0001,1095,1101700011095,6378,3.8047526021504603
11,017,0001,1108,1101700011108,7672,3.8849651982007325
11,017,0001,1112,1101700011112,848,2.928907690243953
11,017,0001,1127,1101700011127,1409,3.1492191126553797
11,017,0001,1131,1101700011131,3733,3.5721743136130595
11,017,0001,1146,1101700011146,3956,3.597366050266028
11,017,0001,1150,1101700011150,2390,3.378579576115775
11,017,0001,1165,1101700011165,4334,3.636989101812229
11,017,0001,117A,110170001117A,8674,3.9382694834629115
11,017,0001,1184,1101700011184,2118,3.3261309567107946
11,017,0001,1199,1101700011199,3547,3.5499836111596887
11,017,0001,1201,1101700011201,3006,3.4781334281005174
11,017,0001,1216,1101700011216,4246,3.6280822609906793
11,017,0001,1235,1101700011235,3505,3.544811911757776
11,017,0001,124A,110170001124A,2436,3.386855529184724
11,017,0001,1254,1101700011254,1813,3.2586372827240764
11,017,0001,1269,1101700011269,3849,3.5854607295085006
11,017,0001,1273,1101700011273,172,2.2380461031287955
11,017,0001,1358,1101700011358,785,2.895422546039408
11,017,0001,1362,1101700011362,5132,3.710371264260763
11,017,0001,1381,1101700011381,1616,3.208710019906401
11,017,0001,1396,1101700011396,2335,3.3684728384403617
11,017,0001,1409,1101700011409,3327,3.5221833176186865
11,017,0001,1413,1101700011413,1341,3.1277525158329733
11,017,0001,1428,1101700011428,3339,3.5237464668115646
11,017,0001,1432,1101700011432,9580,3.9814108401658883
11,017,0001,1447,1101700011447,654,2.816241299991783
11,017,0001,1451,1101700011451,7603,3.8810421081934057
11,017,0001,1466,1101700011466,13,1.146128035678238
11,017,0001,1470,1101700011470,1908,3.280805928393667
11,017,0001,1485,1101700011485,2410,3.382197210377454
11,017,0001,149A,110170001149A,396,2.598790506763115
11,017,0001,1502,1101700011502,1102,3.0425755124401905
11,017,0001,1521,1101700011521,4178,3.621072371143626
11,017,0001,1536,1101700011536,3959,3.597695185925512
11,017,0001,1540,1101700011540,0,0.0
11,017,0001,163A,110170001163A,20,1.3222192947339193
11,017,0001,1659,1101700011659,2603,3.4156409798961542
11,017,0001,1663,1101700011663,0,0.0
11,017,0001,1678,1101700011678,2327,3.3669829759778507
11,017,0001,1682,1101700011682,3842,3.584670384464349
11,017,0001,170A,110170001170A,702,2.846955325019824
11,017,0001,1714,1101700011714,2315,3.3647385550553985
11,017,0001,1729,1101700011729,3155,3.4991369945373827
11,017,0001,1733,1101700011733,913,2.960946195733831
11,017,0001,1752,1101700011752,122,2.089905111439398
11,017,0001,1767,1101700011767,20,1.3222192947339193
11,017,0001,1771,1101700011771,954,2.9800033715837464
11,017,0001,1786,1101700011786,431,2.635483746814912
11,017,0001,1790,1101700011790,11,1.0791812460476249
11,017,0001,1803,1101700011803,6095,3.785044958331544
11,017,0001,1818,1101700011818,2800,3.4473131088235682
11,017,0001,1837,1101700011837,0,0.0
11,017,0001,1841,1101700011841,569,2.7558748556724915
11,017,0001,1856,1101700011856,958,2.9818186071706636
11,017,0001,1860,1101700011860,152,2.184691430817599
11,017,0001,1875,1101700011875,3355,3.5258219521566625
11,017,0001,188A,110170001188A,2215,3.345569756056392
11,017,0001,1894,1101700011894,2,0.47712125471966244
11,017,0001,1911,1101700011911,102,2.012837224705172
11,017,0001,1930,1101700011930,66,1.8260748027008264
11,017,0001,1945,1101700011945,25,1.414973347970818
11,017,0001,195A,110170001195A,0,0.0
11,017,0001,1964,1101700011964,121,2.0863598306747484
11,017,0001,1979,1101700011979,5855,3.7676010680503356
11,017,0001,1983,1101700011983,509,2.7075701760979363
11,017,0001,1998,1101700011998,290,2.4638929889859074
11,017,0001,2002,1101700012002,263,2.4216039268698313
11,017,0001,2017,1101700012017,2635,3.420945405921972
11,017,0001,2021,1101700012021,611,2.7867514221455614
11,017,0001,2036,1101700012036,2807,3.4483971034577676
11,017,0001,2089,1101700012089,535,2.72916478969277
11,017,0001,2093,1101700012093,29,1.4771212547196624
11,017,0001,2106,1101700012106,0,0.0
11,017,0001,2110,1101700012110,24,1.3979400086720377
11,017,0001,2125,1101700012125,13,1.146128035678238
11,017,0001,213A,110170001213A,1326,3.1228709228644354
11,017,0001,2159,1101700012159,120,2.0827853703164503
11,017,0001,2163,1101700012163,64,1.8129133566428555
11,017,0001,2178,1101700012178,83,1.9242792860618816
11,017,0001,2182,1101700012182,405,2.6085260335771943
11,017,0001,2197,1101700012197,1352,3.131297796597623
11,017,0001,2229,1101700012229,169,2.230448921378274
11,017,0001,2233,1101700012233,2675,3.4274861090957853
11,017,0001,2286,1101700012286,244,2.3891660843645326
11,017,0001,2290,1101700012290,1344,3.128722284338427
11,017,0001,2303,1101700012303,892,2.9508514588885464
11,017,0001,2322,1101700012322,435,2.639486489268586
11,017,0001,2337,1101700012337,1142,3.0580462303952816
11,017,0001,2356,1101700012356,347,2.5415792439465807
11,017,0001,2360,1101700012360,27,1.4471580313422192
11,017,0001,2375,1101700012375,0,0.0
11,017,0001,238A,110170001238A,466,2.6693168805661123
11,017,0001,2394,1101700012394,0,0.0
11,017,0001,2407,1101700012407,2267,3.355643050220869
11,017,0001,2411,1101700012411,0,0.0
11,017,0001,2426,1101700012426,0,0.0
11,017,0001,2430,1101700012430,0,0.0
11,017,0001,2445,1101700012445,1526,3.1838390370564214
11,017,0001,245A,110170001245A,153,2.187520720836463
11,017,0001,2464,1101700012464,142,2.155336037465062
11,017,0001,2479,1101700012479,682,2.8344207036815328
11,017,0001,2483,1101700012483,0,0.0
11,017,0001,2661,1101700012661,0,0.0
11,017,0001,2695,1101700012695,196,2.294466226161593
11,017,0001,2799,1101700012799,0,0.0
11,017,0001,2820,1101700012820,2506,3.3991543339582164
11,017,0001,2835,1101700012835,1,0.3010299956639812
11,017,0001,2854,1101700012854,0,0.0
11,017,0001,2869,1101700012869,0,0.0
11,017,0001,2873,1101700012873,18,1.2787536009528289
11,017,0001,2888,1101700012888,0,0.0
11,017,0001,2943,1101700012943,1158,3.064083435963596
11,017,0001,2958,1101700012958,248,2.3961993470957363
11,017,0001,2962,1101700012962,144,2.161368002234975
11,017,0001,2977,1101700012977,1948,3.2898118391176214
11,017,0061,1288,1101700611288,1619,3.2095150145426308
11,017,0062,0805,1101700620805,4932,3.693111115462141
11,017,0062,1057,1101700621057,4,0.6989700043360189
11,017,0062,1324,1101700621324,733,2.8656960599160706
11,017,0062,1377,1101700621377,47,1.6812412373755872
11,017,0062,156A,110170062156A,178,2.2528530309798933
11,017,0062,2905,1101700622905,41,1.6232492903979006
11,017,0062,291A,110170062291A,11,1.0791812460476249
11,017,0068,1907,1101700681907,3391,3.5304558435846762
11,017,0068,2534,1101700682534,75,1.8808135922807914
11,017,0068,2549,1101700682549,26,1.4313637641589874
11,017,0068,2553,1101700682553,26,1.4313637641589874
11,017,0068,2568,1101700682568,91,1.9637878273455553
11,017,0068,2572,1101700682572,27,1.4471580313422192
11,017,0068,277A,110170068277A,9,1.0
11,017,0068,2784,1101700682784,2,0.47712125471966244
11,017,0068,2924,1101700682924,5,0.7781512503836436
11,017,0069,1080,1101700691080,2887,3.4605971888976015
11,017,0081,2248,1101700812248,3038,3.482730700079943
11,017,0081,2816,1101700812816,9,1.0
11,017,0081,2939,1101700812939,2,0.47712125471966244
11,017,0082,1292,1101700821292,3689,3.56702636615906
11,017,0082,2708,1101700822708,2,0.47712125471966244
11,017,0095,0858,1101700950858,2998,3.476976465759527
11,017,0095,0862,1101700950862,1518,3.1815577738627865
11,017,0095,131A,110170095131A,0,0.0
11,017,0095,1574,1101700951574,50,1.7075701760979363
11,017,0095,1589,1101700951589,3,0.6020599913279624
11,017,0095,1593,1101700951593,108,2.037426497940624
11,017,0095,2055,1101700952055,36,1.568201724066995
11,017,0095,206A,110170095206A,9,1.0
11,017,0095,2074,1101700952074,33,1.5314789170422551
11,017,0095,2591,1101700952591,54,1.7403626894942439
11,017,0095,2604,1101700952604,0,0.0
11,017,0095,284A,110170095284A,0,0.0
11,017,0095,2981,1101700952981,42,1.6334684555795864
11,017,0099,1339,1101700991339,1630,3.212453961040276
11,017,0099,1343,1101700991343,3206,3.5060989599284405
11,017,0099,1606,1101700991606,1,0.3010299956639812
11,017,0099,1610,1101700991610,134,2.130333768495006
11,017,0099,1625,1101700991625,2,0.47712125471966244
11,017,0099,2642,1101700992642,7,0.9030899869919435
11,017,0137,1220,1101701371220,2572,3.4104397862103464
11,017,0138,081A,110170138081A,5006,3.699577591398909
11,017,0138,2619,1101701382619,40,1.6127838567197355
11,017,0138,2623,1101701382623,0,0.0
11,017,0138,2638,1101701382638,27,1.4471580313422192
11,017,0161,0326,1101701610326,5531,3.742882171437273
11,017,0161,2318,1101701612318,2055,3.313023110323238
11,017,0161,2341,1101701612341,58,1.7708520116421442
11,017,0161,2500,1101701612500,41,1.6232492903979006
11,017,0161,2515,1101701612515,39,1.6020599913279623
11,017,0161,252A,110170161252A,29,1.4771212547196624
11,017,0161,2801,1101701612801,10,1.0413926851582251
11,017,0163,2040,1101701632040,2783,3.4446692309385245
11,017,0177,0843,1101701770843,3081,3.4888326343824003
11,017,0177,1822,1101701771822,15,1.2041199826559248
11,017,0177,2657,1101701772657,3,0.6020599913279624
11,017,0181,2252,1101701812252,879,2.9444826721501687
11,017,0181,2267,1101701812267,1798,3.2550311633455515
11,017,0181,2271,1101701812271,541,2.733999286538387
11,017,0181,2498,1101701812498,10,1.0413926851582251
11,017,0181,2712,1101701812712,67,1.8325089127062364
11,017,0181,2727,1101701812727,14,1.1760912590556813
11,017,0181,2731,1101701812731,4,0.6989700043360189
11,017,0181,2746,1101701812746,1,0.3010299956639812
11,017,0181,2750,1101701812750,6,0.8450980400142568
11,017,0181,2765,1101701812765,23,1.380211241711606
11,018,0001,0075,1101800010075,5992,3.777644277696485
11,018,0001,008A,110180001008A,2645,3.422589839851482
11,018,0001,0094,1101800010094,1505,3.177824971864682
11,018,0001,0107,1101800010107,2944,3.4690852991231202
11,018,0001,0111,1101800010111,1575,3.1975562131535367
11,018,0001,0126,1101800010126,3873,3.588159616383092
11,018,0001,015A,110180001015A,1449,3.161368002234975
11,018,0001,0183,1101800010183,0,0.0
11,018,0001,0198,1101800010198,165,2.220108088040055
11,018,0001,0215,1101800010215,63,1.806179973983887
11,018,0001,022A,110180001022A,253,2.404833716619938
11,018,0001,0234,1101800010234,53,1.7323937598229686
11,018,0001,0249,1101800010249,197,2.296665190261531
11,018,0001,0253,1101800010253,11,1.0791812460476249
11,018,0001,0291,1101800010291,9,1.0
11,018,0001,0304,1101800010304,485,2.6866362692622934
11,018,0001,0357,1101800010357,297,2.4742162640762553
11,018,0001,0361,1101800010361,102,2.012837224705172
11,018,0001,0376,1101800010376,0,0.0
11,018,0001,0395,1101800010395,34,1.5440680443502757
11,018,0001,0431,1101800010431,12,1.1139433523068367
11,018,0001,0446,1101800010446,16,1.2304489213782739
11,018,0001,0450,1101800010450,0,0.0
11,018,0001,047A,110180001047A,0,0.0
11,018,0001,0484,1101800010484,16,1.2304489213782739
11,018,0001,0499,1101800010499,55,1.7481880270062005
11,018,0001,0501,1101800010501,5,0.7781512503836436
11,018,0001,0516,1101800010516,0,0.0
11,018,0030,0164,1101800300164,1092,3.038620161949703
11,018,0030,0179,1101800300179,1410,3.149527013754348
11,018,0030,0200,1101800300200,12,1.1139433523068367
11,018,0030,0268,1101800300268,0,0.0
11,018,0030,0287,1101800300287,5,0.7781512503836436
11,018,0030,0319,1101800300319,54,1.7403626894942439
11,018,0030,0323,1101800300323,0,0.0
11,018,0030,0338,1101800300338,4,0.6989700043360189
11,018,0030,0408,1101800300408,5,0.7781512503836436
11,018,0030,0520,1101800300520,0,0.0
11,018,0030,0535,1101800300535,0,0.0
11,018,0035,0130,1101800350130,2049,3.311753861055754
11,018,0035,0145,1101800350145,1776,3.2496874278053016
11,018,0035,0272,1101800350272,114,2.060697840353612
11,018,0035,0342,1101800350342,53,1.7323937598229686
11,018,0035,0412,1101800350412,14,1.1760912590556813
11,018,0035,0427,1101800350427,6,0.8450980400142568
11,018,0035,0465,1101800350465,0,0.0
11,019,0001,0123,1101900010123,2645,3.422589839851482
11,019,0001,0138,1101900010138,1969,3.294466226161593
11,019,0001,0142,1101900010142,2070,3.3161800988934527
11,019,0001,0157,1101900010157,58,1.7708520116421442
11,019,0001,0195,1101900010195,36,1.568201724066995
11,019,0001,0208,1101900010208,21,1.3424226808222062
11,019,0001,0246,1101900010246,341,2.534026106056135
11,019,0001,0250,1101900010250,120,2.0827853703164503
11,019,0001,0265,1101900010265,119,2.0791812460476247
11,019,0001,027A,110190001027A,53,1.7323937598229686
11,019,0001,0284,1101900010284,3,0.6020599913279624
11,019,0001,0299,1101900010299,310,2.4927603890268375
11,019,0001,0301,1101900010301,67,1.8325089127062364
11,019,0001,0320,1101900010320,7,0.9030899869919435
11,019,0001,0335,1101900010335,35,1.5563025007672873
11,019,0001,034A,110190001034A,108,2.037426497940624
11,019,0001,0369,1101900010369,13,1.146128035678238
11,019,0001,0373,1101900010373,20,1.3222192947339193
11,019,0001,0388,1101900010388,0,0.0
11,019,0001,0392,1101900010392,10,1.0413926851582251
11,019,0001,041A,110190001041A,0,0.0
11,019,0001,0424,1101900010424,6,0.8450980400142568
11,019,0068,0176,1101900680176,750,2.8756399370041685
11,019,0068,0180,1101900680180,1794,3.254064452914338
11,019,0068,0212,1101900680212,2,0.47712125471966244
11,019,0068,0227,1101900680227,22,1.3617278360175928
11,019,0068,0231,1101900680231,13,1.146128035678238
11,019,0068,0316,1101900680316,222,2.3483048630481607
11,019,0068,0405,1101900680405,25,1.414973347970818
11,019,0068,0439,1101900680439,0,0.0
11,019,0068,0443,1101900680443,10,1.0413926851582251
11,020,0001,0092,1102000010092,1138,3.0565237240791006
11,020,0001,0105,1102000010105,1042,3.018284308426531
11,020,0001,011A,110200001011A,2609,3.416640507338281
11,020,0001,0124,1102000010124,1670,3.2229764498933915
11,020,0001,0139,1102000010139,1738,3.2402995820027125
11,020,0001,0143,1102000010143,3408,3.532627001228891
11,020,0001,0158,1102000010158,2826,3.4513258084895195
11,020,0001,0162,1102000010162,0,0.0
11,020,0001,0177,1102000010177,1632,3.212986184736668
11,020,0001,0181,1102000010181,2938,3.4681995860726125
11,020,0001,0196,1102000010196,5732,3.758381941774675
11,020,0001,0213,1102000010213,0,0.0
11,020,0001,0228,1102000010228,1889,3.2764618041732443
11,020,0001,0232,1102000010232,2260,3.35430056234536
11,020,0001,0251,1102000010251,2516,3.4008832155483626
11,020,0001,0266,1102000010266,5593,3.7477224620355085
11,020,0001,0270,1102000010270,4463,3.6497241859295224
11,020,0001,0285,1102000010285,600,2.7788744720027396
11,020,0001,029A,110200001029A,1055,3.0236639181977933
11,020,0001,0302,1102000010302,3835,3.583878598498626
11,020,0001,0317,1102000010317,5512,3.741387992479269
11,020,0001,0336,1102000010336,6268,3.797198269838959
11,020,0001,0340,1102000010340,0,0.0
11,020,0001,0355,1102000010355,3987,3.600755149639618
11,020,0001,036A,110200001036A,4561,3.6591552809406296
11,020,0001,0374,1102000010374,4200,3.623352681537992
11,020,0001,0389,1102000010389,3384,3.529558673021163
11,020,0001,0393,1102000010393,2795,3.446537167073644
11,020,0001,0406,1102000010406,3349,3.525044807036845
11,020,0001,0410,1102000010410,5491,3.7397305285647175
11,020,0001,0425,1102000010425,1414,3.150756439860309
11,020,0001,043A,110200001043A,7219,3.858537197569639
11,020,0001,0444,1102000010444,3272,3.5149460053080044
11,020,0001,0459,1102000010459,4993,3.698448538015329
11,020,0001,0463,1102000010463,4785,3.6799726942774185
11,020,0001,0478,1102000010478,6013,3.7791634237644987
11,020,0001,0482,1102000010482,4264,3.629919035503542
11,020,0001,0497,1102000010497,2306,3.3630475945210936
11,020,0001,050A,110200001050A,2935,3.467756051244033
11,020,0001,0514,1102000010514,6631,3.821644517542217
11,020,0001,0529,1102000010529,6597,3.8194123112093252
11,020,0001,0533,1102000010533,3653,3.562768543016519
11,020,0001,0548,1102000010548,3366,3.5272431163880884
11,020,0001,0552,1102000010552,3347,3.5247854493212225
11,020,0001,0567,1102000010567,3864,3.5871494982543437
11,020,0001,0571,1102000010571,8618,3.9354568807116097
11,020,0001,0586,1102000010586,2944,3.4690852991231202
11,020,0001,0590,1102000010590,1091,3.0382226383687185
11,020,0001,0603,1102000010603,940,2.973589623427257
11,020,0001,0618,1102000010618,4836,3.6845760873884554
11,020,0001,0622,1102000010622,4018,3.604118006192035
11,020,0001,0637,1102000010637,1174,3.070037866607755
11,020,0001,0641,1102000010641,1655,3.219060332448861
11,020,0001,0656,1102000010656,3937,3.5952757118020995
11,020,0001,0675,1102000010675,3647,3.5620548296563785
11,020,0001,068A,110200001068A,3876,3.58849580100721
11,020,0001,0694,1102000010694,4872,3.6877964113812944
11,020,0001,0707,1102000010707,7804,3.8923729073984363
11,020,0001,0711,1102000010711,6759,3.829946695941636
11,020,0001,0726,1102000010726,3962,3.59802407233419
11,020,0001,0730,1102000010730,1556,3.1922886125681202
11,020,0001,0745,1102000010745,5509,3.741151598851785
11,020,0001,075A,110200001075A,4073,3.610021024664145
11,020,0001,0764,1102000010764,1223,3.087781417809542
11,020,0001,0779,1102000010779,1527,3.184123354239671
11,020,0001,0783,1102000010783,383,2.584331224367531
11,020,0001,0798,1102000010798,3561,3.551693915127225
11,020,0001,0800,1102000010800,2270,3.3562171342197353
11,020,0001,0815,1102000010815,1288,3.110252917353403
11,020,0001,082A,110200001082A,2894,3.4616485680634552
11,020,0001,0834,1102000010834,1550,3.190611797813605
11,020,0001,0849,1102000010849,675,2.829946695941636
11,020,0001,0853,1102000010853,3983,3.600319329751661
11,020,0001,0868,1102000010868,1786,3.252124552505644
11,020,0001,0872,1102000010872,2668,3.4263485737875077
11,020,0001,0887,1102000010887,842,2.9258275746247424
11,020,0001,0980,1102000010980,2894,3.4616485680634552
11,020,0001,0995,1102000010995,8065,3.9066582176716
11,020,0001,100A,110200001100A,1641,3.215373152783422
11,020,0001,1014,1102000011014,1538,3.187238619831479
11,020,0001,1029,1102000011029,2009,3.303196057420489
11,020,0001,1048,1102000011048,5228,3.7184186418296554
11,020,0001,1052,1102000011052,2323,3.366236123718293
11,020,0001,1067,1102000011067,8666,3.9378687965638592
11,020,0001,1071,1102000011071,2194,3.34143452457814
11,020,0001,1090,1102000011090,3383,3.529430354366986
11,020,0001,1122,1102000011122,8581,3.9335885101966532
11,020,0001,1137,1102000011137,7502,3.8752349464501648
11,020,0001,1141,1102000011141,5931,3.7732011423563443
11,020,0001,1156,1102000011156,2645,3.422589839851482
11,020,0001,1175,1102000011175,2508,3.3995006613146104
11,020,0001,118A,110200001118A,1590,3.2016701796465816
11,020,0001,1226,1102000011226,1654,3.2187979981117376
11,020,0001,1230,1102000011230,2543,3.4055171069763763
11,020,0001,125A,110200001125A,1409,3.1492191126553797
11,020,0001,1264,1102000011264,6417,3.8073997127594854
11,020,0001,1279,1102000011279,3732,3.5720579899263045
11,020,0001,1283,1102000011283,885,2.9474337218870508
11,020,0001,1298,1102000011298,4073,3.610021024664145
11,020,0001,1300,1102000011300,525,2.7209857441537393
11,020,0001,1315,1102000011315,7470,3.873378736409141
11,020,0001,132A,110200001132A,0,0.0
11,020,0001,1349,1102000011349,6591,3.8190171986890595
11,020,0001,1353,1102000011353,9170,3.962416693445751
11,020,0001,1372,1102000011372,1207,3.082066934285113
11,020,0001,1387,1102000011387,86,1.9395192526186185
11,020,0001,1391,1102000011391,4856,3.6863681034730362
11,020,0001,1404,1102000011404,2067,3.315550534421905
11,020,0001,1419,1102000011419,20,1.3222192947339193
11,020,0001,1423,1102000011423,3370,3.5277587525209717
11,020,0001,1438,1102000011438,2675,3.4274861090957853
11,020,0001,1457,1102000011457,3266,3.514149134475437
11,020,0001,1461,1102000011461,2986,3.475235222604128
11,020,0001,1476,1102000011476,2008,3.3029799367482493
11,020,0001,1495,1102000011495,2929,3.4668676203541096
11,020,0001,1512,1102000011512,4722,3.6742179455767
11,020,0001,1531,1102000011531,4415,3.6450290647211423
11,020,0001,1546,1102000011546,4553,3.658393026279124
11,020,0001,1550,1102000011550,2011,3.30362797638389
11,020,0001,1565,1102000011565,2864,3.457124626303409
11,020,0001,157A,110200001157A,2689,3.429752280002408
11,020,0001,1599,1102000011599,4643,3.666892211066536
11,020,0001,1601,1102000011601,4250,3.628491104967123
11,020,0001,1616,1102000011616,6970,3.8432950827365073
11,020,0001,1620,1102000011620,1969,3.294466226161593
11,020,0001,1635,1102000011635,3319,3.5211380837040362
11,020,0001,164A,110200001164A,2731,3.436480695009495
11,020,0001,1654,1102000011654,3314,3.520483532740792
11,020,0001,1669,1102000011669,3735,3.5724068675580556
11,020,0001,1673,1102000011673,2369,3.374748346010104
11,020,0001,1688,1102000011688,2249,3.3521825181113627
11,020,0001,1692,1102000011692,2965,3.472171146692363
11,020,0001,1705,1102000011705,5508,3.7410727723733213
11,020,0001,171A,110200001171A,3471,3.540579716504454
11,020,0001,1724,1102000011724,2342,3.369772288596963
11,020,0001,1739,1102000011739,1741,3.241048150671644
11,020,0001,1743,1102000011743,2253,3.3529539117100877
11,020,0001,1762,1102000011762,4756,3.677333151419902
11,020,0001,1777,1102000011777,2955,3.470704429722788
11,020,0001,1781,1102000011781,2344,3.370142847051102
11,020,0001,1796,1102000011796,3110,3.4929000111087034
11,020,0001,1813,1102000011813,1406,3.1482940974347455
11,020,0001,1832,1102000011832,2669,3.4265112613645754
11,020,0001,1847,1102000011847,543,2.73559889969818
11,020,0001,1851,1102000011851,1162,3.0655797147284485
11,020,0001,1866,1102000011866,4457,3.649140064144219
11,020,0001,1870,1102000011870,3332,3.52283531366053
11,020,0001,189A,110200001189A,5966,3.775756037844098
11,020,0001,1902,1102000011902,5090,3.706803097037338
11,020,0001,1917,1102000011917,2817,3.4499409887733377
11,020,0001,1921,1102000011921,9195,3.9635989625972416
11,020,0001,1936,1102000011936,4273,3.630834517828051
11,020,0001,1940,1102000011940,3377,3.5286596452349897
11,020,0001,196A,110200001196A,13935,4.144138137663588
11,020,0001,1974,1102000011974,846,2.9278834103307068
11,020,0001,1989,1102000011989,3762,3.575534218319864
11,020,0001,1993,1102000011993,3842,3.584670384464349
11,020,0001,2008,1102000012008,3213,3.5070458724273257
11,020,0001,2027,1102000012027,4976,3.696967640744023
11,020,0001,2031,1102000012031,3689,3.56702636615906
11,020,0001,2046,1102000012046,3142,3.49734438101758
11,020,0001,2050,1102000012050,4679,3.670245853074124
11,020,0001,2065,1102000012065,1957,3.291812687467119
11,020,0001,2101,1102000012101,13435,4.128269995169627
11,020,0001,2116,1102000012116,9117,3.9598995878659435
11,020,0001,2120,1102000012120,2568,3.4097641042663462
11,020,0001,2135,1102000012135,4671,3.669502834104343
11,020,0001,214A,110200001214A,2375,3.375846436309156
11,020,0001,2154,1102000012154,3894,3.590507462008583
11,020,0001,2169,1102000012169,834,2.921686475483602
11,020,0001,2173,1102000012173,1364,3.1351326513767748
11,020,0001,2188,1102000012188,6140,3.788239097382168
11,020,0001,2192,1102000012192,2736,3.4372747974101237
11,020,0001,2205,1102000012205,2042,3.3102683666324477
11,020,0001,221A,110200001221A,2875,3.458788881710845
11,020,0001,2243,1102000012243,2615,3.4176377396522297
11,020,0001,2262,1102000012262,1649,3.2174839442139063
11,020,0001,2277,1102000012277,3101,3.4916417934775863
11,020,0001,2281,1102000012281,3837,3.5841049703994527
11,020,0001,2296,1102000012296,3943,3.5959369062691735
11,020,0001,2309,1102000012309,4736,3.6755033847279566
11,020,0001,2313,1102000012313,3084,3.4892551683692603
11,020,0001,2328,1102000012328,2602,3.4154741681092355
11,020,0001,2332,1102000012332,5109,3.708420900134713
11,020,0001,2347,1102000012347,2600,3.4151403521958725
11,020,0001,2351,1102000012351,3363,3.5268559871258747
11,020,0001,2366,1102000012366,3250,3.5120169694961265
11,020,0001,2370,1102000012370,4297,3.6332664111554247
11,020,0001,2385,1102000012385,4022,3.6045500325712614
11,020,0001,239A,110200001239A,5200,3.716086853774832
11,020,0001,2402,1102000012402,4886,3.689042339028172
11,020,0001,2417,1102000012417,11667,4.066996420449695
11,020,0001,2421,1102000012421,5100,3.707655323531187
11,020,0001,2436,1102000012436,2793,3.446226401778163
11,020,0001,2440,1102000012440,5837,3.7662640906519957
11,020,0001,2455,1102000012455,3626,3.5595475555804343
11,020,0001,246A,110200001246A,3875,3.5883837683787276
11,020,0001,2474,1102000012474,5149,3.711807229041191
11,020,0001,2489,1102000012489,4468,3.6502103546603593
11,020,0001,2493,1102000012493,4110,3.61394747678035
11,020,0001,2506,1102000012506,3573,3.5531545481696254
11,020,0001,2510,1102000012510,4185,3.6217992240026677
11,020,0001,2525,1102000012525,1750,3.243286146083446
11,020,0001,253A,110200001253A,5250,3.720242018287057
11,020,0001,2544,1102000012544,3339,3.5237464668115646
11,020,0001,2559,1102000012559,1153,3.0622058088197126
11,020,0001,2563,1102000012563,4186,3.6219029608912305
11,020,0001,2578,1102000012578,3531,3.548020694905531
11,020,0001,2582,1102000012582,2717,3.4342494523964757
11,020,0001,2597,1102000012597,2692,3.4302363534115106
11,020,0001,260A,110200001260A,3472,3.5407047833107623
11,020,0001,2614,1102000012614,1678,3.225050696138049
11,020,0001,2629,1102000012629,3020,3.4801507252732806
11,020,0001,2633,1102000012633,5412,3.7334380270910614
11,020,0001,2648,1102000012648,4309,3.6344772701607315
11,020,0001,2652,1102000012652,10375,4.016029963076024
11,020,0001,2667,1102000012667,2958,3.471144965160633
11,020,0001,2671,1102000012671,2894,3.4616485680634552
11,020,0001,2686,1102000012686,4797,3.6810602436318116
11,020,0001,2690,1102000012690,3854,3.586024382386976
11,020,0001,2703,1102000012703,4722,3.6742179455767
11,020,0001,2718,1102000012718,1995,3.3001605369513523
11,020,0001,2722,1102000012722,6942,3.841547165256553
11,020,0001,2737,1102000012737,3891,3.5901728315963144
11,020,0001,2741,1102000012741,2657,3.4245549766067134
11,020,0001,2756,1102000012756,2527,3.402777069610347
11,020,0001,2760,1102000012760,3222,3.5082603055123345
11,020,0001,2775,1102000012775,1803,3.256236533205923
11,020,0001,278A,110200001278A,306,2.4871383754771865
11,020,0001,2794,1102000012794,3253,3.51241754860084
11,020,0001,2811,1102000012811,2042,3.3102683666324477
11,020,0001,2826,1102000012826,3731,3.571941635074462
11,020,0001,2845,1102000012845,5614,3.7493497605974766
11,020,0001,285A,110200001285A,3254,3.512550992904211
11,020,0001,2864,1102000012864,4042,3.6067037413336744
11,020,0001,2883,1102000012883,8198,3.913760886412323
11,020,0001,2898,1102000012898,5074,3.7054360465852505
11,020,0001,2900,1102000012900,2362,3.373463721632369
11,020,0001,2915,1102000012915,1745,3.2420442393695508
11,020,0001,292A,110200001292A,1245,3.095518042323151
11,020,0001,2934,1102000012934,3306,3.519434194913703
11,020,0001,2949,1102000012949,3302,3.518908573691414
11,020,0001,2953,1102000012953,4555,3.6585837154070626
11,020,0001,2968,1102000012968,2146,3.331832044436249
11,020,0001,2972,1102000012972,3148,3.498172660636544
11,020,0001,2987,1102000012987,1882,3.274850320016665
11,020,0001,2991,1102000012991,2409,3.3820170425748683
11,020,0001,3006,1102000013006,3248,3.511749711344983
11,020,0001,3010,1102000013010,2284,3.358886204405869
11,020,0001,3025,1102000013025,7488,3.874423830586502
11,020,0001,303A,110200001303A,2720,3.4347285417797577
11,020,0001,3044,1102000013044,6110,3.7861122837198264
11,020,0001,3059,1102000013059,3385,3.5296869537729165
11,020,0001,3063,1102000013063,4105,3.613418945034573
11,020,0001,3078,1102000013078,2495,3.397244581010386
11,020,0001,3082,1102000013082,2783,3.4446692309385245
11,020,0001,3097,1102000013097,2301,3.362105319293773
11,020,0001,310A,110200001310A,3222,3.5082603055123345
11,020,0001,3114,1102000013114,1096,3.0402066275747113
11,020,0001,3133,1102000013133,6226,3.7942788657214
11,020,0001,3148,1102000013148,2,0.47712125471966244
11,020,0001,3152,1102000013152,5275,3.7223047868743278
11,020,0001,3167,1102000013167,4441,3.6475785542124552
11,020,0001,3171,1102000013171,1687,3.2273724422896364
11,020,0001,3186,1102000013186,5283,3.7229628089424898
11,020,0001,3203,1102000013203,6186,3.7914801160200007
11,020,0001,3218,1102000013218,3965,3.598352709869284
11,020,0001,3222,1102000013222,2762,3.4413808849165113
11,020,0001,3241,1102000013241,12631,4.101472117000238
11,020,0001,3256,1102000013256,6571,3.8176975547630243
11,020,0001,3260,1102000013260,491,2.69196510276736
11,020,0001,3275,1102000013275,1299,3.113943352306837
11,020,0001,328A,110200001328A,6720,3.8274338954007794
11,020,0001,3294,1102000013294,2911,3.4641913706409997
11,020,0001,3307,1102000013307,3171,3.501333178645566
11,020,0001,3311,1102000013311,5595,3.74787770581979
11,020,0001,3326,1102000013326,3692,3.5673793076509788
11,020,0001,3330,1102000013330,2700,3.431524584187451
11,020,0001,3345,1102000013345,808,2.9079485216122722
11,020,0001,335A,110200001335A,180,2.2576785748691846
11,020,0001,3364,1102000013364,475,2.677606952720493
11,020,0001,3379,1102000013379,50,1.7075701760979363
11,020,0001,3383,1102000013383,724,2.8603380065709936
11,020,0001,3398,1102000013398,120,2.0827853703164503
11,020,0001,3400,1102000013400,2208,3.344195715871435
11,020,0001,3415,1102000013415,1817,3.2595938788859486
11,020,0001,342A,110200001342A,1155,3.0629578340845103
11,020,0001,3434,1102000013434,513,2.710963118995276
11,020,0001,3449,1102000013449,749,2.8750612633917
11,020,0001,3453,1102000013453,93,1.9731278535996986
11,020,0001,3468,1102000013468,3100,3.4915017662373264
11,020,0001,3472,1102000013472,5618,3.7496590320949
11,020,0001,3487,1102000013487,959,2.9822712330395684
11,020,0001,3504,1102000013504,179,2.255272505103306
11,020,0001,3519,1102000013519,192,2.285557309007774
11,020,0001,3523,1102000013523,3806,3.580582876814367
11,020,0001,3538,1102000013538,3502,3.5444401373176926
11,020,0001,3542,1102000013542,2264,3.3550682063488506
11,020,0001,3557,1102000013557,1383,3.141136090120739
11,020,0001,3561,1102000013561,1753,3.244029589030022
11,020,0001,3576,1102000013576,5086,3.7064617376313547
11,020,0001,3580,1102000013580,8989,3.9537596917332287
11,020,0001,3595,1102000013595,3864,3.5871494982543437
11,020,0001,3608,1102000013608,2174,3.337459261290656
11,020,0001,3612,1102000013612,1782,3.2511513431753545
11,020,0001,3627,1102000013627,568,2.7551122663950713
11,020,0001,3631,1102000013631,178,2.2528530309798933
11,020,0001,3650,1102000013650,2651,3.4235735197327357
11,020,0001,367A,110200001367A,111,2.0492180226701815
11,020,0001,3699,1102000013699,1137,3.056142262059052
11,020,0001,374A,110200001374A,14,1.1760912590556813
11,020,0001,3769,1102000013769,2582,3.412124406173317
11,020,0001,3773,1102000013773,521,2.717670503002262
11,020,0001,3788,1102000013788,3310,3.5199591807520685
11,020,0001,3792,1102000013792,5135,3.710625015060797
11,020,0001,381A,110200001381A,4248,3.6282867310895144
11,020,0001,3824,1102000013824,7319,3.864511081058392
11,020,0001,3839,1102000013839,79,1.9030899869919435
11,020,0001,3843,1102000013843,228,2.359835482339888
11,020,0001,3858,1102000013858,585,2.767897616018091
11,020,0001,3862,1102000013862,175,2.24551266781415
11,020,0001,3877,1102000013877,653,2.815577748324267
11,020,0001,3896,1102000013896,385,2.586587304671755
11,020,0001,3909,1102000013909,270,2.432969290874406
11,020,0001,3913,1102000013913,18418,4.265266047887377
11,020,0001,3928,1102000013928,618,2.791690649020118
11,020,0001,3932,1102000013932,3608,3.5573868820595074
11,020,0001,3947,1102000013947,2739,3.437750562820388
11,020,0001,3951,1102000013951,2554,3.4073909044707316
11,020,0001,3966,1102000013966,2938,3.4681995860726125
11,020,0001,3970,1102000013970,640,2.8068580295188172
11,020,0001,3985,1102000013985,0,0.0
11,020,0001,399A,110200001399A,3532,3.5481436374348454
11,020,0001,4004,1102000014004,4675,3.6698745024898023
11,020,0001,4019,1102000014019,514,2.711807229041191
11,020,0001,4023,1102000014023,222,2.3483048630481607
11,020,0001,4038,1102000014038,573,2.7589118923979736
11,020,0001,4042,1102000014042,5,0.7781512503836436
11,020,0001,4061,1102000014061,807,2.907411360774586
11,020,0001,4108,1102000014108,1232,3.0909630765957314
11,020,0001,4112,1102000014112,350,2.545307116465824
11,020,0001,4127,1102000014127,1288,3.110252917353403
11,020,0001,4131,1102000014131,29,1.4771212547196624
11,020,0001,4146,1102000014146,141,2.1522883443830563
11,020,0001,4150,1102000014150,2082,3.318689269947746
11,020,0001,4165,1102000014165,366,2.5646660642520893
11,020,0001,417A,110200001417A,191,2.2833012287035497
11,020,0001,4184,1102000014184,4338,3.637389650129212
11,020,0001,4199,1102000014199,3410,3.5328817194073974
11,020,0001,4201,1102000014201,1551,3.1908917169221698
11,020,0001,4216,1102000014216,705,2.8488047010518036
11,020,0001,4220,1102000014220,2105,3.3234583668494677
11,020,0001,4235,1102000014235,8,0.9542425094393249
11,020,0001,424A,110200001424A,199,2.3010299956639813
11,020,0001,4254,1102000014254,1270,3.104145550554008
11,020,0001,4269,1102000014269,679,2.832508912706236
11,020,0001,4273,1102000014273,855,2.932473764677153
11,020,0001,4288,1102000014288,947,2.976808337338066
11,020,0001,4292,1102000014292,762,2.8825245379548803
11,020,0001,4305,1102000014305,546,2.737987326333431
11,020,0001,431A,110200001431A,1092,3.038620161949703
11,020,0001,4324,1102000014324,196,2.294466226161593
11,020,0001,4377,1102000014377,1051,3.02201573981772
11,020,0001,4381,1102000014381,838,2.9237619608287004
11,020,0001,4396,1102000014396,223,2.3502480183341627
11,020,0001,4409,1102000014409,299,2.4771212547196626
11,020,0001,4428,1102000014428,883,2.946452265013073
11,020,0001,4432,1102000014432,2053,3.3126004392612596
11,020,0001,4447,1102000014447,709,2.8512583487190755
11,020,0001,4451,1102000014451,1459,3.164352855784437
11,020,0001,4466,1102000014466,735,2.866877814337499
11,020,0001,4470,1102000014470,656,2.8175653695597807
11,020,0001,4485,1102000014485,960,2.9827233876685453
11,020,0001,449A,110200001449A,1271,3.104487111312395
11,020,0001,4502,1102000014502,42,1.6334684555795864
11,020,0001,4517,1102000014517,833,2.921166050637739
11,020,0001,4521,1102000014521,2261,3.3544926005894364
11,020,0001,4536,1102000014536,4002,3.602385590105105
11,020,0001,4540,1102000014540,3963,3.598133645813238
11,020,0001,4555,1102000014555,2381,3.3769417571467586
11,020,0001,456A,110200001456A,3011,3.478854967528663
11,020,0001,4574,1102000014574,2725,3.435525851498655
11,020,0001,4589,1102000014589,3689,3.56702636615906
11,020,0001,4593,1102000014593,1114,3.0472748673841794
11,020,0001,4606,1102000014606,4020,3.604334073102911
11,020,0001,4610,1102000014610,1531,3.185258765296585
11,020,0001,4625,1102000014625,3378,3.5287881917748964
11,020,0001,463A,110200001463A,1574,3.197280558125619
11,020,0001,4644,1102000014644,1727,3.2375437381428744
11,020,0001,4659,1102000014659,1907,3.2805783703680764
11,020,0001,4663,1102000014663,7563,3.8787515201730023
11,020,0001,4678,1102000014678,7650,3.88371820196396
11,020,0001,4682,1102000014682,0,0.0
11,020,0001,4697,1102000014697,20,1.3222192947339193
11,020,0001,470A,110200001470A,23,1.380211241711606
11,020,0001,4714,1102000014714,4,0.6989700043360189
11,020,0001,4729,1102000014729,7,0.9030899869919435
11,020,0001,4733,1102000014733,201,2.305351369446624
11,020,0001,4748,1102000014748,0,0.0
11,020,0001,4752,1102000014752,1528,3.1844074854123203
11,020,0001,4767,1102000014767,243,2.387389826338729
11,020,0001,4771,1102000014771,1704,3.2317243833285163
11,020,0001,4786,1102000014786,7521,3.87633332908638
11,020,0001,4790,1102000014790,8101,3.9085922388475693
11,020,0001,4803,1102000014803,8044,3.9055260484350485
11,020,0001,4818,1102000014818,3048,3.484157424365381
11,020,0001,4822,1102000014822,2985,3.4750898033890065
11,020,0001,4837,1102000014837,11329,4.054229909863397
11,020,0001,4841,1102000014841,6578,3.8181598863971855
11,020,0001,4856,1102000014856,1723,3.236537261488694
11,020,0001,4875,1102000014875,4907,3.6909045540549665
11,020,0001,488A,110200001488A,3968,3.5986810989071634
11,020,0001,4894,1102000014894,2964,3.4720246977002813
11,020,0001,4907,1102000014907,5406,3.7329563695756245
11,020,0001,4911,1102000014911,4208,3.6241789257480224
11,020,0001,4926,1102000014926,3083,3.4891143693789193
11,020,0001,4930,1102000014930,3050,3.484442207642407
11,020,0001,4945,1102000014945,2778,3.443888546777372
11,020,0001,495A,110200001495A,3549,3.550228353055094
11,020,0001,4964,1102000014964,1327,3.1231980750319988
11,020,0001,4979,1102000014979,1936,3.287129620719111
11,020,0001,4983,1102000014983,2016,3.3047058982127653
11,020,0001,4998,1102000014998,1457,3.163757523981956
11,020,0001,5002,1102000015002,585,2.767897616018091
11,020,0001,5017,1102000015017,66,1.8260748027008264
11,020,0001,5021,1102000015021,0,0.0
11,020,0001,5036,1102000015036,5,0.7781512503836436
11,020,0001,5040,1102000015040,334,2.525044807036845
11,020,0001,5055,1102000015055,62,1.7993405494535817
11,020,0001,506A,110200001506A,1621,3.2100508498751372
11,020,0001,5074,1102000015074,713,2.8536982117761744
11,020,0001,5089,1102000015089,852,2.930949031167523
11,020,0001,5093,1102000015093,467,2.670245853074124
11,020,0001,5106,1102000015106,1035,3.0153597554092144
11,020,0001,513A,110200001513A,1047,3.0203612826477078
11,020,0001,5144,1102000015144,7676,3.885191540606848
11,020,0001,5159,1102000015159,348,2.5428254269591797
11,020,0001,5163,1102000015163,732,2.8651039746411278
11,020,0001,5182,1102000015182,3089,3.4899584794248346
11,020,0001,5197,1102000015197,1091,3.0382226383687185
11,020,0001,520A,110200001520A,715,2.8549130223078554
11,020,0001,5267,1102000015267,1692,3.2286569581089353
11,020,0001,5271,1102000015271,519,2.716003343634799
11,020,0001,5286,1102000015286,28,1.462397997898956
11,020,0001,5290,1102000015290,6346,3.8025684983139563
11,020,0001,5303,1102000015303,3099,3.4913616938342726
11,020,0001,5318,1102000015318,1857,3.269045709657623
11,020,0001,5322,1102000015322,3061,3.486005186362242
11,020,0001,5337,1102000015337,1362,3.1344958558346736
11,020,0001,5341,1102000015341,167,2.225309281725863
11,020,0001,5356,1102000015356,1661,3.220631019448092
11,020,0001,5360,1102000015360,863,2.936513742478893
11,020,0001,5375,1102000015375,2578,3.4114513421379375
11,020,0001,538A,110200001538A,1108,3.04493154614916
11,020,0001,5394,1102000015394,2816,3.4497868469857735
11,020,0001,5407,1102000015407,2436,3.386855529184724
11,020,0001,5411,1102000015411,3642,3.561459171241916
11,020,0001,5426,1102000015426,925,2.966610986681934
11,020,0001,5445,1102000015445,0,0.0
11,020,0001,545A,110200001545A,194,2.290034611362518
11,020,0001,5464,1102000015464,11928,4.076604038583611
11,020,0001,5479,1102000015479,48,1.6901960800285136
11,020,0001,5483,1102000015483,38,1.591064607026499
11,020,0001,5498,1102000015498,992,2.996949248495381
11,020,0001,5500,1102000015500,1218,3.0860037056183818
11,020,0001,552A,110200001552A,1045,3.0195316845312554
11,020,0001,5534,1102000015534,214,2.3324384599156054
11,020,0001,5549,1102000015549,23,1.380211241711606
11,020,0001,5553,1102000015553,2591,3.413634997198556
11,020,0001,5572,1102000015572,2269,3.3560258571931225
11,020,0001,5587,1102000015587,647,2.8115750058705933
11,020,0001,5591,1102000015591,4244,3.6278776945799716
11,020,0001,5604,1102000015604,2636,3.4211101297934343
11,020,0001,5619,1102000015619,2532,3.403635189790548
11,020,0001,5623,1102000015623,186,2.271841606536499
11,020,0001,5638,1102000015638,220,2.3443922736851106
11,020,0001,5642,1102000015642,54,1.7403626894942439
11,020,0001,5657,1102000015657,486,2.6875289612146345
11,020,0001,5661,1102000015661,19,1.3010299956639813
11,020,0001,5676,1102000015676,177,2.250420002308894
11,020,0001,5680,1102000015680,390,2.5921767573958667
11,020,0001,5695,1102000015695,214,2.3324384599156054
11,020,0001,5708,1102000015708,246,2.392696953259666
11,020,0001,5712,1102000015712,2413,3.3827372657613304
11,020,0001,5727,1102000015727,373,2.5728716022004803
11,020,0001,5731,1102000015731,3215,3.5073160400764136
11,020,0001,5750,1102000015750,4472,3.650598898172657
11,020,0001,5765,1102000015765,5344,3.727947709544797
11,020,0001,577A,110200001577A,7787,3.8914259428479943
11,020,0001,5784,1102000015784,88,1.9493900066449128
11,020,0001,5799,1102000015799,3034,3.482158695411276
11,020,0001,5801,1102000015801,0,0.0
11,020,0001,5816,1102000015816,0,0.0
11,020,0001,5835,1102000015835,93,1.9731278535996986
11,020,0001,584A,110200001584A,1671,3.2232362731029975
11,020,0001,5854,1102000015854,4436,3.647089428716555
11,020,0001,5869,1102000015869,438,2.6424645202421213
11,020,0001,5873,1102000015873,1256,3.0993352776859577
11,020,0001,5888,1102000015888,955,2.9804578922761
11,020,0001,5892,1102000015892,1446,3.1604685311190375
11,020,0001,5905,1102000015905,4110,3.61394747678035
11,020,0001,591A,110200001591A,388,2.5899496013257077
11,020,0001,5939,1102000015939,984,2.9934362304976116
11,020,0001,5943,1102000015943,1375,3.1386184338994925
11,020,0001,5958,1102000015958,1060,3.025715383901341
11,020,0001,5962,1102000015962,1288,3.110252917353403
11,020,0001,5977,1102000015977,1242,3.094471128641645
11,020,0001,5981,1102000015981,1083,3.0350292822023683
11,020,0001,5996,1102000015996,198,2.298853076409707
11,020,0001,6000,1102000016000,741,2.870403905279027
11,020,0001,6015,1102000016015,1101,3.042181594515766
11,020,0001,602A,110200001602A,24,1.3979400086720377
11,020,0001,6049,1102000016049,40,1.6127838567197355
11,020,0001,6053,1102000016053,172,2.2380461031287955
11,020,0001,6068,1102000016068,772,2.888179493918325
11,020,0001,6072,1102000016072,682,2.8344207036815328
11,020,0001,6087,1102000016087,16,1.2304489213782739
11,020,0001,6091,1102000016091,13,1.146128035678238
11,020,0001,6104,1102000016104,287,2.459392487759231
11,020,0001,6161,1102000016161,28,1.462397997898956
11,020,0001,6176,1102000016176,146,2.167317334748176
11,020,0001,6180,1102000016180,433,2.637489729512511
11,020,0001,6195,1102000016195,112,2.0530784434834195
11,020,0001,6208,1102000016208,1811,3.2581581933407944
11,020,0001,6212,1102000016212,936,2.971739590887778
11,020,0001,6227,1102000016227,485,2.6866362692622934
11,020,0001,6231,1102000016231,1479,3.1702617153949575
11,020,0001,6246,1102000016246,1667,3.22219604630172
11,020,0001,6250,1102000016250,0,0.0
11,020,0001,6265,1102000016265,0,0.0
11,020,0001,627A,110200001627A,0,0.0
11,020,0001,6284,1102000016284,1656,3.219322508419337
11,020,0001,6320,1102000016320,1818,3.2598326990634834
11,020,0001,6335,1102000016335,1826,3.2617385473525378
11,020,0001,634A,110200001634A,3026,3.481012420956573
11,020,0001,6354,1102000016354,3574,3.5532760461370994
11,020,0001,6369,1102000016369,1569,3.1958996524092336
11,020,0001,6373,1102000016373,3030,3.4815859363676225
11,020,0001,6388,1102000016388,1280,3.1075491297446862
11,020,0001,6392,1102000016392,2792,3.446070935701005
11,020,0001,6405,1102000016405,3594,3.555698894718901
11,020,0001,641A,110200001641A,5141,3.711132072306842
11,020,0001,6424,1102000016424,773,2.8887409606828927
11,020,0001,6439,1102000016439,14,1.1760912590556813
11,020,0001,6443,1102000016443,69,1.845098040014257
11,020,0001,6458,1102000016458,1921,3.2837533833325265
11,020,0001,6462,1102000016462,1898,3.2785249647370174
11,020,0001,6477,1102000016477,429,2.6334684555795866
11,020,0001,6481,1102000016481,325,2.513217600067939
11,020,0001,6496,1102000016496,474,2.6766936096248664
11,020,0001,6509,1102000016509,320,2.506505032404872
11,020,0001,6528,1102000016528,0,0.0
11,020,0001,6532,1102000016532,0,0.0
11,020,0001,6547,1102000016547,0,0.0
11,020,0001,6551,1102000016551,605,2.782472624166286
11,020,0001,6566,1102000016566,37,1.5797835966168101
11,020,0001,6570,1102000016570,691,2.840106094456758
11,020,0001,6585,1102000016585,1005,3.0025979807199086
11,020,0001,659A,110200001659A,865,2.937517892017347
11,020,0001,6602,1102000016602,599,2.7781512503836434
11,020,0001,6617,1102000016617,1918,3.2830749747354715
11,020,0001,6621,1102000016621,190,2.2810333672477277
11,020,0001,6636,1102000016636,8,0.9542425094393249
11,020,0001,6640,1102000016640,377,2.5774917998372255
11,020,0001,6655,1102000016655,31,1.505149978319906
11,020,0001,666A,110200001666A,514,2.711807229041191
11,020,0001,6674,1102000016674,36,1.568201724066995
11,020,0001,6689,1102000016689,91,1.9637878273455553
11,020,0001,6693,1102000016693,182,2.2624510897304293
11,020,0001,6706,1102000016706,1750,3.243286146083446
11,020,0001,6710,1102000016710,8960,3.9523564773237907
11,020,0001,6725,1102000016725,4320,3.63558426631123
11,020,0001,6759,1102000016759,712,2.8530895298518657
11,020,0001,6763,1102000016763,0,0.0
11,020,0001,6778,1102000016778,3797,3.5795549604009986
11,020,0001,6782,1102000016782,1094,3.0394141191761372
11,020,0001,6890,1102000016890,104,2.0211892990699383
11,020,0001,6903,1102000016903,142,2.155336037465062
11,020,0001,6956,1102000016956,1886,3.2757719001649312
11,020,0001,6960,1102000016960,1,0.3010299956639812
11,020,0001,6975,1102000016975,133,2.1271047983648077
11,020,0001,698A,110200001698A,66,1.8260748027008264
11,020,0001,6994,1102000016994,2361,3.373279893277496
11,020,0001,7009,1102000017009,15,1.2041199826559248
11,020,0001,7013,1102000017013,56,1.7558748556724915
11,020,0001,7028,1102000017028,0,0.0
11,020,0001,7032,1102000017032,0,0.0
11,020,0001,7047,1102000017047,219,2.342422680822206
11,020,0001,7051,1102000017051,0,0.0
11,020,0001,7066,1102000017066,931,2.9694159123539814
11,020,0001,7070,1102000017070,285,2.456366033129043
11,020,0001,7085,1102000017085,673,2.82865989653532
11,020,0001,709A,110200001709A,119,2.0791812460476247
11,020,0001,7102,1102000017102,560,2.7489628612561616
11,020,0001,7117,1102000017117,2,0.47712125471966244
11,020,0001,7121,1102000017121,286,2.4578818967339924
11,020,0001,7136,1102000017136,990,2.9960736544852753
11,020,0001,7140,1102000017140,9,1.0
11,020,0001,7155,1102000017155,572,2.75815462196739
11,020,0001,716A,110200001716A,312,2.4955443375464483
11,020,0001,7193,1102000017193,538,2.7315887651867388
11,020,0001,7206,1102000017206,1229,3.089905111439398
11,020,0001,7210,1102000017210,14,1.1760912590556813
11,020,0001,7225,1102000017225,1362,3.1344958558346736
11,020,0001,723A,110200001723A,2015,3.3044905277734875
11,020,0001,7297,1102000017297,2850,3.45499721730946
11,020,0001,730A,110200001730A,404,2.6074550232146687
11,020,0001,7314,1102000017314,779,2.8920946026904804
11,020,0001,7329,1102000017329,0,0.0
11,020,0001,7333,1102000017333,0,0.0
11,020,0001,7348,1102000017348,0,0.0
11,020,0001,7352,1102000017352,9,1.0
11,020,0001,7367,1102000017367,0,0.0
11,020,0001,7371,1102000017371,67,1.8325089127062364
11,020,0001,7386,1102000017386,3260,3.513350798805957
11,020,0001,7390,1102000017390,1181,3.0726174765452368
11,020,0001,7403,1102000017403,1297,3.1132746924643504
11,020,0001,7418,1102000017418,1300,3.1142772965615864
11,020,0001,7422,1102000017422,34,1.5440680443502757
11,020,0001,7437,1102000017437,1490,3.1734776434529945
11,020,0001,7441,1102000017441,2898,3.4622482153549976
11,020,0001,7456,1102000017456,1339,3.1271047983648077
11,020,0001,7460,1102000017460,642,2.808210972924222
11,020,0001,7475,1102000017475,0,0.0
11,020,0001,748A,110200001748A,0,0.0
11,020,0001,7494,1102000017494,1956,3.2915908256580013
11,020,0001,7507,1102000017507,0,0.0
11,020,0001,7579,1102000017579,848,2.928907690243953
11,020,0001,7583,1102000017583,7,0.9030899869919435
11,020,0001,7598,1102000017598,2927,3.4665710723863543
11,020,0001,7600,1102000017600,841,2.9253120914996495
11,020,0001,7615,1102000017615,1035,3.0153597554092144
11,020,0001,762A,110200001762A,636,2.8041394323353503
11,020,0001,7634,1102000017634,590,2.7715874808812555
11,020,0001,7649,1102000017649,1370,3.1370374547895126
11,020,0001,7653,1102000017653,213,2.330413773349191
11,020,0001,7668,1102000017668,1473,3.1684974835230326
11,020,0001,7672,1102000017672,1247,3.0962145853464054
11,020,0001,7687,1102000017687,1518,3.1815577738627865
11,020,0001,7691,1102000017691,768,2.885926339801431
11,020,0001,7704,1102000017704,1991,3.29928933408768
11,020,0001,7719,1102000017719,0,0.0
11,020,0001,7723,1102000017723,1156,3.0633333589517497
11,020,0001,7738,1102000017738,266,2.4265112613645754
11,020,0001,7742,1102000017742,181,2.2600713879850747
11,020,0001,7757,1102000017757,86,1.9395192526186185
11,020,0001,7761,1102000017761,5,0.7781512503836436
11,020,0001,7776,1102000017776,2513,3.400365273349939
11,020,0001,7780,1102000017780,571,2.7573960287930244
11,020,0001,7795,1102000017795,993,2.997386384397313
11,020,0001,7808,1102000017808,1258,3.1000257301078626
11,020,0263,7812,1102002637812,2764,3.441695135640717
11,020,0317,0919,1102003170919,6277,3.797821311364024
11,020,0317,3665,1102003173665,53,1.7323937598229686
11,020,0317,3805,1102003173805,18,1.2787536009528289
11,020,0317,4343,1102003174343,202,2.307496037913213
11,020,0317,4358,1102003174358,205,2.3138672203691533
11,020,0317,4362,1102003174362,248,2.3961993470957363
11,020,0317,5110,1102003175110,77,1.8920946026904804
11,020,0317,5125,1102003175125,67,1.8325089127062364
11,020,0317,5214,1102003175214,127,2.1072099696478683
11,020,0317,5229,1102003175229,26,1.4313637641589874
11,020,0317,5233,1102003175233,0,0.0
11,020,0317,5248,1102003175248,33,1.5314789170422551
11,020,0317,5252,1102003175252,228,2.359835482339888
11,020,0317,7174,1102003177174,38,1.591064607026499
11,020,0317,7189,1102003177189,60,1.7853298350107671
11,020,0317,7511,1102003177511,7,0.9030899869919435
11,020,0317,7526,1102003177526,17,1.255272505103306
11,020,0358,3701,1102003583701,3050,3.484442207642407
11,020,0358,7530,1102003587530,24,1.3979400086720377
11,020,0358,7545,1102003587545,23,1.380211241711606
11,020,0401,0923,1102004010923,5348,3.728272597895017
11,020,0401,6829,1102004016829,12,1.1139433523068367
11,020,0401,6833,1102004016833,66,1.8260748027008264
11,020,0401,6848,1102004016848,15,1.2041199826559248
11,020,0401,6867,1102004016867,6,0.8450980400142568
11,020,0401,755A,110200401755A,1,0.3010299956639812
11,020,0401,7564,1102004017564,82,1.919078092376074
11,020,0413,7827,1102004137827,1722,3.2362852774480286
11,020,0413,7831,1102004137831,1032,3.0141003215196207
11,020,0429,7846,1102004297846,3028,3.481299273332856
11,020,0451,6299,1102004516299,3906,3.5918434112247843
11,020,0451,6301,1102004516301,3431,3.535547279176668
11,020,0451,6886,1102004516886,222,2.3483048630481607
11,020,0452,5568,1102004525568,3286,3.5167997040816243
11,020,0452,5746,1102004525746,39,1.6020599913279623
11,020,0452,6119,1102004526119,29,1.4771212547196624
11,020,0452,6123,1102004526123,140,2.1492191126553797
11,020,0452,6138,1102004526138,34,1.5440680443502757
11,020,0452,673A,110200452673A,93,1.9731278535996986
11,020,0452,6744,1102004526744,48,1.6901960800285136
11,020,0452,7244,1102004527244,9,1.0
11,020,0452,7259,1102004527259,9,1.0
11,020,0458,6316,1102004586316,2738,3.4375920322539613
11,020,0464,3716,1102004643716,3779,3.5774917998372255
11,020,0464,5924,1102004645924,40,1.6127838567197355
11,020,0464,6871,1102004646871,4,0.6989700043360189
11,020,1256,7850,1102012567850,2701,3.4316853446860116
11,020,1269,7865,1102012697865,2606,3.416141031168329
11,020,1294,0088,1102012940088,3241,3.510813010512496
11,021,0001,0028,1102100010028,0,0.0
11,021,0001,0051,1102100010051,3334,3.523095838252568
11,021,0001,0066,1102100010066,1828,3.262213705476417
11,021,0001,009A,110210001009A,2016,3.3047058982127653
11,021,0001,0102,1102100010102,2608,3.4164740791002206
11,021,0001,0117,1102100010117,1813,3.2586372827240764
11,021,0001,0193,1102100010193,76,1.8864907251724818
11,021,0001,0206,1102100010206,1047,3.0203612826477078
11,021,0001,0210,1102100010210,1930,3.285782273779395
11,021,0001,0225,1102100010225,2892,3.461348433647983
11,021,0001,023A,110210001023A,3348,3.524915147539867
11,021,0001,0244,1102100010244,505,2.7041505168397992
11,021,0001,0259,1102100010259,3730,3.571825249040829
11,021,0001,0263,1102100010263,2367,3.374381698050882
11,021,0001,0278,1102100010278,686,2.8369567370595505
11,021,0001,0282,1102100010282,462,2.6655809910179533
11,021,0001,0297,1102100010297,561,2.749736315569061
11,021,0001,030A,110210001030A,34,1.5440680443502757
11,021,0001,0329,1102100010329,139,2.146128035678238
11,021,0001,0333,1102100010333,219,2.342422680822206
11,021,0001,0348,1102100010348,443,2.6473829701146196
11,021,0001,0352,1102100010352,16,1.2304489213782739
11,021,0001,0371,1102100010371,1711,3.2335037603411343
11,021,0001,0386,1102100010386,923,2.9656719712201065
11,021,0001,0390,1102100010390,30,1.4913616938342726
11,021,0001,0403,1102100010403,0,0.0
11,021,0001,0422,1102100010422,4,0.6989700043360189
11,021,0001,0437,1102100010437,121,2.0863598306747484
11,021,0001,0441,1102100010441,6,0.8450980400142568
11,021,0001,0456,1102100010456,119,2.0791812460476247
11,021,0001,0460,1102100010460,324,2.5118833609788744
11,021,0001,0475,1102100010475,3524,3.5471591213274176
11,021,0001,048A,110210001048A,2166,3.335858911319818
11,021,0001,0494,1102100010494,130,2.1172712956557644
11,021,0001,0507,1102100010507,0,0.0
11,021,0001,0511,1102100010511,110,2.0453229787866576
11,021,0001,0526,1102100010526,159,2.2041199826559246
11,021,0001,0530,1102100010530,123,2.093421685162235
11,021,0001,0545,1102100010545,139,2.146128035678238
11,021,0001,055A,110210001055A,124,2.0969100130080562
11,021,0001,0564,1102100010564,24,1.3979400086720377
11,021,0001,0579,1102100010579,115,2.0644579892269186
11,021,0001,0583,1102100010583,402,2.6053050461411096
11,021,0001,0598,1102100010598,194,2.290034611362518
11,021,0001,0615,1102100010615,64,1.8129133566428555
11,021,0001,062A,110210001062A,36,1.568201724066995
11,021,0001,0634,1102100010634,45,1.662757831681574
11,021,0001,0649,1102100010649,100,2.0043213737826426
11,021,0001,0668,1102100010668,7,0.9030899869919435
11,021,0001,0672,1102100010672,12,1.1139433523068367
11,021,0001,0687,1102100010687,99,2.0
11,021,0001,0691,1102100010691,130,2.1172712956557644
11,021,0001,0704,1102100010704,600,2.7788744720027396
11,021,0001,0719,1102100010719,66,1.8260748027008264
11,021,0001,0723,1102100010723,31,1.505149978319906
11,021,0001,0738,1102100010738,37,1.5797835966168101
11,021,0001,0742,1102100010742,37,1.5797835966168101
11,021,0001,0757,1102100010757,6,0.8450980400142568
11,021,0001,0761,1102100010761,18,1.2787536009528289
11,021,0001,0776,1102100010776,24,1.3979400086720377
11,021,0001,0780,1102100010780,21,1.3424226808222062
11,021,0001,0795,1102100010795,14,1.1760912590556813
11,021,0001,0808,1102100010808,24,1.3979400086720377
11,021,0001,0812,1102100010812,27,1.4471580313422192
11,021,0001,0827,1102100010827,4,0.6989700043360189
11,021,0001,0831,1102100010831,5,0.7781512503836436
11,021,0001,0846,1102100010846,1,0.3010299956639812
11,022,0001,0133,1102200010133,933,2.9703468762300935
11,022,0001,0148,1102200010148,1965,3.2935835134961167
11,022,0001,0152,1102200010152,2169,3.3364597338485296
11,022,0001,0167,1102200010167,395,2.597695185925512
11,022,0001,0171,1102200010171,772,2.888179493918325
11,022,0001,0186,1102200010186,493,2.693726948923647
11,022,0001,0190,1102200010190,103,2.0170333392987803
11,022,0001,0203,1102200010203,10,1.0413926851582251
11,022,0001,0218,1102200010218,36,1.568201724066995
11,022,0001,0222,1102200010222,31,1.505149978319906
11,022,0001,0237,1102200010237,118,2.0755469613925306
11,022,0001,0241,1102200010241,245,2.3909351071033793
11,022,0001,0256,1102200010256,0,0.0
11,022,0001,0260,1102200010260,0,0.0
11,022,0001,0275,1102200010275,6,0.8450980400142568
11,022,0001,028A,110220001028A,3,0.6020599913279624
11,022,0001,0294,1102200010294,0,0.0
11,022,0001,0307,1102200010307,0,0.0
11,022,0001,0311,1102200010311,0,0.0
11,022,0001,0326,1102200010326,0,0.0
11,022,0001,0330,1102200010330,0,0.0
11,022,0001,0345,1102200010345,0,0.0
11,022,0001,035A,110220001035A,0,0.0
11,022,0001,0364,1102200010364,45,1.662757831681574
11,023,0001,022A,110230001022A,4181,3.621384028481653
11,023,0001,0234,1102300010234,3685,3.566555330883055
11,023,0001,0249,1102300010249,2699,3.4313637641589874
11,023,0001,0253,1102300010253,1563,3.1942367487238292
11,023,0001,0268,1102300010268,3713,3.5698418994037615
11,023,0001,0272,1102300010272,1582,3.199480914862356
11,023,0001,0287,1102300010287,2950,3.4699692094999595
11,023,0001,0291,1102300010291,2486,3.395675785269936
11,023,0001,0323,1102300010323,2347,3.370698092575577
11,023,0001,0338,1102300010338,1184,3.0737183503461227
11,023,0001,0342,1102300010342,4151,3.6182573448404014
11,023,0001,0357,1102300010357,2092,3.3207692283386865
11,023,0001,0361,1102300010361,227,2.357934847000454
11,023,0001,0380,1102300010380,2993,3.4762517960070336
11,023,0001,0395,1102300010395,1716,3.2347702951609163
11,023,0001,0446,1102300010446,888,2.9489017609702137
11,023,0001,0450,1102300010450,656,2.8175653695597807
11,023,0001,0465,1102300010465,1745,3.2420442393695508
11,023,0001,047A,110230001047A,74,1.8750612633917
11,023,0001,0484,1102300010484,9,1.0
11,023,0001,0499,1102300010499,3,0.6020599913279624
11,023,0001,0501,1102300010501,6,0.8450980400142568
11,023,0001,0516,1102300010516,148,2.173186268412274
11,023,0001,0520,1102300010520,16,1.2304489213782739
11,023,0001,0535,1102300010535,1093,3.039017321997412
11,023,0001,054A,110230001054A,547,2.738780558484369
11,023,0001,0554,1102300010554,129,2.113943352306837
11,023,0001,0569,1102300010569,102,2.012837224705172
11,023,0001,0573,1102300010573,0,0.0
11,023,0001,0588,1102300010588,43,1.6434526764861874
11,023,0001,0624,1102300010624,29,1.4771212547196624
11,023,0001,0639,1102300010639,2,0.47712125471966244
11,023,0001,0658,1102300010658,9,1.0
11,023,0001,0662,1102300010662,47,1.6812412373755872
11,023,0001,0713,1102300010713,59,1.7781512503836436
11,023,0001,0732,1102300010732,43,1.6434526764861874
11,023,0001,0747,1102300010747,0,0.0
11,023,0001,0751,1102300010751,32,1.5185139398778875
11,023,0148,0376,1102301480376,3505,3.544811911757776
11,023,0148,0605,1102301480605,126,2.103803720955957
11,023,0148,0677,1102301480677,4,0.6989700043360189
11,023,0148,0681,1102301480681,5,0.7781512503836436
11,023,0148,0696,1102301480696,0,0.0
11,023,0210,0592,1102302100592,2616,3.417803722639881
11,023,0210,061A,110230210061A,4,0.6989700043360189
11,023,0210,0709,1102302100709,41,1.6232492903979006
11,023,0210,0728,1102302100728,13,1.146128035678238
11,023,0210,0766,1102302100766,0,0.0
11,023,0288,0408,1102302880408,2486,3.395675785269936
11,023,0288,0412,1102302880412,1517,3.1812717715594614
11,023,0288,0427,1102302880427,2213,3.345177616542704
11,023,0288,0431,1102302880431,2841,3.4536240735914507
11,024,0001,0034,1102400010034,2089,3.3201462861110542
11,024,0001,0049,1102400010049,1095,3.0398105541483504
11,024,0001,0053,1102400010053,109,2.041392685158225
11,024,0001,0068,1102400010068,28,1.462397997898956
11,024,0001,0072,1102400010072,78,1.8976270912904414
11,024,0001,0087,1102400010087,89,1.954242509439325
11,024,0001,0091,1102400010091,18,1.2787536009528289
11,024,0001,0104,1102400010104,4,0.6989700043360189
11,024,0001,0119,1102400010119,49,1.6989700043360187
11,024,0001,0123,1102400010123,3,0.6020599913279624
11,025,0001,0027,1102500010027,7422,3.8705794605526846
11,025,0001,0065,1102500010065,2174,3.337459261290656
11,025,0001,0084,1102500010084,4057,3.608312042697327
11,025,0001,0101,1102500010101,2021,3.3057811512549824
11,025,0001,0116,1102500010116,1239,3.093421685162235
11,025,0001,0120,1102500010120,4910,3.691169934131604
11,025,0001,0135,1102500010135,2460,3.3911116137028023
11,025,0001,014A,110250001014A,2282,3.3585059114902354
11,025,0001,0154,1102500010154,1337,3.1264561134318045
11,025,0001,0169,1102500010169,1088,3.037027879755775
11,025,0001,0173,1102500010173,355,2.5514499979728753
11,025,0001,0188,1102500010188,401,2.60422605308447
11,025,0001,0192,1102500010192,31,1.505149978319906
11,025,0001,0205,1102500010205,466,2.6693168805661123
11,025,0001,021A,110250001021A,1671,3.2232362731029975
11,025,0001,0224,1102500010224,3539,3.5490032620257876
11,025,0001,0239,1102500010239,209,2.322219294733919
11,025,0001,0243,1102500010243,5377,3.730620797887283
11,025,0001,0258,1102500010258,1932,3.286231854028553
11,025,0001,0262,1102500010262,30,1.4913616938342726
11,025,0001,0277,1102500010277,76,1.8864907251724818
11,025,0001,0281,1102500010281,8,0.9542425094393249
11,025,0001,0296,1102500010296,0,0.0
11,025,0001,0309,1102500010309,127,2.1072099696478683
11,025,0001,0313,1102500010313,206,2.315970345456918
11,025,0001,0328,1102500010328,117,2.0718820073061255
11,025,0001,0332,1102500010332,23,1.380211241711606
11,025,0001,0347,1102500010347,1127,3.0523090996473234
11,025,0001,0351,1102500010351,3192,3.504198918539445
11,025,0001,0366,1102500010366,2904,3.4631461367263494
11,025,0001,0370,1102500010370,90,1.9590413923210936
11,025,0001,0385,1102500010385,227,2.357934847000454
11,025,0001,039A,110250001039A,409,2.6127838567197355
11,025,0001,0402,1102500010402,452,2.656098202012832
11,025,0001,0417,1102500010417,127,2.1072099696478683
11,025,0001,0421,1102500010421,5,0.7781512503836436
11,025,0001,0436,1102500010436,19,1.3010299956639813
11,025,0001,0440,1102500010440,5,0.7781512503836436
11,025,0001,0455,1102500010455,106,2.0293837776852097
11,025,0001,046A,110250001046A,11,1.0791812460476249
11,025,0001,0474,1102500010474,5,0.7781512503836436
11,025,0001,0489,1102500010489,20,1.3222192947339193
11,025,0034,0506,1102500340506,348,2.5428254269591797
11,025,0034,0510,1102500340510,2160,3.3346547668832414
11,025,0155,0525,1102501550525,2140,3.3306166672944384
11,025,0155,053A,110250155053A,959,2.9822712330395684
11,026,0001,0058,1102600010058,2952,3.4702634469650784
11,026,0001,0081,1102600010081,4624,3.6651117370750512
11,026,0001,0096,1102600010096,4172,3.620448384711709
11,026,0001,0109,1102600010109,3607,3.557266528869904
11,026,0001,0113,1102600010113,3638,3.5609820555862353
11,026,0001,0128,1102600010128,1538,3.187238619831479
11,026,0001,0132,1102600010132,2109,3.3242824552976926
11,026,0001,0147,1102600010147,280,2.44870631990508
11,026,0001,0151,1102600010151,452,2.656098202012832
11,026,0001,0166,1102600010166,24,1.3979400086720377
11,026,0001,0170,1102600010170,239,2.380211241711606
11,026,0001,0185,1102600010185,1,0.3010299956639812
11,026,0001,019A,110260001019A,68,1.8388490907372552
11,026,0001,0202,1102600010202,9,1.0
11,026,0001,0217,1102600010217,26,1.4313637641589874
11,026,0001,0236,1102600010236,579,2.7634279935629373
11,026,0001,0240,1102600010240,0,0.0
11,026,0001,0255,1102600010255,5,0.7781512503836436
11,026,0001,026A,110260001026A,54,1.7403626894942439
11,026,0001,0274,1102600010274,0,0.0
11,026,0001,0289,1102600010289,0,0.0
11,026,0001,0293,1102600010293,3,0.6020599913279624
11,026,0001,0306,1102600010306,2,0.47712125471966244
11,026,0001,0310,1102600010310,0,0.0
11,026,0001,0325,1102600010325,0,0.0
11,026,0001,033A,110260001033A,375,2.575187844927661
11,027,0001,0106,1102700010106,1943,3.288696260590256
11,027,0001,0125,1102700010125,5633,3.7508168426497543
11,027,0001,013A,110270001013A,3544,3.5496162395190853
11,027,0001,0144,1102700010144,2781,3.4443571256560275
11,027,0001,0163,1102700010163,3069,3.4871383754771865
11,027,0001,0178,1102700010178,4501,3.6534054906645013
11,027,0001,0182,1102700010182,3265,3.5140161804006493
11,027,0001,020A,110270001020A,2037,3.3092041796704077
11,027,0001,0214,1102700010214,3889,3.5899496013257077
11,027,0001,0318,1102700010318,0,0.0
11,027,0001,0322,1102700010322,2801,3.4474681309497557
11,027,0001,0337,1102700010337,0,0.0
11,027,0001,0407,1102700010407,4400,3.643551368562945
11,027,0001,0445,1102700010445,2200,3.342620042553348
11,027,0001,0464,1102700010464,5688,3.7550359337677714
11,027,0001,0479,1102700010479,3392,3.530583859645118
11,027,0001,0515,1102700010515,0,0.0
11,027,0001,0587,1102700010587,3843,3.584783378996508
11,027,0001,0591,1102700010591,1073,3.0310042813635367
11,027,0001,0604,1102700010604,2174,3.337459261290656
11,027,0001,0619,1102700010619,3018,3.479863113023098
11,027,0001,0623,1102700010623,4470,3.6504046698680317
11,027,0001,0638,1102700010638,3344,3.524396122103842
11,027,0001,0642,1102700010642,3474,3.540954808926133
11,027,0001,0657,1102700010657,2849,3.45484486000851
11,027,0001,0661,1102700010661,3165,3.5005109105263372
11,027,0001,0695,1102700010695,5594,3.7478000908643687
11,027,0001,0708,1102700010708,6089,3.784617292632875
11,027,0001,0712,1102700010712,1676,3.2245330626060857
11,027,0001,0727,1102700010727,2700,3.431524584187451
11,027,0001,0731,1102700010731,1844,3.265996370495079
11,027,0001,0746,1102700010746,1242,3.094471128641645
11,027,0001,0750,1102700010750,3261,3.513483956704257
11,027,0001,0765,1102700010765,1976,3.2960066693136723
11,027,0001,077A,110270001077A,750,2.8756399370041685
11,027,0001,0799,1102700010799,1547,3.189770956346874
11,027,0001,0801,1102700010801,2423,3.3845326154942486
11,027,0001,0816,1102700010816,1373,3.137986732723532
11,027,0001,0820,1102700010820,4195,3.62283547952152
11,027,0001,0835,1102700010835,3967,3.598571663482141
11,027,0001,084A,110270001084A,2541,3.4051755462179893
11,027,0001,0854,1102700010854,5842,3.7666358863102674
11,027,0001,0869,1102700010869,3795,3.579326203755255
11,027,0001,0873,1102700010873,899,2.9542425094393248
11,027,0001,0888,1102700010888,1668,3.222456336679247
11,027,0001,0892,1102700010892,1462,3.1652443261253107
11,027,0001,0905,1102700010905,787,2.8965262174895554
11,027,0001,091A,110270001091A,367,2.5658478186735176
11,027,0001,0924,1102700010924,2559,3.4082399653118496
11,027,0001,0943,1102700010943,2048,3.311541958401195
11,027,0001,0958,1102700010958,2337,3.3688445068258215
11,027,0001,0977,1102700010977,509,2.7075701760979363
11,027,0001,102A,110270001102A,1582,3.199480914862356
11,027,0001,1034,1102700011034,1297,3.1132746924643504
11,027,0001,1049,1102700011049,166,2.2227164711475833
11,027,0001,1053,1102700011053,3159,3.499687082618404
11,027,0001,1068,1102700011068,2348,3.370883016777606
11,027,0001,1072,1102700011072,452,2.656098202012832
11,027,0001,1087,1102700011087,92,1.968482948553935
11,027,0001,1091,1102700011091,675,2.829946695941636
11,027,0001,1104,1102700011104,69,1.845098040014257
11,027,0001,1119,1102700011119,130,2.1172712956557644
11,027,0001,1142,1102700011142,558,2.747411807886423
11,027,0001,1157,1102700011157,39,1.6020599913279623
11,027,0001,1161,1102700011161,17,1.255272505103306
11,027,0001,1176,1102700011176,30,1.4913616938342726
11,027,0001,1195,1102700011195,1782,3.2511513431753545
11,027,0001,1208,1102700011208,0,0.0
11,027,0001,1212,1102700011212,45,1.662757831681574
11,027,0001,1231,1102700011231,35,1.5563025007672873
11,027,0001,1246,1102700011246,54,1.7403626894942439
11,027,0001,1250,1102700011250,12,1.1139433523068367
11,027,0001,1265,1102700011265,32,1.5185139398778875
11,027,0001,127A,110270001127A,0,0.0
11,027,0001,1284,1102700011284,712,2.8530895298518657
11,027,0001,1335,1102700011335,888,2.9489017609702137
11,027,0001,1373,1102700011373,1794,3.254064452914338
11,027,0001,1388,1102700011388,20,1.3222192947339193
11,027,0001,1392,1102700011392,289,2.462397997898956
11,027,0001,1439,1102700011439,6,0.8450980400142568
11,027,0001,1443,1102700011443,281,2.450249108319361
11,027,0001,1458,1102700011458,963,2.984077033902831
11,027,0001,1462,1102700011462,145,2.164352855784437
11,027,0001,1477,1102700011477,377,2.5774917998372255
11,027,0001,1481,1102700011481,6,0.8450980400142568
11,027,0001,1496,1102700011496,13,1.146128035678238
11,027,0001,1509,1102700011509,174,2.2430380486862944
11,027,0001,1513,1102700011513,103,2.0170333392987803
11,027,0001,1528,1102700011528,7,0.9030899869919435
11,027,0001,1532,1102700011532,56,1.7558748556724915
11,027,0001,1547,1102700011547,40,1.6127838567197355
11,027,0001,1551,1102700011551,5,0.7781512503836436
11,027,0001,1570,1102700011570,278,2.4456042032735974
11,027,0001,1585,1102700011585,321,2.507855871695831
11,027,0001,159A,110270001159A,2,0.47712125471966244
11,027,0001,1602,1102700011602,0,0.0
11,027,0001,1617,1102700011617,46,1.6720978579357175
11,027,0001,1621,1102700011621,27,1.4471580313422192
11,027,0001,1636,1102700011636,0,0.0
11,027,0001,1640,1102700011640,15,1.2041199826559248
11,027,0001,1744,1102700011744,0,0.0
11,027,0001,1759,1102700011759,0,0.0
11,027,0001,1763,1102700011763,1531,3.185258765296585
11,027,0001,1778,1102700011778,0,0.0
11,027,0001,1833,1102700011833,5,0.7781512503836436
11,027,0043,0290,1102700430290,2942,3.468790262099611
11,027,0046,1000,1102700461000,3699,3.568201724066995
11,027,0046,1015,1102700461015,1635,3.2137832993353044
11,027,0046,1123,1102700461123,10,1.0413926851582251
11,027,0046,1138,1102700461138,30,1.4913616938342726
11,027,0046,1320,1102700461320,27,1.4471580313422192
11,027,0046,1354,1102700461354,0,0.0
11,027,0046,1369,1102700461369,10,1.0413926851582251
11,027,0046,1405,1102700461405,41,1.6232492903979006
11,027,0046,141A,110270046141A,13,1.146128035678238
11,027,0087,052A,110270087052A,4423,3.645815118296642
11,027,0087,1829,1102700871829,0,0.0
11,027,0089,0159,1102700890159,1022,3.00987563371216
11,027,0089,0252,1102700890252,1562,3.193958978019187
11,027,0110,0996,1102701100996,3364,3.5269850685599957
11,027,0110,1782,1102701101782,32,1.5185139398778875
11,027,0110,1797,1102701101797,9,1.0
11,027,0110,180A,110270110180A,2,0.47712125471966244
11,027,0110,1814,1102701101814,9,1.0
11,027,0133,0021,1102701330021,2500,3.3981136917305026
11,027,0135,0676,1102701350676,1002,3.0013009330204183
11,027,0135,0680,1102701350680,69,1.845098040014257
11,027,0135,1424,1102701351424,21,1.3424226808222062
11,027,0135,1655,1102701351655,20,1.3222192947339193
11,027,0161,0360,1102701610360,2142,3.3310221710418286
11,027,0161,0375,1102701610375,1043,3.0187004986662433
11,027,0161,038A,110270161038A,5497,3.7402047355074495
11,027,0161,0394,1102701610394,3986,3.6006462356623943
11,027,0161,1693,1102701611693,73,1.8692317197309762
11,027,0161,1706,1102701611706,2,0.47712125471966244
11,027,0161,1710,1102701611710,0,0.0
11,027,0161,1725,1102701611725,229,2.361727836017593
11,027,0161,173A,110270161173A,14,1.1760912590556813
11,027,0581,0498,1102705810498,1878,3.2739267801005254
11,027,0581,0500,1102705810500,1428,3.1550322287909704
11,027,0594,1848,1102705941848,2720,3.4347285417797577
11,027,0606,0303,1102706060303,2525,3.402433346219312
11,027,0606,0341,1102706060341,2466,3.392169149489736
11,027,0606,0356,1102706060356,2073,3.316808752053022
11,028,0001,0103,1102800010103,1194,3.0773679052841563
11,028,0001,0122,1102800010122,2412,3.3825573219087857
11,028,0001,0137,1102800010137,2321,3.365862215402555
11,028,0001,0141,1102800010141,4080,3.610766594773271
11,028,0001,0226,1102800010226,1794,3.254064452914338
11,028,0001,0230,1102800010230,1790,3.2530955858490316
11,028,0001,0368,1102800010368,3585,3.554610285226164
11,028,0001,0387,1102800010387,1984,3.297760511099134
11,028,0001,0391,1102800010391,2190,3.3406423775607053
11,028,0001,0419,1102800010419,2460,3.3911116137028023
11,028,0001,0423,1102800010423,447,2.651278013998144
11,028,0001,0495,1102800010495,1489,3.173186268412274
11,028,0001,0508,1102800010508,3183,3.5029730590656314
11,028,0001,0512,1102800010512,1577,3.1981069988734014
11,028,0001,0527,1102800010527,956,2.9809119377768436
11,028,0001,0531,1102800010531,795,2.900913067737669
11,028,0001,0565,1102800010565,9,1.0
11,028,0001,057A,110280001057A,151,2.1818435879447726
11,028,0001,0584,1102800010584,193,2.287801729930226
11,028,0001,0599,1102800010599,131,2.12057393120585
11,028,0001,0601,1102800010601,322,2.509202522331103
11,028,0001,0669,1102800010669,34,1.5440680443502757
11,028,0001,0673,1102800010673,16,1.2304489213782739
11,028,0001,0688,1102800010688,0,0.0
11,028,0001,0758,1102800010758,106,2.0293837776852097
11,028,0001,0777,1102800010777,95,1.9822712330395684
11,028,0001,0781,1102800010781,136,2.1367205671564067
11,028,0001,0796,1102800010796,139,2.146128035678238
11,028,0001,0809,1102800010809,107,2.03342375548695
11,028,0001,0813,1102800010813,11,1.0791812460476249
11,028,0001,0828,1102800010828,16,1.2304489213782739
11,028,0001,0832,1102800010832,72,1.863322860120456
11,028,0001,0851,1102800010851,0,0.0
11,028,0001,0866,1102800010866,0,0.0
11,028,0001,0955,1102800010955,8,0.9542425094393249
11,028,0001,0993,1102800010993,35,1.5563025007672873
11,028,0001,1008,1102800011008,75,1.8808135922807914
11,028,0001,1012,1102800011012,76,1.8864907251724818
11,028,0001,1031,1102800011031,96,1.9867717342662448
11,028,0001,1046,1102800011046,15,1.2041199826559248
11,028,0001,1065,1102800011065,5,0.7781512503836436
11,028,0001,107A,110280001107A,0,0.0
11,028,0001,1099,1102800011099,27,1.4471580313422192
11,028,0001,1135,1102800011135,9,1.0
11,028,0001,1169,1102800011169,0,0.0
11,028,0001,1262,1102800011262,3,0.6020599913279624
11,028,0001,1277,1102800011277,137,2.1398790864012365
11,028,0001,1281,1102800011281,763,2.8830933585756897
11,028,0001,1296,1102800011296,6,0.8450980400142568
11,028,0001,1347,1102800011347,52,1.724275869600789
11,028,0001,1351,1102800011351,17,1.255272505103306
11,028,0001,1370,1102800011370,24,1.3979400086720377
11,028,0001,1385,1102800011385,0,0.0
11,028,0001,1402,1102800011402,9,1.0
11,028,0001,1417,1102800011417,6,0.8450980400142568
11,028,0001,1421,1102800011421,19,1.3010299956639813
11,028,0001,1436,1102800011436,0,0.0
11,028,0001,1440,1102800011440,7,0.9030899869919435
11,028,0001,1455,1102800011455,50,1.7075701760979363
11,028,0001,1578,1102800011578,68,1.8388490907372552
11,028,0001,1690,1102800011690,2,0.47712125471966244
11,028,0001,1703,1102800011703,11,1.0791812460476249
11,028,0001,1718,1102800011718,18,1.2787536009528289
11,028,0001,1722,1102800011722,5,0.7781512503836436
11,028,0001,1737,1102800011737,5,0.7781512503836436
11,028,0001,1741,1102800011741,7,0.9030899869919435
11,028,0001,1756,1102800011756,37,1.5797835966168101
11,028,0001,1760,1102800011760,0,0.0
11,028,0001,1775,1102800011775,7,0.9030899869919435
11,028,0001,1794,1102800011794,4,0.6989700043360189
11,028,0001,1807,1102800011807,0,0.0
11,028,0001,1811,1102800011811,2,0.47712125471966244
11,028,0001,1826,1102800011826,1,0.3010299956639812
11,028,0013,0052,1102800130052,1494,3.1746411926604483
11,028,0013,0404,1102800130404,271,2.4345689040341987
11,028,0013,0870,1102800130870,46,1.6720978579357175
11,028,0013,0885,1102800130885,26,1.4313637641589874
11,028,0013,1116,1102800131116,20,1.3222192947339193
11,028,0013,1582,1102800131582,10,1.0413926851582251
11,028,0013,1830,1102800131830,1,0.3010299956639812
11,028,0031,0438,1102800310438,1799,3.255272505103306
11,028,0031,0442,1102800310442,1317,3.119915410257991
11,028,0031,0654,1102800310654,187,2.27415784926368
11,028,0031,0762,1102800310762,5,0.7781512503836436
11,028,0031,096A,110280031096A,0,0.0
11,028,0031,1120,1102800311120,0,0.0
11,028,0031,1224,1102800311224,0,0.0
11,028,0031,146A,110280031146A,0,0.0
11,028,0031,1845,1102800311845,0,0.0
11,028,0048,0283,1102800480283,1769,3.247973266361807
11,028,0048,0476,1102800480476,1060,3.025715383901341
11,028,0048,0480,1102800480480,956,2.9809119377768436
11,028,0048,0616,1102800480616,67,1.8325089127062364
11,028,0048,0724,1102800480724,130,2.1172712956557644
11,028,0048,089A,110280048089A,32,1.5185139398778875
11,028,0048,0902,1102800480902,9,1.0
11,028,0048,1027,1102800481027,0,0.0
11,028,0048,1173,1102800481173,7,0.9030899869919435
11,028,0048,1188,1102800481188,0,0.0
11,028,0048,1474,1102800481474,23,1.380211241711606
11,028,0048,1489,1102800481489,8,0.9542425094393249
11,028,0048,1493,1102800481493,12,1.1139433523068367
11,028,0048,1597,1102800481597,0,0.0
11,028,0048,160A,110280048160A,2,0.47712125471966244
11,028,0058,0300,1102800580300,986,2.9943171526696366
11,028,0058,0315,1102800580315,1987,3.2984163800612945
11,028,0058,032A,110280058032A,1938,3.2875778090787056
11,028,0058,0334,1102800580334,1752,3.243781916093795
11,028,0058,1506,1102800581506,25,1.414973347970818
11,028,0058,1510,1102800581510,0,0.0
11,028,0058,1525,1102800581525,6,0.8450980400142568
11,028,0058,1633,1102800581633,21,1.3424226808222062
11,028,0058,1648,1102800581648,31,1.505149978319906
11,028,0058,1652,1102800581652,0,0.0
11,028,0058,1667,1102800581667,7,0.9030899869919435
11,028,0058,1671,1102800581671,0,0.0
11,028,0060,0194,1102800600194,3461,3.539327063539375
11,028,0060,0705,1102800600705,369,2.568201724066995
11,028,0060,071A,110280060071A,5,0.7781512503836436
11,028,0060,0917,1102800600917,27,1.4471580313422192
11,028,0060,0921,1102800600921,131,2.12057393120585
11,028,0060,0989,1102800600989,35,1.5563025007672873
11,028,0060,1050,1102800601050,302,2.481442628502305
11,028,0060,114A,110280060114A,9,1.0
11,028,0060,1154,1102800601154,13,1.146128035678238
11,028,0060,1258,1102800601258,18,1.2787536009528289
11,028,0060,1332,1102800601332,25,1.414973347970818
11,028,0060,153A,110280060153A,0,0.0
11,028,0060,1544,1102800601544,41,1.6232492903979006
11,028,0060,1686,1102800601686,4,0.6989700043360189
11,028,0064,0349,1102800640349,3144,3.497620649781288
11,028,0064,0353,1102800640353,5397,3.732232880220498
11,028,0064,0546,1102800640546,89,1.954242509439325
11,028,0064,0550,1102800640550,0,0.0
11,028,0064,0620,1102800640620,58,1.7708520116421442
11,028,0064,0635,1102800640635,60,1.7853298350107671
11,028,0064,064A,110280064064A,200,2.303196057420489
11,028,0064,0739,1102800640739,205,2.3138672203691533
11,028,0064,0743,1102800640743,3,0.6020599913279624
11,028,0064,0936,1102800640936,7,0.9030899869919435
11,028,0064,0940,1102800640940,7,0.9030899869919435
11,028,0064,1101,1102800641101,81,1.9138138523837167
11,028,0064,1192,1102800641192,15,1.2041199826559248
11,028,0064,1205,1102800641205,1,0.3010299956639812
11,028,0064,121A,110280064121A,13,1.146128035678238
11,028,0064,1309,1102800641309,0,0.0
11,028,0064,1313,1102800641313,14,1.1760912590556813
11,028,0064,1328,1102800641328,40,1.6127838567197355
11,028,0064,139A,110280064139A,15,1.2041199826559248
11,028,0064,1559,1102800641559,7,0.9030899869919435
11,028,0064,1563,1102800641563,0,0.0
11,028,0064,1614,1102800641614,0,0.0
11,028,0064,1629,1102800641629,0,0.0
11,028,0064,178A,110280064178A,0,0.0
11,028,0064,1864,1102800641864,4,0.6989700043360189
11,028,0064,1879,1102800641879,6,0.8450980400142568
11,028,0064,1883,1102800641883,1,0.3010299956639812
11,028,0064,1898,1102800641898,0,0.0
11,028,0064,1900,1102800641900,16,1.2304489213782739
11,029,0001,012A,110290001012A,4054,3.6079908585471747
11,029,0001,0134,1102900010134,2711,3.433289685195026
11,029,0001,0149,1102900010149,396,2.598790506763115
11,029,0001,0153,1102900010153,209,2.322219294733919
11,029,0001,0168,1102900010168,0,0.0
11,029,0001,0172,1102900010172,24,1.3979400086720377
11,029,0001,0187,1102900010187,154,2.1903316981702914
11,029,0001,0191,1102900010191,28,1.462397997898956
11,029,0001,0204,1102900010204,106,2.0293837776852097
11,029,0001,0219,1102900010219,8,0.9542425094393249
11,029,0001,0223,1102900010223,56,1.7558748556724915
11,029,0001,0242,1102900010242,30,1.4913616938342726
11,029,0001,0257,1102900010257,12,1.1139433523068367
11,029,0001,0261,1102900010261,116,2.0681858617461617
11,029,0001,0276,1102900010276,15,1.2041199826559248
11,029,0001,0280,1102900010280,0,0.0
11,029,0001,0295,1102900010295,13,1.146128035678238
11,029,0001,0308,1102900010308,7,0.9030899869919435
11,029,0001,0327,1102900010327,7,0.9030899869919435
11,029,0103,0238,1102901030238,3236,3.5101426994025733
11,029,0103,0312,1102901030312,11,1.0791812460476249
11,030,0001,0169,1103000010169,4191,3.6224212739756703
11,030,0001,0173,1103000010173,3623,3.5591881890047756
11,030,0001,0347,1103000010347,3410,3.5328817194073974
11,030,0001,0366,1103000010366,2693,3.4303975913869666
11,030,0001,0370,1103000010370,2650,3.4234097277330933
11,030,0001,0385,1103000010385,1056,3.024074987307426
11,030,0001,0417,1103000010417,2701,3.4316853446860116
11,030,0001,0421,1103000010421,1238,3.0930713063760633
11,030,0001,0436,1103000010436,559,2.7481880270062002
11,030,0001,0440,1103000010440,838,2.9237619608287004
11,030,0001,0506,1103000010506,2948,3.469674772551798
11,030,0001,0510,1103000010510,3139,3.496929648073215
11,030,0001,0525,1103000010525,306,2.4871383754771865
11,030,0001,053A,110300001053A,31,1.505149978319906
11,030,0001,0544,1103000010544,14,1.1760912590556813
11,030,0001,0597,1103000010597,0,0.0
11,030,0001,060A,110300001060A,177,2.250420002308894
11,030,0001,0629,1103000010629,49,1.6989700043360187
11,030,0001,0633,1103000010633,15,1.2041199826559248
11,030,0001,0648,1103000010648,422,2.6263403673750423
11,030,0001,0652,1103000010652,1279,3.1072099696478683
11,030,0001,0667,1103000010667,61,1.792391689498254
11,030,0001,0671,1103000010671,6,0.8450980400142568
11,030,0001,0737,1103000010737,29,1.4771212547196624
11,030,0001,0741,1103000010741,221,2.346352974450639
11,030,0001,0794,1103000010794,0,0.0
11,030,0001,0807,1103000010807,143,2.1583624920952498
11,030,0001,0811,1103000010811,69,1.845098040014257
11,030,0001,0864,1103000010864,0,0.0
11,030,0001,0879,1103000010879,25,1.414973347970818
11,030,0001,0883,1103000010883,7,0.9030899869919435
11,030,0001,0898,1103000010898,4,0.6989700043360189
11,030,0001,0900,1103000010900,0,0.0
11,030,0001,0915,1103000010915,0,0.0
11,030,0001,092A,110300001092A,5,0.7781512503836436
11,030,0001,0934,1103000010934,144,2.161368002234975
11,030,0001,0949,1103000010949,6,0.8450980400142568
11,030,0001,0953,1103000010953,0,0.0
11,030,0001,0968,1103000010968,2,0.47712125471966244
11,030,0001,0972,1103000010972,0,0.0
11,030,0001,0987,1103000010987,15,1.2041199826559248
11,030,0001,0991,1103000010991,8,0.9542425094393249
11,030,0001,1006,1103000011006,0,0.0
11,030,0001,1044,1103000011044,0,0.0
11,030,0001,1059,1103000011059,26,1.4313637641589874
11,030,0001,1063,1103000011063,4,0.6989700043360189
11,030,0001,1078,1103000011078,14,1.1760912590556813
11,030,0001,1097,1103000011097,3,0.6020599913279624
11,030,0001,110A,110300001110A,101,2.0086001717619175
11,030,0001,1114,1103000011114,18,1.2787536009528289
11,030,0001,1133,1103000011133,0,0.0
11,030,0001,1148,1103000011148,0,0.0
11,030,0001,1152,1103000011152,4,0.6989700043360189
11,030,0001,1167,1103000011167,149,2.1760912590556813
11,030,0001,1171,1103000011171,0,0.0
11,030,0001,1186,1103000011186,52,1.724275869600789
11,030,0001,1190,1103000011190,9,1.0
11,030,0001,1203,1103000011203,7,0.9030899869919435
11,030,0001,1241,1103000011241,360,2.5575072019056577
11,030,0110,1010,1103001101010,1591,3.20194306340165
11,030,0110,1025,1103001101025,1605,3.205745540942662
11,030,0110,1218,1103001101218,39,1.6020599913279623
11,030,0120,0578,1103001200578,2336,3.368658712392227
11,030,0120,0582,1103001200582,1259,3.100370545117563
11,030,0120,0614,1103001200614,57,1.7634279935629373
11,030,0120,0703,1103001200703,341,2.534026106056135
11,030,0120,0718,1103001200718,19,1.3010299956639813
11,030,0120,0722,1103001200722,30,1.4913616938342726
11,030,0120,0756,1103001200756,114,2.060697840353612
11,030,0120,0826,1103001200826,142,2.155336037465062
11,030,0120,103A,110300120103A,42,1.6334684555795864
11,030,0211,0474,1103002110474,1998,3.300812794118117
11,030,0211,0489,1103002110489,1829,3.2624510897304293
11,030,0211,0493,1103002110493,3148,3.498172660636544
11,030,0211,0686,1103002110686,23,1.380211241711606
11,030,0211,0690,1103002110690,8,0.9542425094393249
11,030,0211,0760,1103002110760,12,1.1139433523068367
11,030,0211,0775,1103002110775,3,0.6020599913279624
11,030,0211,078A,110300211078A,0,0.0
11,030,0211,0830,1103002110830,27,1.4471580313422192
11,030,0211,0845,1103002110845,28,1.462397997898956
11,030,0211,085A,110300211085A,38,1.591064607026499
11,030,0211,1082,1103002111082,19,1.3010299956639813
11,030,0211,1222,1103002111222,0,0.0
11,030,0211,1237,1103002111237,0,0.0
11,031,0001,0024,1103100010024,2453,3.3898745583909853
11,031,0001,0039,1103100010039,4868,3.6874397745458944
11,031,0001,0043,1103100010043,4201,3.623456048069934
11,031,0001,0058,1103100010058,3947,3.596377143997599
11,031,0001,0062,1103100010062,4241,3.627570664180543
11,031,0001,0113,1103100010113,5732,3.758381941774675
11,031,0001,0147,1103100010147,2614,3.417471693203293
11,031,0001,0151,1103100010151,3038,3.482730700079943
11,031,0001,0185,1103100010185,2717,3.4342494523964757
11,031,0001,019A,110310001019A,5645,3.7517408738109004
11,031,0001,0202,1103100010202,2608,3.4164740791002206
11,031,0001,0217,1103100010217,496,2.696356388733332
11,031,0001,0221,1103100010221,649,2.8129133566428557
11,031,0001,0236,1103100010236,7519,3.876217840591642
11,031,0001,0240,1103100010240,3343,3.524266268766979
11,031,0001,0255,1103100010255,1583,3.1997551772534747
11,031,0001,026A,110310001026A,8666,3.9378687965638592
11,031,0001,0289,1103100010289,2544,3.4056877866727775
11,031,0001,0293,1103100010293,2821,3.450557009418329
11,031,0001,0306,1103100010306,917,2.9628426812012423
11,031,0001,0310,1103100010310,888,2.9489017609702137
11,031,0001,0325,1103100010325,641,2.807535028068853
11,031,0001,033A,110310001033A,244,2.3891660843645326
11,031,0001,0344,1103100010344,755,2.8785217955012063
11,031,0001,0359,1103100010359,84,1.9294189257142926
11,031,0001,0363,1103100010363,264,2.423245873936808
11,031,0001,0378,1103100010378,257,2.41161970596323
11,031,0001,0382,1103100010382,647,2.8115750058705933
11,031,0001,0397,1103100010397,399,2.6020599913279625
11,031,0001,040A,110310001040A,2265,3.3552599055273786
11,031,0001,0414,1103100010414,132,2.123851640967086
11,031,0001,0429,1103100010429,28,1.462397997898956
11,031,0001,0433,1103100010433,52,1.724275869600789
11,031,0001,0448,1103100010448,495,2.6954816764901977
11,031,0001,0452,1103100010452,126,2.103803720955957
11,031,0001,0467,1103100010467,203,2.3096301674258988
11,031,0001,0471,1103100010471,1581,3.1992064791616577
11,031,0001,0486,1103100010486,0,0.0
11,031,0001,0490,1103100010490,8,0.9542425094393249
11,031,0001,0503,1103100010503,47,1.6812412373755872
11,031,0001,0518,1103100010518,50,1.7075701760979363
11,031,0001,0522,1103100010522,3,0.6020599913279624
11,031,0001,0537,1103100010537,1,0.3010299956639812
11,031,0032,0132,1103100320132,1923,3.284205067701794
11,031,0032,0541,1103100320541,1432,3.1562461903973444
11,031,0061,0556,1103100610556,3579,3.5538830266438746
11,031,0065,0560,1103100650560,1495,3.1749315935284423
11,031,0065,0575,1103100650575,1125,3.0515383905153275
11,032,0001,0036,1103200010036,2857,3.4560622244549513
11,032,0001,0089,1103200010089,3392,3.530583859645118
11,032,0001,0106,1103200010106,2029,3.307496037913213
11,032,0001,0125,1103200010125,2151,3.3328422669943514
11,032,0001,013A,110320001013A,2520,3.401572845676446
11,032,0001,0144,1103200010144,2480,3.394626764272209
11,032,0001,0159,1103200010159,1530,3.184975190698261
11,032,0001,0163,1103200010163,1242,3.094471128641645
11,032,0001,0178,1103200010178,41,1.6232492903979006
11,032,0001,0182,1103200010182,338,2.530199698203082
11,032,0001,0197,1103200010197,391,2.593286067020457
11,032,0001,020A,110320001020A,66,1.8260748027008264
11,032,0001,0214,1103200010214,14,1.1760912590556813
11,032,0001,0229,1103200010229,16,1.2304489213782739
11,032,0001,0233,1103200010233,567,2.754348335711019
11,032,0001,0248,1103200010248,319,2.505149978319906
11,032,0001,0267,1103200010267,171,2.2355284469075487
11,032,0001,0271,1103200010271,2024,3.3064250275506875
11,032,0001,0286,1103200010286,77,1.8920946026904804
11,032,0001,0290,1103200010290,4,0.6989700043360189
11,032,0001,0303,1103200010303,8,0.9542425094393249
11,032,0001,0318,1103200010318,1731,3.2385478876813276
11,032,0001,0322,1103200010322,451,2.655138434811382
11,032,0001,0337,1103200010337,38,1.591064607026499
11,032,0001,0341,1103200010341,167,2.225309281725863
11,032,0001,0356,1103200010356,117,2.0718820073061255
11,032,0001,0360,1103200010360,105,2.0253058652647704
11,032,0001,0375,1103200010375,37,1.5797835966168101
11,032,0001,038A,110320001038A,250,2.399673721481038
11,032,0001,0394,1103200010394,177,2.250420002308894
11,032,0001,0407,1103200010407,1330,3.124178055474675
11,032,0001,0411,1103200010411,87,1.9444826721501687
11,032,0001,0426,1103200010426,172,2.2380461031287955
11,032,0001,0430,1103200010430,4,0.6989700043360189
11,032,0001,0445,1103200010445,14,1.1760912590556813
11,032,0001,045A,110320001045A,217,2.3384564936046046
11,032,0001,0464,1103200010464,39,1.6020599913279623
11,032,0001,0479,1103200010479,32,1.5185139398778875
11,032,0001,0500,1103200010500,381,2.582063362911709
11,032,0001,0515,1103200010515,0,0.0
11,032,0001,052A,110320001052A,5,0.7781512503836436
11,032,0001,0534,1103200010534,2,0.47712125471966244
11,032,0015,0483,1103200150483,2016,3.3047058982127653
11,032,0015,0498,1103200150498,1611,3.2073650374690716
11,032,0015,0549,1103200150549,0,0.0
11,032,0015,0553,1103200150553,3,0.6020599913279624
11,032,0015,0568,1103200150568,19,1.3010299956639813
11,032,0326,0572,1103203260572,3214,3.5071809772602407
11,033,0001,0156,1103300010156,6582,3.8184238550920786
11,033,0001,0160,1103300010160,4082,3.610979379922997
11,033,0001,0245,1103300010245,3762,3.575534218319864
11,033,0001,0264,1103300010264,1787,3.2523675144598987
11,033,0001,0279,1103300010279,4206,3.6239725120169965
11,033,0001,0283,1103300010283,4938,3.693639026161548
11,033,0001,0298,1103300010298,3031,3.481729196960016
11,033,0001,0300,1103300010300,2642,3.4220971631317103
11,033,0001,032A,110330001032A,2971,3.4730488050885375
11,033,0001,0334,1103300010334,2116,3.325720858019412
11,033,0001,0349,1103300010349,190,2.2810333672477277
11,033,0001,0353,1103300010353,52,1.724275869600789
11,033,0001,0368,1103300010368,179,2.255272505103306
11,033,0001,0391,1103300010391,777,2.890979596989689
11,033,0001,0404,1103300010404,3417,3.533772058384718
11,033,0001,0419,1103300010419,1871,3.2723058444020863
11,033,0001,0423,1103300010423,327,2.515873843711679
11,033,0001,0438,1103300010438,95,1.9822712330395684
11,033,0001,0442,1103300010442,65,1.8195439355418688
11,033,0001,0457,1103300010457,66,1.8260748027008264
11,033,0001,0461,1103300010461,79,1.9030899869919435
11,033,0001,0480,1103300010480,70,1.8512583487190752
11,033,0001,0508,1103300010508,949,2.9777236052888476
11,033,0001,0512,1103300010512,219,2.342422680822206
11,033,0001,0527,1103300010527,29,1.4771212547196624
11,033,0001,0531,1103300010531,122,2.089905111439398
11,033,0001,0550,1103300010550,210,2.3242824552976926
11,033,0001,0565,1103300010565,634,2.8027737252919755
11,033,0001,057A,110330001057A,54,1.7403626894942439
11,033,0001,0599,1103300010599,812,2.910090545594068
11,033,0001,0601,1103300010601,23,1.380211241711606
11,033,0001,0616,1103300010616,149,2.1760912590556813
11,033,0001,0620,1103300010620,41,1.6232492903979006
11,033,0001,0635,1103300010635,408,2.611723308007342
11,033,0001,064A,110330001064A,119,2.0791812460476247
11,033,0001,0654,1103300010654,665,2.823474229170301
11,033,0001,0669,1103300010669,275,2.4409090820652177
11,033,0001,0688,1103300010688,195,2.292256071356476
11,033,0001,0692,1103300010692,247,2.3944516808262164
11,033,0001,0705,1103300010705,68,1.8388490907372552
11,033,0001,0724,1103300010724,184,2.2671717284030137
11,033,0001,0758,1103300010758,32,1.5185139398778875
11,033,0001,0762,1103300010762,3,0.6020599913279624
11,033,0001,0777,1103300010777,91,1.9637878273455553
11,033,0001,0781,1103300010781,36,1.568201724066995
11,033,0001,0832,1103300010832,37,1.5797835966168101
11,033,0001,0847,1103300010847,128,2.110589710299249
11,033,0001,0851,1103300010851,202,2.307496037913213
11,033,0001,0866,1103300010866,116,2.0681858617461617
11,033,0001,0870,1103300010870,111,2.0492180226701815
11,033,0001,0885,1103300010885,61,1.792391689498254
11,033,0001,089A,110330001089A,27,1.4471580313422192
11,033,0001,0902,1103300010902,25,1.414973347970818
11,033,0001,0917,1103300010917,61,1.792391689498254
11,033,0001,0921,1103300010921,13,1.146128035678238
11,033,0001,0936,1103300010936,12,1.1139433523068367
11,033,0001,0940,1103300010940,0,0.0
11,033,0001,0955,1103300010955,7,0.9030899869919435
11,033,0001,096A,110330001096A,6,0.8450980400142568
11,033,0001,0974,1103300010974,26,1.4313637641589874
11,033,0001,0989,1103300010989,70,1.8512583487190752
11,033,0001,0993,1103300010993,184,2.2671717284030137
11,033,0001,1008,1103300011008,74,1.8750612633917
11,033,0001,107A,110330001107A,1135,3.055378331375
11,033,0001,1084,1103300011084,9,1.0
11,033,0001,1099,1103300011099,19,1.3010299956639813
11,033,0001,1101,1103300011101,8,0.9542425094393249
11,033,0001,1116,1103300011116,12,1.1139433523068367
11,033,0001,1173,1103300011173,40,1.6127838567197355
11,033,0001,1188,1103300011188,20,1.3222192947339193
11,033,0001,1192,1103300011192,621,2.7937903846908188
11,033,0110,0387,1103301100387,8647,3.936915680945254
11,033,0110,0739,1103301100739,122,2.089905111439398
11,033,0110,0743,1103301100743,36,1.568201724066995
11,033,0110,0796,1103301100796,60,1.7853298350107671
11,033,0110,0809,1103301100809,44,1.6532125137753437
11,033,0110,0828,1103301100828,181,2.2600713879850747
11,033,0110,1012,1103301101012,30,1.4913616938342726
11,033,0110,1027,1103301101027,107,2.03342375548695
11,033,0110,1031,1103301101031,311,2.494154594018443
11,033,0110,1046,1103301101046,71,1.8573324964312685
11,033,0149,1050,1103301491050,1241,3.0941215958405612
11,033,0149,1065,1103301491065,1601,3.204662511748219
11,033,0149,1120,1103301491120,12,1.1139433523068367
11,033,0149,1135,1103301491135,0,0.0
11,033,0149,114A,110330149114A,0,0.0
11,033,0149,1154,1103301491154,0,0.0
11,033,0149,1169,1103301491169,2,0.47712125471966244
11,033,0149,1205,1103301491205,0,0.0
11,034,0001,0030,1103400010030,1418,3.151982395457474
11,034,0001,0045,1103400010045,73,1.8692317197309762
11,034,0001,005A,110340001005A,33,1.5314789170422551
11,034,0001,0064,1103400010064,92,1.968482948553935
11,034,0001,0079,1103400010079,65,1.8195439355418688
11,035,0001,0057,1103500010057,3691,3.5672616923538745
11,035,0001,0061,1103500010061,5477,3.7386220279179425
11,035,0001,0076,1103500010076,3071,3.4874212113594742
11,035,0001,0095,1103500010095,3790,3.5787537844264348
11,035,0001,0112,1103500010112,3541,3.549248556854056
11,035,0001,0127,1103500010127,2353,3.371806458507416
11,035,0001,0150,1103500010150,3480,3.5417040232842885
11,035,0001,017A,110350001017A,812,2.910090545594068
11,035,0001,0199,1103500010199,1123,3.0507663112330423
11,035,0001,0201,1103500010201,297,2.4742162640762553
11,035,0001,0216,1103500010216,724,2.8603380065709936
11,035,0001,0220,1103500010220,137,2.1398790864012365
11,035,0001,0235,1103500010235,12,1.1139433523068367
11,035,0001,024A,110350001024A,458,2.661812685537261
11,035,0001,0254,1103500010254,83,1.9242792860618816
11,035,0001,0269,1103500010269,0,0.0
11,035,0001,0273,1103500010273,92,1.968482948553935
11,035,0001,0292,1103500010292,282,2.45178643552429
11,035,0001,0305,1103500010305,440,2.6444385894678386
11,035,0001,031A,110350001031A,3957,3.5974757898703773
11,035,0001,0324,1103500010324,2525,3.402433346219312
11,035,0001,0339,1103500010339,636,2.8041394323353503
11,035,0001,0343,1103500010343,118,2.0755469613925306
11,035,0001,0358,1103500010358,83,1.9242792860618816
11,035,0001,0362,1103500010362,12,1.1139433523068367
11,035,0001,0377,1103500010377,55,1.7481880270062005
11,035,0001,0381,1103500010381,509,2.7075701760979363
11,035,0001,0396,1103500010396,23,1.380211241711606
11,035,0001,0409,1103500010409,424,2.6283889300503116
11,035,0001,0428,1103500010428,7,0.9030899869919435
11,035,0001,0432,1103500010432,282,2.45178643552429
11,035,0001,0447,1103500010447,46,1.6720978579357175
11,035,0001,0451,1103500010451,0,0.0
11,035,0001,049A,110350001049A,15,1.2041199826559248
11,035,0001,0502,1103500010502,12,1.1139433523068367
11,035,0001,0517,1103500010517,62,1.7993405494535817
11,035,0001,0521,1103500010521,21,1.3424226808222062
11,035,0001,0536,1103500010536,21,1.3424226808222062
11,035,0001,0574,1103500010574,521,2.717670503002262
11,035,0001,0589,1103500010589,1087,3.036628895362161
11,035,0001,0593,1103500010593,8,0.9542425094393249
11,035,0001,0606,1103500010606,186,2.271841606536499
11,035,0001,0610,1103500010610,367,2.5658478186735176
11,035,0001,0625,1103500010625,226,2.3560258571931225
11,035,0001,063A,110350001063A,15,1.2041199826559248
11,035,0001,0644,1103500010644,272,2.436162647040756
11,035,0001,0678,1103500010678,0,0.0
11,035,0001,0682,1103500010682,15,1.2041199826559248
11,035,0001,0697,1103500010697,45,1.662757831681574
11,035,0001,070A,110350001070A,8,0.9542425094393249
11,035,0001,0714,1103500010714,10,1.0413926851582251
11,035,0001,0729,1103500010729,0,0.0
11,035,0001,0767,1103500010767,0,0.0
11,035,0001,0771,1103500010771,30,1.4913616938342726
11,035,0001,0790,1103500010790,99,2.0
11,035,0001,0803,1103500010803,1560,3.1934029030624176
11,035,0001,0818,1103500010818,5,0.7781512503836436
11,035,0001,0875,1103500010875,873,2.941511432634403
11,035,0047,0748,1103500470748,3101,3.4916417934775863
11,035,0047,0822,1103500470822,11,1.0791812460476249
11,035,0047,0837,1103500470837,30,1.4913616938342726
11,035,0047,0856,1103500470856,25,1.414973347970818
11,035,0053,0752,1103500530752,2575,3.4109458586877746
11,035,0053,0907,1103500530907,11,1.0791812460476249
11,035,0075,0108,1103500750108,4227,3.6261349786353887
11,035,0075,0146,1103500750146,1868,3.271609301378832
11,035,0075,0466,1103500750466,273,2.437750562820388
11,035,0075,0470,1103500750470,36,1.568201724066995
11,035,0075,0485,1103500750485,71,1.8573324964312685
11,035,0075,056A,110350075056A,224,2.3521825181113627
11,035,0075,0733,1103500750733,133,2.1271047983648077
11,035,0075,0786,1103500750786,70,1.8512583487190752
11,035,0075,0860,1103500750860,117,2.0718820073061255
11,035,0075,088A,110350075088A,12,1.1139433523068367
11,035,0075,0894,1103500750894,21,1.3424226808222062
11,036,0001,0035,1103600010035,1758,3.245265839457461
11,036,0001,004A,110360001004A,1585,3.200303182981585
11,036,0001,0054,1103600010054,469,2.6720978579357175
11,036,0001,0069,1103600010069,80,1.9084850188786497
11,036,0001,0073,1103600010073,34,1.5440680443502757
11,036,0001,0088,1103600010088,4,0.6989700043360189
11,036,0001,0092,1103600010092,19,1.3010299956639813
11,036,0001,0105,1103600010105,0,0.0
11,036,0001,0124,1103600010124,10,1.0413926851582251
11,036,0001,0139,1103600010139,7,0.9030899869919435
11,037,0001,0047,1103700010047,2894,3.4616485680634552
11,037,0001,0051,1103700010051,3683,3.566319621524811
11,037,0001,0066,1103700010066,4052,3.607776603741693
11,037,0001,0070,1103700010070,3627,3.5596672783880576
11,037,0001,0085,1103700010085,3754,3.5746099413401873
11,037,0001,009A,110370001009A,2163,3.3352572564345317
11,037,0001,0102,1103700010102,4684,3.670709595223797
11,037,0001,0206,1103700010206,3908,3.5920656704322473
11,037,0001,0210,1103700010210,3436,3.536179532137225
11,037,0001,0225,1103700010225,3837,3.5841049703994527
11,037,0001,023A,110370001023A,2950,3.4699692094999595
11,037,0001,0263,1103700010263,4505,3.653791187387812
11,037,0001,0278,1103700010278,2218,3.346157302232008
11,037,0001,0282,1103700010282,6833,3.834674974462744
11,037,0001,0297,1103700010297,2689,3.429752280002408
11,037,0001,030A,110370001030A,2659,3.424881636631067
11,037,0001,0314,1103700010314,1904,3.279894980011638
11,037,0001,0329,1103700010329,318,2.503790683057181
11,037,0001,0333,1103700010333,4181,3.621384028481653
11,037,0001,0403,1103700010403,3262,3.513617073787875
11,037,0001,0418,1103700010418,2357,3.3725438007590705
11,037,0001,0422,1103700010422,1228,3.089551882886454
11,037,0001,0456,1103700010456,163,2.214843848047698
11,037,0001,0530,1103700010530,703,2.847572659142112
11,037,0001,0545,1103700010545,404,2.6074550232146687
11,037,0001,055A,110370001055A,90,1.9590413923210936
11,037,0001,0564,1103700010564,982,2.9925535178321354
11,037,0001,0579,1103700010579,1165,3.0666985504229953
11,037,0001,0583,1103700010583,46,1.6720978579357175
11,037,0001,0598,1103700010598,1429,3.155336037465062
11,037,0001,0600,1103700010600,0,0.0
11,037,0001,0615,1103700010615,422,2.6263403673750423
11,037,0001,062A,110370001062A,482,2.683947130751512
11,037,0001,0634,1103700010634,1515,3.1806992012960347
11,037,0001,0649,1103700010649,94,1.9777236052888478
11,037,0001,0653,1103700010653,1190,3.0759117614827773
11,037,0001,0691,1103700010691,820,2.9143431571194407
11,037,0001,0704,1103700010704,0,0.0
11,037,0001,0719,1103700010719,38,1.591064607026499
11,037,0001,0723,1103700010723,128,2.110589710299249
11,037,0001,0742,1103700010742,457,2.660865478003869
11,037,0001,0757,1103700010757,774,2.88930170250631
11,037,0001,0761,1103700010761,6,0.8450980400142568
11,037,0001,0795,1103700010795,46,1.6720978579357175
11,037,0001,0827,1103700010827,0,0.0
11,037,0001,087A,110370001087A,1039,3.0170333392987803
11,037,0001,0899,1103700010899,36,1.568201724066995
11,037,0001,1083,1103700011083,1,0.3010299956639812
11,037,0001,1100,1103700011100,180,2.2576785748691846
11,037,0004,0155,1103700040155,6568,3.8174992618677583
11,037,0004,0884,1103700040884,8,0.9542425094393249
11,037,0006,0244,1103700060244,1392,3.1439511164239633
11,037,0006,0259,1103700060259,1525,3.1835545336188615
11,037,0006,0371,1103700060371,72,1.863322860120456
11,037,0006,0386,1103700060386,155,2.1931245983544616
11,037,0006,0441,1103700060441,38,1.591064607026499
11,037,0006,0475,1103700060475,46,1.6720978579357175
11,037,0006,048A,110370006048A,42,1.6334684555795864
11,037,0006,0494,1103700060494,22,1.3617278360175928
11,037,0006,0507,1103700060507,6,0.8450980400142568
11,037,0006,0511,1103700060511,61,1.792391689498254
11,037,0006,0668,1103700060668,24,1.3979400086720377
11,037,0006,0776,1103700060776,8,0.9542425094393249
11,037,0006,0808,1103700060808,52,1.724275869600789
11,037,0006,0812,1103700060812,46,1.6720978579357175
11,037,0006,094A,110370006094A,14,1.1760912590556813
11,037,0006,0954,1103700060954,12,1.1139433523068367
11,037,0006,0969,1103700060969,22,1.3617278360175928
11,037,0006,0973,1103700060973,0,0.0
11,037,0006,0988,1103700060988,5,0.7781512503836436
11,037,0006,0992,1103700060992,10,1.0413926851582251
11,037,0006,1007,1103700061007,9,1.0
11,037,0006,1026,1103700061026,0,0.0
11,037,0019,0140,1103700190140,3395,3.530967681571915
11,037,0019,0460,1103700190460,395,2.597695185925512
11,037,0019,0526,1103700190526,629,2.7993405494535817
11,037,0019,0935,1103700190935,39,1.6020599913279623
11,037,0019,105A,110370019105A,5,0.7781512503836436
11,037,0022,0348,1103700220348,0,0.0
11,037,0022,0352,1103700220352,1926,3.284881714655453
11,037,0022,0367,1103700220367,1487,3.17260293120986
11,037,0022,1030,1103700221030,0,0.0
11,037,0022,1045,1103700221045,47,1.6812412373755872
11,037,0024,0672,1103700240672,3158,3.499549625905149
11,037,0024,1064,1103700241064,4,0.6989700043360189
11,037,0024,1079,1103700241079,0,0.0
11,037,0031,1115,1103700311115,2601,3.4153072922255676
11,037,0066,112A,110370066112A,2790,3.445759836488631
11,037,0091,0687,1103700910687,3305,3.519302849235429
11,037,0091,0901,1103700910901,14,1.1760912590556813
11,037,0091,0916,1103700910916,34,1.5440680443502757
11,037,0091,0920,1103700910920,12,1.1139433523068367
11,037,0191,0831,1103701910831,4270,3.630529571426824
11,037,0191,0846,1103701910846,4497,3.6530194510996132
11,037,0191,1098,1103701911098,322,2.509202522331103
11,037,0379,1134,1103703791134,1187,3.074816440645175
11,037,0379,1149,1103703791149,1408,3.1489109931093564
11,038,0001,0044,1103800010044,1690,3.2281436075977417
11,038,0001,0059,1103800010059,797,2.9020028913507296
11,038,0001,0063,1103800010063,1116,3.048053173115609
11,038,0001,0078,1103800010078,1600,3.2043913319193
11,038,0001,0097,1103800010097,444,2.6483600109809315
11,038,0001,0129,1103800010129,0,0.0
11,038,0001,0133,1103800010133,2,0.47712125471966244
11,038,0001,0148,1103800010148,2,0.47712125471966244
11,039,0001,0037,1103900010037,2015,3.3044905277734875
11,039,0001,0107,1103900010107,1959,3.292256071356476
11,039,0001,0130,1103900010130,1311,3.1179338350396413
11,039,0001,0145,1103900010145,1013,3.0060379549973173
11,039,0001,015A,110390001015A,2092,3.3207692283386865
11,039,0001,0164,1103900010164,2468,3.3925210899319325
11,039,0001,0179,1103900010179,76,1.8864907251724818
11,039,0001,0183,1103900010183,41,1.6232492903979006
11,039,0001,0198,1103900010198,214,2.3324384599156054
11,039,0001,0215,1103900010215,159,2.2041199826559246
11,039,0001,022A,110390001022A,16,1.2304489213782739
11,039,0001,0234,1103900010234,75,1.8808135922807914
11,039,0001,0253,1103900010253,8,0.9542425094393249
11,039,0001,0268,1103900010268,191,2.2833012287035497
11,039,0001,0272,1103900010272,8,0.9542425094393249
11,039,0001,0287,1103900010287,158,2.2013971243204513
11,039,0001,0291,1103900010291,39,1.6020599913279623
11,039,0001,0304,1103900010304,248,2.3961993470957363
11,039,0001,0319,1103900010319,174,2.2430380486862944
11,039,0001,0323,1103900010323,15,1.2041199826559248
11,039,0001,0342,1103900010342,23,1.380211241711606
11,039,0001,0357,1103900010357,23,1.380211241711606
11,039,0001,0361,1103900010361,29,1.4771212547196624
11,039,0001,0376,1103900010376,12,1.1139433523068367
11,039,0001,0395,1103900010395,44,1.6532125137753437
11,039,0001,0408,1103900010408,4,0.6989700043360189
11,039,0001,0412,1103900010412,5,0.7781512503836436
11,039,0001,0427,1103900010427,6,0.8450980400142568
11,039,0001,0431,1103900010431,0,0.0
11,039,0001,047A,110390001047A,0,0.0
11,039,0001,0501,1103900010501,0,0.0
11,039,0022,0111,1103900220111,2042,3.3102683666324477
11,039,0022,0126,1103900220126,2132,3.3289908554494287
11,039,0022,0338,1103900220338,34,1.5440680443502757
11,039,0022,0446,1103900220446,9,1.0
11,039,0022,0450,1103900220450,6,0.8450980400142568
11,039,0022,0465,1103900220465,18,1.2787536009528289
11,039,0022,0499,1103900220499,4,0.6989700043360189
11,040,0001,0076,1104000010076,1436,3.157456768134226
11,040,0001,0080,1104000010080,501,2.7007037171450192
11,040,0001,0095,1104000010095,157,2.1986570869544226
11,040,0001,0108,1104000010108,38,1.591064607026499
11,040,0001,0112,1104000010112,26,1.4313637641589874
11,040,0001,0127,1104000010127,164,2.2174839442139063
11,040,0001,0131,1104000010131,23,1.380211241711606
11,040,0001,0146,1104000010146,14,1.1760912590556813
11,040,0001,0150,1104000010150,0,0.0
11,040,0001,0165,1104000010165,25,1.414973347970818
11,040,0001,017A,110400001017A,44,1.6532125137753437
11,041,0001,0020,1104100010020,2308,3.3634239329171765
11,041,0001,0069,1104100010069,5108,3.7083359026822635
11,041,0001,0092,1104100010092,2962,3.471731651480051
11,041,0001,0105,1104100010105,5132,3.710371264260763
11,041,0001,011A,110410001011A,3696,3.5678494505731067
11,041,0001,0124,1104100010124,904,2.9566485792052033
11,041,0001,0139,1104100010139,2906,3.4634450317704277
11,041,0001,0143,1104100010143,3353,3.525563058270067
11,041,0001,0158,1104100010158,389,2.591064607026499
11,041,0001,0162,1104100010162,1889,3.2764618041732443
11,041,0001,0177,1104100010177,542,2.734799829588847
11,041,0001,0181,1104100010181,316,2.5010592622177517
11,041,0001,0196,1104100010196,2280,3.3581252852766488
11,041,0001,0209,1104100010209,2826,3.4513258084895195
11,041,0001,0213,1104100010213,2853,3.4554539687786283
11,041,0001,0228,1104100010228,2019,3.305351369446624
11,041,0001,0232,1104100010232,737,2.8680563618230415
11,041,0001,0247,1104100010247,732,2.8651039746411278
11,041,0001,0251,1104100010251,1586,3.2005769267548483
11,041,0001,0266,1104100010266,2719,3.4345689040341987
11,041,0001,029A,110410001029A,549,2.7403626894942437
11,041,0001,0302,1104100010302,319,2.505149978319906
11,041,0001,0317,1104100010317,228,2.359835482339888
11,041,0001,0321,1104100010321,710,2.851869600729766
11,041,0001,0340,1104100010340,530,2.725094521081469
11,041,0001,0355,1104100010355,753,2.877371345869774
11,041,0001,036A,110410001036A,48,1.6901960800285136
11,041,0001,0389,1104100010389,111,2.0492180226701815
11,041,0001,0393,1104100010393,67,1.8325089127062364
11,041,0001,0406,1104100010406,112,2.0530784434834195
11,041,0001,0410,1104100010410,464,2.667452952889954
11,041,0001,0425,1104100010425,11,1.0791812460476249
11,041,0001,043A,110410001043A,41,1.6232492903979006
11,041,0001,0444,1104100010444,12,1.1139433523068367
11,041,0001,0463,1104100010463,33,1.5314789170422551
11,041,0001,0482,1104100010482,103,2.0170333392987803
11,041,0001,0497,1104100010497,26,1.4313637641589874
11,041,0001,050A,110410001050A,16,1.2304489213782739
11,041,0001,0514,1104100010514,14,1.1760912590556813
11,041,0001,0529,1104100010529,12,1.1139433523068367
11,041,0001,0533,1104100010533,0,0.0
11,041,0001,0548,1104100010548,26,1.4313637641589874
11,041,0001,0552,1104100010552,148,2.173186268412274
11,041,0001,0567,1104100010567,718,2.8567288903828825
11,041,0001,0571,1104100010571,40,1.6127838567197355
11,041,0001,0586,1104100010586,60,1.7853298350107671
11,041,0001,0590,1104100010590,19,1.3010299956639813
11,041,0001,0603,1104100010603,669,2.8260748027008264
11,041,0001,0618,1104100010618,31,1.505149978319906
11,041,0001,0622,1104100010622,163,2.214843848047698
11,041,0001,0641,1104100010641,3,0.6020599913279624
11,041,0001,0656,1104100010656,27,1.4471580313422192
11,041,0001,0660,1104100010660,36,1.568201724066995
11,041,0001,068A,110410001068A,44,1.6532125137753437
11,041,0001,0694,1104100010694,8,0.9542425094393249
11,041,0001,0707,1104100010707,2,0.47712125471966244
11,041,0001,0711,1104100010711,23,1.380211241711606
11,041,0001,0726,1104100010726,315,2.499687082618404
11,041,0001,0730,1104100010730,67,1.8325089127062364
11,041,0001,0745,1104100010745,65,1.8195439355418688
11,041,0001,075A,110410001075A,16,1.2304489213782739
11,041,0001,0764,1104100010764,121,2.0863598306747484
11,041,0001,0783,1104100010783,9,1.0
11,041,0001,0798,1104100010798,28,1.462397997898956
11,041,0001,0800,1104100010800,8,0.9542425094393249
11,041,0001,0815,1104100010815,10,1.0413926851582251
11,041,0001,082A,110410001082A,0,0.0
11,041,0001,0834,1104100010834,2,0.47712125471966244
11,041,0001,0849,1104100010849,6,0.8450980400142568
11,041,0001,0853,1104100010853,4,0.6989700043360189
11,041,0001,0868,1104100010868,13,1.146128035678238
11,041,0001,0872,1104100010872,7,0.9030899869919435
11,041,0001,0887,1104100010887,0,0.0
11,041,0001,0891,1104100010891,10,1.0413926851582251
11,041,0001,0904,1104100010904,0,0.0
11,041,0001,0919,1104100010919,0,0.0
11,041,0001,0923,1104100010923,42,1.6334684555795864
11,042,0001,0051,1104200010051,6286,3.7984434603501875
11,042,0001,023A,110420001023A,2079,3.3180633349627615
11,042,0001,0259,1104200010259,2382,3.377124042346456
11,042,0001,0263,1104200010263,1565,3.1947917577219247
11,042,0001,0278,1104200010278,640,2.8068580295188172
11,042,0001,0282,1104200010282,2634,3.4207806195485655
11,042,0001,0297,1104200010297,3479,3.5415792439465807
11,042,0001,030A,110420001030A,4608,3.6636067081245205
11,042,0001,0314,1104200010314,4260,3.629511534200453
11,042,0001,0329,1104200010329,2217,3.3459615418131414
11,042,0001,0333,1104200010333,2313,3.3643633546157306
11,042,0001,0348,1104200010348,3242,3.5109469486729727
11,042,0001,0352,1104200010352,4169,3.6201360549737576
11,042,0001,0367,1104200010367,2900,3.4625477288026643
11,042,0001,0371,1104200010371,2207,3.3439990690571615
11,042,0001,0386,1104200010386,1849,3.2671717284030137
11,042,0001,0390,1104200010390,3580,3.554004321011903
11,042,0001,0403,1104200010403,2433,3.386320573894046
11,042,0001,0418,1104200010418,4542,3.657342736814626
11,042,0001,0422,1104200010422,2442,3.3879234669734366
11,042,0001,0437,1104200010437,2105,3.3234583668494677
11,042,0001,0460,1104200010460,155,2.1931245983544616
11,042,0001,0475,1104200010475,106,2.0293837776852097
11,042,0001,048A,110420001048A,32,1.5185139398778875
11,042,0001,0494,1104200010494,1845,3.266231696689893
11,042,0001,0507,1104200010507,291,2.4653828514484184
11,042,0001,0511,1104200010511,115,2.0644579892269186
11,042,0001,0526,1104200010526,300,2.4785664955938436
11,042,0001,0530,1104200010530,417,2.621176281775035
11,042,0001,055A,110420001055A,413,2.617000341120899
11,042,0001,0564,1104200010564,77,1.8920946026904804
11,042,0001,0579,1104200010579,273,2.437750562820388
11,042,0001,0583,1104200010583,76,1.8864907251724818
11,042,0001,0598,1104200010598,407,2.61066016308988
11,042,0001,0600,1104200010600,143,2.1583624920952498
11,042,0001,0615,1104200010615,20,1.3222192947339193
11,042,0001,062A,110420001062A,0,0.0
11,042,0001,0634,1104200010634,128,2.110589710299249
11,042,0001,0649,1104200010649,89,1.954242509439325
11,042,0001,0653,1104200010653,15,1.2041199826559248
11,042,0001,0668,1104200010668,1462,3.1652443261253107
11,042,0001,0672,1104200010672,18,1.2787536009528289
11,042,0001,0687,1104200010687,37,1.5797835966168101
11,042,0001,0691,1104200010691,60,1.7853298350107671
11,042,0001,0704,1104200010704,76,1.8864907251724818
11,042,0001,0719,1104200010719,93,1.9731278535996986
11,042,0001,0723,1104200010723,75,1.8808135922807914
11,042,0001,0742,1104200010742,41,1.6232492903979006
11,042,0001,0757,1104200010757,24,1.3979400086720377
11,042,0001,0761,1104200010761,75,1.8808135922807914
11,042,0001,0776,1104200010776,0,0.0
11,042,0001,0780,1104200010780,41,1.6232492903979006
11,042,0001,0795,1104200010795,0,0.0
11,042,0001,0808,1104200010808,336,2.5276299008713385
11,042,0001,0812,1104200010812,9,1.0
11,042,0001,0827,1104200010827,35,1.5563025007672873
11,042,0001,0846,1104200010846,15,1.2041199826559248
11,042,0001,0850,1104200010850,0,0.0
11,042,0001,0865,1104200010865,8,0.9542425094393249
11,042,0001,087A,110420001087A,141,2.1522883443830563
11,042,0001,0884,1104200010884,3,0.6020599913279624
11,042,0001,0899,1104200010899,35,1.5563025007672873
11,042,0001,0916,1104200010916,0,0.0
11,042,0001,0935,1104200010935,1869,3.271841606536499
11,042,0001,094A,110420001094A,1082,3.0346284566253203
11,042,0001,0973,1104200010973,3,0.6020599913279624
11,042,0001,1007,1104200011007,45,1.662757831681574
11,042,0001,1011,1104200011011,156,2.1958996524092336
11,042,0001,1030,1104200011030,14,1.1760912590556813
11,042,0001,1045,1104200011045,0,0.0
11,042,0001,105A,110420001105A,0,0.0
11,042,0001,1064,1104200011064,1,0.3010299956639812
11,042,0001,1079,1104200011079,0,0.0
11,042,0001,1083,1104200011083,9,1.0
11,042,0001,1098,1104200011098,6,0.8450980400142568
11,042,0001,1100,1104200011100,60,1.7853298350107671
11,042,0043,0545,1104200430545,1516,3.1809855807867304
11,042,0043,0988,1104200430988,0,0.0
11,042,0043,0992,1104200430992,0,0.0
11,042,0050,0441,1104200500441,596,2.775974331129369
11,042,0050,0456,1104200500456,919,2.963787827345555
11,042,0050,0738,1104200500738,24,1.3979400086720377
11,042,0050,0920,1104200500920,59,1.7781512503836436
11,042,0050,0954,1104200500954,0,0.0
11,042,0086,0901,1104200860901,2988,3.4755259150392805
11,042,0086,0969,1104200860969,27,1.4471580313422192
11,043,0001,0114,1104300010114,2842,3.4537768596904423
11,044,0001,0056,1104400010056,6048,3.7816835845073506
11,044,0001,0075,1104400010075,5333,3.727053011353857
11,044,0001,008A,110440001008A,770,2.8870543780509568
11,044,0001,0094,1104400010094,1598,3.2038484637462346
11,044,0001,015A,110440001015A,975,2.9894498176666917
11,044,0001,0164,1104400010164,1376,3.1389339402569236
11,044,0001,0179,1104400010179,87,1.9444826721501687
11,044,0001,0183,1104400010183,394,2.59659709562646
11,044,0001,0200,1104400010200,434,2.6384892569546374
11,044,0001,0215,1104400010215,3678,3.565729787831127
11,044,0001,022A,110440001022A,3470,3.540454613671412
11,044,0001,0234,1104400010234,445,2.649334858712142
11,044,0001,0249,1104400010249,178,2.2528530309798933
11,044,0001,0272,1104400010272,152,2.184691430817599
11,044,0001,0287,1104400010287,776,2.890421018800914
11,044,0001,0319,1104400010319,1091,3.0382226383687185
11,044,0001,0323,1104400010323,72,1.863322860120456
11,044,0001,0338,1104400010338,42,1.6334684555795864
11,044,0001,0342,1104400010342,1137,3.056142262059052
11,044,0001,0357,1104400010357,6,0.8450980400142568
11,044,0001,0376,1104400010376,4,0.6989700043360189
11,044,0001,0380,1104400010380,3,0.6020599913279624
11,044,0001,0395,1104400010395,1,0.3010299956639812
11,044,0001,0412,1104400010412,39,1.6020599913279623
11,044,0023,0060,1104400230060,6389,3.8055008581584002
11,044,0023,0253,1104400230253,9,1.0
11,044,0042,0304,1104400420304,2796,3.4466924663715273
11,044,0042,0361,1104400420361,17,1.255272505103306
11,044,0042,0408,1104400420408,23,1.380211241711606
11,044,0043,0107,1104400430107,2929,3.4668676203541096
11,044,0043,0111,1104400430111,2398,3.380030247967831
11,044,0043,0145,1104400430145,204,2.311753861055754
11,044,0043,0198,1104400430198,47,1.6812412373755872
11,044,0043,0291,1104400430291,4,0.6989700043360189
11,044,0261,0427,1104402610427,3681,3.5660837841679958
11,044,0268,0431,1104402680431,487,2.6884198220027105
11,044,0268,0446,1104402680446,560,2.7489628612561616
11,044,0268,0450,1104402680450,661,2.8208579894397
11,044,0268,0465,1104402680465,2720,3.4347285417797577
11,045,0001,0091,1104500010091,1607,3.2062860444124324
11,045,0001,0119,1104500010119,71,1.8573324964312685
11,045,0001,0138,1104500010138,6,0.8450980400142568
11,045,0001,0142,1104500010142,20,1.3222192947339193
11,045,0001,0157,1104500010157,8,0.9542425094393249
11,045,0001,0161,1104500010161,9,1.0
11,045,0001,0176,1104500010176,15,1.2041199826559248
11,045,0001,0180,1104500010180,0,0.0
11,045,0001,0195,1104500010195,2,0.47712125471966244
11,046,0001,0192,1104600010192,3537,3.5487578285737045
11,046,0001,0205,1104600010205,1749,3.2430380486862944
11,046,0001,021A,110460001021A,3336,3.5233562066547925
11,046,0001,0224,1104600010224,2132,3.3289908554494287
11,046,0001,0239,1104600010239,1353,3.1316186643491255
11,046,0001,0243,1104600010243,2924,3.466125870418199
11,046,0001,0258,1104600010258,3275,3.5153438930883807
11,046,0001,0262,1104600010262,1315,3.1192558892779365
11,046,0001,0296,1104600010296,2770,3.442636525782232
11,046,0001,0347,1104600010347,195,2.292256071356476
11,046,0001,0351,1104600010351,99,2.0
11,046,0001,0366,1104600010366,33,1.5314789170422551
11,046,0001,0370,1104600010370,48,1.6901960800285136
11,046,0001,0385,1104600010385,267,2.428134794028789
11,046,0001,039A,110460001039A,110,2.0453229787866576
11,046,0001,0402,1104600010402,257,2.41161970596323
11,046,0001,0417,1104600010417,137,2.1398790864012365
11,046,0001,0455,1104600010455,224,2.3521825181113627
11,046,0001,046A,110460001046A,3,0.6020599913279624
11,046,0001,0559,1104600010559,104,2.0211892990699383
11,046,0001,0578,1104600010578,13,1.146128035678238
11,046,0001,0582,1104600010582,133,2.1271047983648077
11,046,0001,0597,1104600010597,6,0.8450980400142568
11,046,0001,060A,110460001060A,95,1.9822712330395684
11,046,0001,0686,1104600010686,3,0.6020599913279624
11,046,0001,0690,1104600010690,552,2.7427251313046983
11,046,0001,0703,1104600010703,103,2.0170333392987803
11,046,0001,0718,1104600010718,32,1.5185139398778875
11,046,0001,0722,1104600010722,34,1.5440680443502757
11,046,0001,0737,1104600010737,89,1.954242509439325
11,046,0001,0741,1104600010741,109,2.041392685158225
11,046,0001,0756,1104600010756,2,0.47712125471966244
11,046,0001,0760,1104600010760,0,0.0
11,046,0001,0775,1104600010775,28,1.462397997898956
11,046,0001,0830,1104600010830,51,1.7160033436347992
11,046,0001,0845,1104600010845,104,2.0211892990699383
11,046,0001,085A,110460001085A,197,2.296665190261531
11,046,0001,0898,1104600010898,59,1.7781512503836436
11,046,0001,0900,1104600010900,70,1.8512583487190752
11,046,0001,0915,1104600010915,88,1.9493900066449128
11,046,0001,092A,110460001092A,0,0.0
11,046,0001,0934,1104600010934,47,1.6812412373755872
11,046,0001,0949,1104600010949,0,0.0
11,046,0001,0953,1104600010953,4,0.6989700043360189
11,046,0001,0968,1104600010968,57,1.7634279935629373
11,046,0001,1025,1104600011025,0,0.0
11,046,0001,1044,1104600011044,25,1.414973347970818
11,046,0001,1059,1104600011059,14,1.1760912590556813
11,046,0001,1063,1104600011063,42,1.6334684555795864
11,046,0001,1078,1104600011078,0,0.0
11,046,0001,1082,1104600011082,0,0.0
11,046,0001,1114,1104600011114,2,0.47712125471966244
11,046,0001,1171,1104600011171,0,0.0
11,046,0001,1186,1104600011186,4,0.6989700043360189
11,046,0001,1190,1104600011190,3,0.6020599913279624
11,046,0001,1203,1104600011203,3,0.6020599913279624
11,046,0001,1218,1104600011218,0,0.0
11,046,0001,1222,1104600011222,8,0.9542425094393249
11,046,0009,0440,1104600090440,1628,3.2119210843085093
11,046,0009,0563,1104600090563,76,1.8864907251724818
11,046,0009,078A,110460009078A,47,1.6812412373755872
11,046,0009,0972,1104600090972,0,0.0
11,046,0009,110A,110460009110A,0,0.0
11,046,0009,1237,1104600091237,16,1.2304489213782739
11,046,0009,1241,1104600091241,0,0.0
11,046,0012,014A,110460012014A,1184,3.0737183503461227
11,046,0012,0169,1104600120169,1361,3.1341771075767664
11,046,0012,0277,1104600120277,924,2.9661417327390325
11,046,0012,0281,1104600120281,867,2.938519725176492
11,046,0012,0309,1104600120309,67,1.8325089127062364
11,046,0012,0313,1104600120313,127,2.1072099696478683
11,046,0012,0328,1104600120328,49,1.6989700043360187
11,046,0012,0332,1104600120332,309,2.4913616938342726
11,046,0012,0474,1104600120474,13,1.146128035678238
11,046,0012,0489,1104600120489,0,0.0
11,046,0012,0493,1104600120493,63,1.806179973983887
11,046,0012,0506,1104600120506,61,1.792391689498254
11,046,0012,0510,1104600120510,228,2.359835482339888
11,046,0012,0525,1104600120525,14,1.1760912590556813
11,046,0012,0544,1104600120544,20,1.3222192947339193
11,046,0012,0629,1104600120629,4,0.6989700043360189
11,046,0012,0633,1104600120633,5,0.7781512503836436
11,046,0012,0648,1104600120648,52,1.724275869600789
11,046,0012,0652,1104600120652,22,1.3617278360175928
11,046,0012,0794,1104600120794,21,1.3424226808222062
11,046,0012,0807,1104600120807,1,0.3010299956639812
11,046,0012,0811,1104600120811,0,0.0
11,046,0012,0826,1104600120826,0,0.0
11,046,0012,0879,1104600120879,28,1.462397997898956
11,046,0012,0987,1104600120987,0,0.0
11,046,0012,1097,1104600121097,0,0.0
11,046,0012,1129,1104600121129,0,0.0
11,046,0012,1133,1104600121133,15,1.2041199826559248
11,046,0012,1148,1104600121148,0,0.0
11,046,0012,1152,1104600121152,0,0.0
11,046,0012,1167,1104600121167,0,0.0
11,046,0012,1256,1104600121256,0,0.0
11,046,0012,1260,1104600121260,0,0.0
11,046,0044,0027,1104600440027,2703,3.4320066872695985
11,046,0075,0173,1104600750173,792,2.8992731873176036
11,046,0075,0188,1104600750188,1221,3.0870712059065353
11,046,0075,0421,1104600750421,145,2.164352855784437
11,046,0075,0436,1104600750436,10,1.0413926851582251
11,046,0075,0614,1104600750614,0,0.0
11,046,0075,0883,1104600750883,9,1.0
11,046,0075,1006,1104600751006,0,0.0
11,046,0075,1010,1104600751010,7,0.9030899869919435
11,046,0075,1275,1104600751275,0,0.0
