ENTIDAD,MUN,LOC,AGEB,CVEGEO,POBTOT,log_POBTOT
12,001,0001,0034,1200100010034,3473,3.54082981411108
12,001,0001,0049,1200100010049,3699,3.568201724066995
12,001,0001,0053,1200100010053,1047,3.0203612826477078
12,001,0001,0091,1200100010091,3108,3.492620722043192
12,001,0001,0104,1200100010104,1936,3.287129620719111
12,001,0001,0231,1200100010231,3684,3.56643749219507
12,001,0001,0246,1200100010246,2327,3.3669829759778507
12,001,0001,0250,1200100010250,3445,3.53731527311201
12,001,0001,027A,120010001027A,4929,3.69284691927723
12,001,0001,0316,1200100010316,4191,3.6224212739756703
12,001,0001,0369,1200100010369,4634,3.666049738480516
12,001,0001,0405,1200100010405,3495,3.5435714239623652
12,001,0001,0443,1200100010443,1540,3.1878026387184195
12,001,0001,0458,1200100010458,3445,3.53731527311201
12,001,0001,0477,1200100010477,3451,3.538070787043172
12,001,0001,0496,1200100010496,6389,3.8055008581584002
12,001,0001,0513,1200100010513,2941,3.4686426683915115
12,001,0001,0528,1200100010528,151,2.1818435879447726
12,001,0001,0814,1200100010814,3209,3.506505032404872
12,001,0001,0852,1200100010852,5224,3.7180862947830917
12,001,0001,0890,1200100010890,808,2.9079485216122722
12,001,0001,0903,1200100010903,3087,3.4896772916636984
12,001,0001,0956,1200100010956,2958,3.471144965160633
12,001,0001,0975,1200100010975,3049,3.484299839346786
12,001,0001,0994,1200100010994,3211,3.5067755366066433
12,001,0001,1013,1200100011013,1786,3.252124552505644
12,001,0001,1028,1200100011028,3089,3.4899584794248346
12,001,0001,1032,1200100011032,3023,3.480581786829169
12,001,0001,1155,1200100011155,3026,3.481012420956573
12,001,0001,1189,1200100011189,2972,3.473194909204938
12,001,0001,1244,1200100011244,726,2.8615344108590377
12,001,0001,1259,1200100011259,1536,3.1866738674997452
12,001,0001,1263,1200100011263,1400,3.1464381352857744
12,001,0001,1278,1200100011278,68,1.8388490907372552
12,001,0001,1282,1200100011282,113,2.0569048513364727
12,001,0001,1297,1200100011297,183,2.2648178230095364
12,001,0001,130A,120010001130A,2178,3.3382572302462554
12,001,0001,1314,1200100011314,1345,3.1290450598879582
12,001,0001,1333,1200100011333,2401,3.3805730030668872
12,001,0001,1348,1200100011348,135,2.1335389083702174
12,001,0001,1367,1200100011367,403,2.606381365110605
12,001,0001,1371,1200100011371,2667,3.426185825244511
12,001,0001,1386,1200100011386,3678,3.565729787831127
12,001,0001,1437,1200100011437,1640,3.215108581053093
12,001,0001,1441,1200100011441,1637,3.2143138974244
12,001,0001,148A,120010001148A,1738,3.2402995820027125
12,001,0001,1494,1200100011494,1392,3.1439511164239633
12,001,0001,1511,1200100011511,1289,3.110589710299249
12,001,0001,1526,1200100011526,2439,3.387389826338729
12,001,0001,1583,1200100011583,1947,3.2895889525425965
12,001,0001,1615,1200100011615,0,0.0
12,001,0001,162A,120010001162A,16,1.2304489213782739
12,001,0001,1649,1200100011649,3866,3.5873741720730656
12,001,0001,1653,1200100011653,964,2.9845273133437926
12,001,0001,1668,1200100011668,1329,3.123851640967086
12,001,0001,1672,1200100011672,968,2.986323777050765
12,001,0001,1687,1200100011687,1087,3.036628895362161
12,001,0001,1761,1200100011761,1373,3.137986732723532
12,001,0001,1812,1200100011812,1837,3.2643455070500926
12,001,0001,1827,1200100011827,198,2.298853076409707
12,001,0001,1850,1200100011850,1172,3.0692980121155293
12,001,0001,1884,1200100011884,639,2.806179973983887
12,001,0001,1899,1200100011899,692,2.8407332346118066
12,001,0001,2083,1200100012083,274,2.439332693830263
12,001,0001,2098,1200100012098,1448,3.1610683854711747
12,001,0001,2100,1200100012100,558,2.747411807886423
12,001,0001,2115,1200100012115,1520,3.182129214052998
12,001,0001,2187,1200100012187,991,2.9965116721541785
12,001,0001,2191,1200100012191,1237,3.0927206446840994
12,001,0001,2204,1200100012204,1540,3.1878026387184195
12,001,0001,2219,1200100012219,1313,3.118595365223762
12,001,0001,2223,1200100012223,1089,3.037426497940624
12,001,0001,2238,1200100012238,999,3.0
12,001,0001,2242,1200100012242,885,2.9474337218870508
12,001,0001,2257,1200100012257,1160,3.064832219738574
12,001,0001,2261,1200100012261,1414,3.150756439860309
12,001,0001,2276,1200100012276,1938,3.2875778090787056
12,001,0001,2308,1200100012308,2975,3.473632926873841
12,001,0001,2312,1200100012312,2732,3.436639631692661
12,001,0001,2331,1200100012331,2243,3.3510228525841237
12,001,0001,2346,1200100012346,1671,3.2232362731029975
12,001,0001,2350,1200100012350,965,2.9849771264154934
12,001,0001,2365,1200100012365,2401,3.3805730030668872
12,001,0001,237A,120010001237A,2891,3.461198288622493
12,001,0001,2384,1200100012384,2473,3.393399695293102
12,001,0001,2399,1200100012399,1634,3.2135177569963047
12,001,0001,2401,1200100012401,1546,3.1894903136993675
12,001,0001,2416,1200100012416,2055,3.313023110323238
12,001,0001,2420,1200100012420,2012,3.3038437748886547
12,001,0001,2435,1200100012435,4062,3.6088468223264116
12,001,0001,2454,1200100012454,2115,3.325515663363148
12,001,0001,2469,1200100012469,2345,3.3703280077795106
12,001,0001,2473,1200100012473,2135,3.3296012483565187
12,001,0001,2488,1200100012488,1867,3.2713768718940743
12,001,0001,2492,1200100012492,2112,3.3248994970523134
12,001,0001,2505,1200100012505,1899,3.278753600952829
12,001,0001,251A,120010001251A,2422,3.384353414137506
12,001,0001,2524,1200100012524,2375,3.375846436309156
12,001,0001,2539,1200100012539,2783,3.4446692309385245
12,001,0001,2543,1200100012543,2689,3.429752280002408
12,001,0001,2558,1200100012558,2389,3.3783979009481375
12,001,0001,2562,1200100012562,1625,3.2111205412580492
12,001,0001,2577,1200100012577,1876,3.273464272621346
12,001,0001,2581,1200100012581,2132,3.3289908554494287
12,001,0001,2596,1200100012596,2767,3.44216608578472
12,001,0001,2609,1200100012609,2615,3.4176377396522297
12,001,0001,2613,1200100012613,3442,3.5369370227046737
12,001,0001,2628,1200100012628,1750,3.243286146083446
12,001,0001,2632,1200100012632,2200,3.342620042553348
12,001,0001,2647,1200100012647,1745,3.2420442393695508
12,001,0001,2651,1200100012651,4232,3.6266482684740105
12,001,0001,2670,1200100012670,3058,3.485579476984679
12,001,0001,2685,1200100012685,2179,3.3384564936046046
12,001,0001,269A,120010001269A,4181,3.621384028481653
12,001,0001,2702,1200100012702,2968,3.472610197596045
12,001,0001,2721,1200100012721,2060,3.3140779917792127
12,001,0001,2736,1200100012736,1362,3.1344958558346736
12,001,0001,2740,1200100012740,3903,3.591509808994654
12,001,0001,2755,1200100012755,3502,3.5444401373176926
12,001,0001,276A,120010001276A,2937,3.4680517914542377
12,001,0001,2774,1200100012774,3573,3.5531545481696254
12,001,0001,2789,1200100012789,2311,3.3639878297484915
12,001,0001,2793,1200100012793,2559,3.4082399653118496
12,001,0001,2806,1200100012806,2549,3.406540180433955
12,001,0001,2810,1200100012810,5127,3.709948016510761
12,001,0001,2825,1200100012825,1775,3.249442961442582
12,001,0001,283A,120010001283A,1347,3.129689892199301
12,001,0001,2844,1200100012844,2137,3.330007700872759
12,001,0001,2859,1200100012859,1103,3.0429690733931802
12,001,0001,2863,1200100012863,3344,3.524396122103842
12,001,0001,2878,1200100012878,3595,3.5558196830611912
12,001,0001,2882,1200100012882,2910,3.464042205438811
12,001,0001,2897,1200100012897,3793,3.5790973265526436
12,001,0001,290A,120010001290A,2561,3.4085791254086675
12,001,0001,2914,1200100012914,3115,3.493597449000527
12,001,0001,2929,1200100012929,3035,3.4823017672234426
12,001,0001,2933,1200100012933,2267,3.355643050220869
12,001,0001,2967,1200100012967,2141,3.330819466495837
12,001,0001,2971,1200100012971,2073,3.316808752053022
12,001,0001,2986,1200100012986,2639,3.4216039268698313
12,001,0001,2990,1200100012990,1657,3.2195845262142546
12,001,0001,3005,1200100013005,1843,3.2657609167176105
12,001,0001,301A,120010001301A,1878,3.2739267801005254
12,001,0001,3024,1200100013024,2226,3.347720217034038
12,001,0001,3039,1200100013039,2941,3.4686426683915115
12,001,0001,3043,1200100013043,447,2.651278013998144
12,001,0001,3058,1200100013058,1866,3.2711443179490782
12,001,0001,3062,1200100013062,2740,3.4379090355394983
12,001,0001,3077,1200100013077,2081,3.3184807251745174
12,001,0001,3081,1200100013081,2622,3.4187982905903533
12,001,0001,3096,1200100013096,2205,3.343605508104172
12,001,0001,3128,1200100013128,2262,3.3546845539547285
12,001,0001,3132,1200100013132,1348,3.1300119496719043
12,001,0001,3147,1200100013147,1114,3.0472748673841794
12,001,0001,3151,1200100013151,1565,3.1947917577219247
12,001,0001,3166,1200100013166,1899,3.278753600952829
12,001,0001,3170,1200100013170,3167,3.500785172917456
12,001,0001,3185,1200100013185,2238,3.3500540935790304
12,001,0001,3202,1200100013202,2318,3.3653007486379876
12,001,0001,3217,1200100013217,1312,3.118264726089479
12,001,0001,3221,1200100013221,1554,3.1917303933628562
12,001,0001,3236,1200100013236,609,2.785329835010767
12,001,0001,3240,1200100013240,4229,3.6263403673750423
12,001,0001,3255,1200100013255,2066,3.3153404766272883
12,001,0001,326A,120010001326A,1529,3.184691430817599
12,001,0001,3274,1200100013274,2345,3.3703280077795106
12,001,0001,3289,1200100013289,1793,3.2538224387080734
12,001,0001,3306,1200100013306,1683,3.226342087163631
12,001,0001,3310,1200100013310,1928,3.2853322276438846
12,001,0001,3325,1200100013325,1481,3.170848203643309
12,001,0001,333A,120010001333A,1467,3.166726055580052
12,001,0001,3344,1200100013344,2335,3.3684728384403617
12,001,0001,3359,1200100013359,1515,3.1806992012960347
12,001,0001,3363,1200100013363,1519,3.1818435879447726
12,001,0001,3378,1200100013378,2221,3.346744054604849
12,001,0001,3382,1200100013382,1788,3.252610340567373
12,001,0001,3397,1200100013397,1727,3.2375437381428744
12,001,0001,3414,1200100013414,2628,3.419790586106363
12,001,0001,3429,1200100013429,2082,3.318689269947746
12,001,0001,3433,1200100013433,1972,3.295127085252191
12,001,0001,3452,1200100013452,3304,3.519171463821659
12,001,0001,3467,1200100013467,740,2.869818207979328
12,001,0001,3471,1200100013471,1045,3.0195316845312554
12,001,0001,3486,1200100013486,1961,3.29269900304393
12,001,0001,3490,1200100013490,1937,3.2873537727147464
12,001,0001,3503,1200100013503,734,2.8662873390841948
12,001,0001,3518,1200100013518,2098,3.3220124385824006
12,001,0001,3522,1200100013522,1861,3.269979676645324
12,001,0001,3537,1200100013537,626,2.7972675408307164
12,001,0001,3541,1200100013541,2181,3.338854746252323
12,001,0001,3556,1200100013556,4180,3.621280167550415
12,001,0001,3560,1200100013560,2760,3.4410664066392633
12,001,0001,3575,1200100013575,1411,3.149834696715785
12,001,0001,358A,120010001358A,981,2.9921114877869495
12,001,0001,3594,1200100013594,1489,3.173186268412274
12,001,0001,3607,1200100013607,2032,3.3081373786380386
12,001,0001,3611,1200100013611,2642,3.4220971631317103
12,001,0001,3626,1200100013626,1575,3.1975562131535367
12,001,0001,3630,1200100013630,3404,3.532117116248804
12,001,0001,3645,1200100013645,1262,3.101403350555331
12,001,0001,365A,120010001365A,1002,3.0013009330204183
12,001,0001,3679,1200100013679,1615,3.208441356438567
12,001,0001,3683,1200100013683,1139,3.0569048513364727
12,001,0001,3698,1200100013698,971,2.9876662649262746
12,001,0001,3700,1200100013700,716,2.8555191556678
12,001,0001,3715,1200100013715,1225,3.0884904701823963
12,001,0001,372A,120010001372A,631,2.800717078282385
12,001,0001,3734,1200100013734,582,2.765668554759014
12,001,0001,3749,1200100013749,467,2.670245853074124
12,001,0001,3753,1200100013753,1101,3.042181594515766
12,001,0001,3768,1200100013768,919,2.963787827345555
12,001,0001,3772,1200100013772,282,2.45178643552429
12,001,0001,3787,1200100013787,831,2.920123326290724
12,001,0001,3791,1200100013791,1358,3.1332194567324945
12,001,0001,3804,1200100013804,1876,3.273464272621346
12,001,0001,3819,1200100013819,941,2.9740509027928774
12,001,0001,3838,1200100013838,803,2.905256048748451
12,001,0001,3861,1200100013861,1351,3.130976691605617
12,001,0001,3876,1200100013876,1223,3.087781417809542
12,001,0001,3880,1200100013880,1207,3.082066934285113
12,001,0001,3895,1200100013895,1023,3.010299956639812
12,001,0001,3912,1200100013912,1268,3.103461622094705
12,001,0001,3927,1200100013927,1979,3.296665190261531
12,001,0001,3931,1200100013931,1132,3.0542299098633974
12,001,0001,3946,1200100013946,1595,3.2030328870147105
12,001,0001,3950,1200100013950,2127,3.3279716236230104
12,001,0001,3965,1200100013965,1768,3.2477278329097232
12,001,0001,397A,120010001397A,635,2.803457115648414
12,001,0001,3999,1200100013999,1272,3.1048284036536553
12,001,0001,4018,1200100014018,1916,3.2826221128780624
12,001,0001,4126,1200100014126,1908,3.280805928393667
12,001,0001,4130,1200100014130,1985,3.2979792441593623
12,001,0001,4145,1200100014145,299,2.4771212547196626
12,001,0001,415A,120010001415A,914,2.9614210940664485
12,001,0001,4164,1200100014164,2187,3.340047317661393
12,001,0001,4179,1200100014179,2398,3.380030247967831
12,001,0001,4183,1200100014183,1225,3.0884904701823963
12,001,0001,4198,1200100014198,1022,3.00987563371216
12,001,0001,4200,1200100014200,98,1.99563519459755
12,001,0001,4215,1200100014215,112,2.0530784434834195
12,001,0001,422A,120010001422A,873,2.941511432634403
12,001,0001,4234,1200100014234,1220,3.0867156639448825
12,001,0001,4249,1200100014249,593,2.7737864449811935
12,001,0001,4253,1200100014253,877,2.9434945159061026
12,001,0001,4268,1200100014268,113,2.0569048513364727
12,001,0001,4272,1200100014272,2221,3.346744054604849
12,001,0001,4287,1200100014287,1060,3.025715383901341
12,001,0001,4304,1200100014304,1947,3.2895889525425965
12,001,0001,4319,1200100014319,833,2.921166050637739
12,001,0001,4323,1200100014323,195,2.292256071356476
12,001,0001,4338,1200100014338,44,1.6532125137753437
12,001,0001,4342,1200100014342,1341,3.1277525158329733
12,001,0001,4361,1200100014361,329,2.5185139398778875
12,001,0001,4376,1200100014376,627,2.797959643737196
12,001,0001,4380,1200100014380,202,2.307496037913213
12,001,0001,4395,1200100014395,450,2.6541765418779604
12,001,0001,4412,1200100014412,1313,3.118595365223762
12,001,0001,4427,1200100014427,989,2.99563519459755
12,001,0001,4431,1200100014431,572,2.75815462196739
12,001,0001,4446,1200100014446,398,2.6009728956867484
12,001,0001,4450,1200100014450,2555,3.4075608494863627
12,001,0001,4465,1200100014465,1740,3.240798771117331
12,001,0001,447A,120010001447A,1103,3.0429690733931802
12,001,0001,4501,1200100014501,2340,3.3694014136966244
12,001,0001,4516,1200100014516,1574,3.197280558125619
12,001,0001,4520,1200100014520,393,2.595496221825574
12,001,0001,454A,120010001454A,229,2.361727836017593
12,001,0001,4554,1200100014554,914,2.9614210940664485
12,001,0001,4573,1200100014573,187,2.27415784926368
12,001,0001,4588,1200100014588,49,1.6989700043360187
12,001,0001,4592,1200100014592,34,1.5440680443502757
12,001,0001,4605,1200100014605,59,1.7781512503836436
12,001,0001,461A,120010001461A,191,2.2833012287035497
12,001,0001,4624,1200100014624,2413,3.3827372657613304
12,001,0001,4639,1200100014639,1984,3.297760511099134
12,001,0001,4643,1200100014643,1453,3.162564406523019
12,001,0001,4658,1200100014658,1275,3.1058506743851435
12,001,0001,4677,1200100014677,819,2.9138138523837167
12,001,0001,4681,1200100014681,979,2.9912260756924947
12,001,0001,4696,1200100014696,1286,3.1095785469043866
12,001,0001,4709,1200100014709,659,2.8195439355418688
12,001,0001,4713,1200100014713,771,2.887617300335736
12,001,0001,4728,1200100014728,45,1.662757831681574
12,001,0001,4732,1200100014732,25,1.414973347970818
12,001,0001,4747,1200100014747,663,2.8221680793680175
12,001,0001,4766,1200100014766,21,1.3424226808222062
12,001,0001,4770,1200100014770,203,2.3096301674258988
12,001,0001,479A,120010001479A,199,2.3010299956639813
12,001,0001,4802,1200100014802,142,2.155336037465062
12,001,0001,4817,1200100014817,51,1.7160033436347992
12,001,0001,4821,1200100014821,47,1.6812412373755872
12,001,0001,4836,1200100014836,406,2.60959440922522
12,001,0001,4840,1200100014840,36,1.568201724066995
12,001,0001,4855,1200100014855,55,1.7481880270062005
12,001,0001,486A,120010001486A,147,2.1702617153949575
12,001,0001,4874,1200100014874,203,2.3096301674258988
12,001,0001,4889,1200100014889,22,1.3617278360175928
12,001,0001,4893,1200100014893,65,1.8195439355418688
12,001,0001,4906,1200100014906,2117,3.325925955771466
12,001,0001,4910,1200100014910,2506,3.3991543339582164
12,001,0001,493A,120010001493A,944,2.975431808509263
12,001,0001,4944,1200100014944,2741,3.438067450453494
12,001,0001,4959,1200100014959,3296,3.518118947143153
12,001,0001,4963,1200100014963,1558,3.192846115188842
12,001,0001,4978,1200100014978,1852,3.2678754193188975
12,001,0001,4982,1200100014982,1467,3.166726055580052
12,001,0001,4997,1200100014997,1554,3.1917303933628562
12,001,0001,5001,1200100015001,4488,3.652149605401653
12,001,0001,5020,1200100015020,1529,3.184691430817599
12,001,0001,5035,1200100015035,2520,3.401572845676446
12,001,0001,504A,120010001504A,1210,3.0831441431430524
12,001,0001,5054,1200100015054,1677,3.2247919564926817
12,001,0001,5069,1200100015069,2386,3.3778524190067545
12,001,0001,5073,1200100015073,1077,3.03261876085072
12,001,0001,5088,1200100015088,1493,3.1743505974793798
12,001,0001,5092,1200100015092,1247,3.0962145853464054
12,001,0001,5105,1200100015105,130,2.1172712956557644
12,001,0001,511A,120010001511A,620,2.79309160017658
12,001,0001,5124,1200100015124,223,2.3502480183341627
12,001,0001,5139,1200100015139,448,2.6522463410033232
12,001,0001,5143,1200100015143,3916,3.592953571547866
12,001,0001,5158,1200100015158,108,2.037426497940624
12,001,0001,5162,1200100015162,519,2.716003343634799
12,001,0001,5196,1200100015196,117,2.0718820073061255
12,001,0001,5209,1200100015209,38,1.591064607026499
12,001,0001,5228,1200100015228,1170,3.068556895072363
12,001,0001,5232,1200100015232,753,2.877371345869774
12,001,0001,5285,1200100015285,170,2.2329961103921536
12,001,0001,529A,120010001529A,179,2.255272505103306
12,001,0001,5302,1200100015302,975,2.9894498176666917
12,001,0001,5317,1200100015317,1169,3.0681858617461617
12,001,0001,5321,1200100015321,1432,3.1562461903973444
12,001,0001,5336,1200100015336,1780,3.2506639194632436
12,001,0001,5340,1200100015340,1087,3.036628895362161
12,001,0001,5355,1200100015355,1073,3.0310042813635367
12,001,0001,536A,120010001536A,328,2.5171958979499744
12,001,0001,5374,1200100015374,2186,3.339848783037637
12,001,0001,5389,1200100015389,1859,3.2695129442179165
12,001,0001,5393,1200100015393,1179,3.0718820073061255
12,001,0001,5406,1200100015406,969,2.9867717342662448
12,001,0001,5410,1200100015410,888,2.9489017609702137
12,001,0001,5425,1200100015425,37,1.5797835966168101
12,001,0001,543A,120010001543A,1267,3.1031192535457137
12,001,0001,5444,1200100015444,1915,3.2823955047425257
12,001,0001,5459,1200100015459,1660,3.2203696324513946
12,001,0001,5463,1200100015463,2477,3.3941013020400446
12,001,0001,5478,1200100015478,150,2.1789769472931693
12,001,0001,5482,1200100015482,1520,3.182129214052998
12,001,0001,5497,1200100015497,712,2.8530895298518657
12,001,0001,550A,120010001550A,1385,3.141763230275788
12,001,0001,5514,1200100015514,1262,3.101403350555331
12,001,0001,5529,1200100015529,1543,3.188647295999717
12,001,0001,5533,1200100015533,45,1.662757831681574
12,001,0001,5548,1200100015548,639,2.806179973983887
12,001,0001,5552,1200100015552,1447,3.1607685618611283
12,001,0001,5567,1200100015567,24,1.3979400086720377
12,001,0001,5571,1200100015571,70,1.8512583487190752
12,001,0001,5586,1200100015586,302,2.481442628502305
12,001,0001,5590,1200100015590,1021,3.009450895798694
12,001,0001,5603,1200100015603,1859,3.2695129442179165
12,001,0001,5618,1200100015618,1470,3.16761267272753
12,001,0001,5622,1200100015622,76,1.8864907251724818
12,001,0001,5637,1200100015637,275,2.4409090820652177
12,001,0001,5641,1200100015641,3682,3.566201718854913
12,001,0001,5656,1200100015656,1111,3.0461047872460387
12,001,0001,5660,1200100015660,614,2.788875115775417
12,001,0001,5675,1200100015675,1234,3.0916669575956846
12,001,0001,568A,120010001568A,51,1.7160033436347992
12,001,0001,5694,1200100015694,35,1.5563025007672873
12,001,0001,5707,1200100015707,130,2.1172712956557644
12,001,0001,5711,1200100015711,1473,3.1684974835230326
12,001,0001,5726,1200100015726,648,2.812244696800369
12,001,0001,5730,1200100015730,768,2.885926339801431
12,001,0001,575A,120010001575A,2115,3.325515663363148
12,001,0001,5764,1200100015764,266,2.4265112613645754
12,001,0001,5779,1200100015779,12,1.1139433523068367
12,001,0001,5783,1200100015783,118,2.0755469613925306
12,001,0001,5798,1200100015798,15,1.2041199826559248
12,001,0001,5800,1200100015800,29,1.4771212547196624
12,001,0001,5815,1200100015815,1294,3.1122697684172707
12,001,0001,582A,120010001582A,64,1.8129133566428555
12,001,0001,5834,1200100015834,401,2.60422605308447
12,001,0001,5849,1200100015849,47,1.6812412373755872
12,001,0001,5853,1200100015853,23,1.380211241711606
12,001,0001,5868,1200100015868,184,2.2671717284030137
12,001,0001,5872,1200100015872,207,2.3180633349627615
12,001,0001,5887,1200100015887,430,2.6344772701607315
12,001,0001,5891,1200100015891,50,1.7075701760979363
12,001,0001,5904,1200100015904,11,1.0791812460476249
12,001,0001,5919,1200100015919,67,1.8325089127062364
12,001,0001,5923,1200100015923,3,0.6020599913279624
12,001,0001,5942,1200100015942,124,2.0969100130080562
12,001,0001,5957,1200100015957,72,1.863322860120456
12,001,0001,5961,1200100015961,163,2.214843848047698
12,001,0001,5976,1200100015976,65,1.8195439355418688
12,001,0001,5980,1200100015980,50,1.7075701760979363
12,001,0001,5995,1200100015995,5,0.7781512503836436
12,001,0001,600A,120010001600A,125,2.100370545117563
12,001,0001,6014,1200100016014,332,2.5224442335063197
12,001,0001,6033,1200100016033,31,1.505149978319906
12,001,0001,6048,1200100016048,824,2.916453948549925
12,001,0001,6052,1200100016052,499,2.6989700043360187
12,001,0001,6071,1200100016071,73,1.8692317197309762
12,001,0001,6090,1200100016090,26,1.4313637641589874
12,001,0001,6103,1200100016103,153,2.187520720836463
12,001,0001,6118,1200100016118,334,2.525044807036845
12,001,0001,6122,1200100016122,290,2.4638929889859074
12,001,0001,6137,1200100016137,74,1.8750612633917
12,001,0001,6141,1200100016141,789,2.8976270912904414
12,001,0001,6156,1200100016156,274,2.439332693830263
12,001,0001,6160,1200100016160,100,2.0043213737826426
12,001,0001,6175,1200100016175,171,2.2355284469075487
12,001,0001,618A,120010001618A,753,2.877371345869774
12,001,0001,6194,1200100016194,130,2.1172712956557644
12,001,0001,6207,1200100016207,249,2.3979400086720375
12,001,0001,6211,1200100016211,341,2.534026106056135
12,001,0001,6226,1200100016226,182,2.2624510897304293
12,001,0001,6230,1200100016230,619,2.792391689498254
12,001,0001,6245,1200100016245,221,2.346352974450639
12,001,0001,6264,1200100016264,112,2.0530784434834195
12,001,0001,6279,1200100016279,712,2.8530895298518657
12,001,0001,6283,1200100016283,36,1.568201724066995
12,001,0001,6298,1200100016298,151,2.1818435879447726
12,001,0001,6300,1200100016300,715,2.8549130223078554
12,001,0001,6315,1200100016315,85,1.9344984512435677
12,001,0001,632A,120010001632A,1088,3.037027879755775
12,001,0001,6334,1200100016334,130,2.1172712956557644
12,001,0001,6349,1200100016349,212,2.3283796034387376
12,001,0001,6353,1200100016353,134,2.130333768495006
12,001,0001,6368,1200100016368,108,2.037426497940624
12,001,0001,6372,1200100016372,136,2.1367205671564067
12,001,0001,6387,1200100016387,1052,3.0224283711854865
12,001,0001,6391,1200100016391,1871,3.2723058444020863
12,001,0001,6404,1200100016404,338,2.530199698203082
12,001,0001,6419,1200100016419,187,2.27415784926368
12,001,0001,6438,1200100016438,3921,3.5935075893317654
12,001,0001,6442,1200100016442,3659,3.5634810853944106
12,001,0001,6457,1200100016457,2400,3.3803921600570273
12,001,0001,6461,1200100016461,2074,3.3170181010481117
12,001,0001,6476,1200100016476,124,2.0969100130080562
12,001,0001,6480,1200100016480,268,2.429752280002408
12,001,0001,6495,1200100016495,55,1.7481880270062005
12,001,0001,6508,1200100016508,68,1.8388490907372552
12,001,0001,6512,1200100016512,256,2.4099331233312946
12,001,0001,6527,1200100016527,32,1.5185139398778875
12,001,0001,6531,1200100016531,68,1.8388490907372552
12,001,0001,6550,1200100016550,127,2.1072099696478683
12,001,0001,6565,1200100016565,35,1.5563025007672873
12,001,0001,657A,120010001657A,421,2.625312450961674
12,001,0001,6584,1200100016584,78,1.8976270912904414
12,001,0001,6599,1200100016599,150,2.1789769472931693
12,001,0001,6616,1200100016616,760,2.8813846567705728
12,001,0001,6620,1200100016620,74,1.8750612633917
12,001,0001,6635,1200100016635,225,2.3541084391474008
12,001,0001,6654,1200100016654,31,1.505149978319906
12,001,0001,6669,1200100016669,1175,3.0704073217401198
12,001,0001,6673,1200100016673,46,1.6720978579357175
12,001,0001,6688,1200100016688,28,1.462397997898956
12,001,0001,6692,1200100016692,109,2.041392685158225
12,001,0001,6705,1200100016705,21,1.3424226808222062
12,001,0001,671A,120010001671A,49,1.6989700043360187
12,001,0001,6724,1200100016724,17,1.255272505103306
12,001,0001,6739,1200100016739,929,2.9684829485539352
12,001,0001,6743,1200100016743,1761,3.246005904076029
12,001,0001,6758,1200100016758,279,2.4471580313422194
12,001,0001,6762,1200100016762,38,1.591064607026499
12,001,0001,6777,1200100016777,510,2.708420900134713
12,001,0001,6781,1200100016781,284,2.45484486000851
12,001,0001,6796,1200100016796,285,2.456366033129043
12,001,0001,6809,1200100016809,104,2.0211892990699383
12,001,0001,6813,1200100016813,496,2.696356388733332
12,001,0001,6828,1200100016828,157,2.1986570869544226
12,001,0001,6832,1200100016832,395,2.597695185925512
12,001,0001,6847,1200100016847,89,1.954242509439325
12,001,0001,6851,1200100016851,714,2.8543060418010806
12,001,0001,6866,1200100016866,11,1.0791812460476249
12,001,0001,6870,1200100016870,118,2.0755469613925306
12,001,0001,6885,1200100016885,84,1.9294189257142926
12,001,0001,689A,120010001689A,420,2.6242820958356683
12,001,0001,6902,1200100016902,977,2.9903388547876015
12,001,0001,6917,1200100016917,712,2.8530895298518657
12,001,0001,6921,1200100016921,8,0.9542425094393249
12,001,0001,6936,1200100016936,888,2.9489017609702137
12,001,0001,6940,1200100016940,38,1.591064607026499
12,001,0001,6955,1200100016955,195,2.292256071356476
12,001,0001,696A,120010001696A,26,1.4313637641589874
12,001,0001,6974,1200100016974,0,0.0
12,001,0001,6989,1200100016989,25,1.414973347970818
12,001,0001,6993,1200100016993,73,1.8692317197309762
12,001,0001,7008,1200100017008,44,1.6532125137753437
12,001,0001,7012,1200100017012,165,2.220108088040055
12,001,0001,7027,1200100017027,12,1.1139433523068367
12,001,0001,7031,1200100017031,15,1.2041199826559248
12,001,0001,7046,1200100017046,760,2.8813846567705728
12,001,0001,7050,1200100017050,580,2.7641761323903307
12,001,0001,7099,1200100017099,779,2.8920946026904804
12,001,0001,7101,1200100017101,694,2.8419848045901137
12,001,0001,7116,1200100017116,681,2.833784374656479
12,001,0001,7120,1200100017120,94,1.9777236052888478
12,001,0001,7154,1200100017154,681,2.833784374656479
12,001,0001,7169,1200100017169,1735,3.239549720840473
12,001,0001,7173,1200100017173,4,0.6989700043360189
12,001,0001,7188,1200100017188,0,0.0
12,001,0001,7192,1200100017192,35,1.5563025007672873
12,001,0001,7205,1200100017205,3,0.6020599913279624
12,001,0081,4751,1200100814751,3867,3.587486465410964
12,001,0081,6546,1200100816546,47,1.6812412373755872
12,001,0110,1738,1200101101738,793,2.8998205024270964
12,001,0110,1742,1200101101742,742,2.8709888137605755
12,001,0110,1757,1200101101757,115,2.0644579892269186
12,001,0110,4041,1200101104041,1658,3.219846386024361
12,001,0110,4056,1200101104056,1499,3.1760912590556813
12,001,0110,4060,1200101104060,1527,3.184123354239671
12,001,0128,0551,1200101280551,1642,3.215637563435062
12,001,0128,0566,1200101280566,1114,3.0472748673841794
12,001,0153,0532,1200101530532,1584,3.2000292665537704
12,001,0153,0547,1200101530547,1125,3.0515383905153275
12,001,0158,5251,1200101585251,1716,3.2347702951609163
12,001,0158,5266,1200101585266,1987,3.2984163800612945
12,001,0158,5270,1200101585270,46,1.6720978579357175
12,001,0158,625A,120010158625A,548,2.739572344450092
12,001,0158,6423,1200101586423,24,1.3979400086720377
12,001,0158,6601,1200101586601,49,1.6989700043360187
12,001,0158,664A,120010158664A,41,1.6232492903979006
12,001,0158,7065,1200101587065,8,0.9542425094393249
12,001,0158,707A,120010158707A,11,1.0791812460476249
12,001,0158,7084,1200101587084,0,0.0
12,001,0166,1795,1200101661795,1484,3.171726453653231
12,001,0166,4075,1200101664075,1952,3.2907022432878543
12,001,0166,408A,120010166408A,2232,3.348888723071438
12,001,0167,0068,1200101670068,2410,3.382197210377454
12,001,0167,0087,1200101670087,127,2.1072099696478683
12,001,0167,0392,1200101670392,268,2.429752280002408
12,001,0173,1704,1200101731704,527,2.722633922533812
12,001,0173,1719,1200101731719,644,2.8095597146352675
12,001,0173,1723,1200101731723,1229,3.089905111439398
12,001,0173,4094,1200101734094,1530,3.184975190698261
12,001,0173,4107,1200101734107,1447,3.1607685618611283
12,001,0173,4111,1200101734111,1187,3.074816440645175
12,002,0001,0243,1200200010243,317,2.5024271199844326
12,002,0001,0332,1200200010332,2164,3.3354579006893843
12,002,0001,0347,1200200010347,1530,3.184975190698261
12,002,0001,0351,1200200010351,59,1.7781512503836436
12,002,0001,0366,1200200010366,2,0.47712125471966244
12,003,0001,026A,120030001026A,1230,3.090258052931316
12,003,0001,0274,1200300010274,376,2.576341350205793
12,003,0001,0289,1200300010289,1727,3.2375437381428744
12,003,0001,0293,1200300010293,2053,3.3126004392612596
12,003,0001,0522,1200300010522,1098,3.0409976924234905
12,003,0001,0698,1200300010698,28,1.462397997898956
12,003,0001,0772,1200300010772,10,1.0413926851582251
12,003,0001,0787,1200300010787,7,0.9030899869919435
12,003,0001,0804,1200300010804,1,0.3010299956639812
12,003,0001,0819,1200300010819,7,0.9030899869919435
12,003,0016,0645,1200300160645,1597,3.2035767749779724
12,003,0016,065A,120030016065A,1395,3.144885418287142
12,003,0016,0700,1200300160700,23,1.380211241711606
12,003,0016,0715,1200300160715,38,1.591064607026499
12,003,0016,072A,120030016072A,108,2.037426497940624
12,003,0016,0734,1200300160734,20,1.3222192947339193
12,003,0016,0768,1200300160768,0,0.0
12,003,0017,0749,1200300170749,1153,3.0622058088197126
12,003,0017,0753,1200300170753,1891,3.276921132065774
12,003,0017,0791,1200300170791,182,2.2624510897304293
12,003,0058,0626,1200300580626,1087,3.036628895362161
12,003,0058,0630,1200300580630,1257,3.09968064110925
12,004,0001,0074,1200400010074,617,2.790988475088816
12,004,0001,0089,1200400010089,1159,3.0644579892269186
12,004,0001,0159,1200400010159,1339,3.1271047983648077
12,005,0001,0033,1200500010033,1079,3.03342375548695
12,005,0001,0048,1200500010048,816,2.9122220565324155
12,005,0001,0052,1200500010052,723,2.859738566197147
12,005,0001,0086,1200500010086,617,2.790988475088816
12,005,0001,0090,1200500010090,229,2.361727836017593
12,005,0001,0103,1200500010103,92,1.968482948553935
12,005,0001,0118,1200500010118,94,1.9777236052888478
12,005,0001,0122,1200500010122,26,1.4313637641589874
12,005,0001,0137,1200500010137,179,2.255272505103306
12,005,0001,0141,1200500010141,107,2.03342375548695
12,005,0001,0156,1200500010156,38,1.591064607026499
12,005,0001,0160,1200500010160,49,1.6989700043360187
12,005,0001,0175,1200500010175,175,2.24551266781415
12,005,0001,018A,120050001018A,31,1.505149978319906
12,005,0001,0194,1200500010194,31,1.505149978319906
12,005,0001,0207,1200500010207,78,1.8976270912904414
12,005,0001,0211,1200500010211,15,1.2041199826559248
12,005,0001,0226,1200500010226,7,0.9030899869919435
12,005,0001,0230,1200500010230,23,1.380211241711606
12,005,0001,0245,1200500010245,19,1.3010299956639813
12,005,0001,025A,120050001025A,33,1.5314789170422551
12,005,0001,0264,1200500010264,56,1.7558748556724915
12,005,0001,0279,1200500010279,136,2.1367205671564067
12,006,0001,012A,120060001012A,410,2.6138418218760693
12,006,0001,0295,1200600010295,968,2.986323777050765
12,006,0001,0308,1200600010308,1221,3.0870712059065353
12,006,0001,0312,1200600010312,1202,3.0802656273398448
12,006,0001,0327,1200600010327,696,2.8432327780980096
12,006,0001,0331,1200600010331,892,2.9508514588885464
12,006,0001,0346,1200600010346,783,2.8943160626844384
12,006,0001,0350,1200600010350,903,2.9561684304753633
12,006,0001,0365,1200600010365,43,1.6434526764861874
12,006,0001,037A,120060001037A,14,1.1760912590556813
12,006,0001,0384,1200600010384,33,1.5314789170422551
12,006,0001,0399,1200600010399,60,1.7853298350107671
12,006,0001,0401,1200600010401,0,0.0
12,006,0001,0416,1200600010416,31,1.505149978319906
12,007,0001,0108,1200700010108,1848,3.266936911159173
12,007,0001,0150,1200700010150,1512,3.179838928023187
12,007,0001,024A,120070001024A,647,2.8115750058705933
12,007,0001,0343,1200700010343,974,2.989004615698537
12,007,0001,0358,1200700010358,1235,3.092018470752797
12,007,0001,0362,1200700010362,1106,3.044147620878723
12,007,0001,0377,1200700010377,1073,3.0310042813635367
12,007,0001,0381,1200700010381,1795,3.2543063323312857
12,007,0001,0396,1200700010396,2715,3.433929765608464
12,007,0001,0409,1200700010409,1100,3.041787318971752
12,007,0001,0413,1200700010413,1297,3.1132746924643504
12,007,0001,0428,1200700010428,1361,3.1341771075767664
12,007,0001,0432,1200700010432,1130,3.053462604925455
12,007,0001,0447,1200700010447,1045,3.0195316845312554
12,007,0001,0451,1200700010451,90,1.9590413923210936
12,007,0001,0466,1200700010466,4,0.6989700043360189
12,007,0001,0470,1200700010470,9,1.0
12,007,0001,0485,1200700010485,143,2.1583624920952498
12,007,0001,049A,120070001049A,31,1.505149978319906
12,007,0001,0502,1200700010502,39,1.6020599913279623
12,007,0001,0517,1200700010517,470,2.673020907128896
12,007,0001,0521,1200700010521,40,1.6127838567197355
12,007,0001,0536,1200700010536,62,1.7993405494535817
12,007,0001,0540,1200700010540,40,1.6127838567197355
12,007,0001,0555,1200700010555,209,2.322219294733919
12,007,0001,056A,120070001056A,55,1.7481880270062005
12,007,0001,0574,1200700010574,73,1.8692317197309762
12,007,0001,0589,1200700010589,5,0.7781512503836436
12,007,0001,0593,1200700010593,5,0.7781512503836436
12,007,0001,0606,1200700010606,43,1.6434526764861874
12,007,0001,0610,1200700010610,13,1.146128035678238
12,007,0001,0625,1200700010625,8,0.9542425094393249
12,007,0001,063A,120070001063A,241,2.383815365980431
12,007,0001,0644,1200700010644,552,2.7427251313046983
12,007,0001,0659,1200700010659,901,2.9552065375419416
12,007,0001,0663,1200700010663,651,2.81424759573192
12,007,0001,0678,1200700010678,12,1.1139433523068367
12,008,0001,0105,1200800010105,889,2.949390006644913
12,008,0001,011A,120080001011A,1081,3.0342272607705505
12,008,0001,0124,1200800010124,791,2.8987251815894934
12,008,0001,0196,1200800010196,83,1.9242792860618816
12,008,0001,0209,1200800010209,243,2.387389826338729
12,008,0001,0213,1200800010213,60,1.7853298350107671
12,008,0001,0228,1200800010228,9,1.0
12,009,0001,0032,1200900010032,816,2.9122220565324155
12,009,0001,0066,1200900010066,54,1.7403626894942439
12,010,0001,0086,1201000010086,1087,3.036628895362161
12,010,0001,0090,1201000010090,957,2.9813655090785445
12,010,0001,0156,1201000010156,76,1.8864907251724818
12,010,0001,0160,1201000010160,221,2.346352974450639
12,010,0001,0279,1201000010279,711,2.8524799936368566
12,010,0001,0283,1201000010283,259,2.4149733479708178
12,010,0001,0298,1201000010298,375,2.575187844927661
12,010,0001,0300,1201000010300,32,1.5185139398778875
12,010,0001,0315,1201000010315,15,1.2041199826559248
12,010,0039,0118,1201000390118,2646,3.422753941301348
12,011,0001,0346,1201100010346,2080,3.318272080211627
12,011,0001,0420,1201100010420,1719,3.2355284469075487
12,011,0001,0435,1201100010435,987,2.9947569445876283
12,011,0001,044A,120110001044A,896,2.952792443044092
12,011,0001,051A,120110001051A,725,2.8609366207000937
12,011,0001,0524,1201100010524,1026,3.0115704435972783
12,011,0001,0539,1201100010539,2018,3.305136318943639
12,011,0001,0543,1201100010543,1409,3.1492191126553797
12,011,0001,0558,1201100010558,1855,3.268577971882843
12,011,0001,0562,1201100010562,1631,3.2127201544178425
12,011,0001,0577,1201100010577,1492,3.1740598077250253
12,011,0001,0581,1201100010581,1892,3.277150613963797
12,011,0001,0596,1201100010596,951,2.9786369483844743
12,011,0001,0721,1201100010721,1519,3.1818435879447726
12,011,0001,0736,1201100010736,2056,3.313234291694724
12,011,0001,0789,1201100010789,4,0.6989700043360189
12,011,0001,0806,1201100010806,0,0.0
12,011,0001,0810,1201100010810,11,1.0791812460476249
12,011,0043,0350,1201100430350,379,2.57978359661681
12,011,0043,0365,1201100430365,596,2.775974331129369
12,011,0043,037A,120110043037A,132,2.123851640967086
12,011,0043,0651,1201100430651,1048,3.020775488193558
12,011,0043,0666,1201100430666,1191,3.076276255404218
12,011,0043,0740,1201100430740,17,1.255272505103306
12,011,0043,0755,1201100430755,22,1.3617278360175928
12,011,0043,076A,120110043076A,1,0.3010299956639812
12,011,0043,0774,1201100430774,101,2.0086001717619175
12,011,0043,0859,1201100430859,165,2.220108088040055
12,011,0071,0670,1201100710670,1022,3.00987563371216
12,011,0071,0685,1201100710685,1273,3.1051694279993316
12,011,0071,069A,120110071069A,830,2.919601023784111
12,011,0071,0793,1201100710793,59,1.7781512503836436
12,011,0071,0825,1201100710825,127,2.1072099696478683
12,011,0071,083A,120110071083A,4,0.6989700043360189
12,011,0071,0844,1201100710844,0,0.0
12,011,0076,0011,1201100760011,1150,3.0610753236297916
12,011,0076,0026,1201100760026,1569,3.1958996524092336
12,012,0001,0269,1201200010269,2695,3.4307198878632823
12,012,0001,0273,1201200010273,2027,3.3070679506612985
12,012,0001,0377,1201200010377,5568,3.745777217889759
12,012,0001,0381,1201200010381,2823,3.450864692379766
12,012,0001,0396,1201200010396,2654,3.4240645254174877
12,012,0001,0409,1201200010409,59,1.7781512503836436
12,012,0001,0413,1201200010413,30,1.4913616938342726
12,012,0001,0428,1201200010428,106,2.0293837776852097
12,012,0001,0432,1201200010432,52,1.724275869600789
12,012,0001,0447,1201200010447,1767,3.2474822606770544
12,012,0001,0451,1201200010451,16,1.2304489213782739
12,012,0001,0466,1201200010466,134,2.130333768495006
12,012,0001,0470,1201200010470,100,2.0043213737826426
12,012,0001,0485,1201200010485,193,2.287801729930226
12,012,0014,0165,1201200140165,2561,3.4085791254086675
12,013,0001,0228,1201300010228,860,2.935003151453655
12,013,0001,0247,1201300010247,8,0.9542425094393249
12,013,0001,0336,1201300010336,1818,3.2598326990634834
12,013,0001,0463,1201300010463,1123,3.0507663112330423
12,013,0001,0478,1201300010478,867,2.938519725176492
12,014,0001,0051,1201400010051,1152,3.061829307294699
12,014,0001,0070,1201400010070,1737,3.2400497721126476
12,014,0001,0225,1201400010225,3152,3.4987239707479048
12,014,0001,023A,120140001023A,1226,3.088844562727004
12,014,0001,0244,1201400010244,153,2.187520720836463
12,014,0001,0259,1201400010259,54,1.7403626894942439
12,014,0001,0263,1201400010263,20,1.3222192947339193
12,014,0001,0278,1201400010278,0,0.0
12,015,0001,0129,1201500010129,2296,3.361160995195026
12,015,0001,0133,1201500010133,1148,3.060320028688285
12,015,0001,0148,1201500010148,1171,3.068927611682072
12,015,0001,0152,1201500010152,1087,3.036628895362161
12,015,0001,0167,1201500010167,1356,3.132579847659737
12,015,0001,0171,1201500010171,43,1.6434526764861874
12,015,0001,0186,1201500010186,10,1.0413926851582251
12,015,0001,0190,1201500010190,60,1.7853298350107671
12,015,0001,0203,1201500010203,18,1.2787536009528289
12,015,0001,0218,1201500010218,44,1.6532125137753437
12,016,0001,0287,1201600010287,588,2.7701152947871015
12,016,0001,0291,1201600010291,307,2.4885507165004443
12,016,0001,0304,1201600010304,532,2.7267272090265724
12,016,0001,0535,1201600010535,34,1.5440680443502757
12,016,0001,054A,120160001054A,21,1.3424226808222062
12,017,0001,0161,1201700010161,1060,3.025715383901341
12,017,0001,0195,1201700010195,16,1.2304489213782739
12,017,0001,0299,1201700010299,1096,3.0402066275747113
12,017,0001,0301,1201700010301,911,2.959994838328416
12,017,0001,0316,1201700010316,136,2.1367205671564067
12,017,0001,0320,1201700010320,392,2.5943925503754266
12,017,0001,0443,1201700010443,19,1.3010299956639813
12,017,0001,0458,1201700010458,7,0.9030899869919435
12,017,0004,0142,1201700040142,585,2.767897616018091
12,017,0004,0180,1201700040180,553,2.74350976472843
12,017,0004,0212,1201700040212,282,2.45178643552429
12,017,0004,0231,1201700040231,73,1.8692317197309762
12,017,0004,034A,120170004034A,25,1.414973347970818
12,017,0004,0354,1201700040354,366,2.5646660642520893
12,017,0004,0369,1201700040369,349,2.5440680443502757
12,017,0004,0392,1201700040392,46,1.6720978579357175
12,017,0004,0405,1201700040405,18,1.2787536009528289
12,018,0001,0084,1201800010084,1713,3.2340108175871793
12,018,0001,0099,1201800010099,1634,3.2135177569963047
12,018,0001,0101,1201800010101,1722,3.2362852774480286
12,018,0001,0116,1201800010116,579,2.7634279935629373
12,018,0001,0120,1201800010120,322,2.509202522331103
12,018,0001,0135,1201800010135,9,1.0
12,018,0001,014A,120180001014A,489,2.690196080028514
12,018,0001,0154,1201800010154,187,2.27415784926368
12,018,0001,0169,1201800010169,66,1.8260748027008264
12,018,0001,0173,1201800010173,20,1.3222192947339193
12,018,0001,0188,1201800010188,33,1.5314789170422551
12,018,0001,0192,1201800010192,9,1.0
12,018,0001,0205,1201800010205,32,1.5185139398778875
12,018,0001,021A,120180001021A,24,1.3979400086720377
12,019,0001,0151,1201900010151,216,2.3364597338485296
12,019,0001,0166,1201900010166,217,2.3384564936046046
12,019,0001,0274,1201900010274,2216,3.345765693114488
12,019,0001,0289,1201900010289,1937,3.2873537727147464
12,019,0001,0293,1201900010293,92,1.968482948553935
12,019,0001,0306,1201900010306,1437,3.1577588860468637
12,019,0001,0310,1201900010310,1561,3.1936810295412816
12,019,0001,0325,1201900010325,74,1.8750612633917
12,019,0001,033A,120190001033A,42,1.6334684555795864
12,019,0001,0344,1201900010344,5,0.7781512503836436
12,019,0001,0359,1201900010359,62,1.7993405494535817
12,019,0001,0363,1201900010363,0,0.0
12,019,0001,0378,1201900010378,3,0.6020599913279624
12,020,0001,0059,1202000010059,3063,3.486288760960566
12,020,0001,0097,1202000010097,0,0.0
12,020,0001,010A,120200001010A,109,2.041392685158225
12,020,0001,0114,1202000010114,105,2.0253058652647704
12,020,0001,0129,1202000010129,42,1.6334684555795864
12,020,0001,0133,1202000010133,56,1.7558748556724915
12,020,0001,0148,1202000010148,60,1.7853298350107671
12,021,0001,0287,1202100010287,3878,3.5887197796000563
12,021,0001,0573,1202100010573,2125,3.327563260187278
12,021,0001,0592,1202100010592,2564,3.409087369447835
12,021,0001,0624,1202100010624,250,2.399673721481038
12,021,0001,0639,1202100010639,40,1.6127838567197355
12,021,0001,0643,1202100010643,488,2.6893088591236203
12,021,0001,0658,1202100010658,1186,3.074450718954591
12,021,0001,0696,1202100010696,102,2.012837224705172
12,021,0001,0766,1202100010766,131,2.12057393120585
12,021,0001,0770,1202100010770,840,2.924795995797912
12,021,0001,0785,1202100010785,656,2.8175653695597807
12,021,0001,079A,120210001079A,247,2.3944516808262164
12,021,0001,0802,1202100010802,25,1.414973347970818
12,021,0001,0874,1202100010874,147,2.1702617153949575
12,021,0001,0889,1202100010889,375,2.575187844927661
12,021,0001,0893,1202100010893,22,1.3617278360175928
12,021,0001,0910,1202100010910,302,2.481442628502305
12,021,0001,0925,1202100010925,110,2.0453229787866576
12,021,0001,093A,120210001093A,95,1.9822712330395684
12,021,0001,0959,1202100010959,283,2.4533183400470375
12,021,0008,054A,120210008054A,2140,3.3306166672944384
12,021,0008,0855,1202100080855,1995,3.3001605369513523
12,021,0008,086A,120210008086A,1696,3.229681842317676
12,021,0060,061A,120210060061A,1241,3.0941215958405612
12,021,0060,0662,1202100600662,79,1.9030899869919435
12,021,0060,0677,1202100600677,252,2.403120521175818
12,021,0060,0681,1202100600681,43,1.6434526764861874
12,021,0060,0728,1202100600728,4,0.6989700043360189
12,021,0060,0732,1202100600732,0,0.0
12,021,0060,0747,1202100600747,82,1.919078092376074
12,021,0060,0817,1202100600817,621,2.7937903846908188
12,021,0060,0821,1202100600821,778,2.8915374576725643
12,021,0060,0906,1202100600906,6,0.8450980400142568
12,021,0062,0713,1202100620713,1317,3.119915410257991
12,021,0062,0751,1202100620751,42,1.6334684555795864
12,021,0062,0836,1202100620836,591,2.77232170672292
12,021,0062,0840,1202100620840,1652,3.2182728535714475
12,022,0001,0424,1202200010424,1300,3.1142772965615864
12,022,0001,0852,1202200010852,1505,3.177824971864682
12,022,0001,0867,1202200010867,1699,3.230448921378274
12,022,0001,0871,1202200010871,1720,3.2357808703275603
12,022,0001,0886,1202200010886,540,2.7331972651065692
12,022,0001,0960,1202200010960,0,0.0
12,022,0001,0975,1202200010975,51,1.7160033436347992
12,022,0001,098A,120220001098A,27,1.4471580313422192
12,022,0001,1013,1202200011013,15,1.2041199826559248
12,022,0001,1066,1202200011066,16,1.2304489213782739
12,022,0001,1070,1202200011070,96,1.9867717342662448
12,022,0001,1085,1202200011085,3,0.6020599913279624
12,022,0001,109A,120220001109A,207,2.3180633349627615
12,022,0001,1102,1202200011102,0,0.0
12,022,0001,1117,1202200011117,79,1.9030899869919435
12,022,0001,1140,1202200011140,0,0.0
12,022,0001,1155,1202200011155,18,1.2787536009528289
12,022,0001,116A,120220001116A,0,0.0
12,022,0003,0903,1202200030903,1568,3.1956229435869368
12,022,0003,0994,1202200030994,51,1.7160033436347992
12,022,0003,1009,1202200031009,49,1.6989700043360187
12,022,0003,1028,1202200031028,536,2.7299742856995555
12,022,0003,1032,1202200031032,603,2.7810369386211318
12,022,0003,1047,1202200031047,16,1.2304489213782739
12,022,0003,1051,1202200031051,26,1.4313637641589874
12,022,0003,1121,1202200031121,8,0.9542425094393249
12,022,0003,1136,1202200031136,11,1.0791812460476249
12,023,0001,0012,1202300010012,10,1.0413926851582251
12,023,0001,0120,1202300010120,1925,3.2846562827885157
12,023,0001,0135,1202300010135,1523,3.182984967003582
12,023,0001,0154,1202300010154,1588,3.2011238972073794
12,023,0001,0169,1202300010169,279,2.4471580313422194
12,023,0001,0173,1202300010173,504,2.7032913781186614
12,023,0001,0347,1202300010347,1467,3.166726055580052
12,023,0001,0351,1202300010351,1518,3.1815577738627865
12,023,0001,0366,1202300010366,1240,3.09377178149873
12,023,0001,0370,1202300010370,734,2.8662873390841948
12,023,0001,0402,1202300010402,14,1.1760912590556813
12,023,0001,0417,1202300010417,207,2.3180633349627615
12,023,0001,0421,1202300010421,22,1.3617278360175928
12,023,0001,0436,1202300010436,3,0.6020599913279624
12,023,0001,0440,1202300010440,138,2.143014800254095
12,023,0001,0474,1202300010474,13,1.146128035678238
12,023,0001,0489,1202300010489,19,1.3010299956639813
12,023,0001,0493,1202300010493,14,1.1760912590556813
12,023,0001,0506,1202300010506,27,1.4471580313422192
12,023,0026,0027,1202300260027,11,1.0791812460476249
12,023,0026,0385,1202300260385,1859,3.2695129442179165
12,023,0026,039A,120230026039A,1321,3.1212314551496214
12,023,0026,0455,1202300260455,58,1.7708520116421442
12,024,0001,0043,1202400010043,309,2.4913616938342726
12,024,0001,0058,1202400010058,164,2.2174839442139063
12,024,0001,0166,1202400010166,839,2.9242792860618816
12,024,0001,0170,1202400010170,809,2.90848501887865
12,024,0001,0185,1202400010185,83,1.9242792860618816
12,025,0001,020A,120250001020A,1113,3.04688519083771
12,025,0001,0214,1202500010214,967,2.9858753573083936
12,025,0001,0229,1202500010229,1993,3.2997251539756367
12,026,0001,0226,1202600010226,1263,3.1017470739463664
12,026,0001,0230,1202600010230,1018,3.0081741840064264
12,026,0001,0245,1202600010245,1,0.3010299956639812
12,027,0001,0204,1202700010204,1380,3.140193678578631
12,027,0001,0219,1202700010219,726,2.8615344108590377
12,027,0001,0238,1202700010238,613,2.788168371141168
12,027,0001,0505,1202700010505,641,2.807535028068853
12,027,0001,0524,1202700010524,182,2.2624510897304293
12,027,0001,0539,1202700010539,483,2.6848453616444123
12,027,0001,0543,1202700010543,512,2.7101173651118162
12,027,0001,0558,1202700010558,30,1.4913616938342726
12,027,0001,0562,1202700010562,7,0.9030899869919435
12,027,0001,0577,1202700010577,8,0.9542425094393249
12,027,0001,0581,1202700010581,5,0.7781512503836436
12,027,0001,0596,1202700010596,130,2.1172712956557644
12,028,0001,0131,1202800010131,2897,3.462098381135156
12,028,0001,017A,120280001017A,1543,3.188647295999717
12,028,0001,0358,1202800010358,2919,3.4653828514484184
12,028,0001,0362,1202800010362,3936,3.5951654147902294
12,028,0001,0377,1202800010377,3968,3.5986810989071634
12,028,0001,0381,1202800010381,4728,3.674769314015426
12,028,0001,0396,1202800010396,3166,3.500648063371912
12,028,0001,0409,1202800010409,2007,3.3027637084729817
12,028,0001,0428,1202800010428,470,2.673020907128896
12,028,0001,0432,1202800010432,372,2.571708831808688
12,028,0001,0447,1202800010447,113,2.0569048513364727
12,028,0001,0451,1202800010451,206,2.315970345456918
12,028,0001,049A,120280001049A,278,2.4456042032735974
12,028,0001,0502,1202800010502,387,2.5888317255942073
12,028,0001,0517,1202800010517,341,2.534026106056135
12,028,0001,0521,1202800010521,420,2.6242820958356683
12,028,0001,0536,1202800010536,99,2.0
12,028,0001,0540,1202800010540,913,2.960946195733831
12,028,0001,0555,1202800010555,94,1.9777236052888478
12,028,0001,056A,120280001056A,1315,3.1192558892779365
12,028,0001,0574,1202800010574,1217,3.0856472882968564
12,028,0001,0606,1202800010606,129,2.113943352306837
12,028,0001,0610,1202800010610,64,1.8129133566428555
12,028,0001,0625,1202800010625,284,2.45484486000851
12,028,0001,063A,120280001063A,272,2.436162647040756
12,028,0001,0644,1202800010644,824,2.916453948549925
12,028,0001,0659,1202800010659,99,2.0
12,028,0001,0663,1202800010663,28,1.462397997898956
12,028,0001,0697,1202800010697,104,2.0211892990699383
12,028,0001,070A,120280001070A,9,1.0
12,028,0001,0714,1202800010714,36,1.568201724066995
12,028,0001,0767,1202800010767,48,1.6901960800285136
12,028,0001,0771,1202800010771,71,1.8573324964312685
12,028,0001,0786,1202800010786,42,1.6334684555795864
12,028,0001,0790,1202800010790,14,1.1760912590556813
12,028,0001,0803,1202800010803,39,1.6020599913279623
12,028,0001,0818,1202800010818,13,1.146128035678238
12,028,0001,0822,1202800010822,22,1.3617278360175928
12,028,0001,0837,1202800010837,20,1.3222192947339193
12,028,0001,0841,1202800010841,111,2.0492180226701815
12,028,0001,0856,1202800010856,165,2.220108088040055
12,028,0003,0023,1202800030023,1642,3.215637563435062
12,028,0003,0150,1202800030150,942,2.9745116927373285
12,028,0003,0466,1202800030466,667,2.824776462475546
12,028,0003,0470,1202800030470,358,2.5550944485783194
12,028,0003,0593,1202800030593,19,1.3010299956639813
12,028,0003,0678,1202800030678,56,1.7558748556724915
12,028,0003,0682,1202800030682,14,1.1760912590556813
12,028,0003,0860,1202800030860,21,1.3424226808222062
12,028,0022,0485,1202800220485,3634,3.5605044151950564
12,028,0022,0733,1202800220733,167,2.225309281725863
12,028,0022,0748,1202800220748,49,1.6989700043360187
12,028,0022,0752,1202800220752,5,0.7781512503836436
12,028,0055,0343,1202800550343,4019,3.60422605308447
12,028,0055,0589,1202800550589,332,2.5224442335063197
12,028,0055,0729,1202800550729,10,1.0413926851582251
12,028,0058,0273,1202800580273,2616,3.417803722639881
12,028,0091,0288,1202800910288,3207,3.506234359612126
12,029,0001,004A,120290001004A,3786,3.578295305120826
12,029,0001,0054,1202900010054,3288,3.5170638734826545
12,029,0001,0073,1202900010073,3870,3.5878231713189552
12,029,0001,0092,1202900010092,3812,3.5812668052736707
12,029,0001,0124,1202900010124,1269,3.103803720955957
12,029,0001,0143,1202900010143,146,2.167317334748176
12,029,0001,0158,1202900010158,119,2.0791812460476247
12,029,0001,0162,1202900010162,38,1.591064607026499
12,029,0001,0590,1202900010590,2450,3.389343311252078
12,029,0001,0603,1202900010603,1773,3.2489536154957075
12,029,0001,0618,1202900010618,697,2.843855422623161
12,029,0001,0637,1202900010637,3039,3.482873583608754
12,029,0001,0641,1202900010641,2002,3.3016809492935764
12,029,0001,0656,1202900010656,2058,3.3136563466180315
12,029,0001,0660,1202900010660,805,2.906335041805091
12,029,0001,1029,1202900011029,2327,3.3669829759778507
12,029,0001,1033,1202900011033,2915,3.4647875196459372
12,029,0001,1052,1202900011052,5671,3.75373622217501
12,029,0001,1067,1202900011067,3188,3.5036545192429593
12,029,0001,1071,1202900011071,2352,3.3716219271760215
12,029,0001,1086,1202900011086,2882,3.459844642388208
12,029,0001,1090,1202900011090,2118,3.3261309567107946
12,029,0001,1103,1202900011103,2856,3.455910240382743
12,029,0001,1118,1202900011118,2536,3.404320467221731
12,029,0001,1156,1202900011156,4286,3.6321534835106326
12,029,0001,1160,1202900011160,2581,3.4119562379304016
12,029,0001,1175,1202900011175,3730,3.571825249040829
12,029,0001,1207,1202900011207,2834,3.452553063228925
12,029,0001,1211,1202900011211,2026,3.3068537486930087
12,029,0001,1226,1202900011226,2271,3.3564083270389813
12,029,0001,1230,1202900011230,2592,3.4138025167693513
12,029,0001,1245,1202900011245,2578,3.4114513421379375
12,029,0001,125A,120290001125A,2110,3.3244882333076564
12,029,0001,1264,1202900011264,3430,3.5354207180561734
12,029,0001,1279,1202900011279,630,2.8000293592441343
12,029,0001,1283,1202900011283,904,2.9566485792052033
12,029,0001,1298,1202900011298,4528,3.656002320682957
12,029,0001,1300,1202900011300,2867,3.4575791469957626
12,029,0001,1334,1202900011334,4048,3.6073477767684134
12,029,0001,1349,1202900011349,3355,3.5258219521566625
12,029,0001,1495,1202900011495,2734,3.4369573306694496
12,029,0001,1512,1202900011512,340,2.5327543789924976
12,029,0001,1527,1202900011527,4258,3.629307640073749
12,029,0001,1546,1202900011546,623,2.795184589682424
12,029,0001,1550,1202900011550,1544,3.1889284837608534
12,029,0001,1565,1202900011565,1320,3.1209028176145273
12,029,0001,157A,120290001157A,2506,3.3991543339582164
12,029,0001,1584,1202900011584,2625,3.4192947217534604
12,029,0001,1601,1202900011601,3463,3.539577883345309
12,029,0001,1616,1202900011616,2019,3.305351369446624
12,029,0001,1620,1202900011620,2673,3.4271614029259654
12,029,0001,1635,1202900011635,3687,3.5667909123815917
12,029,0001,164A,120290001164A,1112,3.0464951643347082
12,029,0001,1654,1202900011654,726,2.8615344108590377
12,029,0001,1705,1202900011705,87,1.9444826721501687
12,029,0001,171A,120290001171A,35,1.5563025007672873
12,029,0001,1724,1202900011724,21,1.3424226808222062
12,029,0001,1739,1202900011739,118,2.0755469613925306
12,029,0001,1743,1202900011743,430,2.6344772701607315
12,029,0001,1758,1202900011758,0,0.0
12,029,0001,1762,1202900011762,33,1.5314789170422551
12,029,0001,1777,1202900011777,13,1.146128035678238
12,029,0001,1781,1202900011781,542,2.734799829588847
12,029,0001,1828,1202900011828,146,2.167317334748176
12,029,0001,1832,1202900011832,68,1.8388490907372552
12,029,0001,1851,1202900011851,210,2.3242824552976926
12,029,0001,1866,1202900011866,503,2.7024305364455254
12,029,0001,1921,1202900011921,96,1.9867717342662448
12,029,0001,1936,1202900011936,917,2.9628426812012423
12,029,0001,1940,1202900011940,45,1.662757831681574
12,029,0001,1955,1202900011955,453,2.6570558528571038
12,029,0001,196A,120290001196A,211,2.326335860928751
12,029,0001,2031,1202900012031,967,2.9858753573083936
12,029,0001,2046,1202900012046,1792,3.253580289562183
12,029,0001,2116,1202900012116,108,2.037426497940624
12,029,0001,2120,1202900012120,1014,3.0064660422492318
12,029,0001,2135,1202900012135,479,2.681241237375587
12,029,0001,214A,120290001214A,15,1.2041199826559248
12,029,0001,2154,1202900012154,290,2.4638929889859074
12,029,0001,2169,1202900012169,1671,3.2232362731029975
12,029,0001,2173,1202900012173,1687,3.2273724422896364
12,029,0001,2188,1202900012188,270,2.432969290874406
12,029,0001,2192,1202900012192,2891,3.461198288622493
12,029,0001,2205,1202900012205,2593,3.4139699717480614
12,029,0001,221A,120290001221A,195,2.292256071356476
12,029,0001,2224,1202900012224,713,2.8536982117761744
12,029,0001,2239,1202900012239,1583,3.1997551772534747
12,029,0001,2243,1202900012243,1263,3.1017470739463664
12,029,0001,2258,1202900012258,797,2.9020028913507296
12,029,0001,2262,1202900012262,68,1.8388490907372552
12,029,0001,2277,1202900012277,26,1.4313637641589874
12,029,0001,2281,1202900012281,30,1.4913616938342726
12,029,0001,2296,1202900012296,2269,3.3560258571931225
12,029,0001,2309,1202900012309,2897,3.462098381135156
12,029,0001,2313,1202900012313,1656,3.219322508419337
12,029,0001,2328,1202900012328,1482,3.1711411510283822
12,029,0001,2332,1202900012332,2354,3.371990911464915
12,029,0001,2347,1202900012347,2276,3.3573630306151427
12,029,0001,2351,1202900012351,2028,3.307282047033346
12,029,0001,2366,1202900012366,818,2.9132839017604186
12,029,0001,2370,1202900012370,2390,3.378579576115775
12,029,0001,2385,1202900012385,2336,3.368658712392227
12,029,0001,239A,120290001239A,2895,3.461798557525109
12,029,0001,2402,1202900012402,1176,3.0707764628434346
12,029,0001,2417,1202900012417,1846,3.2664668954402414
12,029,0001,2421,1202900012421,2602,3.4154741681092355
12,029,0001,2436,1202900012436,2656,3.4243915544102776
12,029,0001,2440,1202900012440,2284,3.358886204405869
12,029,0001,2455,1202900012455,1600,3.2043913319193
12,029,0001,246A,120290001246A,1914,3.2821687783046416
12,029,0001,2474,1202900012474,135,2.1335389083702174
12,029,0001,2489,1202900012489,680,2.833147111912785
12,029,0001,2493,1202900012493,513,2.710963118995276
12,029,0001,2506,1202900012506,373,2.5728716022004803
12,029,0001,2510,1202900012510,1083,3.0350292822023683
12,029,0001,2525,1202900012525,133,2.1271047983648077
12,029,0001,253A,120290001253A,192,2.285557309007774
12,029,0001,2544,1202900012544,204,2.311753861055754
12,029,0001,2559,1202900012559,527,2.722633922533812
12,029,0001,2563,1202900012563,438,2.6424645202421213
12,029,0001,2578,1202900012578,367,2.5658478186735176
12,029,0001,2582,1202900012582,2995,3.4765418090274287
12,029,0001,2597,1202900012597,2340,3.3694014136966244
12,029,0001,260A,120290001260A,1342,3.1280760126687155
12,029,0001,2614,1202900012614,194,2.290034611362518
12,029,0001,2629,1202900012629,485,2.6866362692622934
12,029,0001,2633,1202900012633,133,2.1271047983648077
12,029,0001,2648,1202900012648,163,2.214843848047698
12,029,0001,2652,1202900012652,1796,3.2545480771089736
12,029,0001,2667,1202900012667,845,2.9273703630390235
12,029,0001,2671,1202900012671,699,2.845098040014257
12,029,0001,2686,1202900012686,678,2.8318697742805017
12,029,0001,2690,1202900012690,1158,3.064083435963596
12,029,0001,2703,1202900012703,229,2.361727836017593
12,029,0001,2718,1202900012718,101,2.0086001717619175
12,029,0001,2741,1202900012741,1236,3.0923696996291206
12,029,0001,2756,1202900012756,162,2.2121876044039577
12,029,0001,2760,1202900012760,63,1.806179973983887
12,029,0001,2775,1202900012775,125,2.100370545117563
12,029,0001,278A,120290001278A,822,2.91539983521227
12,029,0001,2794,1202900012794,79,1.9030899869919435
12,029,0001,2807,1202900012807,3,0.6020599913279624
12,029,0001,2811,1202900012811,173,2.2405492482826
12,029,0001,2826,1202900012826,13,1.146128035678238
12,029,0001,2830,1202900012830,54,1.7403626894942439
12,029,0001,2845,1202900012845,187,2.27415784926368
12,029,0001,285A,120290001285A,443,2.6473829701146196
12,029,0001,2864,1202900012864,1210,3.0831441431430524
12,029,0001,2879,1202900012879,51,1.7160033436347992
12,029,0001,2883,1202900012883,86,1.9395192526186185
12,029,0001,2898,1202900012898,366,2.5646660642520893
12,029,0001,2900,1202900012900,20,1.3222192947339193
12,029,0001,2987,1202900012987,36,1.568201724066995
12,029,0001,2991,1202900012991,136,2.1367205671564067
12,029,0001,3006,1202900013006,23,1.380211241711606
12,029,0001,3010,1202900013010,17,1.255272505103306
12,029,0001,3025,1202900013025,408,2.611723308007342
12,029,0001,303A,120290001303A,242,2.385606273598312
12,029,0001,3044,1202900013044,341,2.534026106056135
12,029,0001,3059,1202900013059,2266,3.3554515201265174
12,029,0001,3063,1202900013063,106,2.0293837776852097
12,029,0001,3078,1202900013078,26,1.4313637641589874
12,029,0001,3082,1202900013082,108,2.037426497940624
12,029,0001,3097,1202900013097,49,1.6989700043360187
12,029,0001,310A,120290001310A,120,2.0827853703164503
12,029,0001,3114,1202900013114,17,1.255272505103306
12,029,0001,3129,1202900013129,8,0.9542425094393249
12,029,0001,3133,1202900013133,35,1.5563025007672873
12,029,0001,3148,1202900013148,85,1.9344984512435677
12,029,0001,3152,1202900013152,99,2.0
12,029,0001,3167,1202900013167,435,2.639486489268586
12,029,0001,3171,1202900013171,1225,3.0884904701823963
12,029,0001,3186,1202900013186,9,1.0
12,029,0001,3190,1202900013190,79,1.9030899869919435
12,029,0001,3203,1202900013203,2,0.47712125471966244
12,029,0001,3218,1202900013218,0,0.0
12,029,0001,3222,1202900013222,92,1.968482948553935
12,029,0001,3237,1202900013237,16,1.2304489213782739
12,029,0001,3241,1202900013241,220,2.3443922736851106
12,029,0001,3256,1202900013256,55,1.7481880270062005
12,029,0001,3260,1202900013260,129,2.113943352306837
12,029,0001,3275,1202900013275,18,1.2787536009528289
12,029,0001,328A,120290001328A,15,1.2041199826559248
12,029,0001,3294,1202900013294,0,0.0
12,029,0001,3307,1202900013307,45,1.662757831681574
12,029,0001,3311,1202900013311,32,1.5185139398778875
12,029,0001,3330,1202900013330,22,1.3617278360175928
12,029,0001,3379,1202900013379,9,1.0
12,029,0001,3383,1202900013383,144,2.161368002234975
12,029,0001,3398,1202900013398,0,0.0
12,029,0001,3400,1202900013400,11,1.0791812460476249
12,029,0001,3415,1202900013415,616,2.7902851640332416
12,029,0001,342A,120290001342A,1357,3.132899769944483
12,029,0001,3434,1202900013434,740,2.869818207979328
12,029,0001,3449,1202900013449,2139,3.330413773349191
12,029,0001,3453,1202900013453,738,2.8686444383948255
12,029,0001,3468,1202900013468,75,1.8808135922807914
12,029,0001,3472,1202900013472,107,2.03342375548695
12,029,0001,3487,1202900013487,124,2.0969100130080562
12,029,0041,2008,1202900412008,1299,3.113943352306837
12,029,0041,2012,1202900412012,1056,3.024074987307426
12,029,0041,3326,1202900413326,4,0.6989700043360189
12,029,0043,0675,1202900430675,1480,3.1705550585212086
12,029,0043,068A,120290043068A,312,2.4955443375464483
12,029,0043,1368,1202900431368,1399,3.146128035678238
12,029,0043,1372,1202900431372,1100,3.041787318971752
12,029,0043,1387,1202900431387,1755,3.244524511570084
12,029,0043,1870,1202900431870,18,1.2787536009528289
12,029,0043,1885,1202900431885,9,1.0
12,029,0043,189A,120290043189A,20,1.3222192947339193
12,029,0043,1902,1202900431902,0,0.0
12,029,0045,1391,1202900451391,1946,3.2893659515200318
12,029,0045,1404,1202900451404,2264,3.3550682063488506
12,029,0045,1419,1202900451419,2157,3.334051440346892
12,029,0045,1796,1202900451796,15,1.2041199826559248
12,029,0045,207A,120290045207A,34,1.5440680443502757
12,029,0045,2101,1202900452101,29,1.4771212547196624
12,029,0045,2722,1202900452722,209,2.322219294733919
12,029,0045,2737,1202900452737,103,2.0170333392987803
12,029,0046,0177,1202900460177,1308,3.116939646550756
12,029,0046,0181,1202900460181,1366,3.1357685145678222
12,029,0047,1442,1202900471442,5562,3.745309059940828
12,029,0047,1457,1202900471457,2852,3.4553017716570764
12,029,0047,1461,1202900471461,2633,3.420615770625765
12,029,0047,2915,1202900472915,134,2.130333768495006
12,029,0047,292A,120290047292A,326,2.514547752660286
12,029,0047,2934,1202900472934,693,2.841359470454855
12,029,0047,2949,1202900472949,7,0.9030899869919435
12,029,0047,2953,1202900472953,147,2.1702617153949575
12,029,0047,2968,1202900472968,46,1.6720978579357175
12,029,0047,2972,1202900472972,136,2.1367205671564067
12,029,0047,335A,120290047335A,8,0.9542425094393249
12,029,0047,3364,1202900473364,0,0.0
12,030,0001,0197,1203000010197,3082,3.488973524726508
12,030,0001,020A,120300001020A,2220,3.346548558548474
12,030,0001,0214,1203000010214,2926,3.466422722433792
12,030,0001,0229,1203000010229,1679,3.225309281725863
12,030,0001,0233,1203000010233,114,2.060697840353612
12,030,0001,0248,1203000010248,132,2.123851640967086
12,030,0001,0252,1203000010252,84,1.9294189257142926
12,030,0001,0267,1203000010267,174,2.2430380486862944
12,030,0001,0271,1203000010271,469,2.6720978579357175
12,030,0001,0286,1203000010286,293,2.4683473304121573
12,030,0001,0290,1203000010290,146,2.167317334748176
12,030,0001,0303,1203000010303,265,2.424881636631067
12,030,0001,0318,1203000010318,169,2.230448921378274
12,030,0001,0322,1203000010322,92,1.968482948553935
12,030,0001,0337,1203000010337,36,1.568201724066995
12,030,0001,0341,1203000010341,914,2.9614210940664485
12,030,0001,0356,1203000010356,134,2.130333768495006
12,030,0001,0360,1203000010360,64,1.8129133566428555
12,030,0001,0375,1203000010375,113,2.0569048513364727
12,030,0001,038A,120300001038A,50,1.7075701760979363
12,030,0001,0394,1203000010394,17,1.255272505103306
12,030,0001,0407,1203000010407,65,1.8195439355418688
12,030,0001,0411,1203000010411,23,1.380211241711606
12,030,0001,0426,1203000010426,47,1.6812412373755872
12,030,0001,0430,1203000010430,110,2.0453229787866576
12,030,0001,0445,1203000010445,22,1.3617278360175928
12,031,0001,0048,1203100010048,1343,3.1283992687178066
12,031,0001,0052,1203100010052,151,2.1818435879447726
12,031,0001,0067,1203100010067,83,1.9242792860618816
12,031,0001,0194,1203100010194,12,1.1139433523068367
12,031,0001,0207,1203100010207,12,1.1139433523068367
12,031,0001,0211,1203100010211,16,1.2304489213782739
12,032,0001,0238,1203200010238,3018,3.479863113023098
12,032,0001,0242,1203200010242,2306,3.3630475945210936
12,032,0001,0384,1203200010384,1266,3.1027766148834415
12,032,0001,0399,1203200010399,1504,3.1775364999298623
12,032,0001,0401,1203200010401,348,2.5428254269591797
12,033,0001,0061,1203300010061,597,2.776701183988411
12,033,0001,0235,1203300010235,101,2.0086001717619175
12,033,0001,024A,120330001024A,1554,3.1917303933628562
12,033,0001,0254,1203300010254,1729,3.2380461031287955
12,033,0001,0269,1203300010269,2198,3.3422252293607904
12,033,0001,0273,1203300010273,913,2.960946195733831
12,033,0001,0288,1203300010288,243,2.387389826338729
12,033,0001,0292,1203300010292,13,1.146128035678238
12,033,0001,0305,1203300010305,127,2.1072099696478683
12,033,0001,031A,120330001031A,114,2.060697840353612
12,033,0001,0324,1203300010324,6,0.8450980400142568
12,033,0001,0339,1203300010339,81,1.9138138523837167
12,033,0001,0343,1203300010343,34,1.5440680443502757
12,033,0001,0358,1203300010358,73,1.8692317197309762
12,034,0001,0374,1203400010374,1953,3.2909245593827543
12,034,0001,0389,1203400010389,210,2.3242824552976926
12,034,0001,0393,1203400010393,655,2.8169038393756605
12,034,0001,0406,1203400010406,175,2.24551266781415
12,034,0001,0410,1203400010410,484,2.6857417386022635
12,034,0001,0425,1203400010425,588,2.7701152947871015
12,034,0001,0482,1203400010482,1415,3.15106325335375
12,034,0001,0497,1203400010497,1325,3.1225435240687545
12,034,0001,050A,120340001050A,1315,3.1192558892779365
12,034,0001,0529,1203400010529,1800,3.2555137128195333
12,034,0001,0533,1203400010533,3054,3.485011214578573
12,034,0001,0548,1203400010548,1745,3.2420442393695508
12,034,0001,0622,1203400010622,792,2.8992731873176036
12,034,0001,0637,1203400010637,1076,3.0322157032979815
12,034,0001,0641,1203400010641,110,2.0453229787866576
12,034,0001,0660,1203400010660,78,1.8976270912904414
12,034,0001,0711,1203400010711,72,1.863322860120456
12,034,0001,0745,1203400010745,77,1.8920946026904804
12,034,0001,075A,120340001075A,474,2.6766936096248664
12,034,0001,0764,1203400010764,43,1.6434526764861874
12,034,0001,0779,1203400010779,53,1.7323937598229686
12,034,0001,0868,1203400010868,21,1.3424226808222062
12,034,0001,0872,1203400010872,9,1.0
12,034,0001,0887,1203400010887,0,0.0
12,034,0001,0891,1203400010891,26,1.4313637641589874
12,034,0044,0675,1203400440675,989,2.99563519459755
12,034,0044,068A,120340044068A,994,2.9978230807457256
12,034,0044,0726,1203400440726,7,0.9030899869919435
12,034,0044,0730,1203400440730,38,1.591064607026499
12,034,0044,0783,1203400440783,22,1.3617278360175928
12,034,0044,0798,1203400440798,15,1.2041199826559248
12,034,0044,0800,1203400440800,18,1.2787536009528289
12,034,0044,0815,1203400440815,13,1.146128035678238
12,034,0044,0853,1203400440853,13,1.146128035678238
12,034,0047,0590,1203400470590,1490,3.1734776434529945
12,034,0047,0603,1203400470603,996,2.998695158311656
12,034,0047,0618,1203400470618,848,2.928907690243953
12,034,0047,0694,1203400470694,49,1.6989700043360187
12,034,0047,0707,1203400470707,17,1.255272505103306
12,034,0047,082A,120340047082A,61,1.792391689498254
12,034,0047,0834,1203400470834,13,1.146128035678238
12,034,0047,0849,1203400470849,37,1.5797835966168101
12,035,0001,0013,1203500010013,128,2.110589710299249
12,035,0001,0066,1203500010066,49,1.6989700043360187
12,035,0001,0070,1203500010070,4712,3.6732974397596356
12,035,0001,009A,120350001009A,2644,3.4224256763712044
12,035,0001,0244,1203500010244,2373,3.3754807146185724
12,035,0001,0282,1203500010282,996,2.998695158311656
12,035,0001,030A,120350001030A,2281,3.358315640082196
12,035,0001,0314,1203500010314,4316,3.635182048656268
12,035,0001,0329,1203500010329,2023,3.3062105081677613
12,035,0001,0333,1203500010333,2549,3.406540180433955
12,035,0001,0352,1203500010352,2129,3.3283796034387376
12,035,0001,0371,1203500010371,975,2.9894498176666917
12,035,0001,0390,1203500010390,1267,3.1031192535457137
12,035,0001,0418,1203500010418,2105,3.3234583668494677
12,035,0001,0422,1203500010422,2670,3.426673888021373
12,035,0001,0437,1203500010437,844,2.926856708949692
12,035,0001,0441,1203500010441,1013,3.0060379549973173
12,035,0001,0456,1203500010456,35,1.5563025007672873
12,035,0001,0460,1203500010460,1016,3.0073209529227447
12,035,0001,0475,1203500010475,795,2.900913067737669
12,035,0001,0530,1203500010530,2151,3.3328422669943514
12,035,0001,0545,1203500010545,319,2.505149978319906
12,035,0001,0564,1203500010564,683,2.835056101720116
12,035,0001,0579,1203500010579,430,2.6344772701607315
12,035,0001,0583,1203500010583,1364,3.1351326513767748
12,035,0001,0687,1203500010687,245,2.3909351071033793
12,035,0001,0691,1203500010691,1657,3.2195845262142546
12,035,0001,0827,1203500010827,2308,3.3634239329171765
12,035,0001,0831,1203500010831,3113,3.4933186082321015
12,035,0001,0850,1203500010850,2292,3.3604040547299387
12,035,0001,0865,1203500010865,909,2.9590413923210934
12,035,0001,087A,120350001087A,1374,3.1383026981662816
12,035,0001,0884,1203500010884,1801,3.255754786643044
12,035,0001,0899,1203500010899,1640,3.215108581053093
12,035,0001,0901,1203500010901,1707,3.232487866352986
12,035,0001,0916,1203500010916,1021,3.009450895798694
12,035,0001,0920,1203500010920,577,2.761927838420529
12,035,0001,0935,1203500010935,1602,3.204933522354145
12,035,0001,094A,120350001094A,2036,3.3089910290001643
12,035,0001,0969,1203500010969,2544,3.4056877866727775
12,035,0001,0988,1203500010988,2001,3.3014640731433
12,035,0001,0992,1203500010992,1391,3.1436392352745433
12,035,0001,1007,1203500011007,1149,3.060697840353612
12,035,0001,1026,1203500011026,1687,3.2273724422896364
12,035,0001,1030,1203500011030,1430,3.1556396337597765
12,035,0001,1045,1203500011045,1164,3.0663259253620376
12,035,0001,105A,120350001105A,1082,3.0346284566253203
12,035,0001,1064,1203500011064,3065,3.4865721505183562
12,035,0001,1083,1203500011083,1774,3.249198357391113
12,035,0001,1134,1203500011134,461,2.6646419755561257
12,035,0001,1149,1203500011149,246,2.392696953259666
12,035,0001,1153,1203500011153,937,2.9722028383790646
12,035,0001,1168,1203500011168,1225,3.0884904701823963
12,035,0001,1172,1203500011172,376,2.576341350205793
12,035,0001,1191,1203500011191,661,2.8208579894397
12,035,0001,1204,1203500011204,1606,3.2060158767633444
12,035,0001,1219,1203500011219,175,2.24551266781415
12,035,0001,1223,1203500011223,22,1.3617278360175928
12,035,0001,1238,1203500011238,1192,3.076640443670342
12,035,0001,1242,1203500011242,805,2.906335041805091
12,035,0001,1257,1203500011257,2003,3.301897717195208
12,035,0001,1261,1203500011261,2247,3.3517963068970236
12,035,0001,1276,1203500011276,3531,3.548020694905531
12,035,0001,1280,1203500011280,1334,3.125481265700594
12,035,0001,1295,1203500011295,1299,3.113943352306837
12,035,0001,1308,1203500011308,1406,3.1482940974347455
12,035,0001,1312,1203500011312,340,2.5327543789924976
12,035,0001,1327,1203500011327,701,2.846337112129805
12,035,0001,1331,1203500011331,1738,3.2402995820027125
12,035,0001,1346,1203500011346,875,2.9425041061680806
12,035,0001,1350,1203500011350,3177,3.5021538928713607
12,035,0001,1365,1203500011365,857,2.9334872878487053
12,035,0001,137A,120350001137A,139,2.146128035678238
12,035,0001,1384,1203500011384,152,2.184691430817599
12,035,0001,1399,1203500011399,1094,3.0394141191761372
12,035,0001,1401,1203500011401,139,2.146128035678238
12,035,0001,1416,1203500011416,124,2.0969100130080562
12,035,0001,1420,1203500011420,181,2.2600713879850747
12,035,0001,1435,1203500011435,49,1.6989700043360187
12,035,0001,144A,120350001144A,270,2.432969290874406
12,035,0001,1454,1203500011454,369,2.568201724066995
12,035,0001,1469,1203500011469,131,2.12057393120585
12,035,0001,1473,1203500011473,37,1.5797835966168101
12,035,0001,1488,1203500011488,5,0.7781512503836436
12,035,0001,1492,1203500011492,3015,3.4794313371977363
12,035,0001,1505,1203500011505,97,1.9912260756924949
12,035,0001,151A,120350001151A,70,1.8512583487190752
12,035,0001,1543,1203500011543,87,1.9444826721501687
12,035,0001,1558,1203500011558,207,2.3180633349627615
12,035,0001,1562,1203500011562,181,2.2600713879850747
12,035,0001,1581,1203500011581,613,2.788168371141168
12,035,0001,1596,1203500011596,249,2.3979400086720375
12,035,0001,1609,1203500011609,275,2.4409090820652177
12,035,0001,1613,1203500011613,517,2.714329759745233
12,035,0001,1628,1203500011628,124,2.0969100130080562
12,035,0001,1632,1203500011632,169,2.230448921378274
12,035,0001,1647,1203500011647,79,1.9030899869919435
12,035,0001,1651,1203500011651,1410,3.149527013754348
12,035,0001,1666,1203500011666,1602,3.204933522354145
12,035,0001,1670,1203500011670,128,2.110589710299249
12,035,0001,1685,1203500011685,6,0.8450980400142568
12,035,0001,169A,120350001169A,7,0.9030899869919435
12,035,0001,1702,1203500011702,26,1.4313637641589874
12,035,0001,1717,1203500011717,73,1.8692317197309762
12,035,0001,1721,1203500011721,34,1.5440680443502757
12,035,0001,1740,1203500011740,195,2.292256071356476
12,035,0001,1755,1203500011755,774,2.88930170250631
12,035,0001,176A,120350001176A,670,2.826722520168992
12,035,0001,1774,1203500011774,895,2.9523080096621253
12,035,0001,1789,1203500011789,27,1.4471580313422192
12,035,0001,1793,1203500011793,277,2.444044795918076
12,035,0001,1806,1203500011806,31,1.505149978319906
12,035,0001,1810,1203500011810,537,2.7307822756663893
12,035,0001,1825,1203500011825,23,1.380211241711606
12,035,0001,183A,120350001183A,5,0.7781512503836436
12,035,0001,1844,1203500011844,6,0.8450980400142568
12,035,0001,1859,1203500011859,119,2.0791812460476247
12,035,0001,1863,1203500011863,1175,3.0704073217401198
12,035,0001,1878,1203500011878,13,1.146128035678238
12,035,0001,1882,1203500011882,127,2.1072099696478683
12,035,0001,1897,1203500011897,121,2.0863598306747484
12,035,0001,190A,120350001190A,165,2.220108088040055
12,035,0001,1914,1203500011914,650,2.813580988568192
12,035,0001,1929,1203500011929,79,1.9030899869919435
12,035,0001,1933,1203500011933,32,1.5185139398778875
12,035,0001,1948,1203500011948,70,1.8512583487190752
12,035,0001,1952,1203500011952,6,0.8450980400142568
12,035,0001,1967,1203500011967,41,1.6232492903979006
12,035,0001,1971,1203500011971,99,2.0
12,035,0001,1986,1203500011986,139,2.146128035678238
12,035,0001,1990,1203500011990,324,2.5118833609788744
12,035,0001,2005,1203500012005,187,2.27415784926368
12,035,0001,201A,120350001201A,357,2.5538830266438746
12,035,0001,2024,1203500012024,403,2.606381365110605
12,035,0001,2039,1203500012039,44,1.6532125137753437
12,035,0001,2043,1203500012043,0,0.0
12,035,0001,2058,1203500012058,85,1.9344984512435677
12,035,0001,2062,1203500012062,54,1.7403626894942439
12,035,0001,2077,1203500012077,0,0.0
12,035,0001,2096,1203500012096,952,2.979092900638326
12,035,0001,2109,1203500012109,36,1.568201724066995
12,035,0001,2113,1203500012113,19,1.3010299956639813
12,035,0001,2128,1203500012128,59,1.7781512503836436
12,035,0001,2132,1203500012132,182,2.2624510897304293
12,035,0001,2147,1203500012147,66,1.8260748027008264
12,035,0001,2151,1203500012151,6,0.8450980400142568
12,035,0001,2166,1203500012166,10,1.0413926851582251
12,035,0001,2170,1203500012170,28,1.462397997898956
12,035,0001,2185,1203500012185,117,2.0718820073061255
12,035,0001,219A,120350001219A,17,1.255272505103306
12,035,0001,2236,1203500012236,8,0.9542425094393249
12,035,0001,2240,1203500012240,5,0.7781512503836436
12,035,0001,2255,1203500012255,0,0.0
12,035,0001,226A,120350001226A,4,0.6989700043360189
12,035,0001,2274,1203500012274,511,2.709269960975831
12,035,0001,2289,1203500012289,423,2.6273658565927325
12,035,0001,2293,1203500012293,54,1.7403626894942439
12,035,0001,2306,1203500012306,61,1.792391689498254
12,035,0001,2310,1203500012310,38,1.591064607026499
12,035,0001,2325,1203500012325,588,2.7701152947871015
12,035,0001,233A,120350001233A,57,1.7634279935629373
12,035,0001,2344,1203500012344,31,1.505149978319906
12,035,0001,2359,1203500012359,22,1.3617278360175928
12,035,0001,2363,1203500012363,1112,3.0464951643347082
12,035,0001,2378,1203500012378,27,1.4471580313422192
12,035,0001,2382,1203500012382,950,2.978180516937414
12,035,0001,2397,1203500012397,1211,3.0835026198302673
12,035,0001,240A,120350001240A,150,2.1789769472931693
12,035,0001,2414,1203500012414,1,0.3010299956639812
12,035,0001,2429,1203500012429,70,1.8512583487190752
12,035,0007,048A,120350007048A,395,2.597695185925512
12,035,0007,0494,1203500070494,573,2.7589118923979736
12,035,0007,0507,1203500070507,617,2.790988475088816
12,035,0007,0511,1203500070511,758,2.88024177589548
12,035,0007,055A,120350007055A,63,1.806179973983887
12,035,0007,1524,1203500071524,59,1.7781512503836436
12,035,0007,1539,1203500071539,15,1.2041199826559248
12,035,0007,2081,1203500072081,34,1.5440680443502757
12,035,0007,2217,1203500072217,21,1.3424226808222062
12,035,0007,2221,1203500072221,4,0.6989700043360189
12,035,0018,1098,1203500181098,672,2.828015064223977
12,035,0018,1100,1203500181100,1092,3.038620161949703
12,035,0018,1115,1203500181115,455,2.658964842664435
12,035,0018,112A,120350018112A,561,2.749736315569061
12,035,0018,1736,1203500181736,3,0.6020599913279624
12,035,0018,2202,1203500182202,26,1.4313637641589874
12,036,0001,0044,1203600010044,1190,3.0759117614827773
12,036,0001,0059,1203600010059,914,2.9614210940664485
12,036,0001,0097,1203600010097,532,2.7267272090265724
12,036,0001,010A,120360001010A,57,1.7634279935629373
12,036,0001,0114,1203600010114,130,2.1172712956557644
12,036,0001,0129,1203600010129,28,1.462397997898956
12,036,0001,0133,1203600010133,130,2.1172712956557644
12,036,0001,0148,1203600010148,98,1.99563519459755
12,036,0001,0152,1203600010152,31,1.505149978319906
12,037,0001,0056,1203700010056,64,1.8129133566428555
12,037,0001,0060,1203700010060,178,2.2528530309798933
12,037,0001,0198,1203700010198,1233,3.091315159697223
12,037,0001,0200,1203700010200,864,2.9370161074648142
12,037,0001,0215,1203700010215,74,1.8750612633917
12,037,0001,022A,120370001022A,0,0.0
12,037,0001,0234,1203700010234,50,1.7075701760979363
12,037,0001,0249,1203700010249,8,0.9542425094393249
12,037,0001,0253,1203700010253,12,1.1139433523068367
12,037,0001,0268,1203700010268,10,1.0413926851582251
12,038,0001,0231,1203800010231,1323,3.121887985103681
12,038,0001,0320,1203800010320,2144,3.331427296520743
12,038,0001,0462,1203800010462,37,1.5797835966168101
12,038,0001,0477,1203800010477,2669,3.4265112613645754
12,038,0001,0496,1203800010496,2587,3.4129642719966626
12,038,0001,0570,1203800010570,973,2.9885589568786157
12,038,0001,0585,1203800010585,1624,3.210853365314893
12,038,0001,059A,120380001059A,1425,3.154119525515847
12,038,0001,0602,1203800010602,783,2.8943160626844384
12,038,0001,0617,1203800010617,1090,3.037824750588342
12,038,0001,0621,1203800010621,1277,3.1065308538223815
12,038,0001,0636,1203800010636,646,2.8109042806687006
12,038,0001,0640,1203800010640,1592,3.2022157758011316
12,038,0001,066A,120380001066A,1241,3.0941215958405612
12,038,0001,0674,1203800010674,1269,3.103803720955957
12,038,0001,0693,1203800010693,1664,3.2214142378423385
12,038,0001,0706,1203800010706,1361,3.1341771075767664
12,038,0001,0710,1203800010710,914,2.9614210940664485
12,038,0001,0725,1203800010725,1091,3.0382226383687185
12,038,0001,073A,120380001073A,976,2.989894563718773
12,038,0001,0744,1203800010744,1159,3.0644579892269186
12,038,0001,0759,1203800010759,1146,3.0595634179012676
12,038,0001,0782,1203800010782,1826,3.2617385473525378
12,038,0001,0797,1203800010797,1729,3.2380461031287955
12,038,0001,0814,1203800010814,1644,3.216165902285993
12,038,0001,0829,1203800010829,768,2.885926339801431
12,038,0001,0848,1203800010848,1308,3.116939646550756
12,038,0001,0941,1203800010941,1319,3.12057393120585
12,038,0001,0956,1203800010956,1107,3.044539760392411
12,038,0001,0960,1203800010960,812,2.910090545594068
12,038,0001,0975,1203800010975,814,2.9111576087399764
12,038,0001,098A,120380001098A,122,2.089905111439398
12,038,0001,0994,1203800010994,271,2.4345689040341987
12,038,0001,1032,1203800011032,139,2.146128035678238
12,038,0001,1047,1203800011047,253,2.404833716619938
12,038,0001,1085,1203800011085,56,1.7558748556724915
12,038,0001,116A,120380001116A,87,1.9444826721501687
12,038,0001,1329,1203800011329,155,2.1931245983544616
12,038,0001,1333,1203800011333,1565,3.1947917577219247
12,038,0001,1348,1203800011348,1719,3.2355284469075487
12,038,0001,1352,1203800011352,2766,3.442009159140952
12,038,0001,1367,1203800011367,1054,3.0232524596337114
12,038,0001,1371,1203800011371,519,2.716003343634799
12,038,0001,1386,1203800011386,1242,3.094471128641645
12,038,0001,1390,1203800011390,2206,3.343802333161655
12,038,0001,1403,1203800011403,139,2.146128035678238
12,038,0001,1418,1203800011418,119,2.0791812460476247
12,038,0001,1422,1203800011422,8,0.9542425094393249
12,038,0001,1437,1203800011437,1228,3.089551882886454
12,038,0001,1441,1203800011441,1303,3.1152775913959014
12,038,0001,1456,1203800011456,2342,3.369772288596963
12,038,0001,1460,1203800011460,1760,3.245759355967277
12,038,0001,1475,1203800011475,2715,3.433929765608464
12,038,0001,148A,120380001148A,1483,3.171433900943008
12,038,0001,1494,1203800011494,193,2.287801729930226
12,038,0001,1598,1203800011598,113,2.0569048513364727
12,038,0001,1615,1203800011615,212,2.3283796034387376
12,038,0001,162A,120380001162A,287,2.459392487759231
12,038,0001,1649,1203800011649,645,2.8102325179950842
12,038,0001,1653,1203800011653,579,2.7634279935629373
12,038,0001,1691,1203800011691,69,1.845098040014257
12,038,0001,1704,1203800011704,997,2.999130541287371
12,038,0001,1723,1203800011723,239,2.380211241711606
12,038,0001,1738,1203800011738,213,2.330413773349191
12,038,0001,1742,1203800011742,150,2.1789769472931693
12,038,0001,1757,1203800011757,680,2.833147111912785
12,038,0001,1831,1203800011831,270,2.432969290874406
12,038,0001,1846,1203800011846,0,0.0
12,038,0001,1969,1203800011969,1696,3.229681842317676
12,038,0001,1973,1203800011973,165,2.220108088040055
12,038,0001,2030,1203800012030,160,2.2068258760318495
12,038,0001,2115,1203800012115,259,2.4149733479708178
12,038,0001,212A,120380001212A,257,2.41161970596323
12,038,0001,2134,1203800012134,4,0.6989700043360189
12,038,0013,1051,1203800131051,827,2.9180303367848803
12,038,0013,1066,1203800131066,151,2.1818435879447726
12,038,0013,1070,1203800131070,46,1.6720978579357175
12,038,0013,1121,1203800131121,23,1.380211241711606
12,038,0013,1136,1203800131136,25,1.414973347970818
12,038,0013,1140,1203800131140,35,1.5563025007672873
12,038,0013,1155,1203800131155,130,2.1172712956557644
12,038,0013,1225,1203800131225,1552,3.1911714557285586
12,038,0013,123A,120380013123A,1121,3.0499928569201424
12,038,0013,1244,1203800131244,672,2.828015064223977
12,038,0013,1259,1203800131259,745,2.8727388274726686
12,038,0013,1263,1203800131263,115,2.0644579892269186
12,038,0013,1278,1203800131278,1057,3.024485667699167
12,038,0013,1282,1203800131282,1257,3.09968064110925
12,038,0013,1297,1203800131297,85,1.9344984512435677
12,038,0013,130A,120380013130A,100,2.0043213737826426
12,038,0013,1634,1203800131634,16,1.2304489213782739
12,038,0013,1668,1203800131668,14,1.1760912590556813
12,038,0013,1812,1203800131812,0,0.0
12,038,0013,1827,1203800131827,299,2.4771212547196626
12,038,0013,1899,1203800131899,47,1.6812412373755872
12,038,0013,1901,1203800131901,44,1.6532125137753437
12,038,0013,1916,1203800131916,52,1.724275869600789
12,038,0013,1935,1203800131935,224,2.3521825181113627
12,038,0013,194A,120380013194A,70,1.8512583487190752
12,038,0013,1954,1203800131954,205,2.3138672203691533
12,038,0013,1988,1203800131988,0,0.0
12,038,0013,1992,1203800131992,36,1.568201724066995
12,038,0013,2007,1203800132007,36,1.568201724066995
12,038,0013,2100,1203800132100,4,0.6989700043360189
12,038,0023,0015,1203800230015,99,2.0
12,038,0023,0551,1203800230551,317,2.5024271199844326
12,038,0023,0566,1203800230566,1039,3.0170333392987803
12,038,0023,0867,1203800230867,893,2.951337518795918
12,038,0023,0871,1203800230871,1989,3.298853076409707
12,038,0023,0886,1203800230886,1412,3.1501421618485588
12,038,0023,0890,1203800230890,826,2.9175055095525466
12,038,0023,109A,120380023109A,288,2.4608978427565478
12,038,0023,1314,1203800231314,0,0.0
12,038,0023,2045,1203800232045,42,1.6334684555795864
12,038,0057,1102,1203800571102,1844,3.265996370495079
12,038,0057,1117,1203800571117,2277,3.3575537197430814
12,038,0057,1920,1203800571920,12,1.1139433523068367
12,038,0057,2026,1203800572026,80,1.9084850188786497
12,038,0124,1206,1203801241206,86,1.9395192526186185
12,038,0124,1507,1203801241507,112,2.0530784434834195
12,038,0124,1511,1203801241511,726,2.8615344108590377
12,038,0124,1526,1203801241526,1137,3.056142262059052
12,038,0124,1530,1203801241530,1854,3.268343913951065
12,038,0124,1545,1203801241545,1219,3.0863598306747484
12,038,0124,155A,120380124155A,657,2.8182258936139557
12,038,0124,1564,1203801241564,369,2.568201724066995
12,038,0124,1579,1203801241579,2491,3.396548037987132
12,038,0124,1600,1203801241600,243,2.387389826338729
12,038,0124,1672,1203801241672,347,2.5415792439465807
12,038,0124,1687,1203801241687,1417,3.151676230847048
12,038,0124,1761,1203801241761,625,2.7965743332104296
12,038,0124,1776,1203801241776,241,2.383815365980431
12,038,0124,1780,1203801241780,273,2.437750562820388
12,038,0124,1795,1203801241795,59,1.7781512503836436
12,038,0124,1808,1203801241808,47,1.6812412373755872
12,038,0124,1850,1203801241850,1348,3.1300119496719043
12,038,0124,1865,1203801241865,74,1.8750612633917
12,038,0124,187A,120380124187A,453,2.6570558528571038
12,038,0124,1884,1203801241884,20,1.3222192947339193
12,038,0124,2011,1203801242011,8,0.9542425094393249
12,039,0001,0065,1203900010065,1600,3.2043913319193
12,039,0001,007A,120390001007A,1551,3.1908917169221698
12,039,0001,0084,1203900010084,1239,3.093421685162235
12,039,0001,021A,120390001021A,1861,3.269979676645324
12,039,0001,0224,1203900010224,2213,3.345177616542704
12,039,0001,0239,1203900010239,3058,3.485579476984679
12,039,0001,0243,1203900010243,107,2.03342375548695
12,039,0001,0258,1203900010258,45,1.662757831681574
12,039,0001,0262,1203900010262,333,2.5237464668115646
12,039,0001,0277,1203900010277,86,1.9395192526186185
12,039,0001,0281,1203900010281,169,2.230448921378274
12,040,0001,0136,1204000010136,586,2.7686381012476144
12,040,0001,0140,1204000010140,741,2.870403905279027
12,040,0001,0155,1204000010155,527,2.722633922533812
12,040,0001,0297,1204000010297,1257,3.09968064110925
12,040,0001,030A,120400001030A,1556,3.1922886125681202
12,040,0001,0314,1204000010314,893,2.951337518795918
12,040,0001,0329,1204000010329,884,2.9469432706978256
12,040,0001,0333,1204000010333,1733,3.2390490931401916
12,040,0001,0367,1204000010367,1870,3.27207378750001
12,040,0001,0371,1204000010371,1978,3.296445794206396
12,040,0001,0386,1204000010386,111,2.0492180226701815
12,040,0001,0390,1204000010390,21,1.3424226808222062
12,040,0001,0403,1204000010403,19,1.3010299956639813
12,040,0001,0418,1204000010418,97,1.9912260756924949
12,040,0001,0422,1204000010422,72,1.863322860120456
12,040,0001,0437,1204000010437,121,2.0863598306747484
12,040,0001,0441,1204000010441,4,0.6989700043360189
12,040,0001,0456,1204000010456,13,1.146128035678238
12,040,0019,0348,1204000190348,1213,3.0842186867392387
12,040,0019,0352,1204000190352,2049,3.311753861055754
12,041,0001,010A,120410001010A,1154,3.062581984228163
12,041,0001,0294,1204100010294,40,1.6127838567197355
12,041,0001,0307,1204100010307,142,2.155336037465062
12,041,0001,0311,1204100010311,35,1.5563025007672873
12,042,0001,0249,1204200010249,2129,3.3283796034387376
12,042,0001,0253,1204200010253,2354,3.371990911464915
12,042,0001,0268,1204200010268,195,2.292256071356476
12,042,0001,0272,1204200010272,126,2.103803720955957
12,042,0001,0287,1204200010287,21,1.3424226808222062
12,042,0001,0291,1204200010291,22,1.3617278360175928
12,042,0001,0304,1204200010304,70,1.8512583487190752
12,042,0016,0234,1204200160234,2712,3.433449793761596
12,043,0001,0161,1204300010161,2210,3.344588742578714
12,043,0001,0176,1204300010176,570,2.756636108245848
12,043,0001,0354,1204300010354,624,2.7958800173440754
12,043,0001,0369,1204300010369,32,1.5185139398778875
12,043,0001,0373,1204300010373,36,1.568201724066995
12,043,0001,0388,1204300010388,106,2.0293837776852097
12,043,0001,0392,1204300010392,35,1.5563025007672873
12,043,0001,0405,1204300010405,60,1.7853298350107671
12,043,0001,041A,120430001041A,109,2.041392685158225
12,043,0001,0424,1204300010424,0,0.0
12,043,0001,0439,1204300010439,66,1.8260748027008264
12,043,0001,0443,1204300010443,26,1.4313637641589874
12,043,0001,0458,1204300010458,44,1.6532125137753437
12,043,0001,0462,1204300010462,93,1.9731278535996986
12,044,0001,0262,1204400010262,1921,3.2837533833325265
12,044,0001,0277,1204400010277,1884,3.2753113545418118
12,044,0001,0281,1204400010281,2159,3.3344537511509307
12,044,0001,0296,1204400010296,19,1.3010299956639813
12,044,0001,0309,1204400010309,69,1.845098040014257
12,045,0001,0325,1204500010325,1984,3.297760511099134
12,045,0001,033A,120450001033A,2519,3.401400540781544
12,045,0001,0344,1204500010344,2416,3.3832766504076504
12,045,0001,0363,1204500010363,52,1.724275869600789
12,045,0015,0359,1204500150359,4217,3.6251065754034677
12,045,0015,0378,1204500150378,24,1.3979400086720377
12,045,0015,0382,1204500150382,94,1.9777236052888478
12,045,0015,0397,1204500150397,9,1.0
12,046,0001,0017,1204600010017,16,1.2304489213782739
12,046,0001,013A,120460001013A,1974,3.295567099962479
12,046,0001,0159,1204600010159,1962,3.292920299600006
12,046,0001,0163,1204600010163,2148,3.3322364154914434
12,046,0001,0178,1204600010178,1839,3.2648178230095364
12,046,0001,0182,1204600010182,2917,3.4650852875574327
12,046,0001,0197,1204600010197,1611,3.2073650374690716
12,046,0001,020A,120460001020A,863,2.936513742478893
12,046,0001,0214,1204600010214,2133,3.329194415088451
12,046,0001,0229,1204600010229,319,2.505149978319906
12,046,0001,0233,1204600010233,1575,3.1975562131535367
12,046,0001,038A,120460001038A,1416,3.1513698502474603
12,046,0001,0394,1204600010394,2203,3.3432115901797474
12,046,0001,0407,1204600010407,2406,3.38147609027503
12,046,0001,0411,1204600010411,2126,3.327767489902729
12,046,0001,0445,1204600010445,56,1.7558748556724915
12,046,0001,0464,1204600010464,6,0.8450980400142568
12,046,0001,0479,1204600010479,224,2.3521825181113627
12,046,0001,0483,1204600010483,122,2.089905111439398
12,046,0001,0498,1204600010498,104,2.0211892990699383
12,046,0001,0515,1204600010515,68,1.8388490907372552
12,046,0001,0587,1204600010587,466,2.6693168805661123
12,046,0001,0591,1204600010591,48,1.6901960800285136
12,046,0001,0604,1204600010604,109,2.041392685158225
12,046,0001,0638,1204600010638,98,1.99563519459755
12,046,0001,0676,1204600010676,197,2.296665190261531
12,046,0001,0680,1204600010680,194,2.290034611362518
12,046,0001,0695,1204600010695,24,1.3979400086720377
12,046,0001,0708,1204600010708,147,2.1702617153949575
12,046,0001,0712,1204600010712,67,1.8325089127062364
12,046,0001,0727,1204600010727,62,1.7993405494535817
12,046,0001,0731,1204600010731,107,2.03342375548695
12,046,0001,0746,1204600010746,0,0.0
12,046,0002,0549,1204600020549,179,2.255272505103306
12,046,0002,0553,1204600020553,1616,3.208710019906401
12,046,0002,0568,1204600020568,1874,3.2730012720637376
12,046,0002,0619,1204600020619,3,0.6020599913279624
12,046,0002,0642,1204600020642,4,0.6989700043360189
12,046,0002,0657,1204600020657,131,2.12057393120585
12,046,0002,0661,1204600020661,21,1.3424226808222062
12,046,0007,0360,1204600070360,2092,3.3207692283386865
12,046,0007,0375,1204600070375,3081,3.4888326343824003
12,046,0007,0623,1204600070623,0,0.0
12,046,0016,052A,120460016052A,1809,3.2576785748691846
12,046,0016,0534,1204600160534,1527,3.184123354239671
12,046,0016,0572,1204600160572,51,1.7160033436347992
12,046,0035,0036,1204600350036,2613,3.4173055832445254
12,046,0035,0341,1204600350341,1035,3.0153597554092144
12,046,0035,0356,1204600350356,1764,3.2467447097238415
12,047,0001,0052,1204700010052,346,2.5403294747908736
12,047,0001,0067,1204700010067,140,2.1492191126553797
12,047,0001,0071,1204700010071,66,1.8260748027008264
12,047,0001,0086,1204700010086,77,1.8920946026904804
12,047,0001,0090,1204700010090,102,2.012837224705172
12,047,0001,0103,1204700010103,6,0.8450980400142568
12,048,0001,0026,1204800010026,45,1.662757831681574
12,048,0001,0312,1204800010312,1497,3.1755118133634475
12,048,0001,0331,1204800010331,2196,3.3418300569205104
12,048,0001,0350,1204800010350,140,2.1492191126553797
12,048,0001,0365,1204800010365,1635,3.2137832993353044
12,048,0001,037A,120480001037A,831,2.920123326290724
12,048,0001,0384,1204800010384,1774,3.249198357391113
12,048,0001,0399,1204800010399,1749,3.2430380486862944
12,048,0001,0651,1204800010651,701,2.846337112129805
12,048,0001,0666,1204800010666,1210,3.0831441431430524
12,048,0001,0670,1204800010670,1538,3.187238619831479
12,048,0001,0685,1204800010685,1384,3.1414497734004674
12,048,0001,069A,120480001069A,1796,3.2545480771089736
12,048,0001,0702,1204800010702,1270,3.104145550554008
12,048,0001,0717,1204800010717,1503,3.1772478362556233
12,048,0001,0721,1204800010721,1021,3.009450895798694
12,048,0001,0789,1204800010789,559,2.7481880270062002
12,048,0001,0793,1204800010793,33,1.5314789170422551
12,048,0001,0825,1204800010825,611,2.7867514221455614
12,048,0001,083A,120480001083A,692,2.8407332346118066
12,048,0001,0844,1204800010844,162,2.2121876044039577
12,048,0001,0859,1204800010859,7,0.9030899869919435
12,048,0001,0863,1204800010863,128,2.110589710299249
12,048,0001,0878,1204800010878,6,0.8450980400142568
12,048,0001,0897,1204800010897,52,1.724275869600789
12,048,0001,090A,120480001090A,115,2.0644579892269186
12,048,0001,0914,1204800010914,94,1.9777236052888478
12,048,0001,0933,1204800010933,84,1.9294189257142926
12,048,0001,0948,1204800010948,58,1.7708520116421442
12,048,0001,0952,1204800010952,296,2.4727564493172123
12,048,0001,0967,1204800010967,27,1.4471580313422192
12,048,0001,0971,1204800010971,149,2.1760912590556813
12,048,0178,0011,1204801780011,21,1.3424226808222062
12,048,0178,0416,1204801780416,779,2.8920946026904804
12,048,0178,0420,1204801780420,303,2.482873583608754
12,048,0178,0435,1204801780435,857,2.9334872878487053
12,048,0178,0736,1204801780736,1465,3.166133970305109
12,048,0178,0740,1204801780740,1465,3.166133970305109
12,048,0178,0755,1204801780755,772,2.888179493918325
12,048,0178,076A,120480178076A,1109,3.0453229787866576
12,048,0178,0806,1204801780806,4,0.6989700043360189
12,048,0178,0882,1204801780882,115,2.0644579892269186
12,048,0178,0929,1204801780929,103,2.0170333392987803
12,049,0001,0042,1204900010042,600,2.7788744720027396
12,049,0001,0057,1204900010057,867,2.938519725176492
12,049,0001,0061,1204900010061,180,2.2576785748691846
12,049,0001,017A,120490001017A,1885,3.2755416884013098
12,049,0001,0184,1204900010184,2652,3.423737249982329
12,050,0001,0217,1205000010217,1744,3.241795431295199
12,050,0001,0236,1205000010236,2008,3.3029799367482493
12,050,0001,0240,1205000010240,2870,3.458033192496506
12,050,0001,0255,1205000010255,1083,3.0350292822023683
12,050,0001,026A,120500001026A,1718,3.2352758766870524
12,050,0001,0274,1205000010274,2565,3.4092566520389096
12,050,0001,0289,1205000010289,3518,3.5464192668351915
12,050,0001,0293,1205000010293,2156,3.333850145102545
12,050,0001,0306,1205000010306,1497,3.1755118133634475
12,050,0001,0310,1205000010310,1999,3.3010299956639813
12,050,0001,0325,1205000010325,1527,3.184123354239671
12,050,0001,033A,120500001033A,1872,3.2725377773752373
12,050,0001,0359,1205000010359,106,2.0293837776852097
12,050,0001,0414,1205000010414,219,2.342422680822206
12,050,0001,0429,1205000010429,341,2.534026106056135
12,050,0001,0433,1205000010433,64,1.8129133566428555
12,050,0001,0448,1205000010448,139,2.146128035678238
12,050,0001,0452,1205000010452,373,2.5728716022004803
12,050,0001,0467,1205000010467,6,0.8450980400142568
12,050,0001,0471,1205000010471,32,1.5185139398778875
12,050,0001,0486,1205000010486,13,1.146128035678238
12,050,0016,0363,1205000160363,1435,3.1571544399062814
12,050,0016,0378,1205000160378,974,2.989004615698537
12,050,0016,0382,1205000160382,561,2.749736315569061
12,050,0016,0397,1205000160397,154,2.1903316981702914
12,050,0016,040A,120500016040A,140,2.1492191126553797
12,051,0001,0286,1205100010286,3127,3.4952667443878105
12,051,0001,0290,1205100010290,2527,3.402777069610347
12,051,0001,0303,1205100010303,128,2.110589710299249
12,051,0001,0318,1205100010318,186,2.271841606536499
12,051,0001,0322,1205100010322,959,2.9822712330395684
12,051,0001,0356,1205100010356,187,2.27415784926368
12,051,0001,0360,1205100010360,46,1.6720978579357175
12,051,0001,0375,1205100010375,26,1.4313637641589874
12,051,0001,038A,120510001038A,0,0.0
12,051,0001,0394,1205100010394,19,1.3010299956639813
12,051,0001,0411,1205100010411,9,1.0
12,051,0008,0337,1205100080337,2386,3.3778524190067545
12,051,0008,0341,1205100080341,1355,3.1322596895310446
12,051,0008,0407,1205100080407,74,1.8750612633917
12,052,0001,0160,1205200010160,1201,3.079904467666721
12,052,0001,0175,1205200010175,975,2.9894498176666917
12,052,0001,018A,120520001018A,1385,3.141763230275788
12,052,0001,0194,1205200010194,1172,3.0692980121155293
12,052,0001,0211,1205200010211,1198,3.0788191830988487
12,052,0001,0226,1205200010226,906,2.957607287060095
12,052,0001,0230,1205200010230,304,2.484299839346786
12,052,0001,0245,1205200010245,92,1.968482948553935
12,052,0001,0495,1205200010495,93,1.9731278535996986
12,052,0001,0550,1205200010550,747,2.8739015978644615
12,052,0001,0565,1205200010565,1275,3.1058506743851435
12,052,0001,057A,120520001057A,0,0.0
12,052,0001,0584,1205200010584,0,0.0
12,052,0001,064A,120520001064A,154,2.1903316981702914
12,052,0001,0654,1205200010654,0,0.0
12,052,0001,0669,1205200010669,80,1.9084850188786497
12,052,0008,0423,1205200080423,1090,3.037824750588342
12,052,0008,0438,1205200080438,777,2.890979596989689
12,052,0008,0442,1205200080442,1627,3.2116544005531824
12,052,0009,0476,1205200090476,1448,3.1610683854711747
12,052,0009,0480,1205200090480,1703,3.2314695904306814
12,052,0009,0531,1205200090531,150,2.1789769472931693
12,052,0009,0546,1205200090546,155,2.1931245983544616
12,052,0009,0601,1205200090601,49,1.6989700043360187
12,052,0009,0635,1205200090635,104,2.0211892990699383
12,052,0009,0673,1205200090673,0,0.0
12,052,0009,0688,1205200090688,88,1.9493900066449128
12,052,0026,0508,1205200260508,1452,3.1622656142980214
12,052,0026,0512,1205200260512,1400,3.1464381352857744
12,052,0026,0527,1205200260527,783,2.8943160626844384
12,052,0026,0599,1205200260599,1,0.3010299956639812
12,052,0026,0616,1205200260616,51,1.7160033436347992
12,052,0026,0620,1205200260620,25,1.414973347970818
12,053,0001,0204,1205300010204,135,2.1335389083702174
12,053,0001,0420,1205300010420,2046,3.311117842662506
12,053,0001,0435,1205300010435,2404,3.3811150807098507
12,053,0001,044A,120530001044A,2156,3.333850145102545
12,053,0001,0473,1205300010473,30,1.4913616938342726
12,053,0001,0488,1205300010488,34,1.5440680443502757
12,053,0001,051A,120530001051A,317,2.5024271199844326
12,053,0001,0539,1205300010539,2010,3.303412070596742
12,053,0001,0543,1205300010543,1264,3.1020905255118367
12,053,0001,0558,1205300010558,1985,3.2979792441593623
12,053,0001,0562,1205300010562,996,2.998695158311656
12,053,0001,0577,1205300010577,42,1.6334684555795864
12,053,0001,0581,1205300010581,31,1.505149978319906
12,053,0001,0596,1205300010596,137,2.1398790864012365
12,053,0001,0632,1205300010632,32,1.5185139398778875
12,053,0001,0647,1205300010647,31,1.505149978319906
12,053,0039,0492,1205300390492,1299,3.113943352306837
12,053,0039,0505,1205300390505,1449,3.161368002234975
12,053,0039,0524,1205300390524,22,1.3617278360175928
12,053,0039,0609,1205300390609,33,1.5314789170422551
12,053,0039,0613,1205300390613,0,0.0
12,053,0067,0187,1205300670187,2117,3.325925955771466
12,053,0067,0191,1205300670191,2418,3.3836358683618797
12,053,0067,0628,1205300670628,123,2.093421685162235
12,053,0067,0651,1205300670651,25,1.414973347970818
12,053,0067,0666,1205300670666,8,0.9542425094393249
12,053,0067,0670,1205300670670,39,1.6020599913279623
12,053,0067,0685,1205300670685,3,0.6020599913279624
12,053,0067,069A,120530067069A,29,1.4771212547196624
12,054,0001,0343,1205400010343,475,2.677606952720493
12,054,0001,0358,1205400010358,389,2.591064607026499
12,054,0001,0451,1205400010451,772,2.888179493918325
12,054,0001,0466,1205400010466,938,2.972665592266111
12,054,0001,0470,1205400010470,1701,3.230959555748569
12,054,0001,0485,1205400010485,6,0.8450980400142568
12,054,0001,049A,120540001049A,29,1.4771212547196624
12,055,0001,0020,1205500010020,2269,3.3560258571931225
12,055,0001,0035,1205500010035,854,2.931966114728173
12,055,0001,0054,1205500010054,2155,3.3336487565147013
12,055,0001,0069,1205500010069,1969,3.294466226161593
12,055,0001,0162,1205500010162,3119,3.494154594018443
12,055,0001,0177,1205500010177,2694,3.4305587695227575
12,055,0001,0196,1205500010196,4442,3.6476763132408707
12,055,0001,0209,1205500010209,3502,3.5444401373176926
12,055,0001,0213,1205500010213,21,1.3424226808222062
12,055,0001,0232,1205500010232,1266,3.1027766148834415
12,055,0001,0247,1205500010247,1111,3.0461047872460387
12,055,0001,0251,1205500010251,882,2.9459607035775686
12,055,0001,0266,1205500010266,180,2.2576785748691846
12,055,0001,0270,1205500010270,1266,3.1027766148834415
12,055,0001,0285,1205500010285,588,2.7701152947871015
12,055,0001,0548,1205500010548,2955,3.470704429722788
12,055,0001,0552,1205500010552,3328,3.522313795156667
12,055,0001,0567,1205500010567,1352,3.131297796597623
12,055,0001,0571,1205500010571,4830,3.6840370374865197
12,055,0001,0603,1205500010603,803,2.905256048748451
12,055,0001,0618,1205500010618,525,2.7209857441537393
12,055,0001,0622,1205500010622,2474,3.3935752032695876
12,055,0001,0637,1205500010637,1350,3.130655349022031
12,055,0001,0641,1205500010641,969,2.9867717342662448
12,055,0001,0656,1205500010656,111,2.0492180226701815
12,055,0001,0675,1205500010675,57,1.7634279935629373
12,055,0001,068A,120550001068A,206,2.315970345456918
12,055,0001,0694,1205500010694,698,2.8444771757456815
12,055,0001,0745,1205500010745,314,2.4983105537896004
12,055,0001,0815,1205500010815,19,1.3010299956639813
12,055,0001,082A,120550001082A,2266,3.3554515201265174
12,055,0001,0834,1205500010834,1718,3.2352758766870524
12,055,0001,0938,1205500010938,34,1.5440680443502757
12,055,0001,0942,1205500010942,47,1.6812412373755872
12,055,0001,0957,1205500010957,8,0.9542425094393249
12,055,0001,1067,1205500011067,17,1.255272505103306
12,055,0002,0711,1205500020711,28,1.462397997898956
12,055,0002,0726,1205500020726,189,2.278753600952829
12,055,0002,075A,120550002075A,51,1.7160033436347992
12,055,0002,0849,1205500020849,1569,3.1958996524092336
12,055,0002,0853,1205500020853,2460,3.3911116137028023
12,055,0039,0730,1205500390730,4376,3.641176546613114
12,055,0039,0923,1205500390923,0,0.0
12,055,0046,0586,1205500460586,2702,3.4318460456987254
12,055,0046,0590,1205500460590,2745,3.4387005329007363
12,055,0046,0764,1205500460764,140,2.1492191126553797
12,055,0046,0779,1205500460779,271,2.4345689040341987
12,055,0046,0783,1205500460783,13,1.146128035678238
12,055,0046,0798,1205500460798,74,1.8750612633917
12,055,0046,0887,1205500460887,0,0.0
12,055,0046,0919,1205500460919,138,2.143014800254095
12,055,0046,0961,1205500460961,37,1.5797835966168101
12,055,0046,0976,1205500460976,390,2.5921767573958667
12,055,0046,0980,1205500460980,2,0.47712125471966244
12,055,0046,0995,1205500460995,5,0.7781512503836436
12,055,0046,100A,120550046100A,24,1.3979400086720377
12,055,0046,1014,1205500461014,161,2.2095150145426308
12,055,0046,1029,1205500461029,16,1.2304489213782739
12,055,0046,1048,1205500461048,31,1.505149978319906
12,055,0046,1052,1205500461052,71,1.8573324964312685
12,055,0049,0868,1205500490868,1468,3.1670217957902564
12,055,0049,0872,1205500490872,1476,3.1693804953119495
12,055,0049,0891,1205500490891,26,1.4313637641589874
12,055,0049,0904,1205500490904,275,2.4409090820652177
12,055,0049,1033,1205500491033,2,0.47712125471966244
12,056,0001,0102,1205600010102,297,2.4742162640762553
12,056,0001,0117,1205600010117,229,2.361727836017593
12,056,0001,0121,1205600010121,329,2.5185139398778875
12,056,0001,0136,1205600010136,88,1.9493900066449128
12,056,0001,0282,1205600010282,1479,3.1702617153949575
12,056,0001,0297,1205600010297,1929,3.285557309007774
12,056,0001,0329,1205600010329,239,2.380211241711606
12,056,0014,0263,1205600140263,3108,3.492620722043192
12,056,0048,030A,120560048030A,1615,3.208441356438567
12,056,0048,0314,1205600480314,2170,3.3366598234544202
12,057,0001,0415,1205700010415,807,2.907411360774586
12,057,0001,042A,120570001042A,1037,3.016197353512439
12,057,0001,0434,1205700010434,1888,3.2762319579218335
12,057,0001,0449,1205700010449,2130,3.328583449714202
12,057,0001,0453,1205700010453,1102,3.0425755124401905
12,057,0001,0773,1205700010773,2976,3.473778834646725
12,057,0001,0788,1205700010788,2907,3.463594402187
12,057,0001,0792,1205700010792,946,2.9763499790032735
12,057,0001,0805,1205700010805,1980,3.296884475538547
12,057,0001,1019,1205700011019,17,1.255272505103306
12,057,0001,1201,1205700011201,39,1.6020599913279623
12,057,0001,124A,120570001124A,58,1.7708520116421442
12,057,0001,1254,1205700011254,13,1.146128035678238
12,057,0001,1273,1205700011273,547,2.738780558484369
12,057,0059,0881,1205700590881,1183,3.073351702386901
12,057,0059,0896,1205700590896,887,2.948412965778601
12,057,0059,0909,1205700590909,1095,3.0398105541483504
12,057,0059,117A,120570059117A,5,0.7781512503836436
12,057,0059,1220,1205700591220,23,1.380211241711606
12,057,0079,0487,1205700790487,835,2.9222062774390163
12,057,0079,0913,1205700790913,1264,3.1020905255118367
12,057,0079,0928,1205700790928,1160,3.064832219738574
12,057,0079,0932,1205700790932,1784,3.251638220448212
12,057,0079,1057,1205700791057,50,1.7075701760979363
12,057,0079,1150,1205700791150,0,0.0
12,057,0079,1199,1205700791199,91,1.9637878273455553
12,057,0080,0966,1205700800966,1139,3.0569048513364727
12,057,0080,1023,1205700801023,76,1.8864907251724818
12,057,0080,1038,1205700801038,214,2.3324384599156054
12,057,0080,1042,1205700801042,153,2.187520720836463
12,057,0080,1076,1205700801076,54,1.7403626894942439
12,057,0080,1080,1205700801080,486,2.6875289612146345
12,057,0080,1095,1205700801095,354,2.550228353055094
12,057,0080,1108,1205700801108,467,2.670245853074124
12,057,0080,1112,1205700801112,541,2.733999286538387
12,057,0080,1127,1205700801127,606,2.7831886910752575
12,057,0080,1131,1205700801131,522,2.718501688867274
12,057,0080,1235,1205700801235,19,1.3010299956639813
12,057,0080,1288,1205700801288,402,2.6053050461411096
12,057,0086,081A,120570086081A,1629,3.2121876044039577
12,057,0086,0824,1205700860824,596,2.775974331129369
12,057,0086,0839,1205700860839,1666,3.2219355998280053
12,057,0086,0843,1205700860843,1606,3.2060158767633444
12,057,0086,0858,1205700860858,1052,3.0224283711854865
12,057,0086,099A,120570086099A,671,2.8273692730538253
12,057,0086,1004,1205700861004,543,2.73559889969818
12,057,0086,1061,1205700861061,73,1.8692317197309762
12,057,0086,1146,1205700861146,141,2.1522883443830563
12,057,0086,1165,1205700861165,201,2.305351369446624
12,057,0086,1184,1205700861184,96,1.9867717342662448
12,057,0086,1216,1205700861216,46,1.6720978579357175
12,057,0086,1269,1205700861269,62,1.7993405494535817
12,058,0001,0179,1205800010179,2241,3.3506356082589543
12,058,0001,0200,1205800010200,2675,3.4274861090957853
12,058,0001,0234,1205800010234,552,2.7427251313046983
12,058,0001,0249,1205800010249,430,2.6344772701607315
12,058,0001,0268,1205800010268,709,2.8512583487190755
12,058,0001,0272,1205800010272,685,2.8363241157067516
12,058,0001,0287,1205800010287,588,2.7701152947871015
12,058,0001,0291,1205800010291,996,2.998695158311656
12,058,0001,0304,1205800010304,824,2.916453948549925
12,058,0001,0319,1205800010319,22,1.3617278360175928
12,058,0001,0501,1205800010501,1312,3.118264726089479
12,058,0001,0516,1205800010516,2341,3.369586890736344
12,058,0001,0520,1205800010520,1214,3.084576277934331
12,058,0001,0535,1205800010535,1176,3.0707764628434346
12,058,0001,054A,120580001054A,438,2.6424645202421213
12,058,0001,0554,1205800010554,1226,3.088844562727004
12,058,0001,0624,1205800010624,1275,3.1058506743851435
12,058,0001,0639,1205800010639,1154,3.062581984228163
12,058,0001,0643,1205800010643,1246,3.0958664534785427
12,058,0001,0658,1205800010658,2569,3.4099331233312946
12,058,0001,0662,1205800010662,34,1.5440680443502757
12,058,0001,0677,1205800010677,77,1.8920946026904804
12,058,0001,0681,1205800010681,786,2.8959747323590648
12,058,0001,0696,1205800010696,105,2.0253058652647704
12,058,0001,0709,1205800010709,77,1.8920946026904804
12,058,0001,0713,1205800010713,19,1.3010299956639813
12,058,0001,0728,1205800010728,118,2.0755469613925306
12,058,0001,0732,1205800010732,25,1.414973347970818
12,058,0001,0747,1205800010747,16,1.2304489213782739
12,058,0001,0751,1205800010751,71,1.8573324964312685
12,058,0001,0766,1205800010766,37,1.5797835966168101
12,058,0001,0770,1205800010770,72,1.863322860120456
12,058,0001,0785,1205800010785,36,1.568201724066995
12,058,0001,079A,120580001079A,2,0.47712125471966244
12,058,0294,0431,1205802940431,2801,3.4474681309497557
12,059,0001,0208,1205900010208,451,2.655138434811382
12,059,0001,0212,1205900010212,153,2.187520720836463
12,059,0001,0547,1205900010547,1678,3.225050696138049
12,059,0001,0566,1205900010566,1019,3.0086001717619175
12,059,0001,0570,1205900010570,1742,3.2412973871099933
12,059,0001,0602,1205900010602,51,1.7160033436347992
12,059,0001,0617,1205900010617,753,2.877371345869774
12,059,0001,0621,1205900010621,816,2.9122220565324155
12,059,0001,0725,1205900010725,221,2.346352974450639
12,059,0008,0161,1205900080161,545,2.7371926427047373
12,059,0008,0176,1205900080176,1003,3.0017337128090005
12,059,0008,0227,1205900080227,59,1.7781512503836436
12,059,0008,0585,1205900080585,272,2.436162647040756
12,059,0008,059A,120590008059A,584,2.7671558660821804
12,059,0008,0636,1205900080636,4,0.6989700043360189
12,059,0008,0640,1205900080640,33,1.5314789170422551
12,059,0008,0655,1205900080655,4,0.6989700043360189
12,059,0008,066A,120590008066A,27,1.4471580313422192
12,059,0008,0674,1205900080674,25,1.414973347970818
12,059,0008,0689,1205900080689,33,1.5314789170422551
12,059,0008,0693,1205900080693,26,1.4313637641589874
12,059,0008,0706,1205900080706,21,1.3424226808222062
12,059,0008,0710,1205900080710,2,0.47712125471966244
12,059,0008,073A,120590008073A,25,1.414973347970818
12,059,0008,0744,1205900080744,29,1.4771212547196624
12,059,0008,0759,1205900080759,24,1.3979400086720377
12,059,0008,0763,1205900080763,27,1.4471580313422192
12,059,0008,0778,1205900080778,12,1.1139433523068367
12,060,0001,004A,120600001004A,2062,3.3144992279731516
12,060,0001,0054,1206000010054,101,2.0086001717619175
12,060,0001,0181,1206000010181,4,0.6989700043360189
12,060,0001,0196,1206000010196,98,1.99563519459755
12,061,0001,009A,120610001009A,3346,3.5246557123577773
12,061,0001,0117,1206100010117,1224,3.0881360887005513
12,061,0001,0244,1206100010244,2050,3.3119656603683665
12,061,0001,0259,1206100010259,3103,3.491921712586151
12,061,0001,0263,1206100010263,2847,3.4545399849648186
12,061,0001,0278,1206100010278,3438,3.5364321758220134
12,061,0001,0282,1206100010282,2206,3.343802333161655
12,061,0001,0297,1206100010297,2963,3.4718781993072905
12,061,0001,030A,120610001030A,3012,3.478999131673357
12,061,0001,0333,1206100010333,52,1.724275869600789
12,061,0001,0367,1206100010367,269,2.4313637641589874
12,061,0001,0418,1206100010418,152,2.184691430817599
12,061,0001,0422,1206100010422,161,2.2095150145426308
12,061,0001,0437,1206100010437,61,1.792391689498254
12,061,0001,0456,1206100010456,36,1.568201724066995
12,061,0006,0102,1206100060102,657,2.8182258936139557
12,061,0006,0329,1206100060329,1077,3.03261876085072
12,061,0006,0348,1206100060348,1448,3.1610683854711747
12,061,0006,0352,1206100060352,2977,3.473924693416157
12,061,0006,0390,1206100060390,12,1.1139433523068367
12,061,0006,0403,1206100060403,137,2.1398790864012365
12,061,0006,0441,1206100060441,13,1.146128035678238
12,062,0001,010A,120620001010A,2729,3.436162647040756
12,062,0001,0114,1206200010114,911,2.959994838328416
12,062,0001,0129,1206200010129,824,2.916453948549925
12,062,0001,0133,1206200010133,275,2.4409090820652177
12,062,0001,0148,1206200010148,155,2.1931245983544616
12,062,0001,0152,1206200010152,88,1.9493900066449128
12,062,0001,0294,1206200010294,51,1.7160033436347992
12,062,0001,0307,1206200010307,0,0.0
12,063,0001,0041,1206300010041,1611,3.2073650374690716
12,063,0001,0198,1206300010198,24,1.3979400086720377
12,063,0001,0200,1206300010200,28,1.462397997898956
12,063,0001,0215,1206300010215,118,2.0755469613925306
12,064,0001,0087,1206400010087,1114,3.0472748673841794
12,064,0001,0104,1206400010104,136,2.1367205671564067
12,064,0001,027A,120640001027A,585,2.767897616018091
12,064,0001,0284,1206400010284,627,2.797959643737196
12,064,0001,0299,1206400010299,494,2.694605198933569
12,064,0001,0301,1206400010301,0,0.0
12,064,0001,0316,1206400010316,41,1.6232492903979006
12,064,0001,0320,1206400010320,16,1.2304489213782739
12,064,0001,0335,1206400010335,0,0.0
12,064,0001,034A,120640001034A,732,2.8651039746411278
12,064,0001,0354,1206400010354,552,2.7427251313046983
12,064,0001,0369,1206400010369,0,0.0
12,064,0001,0373,1206400010373,2,0.47712125471966244
12,065,0001,0046,1206500010046,802,2.904715545278681
12,065,0001,0050,1206500010050,546,2.737987326333431
12,065,0001,0192,1206500010192,292,2.4668676203541096
12,065,0001,0205,1206500010205,557,2.7466341989375787
12,065,0001,021A,120650001021A,118,2.0755469613925306
12,065,0001,0224,1206500010224,12,1.1139433523068367
12,065,0001,0239,1206500010239,47,1.6812412373755872
12,065,0001,0243,1206500010243,45,1.662757831681574
12,065,0001,0258,1206500010258,12,1.1139433523068367
12,065,0001,0262,1206500010262,26,1.4313637641589874
12,065,0001,0277,1206500010277,72,1.863322860120456
12,066,0001,0109,1206600010109,4123,3.6153186566114788
12,066,0001,0113,1206600010113,4512,3.654465333520146
12,066,0001,0128,1206600010128,2230,3.348499570283838
12,066,0001,0166,1206600010166,1151,3.061452479087193
12,066,0001,0170,1206600010170,254,2.406540180433955
12,066,0001,0310,1206600010310,3768,3.576226137449605
12,066,0001,0325,1206600010325,5597,3.7480328941301435
12,066,0001,033A,120660001033A,3566,3.552303109338354
12,066,0001,0344,1206600010344,4891,3.689486448364248
12,066,0001,0359,1206600010359,2879,3.459392487759231
12,066,0001,0363,1206600010363,2574,3.41077723337721
12,066,0001,0378,1206600010378,2994,3.4763968267253302
12,066,0001,0382,1206600010382,2914,3.464638559095033
12,066,0001,0397,1206600010397,486,2.6875289612146345
12,066,0001,040A,120660001040A,125,2.100370545117563
12,066,0001,0414,1206600010414,270,2.432969290874406
12,066,0001,0429,1206600010429,467,2.670245853074124
12,066,0001,0433,1206600010433,0,0.0
12,066,0001,0448,1206600010448,405,2.6085260335771943
12,066,0001,0452,1206600010452,256,2.4099331233312946
12,066,0001,0467,1206600010467,117,2.0718820073061255
12,066,0001,0471,1206600010471,262,2.419955748489758
12,066,0001,0503,1206600010503,265,2.424881636631067
12,066,0001,0518,1206600010518,178,2.2528530309798933
12,066,0001,0537,1206600010537,766,2.884795363948981
12,066,0001,0541,1206600010541,748,2.8744818176994666
12,066,0001,0556,1206600010556,2783,3.4446692309385245
12,066,0001,0560,1206600010560,1866,3.2711443179490782
12,066,0001,0575,1206600010575,2592,3.4138025167693513
12,066,0001,058A,120660001058A,239,2.380211241711606
12,066,0001,0594,1206600010594,538,2.7315887651867388
12,066,0001,0607,1206600010607,739,2.8692317197309762
12,066,0001,0611,1206600010611,953,2.979548374704095
12,066,0001,0626,1206600010626,297,2.4742162640762553
12,066,0001,0630,1206600010630,99,2.0
12,066,0001,0645,1206600010645,38,1.591064607026499
12,066,0001,065A,120660001065A,352,2.5477747053878224
12,066,0001,0664,1206600010664,226,2.3560258571931225
12,066,0001,0679,1206600010679,141,2.1522883443830563
12,066,0001,0683,1206600010683,57,1.7634279935629373
12,066,0001,0698,1206600010698,204,2.311753861055754
12,066,0001,0700,1206600010700,823,2.9159272116971158
12,066,0001,0715,1206600010715,68,1.8388490907372552
12,066,0001,072A,120660001072A,42,1.6334684555795864
12,066,0001,0734,1206600010734,1258,3.1000257301078626
12,066,0001,0749,1206600010749,88,1.9493900066449128
12,066,0001,0753,1206600010753,314,2.4983105537896004
12,066,0001,0768,1206600010768,25,1.414973347970818
12,066,0001,0772,1206600010772,35,1.5563025007672873
12,066,0001,0787,1206600010787,5,0.7781512503836436
12,066,0028,0255,1206600280255,3009,3.4785664955938436
12,067,0001,0089,1206700010089,369,2.568201724066995
12,067,0001,0286,1206700010286,2675,3.4274861090957853
12,067,0001,0290,1206700010290,2099,3.322219294733919
12,067,0001,0303,1206700010303,1168,3.0678145111618402
12,067,0001,0318,1206700010318,857,2.9334872878487053
12,067,0001,0356,1206700010356,72,1.863322860120456
12,067,0001,0394,1206700010394,210,2.3242824552976926
12,067,0001,0407,1206700010407,50,1.7075701760979363
12,067,0001,0411,1206700010411,176,2.247973266361807
12,067,0001,0426,1206700010426,364,2.5622928644564746
12,067,0017,0252,1206700170252,746,2.873320601815399
12,067,0017,0267,1206700170267,587,2.7693773260761385
12,067,0017,0271,1206700170271,1057,3.024485667699167
12,067,0017,0360,1206700170360,354,2.550228353055094
12,067,0017,0375,1206700170375,44,1.6532125137753437
12,067,0017,038A,120670017038A,18,1.2787536009528289
12,067,0017,0430,1206700170430,17,1.255272505103306
12,068,0001,025A,120680001025A,222,2.3483048630481607
12,068,0001,0264,1206800010264,414,2.6180480967120925
12,068,0001,0550,1206800010550,161,2.2095150145426308
12,068,0001,0565,1206800010565,33,1.5314789170422551
12,068,0001,057A,120680001057A,99,2.0
12,068,0001,0584,1206800010584,602,2.780317312140151
12,068,0001,0599,1206800010599,507,2.7058637122839193
12,068,0001,0601,1206800010601,492,2.69284691927723
12,068,0001,0616,1206800010616,463,2.6665179805548807
12,068,0001,0620,1206800010620,30,1.4913616938342726
12,068,0001,0635,1206800010635,11,1.0791812460476249
12,068,0001,064A,120680001064A,14,1.1760912590556813
12,068,0001,0654,1206800010654,65,1.8195439355418688
12,068,0001,0669,1206800010669,19,1.3010299956639813
12,068,0001,0688,1206800010688,55,1.7481880270062005
12,068,0001,0705,1206800010705,10,1.0413926851582251
12,068,0001,071A,120680001071A,0,0.0
12,068,0063,0531,1206800630531,2240,3.350441856535061
12,068,0063,0546,1206800630546,1217,3.0856472882968564
12,068,0063,0673,1206800630673,2,0.47712125471966244
12,068,0063,0692,1206800630692,0,0.0
12,069,0001,0026,1206900010026,2882,3.459844642388208
12,069,0001,0064,1206900010064,875,2.9425041061680806
12,069,0001,0223,1206900010223,225,2.3541084391474008
12,069,0001,0238,1206900010238,67,1.8325089127062364
12,069,0001,0242,1206900010242,41,1.6232492903979006
12,069,0001,0257,1206900010257,248,2.3961993470957363
12,069,0001,0261,1206900010261,31,1.505149978319906
12,069,0001,0276,1206900010276,37,1.5797835966168101
12,070,0001,007A,120700001007A,757,2.8796692056320534
12,070,0001,0084,1207000010084,209,2.322219294733919
12,070,0001,0101,1207000010101,321,2.507855871695831
12,070,0001,0239,1207000010239,1741,3.241048150671644
12,070,0001,0243,1207000010243,2347,3.370698092575577
12,070,0001,0262,1207000010262,14,1.1760912590556813
12,070,0001,0277,1207000010277,32,1.5185139398778875
12,071,0001,0096,1207100010096,1784,3.251638220448212
12,071,0001,0109,1207100010109,1798,3.2550311633455515
12,071,0001,0128,1207100010128,598,2.7774268223893115
12,071,0001,0132,1207100010132,253,2.404833716619938
12,071,0001,0147,1207100010147,306,2.4871383754771865
12,071,0001,0325,1207100010325,22,1.3617278360175928
12,071,0005,026A,120710005026A,2531,3.4034637013453173
12,071,0006,0289,1207100060289,666,2.824125833916549
12,071,0006,0306,1207100060306,837,2.9232440186302764
12,071,0006,0310,1207100060310,985,2.993876914941211
12,071,0006,033A,120710006033A,6,0.8450980400142568
12,071,0006,0344,1207100060344,11,1.0791812460476249
12,071,0006,0359,1207100060359,6,0.8450980400142568
12,072,0001,0286,1207200010286,844,2.926856708949692
12,072,0001,0290,1207200010290,998,2.9995654882259823
12,072,0001,0303,1207200010303,70,1.8512583487190752
12,073,0001,0264,1207300010264,944,2.975431808509263
12,073,0001,0279,1207300010279,1115,3.04766419460156
12,073,0001,057A,120730001057A,945,2.975891136401793
12,073,0001,0584,1207300010584,35,1.5563025007672873
12,073,0001,0599,1207300010599,261,2.4183012913197452
12,073,0001,0601,1207300010601,379,2.57978359661681
12,074,0001,0083,1207400010083,914,2.9614210940664485
12,074,0001,0098,1207400010098,369,2.568201724066995
12,074,0001,0100,1207400010100,149,2.1760912590556813
12,074,0001,0242,1207400010242,2245,3.351409751925439
12,074,0001,0257,1207400010257,1924,3.2844307338445193
12,074,0001,0276,1207400010276,174,2.2430380486862944
12,074,0001,0308,1207400010308,79,1.9030899869919435
12,074,0001,0312,1207400010312,130,2.1172712956557644
12,074,0001,0327,1207400010327,35,1.5563025007672873
12,074,0001,0331,1207400010331,58,1.7708520116421442
12,074,0010,0115,1207400100115,1822,3.2607866686549762
12,074,0010,012A,120740010012A,1345,3.1290450598879582
12,074,0017,0238,1207400170238,2690,3.4299136977637543
12,075,0001,0216,1207500010216,1537,3.1869563354654122
12,075,0001,0220,1207500010220,1788,3.252610340567373
12,075,0001,024A,120750001024A,468,2.6711728427150834
12,075,0001,0254,1207500010254,1043,3.0187004986662433
12,075,0001,0269,1207500010269,626,2.7972675408307164
12,075,0001,0305,1207500010305,558,2.747411807886423
12,075,0001,0451,1207500010451,2969,3.4727564493172123
12,075,0001,0466,1207500010466,3417,3.533772058384718
12,075,0001,0470,1207500010470,1000,3.000434077479319
12,075,0001,0485,1207500010485,1658,3.219846386024361
12,075,0001,049A,120750001049A,4260,3.629511534200453
12,075,0001,0502,1207500010502,2083,3.3188977146274867
12,075,0001,0517,1207500010517,1897,3.2782962080912736
12,075,0001,056A,120750001056A,49,1.6989700043360187
12,075,0001,0682,1207500010682,215,2.3344537511509307
12,075,0001,0697,1207500010697,1198,3.0788191830988487
12,075,0001,070A,120750001070A,599,2.7781512503836434
12,075,0001,0752,1207500010752,234,2.3710678622717363
12,075,0001,0767,1207500010767,134,2.130333768495006
12,075,0001,0771,1207500010771,1510,3.1792644643390253
12,075,0001,0803,1207500010803,39,1.6020599913279623
12,075,0001,0818,1207500010818,341,2.534026106056135
12,075,0001,0822,1207500010822,129,2.113943352306837
12,075,0001,088A,120750001088A,2,0.47712125471966244
12,075,0001,0907,1207500010907,144,2.161368002234975
12,075,0001,0911,1207500010911,2,0.47712125471966244
12,075,0001,0926,1207500010926,0,0.0
12,075,0001,0930,1207500010930,44,1.6532125137753437
12,075,0008,0146,1207500080146,3251,3.5121505369220305
12,075,0008,031A,120750008031A,144,2.161368002234975
12,075,0008,0574,1207500080574,193,2.287801729930226
12,075,0008,0644,1207500080644,187,2.27415784926368
12,075,0008,0678,1207500080678,670,2.826722520168992
12,075,0008,0714,1207500080714,16,1.2304489213782739
12,075,0008,0729,1207500080729,30,1.4913616938342726
12,075,0008,0748,1207500080748,21,1.3424226808222062
12,075,0008,0837,1207500080837,0,0.0
12,075,0008,0841,1207500080841,0,0.0
12,075,0008,0856,1207500080856,15,1.2041199826559248
12,075,0008,0860,1207500080860,7,0.9030899869919435
12,075,0013,0610,1207500130610,1105,3.0437551269686796
12,075,0013,0625,1207500130625,1081,3.0342272607705505
12,075,0013,063A,120750013063A,2743,3.438384107034714
12,075,0013,0733,1207500130733,120,2.0827853703164503
12,075,0013,0786,1207500130786,523,2.7193312869837265
12,075,0013,0790,1207500130790,72,1.863322860120456
12,075,0013,0875,1207500130875,10,1.0413926851582251
12,075,0023,0273,1207500230273,30,1.4913616938342726
12,075,0023,0288,1207500230288,10,1.0413926851582251
12,075,0023,0292,1207500230292,73,1.8692317197309762
12,075,0023,0521,1207500230521,653,2.815577748324267
12,075,0023,0536,1207500230536,1110,3.0457140589408676
12,075,0023,0540,1207500230540,1563,3.1942367487238292
12,075,0023,0589,1207500230589,5,0.7781512503836436
12,075,0023,0593,1207500230593,0,0.0
12,075,0023,0894,1207500230894,0,0.0
12,076,0001,0016,1207600010016,2296,3.361160995195026
12,076,0001,0035,1207600010035,29,1.4771212547196624
12,076,0001,004A,120760001004A,184,2.2671717284030137
12,076,0001,0054,1207600010054,87,1.9444826721501687
12,076,0001,0069,1207600010069,36,1.568201724066995
12,076,0001,0073,1207600010073,96,1.9867717342662448
12,076,0001,0088,1207600010088,9,1.0
12,076,0001,0092,1207600010092,11,1.0791812460476249
12,076,0001,0105,1207600010105,21,1.3424226808222062
12,077,0001,0013,1207700010013,588,2.7701152947871015
12,077,0001,0028,1207700010028,2443,3.3881012015705165
12,077,0001,0032,1207700010032,1382,3.1408221801093106
12,077,0001,0047,1207700010047,1778,3.250175948083925
12,077,0001,0051,1207700010051,300,2.4785664955938436
12,077,0001,0121,1207700010121,0,0.0
12,077,0001,0136,1207700010136,86,1.9395192526186185
12,077,0001,0140,1207700010140,71,1.8573324964312685
12,077,0001,0155,1207700010155,6,0.8450980400142568
12,077,0001,016A,120770001016A,175,2.24551266781415
12,077,0001,0174,1207700010174,28,1.462397997898956
12,078,0001,0010,1207800010010,2281,3.358315640082196
12,078,0001,0044,1207800010044,202,2.307496037913213
12,078,0001,0059,1207800010059,39,1.6020599913279623
12,078,0001,0063,1207800010063,456,2.6599162000698504
12,078,0001,0078,1207800010078,411,2.6148972160331345
12,078,0001,0082,1207800010082,151,2.1818435879447726
12,078,0001,0097,1207800010097,157,2.1986570869544226
12,079,0001,0018,1207900010018,2012,3.3038437748886547
12,079,0001,0037,1207900010037,39,1.6020599913279623
12,079,0001,0041,1207900010041,18,1.2787536009528289
12,079,0001,0056,1207900010056,15,1.2041199826559248
12,080,0001,0019,1208000010019,200,2.303196057420489
12,080,0001,0023,1208000010023,240,2.3820170425748683
12,080,0001,0038,1208000010038,1301,3.114610984232173
12,080,0001,0042,1208000010042,1225,3.0884904701823963
12,080,0001,0057,1208000010057,189,2.278753600952829
12,080,0001,0061,1208000010061,96,1.9867717342662448
12,080,0001,0076,1208000010076,39,1.6020599913279623
12,080,0001,0080,1208000010080,46,1.6720978579357175
12,080,0001,0095,1208000010095,14,1.1760912590556813
12,080,0001,0112,1208000010112,45,1.662757831681574
12,080,0001,0127,1208000010127,114,2.060697840353612
12,080,0001,0131,1208000010131,7,0.9030899869919435
12,080,0001,0146,1208000010146,2,0.47712125471966244
12,080,0001,0150,1208000010150,12,1.1139433523068367
12,081,0001,0016,1208100010016,1726,3.237292337567459
12,081,0001,004A,120810001004A,120,2.0827853703164503
12,081,0001,0054,1208100010054,47,1.6812412373755872
12,081,0001,0069,1208100010069,136,2.1367205671564067
