ENTIDAD,MUN,LOC,AGEB,CVEGEO,POBTOT,log_POBTOT
14,001,0001,0067,1400100010067,1266,3.1027766148834415
14,001,0001,0071,1400100010071,2073,3.316808752053022
14,001,0001,0103,1400100010103,1112,3.0464951643347082
14,001,0001,0118,1400100010118,725,2.8609366207000937
14,001,0001,0122,1400100010122,1286,3.1095785469043866
14,001,0001,0137,1400100010137,190,2.2810333672477277
14,001,0001,0141,1400100010141,133,2.1271047983648077
14,001,0001,0156,1400100010156,30,1.4913616938342726
14,001,0001,0160,1400100010160,174,2.2430380486862944
14,001,0001,0175,1400100010175,62,1.7993405494535817
14,001,0001,018A,140010001018A,3,0.6020599913279624
14,001,0001,0194,1400100010194,1955,3.291368850451583
14,001,0001,0207,1400100010207,1146,3.0595634179012676
14,001,0001,0211,1400100010211,1134,3.0549958615291417
14,001,0001,0226,1400100010226,1140,3.0572856444182146
14,001,0001,0230,1400100010230,47,1.6812412373755872
14,001,0001,0245,1400100010245,3,0.6020599913279624
14,001,0001,025A,140010001025A,122,2.089905111439398
14,001,0001,0264,1400100010264,4,0.6989700043360189
14,001,0001,0279,1400100010279,11,1.0791812460476249
14,001,0001,0283,1400100010283,115,2.0644579892269186
14,001,0001,0298,1400100010298,58,1.7708520116421442
14,001,0001,0300,1400100010300,23,1.380211241711606
14,001,0001,0315,1400100010315,221,2.346352974450639
14,001,0054,0033,1400100540033,861,2.9355072658247128
14,001,0054,032A,140010054032A,2033,3.308350948586726
14,002,0001,0030,1400200010030,3574,3.5532760461370994
14,002,0001,0064,1400200010064,4853,3.686099771995916
14,002,0001,0079,1400200010079,1079,3.03342375548695
14,002,0001,0083,1400200010083,143,2.1583624920952498
14,002,0001,0098,1400200010098,50,1.7075701760979363
14,002,0001,0115,1400200010115,268,2.429752280002408
14,002,0001,012A,140020001012A,927,2.967547976218862
14,002,0001,0134,1400200010134,4,0.6989700043360189
14,002,0001,0168,1400200010168,16,1.2304489213782739
14,002,0001,0191,1400200010191,68,1.8388490907372552
14,002,0001,0280,1400200010280,99,2.0
14,002,0001,0295,1400200010295,2,0.47712125471966244
14,002,0001,0308,1400200010308,18,1.2787536009528289
14,002,0001,0312,1400200010312,9,1.0
14,002,0002,0045,1400200020045,4496,3.652922887567942
14,002,0002,005A,140020002005A,1139,3.0569048513364727
14,002,0002,0100,1400200020100,1199,3.0791812460476247
14,002,0002,0149,1400200020149,32,1.5185139398778875
14,002,0002,0153,1400200020153,338,2.530199698203082
14,002,0002,0172,1400200020172,0,0.0
14,002,0002,0204,1400200020204,231,2.3654879848909
14,002,0002,0219,1400200020219,21,1.3424226808222062
14,002,0002,0223,1400200020223,78,1.8976270912904414
14,002,0002,0238,1400200020238,56,1.7558748556724915
14,002,0002,0242,1400200020242,4,0.6989700043360189
14,002,0002,0257,1400200020257,65,1.8195439355418688
14,002,0002,0261,1400200020261,96,1.9867717342662448
14,002,0002,0276,1400200020276,8,0.9542425094393249
14,002,0002,0327,1400200020327,39,1.6020599913279623
14,002,0002,0331,1400200020331,0,0.0
14,002,0004,0187,1400200040187,3039,3.482873583608754
14,003,0001,0061,1400300010061,399,2.6020599913279625
14,003,0001,0076,1400300010076,519,2.716003343634799
14,003,0001,0080,1400300010080,338,2.530199698203082
14,003,0001,0095,1400300010095,1763,3.246498580795801
14,003,0001,0108,1400300010108,2886,3.4604467838807205
14,003,0001,0112,1400300010112,3335,3.523226041965701
14,003,0001,0127,1400300010127,2887,3.4605971888976015
14,003,0001,0131,1400300010131,3330,3.522574632691177
14,003,0001,0146,1400300010146,565,2.7528164311882715
14,003,0001,0150,1400300010150,0,0.0
14,003,0001,0165,1400300010165,279,2.4471580313422194
14,003,0001,017A,140030001017A,106,2.0293837776852097
14,003,0001,0184,1400300010184,13,1.146128035678238
14,003,0001,0199,1400300010199,554,2.7442929831226763
14,003,0001,0201,1400300010201,6,0.8450980400142568
14,003,0001,0216,1400300010216,20,1.3222192947339193
14,003,0001,0220,1400300010220,0,0.0
14,003,0038,0235,1400300380235,1282,3.1082266563749283
14,003,0038,024A,140030038024A,848,2.928907690243953
14,003,0038,0254,1400300380254,603,2.7810369386211318
14,004,0001,004A,140040001004A,1162,3.0655797147284485
14,004,0001,0054,1400400010054,1751,3.243534101832062
14,004,0001,0069,1400400010069,40,1.6127838567197355
14,004,0001,0073,1400400010073,72,1.863322860120456
14,005,0001,0047,1400500010047,1809,3.2576785748691846
14,005,0001,0051,1400500010051,945,2.975891136401793
14,005,0001,0066,1400500010066,2277,3.3575537197430814
14,005,0001,0070,1400500010070,2629,3.419955748489758
14,005,0001,0085,1400500010085,1757,3.245018870737753
14,005,0001,009A,140050001009A,1608,3.2065560440990297
14,005,0001,0102,1400500010102,378,2.578639209968072
14,005,0001,0117,1400500010117,0,0.0
14,005,0001,0121,1400500010121,38,1.591064607026499
14,005,0001,0136,1400500010136,219,2.342422680822206
14,005,0001,0140,1400500010140,181,2.2600713879850747
14,005,0001,0155,1400500010155,0,0.0
14,005,0001,016A,140050001016A,154,2.1903316981702914
14,005,0001,0174,1400500010174,125,2.100370545117563
14,005,0001,0189,1400500010189,26,1.4313637641589874
14,005,0001,0193,1400500010193,34,1.5440680443502757
14,006,0001,0186,1400600010186,3140,3.497067936398505
14,006,0001,0190,1400600010190,3008,3.4784221877400805
14,006,0001,0203,1400600010203,2908,3.463743721247059
14,006,0001,0218,1400600010218,3181,3.502700175310563
14,006,0001,0222,1400600010222,3245,3.511348515490213
14,006,0001,0237,1400600010237,4457,3.649140064144219
14,006,0001,0241,1400600010241,713,2.8536982117761744
14,006,0001,0256,1400600010256,1370,3.1370374547895126
14,006,0001,028A,140060001028A,1339,3.1271047983648077
14,006,0001,0294,1400600010294,1509,3.1789769472931693
14,006,0001,0307,1400600010307,1437,3.1577588860468637
14,006,0001,0311,1400600010311,1243,3.0948203803548
14,006,0001,0326,1400600010326,1437,3.1577588860468637
14,006,0001,0330,1400600010330,521,2.717670503002262
14,006,0001,0345,1400600010345,0,0.0
14,006,0001,035A,140060001035A,0,0.0
14,006,0001,0364,1400600010364,294,2.469822015978163
14,006,0001,0379,1400600010379,211,2.326335860928751
14,006,0001,0383,1400600010383,0,0.0
14,006,0001,0398,1400600010398,2848,3.454692449239477
14,006,0001,0400,1400600010400,2576,3.4111144185509046
14,006,0001,0434,1400600010434,32,1.5185139398778875
14,006,0001,0449,1400600010449,21,1.3424226808222062
14,006,0001,0453,1400600010453,0,0.0
14,006,0001,0468,1400600010468,40,1.6127838567197355
14,006,0001,0472,1400600010472,35,1.5563025007672873
14,006,0001,0487,1400600010487,210,2.3242824552976926
14,006,0001,0491,1400600010491,1713,3.2340108175871793
14,006,0001,0504,1400600010504,281,2.450249108319361
14,006,0001,0519,1400600010519,22,1.3617278360175928
14,006,0001,0523,1400600010523,77,1.8920946026904804
14,006,0001,0538,1400600010538,3,0.6020599913279624
14,006,0011,0415,1400600110415,1386,3.1420764610732848
14,006,0011,042A,140060011042A,1357,3.132899769944483
14,006,0011,0542,1400600110542,6,0.8450980400142568
14,007,0001,0041,1400700010041,646,2.8109042806687006
14,007,0001,0056,1400700010056,285,2.456366033129043
14,007,0001,0060,1400700010060,219,2.342422680822206
14,007,0001,0075,1400700010075,2234,3.3492775274679554
14,007,0001,008A,140070001008A,1938,3.2875778090787056
14,007,0001,0094,1400700010094,157,2.1986570869544226
14,007,0001,0107,1400700010107,57,1.7634279935629373
14,007,0001,0111,1400700010111,0,0.0
14,007,0001,0126,1400700010126,2,0.47712125471966244
14,007,0001,0130,1400700010130,0,0.0
14,007,0001,0145,1400700010145,34,1.5440680443502757
14,007,0001,015A,140070001015A,23,1.380211241711606
14,008,0001,0123,1400800010123,3725,3.571242850560224
14,008,0001,0138,1400800010138,2806,3.448242412634439
14,008,0001,0142,1400800010142,3070,3.4872798164430687
14,008,0001,0176,1400800010176,3842,3.584670384464349
14,008,0001,0195,1400800010195,2166,3.335858911319818
14,008,0001,0208,1400800010208,2900,3.4625477288026643
14,008,0001,0212,1400800010212,3530,3.5478977175630972
14,008,0001,0227,1400800010227,2528,3.4029488293444046
14,008,0001,0301,1400800010301,1357,3.132899769944483
14,008,0001,0369,1400800010369,1632,3.212986184736668
14,008,0001,0373,1400800010373,1723,3.236537261488694
14,008,0001,0405,1400800010405,2788,3.44544851426605
14,008,0001,0439,1400800010439,1428,3.1550322287909704
14,008,0001,0443,1400800010443,1095,3.0398105541483504
14,008,0001,0458,1400800010458,427,2.6314437690131722
14,008,0001,0462,1400800010462,0,0.0
14,008,0001,0477,1400800010477,166,2.2227164711475833
14,008,0001,0481,1400800010481,267,2.428134794028789
14,008,0001,0532,1400800010532,1202,3.0802656273398448
14,008,0001,0547,1400800010547,213,2.330413773349191
14,008,0001,0640,1400800010640,0,0.0
14,008,0001,0655,1400800010655,83,1.9242792860618816
14,008,0001,066A,140080001066A,158,2.2013971243204513
14,008,0001,0674,1400800010674,2088,3.3199384399803087
14,008,0001,0689,1400800010689,636,2.8041394323353503
14,008,0001,0706,1400800010706,73,1.8692317197309762
14,008,0001,0710,1400800010710,0,0.0
14,008,0001,0725,1400800010725,0,0.0
14,008,0001,0782,1400800010782,2482,3.394976719554564
14,008,0001,0797,1400800010797,1823,3.2610248339923973
14,008,0001,080A,140080001080A,1384,3.1414497734004674
14,008,0001,0814,1400800010814,2006,3.3025473724874854
14,008,0001,0829,1400800010829,2198,3.3422252293607904
14,008,0001,0833,1400800010833,2754,3.4401216031878037
14,008,0001,0848,1400800010848,1063,3.0269416279590295
14,008,0001,0852,1400800010852,930,2.9689496809813427
14,008,0001,0867,1400800010867,167,2.225309281725863
14,008,0001,0871,1400800010871,20,1.3222192947339193
14,008,0001,0886,1400800010886,634,2.8027737252919755
14,008,0001,0890,1400800010890,885,2.9474337218870508
14,008,0001,0903,1400800010903,141,2.1522883443830563
14,008,0001,0918,1400800010918,1159,3.0644579892269186
14,008,0001,0922,1400800010922,911,2.959994838328416
14,008,0001,0937,1400800010937,1067,3.0285712526925375
14,008,0001,0941,1400800010941,121,2.0863598306747484
14,008,0001,0956,1400800010956,0,0.0
14,008,0280,0388,1400802800388,1780,3.2506639194632436
14,008,0280,0392,1400802800392,1866,3.2711443179490782
14,008,0280,0513,1400802800513,234,2.3710678622717363
14,008,0280,0528,1400802800528,28,1.462397997898956
14,008,0280,0585,1400802800585,0,0.0
14,008,0280,059A,140080280059A,128,2.110589710299249
14,008,0280,0621,1400802800621,0,0.0
14,008,0280,0636,1400802800636,105,2.0253058652647704
14,008,0280,0693,1400802800693,25,1.414973347970818
14,008,0280,0763,1400802800763,34,1.5440680443502757
14,008,0280,0778,1400802800778,63,1.806179973983887
14,008,0280,0960,1400802800960,2,0.47712125471966244
14,008,0280,0975,1400802800975,20,1.3222192947339193
14,009,0001,0046,1400900010046,3363,3.5268559871258747
14,009,0001,0065,1400900010065,2800,3.4473131088235682
14,009,0001,007A,140090001007A,413,2.617000341120899
14,009,0001,0084,1400900010084,1373,3.137986732723532
14,009,0001,0099,1400900010099,56,1.7558748556724915
14,009,0001,0101,1400900010101,371,2.5705429398818973
14,009,0001,0116,1400900010116,264,2.423245873936808
14,009,0001,0120,1400900010120,59,1.7781512503836436
14,009,0001,0135,1400900010135,1312,3.118264726089479
14,009,0001,014A,140090001014A,1890,3.27669152884504
14,009,0001,0154,1400900010154,55,1.7481880270062005
14,009,0001,0169,1400900010169,188,2.2764618041732443
14,009,0001,0173,1400900010173,27,1.4471580313422192
14,009,0001,0188,1400900010188,75,1.8808135922807914
14,009,0001,0192,1400900010192,29,1.4771212547196624
14,009,0001,0205,1400900010205,9,1.0
14,009,0001,021A,140090001021A,67,1.8325089127062364
14,009,0001,0224,1400900010224,87,1.9444826721501687
14,009,0001,0258,1400900010258,0,0.0
14,009,0006,0239,1400900060239,773,2.8887409606828927
14,009,0006,0243,1400900060243,1509,3.1789769472931693
14,009,0006,0262,1400900060262,11,1.0791812460476249
14,009,0080,0027,1400900800027,687,2.837588438235511
14,009,0080,0277,1400900800277,1272,3.1048284036536553
14,009,0080,0281,1400900800281,1022,3.00987563371216
14,010,0001,0066,1401000010066,675,2.829946695941636
14,010,0001,0070,1401000010070,654,2.816241299991783
14,010,0001,0085,1401000010085,40,1.6127838567197355
14,010,0001,009A,140100001009A,2289,3.359835482339888
14,010,0001,0102,1401000010102,2379,3.376576957056512
14,010,0001,0117,1401000010117,46,1.6720978579357175
14,010,0001,0121,1401000010121,327,2.515873843711679
14,010,0001,0136,1401000010136,24,1.3979400086720377
14,011,0001,0078,1401100010078,1190,3.0759117614827773
14,011,0001,0082,1401100010082,96,1.9867717342662448
14,011,0001,0097,1401100010097,190,2.2810333672477277
14,011,0001,010A,140110001010A,143,2.1583624920952498
14,011,0001,0129,1401100010129,11,1.0791812460476249
14,011,0001,0133,1401100010133,9,1.0
14,012,0001,0126,1401200010126,895,2.9523080096621253
14,012,0001,0130,1401200010130,596,2.775974331129369
14,012,0001,0145,1401200010145,5,0.7781512503836436
14,012,0001,015A,140120001015A,21,1.3424226808222062
14,012,0001,0164,1401200010164,8,0.9542425094393249
14,012,0001,0179,1401200010179,31,1.505149978319906
14,012,0001,0183,1401200010183,33,1.5314789170422551
14,013,0001,0049,1401300010049,4463,3.6497241859295224
14,013,0001,0053,1401300010053,3761,3.5754187912143602
14,013,0001,0142,1401300010142,1746,3.2422929049829308
14,013,0001,0157,1401300010157,544,2.7363965022766426
14,013,0001,0176,1401300010176,3031,3.481729196960016
14,013,0001,0180,1401300010180,734,2.8662873390841948
14,013,0001,0195,1401300010195,3299,3.5185139398778875
14,013,0001,0246,1401300010246,2101,3.3226327116922234
14,013,0001,0250,1401300010250,2855,3.455758203104137
14,013,0001,0265,1401300010265,1042,3.018284308426531
14,013,0001,027A,140130001027A,1856,3.2688119037397803
14,013,0001,0284,1401300010284,2313,3.3643633546157306
14,013,0001,0299,1401300010299,73,1.8692317197309762
14,013,0001,0301,1401300010301,64,1.8129133566428555
14,013,0001,0316,1401300010316,607,2.783903579272735
14,013,0001,0320,1401300010320,38,1.591064607026499
14,013,0001,0373,1401300010373,4,0.6989700043360189
14,013,0001,0392,1401300010392,11,1.0791812460476249
14,013,0001,0458,1401300010458,79,1.9030899869919435
14,013,0001,0462,1401300010462,57,1.7634279935629373
14,013,0030,0104,1401300300104,760,2.8813846567705728
14,013,0030,0119,1401300300119,1210,3.0831441431430524
14,013,0030,0123,1401300300123,1224,3.0881360887005513
14,013,0030,0138,1401300300138,550,2.741151598851785
14,013,0030,0212,1401300300212,235,2.3729120029701067
14,013,0030,0227,1401300300227,317,2.5024271199844326
14,013,0030,0231,1401300300231,267,2.428134794028789
14,013,0030,034A,140130030034A,72,1.863322860120456
14,013,0030,0354,1401300300354,6,0.8450980400142568
14,013,0030,0369,1401300300369,207,2.3180633349627615
14,013,0030,0388,1401300300388,235,2.3729120029701067
14,013,0030,0405,1401300300405,38,1.591064607026499
14,013,0030,041A,140130030041A,48,1.6901960800285136
14,013,0030,0424,1401300300424,50,1.7075701760979363
14,013,0030,0439,1401300300439,190,2.2810333672477277
14,013,0030,0443,1401300300443,145,2.164352855784437
14,013,0030,0513,1401300300513,277,2.444044795918076
14,013,0030,0528,1401300300528,90,1.9590413923210936
14,013,0030,0532,1401300300532,31,1.505149978319906
14,013,0145,0477,1401301450477,2158,3.334252642334231
14,013,0145,0481,1401301450481,1335,3.125806458139527
14,013,0145,0496,1401301450496,1963,3.2931414834509307
14,013,0145,0509,1401301450509,617,2.790988475088816
14,014,0001,0046,1401400010046,1464,3.1658376246901283
14,014,0001,0050,1401400010050,2105,3.3234583668494677
14,014,0001,0084,1401400010084,905,2.957128197676813
14,014,0001,0099,1401400010099,82,1.919078092376074
14,014,0001,0101,1401400010101,198,2.298853076409707
14,014,0001,0116,1401400010116,140,2.1492191126553797
14,014,0001,0120,1401400010120,132,2.123851640967086
14,014,0001,0135,1401400010135,3,0.6020599913279624
14,014,0001,014A,140140001014A,28,1.462397997898956
14,014,0001,0154,1401400010154,117,2.0718820073061255
14,014,0001,0169,1401400010169,13,1.146128035678238
14,014,0001,0173,1401400010173,119,2.0791812460476247
14,014,0001,0188,1401400010188,83,1.9242792860618816
14,015,0001,0043,1401500010043,2995,3.4765418090274287
14,015,0001,0058,1401500010058,3718,3.570426178358973
14,015,0001,0062,1401500010062,3552,3.550595207489328
14,015,0001,0077,1401500010077,3831,3.583425500406507
14,015,0001,0147,1401500010147,1358,3.1332194567324945
14,015,0001,0151,1401500010151,3937,3.5952757118020995
14,015,0001,0166,1401500010166,2341,3.369586890736344
14,015,0001,0185,1401500010185,1747,3.2425414282983844
14,015,0001,019A,140150001019A,1707,3.232487866352986
14,015,0001,0202,1401500010202,1415,3.15106325335375
14,015,0001,0217,1401500010217,979,2.9912260756924947
14,015,0001,0221,1401500010221,1657,3.2195845262142546
14,015,0001,0236,1401500010236,2213,3.345177616542704
14,015,0001,0240,1401500010240,3384,3.529558673021163
14,015,0001,0255,1401500010255,6055,3.7821858664920165
14,015,0001,0289,1401500010289,2420,3.383994789441733
14,015,0001,0293,1401500010293,2434,3.386498965550653
14,015,0001,0306,1401500010306,2342,3.369772288596963
14,015,0001,0310,1401500010310,1525,3.1835545336188615
14,015,0001,0325,1401500010325,706,2.8494194137968996
14,015,0001,033A,140150001033A,38,1.591064607026499
14,015,0001,0344,1401500010344,35,1.5563025007672873
14,015,0001,0359,1401500010359,43,1.6434526764861874
14,015,0001,0363,1401500010363,29,1.4771212547196624
14,015,0001,0397,1401500010397,15,1.2041199826559248
14,015,0001,040A,140150001040A,205,2.3138672203691533
14,015,0001,0414,1401500010414,296,2.4727564493172123
14,015,0001,0429,1401500010429,820,2.9143431571194407
14,015,0001,0433,1401500010433,23,1.380211241711606
14,015,0001,0448,1401500010448,2,0.47712125471966244
14,015,0001,0452,1401500010452,29,1.4771212547196624
14,015,0001,0467,1401500010467,63,1.806179973983887
14,015,0001,0471,1401500010471,105,2.0253058652647704
14,016,0001,0021,1401600010021,2387,3.3780343224573315
14,016,0001,0093,1401600010093,2706,3.4324882557705063
14,016,0001,0144,1401600010144,690,2.8394780473741985
14,016,0001,0159,1401600010159,3079,3.4885507165004443
14,016,0001,0163,1401600010163,937,2.9722028383790646
14,016,0001,0178,1401600010178,189,2.278753600952829
14,016,0001,0182,1401600010182,708,2.8506462351830666
14,016,0001,0248,1401600010248,210,2.3242824552976926
14,016,0001,0252,1401600010252,34,1.5440680443502757
14,016,0001,0267,1401600010267,223,2.3502480183341627
14,016,0001,0337,1401600010337,85,1.9344984512435677
14,016,0001,0341,1401600010341,1502,3.176958980586908
14,016,0001,0356,1401600010356,197,2.296665190261531
14,016,0001,0360,1401600010360,6,0.8450980400142568
14,016,0001,0375,1401600010375,83,1.9242792860618816
14,016,0001,0464,1401600010464,261,2.4183012913197452
14,016,0001,0479,1401600010479,232,2.367355921026019
14,016,0001,0498,1401600010498,79,1.9030899869919435
14,016,0001,052A,140160001052A,38,1.591064607026499
14,016,0001,0534,1401600010534,42,1.6334684555795864
14,016,0001,0549,1401600010549,112,2.0530784434834195
14,016,0001,0553,1401600010553,10,1.0413926851582251
14,016,0010,0318,1401600100318,1346,3.1293675957229854
14,016,0010,0394,1401600100394,446,2.6503075231319366
14,016,0010,0407,1401600100407,589,2.7708520116421442
14,016,0010,0411,1401600100411,29,1.4771212547196624
14,016,0010,0426,1401600100426,21,1.3424226808222062
14,016,0010,0430,1401600100430,4,0.6989700043360189
14,016,0010,0445,1401600100445,9,1.0
14,016,0010,045A,140160010045A,51,1.7160033436347992
14,016,0010,0483,1401600100483,145,2.164352855784437
14,016,0010,0500,1401600100500,42,1.6334684555795864
14,016,0010,0515,1401600100515,8,0.9542425094393249
14,016,0072,0110,1401600720110,3368,3.52750101098112
14,016,0072,0125,1401600720125,2237,3.3498600821923312
14,016,0072,013A,140160072013A,2387,3.3780343224573315
14,016,0072,0197,1401600720197,717,2.8561244442423
14,016,0072,0271,1401600720271,60,1.7853298350107671
14,016,0072,038A,140160072038A,139,2.146128035678238
14,016,0089,020A,140160089020A,158,2.2013971243204513
14,016,0089,0214,1401600890214,57,1.7634279935629373
14,016,0089,0229,1401600890229,1153,3.0622058088197126
14,016,0089,0233,1401600890233,1225,3.0884904701823963
14,016,0089,0286,1401600890286,14,1.1760912590556813
14,016,0089,0290,1401600890290,1,0.3010299956639812
14,017,0001,0071,1401700010071,1761,3.246005904076029
14,017,0001,0122,1401700010122,1546,3.1894903136993675
14,017,0001,0137,1401700010137,1171,3.068927611682072
14,017,0001,0141,1401700010141,1924,3.2844307338445193
14,017,0001,0156,1401700010156,137,2.1398790864012365
14,017,0001,0160,1401700010160,223,2.3502480183341627
14,017,0001,0175,1401700010175,124,2.0969100130080562
14,017,0001,018A,140170001018A,274,2.439332693830263
14,017,0001,0194,1401700010194,79,1.9030899869919435
14,017,0001,0207,1401700010207,136,2.1367205671564067
14,017,0001,0211,1401700010211,2,0.47712125471966244
14,017,0001,0226,1401700010226,12,1.1139433523068367
14,017,0001,0230,1401700010230,5,0.7781512503836436
14,017,0001,0245,1401700010245,0,0.0
14,017,0001,025A,140170001025A,12,1.1139433523068367
14,017,0001,0264,1401700010264,35,1.5563025007672873
14,017,0001,0279,1401700010279,28,1.462397997898956
14,018,0001,005A,140180001005A,1529,3.184691430817599
14,018,0001,0083,1401800010083,3630,3.560026248912892
14,018,0001,0115,1401800010115,2131,3.3287872003545345
14,018,0001,012A,140180001012A,4601,3.6629466143326246
14,018,0001,0134,1401800010134,2863,3.456973013635818
14,018,0001,0149,1401800010149,2871,3.4581844355702627
14,018,0001,0153,1401800010153,3239,3.510545010206612
14,018,0001,0187,1401800010187,3175,3.5018804937550585
14,018,0001,0191,1401800010191,2115,3.325515663363148
14,018,0001,0204,1401800010204,1518,3.1815577738627865
14,018,0001,0219,1401800010219,803,2.905256048748451
14,018,0001,0223,1401800010223,616,2.7902851640332416
14,018,0001,0257,1401800010257,536,2.7299742856995555
14,018,0001,0261,1401800010261,639,2.806179973983887
14,018,0001,0276,1401800010276,1040,3.017450729510536
14,018,0001,0312,1401800010312,1913,3.281941933440825
14,018,0001,0327,1401800010327,2058,3.3136563466180315
14,018,0001,0331,1401800010331,326,2.514547752660286
14,018,0001,0346,1401800010346,271,2.4345689040341987
14,018,0001,0350,1401800010350,0,0.0
14,018,0001,0365,1401800010365,2,0.47712125471966244
14,018,0001,037A,140180001037A,0,0.0
14,018,0001,0384,1401800010384,51,1.7160033436347992
14,018,0001,0399,1401800010399,4,0.6989700043360189
14,018,0001,0401,1401800010401,569,2.7558748556724915
14,018,0001,0416,1401800010416,0,0.0
14,018,0001,0420,1401800010420,9,1.0
14,018,0001,0435,1401800010435,65,1.8195439355418688
14,018,0001,0454,1401800010454,2,0.47712125471966244
14,018,0001,0469,1401800010469,588,2.7701152947871015
14,018,0001,0488,1401800010488,11,1.0791812460476249
14,018,0001,0492,1401800010492,59,1.7781512503836436
14,018,0001,0524,1401800010524,21,1.3424226808222062
14,018,0001,0539,1401800010539,336,2.5276299008713385
14,018,0001,0543,1401800010543,42,1.6334684555795864
14,018,0001,0558,1401800010558,1147,3.059941888061955
14,018,0027,0100,1401800270100,1468,3.1670217957902564
14,018,0027,0172,1401800270172,1062,3.0265332645232967
14,018,0027,0280,1401800270280,226,2.3560258571931225
14,018,0027,044A,140180027044A,10,1.0413926851582251
14,018,0027,0473,1401800270473,5,0.7781512503836436
14,018,0027,0505,1401800270505,12,1.1139433523068367
14,018,0027,051A,140180027051A,14,1.1760912590556813
14,019,0001,0131,1401900010131,1086,3.0362295440862948
14,020,0001,0166,1402000010166,649,2.8129133566428557
14,020,0001,0170,1402000010170,283,2.4533183400470375
14,020,0001,0185,1402000010185,855,2.932473764677153
14,020,0001,019A,140200001019A,1413,3.150449409460881
14,020,0001,0202,1402000010202,77,1.8920946026904804
14,020,0001,0217,1402000010217,247,2.3944516808262164
14,020,0001,0221,1402000010221,50,1.7075701760979363
14,020,0001,0236,1402000010236,11,1.0791812460476249
14,020,0001,0240,1402000010240,44,1.6532125137753437
14,020,0001,0255,1402000010255,5,0.7781512503836436
14,020,0001,026A,140200001026A,39,1.6020599913279623
14,020,0001,0274,1402000010274,162,2.2121876044039577
14,021,0001,0106,1402100010106,2490,3.3963737275365067
14,021,0001,0110,1402100010110,842,2.9258275746247424
14,021,0001,0125,1402100010125,1289,3.110589710299249
14,021,0001,020A,140210001020A,2129,3.3283796034387376
14,021,0001,0214,1402100010214,2084,3.3191060593097763
14,021,0001,0229,1402100010229,26,1.4313637641589874
14,021,0001,0233,1402100010233,11,1.0791812460476249
14,021,0001,0248,1402100010248,421,2.625312450961674
14,021,0001,0290,1402100010290,15,1.2041199826559248
14,021,0001,0303,1402100010303,11,1.0791812460476249
14,021,0001,0318,1402100010318,9,1.0
14,021,0001,0356,1402100010356,822,2.91539983521227
14,021,0001,0360,1402100010360,1044,3.019116290447073
14,021,0001,0394,1402100010394,318,2.503790683057181
14,021,0001,0426,1402100010426,0,0.0
14,021,0001,0479,1402100010479,3,0.6020599913279624
14,021,0001,0483,1402100010483,29,1.4771212547196624
14,021,0003,013A,140210003013A,151,2.1818435879447726
14,021,0003,0182,1402100030182,1148,3.060320028688285
14,021,0003,0252,1402100030252,31,1.505149978319906
14,021,0003,0322,1402100030322,0,0.0
14,021,0003,0337,1402100030337,1,0.3010299956639812
14,021,0003,0341,1402100030341,70,1.8512583487190752
14,021,0003,0375,1402100030375,712,2.8530895298518657
14,021,0003,038A,140210003038A,995,2.998259338423699
14,021,0003,0407,1402100030407,3,0.6020599913279624
14,021,0003,0411,1402100030411,29,1.4771212547196624
14,021,0015,0430,1402100150430,373,2.5728716022004803
14,021,0015,0445,1402100150445,400,2.603144372620182
14,021,0015,045A,140210015045A,337,2.5289167002776547
14,021,0015,0464,1402100150464,0,0.0
14,021,0018,0144,1402100180144,701,2.846337112129805
14,021,0018,0159,1402100180159,634,2.8027737252919755
14,021,0018,0267,1402100180267,11,1.0791812460476249
14,021,0018,0271,1402100180271,48,1.6901960800285136
14,022,0001,0137,1402200010137,3213,3.5070458724273257
14,022,0001,0141,1402200010141,1894,3.2776092143040914
14,022,0001,0156,1402200010156,1064,3.0273496077747564
14,022,0001,0160,1402200010160,1846,3.2664668954402414
14,022,0001,0175,1402200010175,3699,3.568201724066995
14,022,0001,018A,140220001018A,1780,3.2506639194632436
14,022,0001,0194,1402200010194,642,2.808210972924222
14,022,0001,0207,1402200010207,1588,3.2011238972073794
14,022,0001,0211,1402200010211,1812,3.258397804095509
14,022,0001,0349,1402200010349,91,1.9637878273455553
14,022,0001,0353,1402200010353,206,2.315970345456918
14,022,0001,0419,1402200010419,149,2.1760912590556813
14,022,0001,0423,1402200010423,116,2.0681858617461617
14,022,0001,0438,1402200010438,0,0.0
14,022,0001,0442,1402200010442,43,1.6434526764861874
14,022,0001,0457,1402200010457,6,0.8450980400142568
14,022,0001,0461,1402200010461,0,0.0
14,022,0001,0480,1402200010480,116,2.0681858617461617
14,022,0001,0508,1402200010508,351,2.546542663478131
14,022,0001,0512,1402200010512,90,1.9590413923210936
14,022,0001,0531,1402200010531,34,1.5440680443502757
14,022,0001,0620,1402200010620,14,1.1760912590556813
14,022,0001,0635,1402200010635,16,1.2304489213782739
14,022,0001,0669,1402200010669,17,1.255272505103306
14,022,0001,0673,1402200010673,0,0.0
14,022,0006,0387,1402200060387,994,2.9978230807457256
14,022,0006,0391,1402200060391,1958,3.2920344359947364
14,022,0006,0404,1402200060404,1174,3.070037866607755
14,022,0006,0527,1402200060527,126,2.103803720955957
14,022,0006,0546,1402200060546,14,1.1760912590556813
14,022,0016,0584,1402200160584,1069,3.0293837776852097
14,022,0016,0599,1402200160599,973,2.9885589568786157
14,022,0016,0601,1402200160601,877,2.9434945159061026
14,022,0016,0616,1402200160616,617,2.790988475088816
14,022,0033,0122,1402200330122,2064,3.31492005599242
14,022,0033,0230,1402200330230,1873,3.2727695865517594
14,022,0033,0279,1402200330279,500,2.699837725867246
14,022,0033,0283,1402200330283,254,2.406540180433955
14,022,0033,0298,1402200330298,116,2.0681858617461617
14,022,0033,0315,1402200330315,509,2.7075701760979363
14,022,0033,032A,140220033032A,271,2.4345689040341987
14,022,0033,0334,1402200330334,1150,3.0610753236297916
14,022,0033,0368,1402200330368,69,1.845098040014257
14,022,0033,0495,1402200330495,10,1.0413926851582251
14,022,0033,0550,1402200330550,56,1.7558748556724915
14,022,0033,0565,1402200330565,38,1.591064607026499
14,022,0033,057A,140220033057A,36,1.568201724066995
14,022,0033,064A,140220033064A,6,0.8450980400142568
14,022,0033,0654,1402200330654,6,0.8450980400142568
14,023,0001,0045,1402300010045,5974,3.7763379096201755
14,023,0001,0064,1402300010064,1417,3.151676230847048
14,023,0001,0079,1402300010079,2001,3.3014640731433
14,023,0001,0083,1402300010083,6346,3.8025684983139563
14,023,0001,0100,1402300010100,3011,3.478854967528663
14,023,0001,0115,1402300010115,2681,3.42845877351558
14,023,0001,0153,1402300010153,3495,3.5435714239623652
14,023,0001,0168,1402300010168,2527,3.402777069610347
14,023,0001,0172,1402300010172,867,2.938519725176492
14,023,0001,0187,1402300010187,1270,3.104145550554008
14,023,0001,0191,1402300010191,3941,3.5957166199434245
14,023,0001,0223,1402300010223,2948,3.469674772551798
14,023,0001,0238,1402300010238,2675,3.4274861090957853
14,023,0001,0242,1402300010242,2994,3.4763968267253302
14,023,0001,0257,1402300010257,3909,3.5921767573958667
14,023,0001,0261,1402300010261,3338,3.523616419054371
14,023,0001,0276,1402300010276,1208,3.0824263008607717
14,023,0001,0312,1402300010312,1123,3.0507663112330423
14,023,0001,0327,1402300010327,721,2.858537197569639
14,023,0001,0331,1402300010331,331,2.5211380837040362
14,023,0001,0346,1402300010346,148,2.173186268412274
14,023,0001,0350,1402300010350,61,1.792391689498254
14,023,0001,0365,1402300010365,0,0.0
14,023,0001,0384,1402300010384,2170,3.3366598234544202
14,023,0001,0399,1402300010399,0,0.0
14,023,0001,0401,1402300010401,0,0.0
14,023,0001,0416,1402300010416,85,1.9344984512435677
14,023,0001,0420,1402300010420,2403,3.380934463330702
14,023,0001,0435,1402300010435,42,1.6334684555795864
14,023,0001,044A,140230001044A,124,2.0969100130080562
14,023,0001,0454,1402300010454,180,2.2576785748691846
14,023,0001,0469,1402300010469,241,2.383815365980431
14,023,0001,0473,1402300010473,2072,3.3165993020938607
14,023,0001,0488,1402300010488,4126,3.615634468877416
14,023,0001,0492,1402300010492,3707,3.5691397254724593
14,023,0001,0505,1402300010505,3889,3.5899496013257077
14,023,0001,051A,140230001051A,3426,3.534914104429867
14,023,0001,0524,1402300010524,87,1.9444826721501687
14,023,0001,0539,1402300010539,1498,3.1758016328482794
14,023,0001,0543,1402300010543,834,2.921686475483602
14,023,0001,0558,1402300010558,0,0.0
14,023,0001,0562,1402300010562,714,2.8543060418010806
14,023,0001,0577,1402300010577,2,0.47712125471966244
14,023,0001,0581,1402300010581,31,1.505149978319906
14,023,0001,0596,1402300010596,3398,3.5313511645830595
14,023,0001,0609,1402300010609,1282,3.1082266563749283
14,023,0001,0613,1402300010613,4046,3.6071332043915665
14,023,0001,0628,1402300010628,2921,3.465680211598278
14,023,0001,0632,1402300010632,3650,3.5624118329497274
14,023,0001,0647,1402300010647,1439,3.1583624920952498
14,023,0001,0651,1402300010651,261,2.4183012913197452
14,023,0001,0666,1402300010666,31,1.505149978319906
14,023,0001,0670,1402300010670,1066,3.0281644194244697
14,023,0001,0685,1402300010685,614,2.788875115775417
14,023,0001,069A,140230001069A,724,2.8603380065709936
14,023,0001,0702,1402300010702,911,2.959994838328416
14,023,0001,0717,1402300010717,1992,3.2995072987004876
14,023,0001,0721,1402300010721,658,2.8188854145940097
14,023,0001,0736,1402300010736,68,1.8388490907372552
14,023,0001,0740,1402300010740,9,1.0
14,023,0001,0755,1402300010755,19,1.3010299956639813
14,023,0001,076A,140230001076A,3033,3.4820155764507117
14,023,0001,0774,1402300010774,3251,3.5121505369220305
14,023,0001,0789,1402300010789,136,2.1367205671564067
14,023,0001,0793,1402300010793,5,0.7781512503836436
14,023,0001,0806,1402300010806,21,1.3424226808222062
14,023,0001,0810,1402300010810,963,2.984077033902831
14,023,0001,0825,1402300010825,44,1.6532125137753437
14,023,0001,083A,140230001083A,0,0.0
14,023,0001,0844,1402300010844,5,0.7781512503836436
14,023,0001,0859,1402300010859,21,1.3424226808222062
14,023,0001,0863,1402300010863,4,0.6989700043360189
14,023,0001,0882,1402300010882,1642,3.215637563435062
14,023,0001,0897,1402300010897,1136,3.0557604646877348
14,023,0001,090A,140230001090A,8,0.9542425094393249
14,023,0001,0914,1402300010914,0,0.0
14,024,0001,0080,1402400010080,2010,3.303412070596742
14,024,0001,0108,1402400010108,1427,3.1547282074401557
14,024,0001,0112,1402400010112,2229,3.3483048630481607
14,024,0001,0127,1402400010127,1967,3.2940250940953226
14,024,0001,0131,1402400010131,2251,3.3525683861793087
14,024,0001,0146,1402400010146,1281,3.1078880251827985
14,024,0001,0150,1402400010150,888,2.9489017609702137
14,024,0001,0165,1402400010165,182,2.2624510897304293
14,024,0001,017A,140240001017A,24,1.3979400086720377
14,024,0001,0184,1402400010184,5,0.7781512503836436
14,024,0001,0199,1402400010199,1524,3.1832698436828046
14,024,0001,0201,1402400010201,2657,3.4245549766067134
14,024,0001,0216,1402400010216,25,1.414973347970818
14,024,0001,0220,1402400010220,7,0.9030899869919435
14,024,0001,0235,1402400010235,0,0.0
14,024,0001,024A,140240001024A,13,1.146128035678238
14,024,0001,0254,1402400010254,18,1.2787536009528289
14,024,0001,0288,1402400010288,32,1.5185139398778875
14,024,0001,0292,1402400010292,0,0.0
14,024,0001,0305,1402400010305,10,1.0413926851582251
14,024,0007,0269,1402400070269,1094,3.0394141191761372
14,024,0007,0273,1402400070273,1478,3.1699681739968923
14,024,0007,031A,140240007031A,33,1.5314789170422551
14,024,0007,0324,1402400070324,33,1.5314789170422551
14,025,0001,011A,140250001011A,1991,3.29928933408768
14,025,0001,0139,1402500010139,1761,3.246005904076029
14,025,0001,0143,1402500010143,2402,3.3807537708039
14,025,0001,0158,1402500010158,1993,3.2997251539756367
14,025,0001,0162,1402500010162,2061,3.3142886609474975
14,025,0001,0177,1402500010177,125,2.100370545117563
14,025,0001,0181,1402500010181,229,2.361727836017593
14,025,0001,0196,1402500010196,16,1.2304489213782739
14,025,0001,0213,1402500010213,1385,3.141763230275788
14,025,0001,0228,1402500010228,84,1.9294189257142926
14,025,0001,0232,1402500010232,93,1.9731278535996986
14,025,0001,0247,1402500010247,1702,3.231214647962601
14,025,0001,0251,1402500010251,689,2.838849090737255
14,025,0001,0266,1402500010266,9,1.0
14,025,0001,0270,1402500010270,18,1.2787536009528289
14,025,0001,0285,1402500010285,479,2.681241237375587
14,025,0001,029A,140250001029A,49,1.6989700043360187
14,025,0001,0302,1402500010302,16,1.2304489213782739
14,025,0001,0317,1402500010317,23,1.380211241711606
14,025,0001,0321,1402500010321,4,0.6989700043360189
14,026,0001,0051,1402600010051,994,2.9978230807457256
14,026,0001,0066,1402600010066,1060,3.025715383901341
14,026,0001,0070,1402600010070,1033,3.0145205387579237
14,026,0001,0085,1402600010085,274,2.439332693830263
14,026,0001,009A,140260001009A,384,2.5854607295085006
14,026,0001,0102,1402600010102,386,2.5877109650189114
14,026,0001,0117,1402600010117,73,1.8692317197309762
14,026,0001,0121,1402600010121,292,2.4668676203541096
14,026,0001,0136,1402600010136,30,1.4913616938342726
14,026,0001,0140,1402600010140,23,1.380211241711606
14,026,0001,0174,1402600010174,36,1.568201724066995
14,026,0001,0189,1402600010189,35,1.5563025007672873
14,026,0001,0193,1402600010193,5,0.7781512503836436
14,026,0001,0206,1402600010206,18,1.2787536009528289
14,026,0001,0210,1402600010210,87,1.9444826721501687
14,026,0001,0225,1402600010225,23,1.380211241711606
14,026,0001,023A,140260001023A,9,1.0
14,026,0001,0244,1402600010244,326,2.514547752660286
14,026,0001,0259,1402600010259,25,1.414973347970818
14,027,0001,0171,1402700010171,1119,3.0492180226701815
14,027,0001,0186,1402700010186,1100,3.041787318971752
14,027,0001,0190,1402700010190,149,2.1760912590556813
14,027,0001,0203,1402700010203,117,2.0718820073061255
14,027,0001,0218,1402700010218,0,0.0
14,027,0001,0222,1402700010222,111,2.0492180226701815
14,027,0001,0237,1402700010237,184,2.2671717284030137
14,027,0001,0256,1402700010256,1,0.3010299956639812
14,027,0001,0260,1402700010260,13,1.146128035678238
14,028,0001,0075,1402800010075,18,1.2787536009528289
14,028,0001,008A,140280001008A,21,1.3424226808222062
14,028,0001,0094,1402800010094,10,1.0413926851582251
14,028,0001,0107,1402800010107,454,2.6580113966571126
14,028,0001,0111,1402800010111,594,2.7745169657285498
14,028,0001,0126,1402800010126,76,1.8864907251724818
14,028,0001,0130,1402800010130,157,2.1986570869544226
14,028,0001,0145,1402800010145,0,0.0
14,029,0001,0091,1402900010091,1861,3.269979676645324
14,029,0001,0104,1402900010104,12,1.1139433523068367
14,029,0001,0119,1402900010119,504,2.7032913781186614
14,029,0001,0123,1402900010123,1520,3.182129214052998
14,029,0001,0138,1402900010138,1062,3.0265332645232967
14,029,0001,0142,1402900010142,52,1.724275869600789
14,030,0001,0124,1403000010124,2553,3.4072208929273966
14,030,0001,0139,1403000010139,2220,3.346548558548474
14,030,0001,0143,1403000010143,2326,3.36679638328673
14,030,0001,0158,1403000010158,2716,3.4340896384178907
14,030,0001,0232,1403000010232,1452,3.1622656142980214
14,030,0001,0247,1403000010247,2351,3.371437317404101
14,030,0001,0270,1403000010270,2377,3.376211850282673
14,030,0001,0285,1403000010285,2266,3.3554515201265174
14,030,0001,029A,140300001029A,2064,3.31492005599242
14,030,0001,0302,1403000010302,2494,3.397070549959409
14,030,0001,0336,1403000010336,0,0.0
14,030,0001,0340,1403000010340,771,2.887617300335736
14,030,0001,0478,1403000010478,34,1.5440680443502757
14,030,0001,0590,1403000010590,288,2.4608978427565478
14,030,0001,0603,1403000010603,0,0.0
14,030,0001,0618,1403000010618,0,0.0
14,030,0001,0637,1403000010637,228,2.359835482339888
14,030,0001,0641,1403000010641,136,2.1367205671564067
14,030,0001,0675,1403000010675,33,1.5314789170422551
14,030,0001,068A,140300001068A,21,1.3424226808222062
14,030,0001,0694,1403000010694,22,1.3617278360175928
14,030,0002,0088,1403000020088,741,2.870403905279027
14,030,0002,0196,1403000020196,1806,3.256958152560932
14,030,0002,0209,1403000020209,1733,3.2390490931401916
14,030,0002,0213,1403000020213,2987,3.475380593143361
14,030,0002,0228,1403000020228,2517,3.401055725771844
14,030,0002,0317,1403000020317,382,2.583198773968623
14,030,0002,0355,1403000020355,7,0.9030899869919435
14,030,0002,036A,140300002036A,134,2.130333768495006
14,030,0002,0374,1403000020374,15,1.2041199826559248
14,030,0002,0389,1403000020389,135,2.1335389083702174
14,030,0002,0393,1403000020393,12,1.1139433523068367
14,030,0002,0410,1403000020410,12,1.1139433523068367
14,030,0002,0425,1403000020425,4,0.6989700043360189
14,030,0002,0497,1403000020497,188,2.2764618041732443
14,030,0002,0533,1403000020533,257,2.41161970596323
14,030,0002,0548,1403000020548,2,0.47712125471966244
14,030,0002,0552,1403000020552,13,1.146128035678238
14,030,0002,0567,1403000020567,2,0.47712125471966244
14,030,0002,0571,1403000020571,37,1.5797835966168101
14,030,0002,0656,1403000020656,455,2.658964842664435
14,030,0003,0177,1403000030177,1238,3.0930713063760633
14,030,0003,0181,1403000030181,1723,3.236537261488694
14,030,0003,0251,1403000030251,1946,3.2893659515200318
14,030,0003,0266,1403000030266,1885,3.2755416884013098
14,030,0003,0406,1403000030406,212,2.3283796034387376
14,030,0005,043A,140300005043A,2240,3.350441856535061
14,030,0005,0444,1403000050444,1757,3.245018870737753
14,030,0005,0459,1403000050459,1034,3.0149403497929366
14,030,0005,0463,1403000050463,1221,3.0870712059065353
14,030,0005,0482,1403000050482,139,2.146128035678238
14,030,0005,050A,140300005050A,19,1.3010299956639813
14,030,0005,0514,1403000050514,0,0.0
14,030,0005,0529,1403000050529,62,1.7993405494535817
14,030,0005,0586,1403000050586,144,2.161368002234975
14,031,0001,009A,140310001009A,381,2.582063362911709
14,031,0001,0102,1403100010102,94,1.9777236052888478
14,031,0001,0117,1403100010117,127,2.1072099696478683
14,031,0001,0136,1403100010136,7,0.9030899869919435
14,032,0001,0044,1403200010044,2238,3.3500540935790304
14,032,0001,0059,1403200010059,358,2.5550944485783194
14,032,0001,0063,1403200010063,663,2.8221680793680175
14,032,0001,0078,1403200010078,980,2.9916690073799486
14,032,0001,0082,1403200010082,57,1.7634279935629373
14,032,0001,0097,1403200010097,3,0.6020599913279624
14,033,0001,008A,140330001008A,1942,3.2884728005997825
14,033,0001,0094,1403300010094,1142,3.0580462303952816
14,033,0001,0107,1403300010107,2095,3.321391278311689
14,033,0001,0111,1403300010111,1201,3.079904467666721
14,033,0001,0126,1403300010126,765,2.884228769632604
14,033,0001,0130,1403300010130,1000,3.000434077479319
14,033,0001,0145,1403300010145,407,2.61066016308988
14,033,0001,015A,140330001015A,990,2.9960736544852753
14,033,0001,0164,1403300010164,596,2.775974331129369
14,033,0001,0179,1403300010179,59,1.7781512503836436
14,033,0001,0183,1403300010183,386,2.5877109650189114
14,033,0001,0198,1403300010198,395,2.597695185925512
14,033,0001,0200,1403300010200,179,2.255272505103306
14,033,0001,0215,1403300010215,317,2.5024271199844326
14,033,0001,022A,140330001022A,0,0.0
14,033,0001,0234,1403300010234,56,1.7558748556724915
14,033,0001,0249,1403300010249,51,1.7160033436347992
14,033,0001,0253,1403300010253,3,0.6020599913279624
14,033,0001,0268,1403300010268,18,1.2787536009528289
14,033,0001,0272,1403300010272,0,0.0
14,033,0001,0287,1403300010287,10,1.0413926851582251
14,034,0001,0053,1403400010053,899,2.9542425094393248
14,034,0001,0068,1403400010068,138,2.143014800254095
14,034,0001,0072,1403400010072,273,2.437750562820388
14,034,0001,0091,1403400010091,29,1.4771212547196624
14,034,0001,0104,1403400010104,7,0.9030899869919435
14,034,0001,0119,1403400010119,4,0.6989700043360189
14,034,0001,0123,1403400010123,17,1.255272505103306
14,035,0001,0188,1403500010188,1127,3.0523090996473234
14,035,0001,0205,1403500010205,1371,3.137354111370733
14,035,0001,021A,140350001021A,640,2.8068580295188172
14,035,0001,0224,1403500010224,2019,3.305351369446624
14,035,0001,0239,1403500010239,341,2.534026106056135
14,035,0001,0243,1403500010243,711,2.8524799936368566
14,035,0001,0258,1403500010258,1188,3.0751818546186915
14,035,0001,0277,1403500010277,2856,3.455910240382743
14,035,0001,0281,1403500010281,366,2.5646660642520893
14,035,0001,0296,1403500010296,1358,3.1332194567324945
14,035,0001,0309,1403500010309,1538,3.187238619831479
14,035,0001,0332,1403500010332,1487,3.17260293120986
14,035,0001,0347,1403500010347,1288,3.110252917353403
14,035,0001,0351,1403500010351,1074,3.031408464251624
14,035,0001,0366,1403500010366,1765,3.24699069924155
14,035,0001,0370,1403500010370,85,1.9344984512435677
14,035,0001,0385,1403500010385,58,1.7708520116421442
14,035,0001,039A,140350001039A,108,2.037426497940624
14,035,0001,0402,1403500010402,276,2.4424797690644486
14,035,0001,0417,1403500010417,1434,3.156851901070011
14,035,0001,0421,1403500010421,104,2.0211892990699383
14,035,0001,0474,1403500010474,13,1.146128035678238
14,035,0001,0489,1403500010489,517,2.714329759745233
14,035,0001,0493,1403500010493,75,1.8808135922807914
14,035,0001,0506,1403500010506,244,2.3891660843645326
14,035,0001,0510,1403500010510,689,2.838849090737255
14,035,0001,0525,1403500010525,1479,3.1702617153949575
14,035,0001,053A,140350001053A,1311,3.1179338350396413
14,035,0001,0563,1403500010563,401,2.60422605308447
14,035,0001,0582,1403500010582,50,1.7075701760979363
14,035,0001,0597,1403500010597,151,2.1818435879447726
14,035,0001,0614,1403500010614,46,1.6720978579357175
14,035,0001,0648,1403500010648,68,1.8388490907372552
14,035,0001,0652,1403500010652,5,0.7781512503836436
14,035,0001,0667,1403500010667,203,2.3096301674258988
14,035,0001,0671,1403500010671,8,0.9542425094393249
14,035,0001,0690,1403500010690,4,0.6989700043360189
14,035,0001,0703,1403500010703,34,1.5440680443502757
14,035,0001,0718,1403500010718,77,1.8920946026904804
14,035,0001,0722,1403500010722,499,2.6989700043360187
14,035,0001,0737,1403500010737,327,2.515873843711679
14,035,0001,0756,1403500010756,173,2.2405492482826
14,035,0001,0775,1403500010775,0,0.0
14,035,0001,078A,140350001078A,4,0.6989700043360189
14,035,0001,0794,1403500010794,161,2.2095150145426308
14,035,0001,0807,1403500010807,59,1.7781512503836436
14,035,0001,0811,1403500010811,5,0.7781512503836436
14,035,0001,085A,140350001085A,25,1.414973347970818
14,035,0001,0864,1403500010864,6,0.8450980400142568
14,035,0001,0879,1403500010879,5,0.7781512503836436
14,035,0017,0313,1403500170313,1666,3.2219355998280053
14,035,0017,0328,1403500170328,1362,3.1344958558346736
14,035,0017,0436,1403500170436,274,2.439332693830263
14,035,0017,0440,1403500170440,41,1.6232492903979006
14,035,0017,0455,1403500170455,18,1.2787536009528289
14,035,0017,046A,140350017046A,9,1.0
14,035,0017,0629,1403500170629,10,1.0413926851582251
14,035,0017,0633,1403500170633,365,2.5634810853944106
14,035,0017,0686,1403500170686,34,1.5440680443502757
14,035,0017,0741,1403500170741,41,1.6232492903979006
14,035,0017,0760,1403500170760,214,2.3324384599156054
14,035,0017,0826,1403500170826,28,1.462397997898956
14,035,0017,0830,1403500170830,0,0.0
14,035,0017,0845,1403500170845,0,0.0
14,035,0138,0544,1403501380544,1483,3.171433900943008
14,035,0138,0559,1403501380559,1000,3.000434077479319
14,036,0001,0077,1403600010077,1559,3.1931245983544616
14,036,0001,0096,1403600010096,1098,3.0409976924234905
14,036,0001,0109,1403600010109,1540,3.1878026387184195
14,036,0001,0147,1403600010147,2248,3.351989455435632
14,036,0001,0151,1403600010151,2369,3.374748346010104
14,036,0001,0166,1403600010166,371,2.5705429398818973
14,036,0001,0170,1403600010170,1281,3.1078880251827985
14,036,0001,0185,1403600010185,1295,3.1126050015345745
14,036,0001,019A,140360001019A,46,1.6720978579357175
14,036,0001,0202,1403600010202,59,1.7781512503836436
14,036,0001,0217,1403600010217,207,2.3180633349627615
14,036,0001,0221,1403600010221,10,1.0413926851582251
14,036,0001,0236,1403600010236,153,2.187520720836463
14,036,0001,0240,1403600010240,0,0.0
14,036,0001,0255,1403600010255,42,1.6334684555795864
14,036,0001,026A,140360001026A,10,1.0413926851582251
14,036,0001,0274,1403600010274,276,2.4424797690644486
14,036,0001,0289,1403600010289,571,2.7573960287930244
14,036,0001,0293,1403600010293,56,1.7558748556724915
14,036,0001,0306,1403600010306,18,1.2787536009528289
14,036,0001,0310,1403600010310,929,2.9684829485539352
14,036,0001,0325,1403600010325,95,1.9822712330395684
14,036,0001,033A,140360001033A,90,1.9590413923210936
14,036,0001,0344,1403600010344,12,1.1139433523068367
14,036,0001,0359,1403600010359,62,1.7993405494535817
14,036,0001,0363,1403600010363,0,0.0
14,036,0001,0378,1403600010378,268,2.429752280002408
14,036,0001,0382,1403600010382,32,1.5185139398778875
14,036,0001,0397,1403600010397,0,0.0
14,037,0001,0055,1403700010055,2625,3.4192947217534604
14,037,0001,006A,140370001006A,2835,3.452706226511029
14,037,0001,0074,1403700010074,3029,3.481442628502305
14,037,0001,0089,1403700010089,1597,3.2035767749779724
14,037,0001,0093,1403700010093,1722,3.2362852774480286
14,037,0001,0106,1403700010106,1265,3.1024337056813365
14,037,0001,0110,1403700010110,2485,3.395501124305626
14,037,0001,0125,1403700010125,2392,3.378942698613437
14,037,0001,013A,140370001013A,940,2.973589623427257
14,037,0001,0144,1403700010144,6,0.8450980400142568
14,037,0001,0159,1403700010159,257,2.41161970596323
14,037,0001,0163,1403700010163,27,1.4471580313422192
14,037,0001,0178,1403700010178,7,0.9030899869919435
14,037,0001,0182,1403700010182,0,0.0
14,037,0001,0197,1403700010197,1347,3.129689892199301
14,037,0001,020A,140370001020A,643,2.808885867359812
14,037,0001,0214,1403700010214,5,0.7781512503836436
14,037,0001,0229,1403700010229,534,2.7283537820212285
14,037,0001,0248,1403700010248,29,1.4771212547196624
14,037,0001,0252,1403700010252,21,1.3424226808222062
14,037,0001,0267,1403700010267,219,2.342422680822206
14,037,0001,0271,1403700010271,344,2.537819095073274
14,037,0001,0286,1403700010286,150,2.1789769472931693
14,037,0001,0290,1403700010290,90,1.9590413923210936
14,037,0001,0303,1403700010303,4,0.6989700043360189
14,037,0001,0318,1403700010318,18,1.2787536009528289
14,037,0001,0322,1403700010322,7,0.9030899869919435
14,037,0001,0337,1403700010337,0,0.0
14,037,0001,0341,1403700010341,116,2.0681858617461617
14,037,0001,0356,1403700010356,24,1.3979400086720377
14,038,0001,0103,1403800010103,973,2.9885589568786157
14,038,0001,0118,1403800010118,935,2.971275848738105
14,038,0001,0122,1403800010122,0,0.0
14,038,0001,0137,1403800010137,56,1.7558748556724915
14,038,0001,0141,1403800010141,64,1.8129133566428555
14,038,0001,0156,1403800010156,5,0.7781512503836436
14,038,0001,0160,1403800010160,36,1.568201724066995
14,038,0001,0175,1403800010175,35,1.5563025007672873
14,038,0001,018A,140380001018A,1,0.3010299956639812
14,038,0001,0194,1403800010194,19,1.3010299956639813
14,039,0001,0026,1403900010026,1433,3.1565491513317814
14,039,0001,0030,1403900010030,3440,3.5366846726209302
14,039,0001,005A,140390001005A,1538,3.187238619831479
14,039,0001,0064,1403900010064,2647,3.422917980767662
14,039,0001,0083,1403900010083,5123,3.7096091210726487
14,039,0001,0115,1403900010115,3304,3.519171463821659
14,039,0001,0134,1403900010134,3236,3.5101426994025733
14,039,0001,0149,1403900010149,3170,3.501196242027089
14,039,0001,0153,1403900010153,3944,3.596047007545439
14,039,0001,0191,1403900010191,2777,3.4437322414015967
14,039,0001,0204,1403900010204,2702,3.4318460456987254
14,039,0001,0223,1403900010223,2945,3.469232742506612
14,039,0001,0238,1403900010238,4875,3.6880636969463443
14,039,0001,0261,1403900010261,5440,3.7356787259059048
14,039,0001,0276,1403900010276,7097,3.851135995011574
14,039,0001,0280,1403900010280,2440,3.387567779417189
14,039,0001,0295,1403900010295,2694,3.4305587695227575
14,039,0001,0308,1403900010308,497,2.6972293427597176
14,039,0001,0312,1403900010312,2380,3.37675939540488
14,039,0001,0327,1403900010327,1331,3.1245042248342823
14,039,0001,0346,1403900010346,3132,3.4959603948817053
14,039,0001,0350,1403900010350,3820,3.582177037688409
14,039,0001,0365,1403900010365,2444,3.388278863459639
14,039,0001,037A,140390001037A,1895,3.2778383330020473
14,039,0001,0384,1403900010384,2419,3.383815365980431
14,039,0001,0399,1403900010399,3486,3.5424519473759766
14,039,0001,0401,1403900010401,2118,3.3261309567107946
14,039,0001,0416,1403900010416,1597,3.2035767749779724
14,039,0001,0435,1403900010435,7566,3.878923733967567
14,039,0001,044A,140390001044A,7371,3.867585326547036
14,039,0001,0454,1403900010454,7289,3.8627275283179747
14,039,0001,0469,1403900010469,6148,3.7888044930446485
14,039,0001,0473,1403900010473,5848,3.7670816213633223
14,039,0001,0492,1403900010492,5650,3.752125307297898
14,039,0001,0505,1403900010505,5858,3.767823498007517
14,039,0001,051A,140390001051A,7354,3.866582677063549
14,039,0001,0524,1403900010524,5163,3.712986233594383
14,039,0001,0539,1403900010539,4087,3.611510887126656
14,039,0001,0543,1403900010543,3991,3.6011905326153335
14,039,0001,0562,1403900010562,4180,3.621280167550415
14,039,0001,0577,1403900010577,1432,3.1562461903973444
14,039,0001,0596,1403900010596,1774,3.249198357391113
14,039,0001,0609,1403900010609,1844,3.265996370495079
14,039,0001,0613,1403900010613,1648,3.217220655644519
14,039,0001,0632,1403900010632,3396,3.531095546870028
14,039,0001,0647,1403900010647,3054,3.485011214578573
14,039,0001,0651,1403900010651,3971,3.5990092398233435
14,039,0001,0666,1403900010666,5070,3.7050936105478733
14,039,0001,0670,1403900010670,689,2.838849090737255
14,039,0001,0685,1403900010685,1913,3.281941933440825
14,039,0001,069A,140390001069A,1975,3.295786940251609
14,039,0001,0702,1403900010702,1836,3.2641091563058082
14,039,0001,0717,1403900010717,2799,3.4471580313422194
14,039,0001,0721,1403900010721,2864,3.457124626303409
14,039,0001,0736,1403900010736,2327,3.3669829759778507
14,039,0001,0740,1403900010740,2571,3.4102709642521845
14,039,0001,0755,1403900010755,2956,3.4708513245261177
14,039,0001,0774,1403900010774,3189,3.503790683057181
14,039,0001,0789,1403900010789,4767,3.67833624673218
14,039,0001,0793,1403900010793,5805,3.763877031495655
14,039,0001,0806,1403900010806,5315,3.725584972270694
14,039,0001,0810,1403900010810,5299,3.724275869600789
14,039,0001,0825,1403900010825,3680,3.5659658174466666
14,039,0001,083A,140390001083A,5450,3.7364761820276966
14,039,0001,0844,1403900010844,3105,3.49220145139254
14,039,0001,0859,1403900010859,4308,3.6343764940883676
14,039,0001,0863,1403900010863,4771,3.678700434998304
14,039,0001,0878,1403900010878,3822,3.582404298019028
14,039,0001,0882,1403900010882,4771,3.678700434998304
14,039,0001,0897,1403900010897,7285,3.862489166905897
14,039,0001,090A,140390001090A,6708,3.8266577918758693
14,039,0001,0929,1403900010929,2565,3.4092566520389096
14,039,0001,0933,1403900010933,2127,3.3279716236230104
14,039,0001,0948,1403900010948,959,2.9822712330395684
14,039,0001,0952,1403900010952,3251,3.5121505369220305
14,039,0001,0967,1403900010967,3438,3.5364321758220134
14,039,0001,0971,1403900010971,2335,3.3684728384403617
14,039,0001,0986,1403900010986,2000,3.3012470886362113
14,039,0001,0990,1403900010990,2212,3.344981413927258
14,039,0001,1005,1403900011005,1664,3.2214142378423385
14,039,0001,101A,140390001101A,1340,3.127428777851599
14,039,0001,1024,1403900011024,2230,3.348499570283838
14,039,0001,1039,1403900011039,2707,3.4326486600131068
14,039,0001,1043,1403900011043,2187,3.340047317661393
14,039,0001,1062,1403900011062,1023,3.010299956639812
14,039,0001,1077,1403900011077,847,2.9283958522567137
14,039,0001,1081,1403900011081,2681,3.42845877351558
14,039,0001,1096,1403900011096,2001,3.3014640731433
14,039,0001,1109,1403900011109,2210,3.344588742578714
14,039,0001,1113,1403900011113,1954,3.2911467617318855
14,039,0001,1128,1403900011128,1632,3.212986184736668
14,039,0001,1132,1403900011132,1680,3.225567713439471
14,039,0001,1147,1403900011147,3002,3.477555332198981
14,039,0001,1151,1403900011151,2172,3.3370597263205246
14,039,0001,1166,1403900011166,2417,3.383456296524753
14,039,0001,1170,1403900011170,4531,3.6562899011913594
14,039,0001,1185,1403900011185,5210,3.7169210731667612
14,039,0001,119A,140390001119A,2055,3.313023110323238
14,039,0001,1202,1403900011202,2008,3.3029799367482493
14,039,0001,1217,1403900011217,5444,3.735997884091794
14,039,0001,1221,1403900011221,3057,3.485437481076301
14,039,0001,1236,1403900011236,3834,3.583765368285
14,039,0001,1274,1403900011274,2716,3.4340896384178907
14,039,0001,1289,1403900011289,1719,3.2355284469075487
14,039,0001,1293,1403900011293,886,2.9479236198317262
14,039,0001,1306,1403900011306,617,2.790988475088816
14,039,0001,1310,1403900011310,981,2.9921114877869495
14,039,0001,1325,1403900011325,2359,3.3729120029701067
14,039,0001,133A,140390001133A,1300,3.1142772965615864
14,039,0001,1344,1403900011344,1167,3.0674428427763805
14,039,0001,1359,1403900011359,754,2.8779469516291885
14,039,0001,1363,1403900011363,1226,3.088844562727004
14,039,0001,1378,1403900011378,1543,3.188647295999717
14,039,0001,1382,1403900011382,2849,3.45484486000851
14,039,0001,1397,1403900011397,5120,3.709354775834396
14,039,0001,140A,140390001140A,4485,3.651859269246949
14,039,0001,1414,1403900011414,3951,3.5968169359155904
14,039,0001,1429,1403900011429,1902,3.2794387882870204
14,039,0001,1433,1403900011433,5008,3.699751031689514
14,039,0001,1448,1403900011448,2753,3.439963935920905
14,039,0001,1452,1403900011452,4217,3.6251065754034677
14,039,0001,1467,1403900011467,4745,3.6763277338813203
14,039,0001,1471,1403900011471,4458,3.6492374723496073
14,039,0001,1490,1403900011490,5529,3.7427251313046983
14,039,0001,1518,1403900011518,2605,3.415974411376566
14,039,0001,1537,1403900011537,7726,3.888010912245029
14,039,0001,1556,1403900011556,1636,3.2140486794119414
14,039,0001,1560,1403900011560,822,2.91539983521227
14,039,0001,1575,1403900011575,449,2.6532125137753435
14,039,0001,158A,140390001158A,270,2.432969290874406
14,039,0001,1594,1403900011594,227,2.357934847000454
14,039,0001,1607,1403900011607,688,2.8382192219076257
14,039,0001,1626,1403900011626,513,2.710963118995276
14,039,0001,1630,1403900011630,386,2.5877109650189114
14,039,0001,1645,1403900011645,1828,3.262213705476417
14,039,0001,165A,140390001165A,5944,3.7741518589547103
14,039,0001,1664,1403900011664,2178,3.3382572302462554
14,039,0001,1679,1403900011679,1848,3.266936911159173
14,039,0001,1683,1403900011683,3329,3.5224442335063197
14,039,0001,1698,1403900011698,2957,3.4709981696608736
14,039,0001,1700,1403900011700,4300,3.6335694425540916
14,039,0001,1715,1403900011715,4773,3.6788824146707357
14,039,0001,172A,140390001172A,4658,3.668292710448221
14,039,0001,1734,1403900011734,5234,3.718916686014861
14,039,0001,1753,1403900011753,2171,3.336859820916809
14,039,0001,1768,1403900011768,2337,3.3688445068258215
14,039,0001,1787,1403900011787,507,2.7058637122839193
14,039,0001,1791,1403900011791,408,2.611723308007342
14,039,0001,1804,1403900011804,424,2.6283889300503116
14,039,0001,1819,1403900011819,469,2.6720978579357175
14,039,0001,1823,1403900011823,486,2.6875289612146345
14,039,0001,1838,1403900011838,533,2.727541257028556
14,039,0001,1842,1403900011842,1147,3.059941888061955
14,039,0001,1857,1403900011857,3322,3.521530341278711
14,039,0001,1861,1403900011861,1324,3.1222158782728267
14,039,0001,1876,1403900011876,911,2.959994838328416
14,039,0001,1880,1403900011880,1826,3.2617385473525378
14,039,0001,1895,1403900011895,1933,3.286456469746983
14,039,0001,1908,1403900011908,3317,3.5208763816883417
14,039,0001,1912,1403900011912,2808,3.448551739201578
14,039,0001,1927,1403900011927,2553,3.4072208929273966
14,039,0001,1931,1403900011931,1639,3.214843848047698
14,039,0001,1946,1403900011946,2222,3.3469394626989906
14,039,0001,1950,1403900011950,2286,3.3592661646067485
14,039,0001,1965,1403900011965,2593,3.4139699717480614
14,039,0001,197A,140390001197A,2728,3.4360035356698964
14,039,0001,1984,1403900011984,2146,3.331832044436249
14,039,0001,1999,1403900011999,1739,3.2405492482826
14,039,0001,2003,1403900012003,2235,3.3494717992143856
14,039,0001,2018,1403900012018,2060,3.3140779917792127
14,039,0001,2022,1403900012022,4065,3.60916737430202
14,039,0001,2037,1403900012037,2760,3.4410664066392633
14,039,0001,2041,1403900012041,1670,3.2229764498933915
14,039,0001,2056,1403900012056,3305,3.519302849235429
14,039,0001,2107,1403900012107,614,2.788875115775417
14,039,0001,2111,1403900012111,2316,3.364926033789976
14,039,0001,2126,1403900012126,1229,3.089905111439398
14,039,0001,2130,1403900012130,1943,3.288696260590256
14,039,0001,2145,1403900012145,1224,3.0881360887005513
14,039,0001,215A,140390001215A,799,2.9030899869919438
14,039,0001,2164,1403900012164,844,2.926856708949692
14,039,0001,2179,1403900012179,762,2.8825245379548803
14,039,0001,2183,1403900012183,931,2.9694159123539814
14,039,0001,2200,1403900012200,1191,3.076276255404218
14,039,0001,2215,1403900012215,2270,3.3562171342197353
14,039,0001,2249,1403900012249,3183,3.5029730590656314
14,039,0001,2253,1403900012253,3334,3.523095838252568
14,039,0001,2268,1403900012268,3930,3.5945030438200893
14,039,0001,2272,1403900012272,2353,3.371806458507416
14,039,0001,2287,1403900012287,3086,3.4895366294820955
14,039,0001,2291,1403900012291,3561,3.551693915127225
14,039,0001,2304,1403900012304,4087,3.611510887126656
14,039,0001,2319,1403900012319,4397,3.6432552250247716
14,039,0001,2342,1403900012342,2027,3.3070679506612985
14,039,0001,2357,1403900012357,2874,3.4586378490256493
14,039,0001,2361,1403900012361,1590,3.2016701796465816
14,039,0001,2376,1403900012376,1750,3.243286146083446
14,039,0001,2380,1403900012380,1603,3.2052043639481447
14,039,0001,2395,1403900012395,2027,3.3070679506612985
14,039,0001,2408,1403900012408,1913,3.281941933440825
14,039,0001,2427,1403900012427,1837,3.2643455070500926
14,039,0001,2431,1403900012431,1033,3.0145205387579237
14,039,0001,2446,1403900012446,2051,3.3121773564397787
14,039,0001,2501,1403900012501,3267,3.514282047860378
14,039,0001,2516,1403900012516,1807,3.2571984261393445
14,039,0001,2520,1403900012520,1593,3.2024883170600935
14,039,0001,2535,1403900012535,3821,3.582290682718994
14,039,0001,254A,140390001254A,5415,3.733678655677088
14,039,0001,2554,1403900012554,11,1.0791812460476249
14,039,0001,2569,1403900012569,3196,3.504742636271688
14,039,0001,2573,1403900012573,0,0.0
14,039,0001,2588,1403900012588,3636,3.560743301054712
14,039,0001,2592,1403900012592,3696,3.5678494505731067
14,039,0001,2605,1403900012605,444,2.6483600109809315
14,039,0001,261A,140390001261A,1880,3.274388795550379
14,039,0001,2624,1403900012624,4749,3.6766936096248664
14,039,0001,2639,1403900012639,4945,3.6942541120252783
14,039,0001,2662,1403900012662,2011,3.30362797638389
14,039,0001,2677,1403900012677,1696,3.229681842317676
14,039,0001,2681,1403900012681,4038,3.6062738531699883
14,039,0001,2696,1403900012696,6406,3.8066547239918607
14,039,0001,2709,1403900012709,5623,3.7500453120117676
14,039,0001,2713,1403900012713,3393,3.530711837981657
14,039,0001,2728,1403900012728,3828,3.583085366347688
14,039,0001,2785,1403900012785,5136,3.710709565724337
14,039,0001,279A,140390001279A,4961,3.6956567599361905
14,039,0001,2802,1403900012802,8937,3.9512403503243405
14,039,0001,286A,140390001286A,2400,3.3803921600570273
14,039,0001,3001,1403900013001,2282,3.3585059114902354
14,039,0001,3016,1403900013016,5380,3.730862992046494
14,039,0001,3020,1403900013020,4278,3.6313422864839326
14,039,0001,3088,1403900013088,7760,3.889917683436206
14,039,0001,3143,1403900013143,2655,3.42422807069598
14,039,0001,3177,1403900013177,7661,3.8843421476470588
14,039,0001,3209,1403900013209,5999,3.7781512503836434
14,039,0001,3317,1403900013317,2911,3.4641913706409997
14,039,0001,3321,1403900013321,923,2.9656719712201065
14,039,0001,3336,1403900013336,6612,3.820398522703982
14,039,0001,3340,1403900013340,7256,3.8607571230815423
14,039,0001,3374,1403900013374,6111,3.7861833455676335
14,039,0001,3406,1403900013406,4762,3.6778805815115905
14,039,0001,3482,1403900013482,4455,3.6489451821656727
14,039,0001,350A,140390001350A,2929,3.4668676203541096
14,039,0001,3514,1403900013514,2921,3.465680211598278
14,039,0001,3529,1403900013529,3016,3.4795753101749884
14,039,0001,3533,1403900013533,1844,3.265996370495079
14,039,0001,3548,1403900013548,1383,3.141136090120739
14,039,0001,3552,1403900013552,1826,3.2617385473525378
14,039,0001,3567,1403900013567,2867,3.4575791469957626
14,039,0001,3586,1403900013586,4397,3.6432552250247716
14,039,0001,3590,1403900013590,3233,3.509740015570382
14,039,0001,3603,1403900013603,4489,3.6522463410033232
14,039,0001,3618,1403900013618,2845,3.4542348957482654
14,039,0001,3637,1403900013637,932,2.9698816437465
14,039,0001,3641,1403900013641,870,2.9400181550076634
14,039,0001,3656,1403900013656,3096,3.490941205356787
14,039,0001,3660,1403900013660,5426,3.734559821579476
14,039,0001,368A,140390001368A,1946,3.2893659515200318
14,039,0001,3694,1403900013694,1439,3.1583624920952498
14,039,0001,3707,1403900013707,3663,3.563955464995813
14,039,0001,3711,1403900013711,3070,3.4872798164430687
14,039,0001,3726,1403900013726,2382,3.377124042346456
14,039,0001,3730,1403900013730,1089,3.037426497940624
14,039,0001,3745,1403900013745,3343,3.524266268766979
14,039,0001,3764,1403900013764,2516,3.4008832155483626
14,039,0001,3783,1403900013783,5133,3.7104558643354246
14,039,0001,3798,1403900013798,5737,3.7587605439099794
14,039,0001,3800,1403900013800,5229,3.718501688867274
14,039,0001,3815,1403900013815,5972,3.776192514747072
14,039,0001,382A,140390001382A,4065,3.60916737430202
14,039,0001,3834,1403900013834,3120,3.4942937686653326
14,039,0001,3849,1403900013849,1656,3.219322508419337
14,039,0001,3853,1403900013853,1911,3.2814878879400813
14,039,0001,3868,1403900013868,4200,3.623352681537992
14,039,0001,3872,1403900013872,6219,3.7937903846908188
14,039,0001,3891,1403900013891,3644,3.5616975326539935
14,039,0001,3904,1403900013904,3454,3.5384480517102173
14,039,0001,3919,1403900013919,3541,3.549248556854056
14,039,0001,3923,1403900013923,4286,3.6321534835106326
14,039,0001,3938,1403900013938,2667,3.426185825244511
14,039,0001,3942,1403900013942,3436,3.536179532137225
14,039,0001,3957,1403900013957,1171,3.068927611682072
14,039,0001,3961,1403900013961,2017,3.3049211619008916
14,039,0001,3976,1403900013976,2378,3.3763944420372662
14,039,0001,3980,1403900013980,1286,3.1095785469043866
14,039,0001,3995,1403900013995,4225,3.6259294927162946
14,039,0001,400A,140390001400A,2960,3.471438407389299
14,039,0001,4014,1403900014014,3969,3.598790506763115
14,039,0001,4029,1403900014029,3376,3.5285310606354114
14,039,0001,4033,1403900014033,2004,3.302114376956201
14,039,0001,4048,1403900014048,5939,3.7737864449811935
14,039,0001,4052,1403900014052,5240,3.7194141597025934
14,039,0001,4067,1403900014067,2600,3.4151403521958725
14,039,0001,4071,1403900014071,2395,3.3794868137172736
14,039,0001,4086,1403900014086,2420,3.383994789441733
14,039,0001,4090,1403900014090,2730,3.4363217001397333
14,039,0001,4103,1403900014103,3343,3.524266268766979
14,039,0001,4118,1403900014118,3680,3.5659658174466666
14,039,0001,4122,1403900014122,3179,3.5024271199844326
14,039,0001,4141,1403900014141,1427,3.1547282074401557
14,039,0001,4156,1403900014156,1891,3.276921132065774
14,039,0001,4160,1403900014160,2479,3.3944516808262164
14,039,0001,4175,1403900014175,4696,3.671820560183249
14,039,0001,418A,140390001418A,4537,3.6568644915489172
14,039,0001,4194,1403900014194,3732,3.5720579899263045
14,039,0001,4207,1403900014207,4817,3.6828667956623247
14,039,0001,4211,1403900014211,4952,3.694868327982456
14,039,0001,4226,1403900014226,4502,3.653501946962933
14,039,0001,4230,1403900014230,4112,3.614158709509175
14,039,0001,4245,1403900014245,4483,3.6516656039229356
14,039,0001,425A,140390001425A,5144,3.7113853790984517
14,039,0001,4264,1403900014264,2866,3.4574276929464847
14,039,0001,4279,1403900014279,3870,3.5878231713189552
14,039,0001,4283,1403900014283,5592,3.747644819328248
14,039,0001,4298,1403900014298,6517,3.8141143561291253
14,039,0001,4300,1403900014300,5081,3.7060346607143506
14,039,0001,4349,1403900014349,2021,3.3057811512549824
14,039,0001,4353,1403900014353,2928,3.4667193716815987
14,039,0001,4368,1403900014368,3033,3.4820155764507117
14,039,0001,4387,1403900014387,6168,3.7902147702439795
14,039,0001,4391,1403900014391,4151,3.6182573448404014
14,039,0001,4404,1403900014404,4369,3.640481436970422
14,039,0001,4423,1403900014423,6471,3.811038508604216
14,039,0001,4438,1403900014438,4428,3.6463056802847587
14,039,0001,4442,1403900014442,4063,3.6089536992758626
14,039,0001,4457,1403900014457,1807,3.2571984261393445
14,039,0001,4461,1403900014461,2681,3.42845877351558
14,039,0001,4476,1403900014476,7476,3.8737273806466797
14,039,0001,4480,1403900014480,5137,3.7107940999303275
14,039,0001,4495,1403900014495,4349,3.6384892569546374
14,039,0001,4508,1403900014508,2403,3.380934463330702
14,039,0001,4512,1403900014512,4757,3.6774244377012475
14,039,0001,4527,1403900014527,3204,3.5058280338548364
14,039,0001,4531,1403900014531,657,2.8182258936139557
14,039,0001,4546,1403900014546,462,2.6655809910179533
14,039,0001,4550,1403900014550,777,2.890979596989689
14,039,0001,4565,1403900014565,67,1.8325089127062364
14,039,0001,457A,140390001457A,869,2.9395192526186187
14,039,0001,4584,1403900014584,2297,3.3613500243522663
14,039,0001,4599,1403900014599,3297,3.5182506513085
14,039,0001,4601,1403900014601,3520,3.5466660250701842
14,039,0001,4616,1403900014616,3942,3.5958267770732233
14,039,0001,4620,1403900014620,2986,3.475235222604128
14,039,0001,4635,1403900014635,2896,3.461948495203762
14,039,0001,464A,140390001464A,5227,3.7183355789085066
14,039,0001,4654,1403900014654,4659,3.66838591669
14,039,0001,4669,1403900014669,2308,3.3634239329171765
14,039,0001,4673,1403900014673,4058,3.6084190513172856
14,039,0001,4705,1403900014705,2177,3.3380578754197563
14,039,0001,471A,140390001471A,3040,3.483016420144132
14,039,0001,4724,1403900014724,3284,3.5165353738957994
14,039,0001,4743,1403900014743,3042,3.483301952358167
14,039,0001,4762,1403900014762,2342,3.369772288596963
14,039,0001,4777,1403900014777,2679,3.428134794028789
14,039,0001,4781,1403900014781,2986,3.475235222604128
14,039,0001,4796,1403900014796,3178,3.5022905279147727
14,039,0001,4809,1403900014809,4279,3.6314437690131722
14,039,0001,4813,1403900014813,3428,3.535167485114944
14,039,0001,4828,1403900014828,5053,3.703635237583896
14,039,0001,4832,1403900014832,3312,3.52022143588196
14,039,0001,4847,1403900014847,4413,3.644832328825636
14,039,0001,4851,1403900014851,2928,3.4667193716815987
14,039,0001,4866,1403900014866,2702,3.4318460456987254
14,039,0001,4870,1403900014870,1678,3.225050696138049
14,039,0001,4885,1403900014885,3109,3.4927603890268375
14,039,0001,489A,140390001489A,2999,3.4771212547196626
14,039,0001,4902,1403900014902,2033,3.308350948586726
14,039,0001,4917,1403900014917,2107,3.323870606540509
14,039,0001,4921,1403900014921,2664,3.425697213362591
14,039,0001,4936,1403900014936,2345,3.3703280077795106
14,039,0001,4940,1403900014940,893,2.951337518795918
14,039,0001,4955,1403900014955,2607,3.4163075870598827
14,039,0001,496A,140390001496A,2980,3.4743619760326307
14,039,0001,4974,1403900014974,2159,3.3344537511509307
14,039,0001,4989,1403900014989,2858,3.456214155357989
14,039,0001,4993,1403900014993,3081,3.4888326343824003
14,039,0001,5008,1403900015008,4449,3.6483600109809315
14,039,0001,5012,1403900015012,5358,3.729083757043612
14,039,0001,5027,1403900015027,3829,3.583198773968623
14,039,0001,5031,1403900015031,3099,3.4913616938342726
14,039,0001,5046,1403900015046,4361,3.6396856612426816
14,039,0001,5050,1403900015050,2497,3.3975924340381165
14,039,0001,5065,1403900015065,4763,3.67797175281074
14,039,0001,507A,140390001507A,3529,3.5477747053878224
14,039,0001,5084,1403900015084,3838,3.584218112117405
14,039,0001,5099,1403900015099,2598,3.4148062795010126
14,039,0001,5101,1403900015101,4789,3.680335513414563
14,039,0001,5116,1403900015116,4326,3.6361868951987244
14,039,0001,5120,1403900015120,3491,3.543074235033532
14,039,0001,5135,1403900015135,3361,3.526597709103452
14,039,0001,514A,140390001514A,4366,3.64018319192134
14,039,0001,5154,1403900015154,2653,3.4239009185284166
14,039,0001,5169,1403900015169,2394,3.379305517750582
14,039,0001,5173,1403900015173,3324,3.5217916496391233
14,039,0001,5188,1403900015188,3913,3.5926208213219826
14,039,0001,5192,1403900015192,3526,3.5474054596674898
14,039,0001,5205,1403900015205,5156,3.712397131406715
14,039,0001,521A,140390001521A,3418,3.5338991007965945
14,039,0001,5224,1403900015224,6832,3.834611420722687
14,039,0001,5243,1403900015243,3622,3.559068334034537
14,039,0001,5258,1403900015258,3767,3.57611089412084
14,039,0001,5262,1403900015262,5739,3.7589118923979736
14,039,0001,5277,1403900015277,5148,3.7117228918272347
14,039,0001,5281,1403900015281,3133,3.496098992132571
14,039,0001,5296,1403900015296,3129,3.4955443375464483
14,039,0001,5309,1403900015309,755,2.8785217955012063
14,039,0001,5313,1403900015313,2173,3.3372595397502756
14,039,0001,5328,1403900015328,1120,3.049605612594973
14,039,0001,5332,1403900015332,1552,3.1911714557285586
14,039,0001,5347,1403900015347,3339,3.5237464668115646
14,039,0001,5351,1403900015351,1225,3.0884904701823963
14,039,0001,5366,1403900015366,15,1.2041199826559248
14,039,0001,5370,1403900015370,1587,3.2008504980910772
14,039,0001,5385,1403900015385,4544,3.657533887557986
14,039,0001,539A,140390001539A,3696,3.5678494505731067
14,039,0001,5402,1403900015402,2478,3.3942765267678214
14,039,0001,5417,1403900015417,3837,3.5841049703994527
14,039,0001,5421,1403900015421,3707,3.5691397254724593
14,039,0001,5436,1403900015436,3812,3.5812668052736707
14,039,0001,5440,1403900015440,4067,3.6093809442507068
14,039,0001,546A,140390001546A,2692,3.4302363534115106
14,039,0001,5474,1403900015474,3387,3.5299434016586693
14,039,0001,5489,1403900015489,1073,3.0310042813635367
14,039,0001,5493,1403900015493,3692,3.5673793076509788
14,039,0001,5506,1403900015506,4440,3.647480773173676
14,039,0001,5510,1403900015510,2659,3.424881636631067
14,039,0001,5525,1403900015525,4780,3.6795187436957892
14,039,0001,553A,140390001553A,3719,3.5705429398818973
14,039,0001,5544,1403900015544,2653,3.4239009185284166
14,039,0001,5559,1403900015559,2617,3.417969642214737
14,039,0001,5563,1403900015563,3227,3.5089335260500327
14,039,0001,5578,1403900015578,5104,3.707995746422929
14,039,0001,5582,1403900015582,3,0.6020599913279624
14,039,0001,5597,1403900015597,2948,3.469674772551798
14,039,0001,560A,140390001560A,2420,3.383994789441733
14,039,0001,5614,1403900015614,2645,3.422589839851482
14,039,0001,5629,1403900015629,4321,3.6356847625472226
14,039,0001,5633,1403900015633,0,0.0
14,039,0001,5648,1403900015648,1687,3.2273724422896364
14,039,0001,5652,1403900015652,2202,3.343014497150768
14,039,0001,5667,1403900015667,5008,3.699751031689514
14,039,0001,5671,1403900015671,3934,3.5949447366950835
14,040,0001,0101,1404000010101,460,2.663700925389648
14,040,0001,0116,1404000010116,306,2.4871383754771865
14,040,0001,0120,1404000010120,281,2.450249108319361
14,040,0001,0135,1404000010135,1196,3.0780941504064105
14,040,0001,0154,1404000010154,21,1.3424226808222062
14,040,0001,0169,1404000010169,398,2.6009728956867484
14,040,0001,0173,1404000010173,825,2.9169800473203824
14,040,0001,0192,1404000010192,2,0.47712125471966244
14,040,0001,0205,1404000010205,11,1.0791812460476249
14,040,0001,021A,140400001021A,0,0.0
14,041,0001,0062,1404100010062,1267,3.1031192535457137
14,041,0001,0077,1404100010077,1704,3.2317243833285163
14,041,0001,0081,1404100010081,280,2.44870631990508
14,041,0001,0096,1404100010096,94,1.9777236052888478
14,041,0001,0109,1404100010109,6,0.8450980400142568
14,041,0001,0113,1404100010113,32,1.5185139398778875
14,041,0001,0128,1404100010128,36,1.568201724066995
14,041,0001,0132,1404100010132,3,0.6020599913279624
14,041,0001,0147,1404100010147,5,0.7781512503836436
14,041,0001,0151,1404100010151,56,1.7558748556724915
14,041,0001,0166,1404100010166,202,2.307496037913213
14,041,0001,0170,1404100010170,7,0.9030899869919435
14,041,0001,0185,1404100010185,38,1.591064607026499
14,041,0001,019A,140410001019A,32,1.5185139398778875
14,042,0001,0125,1404200010125,600,2.7788744720027396
14,042,0001,013A,140420001013A,964,2.9845273133437926
14,042,0001,0144,1404200010144,427,2.6314437690131722
14,042,0001,0159,1404200010159,1912,3.281714970027296
14,042,0001,0163,1404200010163,1583,3.1997551772534747
14,042,0001,0178,1404200010178,86,1.9395192526186185
14,042,0001,0182,1404200010182,24,1.3979400086720377
14,042,0001,0197,1404200010197,28,1.462397997898956
14,042,0001,020A,140420001020A,7,0.9030899869919435
14,042,0001,0214,1404200010214,17,1.255272505103306
14,042,0001,0229,1404200010229,116,2.0681858617461617
14,042,0001,0233,1404200010233,47,1.6812412373755872
14,042,0001,0248,1404200010248,138,2.143014800254095
14,043,0001,0226,1404300010226,1722,3.2362852774480286
14,043,0001,0230,1404300010230,1613,3.2079035303860515
14,043,0001,0245,1404300010245,1387,3.142389466118836
14,043,0001,025A,140430001025A,184,2.2671717284030137
14,043,0001,0264,1404300010264,1003,3.0017337128090005
14,043,0001,0279,1404300010279,362,2.5599066250361124
14,043,0001,0283,1404300010283,1154,3.062581984228163
14,043,0001,0298,1404300010298,132,2.123851640967086
14,043,0001,0315,1404300010315,5,0.7781512503836436
14,043,0001,032A,140430001032A,0,0.0
14,043,0001,0349,1404300010349,173,2.2405492482826
14,043,0001,0353,1404300010353,33,1.5314789170422551
14,043,0001,0368,1404300010368,0,0.0
14,043,0001,0372,1404300010372,0,0.0
14,043,0001,0387,1404300010387,48,1.6901960800285136
14,043,0001,0391,1404300010391,23,1.380211241711606
14,043,0001,0404,1404300010404,13,1.146128035678238
14,043,0001,0419,1404300010419,47,1.6812412373755872
14,043,0001,0423,1404300010423,14,1.1760912590556813
14,043,0001,0438,1404300010438,41,1.6232492903979006
14,044,0001,0064,1404400010064,284,2.45484486000851
14,044,0001,0079,1404400010079,131,2.12057393120585
14,044,0001,0083,1404400010083,627,2.797959643737196
14,044,0001,0098,1404400010098,3326,3.5220528008688223
14,044,0001,0100,1404400010100,1954,3.2911467617318855
14,044,0001,0280,1404400010280,1544,3.1889284837608534
14,044,0001,0295,1404400010295,1128,3.052693941924968
14,044,0001,0308,1404400010308,90,1.9590413923210936
14,044,0001,0312,1404400010312,187,2.27415784926368
14,044,0001,0327,1404400010327,170,2.2329961103921536
14,044,0001,0331,1404400010331,114,2.060697840353612
14,044,0001,0365,1404400010365,6,0.8450980400142568
14,044,0002,005A,140440002005A,311,2.494154594018443
14,044,0002,0115,1404400020115,1972,3.295127085252191
14,044,0002,012A,140440002012A,2462,3.3914644118391033
14,044,0002,0134,1404400020134,1198,3.0788191830988487
14,044,0002,0149,1404400020149,16,1.2304489213782739
14,044,0002,0153,1404400020153,69,1.845098040014257
14,044,0002,0168,1404400020168,58,1.7708520116421442
14,044,0002,0172,1404400020172,116,2.0681858617461617
14,044,0002,0187,1404400020187,383,2.584331224367531
14,044,0002,0346,1404400020346,90,1.9590413923210936
14,044,0002,0350,1404400020350,119,2.0791812460476247
14,044,0005,0257,1404400050257,360,2.5575072019056577
14,044,0005,0261,1404400050261,2046,3.311117842662506
14,044,0005,0276,1404400050276,231,2.3654879848909
14,044,0010,0223,1404400100223,3500,3.5441921107650325
14,044,0010,0238,1404400100238,2689,3.429752280002408
14,044,0010,0242,1404400100242,2554,3.4073909044707316
14,044,0010,037A,140440010037A,1010,3.004751155591001
14,044,0054,0401,1404400540401,5087,3.7065471026403576
14,044,0054,0416,1404400540416,3439,3.53655844257153
14,044,0054,0420,1404400540420,4154,3.61857102812013
14,044,0054,0435,1404400540435,2599,3.4149733479708178
14,044,0170,0219,1404401700219,983,2.9929950984313414
14,044,0170,0384,1404401700384,933,2.9703468762300935
14,044,0170,0399,1404401700399,1402,3.1470576710283598
14,045,0001,0108,1404500010108,1046,3.0199466816788423
14,045,0001,0112,1404500010112,2181,3.338854746252323
14,045,0001,0127,1404500010127,815,2.9116901587538613
14,045,0001,0131,1404500010131,322,2.509202522331103
14,045,0001,0146,1404500010146,1084,3.0354297381845483
14,045,0001,0150,1404500010150,1224,3.0881360887005513
14,045,0001,0165,1404500010165,145,2.164352855784437
14,045,0001,017A,140450001017A,36,1.568201724066995
14,045,0001,0184,1404500010184,29,1.4771212547196624
14,046,0001,0139,1404600010139,2052,3.312388949370592
14,046,0001,0143,1404600010143,2119,3.326335860928751
14,046,0001,0158,1404600010158,1639,3.214843848047698
14,046,0001,0162,1404600010162,1801,3.255754786643044
14,046,0001,0181,1404600010181,1100,3.041787318971752
14,046,0001,0196,1404600010196,821,2.9148718175400505
14,046,0001,0209,1404600010209,936,2.971739590887778
14,046,0001,0213,1404600010213,1595,3.2030328870147105
14,046,0001,0228,1404600010228,1650,3.2177470732627937
14,046,0001,0232,1404600010232,1244,3.095169351431755
14,046,0001,0247,1404600010247,1818,3.2598326990634834
14,046,0001,0251,1404600010251,1499,3.1760912590556813
14,046,0001,0266,1404600010266,1621,3.2100508498751372
14,046,0001,0270,1404600010270,12,1.1139433523068367
14,046,0001,0285,1404600010285,457,2.660865478003869
14,046,0001,029A,140460001029A,27,1.4471580313422192
14,046,0001,0302,1404600010302,14,1.1760912590556813
14,046,0001,0317,1404600010317,192,2.285557309007774
14,046,0001,0321,1404600010321,19,1.3010299956639813
14,046,0001,0336,1404600010336,11,1.0791812460476249
14,046,0001,0340,1404600010340,41,1.6232492903979006
14,046,0001,0355,1404600010355,54,1.7403626894942439
14,046,0001,036A,140460001036A,24,1.3979400086720377
14,046,0001,0374,1404600010374,61,1.792391689498254
14,046,0001,0389,1404600010389,1314,3.1189257528257768
14,046,0001,0393,1404600010393,1305,3.115943176939055
14,046,0001,0406,1404600010406,35,1.5563025007672873
14,046,0001,0425,1404600010425,0,0.0
14,046,0001,0444,1404600010444,91,1.9637878273455553
14,046,0001,0459,1404600010459,23,1.380211241711606
14,046,0001,0463,1404600010463,64,1.8129133566428555
14,046,0001,0478,1404600010478,6,0.8450980400142568
14,046,0001,0482,1404600010482,56,1.7558748556724915
14,046,0001,0497,1404600010497,21,1.3424226808222062
14,046,0001,050A,140460001050A,126,2.103803720955957
14,046,0001,0514,1404600010514,288,2.4608978427565478
14,046,0001,0529,1404600010529,182,2.2624510897304293
14,046,0001,0533,1404600010533,0,0.0
14,046,0001,0548,1404600010548,279,2.4471580313422194
14,046,0001,0552,1404600010552,60,1.7853298350107671
14,046,0001,0567,1404600010567,203,2.3096301674258988
14,046,0001,0571,1404600010571,6,0.8450980400142568
14,046,0001,0586,1404600010586,11,1.0791812460476249
14,046,0001,0590,1404600010590,13,1.146128035678238
14,047,0001,0066,1404700010066,2660,3.425044874551389
14,047,0001,0070,1404700010070,2843,3.4539295920577286
14,047,0001,0085,1404700010085,3384,3.529558673021163
14,047,0001,009A,140470001009A,1331,3.1245042248342823
14,047,0001,0102,1404700010102,760,2.8813846567705728
14,047,0001,0117,1404700010117,2939,3.4683473304121573
14,047,0001,0121,1404700010121,90,1.9590413923210936
14,047,0001,0136,1404700010136,165,2.220108088040055
14,047,0001,0140,1404700010140,0,0.0
14,047,0001,016A,140470001016A,0,0.0
14,047,0001,0174,1404700010174,3,0.6020599913279624
14,047,0001,0189,1404700010189,216,2.3364597338485296
14,047,0001,0193,1404700010193,208,2.3201462861110542
14,047,0001,0206,1404700010206,2686,3.4292676664331685
14,047,0001,0210,1404700010210,1276,3.1061908972634154
14,047,0001,0225,1404700010225,46,1.6720978579357175
14,047,0005,023A,140470005023A,1688,3.227629649571009
14,047,0005,0244,1404700050244,1161,3.065206128054312
14,047,0005,0259,1404700050259,63,1.806179973983887
14,048,0001,0082,1404800010082,1078,3.0330214446829107
14,048,0001,0097,1404800010097,1596,3.203304916138483
14,048,0001,010A,140480001010A,1584,3.2000292665537704
14,048,0001,0114,1404800010114,2236,3.34966598409663
14,048,0001,0129,1404800010129,743,2.8715729355458786
14,048,0001,0133,1404800010133,56,1.7558748556724915
14,048,0001,0148,1404800010148,62,1.7993405494535817
14,048,0001,0152,1404800010152,49,1.6989700043360187
14,048,0001,0167,1404800010167,25,1.414973347970818
14,048,0001,0171,1404800010171,276,2.4424797690644486
14,048,0001,0186,1404800010186,9,1.0
14,048,0001,0190,1404800010190,311,2.494154594018443
14,048,0001,0203,1404800010203,279,2.4471580313422194
14,048,0001,0218,1404800010218,123,2.093421685162235
14,048,0001,0222,1404800010222,61,1.792391689498254
14,048,0001,0237,1404800010237,16,1.2304489213782739
14,048,0001,0241,1404800010241,130,2.1172712956557644
14,048,0001,0256,1404800010256,20,1.3222192947339193
14,048,0001,0260,1404800010260,19,1.3010299956639813
14,048,0001,0275,1404800010275,37,1.5797835966168101
14,048,0001,028A,140480001028A,80,1.9084850188786497
14,048,0001,0294,1404800010294,31,1.505149978319906
14,048,0001,0307,1404800010307,28,1.462397997898956
14,048,0001,0311,1404800010311,296,2.4727564493172123
14,048,0001,0326,1404800010326,64,1.8129133566428555
14,048,0001,0330,1404800010330,151,2.1818435879447726
14,048,0001,0345,1404800010345,76,1.8864907251724818
14,049,0001,0183,1404900010183,1179,3.0718820073061255
14,049,0001,0198,1404900010198,354,2.550228353055094
14,049,0001,0200,1404900010200,85,1.9344984512435677
14,049,0001,0215,1404900010215,21,1.3424226808222062
14,050,0001,0095,1405000010095,5363,3.7294887691795613
14,050,0001,0108,1405000010108,1627,3.2116544005531824
14,050,0001,0150,1405000010150,2530,3.4032921451582543
14,050,0001,0165,1405000010165,490,2.6910814921229687
14,050,0001,017A,140500001017A,4383,3.641870545476313
14,050,0001,0184,1405000010184,4513,3.6545615547417434
14,050,0001,0216,1405000010216,373,2.5728716022004803
14,050,0001,0220,1405000010220,3,0.6020599913279624
14,050,0001,0254,1405000010254,0,0.0
14,050,0001,0288,1405000010288,36,1.568201724066995
14,050,0001,0339,1405000010339,29,1.4771212547196624
14,050,0001,0343,1405000010343,5,0.7781512503836436
14,050,0001,0358,1405000010358,8,0.9542425094393249
14,050,0001,0362,1405000010362,329,2.5185139398778875
14,050,0001,0396,1405000010396,190,2.2810333672477277
14,050,0001,0413,1405000010413,283,2.4533183400470375
14,050,0001,0447,1405000010447,124,2.0969100130080562
14,050,0002,0428,1405000020428,2372,3.375297738217339
14,050,0002,0432,1405000020432,1287,3.1099158630237933
14,050,0002,0451,1405000020451,67,1.8325089127062364
14,050,0002,0466,1405000020466,0,0.0
14,050,0002,0470,1405000020470,39,1.6020599913279623
14,050,0008,0042,1405000080042,975,2.9894498176666917
14,050,0008,049A,140500008049A,1632,3.212986184736668
14,050,0011,0131,1405000110131,2316,3.364926033789976
14,050,0011,0146,1405000110146,116,2.0681858617461617
14,050,0011,0199,1405000110199,2657,3.4245549766067134
14,050,0011,0201,1405000110201,3181,3.502700175310563
14,050,0011,0235,1405000110235,139,2.146128035678238
14,050,0011,024A,140500011024A,11,1.0791812460476249
14,050,0011,0269,1405000110269,27,1.4471580313422192
14,050,0011,0485,1405000110485,6,0.8450980400142568
14,050,0017,0076,1405000170076,1783,3.2513948500401044
14,050,0017,0112,1405000170112,1162,3.0655797147284485
14,050,0017,0127,1405000170127,543,2.73559889969818
14,050,0017,0273,1405000170273,15,1.2041199826559248
14,050,0017,0292,1405000170292,115,2.0644579892269186
14,050,0017,0305,1405000170305,46,1.6720978579357175
14,050,0017,031A,140500017031A,104,2.0211892990699383
14,050,0017,0324,1405000170324,94,1.9777236052888478
14,050,0017,0377,1405000170377,8,0.9542425094393249
14,050,0017,0381,1405000170381,55,1.7481880270062005
14,050,0017,0409,1405000170409,53,1.7323937598229686
14,051,0001,004A,140510001004A,1615,3.208441356438567
14,051,0001,0054,1405100010054,3562,3.5518158223510157
14,051,0001,0069,1405100010069,2229,3.3483048630481607
14,051,0001,0073,1405100010073,823,2.9159272116971158
14,051,0001,0088,1405100010088,61,1.792391689498254
14,051,0001,0092,1405100010092,282,2.45178643552429
14,051,0001,0105,1405100010105,0,0.0
14,051,0001,011A,140510001011A,17,1.255272505103306
14,051,0001,0124,1405100010124,21,1.3424226808222062
14,051,0001,0139,1405100010139,341,2.534026106056135
14,051,0001,0143,1405100010143,185,2.2695129442179165
14,051,0001,0158,1405100010158,136,2.1367205671564067
14,051,0001,0162,1405100010162,334,2.525044807036845
14,051,0001,0177,1405100010177,20,1.3222192947339193
14,051,0002,0181,1405100020181,3748,3.5739154404215507
14,051,0002,0196,1405100020196,4540,3.657151501900967
14,051,0002,0209,1405100020209,3501,3.5443161417474274
14,051,0002,0213,1405100020213,4846,3.6854730197227594
14,052,0001,0066,1405200010066,1273,3.1051694279993316
14,052,0001,0070,1405200010070,432,2.6364878963533656
14,052,0001,0085,1405200010085,15,1.2041199826559248
14,052,0001,009A,140520001009A,1,0.3010299956639812
14,052,0001,0102,1405200010102,21,1.3424226808222062
14,052,0001,0117,1405200010117,39,1.6020599913279623
14,052,0001,0121,1405200010121,717,2.8561244442423
14,052,0001,0136,1405200010136,938,2.972665592266111
14,052,0001,0140,1405200010140,80,1.9084850188786497
14,052,0001,0155,1405200010155,12,1.1139433523068367
14,052,0001,016A,140520001016A,0,0.0
14,053,0001,0326,1405300010326,3803,3.5802405082653763
14,053,0001,0330,1405300010330,3083,3.4891143693789193
14,053,0001,0345,1405300010345,1299,3.113943352306837
14,053,0001,0364,1405300010364,4000,3.6021685513789974
14,053,0001,0379,1405300010379,3616,3.5583485087616196
14,053,0001,0468,1405300010468,2703,3.4320066872695985
14,053,0001,0472,1405300010472,1804,3.256477206241677
14,053,0001,0487,1405300010487,3019,3.4800069429571505
14,053,0001,0504,1405300010504,892,2.9508514588885464
14,053,0001,0523,1405300010523,1793,3.2538224387080734
14,053,0001,0538,1405300010538,4722,3.6742179455767
14,053,0001,0542,1405300010542,3823,3.5825178836040625
14,053,0001,0557,1405300010557,1279,3.1072099696478683
14,053,0001,0595,1405300010595,2627,3.419625360887743
14,053,0001,0627,1405300010627,2525,3.402433346219312
14,053,0001,0631,1405300010631,1693,3.228913405994688
14,053,0001,0646,1405300010646,2013,3.3040594662175993
14,053,0001,0665,1405300010665,950,2.978180516937414
14,053,0001,067A,140530001067A,2225,3.3475251599986895
14,053,0001,0684,1405300010684,2167,3.336059277866349
14,053,0001,0716,1405300010716,4699,3.6720978579357175
14,053,0001,0720,1405300010720,158,2.2013971243204513
14,053,0001,0735,1405300010735,2221,3.346744054604849
14,053,0001,074A,140530001074A,3059,3.48572142648158
14,053,0001,0769,1405300010769,1044,3.019116290447073
14,053,0001,0773,1405300010773,326,2.514547752660286
14,053,0001,0792,1405300010792,1285,3.109240968588203
14,053,0001,0805,1405300010805,58,1.7708520116421442
14,053,0001,081A,140530001081A,54,1.7403626894942439
14,053,0001,0824,1405300010824,16,1.2304489213782739
14,053,0001,0839,1405300010839,231,2.3654879848909
14,053,0001,0843,1405300010843,3050,3.484442207642407
14,053,0001,0858,1405300010858,1059,3.0253058652647704
14,053,0001,0862,1405300010862,0,0.0
14,053,0001,0877,1405300010877,0,0.0
14,053,0001,0881,1405300010881,1913,3.281941933440825
14,053,0001,0896,1405300010896,1872,3.2725377773752373
14,053,0001,0909,1405300010909,1321,3.1212314551496214
14,053,0001,0913,1405300010913,4011,3.6033609243483804
14,053,0001,0928,1405300010928,3162,3.500099191915723
14,053,0001,0951,1405300010951,0,0.0
14,053,0001,0966,1405300010966,17,1.255272505103306
14,053,0001,0970,1405300010970,2350,3.3712526291249394
14,053,0001,0985,1405300010985,22,1.3617278360175928
14,053,0001,099A,140530001099A,1489,3.173186268412274
14,053,0001,1004,1405300011004,2945,3.469232742506612
14,053,0001,1019,1405300011019,8,0.9542425094393249
14,053,0001,1023,1405300011023,2444,3.388278863459639
14,053,0001,1038,1405300011038,9,1.0
14,053,0001,1042,1405300011042,615,2.7895807121644256
14,053,0001,1057,1405300011057,17,1.255272505103306
14,053,0001,1061,1405300011061,104,2.0211892990699383
14,053,0001,1076,1405300011076,33,1.5314789170422551
14,053,0001,1095,1405300011095,2055,3.313023110323238
14,053,0001,1108,1405300011108,2686,3.4292676664331685
14,053,0001,1112,1405300011112,736,2.8674674878590514
14,053,0001,1127,1405300011127,2760,3.4410664066392633
14,053,0001,1131,1405300011131,565,2.7528164311882715
14,053,0001,1150,1405300011150,514,2.711807229041191
14,053,0001,1165,1405300011165,1269,3.103803720955957
14,053,0001,117A,140530001117A,595,2.7752462597402365
14,053,0001,1184,1405300011184,4915,3.6916118742144164
14,053,0001,1199,1405300011199,633,2.802089257881733
14,053,0001,1201,1405300011201,381,2.582063362911709
14,053,0001,1216,1405300011216,24,1.3979400086720377
14,053,0001,1220,1405300011220,174,2.2430380486862944
14,053,0001,1235,1405300011235,15,1.2041199826559248
14,053,0001,124A,140530001124A,10,1.0413926851582251
14,053,0001,1273,1405300011273,673,2.82865989653532
14,053,0001,1288,1405300011288,158,2.2013971243204513
14,053,0001,1292,1405300011292,3,0.6020599913279624
14,053,0001,1305,1405300011305,318,2.503790683057181
14,053,0001,131A,140530001131A,680,2.833147111912785
14,053,0001,1324,1405300011324,347,2.5415792439465807
14,053,0001,1339,1405300011339,2430,3.3857849588433355
14,053,0066,0932,1405300660932,1901,3.279210512601395
14,053,0066,0947,1405300660947,1644,3.216165902285993
14,053,0066,1080,1405300661080,52,1.724275869600789
14,053,0066,1146,1405300661146,183,2.2648178230095364
14,053,0919,0491,1405309190491,970,2.9872192299080047
14,053,0919,0561,1405309190561,1903,3.2796669440484556
14,053,0919,0576,1405309190576,1889,3.2764618041732443
14,053,0927,1254,1405309271254,1236,3.0923696996291206
14,053,0927,1269,1405309271269,1837,3.2643455070500926
14,054,0001,0041,1405400010041,470,2.673020907128896
14,054,0001,0056,1405400010056,844,2.926856708949692
14,054,0001,0060,1405400010060,599,2.7781512503836434
14,054,0001,0075,1405400010075,242,2.385606273598312
14,054,0001,008A,140540001008A,190,2.2810333672477277
14,054,0001,0094,1405400010094,325,2.513217600067939
14,054,0001,0107,1405400010107,235,2.3729120029701067
14,054,0001,0111,1405400010111,48,1.6901960800285136
14,054,0001,0126,1405400010126,17,1.255272505103306
14,054,0001,0130,1405400010130,3,0.6020599913279624
14,054,0001,0145,1405400010145,11,1.0791812460476249
14,054,0001,015A,140540001015A,129,2.113943352306837
14,054,0001,0164,1405400010164,4,0.6989700043360189
14,054,0001,0179,1405400010179,8,0.9542425094393249
14,054,0001,0183,1405400010183,0,0.0
14,055,0001,0072,1405500010072,1139,3.0569048513364727
14,055,0001,0087,1405500010087,1350,3.130655349022031
14,055,0001,0091,1405500010091,2894,3.4616485680634552
14,055,0001,0104,1405500010104,3650,3.5624118329497274
14,055,0001,0119,1405500010119,1416,3.1513698502474603
14,055,0001,0123,1405500010123,3365,3.527114111639805
14,055,0001,0138,1405500010138,193,2.287801729930226
14,055,0001,0142,1405500010142,391,2.593286067020457
14,055,0001,0157,1405500010157,199,2.3010299956639813
14,055,0001,0161,1405500010161,77,1.8920946026904804
14,055,0001,0176,1405500010176,226,2.3560258571931225
14,055,0001,0180,1405500010180,285,2.456366033129043
14,055,0001,0195,1405500010195,311,2.494154594018443
14,055,0001,0208,1405500010208,323,2.510545010206612
14,055,0001,0212,1405500010212,47,1.6812412373755872
14,055,0001,0265,1405500010265,0,0.0
14,055,0001,027A,140550001027A,326,2.514547752660286
14,055,0001,0284,1405500010284,136,2.1367205671564067
14,055,0001,0299,1405500010299,170,2.2329961103921536
14,055,0001,0301,1405500010301,77,1.8920946026904804
14,055,0001,0316,1405500010316,17,1.255272505103306
14,055,0001,0320,1405500010320,135,2.1335389083702174
14,055,0001,0335,1405500010335,40,1.6127838567197355
14,055,0001,034A,140550001034A,31,1.505149978319906
14,055,0001,0354,1405500010354,6,0.8450980400142568
14,055,0001,0369,1405500010369,5,0.7781512503836436
14,055,0001,0373,1405500010373,39,1.6020599913279623
14,055,0001,0388,1405500010388,0,0.0
14,055,0001,0392,1405500010392,25,1.414973347970818
14,056,0001,0099,1405600010099,417,2.621176281775035
14,056,0001,0101,1405600010101,133,2.1271047983648077
14,056,0001,0116,1405600010116,18,1.2787536009528289
14,056,0001,0120,1405600010120,19,1.3010299956639813
14,056,0001,0135,1405600010135,32,1.5185139398778875
14,056,0001,014A,140560001014A,47,1.6812412373755872
14,056,0001,0154,1405600010154,0,0.0
14,056,0001,0169,1405600010169,0,0.0
14,057,0001,0043,1405700010043,1542,3.188365926063148
14,057,0001,0058,1405700010058,784,2.8948696567452528
14,057,0001,0062,1405700010062,289,2.462397997898956
14,057,0001,0077,1405700010077,20,1.3222192947339193
14,057,0001,0081,1405700010081,46,1.6720978579357175
14,057,0001,0096,1405700010096,13,1.146128035678238
14,057,0001,0109,1405700010109,8,0.9542425094393249
14,057,0001,0128,1405700010128,10,1.0413926851582251
14,057,0001,0132,1405700010132,16,1.2304489213782739
14,058,0001,0248,1405800010248,1893,3.2773799746672547
14,058,0001,0252,1405800010252,1540,3.1878026387184195
14,058,0001,0267,1405800010267,2062,3.3144992279731516
14,058,0001,0271,1405800010271,1587,3.2008504980910772
14,058,0001,0286,1405800010286,372,2.571708831808688
14,058,0001,0290,1405800010290,149,2.1760912590556813
14,058,0001,0303,1405800010303,290,2.4638929889859074
14,058,0001,0318,1405800010318,56,1.7558748556724915
14,058,0001,0322,1405800010322,105,2.0253058652647704
14,058,0001,0337,1405800010337,144,2.161368002234975
14,058,0001,0341,1405800010341,230,2.3636119798921444
14,058,0001,0356,1405800010356,112,2.0530784434834195
14,058,0001,0360,1405800010360,300,2.4785664955938436
14,058,0001,0375,1405800010375,64,1.8129133566428555
14,058,0001,038A,140580001038A,199,2.3010299956639813
14,058,0001,0394,1405800010394,169,2.230448921378274
14,059,0001,0052,1405900010052,979,2.9912260756924947
14,059,0001,0067,1405900010067,1033,3.0145205387579237
14,059,0001,0071,1405900010071,2051,3.3121773564397787
14,059,0001,0086,1405900010086,3470,3.540454613671412
14,059,0001,0090,1405900010090,344,2.537819095073274
14,059,0001,0103,1405900010103,111,2.0492180226701815
14,059,0001,0118,1405900010118,44,1.6532125137753437
14,059,0001,0122,1405900010122,69,1.845098040014257
14,059,0001,0137,1405900010137,4,0.6989700043360189
14,059,0001,0141,1405900010141,8,0.9542425094393249
14,059,0001,0156,1405900010156,10,1.0413926851582251
14,059,0001,0160,1405900010160,3,0.6020599913279624
14,059,0001,0175,1405900010175,14,1.1760912590556813
14,059,0001,018A,140590001018A,2,0.47712125471966244
14,060,0001,0072,1406000010072,809,2.90848501887865
14,060,0001,0091,1406000010091,171,2.2355284469075487
14,060,0001,0104,1406000010104,346,2.5403294747908736
14,060,0001,0119,1406000010119,80,1.9084850188786497
14,060,0001,0123,1406000010123,17,1.255272505103306
14,060,0001,0142,1406000010142,119,2.0791812460476247
14,060,0001,0157,1406000010157,0,0.0
14,060,0001,0161,1406000010161,746,2.873320601815399
14,060,0001,0176,1406000010176,702,2.846955325019824
14,060,0001,0180,1406000010180,18,1.2787536009528289
14,060,0001,0195,1406000010195,10,1.0413926851582251
14,060,0001,0208,1406000010208,308,2.4899584794248346
14,060,0001,0212,1406000010212,0,0.0
14,060,0001,0227,1406000010227,23,1.380211241711606
14,060,0001,0231,1406000010231,0,0.0
14,061,0001,0417,1406100010417,254,2.406540180433955
14,061,0001,0421,1406100010421,245,2.3909351071033793
14,061,0001,0506,1406100010506,57,1.7634279935629373
14,061,0001,0510,1406100010510,0,0.0
14,061,0001,0525,1406100010525,1233,3.091315159697223
14,061,0001,053A,140610001053A,575,2.760422483423212
14,061,0001,0544,1406100010544,250,2.399673721481038
14,061,0001,0559,1406100010559,25,1.414973347970818
14,062,0001,0109,1406200010109,646,2.8109042806687006
14,062,0001,0113,1406200010113,857,2.9334872878487053
14,062,0001,0128,1406200010128,10,1.0413926851582251
14,062,0001,0132,1406200010132,193,2.287801729930226
14,062,0001,0147,1406200010147,4,0.6989700043360189
14,063,0001,0040,1406300010040,2721,3.434888120867316
14,063,0001,0055,1406300010055,2824,3.4510184521554574
14,063,0001,006A,140630001006A,3056,3.485295438726089
14,063,0001,0074,1406300010074,2983,3.474798818800631
14,063,0001,0089,1406300010089,1885,3.2755416884013098
14,063,0001,0093,1406300010093,3745,3.5735677730392186
14,063,0001,0106,1406300010106,1950,3.2902572693945182
14,063,0001,0110,1406300010110,3355,3.5258219521566625
14,063,0001,013A,140630001013A,4811,3.6823256186678073
14,063,0001,0163,1406300010163,4261,3.629613445378183
14,063,0001,020A,140630001020A,1895,3.2778383330020473
14,063,0001,0233,1406300010233,342,2.5352941200427703
14,063,0001,0248,1406300010248,750,2.8756399370041685
14,063,0001,0252,1406300010252,1712,3.2337573629655103
14,063,0001,0267,1406300010267,857,2.9334872878487053
14,063,0001,0271,1406300010271,1531,3.185258765296585
14,063,0001,0286,1406300010286,2280,3.3581252852766488
14,063,0001,0290,1406300010290,3402,3.531861949095809
14,063,0001,0303,1406300010303,4024,3.6047658847038875
14,063,0001,0318,1406300010318,3911,3.592398846115564
14,063,0001,0322,1406300010322,4523,3.6555225962534177
14,063,0001,0341,1406300010341,2363,3.3736474722092176
14,063,0001,0356,1406300010356,2057,3.313445370426414
14,063,0001,0360,1406300010360,493,2.693726948923647
14,063,0001,0375,1406300010375,816,2.9122220565324155
14,063,0001,038A,140630001038A,3829,3.583198773968623
14,063,0001,0394,1406300010394,3750,3.574147064150723
14,063,0001,0407,1406300010407,588,2.7701152947871015
14,063,0001,0411,1406300010411,368,2.56702636615906
14,063,0001,0426,1406300010426,344,2.537819095073274
14,063,0001,0430,1406300010430,586,2.7686381012476144
14,063,0001,0445,1406300010445,2810,3.4488608456074408
14,063,0001,045A,140630001045A,2505,3.398981066658131
14,063,0001,0464,1406300010464,2498,3.39776625612645
14,063,0001,0479,1406300010479,82,1.919078092376074
14,063,0001,0483,1406300010483,64,1.8129133566428555
14,063,0001,0498,1406300010498,76,1.8864907251724818
14,063,0001,0500,1406300010500,100,2.0043213737826426
14,063,0001,0515,1406300010515,41,1.6232492903979006
14,063,0001,052A,140630001052A,3033,3.4820155764507117
14,063,0001,0534,1406300010534,669,2.8260748027008264
14,063,0001,0549,1406300010549,2814,3.449478399187365
14,063,0001,0553,1406300010553,707,2.850033257689769
14,063,0001,0568,1406300010568,284,2.45484486000851
14,063,0001,0572,1406300010572,19,1.3010299956639813
14,063,0001,0587,1406300010587,4137,3.616790486329716
14,063,0001,0591,1406300010591,113,2.0569048513364727
14,063,0001,0604,1406300010604,329,2.5185139398778875
14,063,0001,0619,1406300010619,18,1.2787536009528289
14,063,0001,0623,1406300010623,1,0.3010299956639812
14,063,0001,0638,1406300010638,54,1.7403626894942439
14,063,0001,0642,1406300010642,102,2.012837224705172
14,063,0001,0657,1406300010657,56,1.7558748556724915
14,063,0001,0661,1406300010661,3,0.6020599913279624
14,063,0001,0676,1406300010676,49,1.6989700043360187
14,063,0001,0680,1406300010680,5,0.7781512503836436
14,063,0001,0695,1406300010695,0,0.0
14,063,0001,0708,1406300010708,21,1.3424226808222062
14,063,0001,0712,1406300010712,0,0.0
14,063,0001,0727,1406300010727,2376,3.3760291817281805
14,063,0028,0731,1406300280731,1445,3.160168292958512
14,063,0028,0746,1406300280746,1209,3.0827853703164503
14,064,0001,0175,1406400010175,1534,3.1861083798132053
14,064,0001,018A,140640001018A,1600,3.2043913319193
14,064,0001,0194,1406400010194,2780,3.4442009888641594
14,064,0001,0207,1406400010207,1748,3.2427898094786767
14,064,0001,0211,1406400010211,1682,3.226084115975824
14,064,0001,0226,1406400010226,939,2.9731278535996988
14,064,0001,0230,1406400010230,1156,3.0633333589517497
14,064,0001,0245,1406400010245,269,2.4313637641589874
14,064,0001,025A,140640001025A,6,0.8450980400142568
14,064,0001,0264,1406400010264,318,2.503790683057181
14,064,0001,0279,1406400010279,1246,3.0958664534785427
14,064,0001,032A,140640001032A,97,1.9912260756924949
14,064,0001,0334,1406400010334,181,2.2600713879850747
14,064,0001,0353,1406400010353,129,2.113943352306837
14,064,0001,0368,1406400010368,134,2.130333768495006
14,064,0001,0387,1406400010387,99,2.0
14,064,0001,0391,1406400010391,2,0.47712125471966244
14,064,0001,0404,1406400010404,7,0.9030899869919435
14,064,0001,0419,1406400010419,11,1.0791812460476249
14,064,0001,0423,1406400010423,0,0.0
14,064,0001,0438,1406400010438,63,1.806179973983887
14,064,0001,0442,1406400010442,386,2.5877109650189114
14,064,0001,0457,1406400010457,37,1.5797835966168101
14,064,0032,0300,1406400320300,3302,3.518908573691414
14,064,0032,0315,1406400320315,2041,3.3100557377508912
14,064,0032,0349,1406400320349,27,1.4471580313422192
14,064,0032,0372,1406400320372,65,1.8195439355418688
14,065,0001,0030,1406500010030,2171,3.336859820916809
14,065,0001,012A,140650001012A,1730,3.238297067875394
14,065,0001,0149,1406500010149,394,2.59659709562646
14,065,0001,0153,1406500010153,442,2.6464037262230695
14,065,0001,0168,1406500010168,574,2.7596678446896306
14,065,0001,0172,1406500010172,764,2.8836614351536176
14,065,0001,0187,1406500010187,320,2.506505032404872
14,065,0001,0191,1406500010191,19,1.3010299956639813
14,065,0001,0204,1406500010204,247,2.3944516808262164
14,065,0001,0238,1406500010238,7,0.9030899869919435
14,066,0001,0095,1406600010095,1640,3.215108581053093
14,066,0001,0108,1406600010108,1818,3.2598326990634834
14,066,0001,0112,1406600010112,2530,3.4032921451582543
14,066,0001,0127,1406600010127,322,2.509202522331103
14,066,0001,0131,1406600010131,3084,3.4892551683692603
14,066,0001,0146,1406600010146,604,2.781755374652469
14,066,0001,017A,140660001017A,0,0.0
14,066,0001,0216,1406600010216,1685,3.2268575702887237
14,066,0001,0220,1406600010220,2627,3.419625360887743
14,066,0001,0254,1406600010254,155,2.1931245983544616
14,066,0001,0377,1406600010377,171,2.2355284469075487
14,066,0011,0165,1406600110165,937,2.9722028383790646
14,066,0011,0235,1406600110235,2049,3.311753861055754
14,066,0011,024A,140660011024A,2893,3.4614985267830187
14,066,0011,0269,1406600110269,0,0.0
14,066,0011,0273,1406600110273,4,0.6989700043360189
14,066,0011,0324,1406600110324,0,0.0
14,066,0011,0339,1406600110339,16,1.2304489213782739
14,066,0019,0057,1406600190057,3403,3.53198955141255
14,066,0019,0150,1406600190150,2384,3.3774883833761327
14,066,0019,0199,1406600190199,114,2.060697840353612
14,066,0019,0288,1406600190288,111,2.0492180226701815
14,066,0019,0381,1406600190381,35,1.5563025007672873
14,066,0030,0038,1406600300038,1823,3.2610248339923973
14,066,0030,0305,1406600300305,750,2.8756399370041685
14,066,0031,0184,1406600310184,4236,3.6270584640009895
14,066,0031,0201,1406600310201,1332,3.1248301494138593
14,066,0031,0292,1406600310292,2,0.47712125471966244
14,066,0031,031A,140660031031A,1088,3.037027879755775
14,066,0031,0343,1406600310343,28,1.462397997898956
14,066,0033,0358,1406600330358,1811,3.2581581933407944
14,066,0033,0362,1406600330362,1144,3.0588054866759067
14,067,0001,0069,1406700010069,35,1.5563025007672873
14,067,0001,0073,1406700010073,3143,3.4974825373673704
14,067,0001,0105,1406700010105,1310,3.117602691690084
14,067,0001,011A,140670001011A,2105,3.3234583668494677
14,067,0001,0124,1406700010124,2933,3.4674601095072637
14,067,0001,0181,1406700010181,1521,3.182414652434554
14,067,0001,0196,1406700010196,877,2.9434945159061026
14,067,0001,0213,1406700010213,1051,3.02201573981772
14,067,0001,0232,1406700010232,2834,3.452553063228925
14,067,0001,0247,1406700010247,450,2.6541765418779604
14,067,0001,0251,1406700010251,1908,3.280805928393667
14,067,0001,0270,1406700010270,151,2.1818435879447726
14,067,0001,029A,140670001029A,202,2.307496037913213
14,067,0001,0302,1406700010302,1780,3.2506639194632436
14,067,0001,0340,1406700010340,104,2.0211892990699383
14,067,0001,0444,1406700010444,2641,3.4219328132785085
14,067,0001,0459,1406700010459,895,2.9523080096621253
14,067,0001,0478,1406700010478,2154,3.3334472744967503
14,067,0001,0497,1406700010497,3184,3.503109436671369
14,067,0001,0514,1406700010514,1850,3.267406418752904
14,067,0001,0529,1406700010529,1749,3.2430380486862944
14,067,0001,0533,1406700010533,1781,3.250907699700856
14,067,0001,0548,1406700010548,1680,3.225567713439471
14,067,0001,0552,1406700010552,1820,3.26030994579492
14,067,0001,0567,1406700010567,3241,3.510813010512496
14,067,0001,0586,1406700010586,2589,3.413299764081252
14,067,0001,0590,1406700010590,2441,3.3877456596088638
14,067,0001,0641,1406700010641,3159,3.499687082618404
14,067,0001,0656,1406700010656,1145,3.059184617631371
14,067,0001,0660,1406700010660,2280,3.3581252852766488
14,067,0001,0675,1406700010675,385,2.586587304671755
14,067,0001,0726,1406700010726,1508,3.17868923977559
14,067,0001,075A,140670001075A,2519,3.401400540781544
14,067,0001,082A,140670001082A,1299,3.113943352306837
14,067,0001,0834,1406700010834,1160,3.064832219738574
14,067,0001,0849,1406700010849,2331,3.3677285460869766
14,067,0001,0853,1406700010853,4328,3.6363875858131567
14,067,0001,0887,1406700010887,3855,3.5861370252307934
14,067,0001,0891,1406700010891,3240,3.51067903103221
14,067,0001,0923,1406700010923,2571,3.4102709642521845
14,067,0001,0942,1406700010942,3119,3.494154594018443
14,067,0001,0961,1406700010961,3132,3.4959603948817053
14,067,0001,1033,1406700011033,947,2.976808337338066
14,067,0001,1048,1406700011048,110,2.0453229787866576
14,067,0001,1067,1406700011067,1973,3.295347148333618
14,067,0001,1071,1406700011071,2236,3.34966598409663
14,067,0001,1086,1406700011086,2923,3.465977368285823
14,067,0001,1090,1406700011090,209,2.322219294733919
14,067,0001,1103,1406700011103,244,2.3891660843645326
14,067,0001,1118,1406700011118,1133,3.0546130545568877
14,067,0001,1245,1406700011245,1840,3.2650537885040145
14,067,0001,125A,140670001125A,1920,3.2835273648616936
14,067,0001,1279,1406700011279,2112,3.3248994970523134
14,067,0001,1283,1406700011283,2632,3.4204508591060683
14,067,0001,1298,1406700011298,1504,3.1775364999298623
14,067,0001,1461,1406700011461,644,2.8095597146352675
14,067,0001,1476,1406700011476,587,2.7693773260761385
14,067,0001,1480,1406700011480,599,2.7781512503836434
14,067,0001,1495,1406700011495,1026,3.0115704435972783
14,067,0001,1527,1406700011527,2769,3.4424797690644486
14,067,0001,1531,1406700011531,1172,3.0692980121155293
14,067,0001,1550,1406700011550,94,1.9777236052888478
14,067,0001,1565,1406700011565,57,1.7634279935629373
14,067,0001,157A,140670001157A,122,2.089905111439398
14,067,0001,1584,1406700011584,205,2.3138672203691533
14,067,0001,1599,1406700011599,751,2.876217840591642
14,067,0001,1620,1406700011620,185,2.2695129442179165
14,067,0001,1635,1406700011635,1291,3.1112625136590655
14,067,0001,164A,140670001164A,448,2.6522463410033232
14,067,0001,1654,1406700011654,711,2.8524799936368566
14,067,0001,1669,1406700011669,761,2.8819549713396007
14,067,0001,1673,1406700011673,1308,3.116939646550756
14,067,0001,1688,1406700011688,650,2.813580988568192
14,067,0001,1692,1406700011692,432,2.6364878963533656
14,067,0001,1705,1406700011705,2659,3.424881636631067
14,067,0001,171A,140670001171A,567,2.754348335711019
14,067,0001,1724,1406700011724,3472,3.5407047833107623
14,067,0001,1739,1406700011739,3575,3.55339751012388
14,067,0001,1743,1406700011743,3313,3.520352504083318
14,067,0001,1758,1406700011758,3280,3.5160062303860475
14,067,0001,1762,1406700011762,1109,3.0453229787866576
14,067,0001,1777,1406700011777,837,2.9232440186302764
14,067,0001,1796,1406700011796,1286,3.1095785469043866
14,067,0001,1828,1406700011828,126,2.103803720955957
14,067,0001,1847,1406700011847,466,2.6693168805661123
14,067,0001,1851,1406700011851,834,2.921686475483602
14,067,0001,1866,1406700011866,770,2.8870543780509568
14,067,0001,1870,1406700011870,1070,3.029789470831856
14,067,0001,1885,1406700011885,1479,3.1702617153949575
14,067,0001,189A,140670001189A,344,2.537819095073274
14,067,0001,1902,1406700011902,927,2.967547976218862
14,067,0001,1936,1406700011936,117,2.0718820073061255
14,067,0001,1940,1406700011940,84,1.9294189257142926
14,067,0001,1955,1406700011955,669,2.8260748027008264
14,067,0001,196A,140670001196A,673,2.82865989653532
14,067,0001,1974,1406700011974,28,1.462397997898956
14,067,0001,1989,1406700011989,79,1.9030899869919435
14,067,0001,1993,1406700011993,792,2.8992731873176036
14,067,0001,2008,1406700012008,64,1.8129133566428555
14,067,0001,2012,1406700012012,242,2.385606273598312
14,067,0001,2027,1406700012027,154,2.1903316981702914
14,067,0001,2031,1406700012031,213,2.330413773349191
14,067,0001,2046,1406700012046,351,2.546542663478131
14,067,0001,2050,1406700012050,813,2.910624404889201
14,067,0001,2065,1406700012065,51,1.7160033436347992
14,067,0001,2084,1406700012084,196,2.294466226161593
14,067,0001,2116,1406700012116,1137,3.056142262059052
14,067,0001,2120,1406700012120,3507,3.5450595846940027
14,067,0001,2135,1406700012135,2182,3.339053735709139
14,067,0001,214A,140670001214A,1482,3.1711411510283822
14,067,0001,2154,1406700012154,3440,3.5366846726209302
14,067,0001,2169,1406700012169,1535,3.186391215695493
14,067,0001,2173,1406700012173,1975,3.295786940251609
14,067,0001,2188,1406700012188,2413,3.3827372657613304
14,067,0001,2192,1406700012192,2766,3.442009159140952
14,067,0001,2205,1406700012205,2007,3.3027637084729817
14,067,0001,221A,140670001221A,938,2.972665592266111
14,067,0001,2224,1406700012224,1398,3.1458177144918276
14,067,0001,2239,1406700012239,1141,3.0576661039098294
14,067,0001,2243,1406700012243,851,2.9304395947667
14,067,0001,2258,1406700012258,1664,3.2214142378423385
14,067,0001,2262,1406700012262,1870,3.27207378750001
14,067,0001,2277,1406700012277,1686,3.2271150825891253
14,067,0001,2281,1406700012281,1270,3.104145550554008
14,067,0001,2309,1406700012309,2229,3.3483048630481607
14,067,0001,2313,1406700012313,1091,3.0382226383687185
14,067,0001,2347,1406700012347,479,2.681241237375587
14,067,0001,2351,1406700012351,1286,3.1095785469043866
14,067,0001,2385,1406700012385,580,2.7641761323903307
14,067,0001,239A,140670001239A,395,2.597695185925512
14,067,0001,2402,1406700012402,107,2.03342375548695
14,067,0001,2417,1406700012417,1295,3.1126050015345745
14,067,0001,2421,1406700012421,25,1.414973347970818
14,067,0001,2436,1406700012436,181,2.2600713879850747
14,067,0001,2440,1406700012440,231,2.3654879848909
14,067,0001,2455,1406700012455,1071,3.030194785356751
14,067,0001,246A,140670001246A,24,1.3979400086720377
14,067,0001,2510,1406700012510,4044,3.606918525948291
14,067,0001,2525,1406700012525,1961,3.29269900304393
14,067,0001,253A,140670001253A,1863,3.2704459080179626
14,067,0001,2544,1406700012544,2451,3.3895204658463776
14,067,0001,2559,1406700012559,1428,3.1550322287909704
14,067,0001,2563,1406700012563,1676,3.2245330626060857
14,067,0001,2578,1406700012578,1173,3.0696680969115957
14,067,0001,2582,1406700012582,2765,3.441852175773292
14,067,0001,2597,1406700012597,2116,3.325720858019412
14,067,0001,260A,140670001260A,1807,3.2571984261393445
14,067,0001,2614,1406700012614,1087,3.036628895362161
14,067,0001,2629,1406700012629,1403,3.1473671077937864
14,067,0001,2633,1406700012633,1322,3.1215598441875008
14,067,0001,2648,1406700012648,201,2.305351369446624
14,067,0001,2652,1406700012652,1510,3.1792644643390253
14,067,0001,2667,1406700012667,48,1.6901960800285136
14,067,0001,2671,1406700012671,76,1.8864907251724818
14,067,0001,2686,1406700012686,1888,3.2762319579218335
14,067,0001,2737,1406700012737,193,2.287801729930226
14,067,0001,2741,1406700012741,212,2.3283796034387376
14,067,0001,2756,1406700012756,34,1.5440680443502757
14,067,0001,2760,1406700012760,26,1.4313637641589874
14,067,0001,278A,140670001278A,1527,3.184123354239671
14,067,0001,2794,1406700012794,1481,3.170848203643309
14,067,0001,2826,1406700012826,18,1.2787536009528289
14,067,0001,2845,1406700012845,33,1.5314789170422551
14,067,0001,285A,140670001285A,3,0.6020599913279624
14,067,0001,2864,1406700012864,50,1.7075701760979363
14,067,0001,2898,1406700012898,245,2.3909351071033793
14,067,0001,2900,1406700012900,62,1.7993405494535817
14,067,0001,2915,1406700012915,1,0.3010299956639812
14,067,0001,292A,140670001292A,1,0.3010299956639812
14,067,0001,2934,1406700012934,18,1.2787536009528289
14,067,0001,2949,1406700012949,234,2.3710678622717363
14,067,0001,2953,1406700012953,179,2.255272505103306
14,067,0001,2968,1406700012968,502,2.7015679850559273
14,067,0001,2972,1406700012972,39,1.6020599913279623
14,067,0001,2987,1406700012987,0,0.0
14,067,0001,2991,1406700012991,17,1.255272505103306
14,067,0001,3063,1406700013063,330,2.519827993775719
14,067,0001,310A,140670001310A,228,2.359835482339888
14,067,0001,3129,1406700013129,71,1.8573324964312685
14,067,0001,3133,1406700013133,141,2.1522883443830563
14,067,0001,3148,1406700013148,6,0.8450980400142568
14,067,0001,3152,1406700013152,238,2.3783979009481375
14,067,0001,3167,1406700013167,314,2.4983105537896004
14,067,0001,3171,1406700013171,193,2.287801729930226
14,067,0028,0393,1406700280393,2002,3.3016809492935764
14,067,0028,0410,1406700280410,1599,3.2041199826559246
14,067,0028,0425,1406700280425,1154,3.062581984228163
14,067,0028,0603,1406700280603,2783,3.4446692309385245
14,067,0028,0637,1406700280637,2905,3.4632956099620027
14,067,0028,0798,1406700280798,2531,3.4034637013453173
14,067,0028,0800,1406700280800,1832,3.2631624649622166
14,067,0028,0995,1406700280995,1817,3.2595938788859486
14,067,0028,100A,140670028100A,2930,3.4670158184384356
14,067,0028,1014,1406700281014,1047,3.0203612826477078
14,067,0028,1122,1406700281122,736,2.8674674878590514
14,067,0028,1137,1406700281137,518,2.7151673578484576
14,067,0028,1141,1406700281141,612,2.787460474518415
14,067,0028,1156,1406700281156,76,1.8864907251724818
14,067,0028,1160,1406700281160,19,1.3010299956639813
14,067,0028,1175,1406700281175,192,2.285557309007774
14,067,0028,118A,140670028118A,552,2.7427251313046983
14,067,0028,1194,1406700281194,1062,3.0265332645232967
14,067,0028,1207,1406700281207,128,2.110589710299249
14,067,0028,1211,1406700281211,269,2.4313637641589874
14,067,0028,1226,1406700281226,1116,3.048053173115609
14,067,0028,1230,1406700281230,1256,3.0993352776859577
14,067,0028,1601,1406700281601,98,1.99563519459755
14,067,0028,1616,1406700281616,210,2.3242824552976926
14,067,0028,2099,1406700282099,85,1.9344984512435677
14,067,0028,2101,1406700282101,77,1.8920946026904804
14,067,0028,2474,1406700282474,491,2.69196510276736
14,067,0028,2489,1406700282489,282,2.45178643552429
14,067,0028,2493,1406700282493,2696,3.4308809464528913
14,067,0028,2506,1406700282506,1160,3.064832219738574
14,067,0028,2690,1406700282690,0,0.0
14,067,0028,2703,1406700282703,85,1.9344984512435677
14,067,0028,2718,1406700282718,78,1.8976270912904414
14,067,0028,2722,1406700282722,133,2.1271047983648077
14,067,0028,2807,1406700282807,204,2.311753861055754
14,067,0028,2879,1406700282879,18,1.2787536009528289
14,067,0028,2883,1406700282883,0,0.0
14,067,0028,3006,1406700283006,710,2.851869600729766
14,067,0028,3010,1406700283010,0,0.0
14,067,0028,3025,1406700283025,33,1.5314789170422551
14,067,0028,303A,140670028303A,25,1.414973347970818
14,067,0028,3044,1406700283044,0,0.0
14,067,0028,3059,1406700283059,0,0.0
14,067,0028,3078,1406700283078,3040,3.483016420144132
14,067,0028,3082,1406700283082,941,2.9740509027928774
14,067,0028,3097,1406700283097,1581,3.1992064791616577
14,067,0031,068A,140670031068A,1565,3.1947917577219247
14,067,0031,0694,1406700310694,2387,3.3780343224573315
14,067,0031,1300,1406700311300,1138,3.0565237240791006
14,067,0031,1419,1406700311419,424,2.6283889300503116
14,067,0031,1423,1406700311423,37,1.5797835966168101
14,067,0031,1809,1406700311809,2400,3.3803921600570273
14,067,0031,1813,1406700311813,1200,3.079543007402906
14,067,0031,2366,1406700312366,574,2.7596678446896306
14,067,0031,2370,1406700312370,406,2.60959440922522
14,067,0031,2775,1406700312775,111,2.0492180226701815
14,067,0038,0904,1406700380904,1389,3.143014800254095
14,067,0038,0919,1406700380919,1601,3.204662511748219
14,067,0038,1315,1406700381315,394,2.59659709562646
14,067,0038,132A,140670038132A,91,1.9637878273455553
14,067,0038,1334,1406700381334,35,1.5563025007672873
14,067,0038,1349,1406700381349,55,1.7481880270062005
14,067,0038,1353,1406700381353,58,1.7708520116421442
14,067,0038,1368,1406700381368,49,1.6989700043360187
14,067,0038,1438,1406700381438,10,1.0413926851582251
14,067,0038,1442,1406700381442,54,1.7403626894942439
14,067,0038,1457,1406700381457,28,1.462397997898956
14,067,0038,1917,1406700381917,44,1.6532125137753437
14,067,0038,1921,1406700381921,78,1.8976270912904414
14,067,0038,2296,1406700382296,25,1.414973347970818
14,067,0038,2811,1406700382811,7,0.9030899869919435
14,067,0038,2830,1406700382830,31,1.505149978319906
14,068,0001,0206,1406800010206,1509,3.1789769472931693
14,068,0001,0210,1406800010210,1347,3.129689892199301
14,068,0001,0225,1406800010225,1255,3.0989896394011773
14,068,0001,023A,140680001023A,359,2.5563025007672873
14,068,0001,0244,1406800010244,23,1.380211241711606
14,068,0001,0259,1406800010259,298,2.4756711883244296
14,068,0001,0263,1406800010263,0,0.0
14,068,0001,0278,1406800010278,7,0.9030899869919435
14,068,0001,0282,1406800010282,113,2.0569048513364727
14,068,0001,0297,1406800010297,173,2.2405492482826
14,068,0001,0314,1406800010314,3,0.6020599913279624
14,068,0001,0329,1406800010329,54,1.7403626894942439
14,068,0001,0333,1406800010333,62,1.7993405494535817
14,068,0001,0348,1406800010348,19,1.3010299956639813
14,068,0001,0352,1406800010352,538,2.7315887651867388
14,068,0001,0367,1406800010367,31,1.505149978319906
14,068,0001,0371,1406800010371,25,1.414973347970818
14,068,0001,0386,1406800010386,4,0.6989700043360189
14,068,0001,0390,1406800010390,18,1.2787536009528289
14,068,0001,0403,1406800010403,36,1.568201724066995
14,068,0001,0418,1406800010418,29,1.4771212547196624
14,068,0001,0422,1406800010422,6,0.8450980400142568
14,068,0001,0437,1406800010437,28,1.462397997898956
14,068,0001,0441,1406800010441,28,1.462397997898956
14,069,0001,010A,140690001010A,902,2.9556877503135057
14,069,0001,0114,1406900010114,510,2.708420900134713
14,069,0001,0129,1406900010129,17,1.255272505103306
14,069,0001,0133,1406900010133,0,0.0
14,069,0001,0148,1406900010148,7,0.9030899869919435
14,069,0001,0152,1406900010152,20,1.3222192947339193
14,069,0001,0167,1406900010167,10,1.0413926851582251
14,070,0001,0030,1407000010030,1816,3.2593549273080344
14,070,0001,0045,1407000010045,2546,3.406028944963615
14,070,0001,0098,1407000010098,1971,3.2949069106051923
14,070,0001,0100,1407000010100,2763,3.441538038702161
14,070,0001,0115,1407000010115,2349,3.3710678622717363
14,070,0001,012A,140700001012A,1866,3.2711443179490782
14,070,0001,0134,1407000010134,3428,3.535167485114944
14,070,0001,037A,140700001037A,273,2.437750562820388
14,070,0001,0384,1407000010384,1222,3.0874264570362855
14,070,0001,0399,1407000010399,710,2.851869600729766
14,070,0001,0539,1407000010539,142,2.155336037465062
14,070,0001,0581,1407000010581,85,1.9344984512435677
14,070,0001,0685,1407000010685,300,2.4785664955938436
14,070,0001,069A,140700001069A,51,1.7160033436347992
14,070,0001,0702,1407000010702,2580,3.411788004543869
14,070,0001,0717,1407000010717,826,2.9175055095525466
14,070,0001,0914,1407000010914,250,2.399673721481038
14,070,0001,0929,1407000010929,92,1.968482948553935
14,070,0001,1043,1407000011043,61,1.792391689498254
14,070,0001,1058,1407000011058,1176,3.0707764628434346
14,070,0001,1062,1407000011062,26,1.4313637641589874
14,070,0001,1217,1407000011217,75,1.8808135922807914
14,070,0001,1240,1407000011240,232,2.367355921026019
14,070,0001,1274,1407000011274,40,1.6127838567197355
14,070,0001,1289,1407000011289,41,1.6232492903979006
14,070,0001,1503,1407000011503,2955,3.470704429722788
14,070,0013,005A,140700013005A,1352,3.131297796597623
14,070,0013,0083,1407000130083,2845,3.4542348957482654
14,070,0013,0238,1407000130238,1123,3.0507663112330423
14,070,0013,0327,1407000130327,3550,3.5503506723016156
14,070,0013,0350,1407000130350,3463,3.539577883345309
14,070,0013,0365,1407000130365,2953,3.470410490975931
14,070,0013,0401,1407000130401,520,2.7168377232995247
14,070,0013,0416,1407000130416,3614,3.5581083016305497
14,070,0013,0420,1407000130420,2546,3.406028944963615
14,070,0013,0435,1407000130435,2487,3.3958503760187813
14,070,0013,0596,1407000130596,443,2.6473829701146196
14,070,0013,1429,1407000131429,3317,3.5208763816883417
14,070,0013,1433,1407000131433,1663,3.2211533219547053
14,070,0013,1448,1407000131448,3780,3.5776066773625357
14,070,0013,1452,1407000131452,2965,3.472171146692363
14,070,0013,1471,1407000131471,2192,3.341038631677523
14,070,0013,1486,1407000131486,3763,3.5756496147552195
14,070,0014,0219,1407000140219,1547,3.189770956346874
14,070,0014,0223,1407000140223,2129,3.3283796034387376
14,070,0014,0276,1407000140276,3007,3.4782778319196046
14,070,0014,0280,1407000140280,1558,3.192846115188842
14,070,0014,0346,1407000140346,1948,3.2898118391176214
14,070,0014,044A,140700014044A,2379,3.376576957056512
14,070,0014,0454,1407000140454,68,1.8388490907372552
14,070,0014,0469,1407000140469,1273,3.1051694279993316
14,070,0014,0473,1407000140473,468,2.6711728427150834
14,070,0014,0488,1407000140488,2035,3.3087777736647213
14,070,0014,0543,1407000140543,603,2.7810369386211318
14,070,0014,0558,1407000140558,668,2.8254261177678233
14,070,0014,0609,1407000140609,691,2.840106094456758
14,070,0014,0774,1407000140774,1094,3.0394141191761372
14,070,0014,0810,1407000140810,1164,3.0663259253620376
14,070,0014,0825,1407000140825,3050,3.484442207642407
14,070,0014,083A,140700014083A,2095,3.321391278311689
14,070,0014,0844,1407000140844,1915,3.2823955047425257
14,070,0014,0859,1407000140859,1698,3.230193378869046
14,070,0014,0948,1407000140948,32,1.5185139398778875
14,070,0014,1077,1407000141077,23,1.380211241711606
14,070,0020,0079,1407000200079,3579,3.5538830266438746
14,070,0020,0191,1407000200191,2953,3.470410490975931
14,070,0020,0204,1407000200204,1859,3.2695129442179165
14,070,0020,0242,1407000200242,1052,3.0224283711854865
14,070,0020,0257,1407000200257,0,0.0
14,070,0020,0261,1407000200261,520,2.7168377232995247
14,070,0020,0613,1407000200613,458,2.661812685537261
14,070,0020,0789,1407000200789,7365,3.867231714518894
14,070,0020,0793,1407000200793,62,1.7993405494535817
14,070,0020,0933,1407000200933,397,2.5998830720736876
14,070,0020,1221,1407000201221,25,1.414973347970818
14,070,0020,1236,1407000201236,3667,3.5644293269979834
14,070,0020,1255,1407000201255,1558,3.192846115188842
14,070,0020,126A,140700020126A,2755,3.440279213235588
14,070,0020,1382,1407000201382,3999,3.6020599913279625
14,070,0020,1397,1407000201397,8997,3.954145988829548
14,070,0021,0721,1407000210721,632,2.801403710017355
14,070,0021,0736,1407000210736,2541,3.4051755462179893
14,070,0021,0740,1407000210740,409,2.6127838567197355
14,070,0021,0755,1407000210755,496,2.696356388733332
14,070,0021,076A,140700021076A,489,2.690196080028514
14,070,0021,0967,1407000210967,912,2.960470777534299
14,070,0021,1005,1407000211005,1887,3.27600198996205
14,070,0021,101A,140700021101A,3646,3.561935763313781
14,070,0021,1096,1407000211096,1917,3.282848602834645
14,070,0021,1109,1407000211109,1680,3.225567713439471
14,070,0021,1113,1407000211113,2252,3.3527611917238307
14,070,0021,1128,1407000211128,2543,3.4055171069763763
14,070,0021,1151,1407000211151,1677,3.2247919564926817
14,070,0021,1185,1407000211185,496,2.696356388733332
14,070,0021,119A,140700021119A,257,2.41161970596323
14,070,0043,0295,1407000430295,4098,3.6126779183165016
14,070,0043,0308,1407000430308,2588,3.413132050434872
14,070,0043,0492,1407000430492,1333,3.12515582958053
14,070,0043,0505,1407000430505,662,2.821513528404773
14,070,0043,0628,1407000430628,48,1.6901960800285136
14,070,0043,0632,1407000430632,37,1.5797835966168101
14,070,0043,0647,1407000430647,110,2.0453229787866576
14,070,0043,0651,1407000430651,260,2.416640507338281
14,070,0043,0666,1407000430666,25,1.414973347970818
14,070,0043,0806,1407000430806,819,2.9138138523837167
14,070,0043,0897,1407000430897,2773,3.443106456737266
14,070,0043,090A,140700043090A,1296,3.11293997608408
14,070,0043,0971,1407000430971,243,2.387389826338729
14,070,0043,0986,1407000430986,23,1.380211241711606
14,070,0043,0990,1407000430990,75,1.8808135922807914
14,070,0043,1024,1407000431024,1847,3.2667019668840878
14,070,0043,1039,1407000431039,1259,3.100370545117563
14,070,0043,1081,1407000431081,92,1.968482948553935
14,070,0043,1132,1407000431132,1023,3.010299956639812
14,070,0043,1147,1407000431147,1853,3.2681097298084785
14,070,0043,1202,1407000431202,751,2.876217840591642
14,070,0064,1293,1407000641293,1556,3.1922886125681202
14,070,0064,1306,1407000641306,3063,3.486288760960566
14,070,0111,1310,1407001111310,1995,3.3001605369513523
14,070,0111,1325,1407001111325,3531,3.548020694905531
14,070,0111,133A,140700111133A,7492,3.874655732598101
14,070,0111,1344,1407001111344,1579,3.1986570869544226
14,070,0111,1359,1407001111359,2000,3.3012470886362113
14,070,0111,1363,1407001111363,3506,3.5449357658815024
14,070,0111,1378,1407001111378,0,0.0
14,070,0111,1490,1407001111490,278,2.4456042032735974
14,070,0116,1467,1407001161467,11505,4.060924369689481
14,070,0121,1518,1407001211518,3949,3.59659709562646
14,070,0134,1467,1407001341467,3103,3.491921712586151
14,071,0001,0095,1407100010095,776,2.890421018800914
14,071,0001,0108,1407100010108,67,1.8325089127062364
14,072,0001,0073,1407200010073,1055,3.0236639181977933
14,072,0001,0088,1407200010088,1338,3.126780577012009
14,072,0001,0092,1407200010092,104,2.0211892990699383
14,072,0001,0105,1407200010105,509,2.7075701760979363
14,072,0001,011A,140720001011A,0,0.0
14,072,0001,0124,1407200010124,538,2.7315887651867388
14,072,0001,0139,1407200010139,14,1.1760912590556813
14,072,0001,0143,1407200010143,1216,3.085290578230065
14,072,0001,0158,1407200010158,1251,3.097604328874411
14,073,0001,0070,1407300010070,1828,3.262213705476417
14,073,0001,0140,1407300010140,2686,3.4292676664331685
14,073,0001,016A,140730001016A,3253,3.51241754860084
14,073,0001,0189,1407300010189,1986,3.298197867109815
14,073,0001,0193,1407300010193,2178,3.3382572302462554
14,073,0001,0206,1407300010206,3801,3.5800121125294244
14,073,0001,0225,1407300010225,2381,3.3769417571467586
14,073,0001,023A,140730001023A,2010,3.303412070596742
14,073,0001,0244,1407300010244,4030,3.605412798153051
14,073,0001,0259,1407300010259,1650,3.2177470732627937
14,073,0001,0263,1407300010263,2095,3.321391278311689
14,073,0001,0278,1407300010278,2562,3.408748606184244
14,073,0001,0282,1407300010282,5919,3.77232170672292
14,073,0001,0297,1407300010297,2389,3.3783979009481375
14,073,0001,030A,140730001030A,599,2.7781512503836434
14,073,0001,0314,1407300010314,18,1.2787536009528289
14,073,0001,0329,1407300010329,1030,3.0132586652835167
14,073,0001,0333,1407300010333,1987,3.2984163800612945
14,073,0001,0348,1407300010348,1229,3.089905111439398
14,073,0001,0371,1407300010371,1621,3.2100508498751372
14,073,0001,0386,1407300010386,161,2.2095150145426308
14,073,0001,0390,1407300010390,63,1.806179973983887
14,073,0001,0403,1407300010403,260,2.416640507338281
14,073,0001,0418,1407300010418,2,0.47712125471966244
14,073,0001,0422,1407300010422,15,1.2041199826559248
14,073,0001,0437,1407300010437,1329,3.123851640967086
14,073,0001,0441,1407300010441,18,1.2787536009528289
14,073,0001,0456,1407300010456,167,2.225309281725863
14,073,0001,0460,1407300010460,938,2.972665592266111
14,073,0001,0475,1407300010475,27,1.4471580313422192
14,073,0001,048A,140730001048A,0,0.0
14,073,0001,0494,1407300010494,248,2.3961993470957363
14,073,0001,0507,1407300010507,297,2.4742162640762553
14,073,0001,0511,1407300010511,26,1.4313637641589874
14,073,0001,0526,1407300010526,51,1.7160033436347992
14,073,0001,0530,1407300010530,0,0.0
14,073,0001,0545,1407300010545,97,1.9912260756924949
14,073,0001,055A,140730001055A,0,0.0
14,073,0001,0564,1407300010564,0,0.0
14,073,0001,0579,1407300010579,312,2.4955443375464483
14,073,0001,0583,1407300010583,22,1.3617278360175928
14,073,0001,0598,1407300010598,1830,3.2626883443016963
14,073,0001,0600,1407300010600,501,2.7007037171450192
14,073,0001,0615,1407300010615,401,2.60422605308447
14,073,0001,062A,140730001062A,47,1.6812412373755872
14,073,0001,0634,1407300010634,688,2.8382192219076257
14,073,0001,0649,1407300010649,222,2.3483048630481607
14,073,0001,0653,1407300010653,34,1.5440680443502757
14,073,0001,0668,1407300010668,0,0.0
14,073,0001,0672,1407300010672,57,1.7634279935629373
14,073,0001,0704,1407300010704,56,1.7558748556724915
14,073,0001,0719,1407300010719,418,2.622214022966295
14,073,0221,0687,1407302210687,2498,3.39776625612645
14,073,0221,0691,1407302210691,1691,3.228400358703005
14,074,0001,0059,1407400010059,3367,3.527372082827612
14,074,0001,0063,1407400010063,2473,3.393399695293102
14,074,0001,0078,1407400010078,2912,3.4643404846276673
14,074,0001,0082,1407400010082,893,2.951337518795918
14,074,0001,0097,1407400010097,354,2.550228353055094
14,074,0001,010A,140740001010A,1734,3.2392994791268923
14,074,0001,0114,1407400010114,938,2.972665592266111
14,074,0001,0129,1407400010129,85,1.9344984512435677
14,074,0001,0133,1407400010133,123,2.093421685162235
14,074,0001,0148,1407400010148,13,1.146128035678238
14,074,0001,0152,1407400010152,38,1.591064607026499
14,074,0001,0167,1407400010167,59,1.7781512503836436
14,074,0001,0171,1407400010171,3,0.6020599913279624
14,074,0001,0186,1407400010186,25,1.414973347970818
14,074,0001,0190,1407400010190,486,2.6875289612146345
14,074,0001,0203,1407400010203,130,2.1172712956557644
14,074,0001,0218,1407400010218,94,1.9777236052888478
14,074,0001,0222,1407400010222,492,2.69284691927723
14,074,0001,0237,1407400010237,275,2.4409090820652177
14,074,0001,0241,1407400010241,26,1.4313637641589874
14,074,0001,0256,1407400010256,0,0.0
14,075,0001,0060,1407500010060,1284,3.1089031276673134
14,075,0001,0075,1407500010075,1198,3.0788191830988487
14,075,0001,008A,140750001008A,75,1.8808135922807914
14,075,0001,0094,1407500010094,327,2.515873843711679
14,075,0001,0107,1407500010107,114,2.060697840353612
14,075,0001,0111,1407500010111,221,2.346352974450639
14,075,0001,0126,1407500010126,244,2.3891660843645326
14,075,0001,0130,1407500010130,7,0.9030899869919435
14,075,0001,0145,1407500010145,8,0.9542425094393249
14,076,0001,0104,1407600010104,271,2.4345689040341987
14,076,0001,0119,1407600010119,246,2.392696953259666
14,076,0001,0123,1407600010123,609,2.785329835010767
14,076,0001,0138,1407600010138,923,2.9656719712201065
14,076,0001,0142,1407600010142,57,1.7634279935629373
14,076,0001,0157,1407600010157,18,1.2787536009528289
14,076,0001,0161,1407600010161,14,1.1760912590556813
14,077,0001,0120,1407700010120,1900,3.278982116865443
14,077,0001,0135,1407700010135,1321,3.1212314551496214
14,077,0001,014A,140770001014A,3180,3.502563669107363
14,077,0001,0154,1407700010154,569,2.7558748556724915
14,077,0001,0188,1407700010188,54,1.7403626894942439
14,077,0001,0192,1407700010192,171,2.2355284469075487
14,077,0001,0205,1407700010205,416,2.6201360549737576
14,077,0001,021A,140770001021A,11,1.0791812460476249
14,077,0001,0224,1407700010224,106,2.0293837776852097
14,077,0001,0239,1407700010239,175,2.24551266781415
14,077,0001,0243,1407700010243,121,2.0863598306747484
14,077,0001,0313,1407700010313,208,2.3201462861110542
14,077,0001,0328,1407700010328,269,2.4313637641589874
14,077,0001,0347,1407700010347,111,2.0492180226701815
14,077,0001,039A,140770001039A,0,0.0
14,077,0001,0402,1407700010402,238,2.3783979009481375
14,077,0005,0169,1407700050169,1986,3.298197867109815
14,077,0005,0173,1407700050173,1176,3.0707764628434346
14,077,0005,0258,1407700050258,4,0.6989700043360189
14,077,0005,0262,1407700050262,33,1.5314789170422551
14,077,0005,0277,1407700050277,40,1.6127838567197355
14,077,0005,0281,1407700050281,169,2.230448921378274
14,077,0005,0332,1407700050332,21,1.3424226808222062
14,077,0005,0351,1407700050351,2,0.47712125471966244
14,077,0015,0084,1407700150084,2839,3.4533183400470375
14,077,0015,0366,1407700150366,25,1.414973347970818
14,077,0015,0417,1407700150417,6,0.8450980400142568
14,077,0022,0296,1407700220296,1410,3.149527013754348
14,077,0022,0309,1407700220309,846,2.9278834103307068
14,077,0022,0385,1407700220385,75,1.8808135922807914
14,078,0001,0113,1407800010113,3583,3.5543680009900878
14,078,0001,0147,1407800010147,2784,3.4448251995097476
14,078,0001,0151,1407800010151,3193,3.5043349118024643
14,078,0001,0166,1407800010166,1169,3.0681858617461617
14,078,0001,0170,1407800010170,656,2.8175653695597807
14,078,0001,0185,1407800010185,1856,3.2688119037397803
14,078,0001,019A,140780001019A,1061,3.0261245167454502
14,078,0001,0202,1407800010202,777,2.890979596989689
14,078,0001,0217,1407800010217,2010,3.303412070596742
14,078,0001,0221,1407800010221,1983,3.2975416678181597
14,078,0001,0236,1407800010236,710,2.851869600729766
14,078,0001,0240,1407800010240,153,2.187520720836463
14,078,0001,0255,1407800010255,358,2.5550944485783194
14,078,0001,026A,140780001026A,154,2.1903316981702914
14,078,0001,0274,1407800010274,39,1.6020599913279623
14,078,0001,0289,1407800010289,95,1.9822712330395684
14,078,0001,0293,1407800010293,3,0.6020599913279624
14,078,0001,0306,1407800010306,0,0.0
14,078,0001,0310,1407800010310,388,2.5899496013257077
14,078,0001,0325,1407800010325,61,1.792391689498254
14,078,0001,033A,140780001033A,37,1.5797835966168101
14,078,0001,0344,1407800010344,219,2.342422680822206
14,078,0001,0359,1407800010359,30,1.4913616938342726
14,078,0001,0363,1407800010363,1948,3.2898118391176214
14,078,0001,0378,1407800010378,1162,3.0655797147284485
14,078,0001,0382,1407800010382,50,1.7075701760979363
14,078,0001,0397,1407800010397,144,2.161368002234975
14,078,0001,040A,140780001040A,1,0.3010299956639812
14,078,0001,0414,1407800010414,70,1.8512583487190752
14,078,0001,0429,1407800010429,268,2.429752280002408
14,078,0001,0433,1407800010433,175,2.24551266781415
14,078,0001,0448,1407800010448,139,2.146128035678238
14,078,0001,0452,1407800010452,41,1.6232492903979006
14,078,0001,0467,1407800010467,517,2.714329759745233
14,078,0001,0471,1407800010471,7,0.9030899869919435
14,078,0001,0486,1407800010486,8,0.9542425094393249
14,078,0001,0490,1407800010490,76,1.8864907251724818
14,079,0001,0089,1407900010089,1491,3.17376882313665
14,079,0001,0106,1407900010106,423,2.6273658565927325
14,079,0001,0125,1407900010125,13,1.146128035678238
14,079,0001,013A,140790001013A,0,0.0
14,079,0001,0144,1407900010144,157,2.1986570869544226
14,079,0001,0159,1407900010159,1738,3.2402995820027125
14,079,0001,0163,1407900010163,3815,3.5816083660320577
14,079,0001,0178,1407900010178,145,2.164352855784437
14,079,0001,020A,140790001020A,181,2.2600713879850747
14,079,0001,0214,1407900010214,495,2.6954816764901977
14,079,0001,0229,1407900010229,0,0.0
14,079,0001,0271,1407900010271,427,2.6314437690131722
14,079,0001,0290,1407900010290,23,1.380211241711606
14,079,0001,0322,1407900010322,1,0.3010299956639812
14,079,0030,0074,1407900300074,262,2.419955748489758
14,079,0030,0093,1407900300093,680,2.833147111912785
14,079,0030,0182,1407900300182,65,1.8195439355418688
14,079,0030,0197,1407900300197,188,2.2764618041732443
14,079,0030,0233,1407900300233,2221,3.346744054604849
14,079,0030,0248,1407900300248,1882,3.274850320016665
14,079,0030,0252,1407900300252,14,1.1760912590556813
14,079,0030,0267,1407900300267,184,2.2671717284030137
14,079,0030,0303,1407900300303,193,2.287801729930226
14,079,0030,0318,1407900300318,64,1.8129133566428555
14,079,0030,0337,1407900300337,15,1.2041199826559248
14,080,0001,0145,1408000010145,229,2.361727836017593
14,080,0001,015A,140800001015A,325,2.513217600067939
14,080,0001,0164,1408000010164,78,1.8976270912904414
14,080,0001,0179,1408000010179,0,0.0
14,081,0001,0068,1408100010068,75,1.8808135922807914
14,081,0001,0072,1408100010072,31,1.505149978319906
14,081,0001,0087,1408100010087,22,1.3617278360175928
14,081,0001,0091,1408100010091,0,0.0
14,081,0001,0104,1408100010104,349,2.5440680443502757
14,081,0001,0119,1408100010119,438,2.6424645202421213
14,081,0001,0123,1408100010123,4,0.6989700043360189
14,081,0001,0138,1408100010138,8,0.9542425094393249
14,081,0001,0161,1408100010161,0,0.0
14,081,0038,0142,1408100380142,90,1.9590413923210936
14,081,0038,0157,1408100380157,388,2.5899496013257077
14,082,0001,0046,1408200010046,3831,3.583425500406507
14,082,0001,0050,1408200010050,4404,3.643945912748067
14,082,0001,0099,1408200010099,3366,3.5272431163880884
14,082,0001,0101,1408200010101,3226,3.508798965403905
14,082,0001,0120,1408200010120,550,2.741151598851785
14,082,0001,0135,1408200010135,1271,3.104487111312395
14,082,0001,014A,140820001014A,1244,3.095169351431755
14,082,0001,0169,1408200010169,0,0.0
14,082,0001,0173,1408200010173,114,2.060697840353612
14,082,0001,0188,1408200010188,32,1.5185139398778875
14,082,0001,0192,1408200010192,1129,3.0530784434834195
14,082,0001,0205,1408200010205,0,0.0
14,082,0001,021A,140820001021A,0,0.0
14,082,0001,0224,1408200010224,0,0.0
14,082,0001,0239,1408200010239,0,0.0
14,082,0001,0243,1408200010243,45,1.662757831681574
14,082,0001,0258,1408200010258,2338,3.3690302218091532
14,082,0001,0262,1408200010262,1706,3.2322335211147335
14,082,0001,0281,1408200010281,30,1.4913616938342726
14,082,0001,0296,1408200010296,45,1.662757831681574
14,082,0001,0309,1408200010309,31,1.505149978319906
14,082,0001,0332,1408200010332,238,2.3783979009481375
14,082,0001,0366,1408200010366,1550,3.190611797813605
14,082,0001,0370,1408200010370,1653,3.218535505216528
14,082,0001,0385,1408200010385,144,2.161368002234975
14,082,0001,039A,140820001039A,210,2.3242824552976926
14,082,0001,0402,1408200010402,817,2.912753303671323
14,082,0001,0417,1408200010417,21,1.3424226808222062
14,082,0001,0421,1408200010421,66,1.8260748027008264
14,082,0001,0440,1408200010440,84,1.9294189257142926
14,082,0026,0154,1408200260154,389,2.591064607026499
14,082,0026,0277,1408200260277,122,2.089905111439398
14,082,0026,0313,1408200260313,10,1.0413926851582251
14,082,0026,0328,1408200260328,0,0.0
14,082,0026,0347,1408200260347,3638,3.5609820555862353
14,082,0026,0351,1408200260351,3932,3.5947239464097467
14,082,0026,0436,1408200260436,226,2.3560258571931225
14,083,0001,0024,1408300010024,3320,3.5212688755983854
14,083,0001,0039,1408300010039,2804,3.4479328655921804
14,083,0001,0043,1408300010043,5369,3.7299742856995555
14,083,0001,0132,1408300010132,3238,3.510410948010177
14,083,0001,0151,1408300010151,1916,3.2826221128780624
14,083,0001,0166,1408300010166,3104,3.492061604512599
14,083,0001,0170,1408300010170,841,2.9253120914996495
14,083,0001,0185,1408300010185,1253,3.0982975364946976
14,083,0001,0310,1408300010310,1942,3.2884728005997825
14,083,0001,0325,1408300010325,551,2.741939077729199
14,083,0001,033A,140830001033A,1167,3.0674428427763805
14,083,0001,0344,1408300010344,1188,3.0751818546186915
14,083,0001,0359,1408300010359,169,2.230448921378274
14,083,0001,0363,1408300010363,264,2.423245873936808
14,083,0001,0378,1408300010378,135,2.1335389083702174
14,083,0001,0382,1408300010382,1707,3.232487866352986
14,083,0001,0397,1408300010397,4,0.6989700043360189
14,083,0001,040A,140830001040A,122,2.089905111439398
14,083,0001,0414,1408300010414,21,1.3424226808222062
14,083,0001,0429,1408300010429,295,2.4712917110589387
14,083,0001,0433,1408300010433,134,2.130333768495006
14,083,0001,0448,1408300010448,10,1.0413926851582251
14,083,0001,0537,1408300010537,4,0.6989700043360189
14,083,0001,0541,1408300010541,538,2.7315887651867388
14,083,0001,0556,1408300010556,540,2.7331972651065692
14,083,0001,0560,1408300010560,964,2.9845273133437926
14,083,0001,0607,1408300010607,5,0.7781512503836436
14,083,0001,0611,1408300010611,952,2.979092900638326
14,083,0001,0626,1408300010626,168,2.2278867046136734
14,083,0001,0630,1408300010630,307,2.4885507165004443
14,083,0001,0645,1408300010645,238,2.3783979009481375
14,083,0001,065A,140830001065A,112,2.0530784434834195
14,083,0001,0664,1408300010664,692,2.8407332346118066
14,083,0001,0679,1408300010679,45,1.662757831681574
14,083,0001,0683,1408300010683,48,1.6901960800285136
14,083,0001,0700,1408300010700,32,1.5185139398778875
14,083,0001,0715,1408300010715,1027,3.011993114659257
14,083,0001,072A,140830001072A,5,0.7781512503836436
14,083,0001,0772,1408300010772,644,2.8095597146352675
14,083,0001,0787,1408300010787,58,1.7708520116421442
14,083,0001,0791,1408300010791,89,1.954242509439325
14,083,0001,0819,1408300010819,216,2.3364597338485296
14,083,0001,0823,1408300010823,26,1.4313637641589874
14,083,0001,0838,1408300010838,61,1.792391689498254
14,083,0001,0842,1408300010842,11,1.0791812460476249
14,083,0001,0876,1408300010876,0,0.0
14,083,0001,0965,1408300010965,1878,3.2739267801005254
14,083,0001,0999,1408300010999,373,2.5728716022004803
14,083,0001,1018,1408300011018,2248,3.351989455435632
14,083,0001,1022,1408300011022,51,1.7160033436347992
14,083,0001,1037,1408300011037,5,0.7781512503836436
14,083,0001,1041,1408300011041,0,0.0
14,083,0001,1056,1408300011056,0,0.0
14,083,0001,1060,1408300011060,15,1.2041199826559248
14,083,0004,0109,1408300040109,2342,3.369772288596963
14,083,0004,0306,1408300040306,808,2.9079485216122722
14,083,0004,0452,1408300040452,7,0.9030899869919435
14,083,0004,0467,1408300040467,433,2.637489729512511
14,083,0004,0486,1408300040486,29,1.4771212547196624
14,083,0004,0490,1408300040490,108,2.037426497940624
14,083,0004,0734,1408300040734,16,1.2304489213782739
14,083,0004,0749,1408300040749,10,1.0413926851582251
14,083,0004,0857,1408300040857,29,1.4771212547196624
14,083,0004,0861,1408300040861,19,1.3010299956639813
14,083,0004,1145,1408300041145,0,0.0
14,083,0004,115A,140830004115A,18,1.2787536009528289
14,083,0013,0096,1408300130096,3199,3.505149978319906
14,083,0013,0217,1408300130217,1001,3.0008677215312267
14,083,0013,0221,1408300130221,1947,3.2895889525425965
14,083,0013,0503,1408300130503,5,0.7781512503836436
14,083,0013,0518,1408300130518,81,1.9138138523837167
14,083,0013,0575,1408300130575,7,0.9030899869919435
14,083,0013,0698,1408300130698,22,1.3617278360175928
14,083,0013,0753,1408300130753,0,0.0
14,083,0013,0804,1408300130804,186,2.271841606536499
14,083,0013,0984,1408300130984,647,2.8115750058705933
14,083,0013,1003,1408300131003,0,0.0
14,083,0013,1075,1408300131075,10,1.0413926851582251
14,083,0013,108A,140830013108A,16,1.2304489213782739
14,083,0016,0128,1408300160128,1482,3.1711411510283822
14,083,0016,019A,140830016019A,552,2.7427251313046983
14,083,0016,0202,1408300160202,1412,3.1501421618485588
14,083,0016,0471,1408300160471,442,2.6464037262230695
14,083,0016,0522,1408300160522,49,1.6989700043360187
14,083,0016,058A,140830016058A,9,1.0
14,083,0016,0594,1408300160594,8,0.9542425094393249
14,083,0016,0768,1408300160768,51,1.7160033436347992
14,083,0016,1094,1408300161094,5,0.7781512503836436
14,083,0016,1107,1408300161107,38,1.591064607026499
14,083,0016,1111,1408300161111,0,0.0
14,083,0016,1126,1408300161126,12,1.1139433523068367
14,083,0016,1130,1408300161130,23,1.380211241711606
14,083,0220,0880,1408302200880,1835,3.2638726768652235
14,083,0220,0895,1408302200895,2071,3.3163897510731952
14,083,0220,0908,1408302200908,1116,3.048053173115609
14,083,0220,0912,1408302200912,2070,3.3161800988934527
14,083,0220,0927,1408302200927,2045,3.3109056293761414
14,083,0220,0931,1408302200931,2274,3.3569814009931314
14,083,0220,0946,1408302200946,1762,3.246252312299322
14,083,0220,0950,1408302200950,1995,3.3001605369513523
14,083,0220,097A,140830220097A,351,2.546542663478131
14,083,0220,1164,1408302201164,0,0.0
14,084,0001,0248,1408400010248,1741,3.241048150671644
14,084,0001,0252,1408400010252,1922,3.28397928423848
14,084,0001,0267,1408400010267,3456,3.5386993795424067
14,084,0001,0271,1408400010271,1103,3.0429690733931802
14,084,0001,0286,1408400010286,22,1.3617278360175928
14,084,0001,0290,1408400010290,301,2.4800069429571505
14,084,0001,0318,1408400010318,82,1.919078092376074
14,084,0001,0322,1408400010322,583,2.7664128471123997
14,084,0001,0337,1408400010337,69,1.845098040014257
14,084,0001,0341,1408400010341,84,1.9294189257142926
14,084,0001,0356,1408400010356,0,0.0
14,084,0001,0360,1408400010360,72,1.863322860120456
14,084,0001,0375,1408400010375,140,2.1492191126553797
14,084,0001,038A,140840001038A,102,2.012837224705172
14,084,0001,0394,1408400010394,102,2.012837224705172
14,084,0001,0407,1408400010407,10,1.0413926851582251
14,084,0001,0411,1408400010411,3,0.6020599913279624
14,084,0001,0426,1408400010426,4,0.6989700043360189
14,084,0001,0430,1408400010430,6,0.8450980400142568
14,084,0001,0445,1408400010445,40,1.6127838567197355
14,084,0001,045A,140840001045A,21,1.3424226808222062
14,084,0001,0464,1408400010464,162,2.2121876044039577
14,084,0001,0479,1408400010479,42,1.6334684555795864
14,084,0001,0483,1408400010483,0,0.0
14,084,0001,0498,1408400010498,0,0.0
14,084,0001,0500,1408400010500,18,1.2787536009528289
14,084,0001,0515,1408400010515,1,0.3010299956639812
14,084,0001,052A,140840001052A,26,1.4313637641589874
14,085,0001,0086,1408500010086,1974,3.295567099962479
14,085,0001,0090,1408500010090,3291,3.5174598265402324
14,085,0001,0103,1408500010103,3939,3.595496221825574
14,085,0001,0194,1408500010194,1972,3.295127085252191
14,085,0001,0207,1408500010207,808,2.9079485216122722
14,085,0001,0211,1408500010211,778,2.8915374576725643
14,085,0001,0226,1408500010226,122,2.089905111439398
14,085,0001,0230,1408500010230,265,2.424881636631067
14,085,0001,0245,1408500010245,1098,3.0409976924234905
14,085,0001,0279,1408500010279,1326,3.1228709228644354
14,085,0001,0315,1408500010315,50,1.7075701760979363
14,085,0001,032A,140850001032A,158,2.2013971243204513
14,085,0001,0334,1408500010334,155,2.1931245983544616
14,085,0001,0349,1408500010349,69,1.845098040014257
14,085,0001,0353,1408500010353,2,0.47712125471966244
14,085,0001,0368,1408500010368,152,2.184691430817599
14,085,0001,0438,1408500010438,603,2.7810369386211318
14,085,0001,0442,1408500010442,2,0.47712125471966244
14,085,0001,0457,1408500010457,7,0.9030899869919435
14,085,0001,0461,1408500010461,32,1.5185139398778875
14,085,0001,0508,1408500010508,260,2.416640507338281
14,085,0001,0512,1408500010512,282,2.45178643552429
14,085,0001,0546,1408500010546,231,2.3654879848909
14,085,0001,0550,1408500010550,7,0.9030899869919435
14,085,0001,0565,1408500010565,5,0.7781512503836436
14,085,0001,057A,140850001057A,862,2.9360107957152097
14,085,0001,0584,1408500010584,0,0.0
14,085,0001,0599,1408500010599,663,2.8221680793680175
14,085,0173,0283,1408501730283,1321,3.1212314551496214
14,085,0173,0298,1408501730298,1594,3.2027606873931997
14,085,0173,0372,1408501730372,154,2.1903316981702914
14,085,0173,0387,1408501730387,538,2.7315887651867388
14,085,0173,0423,1408501730423,152,2.184691430817599
14,085,0173,0476,1408501730476,75,1.8808135922807914
14,085,0173,0480,1408501730480,42,1.6334684555795864
14,085,0173,0495,1408501730495,3,0.6020599913279624
14,085,0173,0527,1408501730527,5,0.7781512503836436
14,085,0173,0531,1408501730531,0,0.0
14,086,0001,0083,1408600010083,1524,3.1832698436828046
14,086,0001,0098,1408600010098,1324,3.1222158782728267
14,086,0001,0100,1408600010100,1739,3.2405492482826
14,086,0001,0115,1408600010115,723,2.859738566197147
14,086,0001,012A,140860001012A,7,0.9030899869919435
14,086,0001,0134,1408600010134,14,1.1760912590556813
14,086,0001,0149,1408600010149,131,2.12057393120585
14,086,0001,0153,1408600010153,7,0.9030899869919435
14,086,0001,0168,1408600010168,337,2.5289167002776547
14,086,0001,0172,1408600010172,0,0.0
14,086,0001,0191,1408600010191,142,2.155336037465062
14,086,0001,0204,1408600010204,4,0.6989700043360189
14,086,0001,0261,1408600010261,3,0.6020599913279624
14,086,0019,0219,1408600190219,2133,3.329194415088451
14,086,0019,0223,1408600190223,1766,3.247236549506764
14,086,0019,0238,1408600190238,34,1.5440680443502757
14,086,0019,0242,1408600190242,0,0.0
14,086,0019,0257,1408600190257,11,1.0791812460476249
14,087,0001,017A,140870001017A,2213,3.345177616542704
14,087,0001,0184,1408700010184,1511,3.1795517911651876
14,087,0001,0199,1408700010199,1417,3.151676230847048
14,087,0001,0201,1408700010201,1536,3.1866738674997452
14,087,0001,0216,1408700010216,1478,3.1699681739968923
14,087,0001,0220,1408700010220,1388,3.1427022457376155
14,087,0001,0235,1408700010235,293,2.4683473304121573
14,087,0001,024A,140870001024A,562,2.7505083948513462
14,087,0001,0254,1408700010254,764,2.8836614351536176
14,087,0001,0269,1408700010269,369,2.568201724066995
14,087,0001,0273,1408700010273,427,2.6314437690131722
14,087,0001,0288,1408700010288,127,2.1072099696478683
14,087,0001,0292,1408700010292,30,1.4913616938342726
14,087,0001,0324,1408700010324,15,1.2041199826559248
14,087,0001,0339,1408700010339,1112,3.0464951643347082
14,087,0001,0343,1408700010343,0,0.0
14,087,0001,0358,1408700010358,0,0.0
14,087,0001,0362,1408700010362,0,0.0
14,087,0001,0377,1408700010377,1,0.3010299956639812
14,088,0001,0143,1408800010143,209,2.322219294733919
14,088,0001,0158,1408800010158,842,2.9258275746247424
14,088,0001,0162,1408800010162,1199,3.0791812460476247
14,088,0001,0177,1408800010177,385,2.586587304671755
14,088,0001,0181,1408800010181,260,2.416640507338281
14,088,0001,0196,1408800010196,576,2.7611758131557314
14,088,0001,0209,1408800010209,1875,3.2732328340430454
14,088,0001,0213,1408800010213,1353,3.1316186643491255
14,088,0001,0228,1408800010228,47,1.6812412373755872
14,088,0001,0232,1408800010232,1355,3.1322596895310446
14,088,0001,0247,1408800010247,1002,3.0013009330204183
14,088,0001,0251,1408800010251,565,2.7528164311882715
14,089,0001,0032,1408900010032,1212,3.083860800866573
14,089,0001,0047,1408900010047,1295,3.1126050015345745
14,089,0001,0051,1408900010051,199,2.3010299956639813
14,089,0001,0066,1408900010066,86,1.9395192526186185
14,089,0001,0070,1408900010070,13,1.146128035678238
14,089,0001,0085,1408900010085,49,1.6989700043360187
14,089,0001,009A,140890001009A,2,0.47712125471966244
14,090,0001,0067,1409000010067,248,2.3961993470957363
14,090,0001,0071,1409000010071,207,2.3180633349627615
14,090,0001,0086,1409000010086,616,2.7902851640332416
14,090,0001,0090,1409000010090,440,2.6444385894678386
14,090,0001,0103,1409000010103,1398,3.1458177144918276
14,090,0001,0118,1409000010118,1771,3.248463717551032
14,090,0001,0137,1409000010137,1,0.3010299956639812
14,090,0001,0141,1409000010141,11,1.0791812460476249
14,090,0001,0156,1409000010156,248,2.3961993470957363
14,091,0001,0100,1409100010100,1658,3.219846386024361
14,091,0001,0115,1409100010115,1605,3.205745540942662
14,091,0001,012A,140910001012A,1292,3.111598524880394
14,091,0001,0172,1409100010172,3408,3.532627001228891
14,091,0001,0191,1409100010191,2172,3.3370597263205246
14,091,0001,0204,1409100010204,1913,3.281941933440825
14,091,0001,0219,1409100010219,256,2.4099331233312946
14,091,0001,0223,1409100010223,1246,3.0958664534785427
14,091,0001,0238,1409100010238,1221,3.0870712059065353
14,091,0001,0242,1409100010242,771,2.887617300335736
14,091,0001,0257,1409100010257,2049,3.311753861055754
14,091,0001,0308,1409100010308,312,2.4955443375464483
14,091,0001,0312,1409100010312,1,0.3010299956639812
14,091,0001,0327,1409100010327,119,2.0791812460476247
14,091,0001,0331,1409100010331,92,1.968482948553935
14,091,0001,0346,1409100010346,39,1.6020599913279623
14,091,0001,0350,1409100010350,99,2.0
14,091,0001,0365,1409100010365,57,1.7634279935629373
14,091,0001,0384,1409100010384,41,1.6232492903979006
14,091,0001,0399,1409100010399,410,2.6138418218760693
14,091,0001,0401,1409100010401,83,1.9242792860618816
14,091,0001,0416,1409100010416,62,1.7993405494535817
14,091,0001,0420,1409100010420,69,1.845098040014257
14,091,0001,0435,1409100010435,870,2.9400181550076634
14,091,0001,044A,140910001044A,639,2.806179973983887
14,091,0001,0454,1409100010454,19,1.3010299956639813
14,091,0001,0469,1409100010469,1870,3.27207378750001
14,091,0001,0473,1409100010473,1688,3.227629649571009
14,091,0001,0488,1409100010488,317,2.5024271199844326
14,091,0001,0492,1409100010492,52,1.724275869600789
14,091,0001,0505,1409100010505,47,1.6812412373755872
14,091,0001,051A,140910001051A,21,1.3424226808222062
14,091,0001,0524,1409100010524,55,1.7481880270062005
14,091,0001,0539,1409100010539,27,1.4471580313422192
14,091,0071,0543,1409100710543,1211,3.0835026198302673
14,091,0071,0558,1409100710558,1645,3.216429830876251
14,092,0001,0061,1409200010061,651,2.81424759573192
14,092,0001,0076,1409200010076,198,2.298853076409707
14,092,0001,0080,1409200010080,1906,3.280350693046006
14,092,0001,0095,1409200010095,1178,3.071513805095089
14,092,0001,0108,1409200010108,5,0.7781512503836436
14,092,0001,0112,1409200010112,12,1.1139433523068367
14,092,0001,0127,1409200010127,4,0.6989700043360189
14,092,0001,0131,1409200010131,0,0.0
14,092,0001,0146,1409200010146,32,1.5185139398778875
14,093,0001,0073,1409300010073,2381,3.3769417571467586
14,093,0001,0088,1409300010088,3041,3.4831592097169795
14,093,0001,0092,1409300010092,3854,3.586024382386976
14,093,0001,0105,1409300010105,2821,3.450557009418329
14,093,0001,011A,140930001011A,2635,3.420945405921972
14,093,0001,0124,1409300010124,2943,3.4689378056654614
14,093,0001,0139,1409300010139,2470,3.3928727454020793
14,093,0001,0143,1409300010143,1960,3.292477593667784
14,093,0001,0158,1409300010158,4830,3.6840370374865197
14,093,0001,0285,1409300010285,1793,3.2538224387080734
14,093,0001,029A,140930001029A,4422,3.6457169393696036
14,093,0001,0317,1409300010317,1076,3.0322157032979815
14,093,0001,0410,1409300010410,1294,3.1122697684172707
14,093,0001,0425,1409300010425,1311,3.1179338350396413
14,093,0001,0444,1409300010444,915,2.9618954736678504
14,093,0001,0459,1409300010459,133,2.1271047983648077
14,093,0001,0463,1409300010463,1249,3.0969100130080562
14,093,0001,0478,1409300010478,1698,3.230193378869046
14,093,0001,0552,1409300010552,4044,3.606918525948291
14,093,0001,0567,1409300010567,2358,3.3727279408855955
14,093,0001,0571,1409300010571,3544,3.5496162395190853
14,093,0001,0586,1409300010586,3262,3.513617073787875
14,093,0001,0707,1409300010707,2662,3.425371166438941
14,093,0001,0711,1409300010711,1698,3.230193378869046
14,093,0001,0745,1409300010745,597,2.776701183988411
14,093,0001,075A,140930001075A,312,2.4955443375464483
14,093,0001,0764,1409300010764,22,1.3617278360175928
14,093,0001,0779,1409300010779,47,1.6812412373755872
14,093,0001,0783,1409300010783,63,1.806179973983887
14,093,0001,0798,1409300010798,687,2.837588438235511
14,093,0001,0800,1409300010800,80,1.9084850188786497
14,093,0001,0815,1409300010815,0,0.0
14,093,0001,082A,140930001082A,28,1.462397997898956
14,093,0001,0834,1409300010834,1518,3.1815577738627865
14,093,0001,0849,1409300010849,1395,3.144885418287142
14,093,0001,0868,1409300010868,30,1.4913616938342726
14,093,0001,0942,1409300010942,496,2.696356388733332
14,093,0001,0957,1409300010957,3932,3.5947239464097467
14,093,0001,0961,1409300010961,3732,3.5720579899263045
14,093,0001,0976,1409300010976,281,2.450249108319361
14,093,0001,0980,1409300010980,2564,3.409087369447835
14,093,0001,1067,1409300011067,469,2.6720978579357175
14,093,0001,1071,1409300011071,789,2.8976270912904414
14,093,0001,1118,1409300011118,57,1.7634279935629373
14,093,0001,1122,1409300011122,62,1.7993405494535817
14,093,0001,1137,1409300011137,170,2.2329961103921536
14,093,0001,1141,1409300011141,688,2.8382192219076257
14,093,0001,1156,1409300011156,322,2.509202522331103
14,093,0001,1264,1409300011264,2251,3.3525683861793087
14,093,0001,1279,1409300011279,2540,3.4050046650503694
14,093,0001,1283,1409300011283,1998,3.300812794118117
14,093,0001,1298,1409300011298,2797,3.446847710155809
14,093,0001,1300,1409300011300,1926,3.284881714655453
14,093,0001,1315,1409300011315,1006,3.003029470553618
14,093,0001,132A,140930001132A,32,1.5185139398778875
14,093,0001,1334,1409300011334,1326,3.1228709228644354
14,093,0001,1349,1409300011349,1828,3.262213705476417
14,093,0001,1353,1409300011353,354,2.550228353055094
14,093,0001,1368,1409300011368,1934,3.28668096935493
14,093,0001,1438,1409300011438,1464,3.1658376246901283
14,093,0001,1442,1409300011442,354,2.550228353055094
14,093,0001,1457,1409300011457,149,2.1760912590556813
14,093,0001,1461,1409300011461,329,2.5185139398778875
14,093,0001,1480,1409300011480,151,2.1818435879447726
14,093,0001,1508,1409300011508,325,2.513217600067939
14,093,0001,1512,1409300011512,332,2.5224442335063197
14,093,0001,1565,1409300011565,743,2.8715729355458786
14,093,0001,157A,140930001157A,268,2.429752280002408
14,093,0058,0393,1409300580393,2587,3.4129642719966626
14,093,0058,050A,140930058050A,1867,3.2713768718940743
14,093,0058,0514,1409300580514,1599,3.2041199826559246
14,093,0058,0622,1409300580622,1435,3.1571544399062814
14,093,0058,0637,1409300580637,2092,3.3207692283386865
14,093,0058,068A,140930058068A,1421,3.1528995963937474
14,093,0058,0694,1409300580694,1787,3.2523675144598987
14,093,0058,0730,1409300580730,577,2.761927838420529
14,093,0058,0872,1409300580872,223,2.3502480183341627
14,093,0058,0887,1409300580887,303,2.482873583608754
14,093,0058,0938,1409300580938,85,1.9344984512435677
14,093,0058,0995,1409300580995,388,2.5899496013257077
14,093,0058,100A,140930058100A,458,2.661812685537261
14,093,0058,1086,1409300581086,76,1.8864907251724818
14,093,0058,1090,1409300581090,0,0.0
14,093,0058,1103,1409300581103,54,1.7403626894942439
14,093,0058,1160,1409300581160,3,0.6020599913279624
14,093,0058,1175,1409300581175,0,0.0
14,093,0058,118A,140930058118A,3,0.6020599913279624
14,093,0058,1194,1409300581194,504,2.7032913781186614
14,093,0058,1207,1409300581207,0,0.0
14,093,0058,1372,1409300581372,0,0.0
14,093,0058,1387,1409300581387,10,1.0413926851582251
14,093,0058,1391,1409300581391,22,1.3617278360175928
14,093,0058,1404,1409300581404,50,1.7075701760979363
14,093,0058,1495,1409300581495,59,1.7781512503836436
14,093,0058,1550,1409300581550,37,1.5797835966168101
14,093,0188,1014,1409301881014,527,2.722633922533812
14,093,0188,1029,1409301881029,1002,3.0013009330204183
14,093,0188,1033,1409301881033,903,2.9561684304753633
14,093,0188,1245,1409301881245,3,0.6020599913279624
14,093,0188,125A,140930188125A,0,0.0
14,093,0188,1584,1409301881584,277,2.444044795918076
14,093,0223,0482,1409302230482,464,2.667452952889954
14,093,0223,0497,1409302230497,227,2.357934847000454
14,093,0223,0603,1409302230603,1602,3.204933522354145
14,093,0223,0618,1409302230618,1769,3.247973266361807
14,093,0223,0891,1409302230891,5,0.7781512503836436
14,093,0223,1052,1409302231052,0,0.0
14,093,0223,1211,1409302231211,28,1.462397997898956
14,093,0223,1419,1409302231419,86,1.9395192526186185
14,093,0223,1423,1409302231423,450,2.6541765418779604
14,093,0223,1476,1409302231476,217,2.3384564936046046
14,093,0291,043A,140930291043A,1579,3.1986570869544226
14,093,0291,0533,1409302910533,136,2.1367205671564067
14,093,0291,0548,1409302910548,275,2.4409090820652177
14,093,0291,0660,1409302910660,1365,3.1354506993455136
14,093,0291,0675,1409302910675,1175,3.0704073217401198
14,093,0291,0726,1409302910726,356,2.552668216112193
14,093,0291,0904,1409302910904,148,2.173186268412274
14,093,0291,0919,1409302910919,40,1.6127838567197355
14,093,0291,1048,1409302911048,168,2.2278867046136734
14,093,0291,1230,1409302911230,16,1.2304489213782739
14,093,0291,1527,1409302911527,72,1.863322860120456
14,093,0291,1531,1409302911531,18,1.2787536009528289
14,093,0291,1546,1409302911546,93,1.9731278535996986
14,094,0001,0206,1409400010206,3485,3.5423273827739745
14,094,0001,023A,140940001023A,3335,3.523226041965701
14,094,0001,0259,1409400010259,1318,3.1202447955463652
14,094,0001,0263,1409400010263,2833,3.4523998459114416
14,094,0001,0278,1409400010278,3094,3.490660653356137
14,094,0001,0282,1409400010282,4248,3.6282867310895144
14,094,0001,0297,1409400010297,4360,3.6395860866734266
14,094,0001,030A,140940001030A,227,2.357934847000454
14,094,0001,0314,1409400010314,294,2.469822015978163
14,094,0001,0329,1409400010329,2317,3.3651134316275773
14,094,0001,0333,1409400010333,182,2.2624510897304293
14,094,0001,0348,1409400010348,1044,3.019116290447073
14,094,0001,0352,1409400010352,354,2.550228353055094
14,094,0001,0367,1409400010367,327,2.515873843711679
14,094,0001,0371,1409400010371,1214,3.084576277934331
14,094,0001,0386,1409400010386,41,1.6232492903979006
14,094,0001,0390,1409400010390,31,1.505149978319906
14,094,0001,0403,1409400010403,130,2.1172712956557644
14,094,0001,0418,1409400010418,21,1.3424226808222062
14,094,0001,0422,1409400010422,322,2.509202522331103
14,094,0001,0437,1409400010437,268,2.429752280002408
14,094,0001,0441,1409400010441,762,2.8825245379548803
14,094,0001,0456,1409400010456,230,2.3636119798921444
14,094,0001,0460,1409400010460,12,1.1139433523068367
14,094,0001,0475,1409400010475,17,1.255272505103306
14,094,0001,048A,140940001048A,116,2.0681858617461617
14,094,0001,0494,1409400010494,104,2.0211892990699383
14,094,0001,0530,1409400010530,5,0.7781512503836436
14,094,0001,0545,1409400010545,186,2.271841606536499
14,094,0001,055A,140940001055A,238,2.3783979009481375
14,094,0001,0564,1409400010564,0,0.0
14,094,0124,0507,1409401240507,987,2.9947569445876283
14,094,0124,0511,1409401240511,1025,3.0111473607757975
14,094,0124,0526,1409401240526,1159,3.0644579892269186
14,095,0001,0078,1409500010078,320,2.506505032404872
14,095,0001,0082,1409500010082,1070,3.029789470831856
14,095,0001,0097,1409500010097,543,2.73559889969818
14,095,0001,010A,140950001010A,1375,3.1386184338994925
14,095,0001,0114,1409500010114,526,2.7218106152125467
14,095,0001,0129,1409500010129,0,0.0
14,095,0001,0133,1409500010133,93,1.9731278535996986
14,095,0001,0148,1409500010148,4,0.6989700043360189
14,095,0001,0152,1409500010152,11,1.0791812460476249
14,095,0001,0167,1409500010167,8,0.9542425094393249
14,096,0001,0094,1409600010094,2715,3.433929765608464
14,096,0001,0107,1409600010107,1736,3.2397998184470986
14,096,0001,0111,1409600010111,2278,3.3577443251803754
14,096,0001,0126,1409600010126,921,2.9647309210536292
14,096,0001,0130,1409600010130,923,2.9656719712201065
14,096,0001,0145,1409600010145,191,2.2833012287035497
14,096,0001,015A,140960001015A,1393,3.144262773761991
14,096,0001,0198,1409600010198,41,1.6232492903979006
14,096,0001,0200,1409600010200,315,2.499687082618404
14,096,0001,0215,1409600010215,1787,3.2523675144598987
14,096,0001,022A,140960001022A,1150,3.0610753236297916
14,096,0001,0234,1409600010234,8,0.9542425094393249
14,096,0001,0249,1409600010249,114,2.060697840353612
14,096,0001,0253,1409600010253,51,1.7160033436347992
14,096,0001,0268,1409600010268,95,1.9822712330395684
14,096,0001,0272,1409600010272,888,2.9489017609702137
14,096,0001,0287,1409600010287,1676,3.2245330626060857
14,096,0001,0291,1409600010291,10,1.0413926851582251
14,096,0001,0323,1409600010323,32,1.5185139398778875
14,096,0014,0164,1409600140164,938,2.972665592266111
14,096,0014,0179,1409600140179,1136,3.0557604646877348
14,096,0014,0183,1409600140183,1033,3.0145205387579237
14,096,0014,0304,1409600140304,0,0.0
14,096,0014,0319,1409600140319,0,0.0
14,097,0001,0195,1409700010195,1950,3.2902572693945182
14,097,0001,0208,1409700010208,953,2.979548374704095
14,097,0001,0212,1409700010212,2295,3.3609718837259357
14,097,0001,0513,1409700010513,106,2.0293837776852097
14,097,0001,0528,1409700010528,1345,3.1290450598879582
14,097,0001,0532,1409700010532,2209,3.3443922736851106
14,097,0001,0566,1409700010566,1,0.3010299956639812
14,097,0001,0636,1409700010636,429,2.6334684555795866
14,097,0001,0918,1409700010918,3178,3.5022905279147727
14,097,0001,0922,1409700010922,3406,3.5323721335678773
14,097,0001,0937,1409700010937,3051,3.484584529282843
14,097,0001,0941,1409700010941,3656,3.5631249603380444
14,097,0001,1085,1409700011085,60,1.7853298350107671
14,097,0001,109A,140970001109A,204,2.311753861055754
14,097,0001,1102,1409700011102,545,2.7371926427047373
14,097,0001,1117,1409700011117,169,2.230448921378274
14,097,0001,1121,1409700011121,1,0.3010299956639812
14,097,0001,1136,1409700011136,152,2.184691430817599
14,097,0001,1371,1409700011371,142,2.155336037465062
14,097,0001,1386,1409700011386,88,1.9493900066449128
14,097,0001,2098,1409700012098,4226,3.626032247829019
14,097,0001,2100,1409700012100,3243,3.5110808455391185
14,097,0001,2115,1409700012115,7359,3.866877814337499
14,097,0001,212A,140970001212A,915,2.9618954736678504
14,097,0001,2134,1409700012134,2047,3.3113299523037933
14,097,0001,2331,1409700012331,615,2.7895807121644256
14,097,0001,2346,1409700012346,372,2.571708831808688
14,097,0001,2488,1409700012488,0,0.0
14,097,0001,3096,1409700013096,28,1.462397997898956
14,097,0001,3109,1409700013109,38,1.591064607026499
14,097,0001,3113,1409700013113,260,2.416640507338281
14,097,0001,3128,1409700013128,147,2.1702617153949575
14,097,0001,3132,1409700013132,913,2.960946195733831
14,097,0001,3626,1409700013626,0,0.0
14,097,0005,0335,1409700050335,2887,3.4605971888976015
14,097,0005,034A,140970005034A,2110,3.3244882333076564
14,097,0005,0640,1409700050640,0,0.0
14,097,0005,0655,1409700050655,253,2.404833716619938
14,097,0005,066A,140970005066A,27,1.4471580313422192
14,097,0005,1314,1409700051314,11,1.0791812460476249
14,097,0005,1329,1409700051329,47,1.6812412373755872
14,097,0005,2581,1409700052581,37,1.5797835966168101
14,097,0005,3147,1409700053147,2783,3.4446692309385245
14,097,0005,3151,1409700053151,1064,3.0273496077747564
14,097,0005,3166,1409700053166,3796,3.579440597139797
14,097,0005,3170,1409700053170,0,0.0
14,097,0005,3503,1409700053503,1782,3.2511513431753545
14,097,0005,3518,1409700053518,1961,3.29269900304393
14,097,0005,3575,1409700053575,896,2.952792443044092
14,097,0005,3768,1409700053768,164,2.2174839442139063
14,097,0009,2810,1409700092810,3599,3.5563025007672873
14,097,0009,2825,1409700092825,2063,3.314709692955174
14,097,0009,283A,140970009283A,2016,3.3047058982127653
14,097,0009,2844,1409700092844,2893,3.4614985267830187
14,097,0009,2859,1409700092859,1390,3.143327129992046
14,097,0009,2863,1409700092863,2962,3.471731651480051
14,097,0009,2878,1409700092878,1705,3.231979026831504
14,097,0009,2882,1409700092882,2210,3.344588742578714
14,097,0009,2897,1409700092897,1240,3.09377178149873
14,097,0015,0227,1409700150227,1487,3.17260293120986
14,097,0015,0674,1409700150674,584,2.7671558660821804
14,097,0015,0689,1409700150689,12,1.1139433523068367
14,097,0015,0693,1409700150693,17,1.255272505103306
14,097,0015,0706,1409700150706,21,1.3424226808222062
14,097,0015,0710,1409700150710,187,2.27415784926368
14,097,0015,0725,1409700150725,159,2.2041199826559246
14,097,0015,0956,1409700150956,2030,3.307709923404807
14,097,0015,0960,1409700150960,2617,3.417969642214737
14,097,0015,1333,1409700151333,55,1.7481880270062005
14,097,0015,1348,1409700151348,4,0.6989700043360189
14,097,0015,1723,1409700151723,26,1.4313637641589874
14,097,0015,1738,1409700151738,4,0.6989700043360189
14,097,0015,2064,1409700152064,827,2.9180303367848803
14,097,0015,2492,1409700152492,5,0.7781512503836436
14,097,0015,2539,1409700152539,54,1.7403626894942439
14,097,0015,3185,1409700153185,1,0.3010299956639812
14,097,0015,319A,140970015319A,12,1.1139433523068367
14,097,0020,1013,1409700201013,6159,3.7895807121644256
14,097,0021,3838,1409700213838,706,2.8494194137968996
14,097,0021,3842,1409700213842,1160,3.064832219738574
14,097,0021,3857,1409700213857,1372,3.137670537236755
14,097,0023,2755,1409700232755,1144,3.0588054866759067
14,097,0023,276A,140970023276A,2245,3.351409751925439
14,097,0023,3202,1409700233202,1373,3.137986732723532
14,097,0025,0299,1409700250299,3940,3.595606434865603
14,097,0025,0354,1409700250354,3205,3.505963518018126
14,097,0025,0369,1409700250369,4410,3.6445370577784075
14,097,0025,0458,1409700250458,629,2.7993405494535817
14,097,0025,0462,1409700250462,1774,3.249198357391113
14,097,0025,0477,1409700250477,3119,3.494154594018443
14,097,0025,073A,140970025073A,43,1.6434526764861874
14,097,0025,0759,1409700250759,30,1.4913616938342726
14,097,0025,0763,1409700250763,4446,3.648067129448935
14,097,0025,0778,1409700250778,133,2.1271047983648077
14,097,0025,0782,1409700250782,293,2.4683473304121573
14,097,0025,0797,1409700250797,1351,3.130976691605617
14,097,0025,080A,140970025080A,3241,3.510813010512496
14,097,0025,0814,1409700250814,2537,3.404491617758686
14,097,0025,0994,1409700250994,862,2.9360107957152097
14,097,0025,1193,1409700251193,18,1.2787536009528289
14,097,0025,1206,1409700251206,770,2.8870543780509568
14,097,0025,1210,1409700251210,729,2.863322860120456
14,097,0025,1225,1409700251225,40,1.6127838567197355
14,097,0025,1297,1409700251297,276,2.4424797690644486
14,097,0025,130A,140970025130A,965,2.9849771264154934
14,097,0025,1390,1409700251390,1285,3.109240968588203
14,097,0025,1403,1409700251403,209,2.322219294733919
14,097,0025,1418,1409700251418,970,2.9872192299080047
14,097,0025,1422,1409700251422,166,2.2227164711475833
14,097,0025,1456,1409700251456,2372,3.375297738217339
14,097,0025,1460,1409700251460,179,2.255272505103306
14,097,0025,1988,1409700251988,536,2.7299742856995555
14,097,0025,2191,1409700252191,106,2.0293837776852097
14,097,0025,2204,1409700252204,973,2.9885589568786157
14,097,0025,2223,1409700252223,2081,3.3184807251745174
14,097,0025,2295,1409700252295,185,2.2695129442179165
14,097,0025,2399,1409700252399,1321,3.1212314551496214
14,097,0025,2420,1409700252420,76,1.8864907251724818
14,097,0025,2543,1409700252543,472,2.6748611407378116
14,097,0025,2558,1409700252558,2,0.47712125471966244
14,097,0025,2562,1409700252562,134,2.130333768495006
14,097,0025,2609,1409700252609,908,2.9585638832219674
14,097,0025,3005,1409700253005,614,2.788875115775417
14,097,0025,301A,140970025301A,3,0.6020599913279624
14,097,0025,3024,1409700253024,11,1.0791812460476249
14,097,0025,3039,1409700253039,11,1.0791812460476249
14,097,0025,3560,1409700253560,1650,3.2177470732627937
14,097,0025,3787,1409700253787,1203,3.0806264869218056
14,097,0025,3791,1409700253791,283,2.4533183400470375
14,097,0025,3819,1409700253819,841,2.9253120914996495
14,097,0031,2774,1409700312774,1924,3.2844307338445193
14,097,0031,2789,1409700312789,1017,3.00774777800074
14,097,0031,3630,1409700313630,39,1.6020599913279623
14,097,0032,0053,1409700320053,5417,3.7338390006971496
14,097,0032,0180,1409700320180,3866,3.5873741720730656
14,097,0032,0265,1409700320265,2909,3.4638929889859074
14,097,0032,027A,140970032027A,1973,3.295347148333618
14,097,0032,0284,1409700320284,4148,3.617943434828973
14,097,0032,0481,1409700320481,54,1.7403626894942439
14,097,0032,0496,1409700320496,128,2.110589710299249
14,097,0032,0509,1409700320509,544,2.7363965022766426
14,097,0032,0829,1409700320829,2570,3.4101020766428607
14,097,0032,0833,1409700320833,134,2.130333768495006
14,097,0032,1140,1409700321140,395,2.597695185925512
14,097,0032,1155,1409700321155,111,2.0492180226701815
14,097,0032,116A,140970032116A,1707,3.232487866352986
14,097,0032,1174,1409700321174,141,2.1522883443830563
14,097,0032,1189,1409700321189,1887,3.27600198996205
14,097,0032,1437,1409700321437,2102,3.322839272686321
14,097,0032,1441,1409700321441,103,2.0170333392987803
14,097,0032,1831,1409700321831,348,2.5428254269591797
14,097,0032,1846,1409700321846,57,1.7634279935629373
14,097,0032,1850,1409700321850,31,1.505149978319906
14,097,0032,3217,1409700323217,145,2.164352855784437
14,097,0034,0250,1409700340250,4102,3.6131015169669127
14,097,0034,0373,1409700340373,2906,3.4634450317704277
14,097,0034,0388,1409700340388,2369,3.374748346010104
14,097,0034,0547,1409700340547,284,2.45484486000851
14,097,0034,0848,1409700340848,59,1.7781512503836436
14,097,0034,1352,1409700341352,267,2.428134794028789
14,097,0034,1367,1409700341367,27,1.4471580313422192
14,097,0034,2079,1409700342079,1940,3.2880255353883627
14,097,0034,2350,1409700342350,176,2.247973266361807
14,097,0034,2505,1409700342505,28,1.462397997898956
14,097,0034,3221,1409700343221,43,1.6434526764861874
14,097,0034,3236,1409700343236,7,0.9030899869919435
14,097,0034,3645,1409700343645,25,1.414973347970818
14,097,0035,0138,1409700350138,8676,3.9383695974518065
14,097,0035,0231,1409700350231,4077,3.6104472214421213
14,097,0035,0246,1409700350246,1363,3.13481437032046
14,097,0035,0551,1409700350551,2259,3.3541084391474008
14,097,0035,0867,1409700350867,440,2.6444385894678386
14,097,0035,2435,1409700352435,200,2.303196057420489
14,097,0035,3240,1409700353240,167,2.225309281725863
14,097,0035,3448,1409700353448,0,0.0
14,097,0035,3556,1409700353556,660,2.82020145948564
14,097,0035,3734,1409700353734,7181,3.8562454007900544
14,097,0035,3772,1409700353772,5746,3.7594411971336976
14,097,0035,3823,1409700353823,80,1.9084850188786497
14,097,0038,1795,1409700381795,1255,3.0989896394011773
14,097,0038,1808,1409700381808,1517,3.1812717715594614
14,097,0038,1812,1409700381812,91,1.9637878273455553
14,097,0038,1827,1409700381827,172,2.2380461031287955
14,097,0038,2242,1409700382242,1332,3.1248301494138593
14,097,0038,2257,1409700382257,146,2.167317334748176
14,097,0038,2261,1409700382261,0,0.0
14,097,0038,2384,1409700382384,450,2.6541765418779604
14,097,0038,2524,1409700382524,257,2.41161970596323
14,097,0038,3255,1409700383255,852,2.930949031167523
14,097,0041,1009,1409700411009,781,2.893206753059848
14,097,0041,1259,1409700411259,3031,3.481729196960016
14,097,0041,1263,1409700411263,3411,3.5330090224954853
14,097,0041,2149,1409700412149,77,1.8920946026904804
14,097,0041,326A,140970041326A,10,1.0413926851582251
14,097,0041,3274,1409700413274,39,1.6020599913279623
14,097,0041,3289,1409700413289,35,1.5563025007672873
14,097,0041,3293,1409700413293,5,0.7781512503836436
14,097,0041,3306,1409700413306,24,1.3979400086720377
14,097,0041,3310,1409700413310,55,1.7481880270062005
14,097,0041,3325,1409700413325,54,1.7403626894942439
14,097,0041,333A,140970041333A,7,0.9030899869919435
14,097,0041,3344,1409700413344,0,0.0
14,097,0043,2613,1409700432613,1394,3.144574207609616
14,097,0043,2628,1409700432628,1385,3.141763230275788
14,097,0046,3861,1409700463861,3310,3.5199591807520685
14,097,0046,3876,1409700463876,2124,3.3273589343863303
14,097,0093,1028,1409700931028,1642,3.215637563435062
14,097,0115,0871,1409701150871,927,2.967547976218862
14,097,0115,0886,1409701150886,1528,3.1844074854123203
14,097,0115,0890,1409701150890,2555,3.4075608494863627
14,097,0115,1278,1409701151278,252,2.403120521175818
14,097,0115,1511,1409701151511,1429,3.155336037465062
14,097,0115,1992,1409701151992,2509,3.399673721481038
14,097,0115,2007,1409701152007,10,1.0413926851582251
14,097,0115,2596,1409701152596,1790,3.2530955858490316
14,097,0115,3359,1409701153359,0,0.0
14,097,0115,3363,1409701153363,5,0.7781512503836436
14,097,0115,3429,1409701153429,359,2.5563025007672873
14,097,0115,3433,1409701153433,30,1.4913616938342726
14,097,0180,0301,1409701800301,2584,3.412460547429961
14,097,0180,1047,1409701801047,113,2.0569048513364727
14,097,0180,123A,140970180123A,1415,3.15106325335375
14,097,0180,1244,1409701801244,2032,3.3081373786380386
14,097,0180,2577,1409701802577,315,2.499687082618404
14,097,0424,0443,1409704240443,186,2.271841606536499
14,097,0424,0570,1409704240570,1177,3.0711452904510828
14,097,0424,0975,1409704240975,2346,3.3705130895985924
14,097,0424,098A,140970424098A,4353,3.6388884247050757
14,097,0424,1761,1409704241761,6169,3.7902851640332416
14,097,0424,1776,1409704241776,1945,3.289142835932333
14,097,0439,3880,1409704393880,847,2.9283958522567137
14,097,0439,3895,1409704393895,1807,3.2571984261393445
14,097,0560,1032,1409705601032,2866,3.4574276929464847
14,097,0560,1282,1409705601282,17,1.255272505103306
14,097,0560,1719,1409705601719,458,2.661812685537261
14,097,0560,3467,1409705603467,1227,3.089198366805149
14,097,0560,3683,1409705603683,563,2.751279103983342
14,097,0613,3927,1409706133927,3788,3.578524605274993
14,097,0613,3931,1409706133931,3896,3.5907304057926903
14,097,0613,3946,1409706133946,3498,3.5439439424829065
14,097,0666,3950,1409706663950,2672,3.426998958756537
14,097,0777,1780,1409707771780,4522,3.6554265877459184
14,097,0777,2365,1409707772365,5277,3.7224693858840308
14,097,0777,237A,140970777237A,0,0.0
14,097,0777,244A,140970777244A,1084,3.0354297381845483
14,097,0822,1526,1409708221526,5561,3.7452309845281406
14,097,0822,1530,1409708221530,12802,4.107311745490674
14,097,0822,1545,1409708221545,5032,3.7018269303971394
14,097,0822,155A,140970822155A,3676,3.5654936298688624
14,097,0822,1564,1409708221564,6001,3.7782959910888336
14,097,0822,1579,1409708221579,3884,3.5893910231369333
14,097,0822,1583,1409708221583,5124,3.7096938697277917
14,097,0822,1598,1409708221598,4906,3.6908160579809155
14,097,0822,1600,1409708221600,3127,3.4952667443878105
14,097,0822,1615,1409708221615,2385,3.377670439334323
14,097,0822,1899,1409708221899,2346,3.3705130895985924
14,097,0822,1901,1409708221901,1907,3.2805783703680764
14,097,0822,1916,1409708221916,3696,3.5678494505731067
14,097,0822,1920,1409708221920,3386,3.5298151966446305
14,097,0822,1935,1409708221935,3817,3.581835924057648
14,097,0822,194A,140970822194A,3911,3.592398846115564
14,097,0822,1954,1409708221954,3621,3.5589484459780394
14,097,0822,1969,1409708221969,4456,3.6490426340861766
14,097,0822,1973,1409708221973,3639,3.561101383649056
14,097,0822,2153,1409708222153,881,2.94546858513182
14,097,0822,2168,1409708222168,4183,3.621591675859218
14,097,0822,2172,1409708222172,4003,3.602494068807281
14,097,0822,2219,1409708222219,3099,3.4913616938342726
14,097,0822,2469,1409708222469,7728,3.8881233072979087
14,097,0822,251A,140970822251A,156,2.1958996524092336
14,097,0822,3043,1409708223043,3216,3.50745106090197
14,097,0822,3058,1409708223058,5933,3.773347541980823
14,097,0822,3062,1409708223062,1917,3.282848602834645
14,097,0822,3077,1409708223077,4356,3.639187559935754
14,097,0822,3081,1409708223081,1594,3.2027606873931997
14,097,0822,3452,1409708223452,141,2.1522883443830563
14,097,0822,3471,1409708223471,2516,3.4008832155483626
14,097,0822,3486,1409708223486,667,2.824776462475546
14,097,0822,3490,1409708223490,1283,3.1085650237328344
14,097,0822,358A,140970822358A,1329,3.123851640967086
14,097,0822,3698,1409708223698,1467,3.166726055580052
14,097,0822,3700,1409708223700,3308,3.519696767159853
14,097,0822,3715,1409708223715,1736,3.2397998184470986
14,097,0822,372A,140970822372A,2164,3.3354579006893843
14,097,0822,3749,1409708223749,4220,3.625415352154408
14,097,0823,4003,1409708234003,2368,3.374565060722765
14,097,0823,4041,1409708234041,2700,3.431524584187451
14,097,0823,422A,140970823422A,1719,3.2355284469075487
14,097,0827,4130,1409708274130,2891,3.461198288622493
14,097,0831,1634,1409708311634,4006,3.6028193424326997
14,097,0831,1649,1409708311649,1617,3.2089785172762535
14,097,0831,1653,1409708311653,4111,3.614053105987219
14,097,0831,2011,1409708312011,2199,3.342422680822206
14,097,0831,2026,1409708312026,2426,3.385069776331935
14,097,0831,2030,1409708312030,0,0.0
14,097,0831,2045,1409708312045,1336,3.1261314072619846
14,097,0831,205A,140970831205A,1291,3.1112625136590655
14,097,0831,2187,1409708312187,0,0.0
14,097,0831,2971,1409708312971,878,2.9439888750737717
14,097,0831,2986,1409708312986,7,0.9030899869919435
14,097,0831,2990,1409708312990,2594,3.414137362184477
14,097,0833,1475,1409708331475,1644,3.216165902285993
14,097,0833,148A,140970833148A,1937,3.2873537727147464
14,097,0833,1494,1409708331494,2014,3.3042750504771283
14,097,0833,1507,1409708331507,1681,3.2258259914618934
14,097,0833,162A,140970833162A,2035,3.3087777736647213
14,097,0833,1865,1409708331865,3607,3.557266528869904
14,097,0833,2276,1409708332276,2418,3.3836358683618797
14,097,0833,2280,1409708332280,506,2.705007959333336
14,097,0833,2454,1409708332454,1710,3.2332500095411003
14,097,0833,2933,1409708332933,5755,3.7601207852645677
14,097,0833,2948,1409708332948,0,0.0
14,097,0833,3537,1409708333537,340,2.5327543789924976
14,097,0833,3594,1409708333594,1164,3.0663259253620376
14,097,0833,3607,1409708333607,2053,3.3126004392612596
14,097,0833,3753,1409708333753,1412,3.1501421618485588
14,097,0835,2721,1409708352721,2546,3.406028944963615
14,097,0835,2736,1409708352736,3035,3.4823017672234426
14,097,0835,2740,1409708352740,1791,3.2533380053261065
14,097,0835,3378,1409708353378,2946,3.469380135849925
14,097,0835,3522,1409708353522,538,2.7315887651867388
14,097,0835,365A,140970835365A,902,2.9556877503135057
14,097,0836,2793,1409708362793,2810,3.4488608456074408
14,097,0836,2806,1409708362806,4856,3.6863681034730362
14,097,0836,3382,1409708363382,936,2.971739590887778
14,097,0837,4198,1409708374198,2357,3.3725438007590705
14,097,0837,4200,1409708374200,2240,3.350441856535061
14,097,0843,2632,1409708432632,3314,3.520483532740792
14,097,0843,2647,1409708432647,3684,3.56643749219507
14,097,0843,2651,1409708432651,4195,3.62283547952152
14,097,0843,2666,1409708432666,4498,3.653115993165567
14,097,0843,2670,1409708432670,6311,3.800166990201364
14,097,0843,2685,1409708432685,2357,3.3725438007590705
14,097,0843,269A,140970843269A,3696,3.5678494505731067
14,097,0843,2702,1409708432702,1961,3.29269900304393
14,097,0843,2717,1409708432717,2775,3.4434194617828173
14,097,0843,2952,1409708432952,4094,3.6122539060964374
14,097,0843,2967,1409708432967,261,2.4183012913197452
14,097,0844,0744,1409708440744,137,2.1398790864012365
14,097,0844,1687,1409708441687,4047,3.6072405038317426
14,097,0844,1691,1409708441691,2777,3.4437322414015967
14,097,0844,1704,1409708441704,4797,3.6810602436318116
14,097,0844,3397,1409708443397,15,1.2041199826559248
14,097,0844,3611,1409708443611,0,0.0
14,097,0844,3804,1409708443804,2843,3.4539295920577286
14,097,0852,415A,140970852415A,230,2.3636119798921444
14,097,0852,4164,1409708524164,488,2.6893088591236203
14,097,0852,4179,1409708524179,1704,3.2317243833285163
14,097,0852,4183,1409708524183,1112,3.0464951643347082
14,097,0853,1668,1409708531668,3036,3.4824447919182653
14,097,0853,1672,1409708531672,3610,3.5576274884268266
14,097,0853,187A,140970853187A,936,2.971739590887778
14,097,0853,1884,1409708531884,619,2.792391689498254
14,097,0853,2083,1409708532083,99,2.0
14,097,0853,2238,1409708532238,4737,3.6755950563867463
14,097,0861,4075,1409708614075,3026,3.481012420956573
14,097,0862,290A,140970862290A,3553,3.550717423469283
14,097,0862,2914,1409708622914,2600,3.4151403521958725
14,097,0862,2929,1409708622929,2998,3.476976465759527
14,097,0862,340A,140970862340A,3032,3.4818724103106633
14,097,0862,3414,1409708623414,4980,3.697316541732383
14,097,0863,4111,1409708634111,2633,3.420615770625765
14,097,0863,4126,1409708634126,3001,3.4774106879072515
14,097,0863,4145,1409708634145,1135,3.055378331375
14,097,0870,408A,140970870408A,2522,3.4019172505175748
14,097,0871,4056,1409708714056,4519,3.655138434811382
14,097,0871,4060,1409708714060,4010,3.6032526619816467
14,097,0874,3999,1409708743999,4907,3.6909045540549665
14,097,0874,4018,1409708744018,8687,3.9389198122447717
14,097,0874,4022,1409708744022,5218,3.7175872968554606
14,097,0874,4037,1409708744037,4923,3.6923180442592787
14,097,0882,3984,1409708823984,2384,3.3774883833761327
14,097,0882,4215,1409708824215,2000,3.3012470886362113
14,097,0884,3965,1409708843965,5870,3.7687120803776635
14,097,0884,397A,140970884397A,3139,3.496929648073215
14,097,0903,3908,1409709033908,1149,3.060697840353612
14,097,0903,3912,1409709033912,2482,3.394976719554564
14,098,0001,0031,1409800010031,1907,3.2805783703680764
14,098,0001,0046,1409800010046,6418,3.807467375684278
14,098,0001,0050,1409800010050,4143,3.6174197467371765
14,098,0001,007A,140980001007A,3215,3.5073160400764136
14,098,0001,0084,1409800010084,3607,3.557266528869904
14,098,0001,0101,1409800010101,5623,3.7500453120117676
14,098,0001,0116,1409800010116,2668,3.4263485737875077
14,098,0001,0120,1409800010120,7377,3.8679386508907845
14,098,0001,0262,1409800010262,4882,3.6886867242841235
14,098,0001,0281,1409800010281,2209,3.3443922736851106
14,098,0001,0296,1409800010296,3102,3.491781775584166
14,098,0001,0347,1409800010347,2180,3.3386556655787003
14,098,0001,0351,1409800010351,2359,3.3729120029701067
14,098,0001,0370,1409800010370,5858,3.767823498007517
14,098,0001,0385,1409800010385,6325,3.801129187579704
14,098,0001,0474,1409800010474,5452,3.7366354976868212
14,098,0001,0506,1409800010506,4972,3.696618459232225
14,098,0001,0525,1409800010525,4780,3.6795187436957892
14,098,0001,053A,140980001053A,3592,3.5554572172046495
14,098,0001,0597,1409800010597,8295,3.9188687433809846
14,098,0001,0671,1409800010671,9082,3.958229314188382
14,098,0001,0690,1409800010690,5013,3.7001843296221977
14,098,0001,0718,1409800010718,4399,3.6434526764861874
14,098,0001,0775,1409800010775,3527,3.547528576459782
14,098,0001,0794,1409800010794,4668,3.6692238739308056
14,098,0001,0807,1409800010807,5347,3.7281913985899466
14,098,0001,085A,140980001085A,5041,3.7026028413404273
14,098,0001,0879,1409800010879,5,0.7781512503836436
14,098,0001,0953,1409800010953,7942,3.899984562549391
14,098,0001,0968,1409800010968,9108,3.959470702075107
14,098,0001,0972,1409800010972,2459,3.3909351071033793
14,098,0001,0987,1409800010987,5383,3.7311050512159203
14,098,0001,0991,1409800010991,1349,3.130333768495006
14,098,0001,103A,140980001103A,4634,3.666049738480516
14,098,0001,1044,1409800011044,5696,3.75564621945668
14,098,0001,1059,1409800011059,3354,3.525692524505011
14,098,0001,1063,1409800011063,4496,3.652922887567942
14,098,0001,1078,1409800011078,4885,3.688953462637418
14,098,0001,1082,1409800011082,5436,3.735359333001711
14,098,0001,1097,1409800011097,6042,3.7812525942484565
14,098,0001,110A,140980001110A,4582,3.6611498572447867
14,098,0001,1152,1409800011152,5590,3.747489492258673
14,098,0001,1167,1409800011167,3473,3.54082981411108
14,098,0001,1171,1409800011171,3880,3.588943642740015
14,098,0001,1186,1409800011186,2773,3.443106456737266
14,098,0001,1190,1409800011190,5754,3.760045327965811
14,098,0001,1203,1409800011203,4500,3.653309012938479
14,098,0001,1218,1409800011218,5166,3.7132384615456617
14,098,0001,1222,1409800011222,5625,3.750199727829182
14,098,0001,1237,1409800011237,4965,3.6960067152185454
14,098,0001,1241,1409800011241,2289,3.359835482339888
14,098,0001,1256,1409800011256,1055,3.0236639181977933
14,098,0001,1260,1409800011260,2173,3.3372595397502756
14,098,0001,1294,1409800011294,3231,3.5094713521025485
14,098,0001,1330,1409800011330,2330,3.3675422735205767
14,098,0001,1345,1409800011345,3224,3.5085297189712867
14,098,0001,135A,140980001135A,7229,3.859138297294531
14,098,0001,1364,1409800011364,3422,3.534406899137877
14,098,0001,1379,1409800011379,5648,3.751971574736327
14,098,0001,1383,1409800011383,3466,3.5399538416563967
14,098,0001,1398,1409800011398,3901,3.591287265058499
14,098,0001,142A,140980001142A,1587,3.2008504980910772
14,098,0001,1434,1409800011434,1685,3.2268575702887237
14,098,0001,1449,1409800011449,4273,3.630834517828051
14,098,0001,1453,1409800011453,2744,3.4385423487861106
14,098,0001,1468,1409800011468,4073,3.610021024664145
14,098,0001,1491,1409800011491,2491,3.396548037987132
14,098,0001,1504,1409800011504,2451,3.3895204658463776
14,098,0001,1519,1409800011519,4658,3.668292710448221
14,098,0001,1538,1409800011538,5197,3.715836275164994
14,098,0001,1542,1409800011542,2526,3.4026052419199146
14,098,0001,1576,1409800011576,4298,3.633367445117007
14,098,0001,1595,1409800011595,2693,3.4303975913869666
14,098,0001,1608,1409800011608,2140,3.3306166672944384
14,098,0001,1631,1409800011631,2896,3.461948495203762
14,098,0001,1646,1409800011646,3259,3.513217600067939
14,098,0001,1650,1409800011650,492,2.69284691927723
14,098,0001,1665,1409800011665,677,2.8312296938670634
14,098,0001,167A,140980001167A,20,1.3222192947339193
14,098,0001,1684,1409800011684,1082,3.0346284566253203
14,098,0001,1699,1409800011699,1291,3.1112625136590655
14,098,0001,1716,1409800011716,908,2.9585638832219674
14,098,0001,1720,1409800011720,101,2.0086001717619175
14,098,0001,1735,1409800011735,4784,3.6798819421128623
14,098,0001,1769,1409800011769,4091,3.6119356250401227
14,098,0001,1773,1409800011773,1720,3.2357808703275603
14,098,0001,1788,1409800011788,100,2.0043213737826426
14,098,0001,1792,1409800011792,68,1.8388490907372552
14,098,0001,1805,1409800011805,457,2.660865478003869
14,098,0001,181A,140980001181A,527,2.722633922533812
14,098,0001,1824,1409800011824,808,2.9079485216122722
14,098,0001,1839,1409800011839,4538,3.656960182742849
14,098,0001,1843,1409800011843,3451,3.538070787043172
14,098,0001,1858,1409800011858,56,1.7558748556724915
14,098,0001,1862,1409800011862,1854,3.268343913951065
14,098,0001,1877,1409800011877,1410,3.149527013754348
14,098,0001,1909,1409800011909,4614,3.6641717053619307
14,098,0001,1913,1409800011913,2561,3.4085791254086675
14,098,0001,1928,1409800011928,428,2.6324572921847245
14,098,0001,1951,1409800011951,4934,3.6932871570056554
14,098,0001,1966,1409800011966,6599,3.8195439355418688
14,098,0001,1970,1409800011970,4835,3.6844862921887342
14,098,0001,1985,1409800011985,22,1.3617278360175928
14,098,0001,2004,1409800012004,749,2.8750612633917
14,098,0001,2042,1409800012042,562,2.7505083948513462
14,098,0001,2061,1409800012061,715,2.8549130223078554
14,098,0001,2076,1409800012076,59,1.7781512503836436
14,098,0001,2095,1409800012095,2,0.47712125471966244
14,098,0001,2108,1409800012108,1796,3.2545480771089736
14,098,0001,2112,1409800012112,1642,3.215637563435062
14,098,0001,2131,1409800012131,6540,3.8156441491319653
14,098,0001,2150,1409800012150,4491,3.6524397475894204
14,098,0001,2165,1409800012165,2846,3.454387467146955
14,098,0001,217A,140980001217A,2753,3.439963935920905
14,098,0001,2199,1409800012199,3126,3.4951278812429334
14,098,0001,2201,1409800012201,4406,3.644143050509919
14,098,0001,2216,1409800012216,5087,3.7065471026403576
14,098,0001,2220,1409800012220,3373,3.5281450782531065
14,098,0001,2235,1409800012235,2816,3.4497868469857735
14,098,0001,224A,140980001224A,2320,3.3656751404559175
14,098,0001,2254,1409800012254,3094,3.490660653356137
14,098,0001,2269,1409800012269,2714,3.433769833924866
14,098,0001,2273,1409800012273,6364,3.803798407989674
14,098,0001,2292,1409800012292,5151,3.711975854351756
14,098,0001,2343,1409800012343,4266,3.630122642859312
14,098,0001,2358,1409800012358,6027,3.780173243642594
14,098,0001,2362,1409800012362,8837,3.9463539972262747
14,098,0001,2377,1409800012377,11412,4.057399817266062
14,098,0001,2381,1409800012381,1674,3.224014811372864
14,098,0001,2413,1409800012413,2892,3.461348433647983
14,098,0001,2428,1409800012428,3688,3.5669086552268032
14,098,0001,2432,1409800012432,4933,3.6931991451537174
14,098,0001,2447,1409800012447,2500,3.3981136917305026
14,098,0001,2451,1409800012451,2321,3.365862215402555
14,098,0001,2466,1409800012466,6154,3.789228057267335
14,098,0001,2470,1409800012470,2123,3.3271545124094315
14,098,0001,2485,1409800012485,2324,3.3664229572259727
14,098,0001,249A,140980001249A,3050,3.484442207642407
14,098,0001,2502,1409800012502,855,2.932473764677153
14,098,0001,2517,1409800012517,1958,3.2920344359947364
14,098,0001,2521,1409800012521,12,1.1139433523068367
14,098,0001,2536,1409800012536,383,2.584331224367531
14,098,0001,2540,1409800012540,42,1.6334684555795864
14,098,0001,2555,1409800012555,6843,3.835310000869063
14,098,0001,256A,140980001256A,2982,3.474653253362063
14,098,0001,2574,1409800012574,10673,4.028327198467569
14,098,0001,2589,1409800012589,3927,3.594171479114912
14,098,0001,2606,1409800012606,3379,3.5289167002776547
14,098,0001,2610,1409800012610,3048,3.484157424365381
14,098,0001,2625,1409800012625,3803,3.5802405082653763
14,098,0001,263A,140980001263A,2297,3.3613500243522663
14,098,0001,2644,1409800012644,1338,3.126780577012009
14,098,0001,2659,1409800012659,3802,3.5801263254115825
14,098,0001,2663,1409800012663,1782,3.2511513431753545
14,098,0001,2697,1409800012697,2939,3.4683473304121573
14,098,0001,270A,140980001270A,3577,3.553640336231354
14,098,0001,2714,1409800012714,10208,4.008983203815472
14,098,0001,2729,1409800012729,2667,3.426185825244511
14,098,0001,2733,1409800012733,5093,3.707058940627596
14,098,0001,2748,1409800012748,504,2.7032913781186614
14,098,0001,2752,1409800012752,1770,3.248218561190075
14,098,0001,2767,1409800012767,1979,3.296665190261531
14,098,0001,2771,1409800012771,3777,3.577261953585815
14,098,0001,2786,1409800012786,2832,3.452246574520437
14,098,0001,2790,1409800012790,3271,3.514813294999285
14,098,0001,2803,1409800012803,3008,3.4784221877400805
14,098,0001,2818,1409800012818,4563,3.659345635746177
14,098,0001,2822,1409800012822,2394,3.379305517750582
14,098,0001,2837,1409800012837,2606,3.416141031168329
14,098,0001,2841,1409800012841,2698,3.431202884556517
14,098,0001,2856,1409800012856,4573,3.66029616027073
14,098,0001,2860,1409800012860,2363,3.3736474722092176
14,098,0001,2894,1409800012894,1131,3.0538464268522527
14,098,0001,2907,1409800012907,11,1.0791812460476249
14,098,0001,2911,1409800012911,3467,3.540079088804173
14,098,0001,2926,1409800012926,275,2.4409090820652177
14,098,0001,2930,1409800012930,1055,3.0236639181977933
14,098,0001,2964,1409800012964,633,2.802089257881733
14,098,0001,2979,1409800012979,158,2.2013971243204513
14,098,0001,2983,1409800012983,1137,3.056142262059052
14,098,0001,2998,1409800012998,772,2.888179493918325
14,098,0001,3002,1409800013002,577,2.761927838420529
14,098,0001,3036,1409800013036,163,2.214843848047698
14,098,0001,3040,1409800013040,2407,3.381656482585787
14,098,0001,3055,1409800013055,1349,3.130333768495006
14,098,0001,306A,140980001306A,336,2.5276299008713385
14,098,0001,3074,1409800013074,1562,3.193958978019187
14,098,0001,3089,1409800013089,28,1.462397997898956
14,098,0001,3093,1409800013093,86,1.9395192526186185
14,098,0001,3106,1409800013106,16,1.2304489213782739
14,098,0001,3110,1409800013110,7,0.9030899869919435
14,098,0001,3125,1409800013125,134,2.130333768495006
14,098,0001,313A,140980001313A,422,2.6263403673750423
14,098,0001,3144,1409800013144,4,0.6989700043360189
14,098,0001,3163,1409800013163,2497,3.3975924340381165
14,098,0001,3182,1409800013182,6059,3.782472624166286
14,098,0001,3197,1409800013197,176,2.247973266361807
14,098,0001,320A,140980001320A,6267,3.7971289877965524
14,098,0001,3214,1409800013214,5792,3.762903528499057
14,098,0001,3252,1409800013252,219,2.342422680822206
14,098,0001,3267,1409800013267,987,2.9947569445876283
14,098,0001,3271,1409800013271,982,2.9925535178321354
14,098,0001,3286,1409800013286,1541,3.188084373714938
14,098,0001,3290,1409800013290,384,2.5854607295085006
14,098,0001,3303,1409800013303,297,2.4742162640762553
14,098,0001,3318,1409800013318,242,2.385606273598312
14,098,0001,3322,1409800013322,1587,3.2008504980910772
14,098,0001,3337,1409800013337,1102,3.0425755124401905
14,098,0001,3341,1409800013341,1595,3.2030328870147105
14,098,0001,3356,1409800013356,14,1.1760912590556813
14,098,0001,3360,1409800013360,0,0.0
14,098,0001,3375,1409800013375,1391,3.1436392352745433
14,098,0001,338A,140980001338A,1028,3.012415374762433
14,098,0001,3394,1409800013394,793,2.8998205024270964
14,098,0001,3411,1409800013411,182,2.2624510897304293
14,098,0014,0027,1409800140027,3214,3.5071809772602407
14,098,0014,1114,1409800141114,3218,3.5077209766856137
14,098,0014,1129,1409800141129,5386,3.731346975545955
14,098,0014,2019,1409800142019,1362,3.1344958558346736
14,098,0014,2023,1409800142023,2448,3.388988785124714
14,098,0014,2038,1409800142038,219,2.342422680822206
14,098,0014,2127,1409800142127,1834,3.263636068588108
14,098,0014,2945,1409800142945,462,2.6655809910179533
14,098,0014,295A,140980014295A,2681,3.42845877351558
14,098,0014,3017,1409800143017,634,2.8027737252919755
14,098,0014,3021,1409800143021,54,1.7403626894942439
14,098,0014,3159,1409800143159,117,2.0718820073061255
14,098,0014,3178,1409800143178,1350,3.130655349022031
14,098,0014,3229,1409800143229,250,2.399673721481038
14,098,0014,3233,1409800143233,25,1.414973347970818
14,098,0014,3248,1409800143248,91,1.9637878273455553
14,098,0014,3407,1409800143407,186,2.271841606536499
14,098,0128,2875,1409801282875,3193,3.5043349118024643
14,098,0128,288A,140980128288A,2058,3.3136563466180315
14,099,0001,0113,1409900010113,842,2.9258275746247424
14,099,0001,0128,1409900010128,586,2.7686381012476144
14,099,0001,0132,1409900010132,19,1.3010299956639813
14,099,0001,0147,1409900010147,4,0.6989700043360189
14,099,0006,0081,1409900060081,3238,3.510410948010177
14,100,0001,0351,1410000010351,1872,3.2725377773752373
14,100,0001,0370,1410000010370,1155,3.0629578340845103
14,100,0001,0385,1410000010385,1617,3.2089785172762535
14,100,0001,039A,141000001039A,1356,3.132579847659737
14,100,0001,0402,1410000010402,143,2.1583624920952498
14,100,0001,046A,141000001046A,29,1.4771212547196624
14,100,0001,0474,1410000010474,0,0.0
14,100,0001,0489,1410000010489,97,1.9912260756924949
14,100,0001,0493,1410000010493,1084,3.0354297381845483
14,100,0001,0506,1410000010506,1338,3.126780577012009
14,100,0001,0510,1410000010510,921,2.9647309210536292
14,100,0001,0544,1410000010544,52,1.724275869600789
14,100,0001,0563,1410000010563,13,1.146128035678238
14,100,0001,0578,1410000010578,113,2.0569048513364727
14,100,0001,0648,1410000010648,4,0.6989700043360189
14,100,0001,0652,1410000010652,48,1.6901960800285136
14,100,0023,0582,1410000230582,930,2.9689496809813427
14,100,0023,0597,1410000230597,1136,3.0557604646877348
14,100,0023,060A,141000023060A,1087,3.036628895362161
14,100,0065,0421,1410000650421,712,2.8530895298518657
14,100,0065,0436,1410000650436,630,2.8000293592441343
14,100,0065,0440,1410000650440,1109,3.0453229787866576
14,100,0065,0455,1410000650455,734,2.8662873390841948
14,100,0065,0525,1410000650525,10,1.0413926851582251
14,100,0065,053A,141000065053A,2,0.47712125471966244
14,100,0065,0559,1410000650559,3,0.6020599913279624
14,100,0189,0614,1410001890614,767,2.885361220031512
14,100,0189,0629,1410001890629,956,2.9809119377768436
14,100,0189,0633,1410001890633,1339,3.1271047983648077
14,100,0189,0667,1410001890667,43,1.6434526764861874
14,100,0189,0671,1410001890671,55,1.7481880270062005
14,101,0001,0147,1410100010147,6460,3.810299741040169
14,101,0001,0151,1410100010151,3288,3.5170638734826545
14,101,0001,019A,141010001019A,4667,3.6691308473733324
14,101,0001,0202,1410100010202,6481,3.811709026696191
14,101,0001,0310,1410100010310,5473,3.738304793074105
14,101,0001,0363,1410100010363,6864,3.836640541572774
14,101,0001,0378,1410100010378,4896,3.689930104018218
14,101,0001,0382,1410100010382,3829,3.583198773968623
14,101,0001,0397,1410100010397,5383,3.7311050512159203
14,101,0001,040A,141010001040A,2761,3.4412236742426123
14,101,0001,0433,1410100010433,6985,3.844228581301628
14,101,0001,0448,1410100010448,2340,3.3694014136966244
14,101,0001,0452,1410100010452,4410,3.6445370577784075
14,101,0001,0471,1410100010471,7761,3.8899736384039962
14,101,0001,0486,1410100010486,3541,3.549248556854056
14,101,0001,0490,1410100010490,2951,3.470116353151004
14,101,0001,0503,1410100010503,3143,3.4974825373673704
14,101,0001,0518,1410100010518,2418,3.3836358683618797
14,101,0001,0522,1410100010522,3217,3.5075860397630105
14,101,0001,0537,1410100010537,2884,3.46014581749175
14,101,0001,0541,1410100010541,3752,3.5743785644130823
14,101,0001,0556,1410100010556,2174,3.337459261290656
14,101,0001,0575,1410100010575,4671,3.669502834104343
14,101,0001,0594,1410100010594,5786,3.762453482363547
14,101,0001,0607,1410100010607,2114,3.325310371711061
14,101,0001,0611,1410100010611,2580,3.411788004543869
14,101,0001,0626,1410100010626,3040,3.483016420144132
14,101,0001,0630,1410100010630,2351,3.371437317404101
14,101,0001,0645,1410100010645,2160,3.3346547668832414
14,101,0001,065A,141010001065A,4590,3.661907292766021
14,101,0001,0679,1410100010679,9075,3.9578944872128985
14,101,0001,0700,1410100010700,3634,3.5605044151950564
14,101,0001,0715,1410100010715,4443,3.64777405026883
14,101,0001,072A,141010001072A,4234,3.6268534146667255
14,101,0001,0734,1410100010734,3003,3.4776999283321306
14,101,0001,0749,1410100010749,4806,3.681874122128647
14,101,0001,0753,1410100010753,4849,3.6857417386022635
14,101,0001,0768,1410100010768,4908,3.6909930320998696
14,101,0001,0772,1410100010772,5343,3.727866449467489
14,101,0001,0787,1410100010787,5882,3.7695988483874463
14,101,0001,0791,1410100010791,5486,3.7393349601960795
14,101,0001,0819,1410100010819,2451,3.3895204658463776
14,101,0001,0823,1410100010823,2948,3.469674772551798
14,101,0001,0842,1410100010842,2348,3.370883016777606
14,101,0001,0857,1410100010857,2176,3.3378584290410944
14,101,0001,0861,1410100010861,5456,3.736953953783146
14,101,0001,0880,1410100010880,2000,3.3012470886362113
14,101,0001,0895,1410100010895,2789,3.4456042032735974
14,101,0001,0912,1410100010912,5976,3.7764832558336816
14,101,0001,0927,1410100010927,3969,3.598790506763115
14,101,0001,0931,1410100010931,3877,3.5886078047426864
14,101,0001,0946,1410100010946,6466,3.8107028609471167
14,101,0001,0950,1410100010950,4244,3.6278776945799716
14,101,0001,0965,1410100010965,5031,3.7017406324372124
14,101,0001,097A,141010001097A,1694,3.229169702539101
14,101,0001,0984,1410100010984,3770,3.5764565324056203
14,101,0001,0999,1410100010999,5209,3.7168377232995247
14,101,0001,1003,1410100011003,4053,3.60788374435699
14,101,0001,1018,1410100011018,2426,3.385069776331935
14,101,0001,1022,1410100011022,2939,3.4683473304121573
14,101,0001,1037,1410100011037,4671,3.669502834104343
14,101,0001,1041,1410100011041,2115,3.325515663363148
14,101,0001,1056,1410100011056,3521,3.5467893516312583
14,101,0001,1075,1410100011075,6428,3.8081434257614912
14,101,0001,108A,141010001108A,5917,3.7721749608246142
14,101,0001,1094,1410100011094,2721,3.434888120867316
14,101,0001,1107,1410100011107,4487,3.652052848248105
14,101,0001,1126,1410100011126,1865,3.2709116394104814
14,101,0001,1130,1410100011130,3241,3.510813010512496
14,101,0001,1145,1410100011145,527,2.722633922533812
14,101,0001,115A,141010001115A,1165,3.0666985504229953
14,101,0001,1164,1410100011164,3374,3.5282737771670436
14,101,0001,1179,1410100011179,1188,3.0751818546186915
14,101,0001,1183,1410100011183,79,1.9030899869919435
14,101,0001,1198,1410100011198,35,1.5563025007672873
14,101,0001,1200,1410100011200,1850,3.267406418752904
14,101,0001,1215,1410100011215,190,2.2810333672477277
14,101,0001,1268,1410100011268,5497,3.7402047355074495
14,101,0001,1272,1410100011272,1859,3.2695129442179165
14,101,0001,1287,1410100011287,684,2.8356905714924254
14,101,0001,1291,1410100011291,9,1.0
14,101,0001,1304,1410100011304,3695,3.567731962548069
14,101,0001,1319,1410100011319,2875,3.458788881710845
14,101,0001,1323,1410100011323,3112,3.493179120682515
14,101,0001,1338,1410100011338,1984,3.297760511099134
14,101,0001,1357,1410100011357,2388,3.378216149749878
14,101,0001,1361,1410100011361,3867,3.587486465410964
14,101,0001,1376,1410100011376,664,2.8228216453031045
14,101,0001,1395,1410100011395,4192,3.6225248624035684
14,101,0001,1408,1410100011408,3218,3.5077209766856137
14,101,0001,1412,1410100011412,2130,3.328583449714202
14,101,0001,1427,1410100011427,1635,3.2137832993353044
14,101,0001,1431,1410100011431,3697,3.567966906823154
14,101,0001,1446,1410100011446,3010,3.4787107555127594
14,101,0001,147A,141010001147A,4908,3.6909930320998696
14,101,0001,1484,1410100011484,5706,3.7564078725489582
14,101,0001,1499,1410100011499,330,2.519827993775719
14,101,0001,1501,1410100011501,217,2.3384564936046046
14,101,0001,1516,1410100011516,1282,3.1082266563749283
14,101,0001,1554,1410100011554,7411,3.86993541064686
14,101,0001,1569,1410100011569,2346,3.3705130895985924
14,101,0001,1573,1410100011573,3204,3.5058280338548364
14,101,0001,1588,1410100011588,1147,3.059941888061955
14,101,0001,1592,1410100011592,7352,3.8664645659717403
14,101,0001,1605,1410100011605,2504,3.3988077302032647
14,101,0001,161A,141010001161A,4496,3.652922887567942
14,101,0001,1624,1410100011624,3933,3.594834355583318
14,101,0001,1639,1410100011639,3465,3.539828558377898
14,101,0001,1643,1410100011643,1014,3.0064660422492318
14,101,0001,1658,1410100011658,172,2.2380461031287955
14,101,0001,1728,1410100011728,144,2.161368002234975
14,101,0001,1732,1410100011732,188,2.2764618041732443
14,101,0001,1747,1410100011747,551,2.741939077729199
14,101,0001,1751,1410100011751,994,2.9978230807457256
14,101,0001,1766,1410100011766,4428,3.6463056802847587
14,101,0001,1770,1410100011770,2661,3.4252080511386565
14,101,0001,179A,141010001179A,2931,3.4671639659690903
14,101,0001,1817,1410100011817,323,2.510545010206612
14,101,0001,1821,1410100011821,279,2.4471580313422194
14,101,0001,1836,1410100011836,116,2.0681858617461617
14,101,0001,1874,1410100011874,22,1.3617278360175928
14,101,0001,1889,1410100011889,15,1.2041199826559248
14,101,0001,1906,1410100011906,416,2.6201360549737576
14,101,0001,1982,1410100011982,3536,3.5486350598147514
14,101,0001,1997,1410100011997,4534,3.656577291396114
14,101,0001,2001,1410100012001,5327,3.7265642161622448
14,101,0001,2016,1410100012016,3983,3.600319329751661
14,101,0001,2020,1410100012020,5267,3.7216457662897464
14,101,0001,2035,1410100012035,1891,3.276921132065774
14,101,0001,204A,141010001204A,1565,3.1947917577219247
14,101,0001,2054,1410100012054,3082,3.488973524726508
14,101,0001,2069,1410100012069,2806,3.448242412634439
14,101,0001,2073,1410100012073,4483,3.6516656039229356
14,101,0001,2088,1410100012088,694,2.8419848045901137
14,101,0001,2251,1410100012251,267,2.428134794028789
14,101,0001,2266,1410100012266,123,2.093421685162235
14,101,0001,2270,1410100012270,14,1.1760912590556813
14,101,0001,2425,1410100012425,755,2.8785217955012063
14,101,0001,2459,1410100012459,18,1.2787536009528289
14,101,0001,2478,1410100012478,712,2.8530895298518657
14,101,0001,2482,1410100012482,56,1.7558748556724915
14,101,0001,2497,1410100012497,992,2.996949248495381
14,101,0001,250A,141010001250A,1141,3.0576661039098294
14,101,0001,2514,1410100012514,29,1.4771212547196624
14,101,0001,2529,1410100012529,50,1.7075701760979363
14,101,0001,2533,1410100012533,65,1.8195439355418688
14,101,0001,2548,1410100012548,29,1.4771212547196624
14,101,0001,2590,1410100012590,50,1.7075701760979363
14,101,0001,2603,1410100012603,2071,3.3163897510731952
14,101,0009,1450,1410100091450,4330,3.636588183729842
14,101,0009,1465,1410100091465,4615,3.664265800147675
14,101,0009,1520,1410100091520,811,2.9095560292411755
14,101,0009,1535,1410100091535,635,2.803457115648414
14,101,0009,1662,1410100091662,383,2.584331224367531
14,101,0009,1677,1410100091677,5766,3.7609499514108973
14,101,0009,1681,1410100091681,1960,3.292477593667784
14,101,0009,1696,1410100091696,818,2.9132839017604186
14,101,0009,1713,1410100091713,297,2.4742162640762553
14,101,0009,1802,1410100091802,5402,3.732634967539196
14,101,0009,1840,1410100091840,179,2.255272505103306
14,101,0009,1855,1410100091855,75,1.8808135922807914
14,101,0009,1893,1410100091893,100,2.0043213737826426
14,101,0009,1910,1410100091910,3618,3.5585885831081994
14,101,0009,1925,1410100091925,446,2.6503075231319366
14,101,0009,193A,141010009193A,377,2.5774917998372255
14,101,0009,1944,1410100091944,100,2.0043213737826426
14,101,0009,2092,1410100092092,2003,3.301897717195208
14,101,0009,2105,1410100092105,1693,3.228913405994688
14,101,0009,211A,141010009211A,1398,3.1458177144918276
14,101,0009,2124,1410100092124,1296,3.11293997608408
14,101,0009,2139,1410100092139,1480,3.1705550585212086
14,101,0009,2143,1410100092143,1965,3.2935835134961167
14,101,0009,2158,1410100092158,995,2.998259338423699
14,101,0009,2162,1410100092162,932,2.9698816437465
14,101,0009,2177,1410100092177,824,2.916453948549925
14,101,0009,2181,1410100092181,904,2.9566485792052033
14,101,0009,2196,1410100092196,1009,3.0043213737826426
14,101,0009,2209,1410100092209,3239,3.510545010206612
14,101,0009,2213,1410100092213,2209,3.3443922736851106
14,101,0009,2228,1410100092228,2699,3.4313637641589874
14,101,0009,2232,1410100092232,204,2.311753861055754
14,101,0009,2247,1410100092247,414,2.6180480967120925
14,101,0009,229A,141010009229A,1471,3.16790781000148
14,101,0009,2302,1410100092302,387,2.5888317255942073
14,101,0009,2393,1410100092393,507,2.7058637122839193
14,101,0009,2406,1410100092406,979,2.9912260756924947
14,101,0009,2410,1410100092410,3299,3.5185139398778875
14,101,0009,243A,141010009243A,0,0.0
14,101,0009,2444,1410100092444,277,2.444044795918076
14,101,0009,2586,1410100092586,3831,3.583425500406507
14,101,0009,2618,1410100092618,43,1.6434526764861874
14,101,0009,2622,1410100092622,916,2.962369335670021
14,101,0022,0024,1410100220024,2675,3.4274861090957853
14,101,0022,0081,1410100220081,2168,3.336259552014193
14,101,0022,0096,1410100220096,627,2.797959643737196
14,101,0022,0113,1410100220113,3115,3.493597449000527
14,101,0026,0683,1410100260683,2047,3.3113299523037933
14,101,0026,0698,1410100260698,1875,3.2732328340430454
14,101,0026,122A,141010026122A,24,1.3979400086720377
14,101,0026,1234,1410100261234,6,0.8450980400142568
14,101,0026,1249,1410100261249,57,1.7634279935629373
14,101,0026,154A,141010026154A,24,1.3979400086720377
14,101,0026,1709,1410100261709,1619,3.2095150145426308
14,101,0026,1785,1410100261785,40,1.6127838567197355
14,101,0026,186A,141010026186A,343,2.53655844257153
14,101,0026,2285,1410100262285,15,1.2041199826559248
14,101,0027,2336,1410100272336,2437,3.387033701282363
14,101,0027,2340,1410100272340,1888,3.2762319579218335
14,101,0027,2355,1410100272355,1148,3.060320028688285
14,101,0027,236A,141010027236A,868,2.9390197764486663
14,101,0031,2317,1410100312317,7085,3.8504011479971583
14,101,0031,2321,1410100312321,964,2.9845273133437926
14,101,0034,0274,1410100340274,1841,3.26528962586083
14,101,0034,1978,1410100341978,1500,3.1763806922432702
14,101,0034,2463,1410100342463,1707,3.232487866352986
14,101,0034,2637,1410100342637,1970,3.2946866242794433
14,101,0034,2641,1410100342641,1387,3.142389466118836
14,101,0038,0128,1410100380128,2244,3.351216345339342
14,101,0038,0132,1410100380132,2815,3.4496326504700745
14,101,0038,0166,1410100380166,559,2.7481880270062002
14,101,0189,2656,1410101892656,1869,3.271841606536499
14,101,0189,2660,1410101892660,1264,3.1020905255118367
14,101,0189,2675,1410101892675,147,2.1702617153949575
14,101,0190,2374,1410101902374,3192,3.504198918539445
14,101,0193,268A,141010193268A,686,2.8369567370595505
14,101,0193,2694,1410101932694,1922,3.28397928423848
14,101,0193,2707,1410101932707,491,2.69196510276736
14,101,0193,2711,1410101932711,129,2.113943352306837
14,102,0001,0055,1410200010055,579,2.7634279935629373
14,102,0001,006A,141020001006A,414,2.6180480967120925
14,102,0001,0074,1410200010074,961,2.983175072037813
14,102,0001,0089,1410200010089,1321,3.1212314551496214
14,102,0001,0093,1410200010093,101,2.0086001717619175
14,102,0001,0106,1410200010106,2,0.47712125471966244
14,102,0001,0110,1410200010110,89,1.954242509439325
14,102,0001,0125,1410200010125,2,0.47712125471966244
14,102,0001,013A,141020001013A,49,1.6989700043360187
14,102,0001,0144,1410200010144,188,2.2764618041732443
14,103,0001,0033,1410300010033,2466,3.392169149489736
14,103,0001,0086,1410300010086,214,2.3324384599156054
14,103,0001,0090,1410300010090,220,2.3443922736851106
14,103,0001,0118,1410300010118,35,1.5563025007672873
14,103,0001,0122,1410300010122,0,0.0
14,103,0001,0137,1410300010137,2,0.47712125471966244
14,103,0001,0141,1410300010141,14,1.1760912590556813
14,103,0001,0156,1410300010156,28,1.462397997898956
14,103,0001,0160,1410300010160,247,2.3944516808262164
14,103,0015,0048,1410300150048,2368,3.374565060722765
14,103,0015,0052,1410300150052,270,2.432969290874406
14,103,0015,0067,1410300150067,221,2.346352974450639
14,103,0015,0071,1410300150071,598,2.7774268223893115
14,104,0001,0083,1410400010083,909,2.9590413923210934
14,104,0001,0098,1410400010098,89,1.954242509439325
14,104,0001,0100,1410400010100,256,2.4099331233312946
14,104,0001,0115,1410400010115,84,1.9294189257142926
14,104,0001,012A,141040001012A,0,0.0
14,105,0001,0023,1410500010023,2723,3.4352071032407476
14,105,0001,0076,1410500010076,987,2.9947569445876283
14,105,0001,0080,1410500010080,1147,3.059941888061955
14,105,0001,0095,1410500010095,1840,3.2650537885040145
14,105,0001,0108,1410500010108,2143,3.3312247810207323
14,105,0001,0112,1410500010112,2543,3.4055171069763763
14,105,0001,0127,1410500010127,248,2.3961993470957363
14,105,0001,0131,1410500010131,420,2.6242820958356683
14,105,0001,0146,1410500010146,409,2.6127838567197355
14,105,0001,0150,1410500010150,131,2.12057393120585
14,105,0001,0165,1410500010165,93,1.9731278535996986
14,105,0001,017A,141050001017A,10,1.0413926851582251
14,105,0001,0184,1410500010184,15,1.2041199826559248
14,105,0001,0199,1410500010199,18,1.2787536009528289
14,105,0001,0201,1410500010201,1005,3.0025979807199086
14,105,0001,0216,1410500010216,77,1.8920946026904804
14,106,0001,0069,1410600010069,659,2.8195439355418688
14,106,0001,0073,1410600010073,807,2.907411360774586
14,106,0001,0088,1410600010088,203,2.3096301674258988
14,106,0001,0092,1410600010092,5,0.7781512503836436
14,107,0001,0047,1410700010047,1340,3.127428777851599
14,107,0001,0085,1410700010085,4,0.6989700043360189
14,107,0001,009A,141070001009A,24,1.3979400086720377
14,107,0001,0102,1410700010102,56,1.7558748556724915
14,107,0008,0028,1410700080028,2192,3.341038631677523
14,107,0008,0051,1410700080051,1474,3.1687920203141817
14,107,0008,0066,1410700080066,136,2.1367205671564067
14,107,0008,0070,1410700080070,12,1.1139433523068367
14,108,0001,0063,1410800010063,5402,3.732634967539196
14,108,0001,0082,1410800010082,4049,3.6074550232146687
14,108,0001,0133,1410800010133,6298,3.7992716083498728
14,108,0001,0148,1410800010148,1957,3.291812687467119
14,108,0001,0152,1410800010152,573,2.7589118923979736
14,108,0001,0167,1410800010167,1628,3.2119210843085093
14,108,0001,0171,1410800010171,1125,3.0515383905153275
14,108,0001,0186,1410800010186,949,2.9777236052888476
14,108,0001,0203,1410800010203,15,1.2041199826559248
14,108,0001,0218,1410800010218,3527,3.547528576459782
14,108,0001,0222,1410800010222,2693,3.4303975913869666
14,108,0001,0237,1410800010237,189,2.278753600952829
14,108,0001,0241,1410800010241,16,1.2304489213782739
14,108,0001,0256,1410800010256,349,2.5440680443502757
14,108,0001,0260,1410800010260,267,2.428134794028789
14,108,0001,0275,1410800010275,230,2.3636119798921444
14,108,0001,028A,141080001028A,153,2.187520720836463
14,108,0001,0294,1410800010294,46,1.6720978579357175
14,108,0001,0307,1410800010307,1002,3.0013009330204183
14,108,0001,0311,1410800010311,3,0.6020599913279624
14,109,0001,0126,1410900010126,1389,3.143014800254095
14,109,0001,0130,1410900010130,1064,3.0273496077747564
14,109,0001,0145,1410900010145,415,2.6190933306267428
14,109,0001,015A,141090001015A,1065,3.0277572046905536
14,109,0001,0164,1410900010164,1769,3.247973266361807
14,109,0001,0179,1410900010179,1856,3.2688119037397803
14,109,0001,0183,1410900010183,396,2.598790506763115
14,109,0001,0198,1410900010198,509,2.7075701760979363
14,109,0001,0200,1410900010200,111,2.0492180226701815
14,109,0001,0215,1410900010215,89,1.954242509439325
14,109,0001,022A,141090001022A,34,1.5440680443502757
14,109,0001,0234,1410900010234,24,1.3979400086720377
14,109,0001,0249,1410900010249,0,0.0
14,109,0001,0253,1410900010253,11,1.0791812460476249
14,109,0001,0268,1410900010268,5,0.7781512503836436
14,110,0001,0080,1411000010080,825,2.9169800473203824
14,110,0001,0095,1411000010095,1066,3.0281644194244697
14,110,0001,0127,1411000010127,1044,3.019116290447073
14,110,0001,0131,1411000010131,441,2.645422269349092
14,110,0001,0146,1411000010146,400,2.603144372620182
14,110,0001,0150,1411000010150,1443,3.1595671932336202
14,110,0001,0165,1411000010165,1534,3.1861083798132053
14,110,0001,017A,141100001017A,123,2.093421685162235
14,110,0001,0184,1411000010184,344,2.537819095073274
14,110,0001,0199,1411000010199,45,1.662757831681574
14,110,0001,0201,1411000010201,75,1.8808135922807914
14,110,0001,0216,1411000010216,50,1.7075701760979363
14,110,0001,0220,1411000010220,737,2.8680563618230415
14,110,0001,0235,1411000010235,930,2.9689496809813427
14,110,0001,024A,141100001024A,44,1.6532125137753437
14,110,0001,0254,1411000010254,68,1.8388490907372552
14,110,0001,0269,1411000010269,8,0.9542425094393249
14,110,0001,0273,1411000010273,18,1.2787536009528289
14,110,0001,0288,1411000010288,8,0.9542425094393249
14,110,0001,0292,1411000010292,122,2.089905111439398
14,110,0001,0305,1411000010305,1,0.3010299956639812
14,110,0001,031A,141100001031A,70,1.8512583487190752
14,110,0001,0324,1411000010324,0,0.0
14,110,0001,0339,1411000010339,50,1.7075701760979363
14,110,0001,0343,1411000010343,30,1.4913616938342726
14,110,0001,0358,1411000010358,38,1.591064607026499
14,110,0001,0362,1411000010362,15,1.2041199826559248
14,111,0001,0069,1411100010069,1603,3.2052043639481447
14,111,0001,0073,1411100010073,12,1.1139433523068367
14,111,0001,0088,1411100010088,197,2.296665190261531
14,111,0001,0092,1411100010092,110,2.0453229787866576
14,111,0001,0105,1411100010105,25,1.414973347970818
14,111,0001,011A,141110001011A,1263,3.1017470739463664
14,111,0001,0124,1411100010124,940,2.973589623427257
14,111,0001,0139,1411100010139,243,2.387389826338729
14,111,0001,0143,1411100010143,90,1.9590413923210936
14,111,0001,0158,1411100010158,17,1.255272505103306
14,111,0001,0162,1411100010162,0,0.0
14,111,0001,0177,1411100010177,44,1.6532125137753437
14,111,0001,0181,1411100010181,6,0.8450980400142568
14,111,0001,0196,1411100010196,8,0.9542425094393249
14,111,0001,0209,1411100010209,70,1.8512583487190752
14,112,0001,0051,1411200010051,1968,3.2942457161381182
14,112,0001,0066,1411200010066,963,2.984077033902831
14,112,0001,0070,1411200010070,295,2.4712917110589387
14,112,0001,0085,1411200010085,106,2.0293837776852097
14,112,0001,009A,141120001009A,607,2.783903579272735
14,112,0001,0102,1411200010102,98,1.99563519459755
14,112,0001,0117,1411200010117,134,2.130333768495006
14,112,0001,0121,1411200010121,27,1.4471580313422192
14,112,0001,0136,1411200010136,189,2.278753600952829
14,112,0001,0140,1411200010140,31,1.505149978319906
14,113,0001,010A,141130001010A,1938,3.2875778090787056
14,113,0001,0114,1411300010114,1422,3.153204900084284
14,113,0001,0129,1411300010129,1665,3.2216749970707688
14,113,0001,0133,1411300010133,0,0.0
14,113,0001,0148,1411300010148,79,1.9030899869919435
14,113,0001,0152,1411300010152,4,0.6989700043360189
14,113,0001,0167,1411300010167,1,0.3010299956639812
14,114,0001,0075,1411400010075,2834,3.452553063228925
14,114,0001,008A,141140001008A,2926,3.466422722433792
14,114,0001,0094,1411400010094,1285,3.109240968588203
14,114,0001,0126,1411400010126,245,2.3909351071033793
14,114,0001,0130,1411400010130,404,2.6074550232146687
14,114,0001,0145,1411400010145,24,1.3979400086720377
14,114,0001,015A,141140001015A,56,1.7558748556724915
14,114,0001,0164,1411400010164,200,2.303196057420489
14,114,0001,0179,1411400010179,337,2.5289167002776547
14,114,0001,0215,1411400010215,14,1.1760912590556813
14,114,0001,022A,141140001022A,82,1.919078092376074
14,114,0001,0234,1411400010234,78,1.8976270912904414
14,114,0002,0183,1411400020183,1513,3.180125875164054
14,114,0002,0198,1411400020198,1104,3.0433622780211294
14,114,0002,0200,1411400020200,28,1.462397997898956
14,114,0002,0249,1411400020249,8,0.9542425094393249
14,114,0005,0041,1411400050041,2386,3.3778524190067545
14,114,0005,0107,1411400050107,214,2.3324384599156054
14,114,0005,0111,1411400050111,20,1.3222192947339193
14,114,0005,0253,1411400050253,34,1.5440680443502757
14,114,0006,0268,1411400060268,1342,3.1280760126687155
14,114,0006,0272,1411400060272,1516,3.1809855807867304
14,115,0001,0119,1411500010119,764,2.8836614351536176
14,115,0001,0123,1411500010123,944,2.975431808509263
14,115,0001,0142,1411500010142,442,2.6464037262230695
14,115,0001,0157,1411500010157,15,1.2041199826559248
14,115,0001,0161,1411500010161,121,2.0863598306747484
14,115,0001,0176,1411500010176,114,2.060697840353612
14,115,0001,0180,1411500010180,174,2.2430380486862944
14,115,0001,0195,1411500010195,29,1.4771212547196624
14,115,0001,0208,1411500010208,36,1.568201724066995
14,115,0001,0212,1411500010212,3,0.6020599913279624
14,115,0001,0227,1411500010227,576,2.7611758131557314
14,115,0001,0231,1411500010231,632,2.801403710017355
14,115,0001,0246,1411500010246,7,0.9030899869919435
14,115,0001,0250,1411500010250,34,1.5440680443502757
14,115,0001,0265,1411500010265,15,1.2041199826559248
14,115,0001,027A,141150001027A,1,0.3010299956639812
14,115,0001,0284,1411500010284,116,2.0681858617461617
14,116,0001,0084,1411600010084,1711,3.2335037603411343
14,116,0001,0099,1411600010099,1522,3.1826999033360424
14,116,0001,0101,1411600010101,965,2.9849771264154934
14,116,0001,0116,1411600010116,1114,3.0472748673841794
14,116,0001,0120,1411600010120,963,2.984077033902831
14,116,0001,0135,1411600010135,1003,3.0017337128090005
14,116,0001,014A,141160001014A,1081,3.0342272607705505
14,116,0001,0154,1411600010154,1264,3.1020905255118367
14,116,0001,0169,1411600010169,982,2.9925535178321354
14,116,0001,0173,1411600010173,636,2.8041394323353503
14,116,0001,0188,1411600010188,91,1.9637878273455553
14,116,0001,0192,1411600010192,121,2.0863598306747484
14,116,0001,0205,1411600010205,11,1.0791812460476249
14,116,0001,021A,141160001021A,292,2.4668676203541096
14,116,0001,0224,1411600010224,238,2.3783979009481375
14,116,0001,0239,1411600010239,123,2.093421685162235
14,116,0001,0243,1411600010243,119,2.0791812460476247
14,116,0001,0258,1411600010258,1030,3.0132586652835167
14,116,0001,0262,1411600010262,2,0.47712125471966244
14,116,0001,0277,1411600010277,68,1.8388490907372552
14,116,0001,0281,1411600010281,120,2.0827853703164503
14,116,0001,0296,1411600010296,6,0.8450980400142568
14,116,0001,0309,1411600010309,305,2.48572142648158
14,116,0001,0313,1411600010313,126,2.103803720955957
14,116,0001,0328,1411600010328,80,1.9084850188786497
14,116,0001,0332,1411600010332,0,0.0
14,116,0001,0347,1411600010347,48,1.6901960800285136
14,116,0001,0351,1411600010351,36,1.568201724066995
14,116,0001,0366,1411600010366,22,1.3617278360175928
14,116,0001,0370,1411600010370,531,2.7259116322950483
14,116,0001,0385,1411600010385,51,1.7160033436347992
14,116,0001,039A,141160001039A,660,2.82020145948564
14,116,0001,0402,1411600010402,45,1.662757831681574
14,116,0001,0417,1411600010417,1,0.3010299956639812
14,116,0001,0421,1411600010421,118,2.0755469613925306
14,116,0001,0436,1411600010436,12,1.1139433523068367
14,116,0001,0440,1411600010440,13,1.146128035678238
14,116,0001,0455,1411600010455,84,1.9294189257142926
14,116,0001,046A,141160001046A,0,0.0
14,117,0001,0062,1411700010062,440,2.6444385894678386
14,117,0001,0077,1411700010077,305,2.48572142648158
14,117,0001,0081,1411700010081,79,1.9030899869919435
14,117,0001,0096,1411700010096,951,2.9786369483844743
14,117,0001,0109,1411700010109,1041,3.0178677189635055
14,117,0001,0113,1411700010113,63,1.806179973983887
14,117,0001,0128,1411700010128,116,2.0681858617461617
14,117,0001,0132,1411700010132,2,0.47712125471966244
14,117,0001,0147,1411700010147,27,1.4471580313422192
14,118,0001,0055,1411800010055,2115,3.325515663363148
14,118,0001,0125,1411800010125,1615,3.208441356438567
14,118,0001,013A,141180001013A,396,2.598790506763115
14,118,0001,0144,1411800010144,315,2.499687082618404
14,118,0001,0159,1411800010159,860,2.935003151453655
14,118,0001,0163,1411800010163,366,2.5646660642520893
14,118,0001,0178,1411800010178,583,2.7664128471123997
14,118,0001,0182,1411800010182,269,2.4313637641589874
14,118,0001,0197,1411800010197,562,2.7505083948513462
14,118,0001,020A,141180001020A,351,2.546542663478131
14,118,0001,0214,1411800010214,769,2.886490725172482
14,118,0001,0229,1411800010229,20,1.3222192947339193
14,118,0001,0233,1411800010233,1569,3.1958996524092336
14,118,0001,0248,1411800010248,1813,3.2586372827240764
14,118,0001,0252,1411800010252,56,1.7558748556724915
14,118,0001,0267,1411800010267,63,1.806179973983887
14,118,0001,0271,1411800010271,20,1.3222192947339193
14,118,0001,0286,1411800010286,49,1.6989700043360187
14,118,0001,0290,1411800010290,58,1.7708520116421442
14,118,0001,0303,1411800010303,842,2.9258275746247424
14,118,0001,0318,1411800010318,1538,3.187238619831479
14,118,0001,0322,1411800010322,114,2.060697840353612
14,118,0001,0337,1411800010337,41,1.6232492903979006
14,118,0001,0341,1411800010341,89,1.954242509439325
14,118,0001,0356,1411800010356,24,1.3979400086720377
14,119,0001,0067,1411900010067,7637,3.882979654037299
14,119,0001,0086,1411900010086,2680,3.4282968139828798
14,119,0001,0090,1411900010090,3093,3.490520309363349
14,119,0001,0103,1411900010103,1189,3.0755469613925306
14,119,0001,0118,1411900010118,4188,3.6221103603612197
14,119,0001,0137,1411900010137,0,0.0
14,119,0001,0141,1411900010141,476,2.678518379040114
14,119,0001,0156,1411900010156,419,2.6232492903979003
14,119,0001,0160,1411900010160,306,2.4871383754771865
14,119,0001,0175,1411900010175,320,2.506505032404872
14,119,0001,018A,141190001018A,6,0.8450980400142568
14,119,0001,0194,1411900010194,11,1.0791812460476249
14,119,0001,0207,1411900010207,17,1.255272505103306
14,119,0001,0211,1411900010211,0,0.0
14,119,0001,0230,1411900010230,3,0.6020599913279624
14,119,0001,0245,1411900010245,0,0.0
14,120,0001,0212,1412000010212,7602,3.8809849904867533
14,120,0001,0227,1412000010227,8067,3.906765889540728
14,120,0001,0231,1412000010231,10105,4.004579293902212
14,120,0001,0246,1412000010246,4489,3.6522463410033232
14,120,0001,0265,1412000010265,2514,3.400537989391946
14,120,0001,027A,141200001027A,2972,3.473194909204938
14,120,0001,0354,1412000010354,4977,3.6970548922725746
14,120,0001,0369,1412000010369,4739,3.6757783416740852
14,120,0001,0373,1412000010373,3328,3.522313795156667
14,120,0001,0392,1412000010392,3591,3.5553363279952666
14,120,0001,0405,1412000010405,1682,3.226084115975824
14,120,0001,0547,1412000010547,2887,3.4605971888976015
14,120,0001,0602,1412000010602,10105,4.004579293902212
14,120,0001,0617,1412000010617,17959,4.254306332331286
14,120,0001,0636,1412000010636,1475,3.1690863574870227
14,120,0001,0640,1412000010640,3688,3.5669086552268032
14,120,0001,0655,1412000010655,1929,3.285557309007774
14,120,0001,066A,141200001066A,2999,3.4771212547196626
14,120,0001,0689,1412000010689,2343,3.369957607346053
14,120,0001,0706,1412000010706,4412,3.6447339274471924
14,120,0001,0710,1412000010710,5180,3.714413592287121
14,120,0001,0814,1412000010814,4052,3.607776603741693
14,120,0001,0890,1412000010890,4697,3.671913012441587
14,120,0001,0918,1412000010918,4313,3.6348801407665263
14,120,0001,0937,1412000010937,7260,3.860996436757196
14,120,0001,0975,1412000010975,1797,3.25478968739721
14,120,0001,098A,141200001098A,2012,3.3038437748886547
14,120,0001,0994,1412000010994,3500,3.5441921107650325
14,120,0001,1009,1412000011009,663,2.8221680793680175
14,120,0001,1032,1412000011032,8289,3.9185545305502734
14,120,0001,1121,1412000011121,3124,3.494850021680094
14,120,0001,1155,1412000011155,4440,3.647480773173676
14,120,0001,116A,141200001116A,6272,3.7974752875373343
14,120,0001,1189,1412000011189,3922,3.593618308129536
14,120,0001,1193,1412000011193,8734,3.94126290931895
14,120,0001,1206,1412000011206,6703,3.82633400562222
14,120,0001,1210,1412000011210,5366,3.7297315952870354
14,120,0001,1225,1412000011225,3374,3.5282737771670436
14,120,0001,1278,1412000011278,2742,3.4382258076045296
14,120,0001,1282,1412000011282,3575,3.55339751012388
14,120,0001,1297,1412000011297,3329,3.5224442335063197
14,120,0001,1418,1412000011418,4229,3.6263403673750423
14,120,0001,1441,1412000011441,7456,3.8725641430906514
14,120,0001,1460,1412000011460,4163,3.6195107208384987
14,120,0001,1526,1412000011526,3516,3.5461723683169426
14,120,0001,1579,1412000011579,5824,3.7652959296980564
14,120,0001,1634,1412000011634,1988,3.2986347831244354
14,120,0001,1649,1412000011649,2723,3.4352071032407476
14,120,0001,1653,1412000011653,2596,3.4144719496293026
14,120,0001,1687,1412000011687,4894,3.6897526961391565
14,120,0001,1691,1412000011691,3369,3.5276299008713385
14,120,0001,1723,1412000011723,2311,3.3639878297484915
14,120,0001,1742,1412000011742,4629,3.6655809910179533
14,120,0001,1757,1412000011757,1982,3.2973227142053028
14,120,0001,1795,1412000011795,5426,3.734559821579476
14,120,0001,1808,1412000011808,3599,3.5563025007672873
14,120,0001,1812,1412000011812,3082,3.488973524726508
14,120,0001,1846,1412000011846,2256,3.353531559077762
14,120,0001,1850,1412000011850,3966,3.5984622004741507
14,120,0001,1865,1412000011865,2424,3.3847117429382823
14,120,0001,187A,141200001187A,3215,3.5073160400764136
14,120,0001,1884,1412000011884,3286,3.5167997040816243
14,120,0001,1899,1412000011899,4473,3.6506959797606107
14,120,0001,1901,1412000011901,3088,3.4898179083014504
14,120,0001,1920,1412000011920,4685,3.670802284260944
14,120,0001,1935,1412000011935,5082,3.7061201097027037
14,120,0001,194A,141200001194A,4456,3.6490426340861766
14,120,0001,2064,1412000012064,17,1.255272505103306
14,120,0001,2115,1412000012115,5380,3.730862992046494
14,120,0001,212A,141200001212A,2632,3.4204508591060683
14,120,0001,2134,1412000012134,3036,3.4824447919182653
14,120,0001,2172,1412000012172,2351,3.371437317404101
14,120,0001,2204,1412000012204,7382,3.868232868422465
14,120,0001,2219,1412000012219,3156,3.4992745818922173
14,120,0001,2223,1412000012223,2259,3.3541084391474008
14,120,0001,2238,1412000012238,1902,3.2794387882870204
14,120,0001,2242,1412000012242,3010,3.4787107555127594
14,120,0001,2257,1412000012257,4584,3.66133934000604
14,120,0001,2261,1412000012261,5699,3.7558748556724915
14,120,0001,2276,1412000012276,1864,3.2706788361447066
14,120,0001,2280,1412000012280,5692,3.7553411838115474
14,120,0001,2295,1412000012295,4739,3.6757783416740852
14,120,0001,2308,1412000012308,3635,3.56062387454993
14,120,0001,2312,1412000012312,3627,3.5596672783880576
14,120,0001,2327,1412000012327,3306,3.519434194913703
14,120,0001,2331,1412000012331,3703,3.5686709780098966
14,120,0001,2346,1412000012346,2929,3.4668676203541096
14,120,0001,2350,1412000012350,3928,3.594282028811806
14,120,0001,2365,1412000012365,3294,3.517855418930029
14,120,0001,237A,141200001237A,3901,3.591287265058499
14,120,0001,2384,1412000012384,2625,3.4192947217534604
14,120,0001,2399,1412000012399,4322,3.635785235533652
14,120,0001,2401,1412000012401,5405,3.7328760413627067
14,120,0001,2416,1412000012416,1234,3.0916669575956846
14,120,0001,2420,1412000012420,3116,3.49373680227684
14,120,0001,2435,1412000012435,5424,3.734399742520567
14,120,0001,244A,141200001244A,4346,3.638189640190837
14,120,0001,2454,1412000012454,3821,3.582290682718994
14,120,0001,2469,1412000012469,2304,3.362670929725667
14,120,0001,2473,1412000012473,8383,3.9234512696396515
14,120,0001,2488,1412000012488,1571,3.196452541703389
14,120,0001,2492,1412000012492,2000,3.3012470886362113
14,120,0001,2505,1412000012505,2308,3.3634239329171765
14,120,0001,251A,141200001251A,3753,3.5744942682853273
14,120,0001,2524,1412000012524,2549,3.406540180433955
14,120,0001,2539,1412000012539,2139,3.330413773349191
14,120,0001,2543,1412000012543,2412,3.3825573219087857
14,120,0001,2558,1412000012558,2492,3.3967222785037734
14,120,0001,2562,1412000012562,3080,3.4886916983169405
14,120,0001,2596,1412000012596,2939,3.4683473304121573
14,120,0001,2609,1412000012609,4314,3.6349808000512285
14,120,0001,2613,1412000012613,3124,3.494850021680094
14,120,0001,2628,1412000012628,3316,3.5207454715194824
14,120,0001,2632,1412000012632,5152,3.7120601424610746
14,120,0001,2647,1412000012647,2767,3.44216608578472
14,120,0001,2651,1412000012651,3154,3.498999363580153
14,120,0001,2666,1412000012666,4346,3.638189640190837
14,120,0001,2670,1412000012670,3181,3.502700175310563
14,120,0001,2685,1412000012685,5105,3.7080808104682315
14,120,0001,269A,141200001269A,946,2.9763499790032735
14,120,0001,2702,1412000012702,1312,3.118264726089479
14,120,0001,2717,1412000012717,2838,3.4531653925258574
14,120,0001,2721,1412000012721,3538,3.548880562637515
14,120,0001,2755,1412000012755,4420,3.645520514905874
14,120,0001,2774,1412000012774,4768,3.6784273224338673
14,120,0001,2789,1412000012789,3800,3.5798978696031036
14,120,0001,2793,1412000012793,3592,3.5554572172046495
14,120,0001,2806,1412000012806,1816,3.2593549273080344
14,120,0001,2810,1412000012810,3038,3.482730700079943
14,120,0001,2825,1412000012825,4435,3.6469915374771222
14,120,0001,283A,141200001283A,2148,3.3322364154914434
14,120,0001,2844,1412000012844,2869,3.4578818967339924
14,120,0001,2863,1412000012863,1262,3.101403350555331
14,120,0001,2882,1412000012882,3413,3.5332635167787148
14,120,0001,2897,1412000012897,4684,3.670709595223797
14,120,0001,290A,141200001290A,3999,3.6020599913279625
14,120,0001,2914,1412000012914,4245,3.62797998982998
14,120,0001,2929,1412000012929,6246,3.7956715059460215
14,120,0001,2933,1412000012933,2712,3.433449793761596
14,120,0001,2948,1412000012948,3793,3.5790973265526436
14,120,0001,2952,1412000012952,2420,3.383994789441733
14,120,0001,2967,1412000012967,3309,3.519827993775719
14,120,0001,2971,1412000012971,3307,3.519565500880509
14,120,0001,2986,1412000012986,4412,3.6447339274471924
14,120,0001,2990,1412000012990,4047,3.6072405038317426
14,120,0001,3005,1412000013005,1872,3.2725377773752373
14,120,0001,301A,141200001301A,2727,3.4358443659844413
14,120,0001,3039,1412000013039,4420,3.645520514905874
14,120,0001,3043,1412000013043,3491,3.543074235033532
14,120,0001,3058,1412000013058,2814,3.449478399187365
14,120,0001,3062,1412000013062,4486,3.651956069533074
14,120,0001,3077,1412000013077,4214,3.624797578960761
14,120,0001,3081,1412000013081,1972,3.295127085252191
14,120,0001,3096,1412000013096,3270,3.5146805441249818
14,120,0001,3113,1412000013113,4211,3.624488362513449
14,120,0001,3128,1412000013128,4736,3.6755033847279566
14,120,0001,3132,1412000013132,3527,3.547528576459782
14,120,0001,3147,1412000013147,4504,3.6536947953150816
14,120,0001,3151,1412000013151,3564,3.5520595341878844
14,120,0001,3166,1412000013166,3729,3.571708831808688
14,120,0001,3170,1412000013170,4299,3.6334684555795866
14,120,0001,3185,1412000013185,3933,3.594834355583318
14,120,0001,319A,141200001319A,5942,3.7740057302582093
14,120,0001,3202,1412000013202,1922,3.28397928423848
14,120,0001,3217,1412000013217,5413,3.7335182514344876
14,120,0001,3236,1412000013236,6797,3.832381160247041
14,120,0001,326A,141200001326A,10568,4.024033897900905
14,120,0001,3274,1412000013274,5573,3.7461669643772852
14,120,0001,3289,1412000013289,1381,3.1405080430381798
14,120,0001,3293,1412000013293,3320,3.5212688755983854
14,120,0001,3306,1412000013306,3069,3.4871383754771865
14,120,0001,3310,1412000013310,2256,3.353531559077762
14,120,0001,3325,1412000013325,3286,3.5167997040816243
14,120,0001,3378,1412000013378,2894,3.4616485680634552
14,120,0001,3382,1412000013382,4448,3.6482624057480444
14,120,0001,3397,1412000013397,10572,4.024198232206868
14,120,0001,340A,141200001340A,2488,3.3960248966085933
14,120,0001,3414,1412000013414,2065,3.315130317183602
14,120,0001,3429,1412000013429,773,2.8887409606828927
14,120,0001,3433,1412000013433,2452,3.3896975482063856
14,120,0001,3448,1412000013448,797,2.9020028913507296
14,120,0001,3452,1412000013452,1286,3.1095785469043866
14,120,0001,3486,1412000013486,581,2.7649229846498886
14,120,0001,3490,1412000013490,2180,3.3386556655787003
14,120,0001,3503,1412000013503,3119,3.494154594018443
14,120,0001,3518,1412000013518,2266,3.3554515201265174
14,120,0001,3556,1412000013556,4675,3.6698745024898023
14,120,0001,3560,1412000013560,4834,3.6843964784190204
14,120,0001,3575,1412000013575,7011,3.8458419074217574
14,120,0001,3594,1412000013594,971,2.9876662649262746
14,120,0001,3607,1412000013607,123,2.093421685162235
14,120,0001,3611,1412000013611,865,2.937517892017347
14,120,0001,3626,1412000013626,421,2.625312450961674
14,120,0001,3630,1412000013630,394,2.59659709562646
14,120,0001,3645,1412000013645,1039,3.0170333392987803
14,120,0001,365A,141200001365A,1135,3.055378331375
14,120,0001,3664,1412000013664,2,0.47712125471966244
14,120,0001,3679,1412000013679,291,2.4653828514484184
14,120,0001,3683,1412000013683,1015,3.0068937079479006
14,120,0001,3698,1412000013698,1324,3.1222158782728267
14,120,0001,3700,1412000013700,507,2.7058637122839193
14,120,0001,3715,1412000013715,131,2.12057393120585
14,120,0001,372A,141200001372A,2459,3.3909351071033793
14,120,0001,3734,1412000013734,3534,3.5483894181329183
14,120,0001,3768,1412000013768,33,1.5314789170422551
14,120,0001,3772,1412000013772,5023,3.70104963072914
14,120,0001,3787,1412000013787,4324,3.635986111800833
14,120,0001,3791,1412000013791,2905,3.4632956099620027
14,120,0001,3804,1412000013804,2843,3.4539295920577286
14,120,0001,3819,1412000013819,3005,3.4779889762508893
14,120,0001,3857,1412000013857,262,2.419955748489758
14,120,0001,3861,1412000013861,2013,3.3040594662175993
14,120,0001,3876,1412000013876,179,2.255272505103306
14,120,0001,3950,1412000013950,314,2.4983105537896004
14,120,0001,3965,1412000013965,799,2.9030899869919438
14,120,0001,397A,141200001397A,112,2.0530784434834195
14,120,0001,3984,1412000013984,2959,3.4712917110589387
14,120,0001,4041,1412000014041,0,0.0
14,120,0001,4060,1412000014060,6420,3.8076026699164944
14,120,0001,4075,1412000014075,4062,3.6088468223264116
14,120,0001,408A,141200001408A,1824,3.2612628687924934
14,120,0001,4094,1412000014094,694,2.8419848045901137
14,120,0001,4107,1412000014107,1106,3.044147620878723
14,120,0001,4111,1412000014111,1243,3.0948203803548
14,120,0001,4126,1412000014126,896,2.952792443044092
14,120,0001,4130,1412000014130,198,2.298853076409707
14,120,0001,4183,1412000014183,2995,3.4765418090274287
14,120,0001,4198,1412000014198,1676,3.2245330626060857
14,120,0001,4200,1412000014200,2770,3.442636525782232
14,120,0001,4215,1412000014215,2444,3.388278863459639
14,120,0001,422A,141200001422A,4402,3.6437486854595256
14,120,0001,4234,1412000014234,3841,3.584557360525675
14,120,0001,4249,1412000014249,4127,3.615739688619155
14,120,0001,4253,1412000014253,2110,3.3244882333076564
14,120,0001,4268,1412000014268,4051,3.607669436688243
14,120,0001,4272,1412000014272,3206,3.5060989599284405
14,120,0001,4287,1412000014287,3725,3.571242850560224
14,120,0001,4291,1412000014291,2834,3.452553063228925
14,120,0001,4304,1412000014304,2353,3.371806458507416
14,120,0001,4319,1412000014319,2749,3.439332693830263
14,120,0001,4323,1412000014323,3372,3.5280163411892014
14,120,0001,4338,1412000014338,4064,3.609060549930087
14,120,0001,4342,1412000014342,2326,3.36679638328673
14,120,0001,4357,1412000014357,1597,3.2035767749779724
14,120,0001,4361,1412000014361,1833,3.263399331334002
14,120,0001,4376,1412000014376,1374,3.1383026981662816
14,120,0001,4380,1412000014380,3619,3.558708570533166
14,120,0001,4395,1412000014395,2787,3.4452927694259716
14,120,0001,4408,1412000014408,2850,3.45499721730946
14,120,0001,4412,1412000014412,1802,3.255995726722402
14,120,0001,4427,1412000014427,2429,3.385606273598312
14,120,0001,4431,1412000014431,2657,3.4245549766067134
14,120,0001,4446,1412000014446,2587,3.4129642719966626
14,120,0001,4450,1412000014450,2927,3.4665710723863543
14,120,0001,4465,1412000014465,2868,3.4577305482459986
14,120,0001,447A,141200001447A,3878,3.5887197796000563
14,120,0001,4484,1412000014484,3413,3.5332635167787148
14,120,0001,4499,1412000014499,2904,3.4631461367263494
14,120,0001,4501,1412000014501,1513,3.180125875164054
14,120,0001,4516,1412000014516,2135,3.3296012483565187
14,120,0001,4520,1412000014520,4494,3.6527296960692475
14,120,0001,4535,1412000014535,4402,3.6437486854595256
14,120,0001,454A,141200001454A,5229,3.718501688867274
14,120,0001,4554,1412000014554,5319,3.7259116322950483
14,120,0001,4569,1412000014569,2160,3.3346547668832414
14,120,0001,4573,1412000014573,2233,3.34908316877959
14,120,0001,4588,1412000014588,2319,3.3654879848909
14,120,0001,4592,1412000014592,4216,3.6250036010148636
14,120,0001,4605,1412000014605,5955,3.7749546890801384
14,120,0001,461A,141200001461A,2526,3.4026052419199146
14,120,0001,4643,1412000014643,4674,3.6697816152085365
14,120,0001,4658,1412000014658,7980,3.9020573108084666
14,120,0001,4662,1412000014662,4888,3.6892200372638357
14,120,0001,4677,1412000014677,2892,3.461348433647983
14,120,0001,4728,1412000014728,2053,3.3126004392612596
14,120,0001,4732,1412000014732,2114,3.325310371711061
14,120,0001,4766,1412000014766,0,0.0
14,120,0001,4770,1412000014770,64,1.8129133566428555
14,120,0001,479A,141200001479A,406,2.60959440922522
14,120,0001,4821,1412000014821,0,0.0
14,120,0001,4836,1412000014836,0,0.0
14,120,0001,4840,1412000014840,0,0.0
14,120,0001,4855,1412000014855,1059,3.0253058652647704
14,120,0001,486A,141200001486A,468,2.6711728427150834
14,120,0001,4874,1412000014874,295,2.4712917110589387
14,120,0001,4889,1412000014889,5202,3.7162538258960365
14,120,0001,4906,1412000014906,0,0.0
14,120,0001,4910,1412000014910,0,0.0
14,120,0001,4925,1412000014925,896,2.952792443044092
14,120,0001,4944,1412000014944,0,0.0
14,120,0001,4963,1412000014963,274,2.439332693830263
14,120,0001,4978,1412000014978,1102,3.0425755124401905
14,120,0001,5105,1412000015105,1932,3.286231854028553
14,120,0001,5124,1412000015124,97,1.9912260756924949
14,120,0001,5139,1412000015139,848,2.928907690243953
14,120,0001,5143,1412000015143,2363,3.3736474722092176
14,120,0001,5158,1412000015158,3081,3.4888326343824003
14,120,0001,5162,1412000015162,1668,3.222456336679247
14,120,0001,5177,1412000015177,4037,3.6061663146076204
14,120,0001,5181,1412000015181,70,1.8512583487190752
14,120,0001,5196,1412000015196,1393,3.144262773761991
14,120,0001,5209,1412000015209,6805,3.8328919447597904
14,120,0001,5228,1412000015228,441,2.645422269349092
14,120,0001,5251,1412000015251,2182,3.339053735709139
14,120,0001,5266,1412000015266,7324,3.864807629026147
14,120,0001,5270,1412000015270,754,2.8779469516291885
14,120,0001,5285,1412000015285,2545,3.4058583993176366
14,120,0001,529A,141200001529A,206,2.315970345456918
14,120,0001,5302,1412000015302,2851,3.4551495211798278
14,120,0001,5317,1412000015317,3383,3.529430354366986
14,120,0001,5336,1412000015336,3252,3.5122840632818537
14,120,0001,5340,1412000015340,9337,3.970253869594787
14,120,0001,5355,1412000015355,981,2.9921114877869495
14,120,0001,536A,141200001536A,3113,3.4933186082321015
14,120,0001,5374,1412000015374,5026,3.7013088852280753
14,120,0001,5444,1412000015444,3229,3.509202522331103
14,120,0001,5459,1412000015459,3688,3.5669086552268032
14,120,0001,5463,1412000015463,4251,3.6285932558512592
14,120,0001,5478,1412000015478,2157,3.334051440346892
14,120,0001,5482,1412000015482,1262,3.101403350555331
14,120,0001,5497,1412000015497,5123,3.7096091210726487
14,120,0001,550A,141200001550A,2478,3.3942765267678214
14,120,0001,5533,1412000015533,6650,3.8228869478341507
14,120,0001,5548,1412000015548,3367,3.527372082827612
14,120,0001,5552,1412000015552,4055,3.6080979463252794
14,120,0001,5622,1412000015622,64,1.8129133566428555
14,120,0001,5637,1412000015637,1803,3.256236533205923
14,120,0001,5641,1412000015641,422,2.6263403673750423
14,120,0001,5656,1412000015656,589,2.7708520116421442
14,120,0001,5660,1412000015660,648,2.812244696800369
14,120,0001,5675,1412000015675,248,2.3961993470957363
14,120,0001,5694,1412000015694,1179,3.0718820073061255
14,120,0001,5745,1412000015745,737,2.8680563618230415
14,120,0001,575A,141200001575A,309,2.4913616938342726
14,120,0001,5798,1412000015798,2648,3.423081958297231
14,120,0001,5800,1412000015800,2673,3.4271614029259654
14,120,0001,5815,1412000015815,1785,3.2518814545525276
14,120,0001,582A,141200001582A,3333,3.5229655954919865
14,120,0001,5834,1412000015834,1624,3.210853365314893
14,120,0001,5849,1412000015849,5018,3.700617195682057
14,120,0001,5938,1412000015938,203,2.3096301674258988
14,120,0001,5942,1412000015942,6209,3.79309160017658
14,120,0001,600A,141200001600A,218,2.3404441148401185
14,120,0001,6014,1412000016014,1043,3.0187004986662433
14,120,0001,6029,1412000016029,0,0.0
14,120,0001,6033,1412000016033,1681,3.2258259914618934
14,120,0001,6048,1412000016048,2318,3.3653007486379876
14,120,0001,6052,1412000016052,2022,3.3059958827708047
14,120,0001,6067,1412000016067,2133,3.329194415088451
14,120,0001,6071,1412000016071,2461,3.3912880485952974
14,120,0001,6086,1412000016086,0,0.0
14,120,0001,6090,1412000016090,0,0.0
14,120,0001,6103,1412000016103,535,2.72916478969277
14,120,0001,6118,1412000016118,693,2.841359470454855
14,120,0001,6122,1412000016122,308,2.4899584794248346
14,120,0001,6141,1412000016141,1044,3.019116290447073
14,120,0001,6175,1412000016175,2101,3.3226327116922234
14,120,0001,6283,1412000016283,841,2.9253120914996495
14,120,0001,6298,1412000016298,332,2.5224442335063197
14,120,0001,6300,1412000016300,4653,3.667826378950711
14,120,0001,6315,1412000016315,58,1.7708520116421442
14,120,0001,632A,141200001632A,201,2.305351369446624
14,120,0001,6391,1412000016391,3968,3.5986810989071634
14,120,0001,6423,1412000016423,0,0.0
14,120,0001,6438,1412000016438,3069,3.4871383754771865
14,120,0001,6495,1412000016495,114,2.060697840353612
14,120,0001,6508,1412000016508,4429,3.6464037262230695
14,120,0001,6512,1412000016512,4661,3.668572269184558
14,120,0001,6527,1412000016527,3302,3.518908573691414
14,120,0001,6531,1412000016531,4726,3.6745856023029138
14,120,0001,6546,1412000016546,6407,3.8067225030761813
14,120,0001,6550,1412000016550,2998,3.476976465759527
14,120,0001,6565,1412000016565,2940,3.468495024507069
14,120,0001,657A,141200001657A,2953,3.470410490975931
14,120,0001,6584,1412000016584,1974,3.295567099962479
14,120,0001,6599,1412000016599,1273,3.1051694279993316
14,120,0001,6601,1412000016601,280,2.44870631990508
14,120,0001,6616,1412000016616,115,2.0644579892269186
14,120,0001,6620,1412000016620,2936,3.4679039465228003
14,120,0001,6635,1412000016635,3332,3.52283531366053
14,120,0001,664A,141200001664A,3091,3.4902394852462875
14,120,0001,6705,1412000016705,3051,3.484584529282843
14,120,0001,671A,141200001671A,4269,3.630427875025024
14,120,0001,6724,1412000016724,3049,3.484299839346786
14,120,0001,6739,1412000016739,2396,3.379668034033654
14,120,0001,6743,1412000016743,5337,3.727378569451489
14,120,0001,6758,1412000016758,5465,3.737669627356642
14,120,0001,6762,1412000016762,3008,3.4784221877400805
14,120,0001,6777,1412000016777,5585,3.747100931364986
14,120,0001,6781,1412000016781,759,2.8808135922807914
14,120,0001,6796,1412000016796,1478,3.1699681739968923
14,120,0001,6809,1412000016809,2268,3.355834495884936
14,120,0001,6813,1412000016813,2570,3.4101020766428607
14,120,0001,6828,1412000016828,1880,3.274388795550379
14,120,0001,6832,1412000016832,5929,3.7730546933642626
14,120,0001,6847,1412000016847,2117,3.325925955771466
14,120,0001,6851,1412000016851,825,2.9169800473203824
14,120,0001,6866,1412000016866,914,2.9614210940664485
14,120,0001,6870,1412000016870,957,2.9813655090785445
14,120,0001,6885,1412000016885,5490,3.7396514437093766
14,120,0001,689A,141200001689A,4316,3.635182048656268
14,120,0001,6902,1412000016902,4425,3.6460114095912393
14,120,0001,6917,1412000016917,1833,3.263399331334002
14,120,0001,6921,1412000016921,1424,3.153814864344529
14,120,0001,7008,1412000017008,1677,3.2247919564926817
14,120,0001,7012,1412000017012,3205,3.505963518018126
14,120,0001,7027,1412000017027,1082,3.0346284566253203
14,120,0001,7031,1412000017031,1166,3.0670708560453703
14,120,0001,7046,1412000017046,1259,3.100370545117563
14,120,0001,7050,1412000017050,504,2.7032913781186614
14,120,0001,7065,1412000017065,937,2.9722028383790646
14,120,0001,707A,141200001707A,556,2.745855195173729
14,120,0001,7084,1412000017084,106,2.0293837776852097
14,120,0001,7099,1412000017099,1151,3.061452479087193
14,120,0001,7101,1412000017101,601,2.7795964912578244
14,120,0001,7116,1412000017116,1325,3.1225435240687545
14,120,0001,7120,1412000017120,2056,3.313234291694724
14,120,0001,7135,1412000017135,907,2.958085848521085
14,120,0001,714A,141200001714A,1459,3.164352855784437
14,120,0001,7154,1412000017154,247,2.3944516808262164
14,120,0001,7169,1412000017169,305,2.48572142648158
14,120,0001,7188,1412000017188,168,2.2278867046136734
14,120,0001,7205,1412000017205,1067,3.0285712526925375
14,120,0001,721A,141200001721A,203,2.3096301674258988
14,120,0001,7258,1412000017258,30,1.4913616938342726
14,120,0001,7262,1412000017262,189,2.278753600952829
14,120,0001,7277,1412000017277,1276,3.1061908972634154
14,120,0001,7281,1412000017281,270,2.432969290874406
14,120,0001,7296,1412000017296,640,2.8068580295188172
14,120,0001,7309,1412000017309,1814,3.258876629372131
14,120,0001,7313,1412000017313,320,2.506505032404872
14,120,0001,7328,1412000017328,372,2.571708831808688
14,120,0001,7332,1412000017332,88,1.9493900066449128
14,120,0001,7366,1412000017366,1245,3.095518042323151
14,120,0001,7370,1412000017370,2086,3.3195224490654542
14,120,0001,7385,1412000017385,370,2.569373909615046
14,120,0001,739A,141200001739A,1648,3.217220655644519
14,120,0001,7402,1412000017402,326,2.514547752660286
14,120,0001,7417,1412000017417,285,2.456366033129043
14,120,0062,0161,1412000620161,2834,3.452553063228925
14,120,0062,0176,1412000620176,4827,3.6837672614253116
14,120,0062,0180,1412000620180,2496,3.397418542351348
14,120,0062,0208,1412000620208,1120,3.049605612594973
14,120,0062,0284,1412000620284,1126,3.0519239160461065
14,120,0062,0299,1412000620299,839,2.9242792860618816
14,120,0139,5980,1412001395980,2798,3.4470028984661623
14,120,0139,5995,1412001395995,1254,3.098643725817057
14,120,0206,504A,141200206504A,1199,3.0791812460476247
14,120,0206,5054,1412002065054,1748,3.2427898094786767
14,120,0206,6461,1412002066461,12,1.1139433523068367
14,120,0206,7347,1412002067347,10,1.0413926851582251
14,120,0231,2026,1412002312026,3626,3.5595475555804343
14,120,0231,2045,1412002312045,2598,3.4148062795010126
14,120,0231,205A,141200231205A,4075,3.610234175334389
14,120,0231,2079,1412002312079,2035,3.3087777736647213
14,120,0231,3823,1412002313823,4797,3.6810602436318116
14,120,0231,3838,1412002313838,2877,3.4590907896005865
14,120,0231,3842,1412002313842,2454,3.3900514964589874
14,120,0231,3895,1412002313895,514,2.711807229041191
14,120,0231,3999,1412002313999,326,2.514547752660286
14,120,0231,4003,1412002314003,2114,3.325310371711061
14,120,0231,4145,1412002314145,6278,3.797890483058349
14,120,0231,415A,141200231415A,2724,3.4353665066126613
14,120,0231,4164,1412002314164,4312,3.634779458145952
14,120,0231,4179,1412002314179,8218,3.9148189804474733
14,120,0231,4802,1412002314802,0,0.0
14,120,0231,4817,1412002314817,119,2.0791812460476247
14,120,0231,5035,1412002315035,147,2.1702617153949575
14,120,0231,5590,1412002315590,172,2.2380461031287955
14,120,0231,5603,1412002315603,0,0.0
14,120,0231,5618,1412002315618,956,2.9809119377768436
14,120,0231,5726,1412002315726,5716,3.7571681922142726
14,120,0231,5730,1412002315730,1083,3.0350292822023683
14,120,0231,5779,1412002315779,3632,3.5602653978627146
14,120,0231,5872,1412002315872,3986,3.6006462356623943
14,120,0231,5887,1412002315887,3272,3.5149460053080044
14,120,0231,6207,1412002316207,209,2.322219294733919
14,120,0231,6211,1412002316211,96,1.9867717342662448
14,120,0231,6226,1412002316226,173,2.2405492482826
14,120,0231,6230,1412002316230,3512,3.5456781497920256
14,120,0231,6245,1412002316245,1586,3.2005769267548483
14,120,0231,625A,141200231625A,679,2.832508912706236
14,120,0231,6264,1412002316264,1215,3.084933574936716
14,120,0231,6404,1412002316404,554,2.7442929831226763
14,120,0231,6476,1412002316476,58,1.7708520116421442
14,120,0231,6480,1412002316480,15,1.2041199826559248
14,120,0231,6654,1412002316654,3085,3.4893959217271293
14,120,0231,6669,1412002316669,1301,3.114610984232173
14,120,0231,6673,1412002316673,2131,3.3287872003545345
14,120,0231,6688,1412002316688,1464,3.1658376246901283
14,120,0231,6692,1412002316692,1206,3.081707270097349
14,120,0231,696A,141200231696A,1415,3.15106325335375
14,120,0231,6974,1412002316974,600,2.7788744720027396
14,120,0231,6989,1412002316989,2346,3.3705130895985924
14,120,0231,6993,1412002316993,1215,3.084933574936716
14,120,0231,7173,1412002317173,106,2.0293837776852097
14,120,0231,7192,1412002317192,1250,3.09725730969342
14,120,0231,7224,1412002317224,69,1.845098040014257
14,120,0231,7239,1412002317239,71,1.8573324964312685
14,120,0231,7243,1412002317243,123,2.093421685162235
14,120,0231,7351,1412002317351,910,2.9595183769729982
14,120,0231,7436,1412002317436,211,2.326335860928751
14,120,0243,4709,1412002434709,3399,3.531478917042255
14,120,0243,4713,1412002434713,2086,3.3195224490654542
14,120,0430,6936,1412004306936,1865,3.2709116394104814
14,120,0430,6940,1412004306940,3747,3.5737995822157407
14,120,0430,6955,1412004306955,3643,3.5615783683009608
14,120,0430,7421,1412004307421,4794,3.6807886115066824
14,120,0750,0301,1412007500301,4090,3.6118294794983736
14,120,0750,0316,1412007500316,2846,3.454387467146955
14,120,0753,0320,1412007530320,2902,3.4628470358316736
14,120,0756,0335,1412007560335,1091,3.0382226383687185
14,120,0756,0424,1412007560424,2467,3.392345155361204
14,120,0757,0439,1412007570439,2153,3.3332456989619628
14,120,0757,0462,1412007570462,1431,3.1559430179718366
14,120,0758,0496,1412007580496,3471,3.540579716504454
14,120,0758,0509,1412007580509,3629,3.5599066250361124
14,120,0758,0551,1412007580551,2967,3.4724638966069894
14,120,0758,0566,1412007580566,3525,3.5472823079633033
14,120,0758,0693,1412007580693,4273,3.630834517828051
14,120,0758,0744,1412007580744,4470,3.6504046698680317
14,120,0758,0759,1412007580759,2882,3.459844642388208
14,120,0758,0797,1412007580797,2961,3.47158505418519
14,120,0758,080A,141200758080A,4591,3.662001879389917
14,120,0758,0829,1412007580829,2907,3.463594402187
14,120,0758,0833,1412007580833,1637,3.2143138974244
14,120,0758,0848,1412007580848,2014,3.3042750504771283
14,120,0763,0852,1412007630852,1705,3.231979026831504
14,120,0763,0867,1412007630867,2468,3.3925210899319325
14,121,0001,0084,1412100010084,2783,3.4446692309385245
14,121,0001,0099,1412100010099,3777,3.577261953585815
14,121,0001,0101,1412100010101,1671,3.2232362731029975
14,121,0001,0116,1412100010116,2602,3.4154741681092355
14,121,0001,0120,1412100010120,1567,3.1953460583484197
14,121,0001,0135,1412100010135,1172,3.0692980121155293
14,121,0001,014A,141210001014A,831,2.920123326290724
14,121,0001,0154,1412100010154,273,2.437750562820388
14,121,0001,0169,1412100010169,243,2.387389826338729
14,121,0001,0173,1412100010173,2810,3.4488608456074408
14,121,0001,0188,1412100010188,793,2.8998205024270964
14,121,0001,0192,1412100010192,1288,3.110252917353403
14,121,0001,0205,1412100010205,279,2.4471580313422194
14,121,0001,021A,141210001021A,11,1.0791812460476249
14,121,0001,0224,1412100010224,128,2.110589710299249
14,121,0001,0239,1412100010239,2353,3.371806458507416
14,121,0001,0243,1412100010243,2911,3.4641913706409997
14,121,0001,0258,1412100010258,154,2.1903316981702914
14,121,0001,0262,1412100010262,40,1.6127838567197355
14,121,0001,0296,1412100010296,29,1.4771212547196624
14,121,0001,0313,1412100010313,24,1.3979400086720377
14,121,0001,0328,1412100010328,16,1.2304489213782739
14,121,0001,0366,1412100010366,174,2.2430380486862944
14,121,0001,0370,1412100010370,132,2.123851640967086
14,121,0001,0402,1412100010402,289,2.462397997898956
14,121,0001,0417,1412100010417,31,1.505149978319906
14,121,0001,0421,1412100010421,773,2.8887409606828927
14,121,0001,0436,1412100010436,106,2.0293837776852097
14,121,0021,0332,1412100210332,57,1.7634279935629373
14,121,0021,0347,1412100210347,1472,3.168202746842631
14,121,0021,0351,1412100210351,1357,3.132899769944483
14,121,0021,0385,1412100210385,10,1.0413926851582251
14,121,0021,039A,141210021039A,6,0.8450980400142568
14,121,0021,0440,1412100210440,6,0.8450980400142568
14,121,0021,0455,1412100210455,4,0.6989700043360189
14,122,0001,0058,1412200010058,4158,3.6189889203649335
14,122,0001,0062,1412200010062,56,1.7558748556724915
14,123,0001,006A,141230001006A,173,2.2405492482826
14,123,0001,0074,1412300010074,236,2.374748346010104
14,123,0001,0089,1412300010089,1240,3.09377178149873
14,123,0001,0093,1412300010093,1322,3.1215598441875008
14,123,0001,0106,1412300010106,355,2.5514499979728753
14,123,0001,0110,1412300010110,4,0.6989700043360189
14,123,0001,0125,1412300010125,0,0.0
14,123,0041,013A,141230041013A,1600,3.2043913319193
14,123,0041,0144,1412300410144,1473,3.1684974835230326
14,123,0041,0159,1412300410159,7,0.9030899869919435
14,124,0001,0122,1412400010122,2656,3.4243915544102776
14,124,0001,0137,1412400010137,2855,3.455758203104137
14,124,0001,0141,1412400010141,1901,3.279210512601395
14,124,0001,0156,1412400010156,3023,3.480581786829169
14,124,0001,0175,1412400010175,2626,3.4194600727860704
14,124,0001,018A,141240001018A,3715,3.5700757053216043
14,124,0001,0211,1412400010211,2803,3.447778009294621
14,124,0001,0226,1412400010226,1034,3.0149403497929366
14,124,0001,0230,1412400010230,21,1.3424226808222062
14,124,0001,0245,1412400010245,5,0.7781512503836436
14,124,0001,025A,141240001025A,15,1.2041199826559248
14,124,0001,0264,1412400010264,4,0.6989700043360189
14,124,0001,0279,1412400010279,156,2.1958996524092336
14,124,0001,0283,1412400010283,239,2.380211241711606
14,124,0001,0298,1412400010298,155,2.1931245983544616
14,124,0001,0300,1412400010300,401,2.60422605308447
14,124,0001,0315,1412400010315,30,1.4913616938342726
14,124,0001,032A,141240001032A,21,1.3424226808222062
14,124,0001,0334,1412400010334,199,2.3010299956639813
14,124,0001,0349,1412400010349,43,1.6434526764861874
14,124,0001,0372,1412400010372,40,1.6127838567197355
14,124,0001,0404,1412400010404,151,2.1818435879447726
14,124,0001,0419,1412400010419,20,1.3222192947339193
14,124,0001,0423,1412400010423,73,1.8692317197309762
14,124,0001,0438,1412400010438,734,2.8662873390841948
14,124,0001,0442,1412400010442,88,1.9493900066449128
14,124,0001,0457,1412400010457,84,1.9294189257142926
14,124,0001,0461,1412400010461,221,2.346352974450639
14,124,0001,0476,1412400010476,17,1.255272505103306
14,124,0001,0480,1412400010480,2056,3.313234291694724
14,124,0001,0495,1412400010495,3190,3.5039268041935103
14,124,0001,0508,1412400010508,304,2.484299839346786
14,124,0001,0512,1412400010512,1760,3.245759355967277
14,124,0001,0527,1412400010527,2142,3.3310221710418286
14,124,0001,0531,1412400010531,61,1.792391689498254
14,124,0001,0546,1412400010546,21,1.3424226808222062
14,124,0001,0550,1412400010550,116,2.0681858617461617
14,124,0001,0565,1412400010565,155,2.1931245983544616
14,124,0001,057A,141240001057A,149,2.1760912590556813
14,124,0001,0584,1412400010584,0,0.0
14,124,0094,0387,1412400940387,1509,3.1789769472931693
14,124,0094,0391,1412400940391,1452,3.1622656142980214
14,124,0176,0160,1412401760160,2793,3.446226401778163
14,124,0176,0599,1412401760599,122,2.089905111439398
14,124,0176,0601,1412401760601,6,0.8450980400142568
14,125,0001,0011,1412500010011,1465,3.166133970305109
14,125,0001,0026,1412500010026,1172,3.0692980121155293
14,125,0001,0030,1412500010030,955,2.9804578922761
14,125,0001,0045,1412500010045,769,2.886490725172482
14,125,0001,005A,141250001005A,911,2.959994838328416
14,125,0001,0064,1412500010064,865,2.937517892017347
14,125,0001,0079,1412500010079,659,2.8195439355418688
14,125,0001,0083,1412500010083,1208,3.0824263008607717
14,125,0001,0098,1412500010098,1061,3.0261245167454502
14,125,0001,0100,1412500010100,1272,3.1048284036536553
14,125,0001,0134,1412500010134,131,2.12057393120585
14,125,0001,0149,1412500010149,5,0.7781512503836436
14,125,0001,0153,1412500010153,48,1.6901960800285136
