ENTIDAD,MUN,LOC,AGEB,CVEGEO,POBTOT,log_POBTOT
15,001,0001,0127,1500100010127,3373,3.5281450782531065
15,001,0001,0220,1500100010220,373,2.5728716022004803
15,001,0001,0235,1500100010235,378,2.578639209968072
15,001,0001,0254,1500100010254,171,2.2355284469075487
15,001,0001,0269,1500100010269,155,2.1931245983544616
15,001,0001,0273,1500100010273,149,2.1760912590556813
15,001,0001,0288,1500100010288,596,2.775974331129369
15,001,0001,0324,1500100010324,93,1.9731278535996986
15,001,0001,0339,1500100010339,309,2.4913616938342726
15,001,0001,0343,1500100010343,391,2.593286067020457
15,001,0037,0305,1500100370305,2821,3.450557009418329
15,001,0037,031A,150010037031A,1843,3.2657609167176105
15,002,0001,0228,1500200010228,2613,3.4173055832445254
15,002,0001,0232,1500200010232,3555,3.5509617522981762
15,002,0001,050A,150020001050A,255,2.4082399653118496
15,002,0001,0514,1500200010514,26,1.4313637641589874
15,002,0005,0177,1500200050177,6148,3.7888044930446485
15,002,0008,036A,150020008036A,3652,3.5626496722119168
15,002,0008,0374,1500200080374,1033,3.0145205387579237
15,002,0008,0389,1500200080389,357,2.5538830266438746
15,002,0008,068A,150020008068A,420,2.6242820958356683
15,002,0011,0656,1500200110656,1969,3.294466226161593
15,002,0011,0660,1500200110660,1636,3.2140486794119414
15,002,0012,0181,1500200120181,5816,3.7646990637983677
15,002,0012,0694,1500200120694,892,2.9508514588885464
15,002,0015,0069,1500200150069,130,2.1172712956557644
15,002,0015,0073,1500200150073,2559,3.4082399653118496
15,002,0015,0088,1500200150088,567,2.754348335711019
15,002,0015,0105,1500200150105,418,2.622214022966295
15,002,0015,011A,150020015011A,245,2.3909351071033793
15,002,0015,0124,1500200150124,3580,3.554004321011903
15,002,0015,0143,1500200150143,4642,3.666798683666174
15,002,0015,0158,1500200150158,4498,3.653115993165567
15,002,0015,0196,1500200150196,2553,3.4072208929273966
15,002,0015,0247,1500200150247,2860,3.4565178578052627
15,002,0015,0251,1500200150251,2777,3.4437322414015967
15,002,0015,0266,1500200150266,3778,3.5773768919170146
15,002,0015,0270,1500200150270,2847,3.4545399849648186
15,002,0015,0285,1500200150285,3721,3.570776368794748
15,002,0015,029A,150020015029A,4719,3.673941998634088
15,002,0015,0302,1500200150302,0,0.0
15,002,0015,0336,1500200150336,2565,3.4092566520389096
15,002,0015,0340,1500200150340,2343,3.369957607346053
15,002,0015,0355,1500200150355,1187,3.074816440645175
15,002,0015,0410,1500200150410,765,2.884228769632604
15,002,0015,0425,1500200150425,392,2.5943925503754266
15,002,0015,043A,150020015043A,1750,3.243286146083446
15,002,0015,0444,1500200150444,1664,3.2214142378423385
15,002,0015,0459,1500200150459,7431,3.871105700985585
15,002,0015,0463,1500200150463,6158,3.7895102040902544
15,002,0015,0478,1500200150478,7834,3.894039000804609
15,002,0015,0482,1500200150482,9921,3.996599222700167
15,002,0015,0497,1500200150497,3764,3.5757649805367193
15,002,0015,0533,1500200150533,1572,3.196728722623287
15,002,0015,0548,1500200150548,4386,3.642167634404945
15,002,0015,0552,1500200150552,3590,3.555215405126073
15,002,0015,0567,1500200150567,4827,3.6837672614253116
15,002,0015,0571,1500200150571,1732,3.238798562713917
15,002,0015,0586,1500200150586,3398,3.5313511645830595
15,002,0015,0590,1500200150590,2962,3.471731651480051
15,002,0015,0603,1500200150603,1909,3.2810333672477277
15,002,0015,0618,1500200150618,1739,3.2405492482826
15,002,0015,0622,1500200150622,2239,3.3502480183341627
15,002,0015,0637,1500200150637,3581,3.554125581513013
15,002,0015,0641,1500200150641,3170,3.501196242027089
15,002,0015,0675,1500200150675,5,0.7781512503836436
15,002,0016,0162,1500200160162,2936,3.4679039465228003
15,002,0016,0209,1500200160209,1969,3.294466226161593
15,002,0016,0529,1500200160529,505,2.7041505168397992
15,002,0052,0393,1500200520393,5984,3.7770641547424293
15,002,0069,0016,1500200690016,5561,3.7452309845281406
15,003,0001,0117,1500300010117,1957,3.291812687467119
15,003,0024,0225,1500300240225,2832,3.452246574520437
15,004,0001,0044,1500400010044,3158,3.499549625905149
15,005,0001,0164,1500500010164,1104,3.0433622780211294
15,005,0001,0361,1500500010361,951,2.9786369483844743
15,005,0001,0450,1500500010450,966,2.9854264740830017
15,005,0004,0215,1500500040215,7929,3.8992731873176036
15,005,0016,0431,1500500160431,5123,3.7096091210726487
15,005,0017,022A,150050017022A,4040,3.606488850442648
15,005,0018,0287,1500500180287,3060,3.4858633295973345
15,005,0032,0145,1500500320145,9373,3.9719249491841913
15,005,0032,015A,150050032015A,2475,3.39375064034808
15,005,0032,0376,1500500320376,1105,3.0437551269686796
15,005,0032,047A,150050032047A,60,1.7853298350107671
15,005,0032,0484,1500500320484,4222,3.625621081424908
15,005,0034,0380,1500500340380,5054,3.70372115992702
15,005,0035,0499,1500500350499,3877,3.5886078047426864
15,005,0037,0395,1500500370395,3595,3.5558196830611912
15,005,0041,0287,1500500410287,2527,3.402777069610347
15,005,0044,0338,1500500440338,3997,3.601842789782098
15,005,0045,0342,1500500450342,11746,4.069926968752473
15,005,0075,0323,1500500750323,2615,3.4176377396522297
15,005,0143,0501,1500501430501,2632,3.4204508591060683
15,005,0165,0516,1500501650516,3227,3.5089335260500327
15,005,0165,0520,1500501650520,5636,3.751048034820188
15,005,0165,0535,1500501650535,1381,3.1405080430381798
15,005,0165,054A,150050165054A,343,2.53655844257153
15,005,0165,0554,1500501650554,918,2.9633155113861114
15,005,0167,0304,1500501670304,2887,3.4605971888976015
15,005,0168,0573,1500501680573,5503,3.740678425227455
15,005,0168,0588,1500501680588,2576,3.4111144185509046
15,006,0001,0049,1500600010049,5126,3.709863317440399
15,006,0001,0053,1500600010053,4700,3.6721902511882525
15,006,0001,0068,1500600010068,744,2.8721562727482928
15,006,0001,0072,1500600010072,222,2.3483048630481607
15,007,0001,0046,1500700010046,1517,3.1812717715594614
15,007,0011,0050,1500700110050,2982,3.474653253362063
15,007,0012,0065,1500700120065,2683,3.4287825114969546
15,007,0013,0065,1500700130065,3253,3.51241754860084
15,008,0001,0081,1500800010081,1911,3.2814878879400813
15,008,0027,0151,1500800270151,1278,3.106870544478654
15,008,0027,0166,1500800270166,1038,3.016615547557177
15,008,0027,0170,1500800270170,237,2.376576957056512
15,008,0027,0185,1500800270185,27,1.4471580313422192
15,008,0027,019A,150080027019A,339,2.531478917042255
15,008,0027,0202,1500800270202,58,1.7708520116421442
15,008,0027,0217,1500800270217,45,1.662757831681574
15,009,0001,0036,1500900010036,5444,3.735997884091794
15,009,0001,0040,1500900010040,7111,3.8519917479621575
15,009,0001,006A,150090001006A,6330,3.801472313521471
15,009,0001,0093,1500900010093,2643,3.4222614508136027
15,009,0001,0125,1500900010125,1070,3.029789470831856
15,009,0001,0144,1500900010144,3695,3.567731962548069
15,009,0001,0159,1500900010159,6129,3.787460474518415
15,009,0001,0182,1500900010182,5,0.7781512503836436
15,009,0001,0252,1500900010252,179,2.255272505103306
15,009,0001,0267,1500900010267,1110,3.0457140589408676
15,009,0003,0017,1500900030017,1436,3.157456768134226
15,009,0003,0021,1500900030021,1787,3.2523675144598987
15,009,0005,0233,1500900050233,2024,3.3064250275506875
15,009,0006,0106,1500900060106,2825,3.45117215751254
15,009,0006,0110,1500900060110,2615,3.4176377396522297
15,009,0006,0248,1500900060248,1,0.3010299956639812
15,009,0007,0074,1500900070074,2610,3.4168068718229443
15,010,0001,015A,150100001015A,645,2.8102325179950842
15,010,0001,0179,1501000010179,536,2.7299742856995555
15,010,0001,0198,1501000010198,2161,3.3348556896172914
15,010,0001,0200,1501000010200,2690,3.4299136977637543
15,010,0001,0215,1501000010215,1984,3.297760511099134
15,010,0001,022A,150100001022A,3556,3.55108386518578
15,010,0001,0234,1501000010234,834,2.921686475483602
15,010,0001,0249,1501000010249,1948,3.2898118391176214
15,010,0001,0253,1501000010253,195,2.292256071356476
15,010,0001,0268,1501000010268,30,1.4913616938342726
15,010,0001,0272,1501000010272,42,1.6334684555795864
15,010,0001,0287,1501000010287,157,2.1986570869544226
15,010,0001,0291,1501000010291,219,2.342422680822206
15,010,0001,0304,1501000010304,174,2.2430380486862944
15,010,0002,0041,1501000020041,3878,3.5887197796000563
15,010,0007,0183,1501000070183,3990,3.6010817277840235
15,011,0001,0053,1501100010053,4150,3.6181527333785195
15,011,0001,0068,1501100010068,7448,3.8720979742742268
15,011,0001,0123,1501100010123,2231,3.348694190265541
15,011,0001,0138,1501100010138,1212,3.083860800866573
15,011,0001,0142,1501100010142,2543,3.4055171069763763
15,011,0001,0176,1501100010176,1098,3.0409976924234905
15,011,0001,0180,1501100010180,835,2.9222062774390163
15,011,0001,0231,1501100010231,306,2.4871383754771865
15,011,0002,0049,1501100020049,4935,3.6933751510251853
15,011,0002,0161,1501100020161,1268,3.103461622094705
15,011,0002,0212,1501100020212,235,2.3729120029701067
15,011,0002,0227,1501100020227,1148,3.060320028688285
15,011,0002,0246,1501100020246,158,2.2013971243204513
15,011,0004,0034,1501100040034,4004,3.6026025204202563
15,011,0004,0157,1501100040157,929,2.9684829485539352
15,011,0004,034A,150110004034A,615,2.7895807121644256
15,011,0005,0015,1501100050015,4137,3.616790486329716
15,011,0013,0250,1501100130250,3378,3.5287881917748964
15,011,0013,0265,1501100130265,2632,3.4204508591060683
15,011,0013,0354,1501100130354,335,2.526339277389844
15,011,0023,002A,150110023002A,3649,3.5622928644564746
15,011,0029,0284,1501100290284,2649,3.423245873936808
15,011,0029,0299,1501100290299,1384,3.1414497734004674
15,011,0029,0301,1501100290301,1748,3.2427898094786767
15,011,0029,0316,1501100290316,1460,3.1646502159342966
15,011,0029,0320,1501100290320,1751,3.243534101832062
15,011,0031,0072,1501100310072,4523,3.6555225962534177
15,011,0031,0087,1501100310087,3078,3.488409688903198
15,011,0031,0091,1501100310091,844,2.926856708949692
15,011,0033,0195,1501100330195,4374,3.640978057358332
15,012,0001,0046,1501200010046,4187,3.622006673006805
15,012,0001,0050,1501200010050,3654,3.562887381293879
15,012,0001,0065,1501200010065,1635,3.2137832993353044
15,012,0001,007A,150120001007A,903,2.9561684304753633
15,012,0001,0084,1501200010084,494,2.694605198933569
15,013,0001,0039,1501300010039,3697,3.567966906823154
15,013,0001,0062,1501300010062,7797,3.891983230851967
15,013,0001,0128,1501300010128,3651,3.562530768862261
15,013,0001,0132,1501300010132,1978,3.296445794206396
15,013,0001,0147,1501300010147,4870,3.68761812957177
15,013,0001,0170,1501300010170,5911,3.7717344253867693
15,013,0001,0202,1501300010202,3759,3.575187844927661
15,013,0001,0221,1501300010221,4256,3.6291036501771363
15,013,0001,0236,1501300010236,6935,3.8411090844681537
15,013,0001,0255,1501300010255,5902,3.7710727832211948
15,013,0001,0274,1501300010274,5867,3.768490105171245
15,013,0001,0344,1501300010344,1521,3.182414652434554
15,013,0001,0359,1501300010359,783,2.8943160626844384
15,013,0001,0363,1501300010363,1522,3.1826999033360424
15,013,0001,0378,1501300010378,54,1.7403626894942439
15,013,0001,0382,1501300010382,2707,3.4326486600131068
15,013,0001,0397,1501300010397,2227,3.3479151865016914
15,013,0001,040A,150130001040A,6549,3.816241299991783
15,013,0001,0429,1501300010429,620,2.79309160017658
15,013,0001,0433,1501300010433,4641,3.666705136119899
15,013,0001,0448,1501300010448,3071,3.4874212113594742
15,013,0001,0490,1501300010490,5923,3.772615049849171
15,013,0001,0503,1501300010503,2164,3.3354579006893843
15,013,0001,0522,1501300010522,4890,3.6893976628212823
15,013,0001,0556,1501300010556,7690,3.8859828113549733
15,013,0001,0560,1501300010560,5139,3.710963118995276
15,013,0001,058A,150130001058A,1042,3.018284308426531
15,013,0001,0594,1501300010594,903,2.9561684304753633
15,013,0001,0607,1501300010607,1851,3.2676409823459154
15,013,0001,0611,1501300010611,1203,3.0806264869218056
15,013,0001,0626,1501300010626,1183,3.073351702386901
15,013,0001,0630,1501300010630,5533,3.7430391548049333
15,013,0001,0645,1501300010645,774,2.88930170250631
15,013,0001,065A,150130001065A,1042,3.018284308426531
15,013,0001,0664,1501300010664,2831,3.4520932490177314
15,013,0001,0679,1501300010679,2396,3.379668034033654
15,013,0001,0700,1501300010700,744,2.8721562727482928
15,013,0001,0715,1501300010715,4086,3.6114046377115936
15,013,0001,072A,150130001072A,724,2.8603380065709936
15,013,0001,0734,1501300010734,7755,3.8896378004066676
15,013,0001,0749,1501300010749,1687,3.2273724422896364
15,013,0001,0772,1501300010772,3394,3.5308397786165204
15,013,0001,0787,1501300010787,1850,3.267406418752904
15,013,0001,0791,1501300010791,241,2.383815365980431
15,013,0001,0895,1501300010895,4954,3.695043658821294
15,013,0001,0912,1501300010912,8251,3.916559219301114
15,013,0001,0927,1501300010927,7087,3.8505237088789945
15,013,0001,0931,1501300010931,10835,4.034868996361131
15,013,0001,0946,1501300010946,2984,3.4749443354653877
15,013,0001,0950,1501300010950,3440,3.5366846726209302
15,013,0001,0965,1501300010965,4309,3.6344772701607315
15,013,0001,097A,150130001097A,3745,3.5735677730392186
15,013,0001,0984,1501300010984,3124,3.494850021680094
15,013,0001,0999,1501300010999,4320,3.63558426631123
15,013,0001,1003,1501300011003,6622,3.8210547550468883
15,013,0001,1018,1501300011018,10624,4.026328938722349
15,013,0001,1022,1501300011022,6011,3.7790189719148706
15,013,0001,1037,1501300011037,4458,3.6492374723496073
15,013,0001,1041,1501300011041,5013,3.7001843296221977
15,013,0001,1056,1501300011056,2906,3.4634450317704277
15,013,0001,1060,1501300011060,2334,3.368286884902131
15,013,0001,1075,1501300011075,4626,3.665299499499897
15,013,0001,108A,150130001108A,3485,3.5423273827739745
15,013,0001,1094,1501300011094,2092,3.3207692283386865
15,013,0001,1107,1501300011107,3656,3.5631249603380444
15,013,0001,1111,1501300011111,3569,3.552668216112193
15,013,0001,1130,1501300011130,2162,3.3350565194390915
15,013,0001,1179,1501300011179,5036,3.702171950857711
15,013,0001,1183,1501300011183,5789,3.762678563727436
15,013,0001,1198,1501300011198,3568,3.5525465479556604
15,013,0001,1234,1501300011234,5070,3.7050936105478733
15,013,0001,1249,1501300011249,4082,3.610979379922997
15,013,0001,1253,1501300011253,3761,3.5754187912143602
15,013,0001,1268,1501300011268,3253,3.51241754860084
15,013,0001,1272,1501300011272,5287,3.723291446477584
15,013,0001,1287,1501300011287,3230,3.509336958017644
15,013,0001,1291,1501300011291,3798,3.5796692935547205
15,013,0001,1304,1501300011304,2929,3.4668676203541096
15,013,0001,1319,1501300011319,5288,3.7233735670189843
15,013,0001,1323,1501300011323,2858,3.456214155357989
15,013,0001,1338,1501300011338,6705,3.8264635490928014
15,013,0001,1342,1501300011342,5410,3.733277533932582
15,013,0001,1357,1501300011357,4122,3.6152133348013584
15,013,0001,1361,1501300011361,5675,3.7540423867854362
15,013,0001,1376,1501300011376,9043,3.956360553673322
15,013,0001,1380,1501300011380,4033,3.6057358938767465
15,013,0001,1395,1501300011395,5306,3.7248490876293854
15,013,0001,1408,1501300011408,5939,3.7737864449811935
15,013,0001,1412,1501300011412,5651,3.752202153176521
15,013,0001,1427,1501300011427,7221,3.858657484090808
15,013,0001,1431,1501300011431,6058,3.7824009524965296
15,013,0001,1446,1501300011446,5816,3.7646990637983677
15,013,0001,1450,1501300011450,6472,3.8111056070179306
15,013,0001,1465,1501300011465,3253,3.51241754860084
15,013,0001,147A,150130001147A,8065,3.9066582176716
15,013,0001,1484,1501300011484,6229,3.7944880466591697
15,013,0001,1499,1501300011499,7729,3.888179493918325
15,013,0001,1501,1501300011501,5055,3.7038070652743285
15,013,0001,1516,1501300011516,4015,3.603793704136963
15,013,0001,1520,1501300011520,5281,3.722798396870905
15,013,0001,1535,1501300011535,3798,3.5796692935547205
15,013,0001,154A,150130001154A,1964,3.2933625547114453
15,013,0001,1554,1501300011554,2283,3.3586960995738107
15,013,0001,1569,1501300011569,3219,3.507855871695831
15,013,0001,1573,1501300011573,3064,3.486430478854434
15,013,0001,1588,1501300011588,4866,3.687261346243506
15,013,0001,1592,1501300011592,265,2.424881636631067
15,013,0001,1605,1501300011605,0,0.0
15,013,0001,161A,150130001161A,4301,3.6336704060514435
15,013,0001,1624,1501300011624,2159,3.3344537511509307
15,013,0001,1639,1501300011639,2696,3.4308809464528913
15,013,0001,1643,1501300011643,3276,3.515476441382376
15,013,0001,1658,1501300011658,3793,3.5790973265526436
15,013,0001,1662,1501300011662,5286,3.7232093104051116
15,013,0001,1677,1501300011677,2012,3.3038437748886547
15,013,0001,1681,1501300011681,4052,3.607776603741693
15,013,0001,1696,1501300011696,3381,3.529173603261723
15,013,0001,1709,1501300011709,165,2.220108088040055
15,013,0001,1713,1501300011713,3175,3.5018804937550585
15,013,0001,1728,1501300011728,4089,3.611723308007342
15,013,0001,1732,1501300011732,3277,3.51560894923448
15,013,0001,1747,1501300011747,2064,3.31492005599242
15,013,0001,1751,1501300011751,2626,3.4194600727860704
15,013,0001,1766,1501300011766,3188,3.5036545192429593
15,013,0001,1770,1501300011770,3672,3.5650209283452936
15,013,0001,1785,1501300011785,3980,3.599992177584098
15,013,0001,179A,150130001179A,2088,3.3199384399803087
15,013,0001,1802,1501300011802,2893,3.4614985267830187
15,013,0001,1817,1501300011817,3357,3.5260806918020298
15,013,0001,1821,1501300011821,0,0.0
15,013,0001,1836,1501300011836,4,0.6989700043360189
15,013,0001,1840,1501300011840,767,2.885361220031512
15,013,0001,1855,1501300011855,517,2.714329759745233
15,013,0001,186A,150130001186A,8949,3.951823035315912
15,013,0001,1874,1501300011874,411,2.6148972160331345
15,013,0001,1893,1501300011893,2314,3.364550995353972
15,013,0001,1906,1501300011906,117,2.0718820073061255
15,014,0001,0110,1501400010110,1514,3.180412632838324
15,014,0001,0125,1501400010125,879,2.9444826721501687
15,014,0001,013A,150140001013A,2432,3.3861421089308186
15,014,0001,0214,1501400010214,890,2.949877704036875
15,014,0001,0229,1501400010229,3081,3.4888326343824003
15,014,0001,0267,1501400010267,1386,3.1420764610732848
15,014,0001,0271,1501400010271,100,2.0043213737826426
15,014,0001,0322,1501400010322,1763,3.246498580795801
15,014,0001,0337,1501400010337,3189,3.503790683057181
15,014,0001,0341,1501400010341,2040,3.3098430047160705
15,014,0001,0356,1501400010356,2185,3.339650157613684
15,014,0001,0394,1501400010394,599,2.7781512503836434
15,014,0001,0411,1501400010411,1504,3.1775364999298623
15,014,0001,0426,1501400010426,1213,3.0842186867392387
15,014,0001,0445,1501400010445,9,1.0
15,014,0001,045A,150140001045A,0,0.0
15,014,0001,0534,1501400010534,132,2.123851640967086
15,014,0001,0549,1501400010549,303,2.482873583608754
15,014,0024,0163,1501400240163,2517,3.401055725771844
15,014,0035,0479,1501400350479,2382,3.377124042346456
15,014,0035,0483,1501400350483,2241,3.3506356082589543
15,014,0035,0553,1501400350553,102,2.012837224705172
15,014,0042,0163,1501400420163,3064,3.486430478854434
15,014,0047,0163,1501400470163,2660,3.425044874551389
15,014,0048,0498,1501400480498,3605,3.557025722386383
15,014,0048,0500,1501400480500,4573,3.66029616027073
15,014,0048,0572,1501400480572,438,2.6424645202421213
15,014,0051,0515,1501400510515,1710,3.2332500095411003
15,014,0051,052A,150140051052A,3021,3.4802944600030066
15,014,0053,0197,1501400530197,4938,3.693639026161548
15,014,0054,006A,150140054006A,3005,3.4779889762508893
15,014,0054,0233,1501400540233,1997,3.3005954838899636
15,014,0054,0252,1501400540252,1607,3.2062860444124324
15,014,0054,0290,1501400540290,692,2.8407332346118066
15,014,0054,0568,1501400540568,63,1.806179973983887
15,014,0057,0430,1501400570430,3534,3.5483894181329183
15,014,0084,0163,1501400840163,3884,3.5893910231369333
15,015,0001,0156,1501500010156,825,2.9169800473203824
15,015,0001,0160,1501500010160,82,1.919078092376074
15,015,0001,0175,1501500010175,158,2.2013971243204513
15,015,0001,0207,1501500010207,4445,3.647969458362972
15,015,0001,0211,1501500010211,2907,3.463594402187
15,015,0001,0226,1501500010226,3750,3.574147064150723
15,015,0001,025A,150150001025A,276,2.4424797690644486
15,015,0001,0264,1501500010264,34,1.5440680443502757
15,015,0005,0071,1501500050071,3402,3.531861949095809
15,015,0005,018A,150150005018A,320,2.506505032404872
15,015,0005,0194,1501500050194,578,2.762678563727436
15,015,0006,0141,1501500060141,488,2.6893088591236203
15,015,0006,0230,1501500060230,3202,3.5055569386638217
15,015,0006,0245,1501500060245,3734,3.5722906061514177
15,015,0006,0283,1501500060283,57,1.7634279935629373
15,015,0007,0086,1501500070086,1311,3.1179338350396413
15,015,0007,0122,1501500070122,2005,3.302330928684399
15,015,0007,0137,1501500070137,1130,3.053462604925455
15,015,0007,0279,1501500070279,122,2.089905111439398
15,015,0007,0298,1501500070298,25,1.414973347970818
15,016,0001,0149,1501600010149,628,2.798650645445269
15,016,0001,0219,1501600010219,1729,3.2380461031287955
15,016,0001,0223,1501600010223,1445,3.160168292958512
15,016,0006,005A,150160006005A,1835,3.2638726768652235
15,016,0006,0064,1501600060064,936,2.971739590887778
15,016,0006,0079,1501600060079,2029,3.307496037913213
15,016,0006,0083,1501600060083,674,2.829303772831025
15,016,0006,0134,1501600060134,31,1.505149978319906
15,016,0006,0276,1501600060276,73,1.8692317197309762
15,016,0006,0308,1501600060308,0,0.0
15,016,0016,0153,1501600160153,487,2.6884198220027105
15,016,0016,0168,1501600160168,729,2.863322860120456
15,016,0016,0172,1501600160172,763,2.8830933585756897
15,016,0016,0187,1501600160187,466,2.6693168805661123
15,016,0016,0191,1501600160191,689,2.838849090737255
15,016,0016,0204,1501600160204,436,2.640481436970422
15,016,0016,0238,1501600160238,75,1.8808135922807914
15,016,0016,0242,1501600160242,25,1.414973347970818
15,016,0016,0257,1501600160257,55,1.7481880270062005
15,016,0016,0261,1501600160261,109,2.041392685158225
15,016,0017,0280,1501600170280,1406,3.1482940974347455
15,016,0017,0295,1501600170295,2007,3.3027637084729817
15,017,0001,0023,1501700010023,630,2.8000293592441343
15,017,0001,0038,1501700010038,1776,3.2496874278053016
15,017,0001,0042,1501700010042,1190,3.0759117614827773
15,017,0001,0061,1501700010061,180,2.2576785748691846
15,017,0001,0076,1501700010076,28,1.462397997898956
15,017,0001,0080,1501700010080,65,1.8195439355418688
15,017,0001,0095,1501700010095,9,1.0
15,017,0001,0108,1501700010108,97,1.9912260756924949
15,018,0001,0124,1501800010124,5939,3.7737864449811935
15,018,0001,0139,1501800010139,6044,3.7813963051967905
15,018,0001,0162,1501800010162,524,2.720159303405957
15,018,0001,0177,1501800010177,330,2.519827993775719
15,018,0001,0209,1501800010209,201,2.305351369446624
15,018,0003,004A,150180003004A,6465,3.810635700275537
15,018,0005,0088,1501800050088,3095,3.490800952010855
15,018,0006,0196,1501800060196,3758,3.5750723257138124
15,018,0008,0035,1501800080035,6832,3.834611420722687
15,018,0010,0143,1501800100143,3919,3.593286067020457
15,018,0010,0158,1501800100158,1980,3.296884475538547
15,018,0010,0213,1501800100213,42,1.6334684555795864
15,018,0010,0228,1501800100228,134,2.130333768495006
15,018,0011,0232,1501800110232,2713,3.433609843323718
15,018,0011,0247,1501800110247,2191,3.3408405498123317
15,018,0036,0251,1501800360251,3676,3.5654936298688624
15,018,0040,0266,1501800400266,2639,3.4216039268698313
15,019,0001,0066,1501900010066,5443,3.735918116531297
15,019,0001,0070,1501900010070,5093,3.707058940627596
15,019,0001,0085,1501900010085,3711,3.5696079675468244
15,019,0001,009A,150190001009A,4269,3.630427875025024
15,019,0001,0102,1501900010102,814,2.9111576087399764
15,019,0001,0117,1501900010117,1250,3.09725730969342
15,019,0001,0136,1501900010136,316,2.5010592622177517
15,019,0001,016A,150190001016A,328,2.5171958979499744
15,019,0004,0140,1501900040140,2724,3.4353665066126613
15,019,0004,0155,1501900040155,2478,3.3942765267678214
15,019,0005,0121,1501900050121,5599,3.7481880270062002
15,020,0001,0029,1502000010029,1699,3.230448921378274
15,020,0001,0033,1502000010033,7014,3.8460276753643785
15,020,0001,0048,1502000010048,4390,3.642563437104388
15,020,0001,0067,1502000010067,6832,3.834611420722687
15,020,0001,0071,1502000010071,6107,3.7858990283843834
15,020,0001,0090,1502000010090,6299,3.7993405494535817
15,020,0001,0103,1502000010103,4997,3.6987962517904314
15,020,0001,0137,1502000010137,4506,3.6538875580709775
15,020,0001,0141,1502000010141,12429,4.094471128641644
15,020,0001,0156,1502000010156,6859,3.8363241157067516
15,020,0001,0160,1502000010160,10294,4.01262635095405
15,020,0001,0175,1502000010175,4621,3.6648299411430907
15,020,0001,018A,150200001018A,7663,3.884455496070488
15,020,0001,0194,1502000010194,2499,3.3979400086720375
15,020,0001,0211,1502000010211,3271,3.514813294999285
15,020,0001,025A,150200001025A,2268,3.355834495884936
15,020,0001,0300,1502000010300,1294,3.1122697684172707
15,020,0001,0315,1502000010315,1615,3.208441356438567
15,020,0001,032A,150200001032A,2056,3.313234291694724
15,020,0001,0334,1502000010334,2165,3.3356584522893016
15,020,0001,0349,1502000010349,1896,3.2780673308886628
15,020,0001,0353,1502000010353,1468,3.1670217957902564
15,020,0001,0368,1502000010368,1624,3.210853365314893
15,020,0001,0372,1502000010372,1416,3.1513698502474603
15,020,0001,0387,1502000010387,2676,3.4276483711869328
15,020,0001,0391,1502000010391,1619,3.2095150145426308
15,020,0001,0404,1502000010404,2259,3.3541084391474008
15,020,0001,0419,1502000010419,12257,4.088419617016092
15,020,0001,0423,1502000010423,1837,3.2643455070500926
15,020,0001,0438,1502000010438,3891,3.5901728315963144
15,020,0001,0457,1502000010457,2956,3.4708513245261177
15,020,0001,0476,1502000010476,1549,3.1903316981702914
15,020,0001,0508,1502000010508,1766,3.247236549506764
15,020,0001,0512,1502000010512,2608,3.4164740791002206
15,020,0001,0531,1502000010531,4710,3.673113104238234
15,020,0001,0546,1502000010546,5528,3.7426465899387362
15,020,0001,0565,1502000010565,1886,3.2757719001649312
15,020,0001,057A,150200001057A,4977,3.6970548922725746
15,020,0001,0584,1502000010584,8474,3.9281397068751196
15,020,0001,0599,1502000010599,1824,3.2612628687924934
15,020,0001,0601,1502000010601,5179,3.714329759745233
15,020,0001,0616,1502000010616,2647,3.422917980767662
15,020,0001,0635,1502000010635,2539,3.404833716619938
15,020,0001,064A,150200001064A,2149,3.3324384599156054
15,020,0001,0654,1502000010654,6859,3.8363241157067516
15,020,0001,0669,1502000010669,5871,3.7687860469080143
15,020,0001,0673,1502000010673,4619,3.6646419755561257
15,020,0001,0688,1502000010688,2899,3.462397997898956
15,020,0001,0692,1502000010692,4363,3.6398847419163043
15,020,0001,0705,1502000010705,1625,3.2111205412580492
15,020,0001,071A,150200001071A,1049,3.0211892990699383
15,020,0001,0724,1502000010724,1270,3.104145550554008
15,020,0001,0739,1502000010739,4325,3.636086515103073
15,020,0001,0743,1502000010743,2308,3.3634239329171765
15,020,0001,0758,1502000010758,1343,3.1283992687178066
15,020,0001,0762,1502000010762,595,2.7752462597402365
15,020,0001,0777,1502000010777,6076,3.7836892363473162
15,020,0001,0781,1502000010781,7818,3.893151213129866
15,020,0001,0796,1502000010796,7854,3.895146189375992
15,020,0001,0809,1502000010809,4026,3.6049816296074315
15,020,0001,0813,1502000010813,3580,3.554004321011903
15,020,0001,0828,1502000010828,1105,3.0437551269686796
15,020,0001,0832,1502000010832,3199,3.505149978319906
15,020,0001,0847,1502000010847,4397,3.6432552250247716
15,020,0001,0851,1502000010851,3939,3.595496221825574
15,020,0001,0866,1502000010866,785,2.895422546039408
15,020,0001,0870,1502000010870,295,2.4712917110589387
15,020,0001,0885,1502000010885,22110,4.344608384580567
15,020,0001,089A,150200001089A,12322,4.090716448481099
15,020,0001,0902,1502000010902,0,0.0
15,021,0001,0083,1502100010083,1413,3.150449409460881
15,021,0001,0098,1502100010098,3180,3.502563669107363
15,021,0001,0100,1502100010100,2278,3.3577443251803754
15,021,0001,0115,1502100010115,73,1.8692317197309762
15,022,0001,0042,1502200010042,3549,3.550228353055094
15,022,0001,0057,1502200010057,3466,3.5399538416563967
15,022,0001,0061,1502200010061,2767,3.44216608578472
15,022,0001,0076,1502200010076,9,1.0
15,022,0001,0080,1502200010080,82,1.919078092376074
15,022,0001,0095,1502200010095,103,2.0170333392987803
15,022,0001,0108,1502200010108,23,1.380211241711606
15,022,0001,0112,1502200010112,291,2.4653828514484184
15,023,0001,004A,150230001004A,1289,3.110589710299249
15,023,0001,0069,1502300010069,2610,3.4168068718229443
15,023,0001,0073,1502300010073,1437,3.1577588860468637
15,023,0001,0092,1502300010092,924,2.9661417327390325
15,023,0001,0105,1502300010105,5935,3.7734938922709707
15,023,0001,011A,150230001011A,2742,3.4382258076045296
15,023,0001,0124,1502300010124,934,2.9708116108725178
15,023,0001,0139,1502300010139,4793,3.680698029697635
15,023,0001,0143,1502300010143,5851,3.767304317453273
15,023,0001,0158,1502300010158,3889,3.5899496013257077
15,023,0001,0162,1502300010162,5054,3.70372115992702
15,023,0001,0196,1502300010196,1984,3.297760511099134
15,024,0001,0028,1502400010028,3444,3.5371892262436444
15,024,0001,0032,1502400010032,1533,3.185825359612962
15,024,0001,0047,1502400010047,3179,3.5024271199844326
15,024,0001,0051,1502400010051,1292,3.111598524880394
15,024,0001,0085,1502400010085,630,2.8000293592441343
15,024,0001,009A,150240001009A,3513,3.545801757159276
15,024,0001,0102,1502400010102,4895,3.6898414091375047
15,024,0001,0117,1502400010117,428,2.6324572921847245
15,024,0001,0121,1502400010121,3346,3.5246557123577773
15,024,0001,0136,1502400010136,3447,3.5375672571526753
15,024,0001,0210,1502400010210,2351,3.371437317404101
15,024,0001,023A,150240001023A,3805,3.5804687839510017
15,024,0001,0244,1502400010244,2991,3.4759615891924236
15,024,0001,0259,1502400010259,2232,3.348888723071438
15,024,0001,0263,1502400010263,1651,3.218010042984363
15,024,0001,0329,1502400010329,1422,3.153204900084284
15,024,0001,0333,1502400010333,2108,3.3240765797394864
15,024,0001,0348,1502400010348,9200,3.963835030702148
15,024,0001,0352,1502400010352,5752,3.759894374025499
15,024,0001,0367,1502400010367,1488,3.1728946977521764
15,024,0001,0371,1502400010371,4022,3.6045500325712614
15,024,0001,0386,1502400010386,555,2.7450747915820575
15,024,0001,0390,1502400010390,9695,3.986592606822211
15,024,0001,0403,1502400010403,15752,4.19736327300672
15,024,0001,0418,1502400010418,11327,4.054153240345694
15,024,0001,0422,1502400010422,405,2.6085260335771943
15,024,0001,0437,1502400010437,11236,4.050650380863914
15,024,0001,0441,1502400010441,2941,3.4686426683915115
15,024,0001,0456,1502400010456,3355,3.5258219521566625
15,024,0030,0070,1502400300070,3792,3.5789828427027905
15,024,0042,016A,150240042016A,3885,3.589502796263764
15,024,0088,0278,1502400880278,2906,3.4634450317704277
15,024,0088,0282,1502400880282,1650,3.2177470732627937
15,024,0088,0297,1502400880297,1685,3.2268575702887237
15,024,0101,0013,1502401010013,5086,3.7064617376313547
15,024,0101,0066,1502401010066,5001,3.699143687394484
15,024,0111,0475,1502401110475,3582,3.5542468081661105
15,024,0111,048A,150240111048A,7580,3.8797264966395772
15,024,0111,0494,1502401110494,4924,3.6924062348336304
15,024,0112,0174,1502401120174,3985,3.600537294364469
15,024,0121,0189,1502401210189,2899,3.462397997898956
15,024,0124,0460,1502401240460,3673,3.5651391519697895
15,024,0125,0193,1502401250193,3824,3.5826314394896364
15,024,0125,0206,1502401250206,159,2.2041199826559246
15,025,0001,0129,1502500010129,3497,3.543819805142658
15,025,0001,0769,1502500010769,5450,3.7364761820276966
15,025,0001,0773,1502500010773,4435,3.6469915374771222
15,025,0001,0788,1502500010788,4024,3.6047658847038875
15,025,0001,0792,1502500010792,3237,3.510276844417355
15,025,0001,0805,1502500010805,2660,3.425044874551389
15,025,0001,081A,150250001081A,5106,3.70816585785554
15,025,0001,0824,1502500010824,5135,3.710625015060797
15,025,0001,0839,1502500010839,4592,3.6620964454179235
15,025,0001,0932,1502500010932,5414,3.733598460961339
15,025,0001,0947,1502500010947,2284,3.358886204405869
15,025,0001,1131,1502500011131,7339,3.8656960599160706
15,025,0001,1201,1502500011201,3674,3.5652573434202135
15,025,0001,1216,1502500011216,3893,3.590395947184013
15,025,0001,1220,1502500011220,4347,3.638289535414257
15,025,0001,1235,1502500011235,2852,3.4553017716570764
15,025,0001,1288,1502500011288,4936,3.6934631272195313
15,025,0001,1292,1502500011292,2725,3.435525851498655
15,025,0001,1305,1502500011305,2788,3.44544851426605
15,025,0001,1521,1502500011521,3829,3.583198773968623
15,025,0001,1536,1502500011536,3806,3.580582876814367
15,025,0001,1729,1502500011729,2470,3.3928727454020793
15,025,0001,1733,1502500011733,1028,3.012415374762433
15,025,0001,1748,1502500011748,24,1.3979400086720377
15,025,0001,1752,1502500011752,148,2.173186268412274
15,025,0001,1767,1502500011767,1919,3.2833012287035497
15,025,0001,1771,1502500011771,121,2.0863598306747484
15,025,0001,1786,1502500011786,1436,3.157456768134226
15,025,0001,1790,1502500011790,2553,3.4072208929273966
15,025,0001,1818,1502500011818,2032,3.3081373786380386
15,025,0001,1822,1502500011822,2840,3.453471233722936
15,025,0001,1837,1502500011837,1795,3.2543063323312857
15,025,0001,1841,1502500011841,2779,3.444044795918076
15,025,0001,1856,1502500011856,3884,3.5893910231369333
15,025,0001,1860,1502500011860,3456,3.5386993795424067
15,025,0001,1907,1502500011907,3719,3.5705429398818973
15,025,0001,1926,1502500011926,248,2.3961993470957363
15,025,0001,1930,1502500011930,2742,3.4382258076045296
15,025,0001,2017,1502500012017,1718,3.2352758766870524
15,025,0001,2021,1502500012021,7110,3.8519306786402674
15,025,0001,2036,1502500012036,4815,3.682686478249768
15,025,0001,2040,1502500012040,6170,3.7903555464143865
15,025,0001,2055,1502500012055,3347,3.5247854493212225
15,025,0001,206A,150250001206A,3270,3.5146805441249818
15,025,0001,2074,1502500012074,235,2.3729120029701067
15,025,0001,2089,1502500012089,10960,4.039850177749664
15,025,0001,2093,1502500012093,2690,3.4299136977637543
15,025,0001,2106,1502500012106,2894,3.4616485680634552
15,025,0001,213A,150250001213A,73,1.8692317197309762
15,025,0001,2144,1502500012144,1714,3.2342641243787895
15,025,0001,2163,1502500012163,6572,3.817763632280368
15,025,0001,2178,1502500012178,3323,3.5216610151120733
15,025,0001,2360,1502500012360,596,2.775974331129369
15,025,0002,188A,150250002188A,5781,3.762078087334639
15,025,0002,2233,1502500022233,1875,3.2732328340430454
15,025,0002,2248,1502500022248,1790,3.2530955858490316
15,025,0005,0044,1502500050044,5599,3.7481880270062002
15,025,0005,1095,1502500051095,1380,3.140193678578631
15,025,0005,1108,1502500051108,1225,3.0884904701823963
15,025,0005,2197,1502500052197,141,2.1522883443830563
15,025,0005,220A,150250005220A,20,1.3222192947339193
15,025,0005,2214,1502500052214,120,2.0827853703164503
15,025,0010,0133,1502500100133,7859,3.895422546039408
15,025,0010,1023,1502500101023,1683,3.226342087163631
15,025,0010,1199,1502500101199,1413,3.150449409460881
15,025,0010,1945,1502500101945,59,1.7781512503836436
15,025,0010,2229,1502500102229,1086,3.0362295440862948
15,025,0010,2430,1502500102430,1027,3.011993114659257
15,025,0011,2411,1502500112411,4684,3.670709595223797
15,025,0012,1894,1502500121894,3476,3.5412046906832586
15,025,0012,2498,1502500122498,326,2.514547752660286
15,025,0013,0970,1502500130970,1253,3.0982975364946976
15,025,0013,1540,1502500131540,5021,3.7008767083769034
15,025,0013,1555,1502500131555,2617,3.417969642214737
15,025,0013,195A,150250013195A,1193,3.0770043267933502
15,025,0013,1998,1502500131998,209,2.322219294733919
15,025,0013,2002,1502500132002,206,2.315970345456918
15,025,0013,2110,1502500132110,3827,3.582971929104806
15,025,0013,2159,1502500132159,220,2.3443922736851106
15,025,0013,2286,1502500132286,230,2.3636119798921444
15,025,0014,1150,1502500141150,4422,3.6457169393696036
15,025,0014,1165,1502500141165,2368,3.374565060722765
15,025,0014,156A,150250014156A,3921,3.5935075893317654
15,025,0014,1574,1502500141574,5052,3.7035492982382303
15,025,0014,2318,1502500142318,231,2.3654879848909
15,025,0015,2426,1502500152426,3232,3.5096057046115563
15,025,0016,0078,1502500160078,3651,3.562530768862261
15,025,0016,099A,150250016099A,895,2.9523080096621253
15,025,0016,1004,1502500161004,1969,3.294466226161593
15,025,0016,1019,1502500161019,1377,3.139249217571607
15,025,0016,1112,1502500161112,1662,3.2208922492195193
15,025,0017,0985,1502500170985,778,2.8915374576725643
15,025,0017,1589,1502500171589,3244,3.511214701136388
15,025,0017,1593,1502500171593,1835,3.2638726768652235
15,025,0017,1606,1502500171606,3264,3.5138831856110926
15,025,0017,1875,1502500171875,627,2.797959643737196
15,025,0017,1911,1502500171911,714,2.8543060418010806
15,025,0017,1983,1502500171983,236,2.374748346010104
15,025,0019,1610,1502500191610,5799,3.7634279935629373
15,025,0019,1625,1502500191625,6085,3.7843319480221482
15,025,0019,1964,1502500191964,935,2.971275848738105
15,025,0019,2125,1502500192125,18,1.2787536009528289
15,025,0019,2290,1502500192290,95,1.9822712330395684
15,025,0019,238A,150250019238A,428,2.6324572921847245
15,025,0019,2394,1502500192394,2120,3.3265406685165617
15,025,0019,2407,1502500192407,2100,3.3224260524059526
15,025,0019,2553,1502500192553,1171,3.068927611682072
15,025,0020,0148,1502500200148,4695,3.671728088239558
15,025,0020,1038,1502500201038,1867,3.2713768718940743
15,025,0020,1076,1502500201076,4267,3.630224410752432
15,025,0020,1979,1502500201979,156,2.1958996524092336
15,025,0020,2568,1502500202568,141,2.1522883443830563
15,025,0021,163A,150250021163A,7567,3.878981123393736
15,025,0021,1644,1502500211644,7536,3.8771985152717896
15,025,0021,2303,1502500212303,51,1.7160033436347992
15,025,0046,0025,1502500460025,5067,3.7048366062114035
15,025,0104,1042,1502501041042,3982,3.600210306409328
15,025,0139,1042,1502501391042,2769,3.4424797690644486
15,025,0145,2500,1502501452500,6283,3.7982361763679355
15,025,0146,0010,1502501460010,798,2.902546779313991
15,025,0146,2515,1502501462515,7999,3.9030899869919438
15,025,0146,252A,150250146252A,6752,3.8294967497201826
15,025,0147,2534,1502501472534,1623,3.2105860249051563
15,025,0148,2549,1502501482549,5714,3.7570162347313008
15,025,0149,245A,150250149245A,16650,4.221440320811741
15,025,0149,2464,1502501492464,9587,3.9817280253616163
15,025,0149,2479,1502501492479,8040,3.9053100621160857
15,026,0001,0075,1502600010075,243,2.387389826338729
15,026,0001,0145,1502600010145,152,2.184691430817599
15,026,0001,015A,150260001015A,0,0.0
15,026,0001,0164,1502600010164,182,2.2624510897304293
15,026,0001,0179,1502600010179,288,2.4608978427565478
15,026,0008,0200,1502600080200,3238,3.510410948010177
15,026,0020,0183,1502600200183,5585,3.747100931364986
15,026,0023,0198,1502600230198,5141,3.711132072306842
15,027,0001,0049,1502700010049,3664,3.564073978977147
15,027,0001,0053,1502700010053,2162,3.3350565194390915
15,027,0001,0068,1502700010068,917,2.9628426812012423
15,027,0001,0072,1502700010072,31,1.505149978319906
15,027,0001,0087,1502700010087,346,2.5403294747908736
15,027,0012,0091,1502700120091,3543,3.5494937132150133
15,028,0001,0031,1502800010031,868,2.9390197764486663
15,028,0001,0046,1502800010046,670,2.826722520168992
15,028,0001,0050,1502800010050,399,2.6020599913279625
15,028,0001,0101,1502800010101,3963,3.598133645813238
15,028,0001,0116,1502800010116,2905,3.4632956099620027
15,028,0001,0120,1502800010120,95,1.9822712330395684
15,028,0001,014A,150280001014A,4,0.6989700043360189
15,028,0001,0154,1502800010154,1906,3.280350693046006
15,028,0004,0169,1502800040169,4308,3.6343764940883676
15,028,0005,0084,1502800050084,2789,3.4456042032735974
15,028,0006,0135,1502800060135,4157,3.6188844849954505
15,029,0001,0062,1502900010062,3494,3.5434471800817002
15,029,0001,0081,1502900010081,8698,3.9394693308435302
15,029,0001,0113,1502900010113,2058,3.3136563466180315
15,029,0001,0128,1502900010128,7577,3.8795546009389743
15,029,0001,0132,1502900010132,3785,3.5781806096277777
15,029,0001,0147,1502900010147,2460,3.3911116137028023
15,029,0001,0166,1502900010166,8670,3.9380691862233856
15,029,0001,0170,1502900010170,9749,3.989004615698537
15,029,0001,0185,1502900010185,8271,3.9176105257498675
15,029,0001,019A,150290001019A,5275,3.7223047868743278
15,029,0001,0202,1502900010202,4882,3.6886867242841235
15,029,0001,0217,1502900010217,5681,3.754501229386917
15,029,0001,0221,1502900010221,5775,3.7616271845615827
15,029,0001,0236,1502900010236,1503,3.1772478362556233
15,029,0001,026A,150290001026A,7542,3.877544107715944
15,029,0001,0274,1502900010274,4739,3.6757783416740852
15,029,0001,0289,1502900010289,21584,4.334152052992287
15,029,0001,0293,1502900010293,11474,4.0597526942092985
15,029,0001,0306,1502900010306,10630,4.026574118150334
15,029,0001,0310,1502900010310,6978,3.8437931983259124
15,029,0001,0325,1502900010325,10333,4.014268457209643
15,029,0001,033A,150290001033A,5044,3.7028611705729295
15,029,0001,0344,1502900010344,8113,3.909235003368307
15,029,0001,0359,1502900010359,6899,3.838849090737255
15,029,0001,0363,1502900010363,11206,4.049489371933556
15,029,0001,0378,1502900010378,5333,3.727053011353857
15,029,0001,0522,1502900010522,5779,3.761927838420529
15,030,0001,003A,150300001003A,6418,3.807467375684278
15,030,0001,0044,1503000010044,5988,3.7773543130842087
15,030,0001,0078,1503000010078,6219,3.7937903846908188
15,030,0001,0082,1503000010082,4360,3.6395860866734266
15,030,0001,0097,1503000010097,2394,3.379305517750582
15,030,0001,010A,150300001010A,489,2.690196080028514
15,031,0001,0037,1503100010037,1562,3.193958978019187
15,031,0001,0041,1503100010041,4622,3.6649238934380817
15,031,0001,008A,150310001008A,10644,4.027145665774341
15,031,0001,0094,1503100010094,9356,3.9711366294768062
15,031,0001,0107,1503100010107,7737,3.8886287253852263
15,031,0001,0111,1503100010111,12179,4.085647288296856
15,031,0001,0126,1503100010126,12506,4.09715314984596
15,031,0001,0145,1503100010145,6177,3.7908479039654317
15,031,0001,015A,150310001015A,10451,4.019199401055288
15,031,0001,0179,1503100010179,16986,4.23011668678622
15,031,0001,0183,1503100010183,10396,4.016908043972075
15,031,0001,0198,1503100010198,14216,4.152807963419064
15,031,0001,0291,1503100010291,2647,3.422917980767662
15,031,0001,0304,1503100010304,2667,3.426185825244511
15,031,0001,0319,1503100010319,4316,3.635182048656268
15,031,0001,0323,1503100010323,7704,3.8867726430544383
15,031,0001,0338,1503100010338,4490,3.652343055062715
15,031,0001,0342,1503100010342,3513,3.545801757159276
15,031,0001,0357,1503100010357,3650,3.5624118329497274
15,031,0001,0361,1503100010361,6202,3.7926017811649664
15,031,0001,0376,1503100010376,6355,3.803183888535342
15,031,0001,0380,1503100010380,8785,3.9437911989293015
15,031,0001,0395,1503100010395,7425,3.87075494489014
15,031,0001,0412,1503100010412,11073,4.044304519175914
15,031,0001,0499,1503100010499,11683,4.067591548301512
15,031,0001,0516,1503100010516,5377,3.730620797887283
15,031,0001,0520,1503100010520,7866,3.8958091501691308
15,031,0001,0535,1503100010535,6048,3.7816835845073506
15,031,0001,054A,150310001054A,9587,3.9817280253616163
15,031,0001,0554,1503100010554,7029,3.846955325019824
15,031,0001,0569,1503100010569,5509,3.741151598851785
15,031,0001,0573,1503100010573,5639,3.751279103983342
15,031,0001,0588,1503100010588,4632,3.6658623002031554
15,031,0001,0592,1503100010592,4658,3.668292710448221
15,031,0001,0605,1503100010605,7848,3.894814329083301
15,031,0001,061A,150310001061A,5392,3.7318304202881625
15,031,0001,0624,1503100010624,1680,3.225567713439471
15,031,0001,0639,1503100010639,6683,3.8250364412213536
15,031,0001,0643,1503100010643,6077,3.7837606957439243
15,031,0001,0658,1503100010658,7114,3.8521749044203033
15,031,0001,0662,1503100010662,8817,3.9453700944903036
15,031,0001,0677,1503100010677,8398,3.9242275812601175
15,031,0001,0681,1503100010681,4664,3.668851648082519
15,031,0001,0696,1503100010696,7462,3.8729134416203954
15,031,0001,0713,1503100010713,6390,3.8055688175485556
15,031,0001,0728,1503100010728,7186,3.856547644856748
15,031,0001,0747,1503100010747,8385,3.9235548580675492
15,031,0001,0751,1503100010751,5611,3.7491176623563223
15,031,0001,0766,1503100010766,1790,3.2530955858490316
15,031,0001,0770,1503100010770,3829,3.583198773968623
15,031,0001,0785,1503100010785,4745,3.6763277338813203
15,031,0001,079A,150310001079A,7092,3.850829959848531
15,031,0001,0802,1503100010802,6187,3.79155030502733
15,031,0001,0817,1503100010817,7804,3.8923729073984363
15,031,0001,0821,1503100010821,7271,3.861653870213911
15,031,0001,0836,1503100010836,2433,3.386320573894046
15,031,0001,0840,1503100010840,7300,3.863382348440788
15,031,0001,0855,1503100010855,5603,3.748498126613737
15,031,0001,086A,150310001086A,9681,3.985965078304871
15,031,0001,0874,1503100010874,3780,3.5776066773625357
15,031,0001,0889,1503100010889,6031,3.7804613328617176
15,031,0001,0893,1503100010893,5777,3.7617775375081783
15,031,0001,0906,1503100010906,4725,3.6744937172963503
15,031,0001,0910,1503100010910,6917,3.839980557678343
15,031,0001,0925,1503100010925,1916,3.2826221128780624
15,031,0001,093A,150310001093A,4251,3.6285932558512592
15,031,0001,0944,1503100010944,3702,3.5685537120494426
15,031,0001,0959,1503100010959,7652,3.8838317133294527
15,031,0001,0963,1503100010963,97,1.9912260756924949
15,031,0001,0978,1503100010978,908,2.9585638832219674
15,031,0001,0982,1503100010982,2984,3.4749443354653877
15,031,0001,0997,1503100010997,5103,3.707910665713106
15,031,0001,1001,1503100011001,2518,3.401228167498113
15,031,0001,1016,1503100011016,5593,3.7477224620355085
15,031,0001,1020,1503100011020,7494,3.874771637184298
15,031,0001,1035,1503100011035,13888,4.142670977910689
15,031,0001,104A,150310001104A,18328,4.263138771218142
15,031,0001,1054,1503100011054,2566,3.4094258686714434
15,031,0001,1069,1503100011069,2146,3.331832044436249
15,031,0001,1073,1503100011073,924,2.9661417327390325
15,031,0001,1088,1503100011088,1844,3.265996370495079
15,031,0001,1092,1503100011092,339,2.531478917042255
15,031,0001,1105,1503100011105,1013,3.0060379549973173
15,031,0001,111A,150310001111A,27,1.4471580313422192
15,031,0001,1124,1503100011124,589,2.7708520116421442
15,031,0001,1143,1503100011143,1511,3.1795517911651876
15,031,0001,1181,1503100011181,1891,3.276921132065774
15,031,0001,1196,1503100011196,728,2.8627275283179747
15,031,0001,1213,1503100011213,3361,3.526597709103452
15,031,0001,1247,1503100011247,1970,3.2946866242794433
15,031,0001,1251,1503100011251,10059,4.002597980719909
15,031,0001,1266,1503100011266,567,2.754348335711019
15,031,0001,1270,1503100011270,669,2.8260748027008264
15,031,0001,1285,1503100011285,153,2.187520720836463
15,031,0001,129A,150310001129A,7448,3.8720979742742268
15,031,0001,1302,1503100011302,2464,3.391816923613249
15,031,0001,1317,1503100011317,4395,3.643057683751453
15,031,0001,1321,1503100011321,5092,3.7069736761761782
15,031,0001,1336,1503100011336,9733,3.9882913419074875
15,031,0001,1340,1503100011340,8445,3.9266510770888887
15,031,0001,1355,1503100011355,565,2.7528164311882715
15,031,0001,136A,150310001136A,5203,3.7163372878895484
15,031,0001,1374,1503100011374,9405,3.9734049744100606
15,031,0001,1389,1503100011389,7491,3.8745977687032
15,031,0001,1393,1503100011393,880,2.9449759084120477
15,031,0001,1406,1503100011406,5362,3.729407796963068
15,031,0001,1410,1503100011410,5749,3.7596678446896306
15,031,0001,1425,1503100011425,3190,3.5039268041935103
15,031,0001,143A,150310001143A,3278,3.515741416669365
15,031,0001,1444,1503100011444,3989,3.6009728956867484
15,031,0001,1459,1503100011459,4744,3.6762362167633116
15,031,0001,1463,1503100011463,4433,3.6467956887784694
15,031,0001,1478,1503100011478,3363,3.5268559871258747
15,031,0001,1482,1503100011482,6936,3.841171694499532
15,031,0001,1497,1503100011497,6013,3.7791634237644987
15,031,0001,150A,150310001150A,4618,3.6645479622465467
15,031,0001,1514,1503100011514,9267,3.966986025117938
15,031,0001,1529,1503100011529,2772,3.4429498695778618
15,031,0001,1533,1503100011533,3706,3.5690225860295635
15,031,0001,1548,1503100011548,5976,3.7764832558336816
15,031,0001,1552,1503100011552,5159,3.7126497016272113
15,031,0001,1567,1503100011567,2776,3.4435758797502576
15,031,0001,1571,1503100011571,3014,3.47928731647617
15,031,0001,1586,1503100011586,3300,3.5186455243303114
15,031,0001,1590,1503100011590,3148,3.498172660636544
15,031,0001,1603,1503100011603,1893,3.2773799746672547
15,031,0001,1618,1503100011618,471,2.673941998634088
15,031,0001,1622,1503100011622,676,2.8305886686851442
15,031,0001,1637,1503100011637,396,2.598790506763115
15,031,0001,1641,1503100011641,931,2.9694159123539814
15,031,0001,1656,1503100011656,70,1.8512583487190752
15,031,0001,1660,1503100011660,648,2.812244696800369
15,031,0001,1675,1503100011675,629,2.7993405494535817
15,031,0001,168A,150310001168A,4437,3.6471872978959894
15,032,0001,0034,1503200010034,1013,3.0060379549973173
15,032,0008,0087,1503200080087,4590,3.661907292766021
15,032,0012,0049,1503200120049,3372,3.5280163411892014
15,032,0017,0072,1503200170072,5894,3.770483809431108
15,033,0001,0012,1503300010012,40,1.6127838567197355
15,033,0001,0031,1503300010031,5224,3.7180862947830917
15,033,0001,0050,1503300010050,5283,3.7229628089424898
15,033,0001,0065,1503300010065,3191,3.5040628826786917
15,033,0001,007A,150330001007A,2065,3.315130317183602
15,033,0001,0084,1503300010084,641,2.807535028068853
15,033,0001,0099,1503300010099,2435,3.3866772839608377
15,033,0001,0101,1503300010101,4536,3.6567687792660166
15,033,0001,0120,1503300010120,3283,3.516403148447403
15,033,0001,0135,1503300010135,2390,3.378579576115775
15,033,0001,014A,150330001014A,2041,3.3100557377508912
15,033,0001,0154,1503300010154,3261,3.513483956704257
15,033,0001,0173,1503300010173,2615,3.4176377396522297
15,033,0001,0188,1503300010188,6370,3.8042076050820413
15,033,0001,0192,1503300010192,3299,3.5185139398778875
15,033,0001,0205,1503300010205,1698,3.230193378869046
15,033,0001,021A,150330001021A,3056,3.485295438726089
15,033,0001,0224,1503300010224,4,0.6989700043360189
15,033,0001,0239,1503300010239,3445,3.53731527311201
15,033,0001,0243,1503300010243,1996,3.3003780648707024
15,033,0001,0258,1503300010258,2240,3.350441856535061
15,033,0001,0262,1503300010262,4411,3.644635503768153
15,033,0001,0277,1503300010277,4161,3.6193020758756083
15,033,0001,0328,1503300010328,4405,3.6440444928147486
15,033,0001,0332,1503300010332,4242,3.6276730317666157
15,033,0001,0366,1503300010366,3109,3.4927603890268375
15,033,0001,0370,1503300010370,1353,3.1316186643491255
15,033,0001,0385,1503300010385,1569,3.1958996524092336
15,033,0001,039A,150330001039A,1653,3.218535505216528
15,033,0001,0402,1503300010402,3093,3.490520309363349
15,033,0001,0417,1503300010417,1585,3.200303182981585
15,033,0001,0421,1503300010421,1846,3.2664668954402414
15,033,0001,0436,1503300010436,4964,3.6959192528313998
15,033,0001,0440,1503300010440,4791,3.680516809381255
15,033,0001,0455,1503300010455,6881,3.8377146682849115
15,033,0001,046A,150330001046A,2905,3.4632956099620027
15,033,0001,0474,1503300010474,2528,3.4029488293444046
15,033,0001,0489,1503300010489,2049,3.311753861055754
15,033,0001,0493,1503300010493,1636,3.2140486794119414
15,033,0001,0506,1503300010506,1936,3.287129620719111
15,033,0001,0510,1503300010510,3451,3.538070787043172
15,033,0001,0525,1503300010525,5573,3.7461669643772852
15,033,0001,053A,150330001053A,1276,3.1061908972634154
15,033,0001,0544,1503300010544,1716,3.2347702951609163
15,033,0001,0559,1503300010559,1650,3.2177470732627937
15,033,0001,0563,1503300010563,5454,3.7367947549243605
15,033,0001,0578,1503300010578,7473,3.873553093513619
15,033,0001,0582,1503300010582,10727,4.030518764843542
15,033,0001,0597,1503300010597,1742,3.2412973871099933
15,033,0001,0614,1503300010614,4714,3.6734816970733473
15,033,0001,0629,1503300010629,4474,3.650793039651931
15,033,0001,0633,1503300010633,4385,3.642068627341504
15,033,0001,0648,1503300010648,6201,3.7925317619013077
15,033,0001,0667,1503300010667,2640,3.421768401206924
15,033,0001,0686,1503300010686,6639,3.8221680793680175
15,033,0001,0703,1503300010703,5615,3.749427099121749
15,033,0001,0718,1503300010718,2658,3.424718337331567
15,033,0001,0722,1503300010722,5634,3.750893920382125
15,033,0001,0737,1503300010737,7329,3.8651039746411278
15,033,0001,0741,1503300010741,4660,3.6684791029325856
15,033,0001,0756,1503300010756,5167,3.7133225049870275
15,033,0001,0760,1503300010760,4891,3.689486448364248
15,033,0001,078A,150330001078A,6779,3.8312296938670634
15,033,0001,0794,1503300010794,468,2.6711728427150834
15,033,0001,0807,1503300010807,5104,3.707995746422929
15,033,0001,0811,1503300010811,5546,3.7440581658788354
15,033,0001,0826,1503300010826,4201,3.623456048069934
15,033,0001,0830,1503300010830,5242,3.719579857713723
15,033,0001,0845,1503300010845,3869,3.5877109650189114
15,033,0001,085A,150330001085A,5825,3.7653704802916486
15,033,0001,0864,1503300010864,5140,3.711047603867034
15,033,0001,0879,1503300010879,3713,3.5698418994037615
15,033,0001,0883,1503300010883,4812,3.6824158616773586
15,033,0001,0898,1503300010898,2130,3.328583449714202
15,033,0001,0900,1503300010900,5662,3.753046561626529
15,033,0001,0915,1503300010915,5502,3.7405995128111567
15,033,0001,0934,1503300010934,3070,3.4872798164430687
15,033,0001,0949,1503300010949,3266,3.514149134475437
15,033,0001,0953,1503300010953,2881,3.4596939764779706
15,033,0001,0968,1503300010968,3990,3.6010817277840235
15,033,0001,0972,1503300010972,2910,3.464042205438811
15,033,0001,0987,1503300010987,1390,3.143327129992046
15,033,0001,0991,1503300010991,2672,3.426998958756537
15,033,0001,1006,1503300011006,9646,3.9843922785242656
15,033,0001,1010,1503300011010,8132,3.910250772300148
15,033,0001,1025,1503300011025,3294,3.517855418930029
15,033,0001,103A,150330001103A,3846,3.5851221863068155
15,033,0001,1044,1503300011044,5608,3.748885440009517
15,033,0001,1059,1503300011059,294,2.469822015978163
15,033,0001,1063,1503300011063,5761,3.7605732539443943
15,033,0001,1078,1503300011078,7448,3.8720979742742268
15,033,0001,1082,1503300011082,5193,3.715501945293284
15,033,0001,110A,150330001110A,3934,3.5949447366950835
15,033,0001,1114,1503300011114,1937,3.2873537727147464
15,033,0001,1148,1503300011148,7033,3.847202363980924
15,033,0001,1152,1503300011152,7864,3.8956987269593055
15,033,0001,1167,1503300011167,6643,3.8224296237793567
15,033,0001,1186,1503300011186,3516,3.5461723683169426
15,033,0001,1190,1503300011190,4533,3.6564815157904986
15,033,0001,1203,1503300011203,1381,3.1405080430381798
15,033,0001,1218,1503300011218,1234,3.0916669575956846
15,033,0001,1222,1503300011222,1272,3.1048284036536553
15,033,0001,1237,1503300011237,1573,3.1970047280230456
15,033,0001,1241,1503300011241,2674,3.427323786357247
15,033,0001,1256,1503300011256,2713,3.433609843323718
15,033,0001,1260,1503300011260,3242,3.5109469486729727
15,033,0001,1275,1503300011275,3554,3.550839605065785
15,033,0001,128A,150330001128A,3700,3.5683190850951116
15,033,0001,1294,1503300011294,5857,3.76774936734558
15,033,0001,1311,1503300011311,6311,3.800166990201364
15,033,0001,1345,1503300011345,2063,3.314709692955174
15,033,0001,135A,150330001135A,4161,3.6193020758756083
15,033,0001,1383,1503300011383,5784,3.7623033632877685
15,033,0001,1398,1503300011398,4452,3.648652695131223
15,033,0001,1415,1503300011415,1706,3.2322335211147335
15,033,0001,142A,150330001142A,1753,3.244029589030022
15,033,0001,1434,1503300011434,5310,3.725176301419137
15,033,0001,1449,1503300011449,3536,3.5486350598147514
15,033,0001,1468,1503300011468,2234,3.3492775274679554
15,033,0001,1472,1503300011472,3898,3.590953235187986
15,033,0001,1487,1503300011487,4768,3.6784273224338673
15,033,0001,1491,1503300011491,6227,3.7943486038960827
15,033,0001,1504,1503300011504,6039,3.7810369386211318
15,033,0001,1523,1503300011523,4057,3.608312042697327
15,033,0001,1542,1503300011542,5036,3.702171950857711
15,033,0001,1576,1503300011576,5245,3.7198282862543346
15,033,0001,1580,1503300011580,1950,3.2902572693945182
15,033,0001,1595,1503300011595,6301,3.799478398837981
15,033,0001,1608,1503300011608,4347,3.638289535414257
15,033,0001,1631,1503300011631,8536,3.931305281421673
15,033,0001,1699,1503300011699,6607,3.8200700343123257
15,033,0001,1716,1503300011716,5705,3.7563317673210577
15,033,0001,1720,1503300011720,4162,3.619406410886777
15,033,0001,1735,1503300011735,7396,3.869055618701908
15,033,0001,174A,150330001174A,2980,3.4743619760326307
15,033,0001,1754,1503300011754,7259,3.8609366207000937
15,033,0001,1769,1503300011769,6275,3.7976829349148993
15,033,0001,1773,1503300011773,5849,3.7671558660821804
15,033,0001,1788,1503300011788,5733,3.7584576886104655
15,033,0001,1792,1503300011792,8435,3.926136571067449
15,033,0001,1805,1503300011805,7524,3.876506504265881
15,033,0001,181A,150330001181A,4221,3.6255182289716377
15,033,0001,1824,1503300011824,4692,3.6714505542124947
15,033,0001,1858,1503300011858,6074,3.7835462822703496
15,033,0001,1862,1503300011862,3384,3.529558673021163
15,033,0001,1877,1503300011877,8834,3.946206553842783
15,033,0001,1881,1503300011881,8001,3.903198547042978
15,033,0001,1896,1503300011896,4575,3.6604860157849677
15,033,0001,1909,1503300011909,5522,3.742175043223677
15,033,0001,1913,1503300011913,4991,3.6982745766743674
15,033,0001,1928,1503300011928,8340,3.92121812119495
15,033,0001,1932,1503300011932,8930,3.950900089366387
15,033,0001,1947,1503300011947,4191,3.6224212739756703
15,033,0001,1951,1503300011951,3993,3.6014080605346837
15,033,0001,1966,1503300011966,9111,3.959613711071044
15,033,0001,1970,1503300011970,9977,3.9990434996031627
15,033,0001,1985,1503300011985,3888,3.58983794314746
15,033,0001,199A,150330001199A,4743,3.6761446803562063
15,033,0001,2004,1503300012004,2305,3.36285930295868
15,033,0001,2019,1503300012019,2344,3.370142847051102
15,033,0001,2023,1503300012023,2643,3.4222614508136027
15,033,0001,2042,1503300012042,3314,3.520483532740792
15,033,0001,2057,1503300012057,3814,3.5814945422908995
15,033,0001,2061,1503300012061,6417,3.8073997127594854
15,033,0001,2076,1503300012076,7578,3.879611907065851
15,033,0001,2080,1503300012080,3064,3.486430478854434
15,033,0001,2095,1503300012095,5495,3.740046724051494
15,033,0001,2112,1503300012112,10465,4.019780730403647
15,033,0001,2150,1503300012150,6252,3.7960884286806684
15,033,0001,2165,1503300012165,4177,3.62096843564429
15,033,0001,2199,1503300012199,5746,3.7594411971336976
15,033,0001,2201,1503300012201,7516,3.876044550246095
15,033,0001,2216,1503300012216,10867,4.036149629745853
15,033,0001,2220,1503300012220,4990,3.698187569866122
15,033,0001,2235,1503300012235,5885,3.769820257763592
15,033,0001,224A,150330001224A,5315,3.725584972270694
15,033,0001,2254,1503300012254,4054,3.6079908585471747
15,033,0001,2269,1503300012269,3421,3.5342800052050816
15,033,0001,2273,1503300012273,4470,3.6504046698680317
15,033,0001,2288,1503300012288,6766,3.830396176483469
15,033,0001,2292,1503300012292,7282,3.8623103099542706
15,033,0001,2305,1503300012305,4643,3.666892211066536
15,033,0001,231A,150330001231A,3787,3.578409970331236
15,033,0001,2324,1503300012324,4049,3.6074550232146687
15,033,0001,2339,1503300012339,2589,3.413299764081252
15,033,0001,2343,1503300012343,2612,3.4171394097273255
15,033,0001,2358,1503300012358,5525,3.7424108805804925
15,033,0001,2362,1503300012362,2734,3.4369573306694496
15,033,0001,2377,1503300012377,3109,3.4927603890268375
15,033,0001,2428,1503300012428,4004,3.6026025204202563
15,033,0001,2432,1503300012432,3481,3.5418287667813124
15,033,0001,2447,1503300012447,3638,3.5609820555862353
15,033,0001,2451,1503300012451,4318,3.6353832040474985
15,033,0001,2485,1503300012485,3626,3.5595475555804343
15,033,0001,249A,150330001249A,1255,3.0989896394011773
15,033,0001,2502,1503300012502,2573,3.410608542568368
15,033,0001,2517,1503300012517,921,2.9647309210536292
15,033,0001,2521,1503300012521,1935,3.286905352972375
15,033,0001,256A,150330001256A,2575,3.4109458586877746
15,033,0001,2574,1503300012574,7859,3.895422546039408
15,033,0001,2589,1503300012589,2333,3.3681008517093516
15,033,0001,2593,1503300012593,5097,3.7073998311332486
15,033,0001,2610,1503300012610,2865,3.4572761860613257
15,033,0001,2644,1503300012644,3053,3.484869032720402
15,033,0001,2659,1503300012659,4055,3.6080979463252794
15,033,0001,2697,1503300012697,7155,3.8546703318953353
15,033,0001,270A,150330001270A,5433,3.735119634081872
15,033,0001,2729,1503300012729,1119,3.0492180226701815
15,033,0001,2733,1503300012733,1958,3.2920344359947364
15,033,0001,2748,1503300012748,5281,3.722798396870905
15,033,0001,2752,1503300012752,1818,3.2598326990634834
15,033,0001,2790,1503300012790,11450,4.058843414668761
15,033,0001,2803,1503300012803,7880,3.8965813275057326
15,033,0001,2818,1503300012818,6303,3.7996162044814987
15,033,0001,2822,1503300012822,6380,3.8048887446223913
15,033,0001,2837,1503300012837,4921,3.6921416093667836
15,033,0001,2841,1503300012841,4697,3.671913012441587
15,033,0001,2856,1503300012856,1813,3.2586372827240764
15,033,0001,2860,1503300012860,2003,3.301897717195208
15,033,0001,2875,1503300012875,1919,3.2833012287035497
15,033,0001,288A,150330001288A,4095,3.612359947967774
15,033,0001,2894,1503300012894,5182,3.7145812088395314
15,033,0001,2907,1503300012907,2650,3.4234097277330933
15,033,0001,2911,1503300012911,2513,3.400365273349939
15,033,0001,2926,1503300012926,2703,3.4320066872695985
15,033,0001,2930,1503300012930,1627,3.2116544005531824
15,033,0001,2945,1503300012945,5250,3.720242018287057
15,033,0001,295A,150330001295A,5371,3.7301360039966776
15,033,0001,2964,1503300012964,3245,3.511348515490213
15,033,0001,2979,1503300012979,4768,3.6784273224338673
15,033,0001,2983,1503300012983,3266,3.514149134475437
15,033,0001,2998,1503300012998,4995,3.6986224297020978
15,033,0001,3002,1503300013002,4036,3.6060587494103142
15,033,0001,3017,1503300013017,5050,3.7033773685123497
15,033,0001,3021,1503300013021,2847,3.4545399849648186
15,033,0001,3036,1503300013036,4450,3.6484575942825224
15,033,0001,3040,1503300013040,4528,3.656002320682957
15,033,0001,3055,1503300013055,3339,3.5237464668115646
15,033,0001,306A,150330001306A,4391,3.6426623314420357
15,033,0001,3074,1503300013074,4263,3.6298171960185157
15,033,0001,3089,1503300013089,2511,3.4000196350651586
15,033,0001,3093,1503300013093,3332,3.52283531366053
15,033,0001,3106,1503300013106,4040,3.606488850442648
15,033,0001,3110,1503300013110,3957,3.5974757898703773
15,033,0001,3125,1503300013125,2694,3.4305587695227575
15,033,0001,313A,150330001313A,3620,3.5588285248170117
15,033,0001,3144,1503300013144,3146,3.49789674291322
15,033,0001,3159,1503300013159,4123,3.6153186566114788
15,033,0001,3163,1503300013163,2551,3.4068806700491248
15,033,0001,3178,1503300013178,2514,3.400537989391946
15,033,0001,3182,1503300013182,4167,3.619927710291468
15,033,0001,3197,1503300013197,4410,3.6445370577784075
15,033,0001,320A,150330001320A,4352,3.638788667157398
15,033,0001,3229,1503300013229,6969,3.8432327780980096
15,033,0001,3233,1503300013233,5803,3.7637274037656985
15,033,0001,3248,1503300013248,4475,3.6508900778563125
15,033,0001,3252,1503300013252,4334,3.636989101812229
15,033,0001,3267,1503300013267,3425,3.5347873586294916
15,033,0001,3271,1503300013271,3368,3.52750101098112
15,033,0001,3286,1503300013286,4091,3.6119356250401227
15,033,0001,3290,1503300013290,3224,3.5085297189712867
15,033,0001,3303,1503300013303,3478,3.541454428747589
15,033,0001,3318,1503300013318,3766,3.5759956202032677
15,033,0001,3322,1503300013322,3479,3.5415792439465807
15,033,0001,3337,1503300013337,4525,3.65571454961871
15,033,0001,3341,1503300013341,8882,3.948559662108962
15,033,0001,3356,1503300013356,5156,3.712397131406715
15,033,0001,3360,1503300013360,4718,3.6738499773429494
15,033,0001,3375,1503300013375,3522,3.5469126431812423
15,033,0001,338A,150330001338A,7009,3.8457180179666586
15,033,0001,3394,1503300013394,3986,3.6006462356623943
15,033,0001,3407,1503300013407,1148,3.060320028688285
15,033,0001,3411,1503300013411,3344,3.524396122103842
15,033,0001,3426,1503300013426,4683,3.6706168864003255
15,033,0001,3430,1503300013430,4508,3.6540802353065707
15,033,0001,3445,1503300013445,1649,3.2174839442139063
15,033,0001,345A,150330001345A,4831,3.6841269256130755
15,033,0001,3464,1503300013464,4072,3.609914410085998
15,033,0001,3483,1503300013483,5070,3.7050936105478733
15,033,0001,3498,1503300013498,4279,3.6314437690131722
15,033,0001,3500,1503300013500,6031,3.7804613328617176
15,033,0001,3515,1503300013515,6756,3.829753918924975
15,033,0001,3534,1503300013534,4396,3.643156465619706
15,033,0001,3549,1503300013549,5218,3.7175872968554606
15,033,0001,3553,1503300013553,2700,3.431524584187451
15,033,0001,3568,1503300013568,2684,3.428944290035574
15,033,0001,3572,1503300013572,4445,3.647969458362972
15,033,0001,3587,1503300013587,5575,3.746322765089953
15,033,0001,3591,1503300013591,2227,3.3479151865016914
15,033,0001,3604,1503300013604,4786,3.6800634274819486
15,033,0001,3619,1503300013619,3110,3.4929000111087034
15,033,0001,3623,1503300013623,6099,3.785329835010767
15,033,0001,3638,1503300013638,7168,3.855458580386036
15,033,0001,3642,1503300013642,6083,3.7841892053809607
15,033,0001,3657,1503300013657,7642,3.8832638595849738
15,033,0001,3661,1503300013661,4298,3.633367445117007
15,033,0001,3676,1503300013676,4478,3.651181062444688
15,033,0001,3680,1503300013680,1814,3.258876629372131
15,033,0001,3695,1503300013695,1752,3.243781916093795
15,033,0001,3746,1503300013746,3481,3.5418287667813124
15,033,0001,3750,1503300013750,817,2.912753303671323
15,033,0001,3765,1503300013765,132,2.123851640967086
15,033,0001,377A,150330001377A,983,2.9929950984313414
15,033,0001,3784,1503300013784,162,2.2121876044039577
15,033,0001,3799,1503300013799,665,2.823474229170301
15,033,0001,3801,1503300013801,205,2.3138672203691533
15,033,0001,3816,1503300013816,656,2.8175653695597807
15,033,0001,3835,1503300013835,4381,3.6416723732246865
15,033,0001,3854,1503300013854,2934,3.467608105583633
15,033,0001,3869,1503300013869,5569,3.745855195173729
15,033,0001,3873,1503300013873,4036,3.6060587494103142
15,033,0001,3888,1503300013888,4100,3.612889769287485
15,033,0001,3892,1503300013892,5723,3.7576996250877386
15,033,0001,3905,1503300013905,4677,3.670060217473134
15,033,0001,391A,150330001391A,3427,3.5350408132511606
15,033,0001,3939,1503300013939,7357,3.8667597834951084
15,033,0001,3943,1503300013943,3639,3.561101383649056
15,033,0001,3962,1503300013962,3452,3.5381965783494542
15,033,0001,3977,1503300013977,4817,3.6828667956623247
15,033,0001,3981,1503300013981,3283,3.516403148447403
15,033,0001,3996,1503300013996,5152,3.7120601424610746
15,033,0001,402A,150330001402A,651,2.81424759573192
15,033,0001,4053,1503300014053,4474,3.650793039651931
15,033,0001,4068,1503300014068,3185,3.503245771465113
15,033,0001,4072,1503300014072,394,2.59659709562646
15,033,0001,4087,1503300014087,0,0.0
15,033,0001,4091,1503300014091,184,2.2671717284030137
15,033,0001,4104,1503300014104,3877,3.5886078047426864
15,033,0001,4142,1503300014142,7254,3.8606374167737547
15,033,0001,4227,1503300014227,4565,3.6595359071542166
15,033,0001,4231,1503300014231,5018,3.700617195682057
15,033,0001,4335,1503300014335,4637,3.6663307443019684
15,033,0001,434A,150330001434A,6488,3.8121777741587537
15,033,0001,4354,1503300014354,4064,3.609060549930087
15,033,0001,4369,1503300014369,1626,3.2113875529368587
15,033,0001,4373,1503300014373,3873,3.588159616383092
15,033,0001,4388,1503300014388,3851,3.585686278452497
15,033,0001,4392,1503300014392,3496,3.5436956323092446
15,033,0001,4405,1503300014405,5194,3.7155855518931964
15,033,0001,441A,150330001441A,6004,3.7785130117389247
15,033,0001,4424,1503300014424,3732,3.5720579899263045
15,033,0001,4439,1503300014439,4034,3.6058435390580894
15,033,0001,4443,1503300014443,5214,3.7172543127625497
15,033,0001,4458,1503300014458,8810,3.945025201242463
15,033,0001,4462,1503300014462,2820,3.450403086155366
15,033,0001,4477,1503300014477,4755,3.677241845946654
15,033,0001,4481,1503300014481,873,2.941511432634403
15,033,0001,4496,1503300014496,2362,3.373463721632369
15,033,0001,4509,1503300014509,6157,3.789439684567179
15,033,0001,4513,1503300014513,3396,3.531095546870028
15,033,0001,4528,1503300014528,4244,3.6278776945799716
15,033,0001,4532,1503300014532,3858,3.5864747785713966
15,033,0001,4547,1503300014547,4354,3.638988159343682
15,033,0001,4551,1503300014551,4746,3.67641923171836
15,033,0001,4566,1503300014566,6553,3.816506437046357
15,033,0001,4570,1503300014570,4411,3.644635503768153
15,033,0001,4585,1503300014585,1736,3.2397998184470986
15,033,0001,459A,150330001459A,3669,3.5646660642520893
15,033,0001,4602,1503300014602,4588,3.6617180576946593
15,033,0001,4617,1503300014617,3128,3.495405563146193
15,033,0001,4621,1503300014621,7678,3.8853046675889678
15,033,0001,4636,1503300014636,4514,3.6546577546495245
15,033,0001,4640,1503300014640,2854,3.455606112581867
15,033,0001,4655,1503300014655,6089,3.784617292632875
15,033,0001,466A,150330001466A,5014,3.700270937356437
15,033,0001,4674,1503300014674,4558,3.6588695922019623
15,033,0001,4689,1503300014689,4314,3.6349808000512285
15,033,0001,4693,1503300014693,539,2.7323937598229686
15,033,0001,4725,1503300014725,3811,3.5811528919662887
15,033,0001,473A,150330001473A,3111,3.4930395883176515
15,033,0001,4744,1503300014744,1999,3.3010299956639813
15,033,0001,4759,1503300014759,5060,3.7042363373087874
15,033,0001,4763,1503300014763,4409,3.6444385894678386
15,033,0001,4778,1503300014778,4482,3.651568738865792
15,033,0001,4782,1503300014782,4220,3.625415352154408
15,033,0001,4797,1503300014797,4600,3.6628522332647964
15,033,0001,480A,150330001480A,5342,3.727785174182906
15,033,0001,4814,1503300014814,3057,3.485437481076301
15,033,0001,4829,1503300014829,3277,3.51560894923448
15,033,0001,4848,1503300014848,787,2.8965262174895554
15,033,0001,4852,1503300014852,888,2.9489017609702137
15,033,0001,4867,1503300014867,799,2.9030899869919438
15,033,0001,4871,1503300014871,4012,3.6034691597338386
15,033,0001,4886,1503300014886,257,2.41161970596323
15,033,0001,4890,1503300014890,3529,3.5477747053878224
15,033,0001,4903,1503300014903,8044,3.9055260484350485
15,033,0001,4918,1503300014918,6338,3.802020751771976
15,033,0001,4922,1503300014922,6748,3.829239428141389
15,033,0001,4937,1503300014937,7025,3.846708145456007
15,033,0001,4941,1503300014941,11815,4.072470482303893
15,033,0001,4956,1503300014956,528,2.7234556720351857
15,033,0001,4960,1503300014960,95,1.9822712330395684
15,033,0001,4975,1503300014975,32,1.5185139398778875
15,033,0001,498A,150330001498A,1953,3.2909245593827543
15,033,0001,4994,1503300014994,475,2.677606952720493
15,034,0001,0081,1503400010081,3565,3.5521813388393357
15,034,0001,0096,1503400010096,4729,3.6748611407378116
15,035,0001,0036,1503500010036,2255,3.3533390953113047
15,035,0001,0055,1503500010055,1752,3.243781916093795
15,035,0001,0178,1503500010178,2725,3.435525851498655
15,035,0001,0182,1503500010182,5028,3.7014816356209272
15,035,0003,0089,1503500030089,860,2.935003151453655
15,035,0003,0549,1503500030549,941,2.9740509027928774
15,035,0003,0553,1503500030553,2174,3.337459261290656
15,035,0003,0568,1503500030568,619,2.792391689498254
15,035,0003,0572,1503500030572,632,2.801403710017355
15,035,0003,0587,1503500030587,1231,3.090610707828407
15,035,0003,0591,1503500030591,1205,3.0813473078041325
15,035,0003,0604,1503500030604,747,2.8739015978644615
15,035,0003,0619,1503500030619,1128,3.052693941924968
15,035,0003,0623,1503500030623,1177,3.0711452904510828
15,035,0003,0638,1503500030638,1041,3.0178677189635055
15,035,0003,0642,1503500030642,548,2.739572344450092
15,035,0006,0426,1503500060426,8072,3.907034952483417
15,035,0006,0445,1503500060445,3478,3.541454428747589
15,035,0006,0483,1503500060483,182,2.2624510897304293
15,035,0006,0500,1503500060500,1232,3.0909630765957314
15,035,0006,052A,150350006052A,1563,3.1942367487238292
15,035,0006,0534,1503500060534,666,2.824125833916549
15,035,0008,0197,1503500080197,4693,3.6715430852625737
15,035,0008,020A,150350008020A,2885,3.4602963267574753
15,035,0008,0515,1503500080515,121,2.0863598306747484
15,035,0009,0214,1503500090214,2752,3.4398062113933303
15,035,0009,0229,1503500090229,1985,3.2979792441593623
15,035,0009,0233,1503500090233,3287,3.5169318088680126
15,035,0009,0360,1503500090360,1184,3.0737183503461227
15,035,0009,038A,150350009038A,1272,3.1048284036536553
15,035,0009,0394,1503500090394,654,2.816241299991783
15,035,0011,0093,1503500110093,4887,3.689131197234498
15,035,0012,0163,1503500120163,4885,3.688953462637418
15,035,0013,0248,1503500130248,4185,3.6217992240026677
15,035,0017,0106,1503500170106,2983,3.474798818800631
15,035,0019,0125,1503500190125,4285,3.63205216670581
15,035,0019,013A,150350019013A,4829,3.683947130751512
15,035,0027,0252,1503500270252,5565,3.745543201998024
15,035,0027,0267,1503500270267,7140,3.853759033074769
15,035,0027,0286,1503500270286,6476,3.811373897053893
15,035,0027,0290,1503500270290,7163,3.855155577176994
15,035,0027,0303,1503500270303,1663,3.2211533219547053
15,035,0027,0318,1503500270318,6557,3.8167714123333463
15,035,0027,0322,1503500270322,4394,3.642958879409791
15,035,0027,0337,1503500270337,2679,3.428134794028789
15,035,0027,0341,1503500270341,1396,3.1451964061141817
15,035,0027,0356,1503500270356,1426,3.154423973114647
15,035,0027,0375,1503500270375,1962,3.292920299600006
15,035,0027,0407,1503500270407,2192,3.341038631677523
15,035,0027,0411,1503500270411,1432,3.1562461903973444
15,035,0027,045A,150350027045A,3589,3.5550944485783194
15,035,0027,0464,1503500270464,1522,3.1826999033360424
15,035,0027,0498,1503500270498,1304,3.1156105116742996
15,035,0028,0271,1503500280271,1418,3.151982395457474
15,035,0030,0430,1503500300430,7472,3.873494982256169
15,035,0030,0479,1503500300479,1334,3.125481265700594
15,035,0034,0021,1503500340021,1490,3.1734776434529945
15,035,0034,006A,150350034006A,760,2.8813846567705728
15,035,0034,0074,1503500340074,1483,3.171433900943008
15,035,0035,0017,1503500350017,3543,3.5494937132150133
15,036,0001,0086,1503600010086,1328,3.123524980942732
15,036,0001,0283,1503600010283,2292,3.3604040547299387
15,036,0001,0298,1503600010298,1147,3.059941888061955
15,036,0004,0014,1503600040014,1235,3.092018470752797
15,036,0004,0033,1503600040033,1369,3.1367205671564067
15,036,0006,0194,1503600060194,5048,3.7032053706954864
15,036,0006,0207,1503600060207,4760,3.6776981814745104
15,036,0007,032A,150360007032A,1146,3.0595634179012676
15,036,0007,0334,1503600070334,1070,3.029789470831856
15,036,0007,0349,1503600070349,766,2.884795363948981
15,036,0008,0137,1503600080137,2055,3.313023110323238
15,036,0008,0141,1503600080141,448,2.6522463410033232
15,036,0008,0156,1503600080156,285,2.456366033129043
15,036,0008,0211,1503600080211,2643,3.4222614508136027
15,036,0008,0226,1503600080226,3614,3.5581083016305497
15,036,0009,0230,1503600090230,4097,3.612571954065176
15,036,0009,0245,1503600090245,3648,3.5621738633646483
15,036,0009,025A,150360009025A,530,2.725094521081469
15,036,0009,0264,1503600090264,105,2.0253058652647704
15,036,0009,0279,1503600090279,1652,3.2182728535714475
15,036,0009,0300,1503600090300,454,2.6580113966571126
15,036,0009,0315,1503600090315,77,1.8920946026904804
15,036,0011,0090,1503600110090,2517,3.401055725771844
15,037,0001,0384,1503700010384,4375,3.641077313325374
15,037,0001,0399,1503700010399,4309,3.6344772701607315
15,037,0001,0577,1503700010577,1544,3.1889284837608534
15,037,0001,0581,1503700010581,254,2.406540180433955
15,037,0001,0736,1503700010736,253,2.404833716619938
15,037,0005,0276,1503700050276,4553,3.658393026279124
15,037,0007,0168,1503700070168,2896,3.461948495203762
15,037,0009,0223,1503700090223,4896,3.689930104018218
15,037,0009,0238,1503700090238,21587,4.334212409393176
15,037,0009,0280,1503700090280,3913,3.5926208213219826
15,037,0013,0401,1503700130401,6258,3.7965049515532963
15,037,0013,0416,1503700130416,4961,3.6956567599361905
15,037,0013,0420,1503700130420,3754,3.5746099413401873
15,037,0013,069A,150370013069A,297,2.4742162640762553
15,037,0013,0702,1503700130702,342,2.5352941200427703
15,037,0018,0435,1503700180435,2447,3.3888114134735234
15,037,0018,044A,150370018044A,3278,3.515741416669365
15,037,0018,0596,1503700180596,103,2.0170333392987803
15,037,0019,0651,1503700190651,4537,3.6568644915489172
15,037,0021,0647,1503700210647,4249,3.6283889300503116
15,037,0022,0172,1503700220172,3136,3.496514518697745
15,037,0023,0666,1503700230666,5269,3.7218106152125467
15,037,0024,0454,1503700240454,2106,3.3236645356081
15,037,0024,0469,1503700240469,2929,3.4668676203541096
15,037,0024,0609,1503700240609,426,2.630427875025024
15,037,0024,0613,1503700240613,129,2.113943352306837
15,037,0024,0628,1503700240628,47,1.6812412373755872
15,037,0024,0632,1503700240632,331,2.5211380837040362
15,037,0025,0261,1503700250261,12776,4.106428894793411
15,037,0026,0327,1503700260327,8662,3.937668314399005
15,037,0071,0064,1503700710064,8711,3.9401178667477184
15,037,0071,0079,1503700710079,4899,3.690196080028514
15,037,0071,0083,1503700710083,2572,3.4104397862103464
15,037,0071,0098,1503700710098,5629,3.7505083948513462
15,037,0071,0100,1503700710100,4688,3.6710802327388494
15,037,0071,0115,1503700710115,5602,3.7484206224675685
15,037,0071,0134,1503700710134,4927,3.692670699156369
15,037,0071,0187,1503700710187,5612,3.7491950422196725
15,037,0071,0191,1503700710191,7794,3.8918161195248606
15,037,0071,0204,1503700710204,5128,3.7100326990657537
15,037,0071,0219,1503700710219,2144,3.331427296520743
15,037,0071,0242,1503700710242,4065,3.60916737430202
15,037,0071,0308,1503700710308,3728,3.571592383361307
15,037,0071,0331,1503700710331,3473,3.54082981411108
15,037,0071,0346,1503700710346,1941,3.288249225571986
15,037,0071,0350,1503700710350,1377,3.139249217571607
15,037,0071,0365,1503700710365,4404,3.643945912748067
15,037,0071,037A,150370071037A,2727,3.4358443659844413
15,037,0071,0473,1503700710473,7852,3.8950355974523228
15,037,0071,0488,1503700710488,5316,3.7256666603141784
15,037,0071,0492,1503700710492,6507,3.8134475442648212
15,037,0071,0524,1503700710524,4434,3.646893624167745
15,037,0071,0539,1503700710539,454,2.6580113966571126
15,037,0071,0543,1503700710543,3061,3.486005186362242
15,037,0071,0558,1503700710558,2060,3.3140779917792127
15,037,0071,0562,1503700710562,4559,3.658964842664435
15,037,0071,0670,1503700710670,8358,3.922154325231059
15,037,0071,0685,1503700710685,5054,3.70372115992702
15,037,0071,0721,1503700710721,698,2.8444771757456815
15,037,0071,0740,1503700710740,7071,3.849542252005017
15,037,0071,076A,150370071076A,103,2.0170333392987803
15,037,0084,0011,1503700840011,2877,3.4590907896005865
15,037,0089,0755,1503700890755,3794,3.5792117802314993
15,038,0001,0038,1503800010038,2399,3.380211241711606
15,039,0001,0139,1503900010139,3734,3.5722906061514177
15,039,0001,0158,1503900010158,5592,3.747644819328248
15,039,0001,0213,1503900010213,3528,3.5476516583599693
15,039,0001,0232,1503900010232,6910,3.839540892968969
15,039,0001,0302,1503900010302,10106,4.004622265700783
15,039,0001,0567,1503900010567,5442,3.735838334317074
15,039,0001,0571,1503900010571,4355,3.6390878710837375
15,039,0001,0586,1503900010586,7215,3.8582965245338854
15,039,0001,0603,1503900010603,2687,3.429429264381788
15,039,0001,0618,1503900010618,5742,3.7591388162811663
15,039,0001,0622,1503900010622,4724,3.674401812845282
15,039,0001,0637,1503900010637,3699,3.568201724066995
15,039,0001,0641,1503900010641,4177,3.62096843564429
15,039,0001,0656,1503900010656,193,2.287801729930226
15,039,0001,0660,1503900010660,1598,3.2038484637462346
15,039,0001,0675,1503900010675,1808,3.257438566859814
15,039,0001,068A,150390001068A,2212,3.344981413927258
15,039,0001,0694,1503900010694,4990,3.698187569866122
15,039,0001,0745,1503900010745,6196,3.792181496149679
15,039,0001,075A,150390001075A,28908,4.461033069118143
15,039,0001,0764,1503900010764,1529,3.184691430817599
15,039,0001,0868,1503900010868,1518,3.1815577738627865
15,039,0001,0872,1503900010872,2519,3.401400540781544
15,039,0001,0887,1503900010887,2253,3.3529539117100877
15,039,0001,0891,1503900010891,144,2.161368002234975
15,039,0001,0904,1503900010904,2300,3.3619166186686433
15,039,0001,0919,1503900010919,4319,3.635483746814912
15,039,0001,0942,1503900010942,6089,3.784617292632875
15,039,0001,0980,1503900010980,4046,3.6071332043915665
15,039,0001,1048,1503900011048,6418,3.807467375684278
15,039,0001,1052,1503900011052,4311,3.634678752178682
15,039,0001,1067,1503900011067,6854,3.8360074591255313
15,039,0001,1071,1503900011071,2510,3.3998467127129226
15,039,0001,1086,1503900011086,1278,3.106870544478654
15,039,0001,1090,1503900011090,1085,3.035829825252828
15,039,0001,1103,1503900011103,1043,3.0187004986662433
15,039,0001,1118,1503900011118,4386,3.642167634404945
15,039,0001,1122,1503900011122,4076,3.6103407114521566
15,039,0001,1137,1503900011137,5256,3.720737977018425
15,039,0001,1141,1503900011141,3920,3.5933968423002067
15,039,0001,1156,1503900011156,4475,3.6508900778563125
15,039,0001,1160,1503900011160,3806,3.580582876814367
15,039,0001,1207,1503900011207,1639,3.214843848047698
15,039,0001,1211,1503900011211,2228,3.3481100684802376
15,039,0001,1226,1503900011226,4877,3.688241795977712
15,039,0001,1230,1503900011230,2248,3.351989455435632
15,039,0001,1245,1503900011245,485,2.6866362692622934
15,039,0001,125A,150390001125A,3157,3.499412125672275
15,039,0001,1264,1503900011264,758,2.88024177589548
15,039,0001,1279,1503900011279,2434,3.386498965550653
15,039,0001,1300,1503900011300,571,2.7573960287930244
15,039,0001,1368,1503900011368,2563,3.4089180208467798
15,039,0001,1372,1503900011372,2787,3.4452927694259716
15,039,0001,1387,1503900011387,3336,3.5233562066547925
15,039,0001,1391,1503900011391,1467,3.166726055580052
15,039,0001,1404,1503900011404,1207,3.082066934285113
15,039,0001,1419,1503900011419,6474,3.8112397727532894
15,039,0001,1423,1503900011423,3447,3.5375672571526753
15,039,0001,1438,1503900011438,5697,3.755722444903458
15,039,0001,1442,1503900011442,6615,3.8205954965444904
15,039,0001,1457,1503900011457,4852,3.6860102913152857
15,039,0001,1461,1503900011461,3018,3.479863113023098
15,039,0001,1476,1503900011476,2862,3.456821348021599
15,039,0001,1508,1503900011508,1415,3.15106325335375
15,039,0001,1512,1503900011512,922,2.965201701025912
15,039,0001,1762,1503900011762,2033,3.308350948586726
15,039,0001,1777,1503900011777,4273,3.630834517828051
15,039,0001,1781,1503900011781,3484,3.5422027824340283
15,039,0001,1796,1503900011796,2974,3.4734869700645685
15,039,0001,1809,1503900011809,775,2.8898617212581885
15,039,0001,1813,1503900011813,682,2.8344207036815328
15,039,0001,1828,1503900011828,212,2.3283796034387376
15,039,0001,1832,1503900011832,2662,3.425371166438941
15,039,0001,1847,1503900011847,8529,3.930949031167523
15,039,0001,1851,1503900011851,5366,3.7297315952870354
15,039,0001,1866,1503900011866,5251,3.7203247174174416
15,039,0001,1870,1503900011870,6352,3.8029788553352617
15,039,0001,1885,1503900011885,4750,3.6767850304192056
15,039,0001,189A,150390001189A,3645,3.5618166643189575
15,039,0001,1902,1503900011902,2853,3.4554539687786283
15,039,0001,1917,1503900011917,5976,3.7764832558336816
15,039,0001,1921,1503900011921,3283,3.516403148447403
15,039,0001,1936,1503900011936,2681,3.42845877351558
15,039,0001,1940,1503900011940,2531,3.4034637013453173
15,039,0001,1955,1503900011955,2232,3.348888723071438
15,039,0001,196A,150390001196A,6286,3.7984434603501875
15,039,0001,1974,1503900011974,4683,3.6706168864003255
15,039,0001,1989,1503900011989,2954,3.4705574852172743
15,039,0001,2008,1503900012008,822,2.91539983521227
15,039,0001,2012,1503900012012,3640,3.561220678933944
15,039,0001,2027,1503900012027,2306,3.3630475945210936
15,039,0001,207A,150390001207A,798,2.902546779313991
15,039,0001,2084,1503900012084,778,2.8915374576725643
15,039,0001,2099,1503900012099,2302,3.362293937964231
15,039,0001,2101,1503900012101,1400,3.1464381352857744
15,039,0001,2116,1503900012116,3233,3.509740015570382
15,039,0001,2135,1503900012135,1883,3.2750808984568587
15,039,0001,214A,150390001214A,1261,3.1010593549081156
15,039,0001,2154,1503900012154,4350,3.638589083292717
15,039,0001,2169,1503900012169,296,2.4727564493172123
15,039,0001,2173,1503900012173,60,1.7853298350107671
15,039,0001,2188,1503900012188,1610,3.207095540419218
15,039,0001,2224,1503900012224,122,2.089905111439398
15,039,0001,2239,1503900012239,885,2.9474337218870508
15,039,0001,2243,1503900012243,2058,3.3136563466180315
15,039,0001,2258,1503900012258,480,2.682145076373832
15,039,0001,2262,1503900012262,672,2.828015064223977
15,039,0001,2277,1503900012277,86,1.9395192526186185
15,039,0001,2281,1503900012281,7,0.9030899869919435
15,039,0001,2332,1503900012332,2059,3.3138672203691533
15,039,0003,1550,1503900031550,3652,3.5626496722119168
15,039,0003,1565,1503900031565,3483,3.5420781463356255
15,039,0003,157A,150390003157A,4065,3.60916737430202
15,039,0003,1616,1503900031616,3973,3.5992278627737964
15,039,0003,1620,1503900031620,3134,3.496237545166735
15,039,0003,1635,1503900031635,3199,3.505149978319906
15,039,0003,164A,150390003164A,5125,3.709778601848225
15,039,0003,1654,1503900031654,3830,3.5833121519830775
15,039,0003,1669,1503900031669,4020,3.604334073102911
15,039,0003,1673,1503900031673,3978,3.599773939146388
15,039,0003,1688,1503900031688,4384,3.6419695977020594
15,039,0003,1692,1503900031692,6398,3.8061121101690913
15,039,0004,0800,1503900040800,5490,3.7396514437093766
15,039,0004,0815,1503900040815,3623,3.5591881890047756
15,039,0004,1315,1503900041315,850,2.929929560084588
15,039,0004,2313,1503900042313,420,2.6242820958356683
15,039,0007,1546,1503900071546,3478,3.541454428747589
15,039,0011,0073,1503900110073,1811,3.2581581933407944
15,039,0011,082A,150390011082A,1535,3.186391215695493
15,039,0011,0834,1503900110834,622,2.7944880466591697
15,039,0011,0849,1503900110849,1898,3.2785249647370174
15,039,0011,0853,1503900110853,231,2.3654879848909
15,039,0011,1349,1503900111349,82,1.919078092376074
15,039,0011,1495,1503900111495,103,2.0170333392987803
15,039,0011,221A,150390011221A,154,2.1903316981702914
15,039,0012,0779,1503900120779,6459,3.8102325179950842
15,039,0012,0783,1503900120783,935,2.971275848738105
15,039,0012,0798,1503900120798,4802,3.681512586638962
15,039,0012,1175,1503900121175,2648,3.423081958297231
15,039,0012,118A,150390012118A,3490,3.5429498488141786
15,039,0012,1194,1503900121194,1754,3.244277120801843
15,039,0012,1283,1503900121283,4073,3.610021024664145
15,039,0012,1298,1503900121298,2848,3.454692449239477
15,039,0012,132A,150390012132A,372,2.571708831808688
15,039,0012,1334,1503900121334,380,2.5809249756756194
15,039,0012,2031,1503900122031,3184,3.503109436671369
15,039,0012,2046,1503900122046,931,2.9694159123539814
15,039,0012,2296,1503900122296,126,2.103803720955957
15,039,0012,2309,1503900122309,756,2.8790958795000727
15,039,0012,2328,1503900122328,231,2.3654879848909
15,039,0064,1743,1503900641743,3783,3.5779511277297553
15,039,0064,1758,1503900641758,5837,3.7662640906519957
15,039,0064,2050,1503900642050,953,2.979548374704095
15,039,0064,2065,1503900642065,279,2.4471580313422194
15,039,0064,2192,1503900642192,762,2.8825245379548803
15,039,0064,2205,1503900642205,301,2.4800069429571505
15,039,0151,1584,1503901511584,11098,4.045283851395135
15,039,0151,1599,1503901511599,8397,3.9241758703019207
15,039,0151,1601,1503901511601,5404,3.7327956982893293
15,039,0151,1705,1503901511705,4292,3.6327608884794387
15,039,0151,171A,150390151171A,4397,3.6432552250247716
15,039,0151,1724,1503901511724,4762,3.6778805815115905
15,039,0151,1739,1503901511739,3441,3.5368108659915416
15,040,0001,0036,1504000010036,1017,3.00774777800074
15,040,0001,0055,1504000010055,5594,3.7478000908643687
15,040,0001,0089,1504000010089,3096,3.490941205356787
15,040,0001,0093,1504000010093,4192,3.6225248624035684
15,040,0001,0106,1504000010106,2557,3.407900540142635
15,040,0001,0110,1504000010110,2601,3.4153072922255676
15,040,0001,0125,1504000010125,27,1.4471580313422192
15,040,0001,013A,150400001013A,242,2.385606273598312
15,041,0001,0029,1504100010029,944,2.975431808509263
15,042,0001,0308,1504200010308,4494,3.6527296960692475
15,042,0001,0312,1504200010312,2583,3.4122925093230463
15,042,0002,044A,150420002044A,5287,3.723291446477584
15,042,0002,0454,1504200020454,3503,3.544564097496043
15,042,0003,0168,1504200030168,2715,3.433929765608464
15,042,0007,037A,150420007037A,4079,3.61066016308988
15,042,0008,0172,1504200080172,3458,3.5389505620143615
15,042,0010,0134,1504200100134,3046,3.4838724542226736
15,042,0014,0280,1504200140280,3196,3.504742636271688
15,042,0016,0401,1504200160401,7839,3.8943160626844384
15,042,0016,0416,1504200160416,6760,3.830010935936118
15,042,0017,0346,1504200170346,5278,3.7225516620009587
15,042,0020,0172,1504200200172,5107,3.708250888591378
15,042,0021,0153,1504200210153,2829,3.45178643552429
15,042,0022,0384,1504200220384,3806,3.580582876814367
15,042,0023,0172,1504200230172,3457,3.5388249889379035
15,042,0024,0350,1504200240350,3850,3.585573518622731
15,042,0025,0280,1504200250280,3902,3.5913985512812485
15,042,0029,0399,1504200290399,3976,3.59955559098598
15,042,0030,0331,1504200300331,5965,3.7756832490260437
15,042,0030,0420,1504200300420,4516,3.654850090561394
15,042,0030,0435,1504200300435,2919,3.4653828514484184
15,042,0031,0295,1504200310295,3646,3.561935763313781
15,042,0031,0473,1504200310473,246,2.392696953259666
15,042,0031,0488,1504200310488,205,2.3138672203691533
15,042,0031,0492,1504200310492,288,2.4608978427565478
15,042,0032,0365,1504200320365,3579,3.5538830266438746
15,042,0033,012A,150420033012A,4598,3.6626634095740376
15,042,0034,0219,1504200340219,8297,3.9189734304929544
15,042,0035,0223,1504200350223,8212,3.914501822827314
15,042,0035,0469,1504200350469,458,2.661812685537261
15,043,0001,0061,1504300010061,5039,3.7024305364455254
15,043,0001,0076,1504300010076,5624,3.7501225267834
15,043,0001,0080,1504300010080,5030,3.7016543173257483
15,043,0001,0095,1504300010095,324,2.5118833609788744
15,043,0001,0108,1504300010108,414,2.6180480967120925
15,043,0001,0112,1504300010112,690,2.8394780473741985
15,044,0001,004A,150440001004A,4769,3.678518379040114
15,044,0001,0092,1504400010092,3284,3.5165353738957994
15,044,0001,0105,1504400010105,4732,3.6751365044679942
15,044,0020,011A,150440020011A,2382,3.377124042346456
15,044,0020,0124,1504400200124,4629,3.6655809910179533
15,044,0020,0139,1504400200139,3676,3.5654936298688624
15,044,0020,0143,1504400200143,3891,3.5901728315963144
15,044,0020,0158,1504400200158,854,2.931966114728173
15,045,0001,0259,1504500010259,2034,3.3085644135612386
15,045,0001,0263,1504500010263,1029,3.012837224705172
15,045,0001,0278,1504500010278,1336,3.1261314072619846
15,045,0001,0282,1504500010282,287,2.459392487759231
15,045,0001,0297,1504500010297,656,2.8175653695597807
15,045,0001,0386,1504500010386,2074,3.3170181010481117
15,045,0001,0390,1504500010390,2841,3.4536240735914507
15,045,0001,0422,1504500010422,2414,3.382917135087531
15,045,0001,0511,1504500010511,0,0.0
15,045,0002,0140,1504500020140,2763,3.441538038702161
15,045,0003,0189,1504500030189,2629,3.419955748489758
15,045,0007,0441,1504500070441,473,2.6757783416740852
15,045,0007,0456,1504500070456,803,2.905256048748451
15,045,0007,0460,1504500070460,682,2.8344207036815328
15,045,0007,0475,1504500070475,827,2.9180303367848803
15,045,0007,048A,150450007048A,748,2.8744818176994666
15,045,0007,0494,1504500070494,283,2.4533183400470375
15,045,0007,0507,1504500070507,186,2.271841606536499
15,045,0014,0244,1504500140244,2568,3.4097641042663462
15,045,0016,0189,1504500160189,5220,3.7177536932107156
15,045,0019,0189,1504500190189,3079,3.4885507165004443
15,045,0027,0155,1504500270155,3370,3.5277587525209717
15,045,0028,0206,1504500280206,4412,3.6447339274471924
15,045,0032,0206,1504500320206,2708,3.4328090050331683
15,046,0001,0025,1504600010025,998,2.9995654882259823
15,046,0003,0059,1504600030059,4275,3.6310376965367404
15,046,0005,0063,1504600050063,3650,3.5624118329497274
15,047,0001,008A,150470001008A,2106,3.3236645356081
15,047,0010,0107,1504700100107,3285,3.516667559099043
15,047,0019,0111,1504700190111,5703,3.756179516843809
15,047,0020,0183,1504700200183,3280,3.5160062303860475
15,047,0025,015A,150470025015A,1928,3.2853322276438846
15,047,0064,0111,1504700640111,2778,3.443888546777372
15,047,0071,0126,1504700710126,5342,3.727785174182906
15,047,0072,0126,1504700720126,3975,3.5994463757252757
15,048,0001,0299,1504800010299,229,2.361727836017593
15,048,0001,034A,150480001034A,2500,3.3981136917305026
15,048,0001,0354,1504800010354,2325,3.3666097103924297
15,048,0001,0369,1504800010369,2418,3.3836358683618797
15,048,0001,041A,150480001041A,80,1.9084850188786497
15,048,0001,0424,1504800010424,192,2.285557309007774
15,048,0001,0458,1504800010458,198,2.298853076409707
15,048,0001,0462,1504800010462,23,1.380211241711606
15,048,0008,0250,1504800080250,2039,3.3096301674258988
15,048,0008,0320,1504800080320,2026,3.3068537486930087
15,048,0008,0335,1504800080335,333,2.5237464668115646
15,048,0012,0195,1504800120195,5897,3.7707047682157793
15,048,0013,0123,1504800130123,2594,3.414137362184477
15,048,0013,0265,1504800130265,1067,3.0285712526925375
15,048,0013,0284,1504800130284,2393,3.379124146070392
15,048,0013,0439,1504800130439,516,2.7134905430939424
15,048,0013,0443,1504800130443,90,1.9590413923210936
15,048,0015,0301,1504800150301,713,2.8536982117761744
15,048,0015,0316,1504800150316,200,2.303196057420489
15,048,0015,0373,1504800150373,3234,3.5098742850047193
15,048,0015,0388,1504800150388,2905,3.4632956099620027
15,048,0017,0142,1504800170142,5718,3.7573200965466724
15,048,0018,0405,1504800180405,2369,3.374748346010104
15,049,0001,0065,1504900010065,2011,3.30362797638389
15,049,0001,007A,150490001007A,2346,3.3705130895985924
15,049,0001,0084,1504900010084,68,1.8388490907372552
15,049,0001,0099,1504900010099,363,2.561101383649056
15,049,0001,0101,1504900010101,2,0.47712125471966244
15,049,0001,0116,1504900010116,42,1.6334684555795864
15,049,0005,0027,1504900050027,5044,3.7028611705729295
15,050,0001,0047,1505000010047,3626,3.5595475555804343
15,050,0001,009A,150500001009A,1132,3.0542299098633974
15,050,0001,0102,1505000010102,3765,3.575880315680646
15,050,0001,0117,1505000010117,3149,3.4983105537896004
15,050,0001,0121,1505000010121,3658,3.5633624094866074
15,050,0001,0136,1505000010136,2176,3.3378584290410944
15,050,0001,0174,1505000010174,49,1.6989700043360187
15,050,0001,0189,1505000010189,181,2.2600713879850747
15,050,0002,0140,1505000020140,3224,3.5085297189712867
15,050,0002,0155,1505000020155,3757,3.5749567757645067
15,050,0002,016A,150500002016A,464,2.667452952889954
15,050,0002,0193,1505000020193,87,1.9444826721501687
15,051,0001,0186,1505100010186,402,2.6053050461411096
15,051,0001,0241,1505100010241,3364,3.5269850685599957
15,051,0001,0256,1505100010256,2394,3.379305517750582
15,051,0001,0260,1505100010260,5692,3.7553411838115474
15,051,0001,0275,1505100010275,10627,4.02645154573824
15,051,0001,0453,1505100010453,4307,3.634275694625944
15,051,0001,0468,1505100010468,6380,3.8048887446223913
15,051,0001,0472,1505100010472,0,0.0
15,051,0007,028A,150510007028A,2574,3.41077723337721
15,051,0007,0294,1505100070294,2142,3.3310221710418286
15,051,0008,0167,1505100080167,2621,3.4186326873540653
15,051,0012,0152,1505100120152,3191,3.5040628826786917
15,051,0017,0400,1505100170400,3980,3.599992177584098
15,051,0020,0330,1505100200330,4561,3.6591552809406296
15,051,0020,042A,150510020042A,1739,3.2405492482826
15,051,0020,0449,1505100200449,41,1.6232492903979006
15,051,0021,0078,1505100210078,5361,3.7293268096468606
15,051,0022,035A,150510022035A,2767,3.44216608578472
15,051,0022,0364,1505100220364,2498,3.39776625612645
15,051,0023,0148,1505100230148,3033,3.4820155764507117
15,051,0024,0379,1505100240379,3196,3.504742636271688
15,051,0024,0383,1505100240383,6532,3.8151126581898125
15,051,0024,0398,1505100240398,5288,3.7233735670189843
15,051,0024,0491,1505100240491,36,1.568201724066995
15,051,0026,0307,1505100260307,3287,3.5169318088680126
15,051,0026,0311,1505100260311,6176,3.7907776013376937
15,051,0026,0326,1505100260326,4912,3.691346764134822
15,051,0026,0345,1505100260345,1051,3.02201573981772
15,051,0026,0434,1505100260434,60,1.7853298350107671
15,051,0027,0148,1505100270148,3146,3.49789674291322
15,051,0028,0415,1505100280415,3856,3.586249638866042
15,051,0028,0504,1505100280504,96,1.9867717342662448
15,051,0030,0148,1505100300148,2522,3.4019172505175748
15,051,0086,0487,1505100860487,7240,3.859798547480566
15,051,0089,0152,1505100890152,4975,3.696880371682762
15,051,0092,0152,1505100920152,2806,3.448242412634439
15,052,0001,0056,1505200010056,1716,3.2347702951609163
15,052,0001,0060,1505200010060,2495,3.397244581010386
15,052,0001,0075,1505200010075,2204,3.3434085938038574
15,052,0001,008A,150520001008A,1362,3.1344958558346736
15,052,0001,0164,1505200010164,650,2.813580988568192
15,052,0001,0179,1505200010179,195,2.292256071356476
15,052,0001,0183,1505200010183,154,2.1903316981702914
15,052,0001,0198,1505200010198,145,2.164352855784437
15,052,0024,0094,1505200240094,3094,3.490660653356137
15,053,0001,0034,1505300010034,4008,3.6030360562505215
15,053,0001,0049,1505300010049,3692,3.5673793076509788
15,053,0001,0053,1505300010053,4036,3.6060587494103142
15,053,0001,0068,1505300010068,3789,3.578639209968072
15,053,0001,0072,1505300010072,3580,3.554004321011903
15,053,0001,0104,1505300010104,2948,3.469674772551798
15,053,0001,0123,1505300010123,2892,3.461348433647983
15,053,0001,0138,1505300010138,3104,3.492061604512599
15,053,0001,0142,1505300010142,1996,3.3003780648707024
15,053,0001,0212,1505300010212,4006,3.6028193424326997
15,053,0001,0227,1505300010227,4553,3.658393026279124
15,053,0001,0284,1505300010284,493,2.693726948923647
15,053,0001,0335,1505300010335,3189,3.503790683057181
15,053,0001,034A,150530001034A,2445,3.3884564527002667
15,053,0005,0299,1505300050299,4567,3.6597260952377915
15,053,0005,0320,1505300050320,419,2.6232492903979003
15,053,0005,0354,1505300050354,66,1.8260748027008264
15,053,0005,0369,1505300050369,34,1.5440680443502757
15,053,0017,0015,1505300170015,2886,3.4604467838807205
15,053,0017,0087,1505300170087,1883,3.2750808984568587
15,053,0026,0157,1505300260157,4428,3.6463056802847587
15,054,0001,0258,1505400010258,3329,3.5224442335063197
15,054,0001,0281,1505400010281,1352,3.131297796597623
15,054,0001,0332,1505400010332,1040,3.017450729510536
15,054,0001,0351,1505400010351,663,2.8221680793680175
15,054,0001,0510,1505400010510,1141,3.0576661039098294
15,054,0001,0563,1505400010563,3231,3.5094713521025485
15,054,0001,0578,1505400010578,3378,3.5287881917748964
15,054,0001,0703,1505400010703,174,2.2430380486862944
15,054,0001,0718,1505400010718,1409,3.1492191126553797
15,054,0001,0722,1505400010722,6482,3.811776021602904
15,054,0001,0737,1505400010737,8004,3.9033613362553186
15,054,0032,0031,1505400320031,8091,3.908055874098767
15,054,0032,0760,1505400320760,1437,3.1577588860468637
15,054,0032,0794,1505400320794,3255,3.5126843962171637
15,054,0034,0826,1505400340826,5027,3.7013952690139202
15,054,0034,0830,1505400340830,3242,3.5109469486729727
15,054,0034,0845,1505400340845,1345,3.1290450598879582
15,054,0034,085A,150540034085A,1850,3.267406418752904
15,054,0034,0864,1505400340864,1653,3.218535505216528
15,054,0034,0879,1505400340879,4933,3.6931991451537174
15,054,0034,0883,1505400340883,2716,3.4340896384178907
15,054,0034,0898,1505400340898,2523,3.402089350572097
15,054,0034,0900,1505400340900,1021,3.009450895798694
15,054,0035,0402,1505400350402,828,2.9185545305502734
15,054,0035,0417,1505400350417,1260,3.1007150865730817
15,054,0035,0633,1505400350633,2796,3.4466924663715273
15,054,0035,0648,1505400350648,4006,3.6028193424326997
15,054,0035,0811,1505400350811,2111,3.3246939138617746
15,054,0037,0915,1505400370915,4699,3.6720978579357175
15,054,0037,092A,150540037092A,2362,3.373463721632369
15,054,0037,0934,1505400370934,4540,3.657151501900967
15,054,0037,0949,1505400370949,1608,3.2065560440990297
15,054,0037,0953,1505400370953,1639,3.214843848047698
15,054,0037,0968,1505400370968,3990,3.6010817277840235
15,054,0037,0972,1505400370972,3553,3.550717423469283
15,054,0037,0987,1505400370987,3429,3.5352941200427703
15,054,0037,0991,1505400370991,3240,3.51067903103221
15,054,0038,1006,1505400381006,2972,3.473194909204938
15,054,0038,1010,1505400381010,2062,3.3144992279731516
15,054,0038,1025,1505400381025,2594,3.414137362184477
15,054,0038,103A,150540038103A,1453,3.162564406523019
15,054,0038,1044,1505400381044,1279,3.1072099696478683
15,054,0038,1059,1505400381059,2497,3.3975924340381165
15,054,0038,1063,1505400381063,1241,3.0941215958405612
15,054,0038,1078,1505400381078,1163,3.06595298031387
15,054,0038,1082,1505400381082,4235,3.6269559514354475
15,054,0038,1097,1505400381097,3789,3.578639209968072
15,054,0041,0756,1505400410756,4140,3.617105230502378
15,054,0041,110A,150540041110A,545,2.7371926427047373
15,054,0043,0741,1505400430741,5042,3.7026889681591335
15,054,0043,1256,1505400431256,1087,3.036628895362161
15,054,0047,0652,1505400470652,4086,3.6114046377115936
15,054,0047,0667,1505400470667,5064,3.704579449696299
15,054,0049,1114,1505400491114,3635,3.56062387454993
15,054,0049,1129,1505400491129,1924,3.2844307338445193
15,054,0049,1133,1505400491133,2861,3.4566696294237578
15,054,0049,1148,1505400491148,1690,3.2281436075977417
15,054,0049,1152,1505400491152,4410,3.6445370577784075
15,054,0049,1167,1505400491167,2603,3.4156409798961542
15,054,0049,1171,1505400491171,1925,3.2846562827885157
15,054,0049,1186,1505400491186,3122,3.4945719842301988
15,054,0049,1190,1505400491190,4445,3.647969458362972
15,054,0049,1203,1505400491203,6892,3.8384082784941866
15,054,0049,1218,1505400491218,12090,4.08246222116863
15,054,0049,1222,1505400491222,2301,3.362105319293773
15,054,0049,1237,1505400491237,12930,4.1116321117086
15,054,0049,1241,1505400491241,9185,3.9631264410819047
15,054,0052,078A,150540052078A,2345,3.3703280077795106
15,054,0055,0506,1505400550506,7558,3.878464345341469
15,054,0055,0775,1505400550775,0,0.0
15,054,0106,1260,1505401061260,3832,3.5835388192543522
15,055,0001,0043,1505500010043,4883,3.688775655272845
15,055,0001,0058,1505500010058,4349,3.6384892569546374
15,055,0001,0062,1505500010062,1622,3.210318519826232
15,056,0001,0089,1505600010089,1981,3.2971036501492565
15,056,0006,0093,1505600060093,3607,3.557266528869904
15,056,0007,0110,1505600070110,3040,3.483016420144132
15,056,0008,013A,150560008013A,3456,3.5386993795424067
15,056,0009,0178,1505600090178,4238,3.627263416568221
15,056,0009,0214,1505600090214,400,2.603144372620182
15,056,0018,020A,150560018020A,4323,3.6358856852812727
15,057,0001,0048,1505700010048,2787,3.4452927694259716
15,057,0001,0103,1505700010103,3684,3.56643749219507
15,057,0001,0122,1505700010122,3551,3.5504729571065634
15,057,0001,0141,1505700010141,7164,3.855216194733363
15,057,0001,0156,1505700010156,3079,3.4885507165004443
15,057,0001,0160,1505700010160,3808,3.580810972660946
15,057,0001,0175,1505700010175,4221,3.6255182289716377
15,057,0001,018A,150570001018A,3098,3.491221576239283
15,057,0001,0245,1505700010245,4262,3.629715332647132
15,057,0001,0283,1505700010283,10789,4.033021444682911
15,057,0001,032A,150570001032A,5628,3.750431248660202
15,057,0001,0353,1505700010353,5565,3.745543201998024
15,057,0001,0368,1505700010368,1856,3.2688119037397803
15,057,0001,0372,1505700010372,9517,3.9785457004627385
15,057,0001,0391,1505700010391,6217,3.793650717707173
15,057,0001,0404,1505700010404,11650,4.066363202258494
15,057,0001,0419,1505700010419,5823,3.765221366304981
15,057,0001,0480,1505700010480,1073,3.0310042813635367
15,057,0001,0495,1505700010495,2019,3.305351369446624
15,057,0001,0508,1505700010508,5321,3.72607487021537
15,057,0001,0512,1505700010512,7706,3.8868853589860084
15,057,0001,0550,1505700010550,6640,3.822233480238844
15,057,0001,0584,1505700010584,6580,3.818291890799996
15,057,0001,0599,1505700010599,4758,3.6775157047987577
15,057,0001,0601,1505700010601,2689,3.429752280002408
15,057,0001,0616,1505700010616,9018,3.9551583869257936
15,057,0001,0620,1505700010620,1378,3.13956426617585
15,057,0001,0635,1505700010635,6789,3.8318697742805017
15,057,0001,064A,150570001064A,4039,3.606381365110605
15,057,0001,0669,1505700010669,3922,3.593618308129536
15,057,0001,0688,1505700010688,894,2.951823035315912
15,057,0001,0692,1505700010692,3966,3.5984622004741507
15,057,0001,0705,1505700010705,4797,3.6810602436318116
15,057,0001,071A,150570001071A,62,1.7993405494535817
15,057,0001,0743,1505700010743,4706,3.672744198306599
15,057,0001,0813,1505700010813,6896,3.8386602259889413
15,057,0001,0851,1505700010851,8219,3.9148718175400505
15,057,0001,0866,1505700010866,10589,4.024895960107485
15,057,0001,0870,1505700010870,6608,3.82013575187043
15,057,0001,0936,1505700010936,4760,3.6776981814745104
15,057,0001,0940,1505700010940,9504,3.977952121201462
15,057,0001,0955,1505700010955,9488,3.977220446635385
15,057,0001,1031,1505700011031,1012,3.0056094453602804
15,057,0001,1084,1505700011084,446,2.6503075231319366
15,057,0001,1116,1505700011116,4571,3.660106221723244
15,057,0001,1135,1505700011135,4640,3.66661156841903
15,057,0001,114A,150570001114A,4587,3.66162340922923
15,057,0001,1154,1505700011154,4532,3.656385719058688
15,057,0001,1169,1505700011169,3593,3.555578072772955
15,057,0001,1173,1505700011173,2363,3.3736474722092176
15,057,0001,1188,1505700011188,2009,3.303196057420489
15,057,0001,1192,1505700011192,2936,3.4679039465228003
15,057,0001,1205,1505700011205,2344,3.370142847051102
15,057,0001,121A,150570001121A,91,1.9637878273455553
15,057,0001,1224,1505700011224,2860,3.4565178578052627
15,057,0001,1239,1505700011239,2643,3.4222614508136027
15,057,0001,1243,1505700011243,2772,3.4429498695778618
15,057,0001,1258,1505700011258,2170,3.3366598234544202
15,057,0001,1262,1505700011262,2079,3.3180633349627615
15,057,0001,1277,1505700011277,1263,3.1017470739463664
15,057,0001,1281,1505700011281,813,2.910624404889201
15,057,0001,1296,1505700011296,1931,3.2860071220794747
15,057,0001,1309,1505700011309,3817,3.581835924057648
15,057,0001,1313,1505700011313,3446,3.5374412834079476
15,057,0001,1328,1505700011328,2133,3.329194415088451
15,057,0001,1332,1505700011332,1323,3.121887985103681
15,057,0001,1347,1505700011347,2416,3.3832766504076504
15,057,0001,1351,1505700011351,2334,3.368286884902131
15,057,0001,1366,1505700011366,2190,3.3406423775607053
15,057,0001,1370,1505700011370,3395,3.530967681571915
15,057,0001,1385,1505700011385,2573,3.410608542568368
15,057,0001,139A,150570001139A,1726,3.237292337567459
15,057,0001,1402,1505700011402,3173,3.5016069224188295
15,057,0001,1417,1505700011417,6851,3.835817354293473
15,057,0001,1421,1505700011421,2185,3.339650157613684
15,057,0001,1436,1505700011436,3088,3.4898179083014504
15,057,0001,1440,1505700011440,2420,3.383994789441733
15,057,0001,1455,1505700011455,2335,3.3684728384403617
15,057,0001,146A,150570001146A,2365,3.3740147402919116
15,057,0001,1474,1505700011474,2042,3.3102683666324477
15,057,0001,1489,1505700011489,251,2.401400540781544
15,057,0001,1493,1505700011493,4687,3.670987603010034
15,057,0001,1506,1505700011506,6644,3.822494985278751
15,057,0001,1510,1505700011510,5804,3.7638022240745928
15,057,0001,1525,1505700011525,6075,3.7836177651907485
15,057,0001,153A,150570001153A,946,2.9763499790032735
15,057,0001,1544,1505700011544,1858,3.2692793897718984
15,057,0001,1559,1505700011559,5831,3.765817515309918
15,057,0001,1563,1505700011563,3856,3.586249638866042
15,057,0001,1578,1505700011578,6688,3.8253611959526332
15,057,0001,1582,1505700011582,7288,3.862667950228588
15,057,0001,1597,1505700011597,7487,3.874365835730049
15,057,0001,160A,150570001160A,5296,3.7240299729355977
15,057,0001,1614,1505700011614,3168,3.5009222391903005
15,057,0001,1629,1505700011629,4668,3.6692238739308056
15,057,0001,1633,1505700011633,2784,3.4448251995097476
15,057,0001,1648,1505700011648,3690,3.5671440451956573
15,057,0001,1652,1505700011652,3888,3.58983794314746
15,057,0001,1667,1505700011667,889,2.949390006644913
15,057,0001,1671,1505700011671,1568,3.1956229435869368
15,057,0001,1686,1505700011686,5406,3.7329563695756245
15,057,0001,1690,1505700011690,5310,3.725176301419137
15,057,0001,1703,1505700011703,2638,3.4214393902200495
15,057,0001,1718,1505700011718,6388,3.80543288813214
15,057,0001,1722,1505700011722,5439,3.73559889969818
15,057,0001,1737,1505700011737,6208,3.793021659845983
15,057,0001,1741,1505700011741,3566,3.552303109338354
15,057,0001,1756,1505700011756,2907,3.463594402187
15,057,0001,1760,1505700011760,4524,3.655618583541222
15,057,0001,1775,1505700011775,4008,3.6030360562505215
15,057,0001,178A,150570001178A,4024,3.6047658847038875
15,057,0001,1794,1505700011794,4062,3.6088468223264116
15,057,0001,1807,1505700011807,4630,3.665674780993893
15,057,0001,1811,1505700011811,2991,3.4759615891924236
15,057,0001,1826,1505700011826,4460,3.6494322232416168
15,057,0001,1830,1505700011830,3558,3.551327988003846
15,057,0001,1845,1505700011845,4263,3.6298171960185157
15,057,0001,185A,150570001185A,3609,3.5575072019056577
15,057,0001,1864,1505700011864,5221,3.7178368674869255
15,057,0001,1879,1505700011879,5258,3.7209031708134575
15,057,0001,1883,1505700011883,4222,3.625621081424908
15,057,0001,1898,1505700011898,4187,3.622006673006805
15,057,0001,1900,1505700011900,4539,3.6570558528571038
15,057,0001,1915,1505700011915,6535,3.8153120435243593
15,057,0001,192A,150570001192A,9291,3.9681092011281978
15,057,0001,1934,1505700011934,4817,3.6828667956623247
15,057,0001,1949,1505700011949,4044,3.606918525948291
15,057,0001,1953,1505700011953,3546,3.549861188471943
15,057,0001,1968,1505700011968,5100,3.707655323531187
15,057,0001,1972,1505700011972,3375,3.5284024379536176
15,057,0001,1987,1505700011987,4676,3.669967369908504
15,057,0001,1991,1505700011991,5101,3.7077404542737713
15,057,0001,2006,1505700012006,4907,3.6909045540549665
15,057,0001,2010,1505700012010,7016,3.8461514765288154
15,057,0001,2025,1505700012025,4040,3.606488850442648
15,057,0001,203A,150570001203A,4272,3.6307328928171967
15,057,0001,2044,1505700012044,4000,3.6021685513789974
15,057,0001,2059,1505700012059,2294,3.36078268987328
15,057,0001,2063,1505700012063,2414,3.382917135087531
15,057,0001,2078,1505700012078,3903,3.591509808994654
15,057,0001,2082,1505700012082,3518,3.5464192668351915
15,057,0001,2097,1505700012097,3031,3.481729196960016
15,057,0001,210A,150570001210A,3841,3.584557360525675
15,057,0001,2114,1505700012114,6247,3.7957410208692437
15,057,0001,2129,1505700012129,4759,3.677606952720493
15,057,0001,2133,1505700012133,3183,3.5029730590656314
15,057,0001,2148,1505700012148,6066,3.782973994944048
15,057,0001,2152,1505700012152,5314,3.7255032688593155
15,057,0001,2167,1505700012167,2758,3.4407517004791854
15,057,0001,2171,1505700012171,3395,3.530967681571915
15,057,0001,2186,1505700012186,3247,3.5116160205691376
15,057,0001,2190,1505700012190,4927,3.692670699156369
15,057,0001,2203,1505700012203,6895,3.8385972528166565
15,057,0001,2218,1505700012218,6201,3.7925317619013077
15,057,0001,2222,1505700012222,4676,3.669967369908504
15,057,0001,2237,1505700012237,3262,3.513617073787875
15,057,0001,2241,1505700012241,3063,3.486288760960566
15,057,0001,2256,1505700012256,4242,3.6276730317666157
15,057,0001,2260,1505700012260,5548,3.744214724814166
15,057,0001,2275,1505700012275,1689,3.2278867046136734
15,057,0001,228A,150570001228A,3664,3.564073978977147
15,057,0001,2294,1505700012294,3772,3.5766868052009957
15,057,0001,2307,1505700012307,3480,3.5417040232842885
15,057,0001,2311,1505700012311,4722,3.6742179455767
15,057,0001,2326,1505700012326,7186,3.856547644856748
15,057,0001,2330,1505700012330,6776,3.8310374856400253
15,057,0001,2345,1505700012345,4141,3.617210094557434
15,057,0001,235A,150570001235A,3856,3.586249638866042
15,057,0001,2364,1505700012364,3084,3.4892551683692603
15,057,0001,2379,1505700012379,3419,3.534026106056135
15,057,0001,2383,1505700012383,4676,3.669967369908504
15,057,0001,2398,1505700012398,2475,3.39375064034808
15,057,0001,2400,1505700012400,2615,3.4176377396522297
15,057,0001,2415,1505700012415,4995,3.6986224297020978
15,057,0001,2434,1505700012434,1882,3.274850320016665
15,057,0001,2449,1505700012449,1401,3.14674801363064
15,057,0001,2453,1505700012453,790,2.8981764834976764
15,057,0001,2468,1505700012468,1906,3.280350693046006
15,057,0001,2472,1505700012472,1098,3.0409976924234905
15,057,0001,2487,1505700012487,862,2.9360107957152097
15,057,0001,2491,1505700012491,886,2.9479236198317262
15,057,0001,2504,1505700012504,1432,3.1562461903973444
15,057,0001,2519,1505700012519,9,1.0
15,057,0001,2523,1505700012523,1280,3.1075491297446862
15,057,0001,2538,1505700012538,1814,3.258876629372131
15,057,0001,2542,1505700012542,2433,3.386320573894046
15,057,0001,2557,1505700012557,2741,3.438067450453494
15,057,0001,2561,1505700012561,2467,3.392345155361204
15,057,0001,2576,1505700012576,3208,3.506369717095504
15,057,0001,2580,1505700012580,1373,3.137986732723532
15,057,0001,2595,1505700012595,1682,3.226084115975824
15,057,0001,2608,1505700012608,556,2.745855195173729
15,057,0001,2612,1505700012612,94,1.9777236052888478
15,057,0001,2650,1505700012650,889,2.949390006644913
15,057,0001,2665,1505700012665,4796,3.680969718465897
15,057,0001,267A,150570001267A,5397,3.732232880220498
15,057,0001,2684,1505700012684,579,2.7634279935629373
15,057,0001,2701,1505700012701,2119,3.326335860928751
15,057,0001,2716,1505700012716,1101,3.042181594515766
15,057,0088,2631,1505700882631,4225,3.6259294927162946
15,057,0088,2646,1505700882646,5695,3.7555699806288
15,057,0098,2627,1505700982627,3595,3.5558196830611912
15,057,0239,1065,1505702391065,3067,3.4868553552769432
15,057,0264,1050,1505702641050,3462,3.539452491549461
15,057,0267,2699,1505702672699,6084,3.784260582566084
15,057,0268,1050,1505702681050,3371,3.527887565952705
15,058,0001,0030,1505800010030,5437,3.7354392032514814
15,058,0001,0079,1505800010079,3851,3.585686278452497
15,058,0001,0083,1505800010083,2881,3.4596939764779706
15,058,0001,0098,1505800010098,5060,3.7042363373087874
15,058,0001,0100,1505800010100,4150,3.6181527333785195
15,058,0001,0115,1505800010115,4531,3.6562899011913594
15,058,0001,012A,150580001012A,3735,3.5724068675580556
15,058,0001,0134,1505800010134,6716,3.8271753482986925
15,058,0001,0149,1505800010149,6578,3.8181598863971855
15,058,0001,0153,1505800010153,7420,3.87046243158892
15,058,0001,0168,1505800010168,7885,3.8968567727372045
15,058,0001,0172,1505800010172,3034,3.482158695411276
15,058,0001,0187,1505800010187,3536,3.5486350598147514
15,058,0001,0191,1505800010191,9266,3.966939163021113
15,058,0001,0204,1505800010204,5415,3.733678655677088
15,058,0001,0219,1505800010219,4688,3.6710802327388494
15,058,0001,0223,1505800010223,3922,3.593618308129536
15,058,0001,0238,1505800010238,5466,3.7377490738915573
15,058,0001,0261,1505800010261,6973,3.843481943039958
15,058,0001,0276,1505800010276,6949,3.8419848045901137
15,058,0001,0280,1505800010280,4816,3.682776646314434
15,058,0001,0295,1505800010295,5515,3.7416242575038123
15,058,0001,0308,1505800010308,4974,3.6967930850817443
15,058,0001,0312,1505800010312,5253,3.7204900684500513
15,058,0001,0327,1505800010327,6552,3.816440167956139
15,058,0001,0331,1505800010331,7322,3.864689034136851
15,058,0001,0346,1505800010346,6065,3.7829024059746446
15,058,0001,0350,1505800010350,5066,3.704750904290671
15,058,0001,0365,1505800010365,5344,3.727947709544797
15,058,0001,037A,150580001037A,4233,3.6267508536833932
15,058,0001,0384,1505800010384,5708,3.756560043006683
15,058,0001,0399,1505800010399,4932,3.693111115462141
15,058,0001,0401,1505800010401,5772,3.761401557498631
15,058,0001,0416,1505800010416,4928,3.692758818154724
15,058,0001,0420,1505800010420,4196,3.62293896921149
15,058,0001,0435,1505800010435,5105,3.7080808104682315
15,058,0001,044A,150580001044A,7743,3.8889653443003374
15,058,0001,0454,1505800010454,8512,3.930082633392371
15,058,0001,0469,1505800010469,9110,3.9595660466379274
15,058,0001,0473,1505800010473,9895,3.9954596866210643
15,058,0001,0488,1505800010488,8463,3.9275756546911107
15,058,0001,0492,1505800010492,6306,3.7998228309933197
15,058,0001,0505,1505800010505,6046,3.7815399686059417
15,058,0001,051A,150580001051A,7942,3.899984562549391
15,058,0001,0524,1505800010524,10322,4.013805927340592
15,058,0001,0539,1505800010539,8370,3.9227773419287977
15,058,0001,0543,1505800010543,7287,3.862608363964942
15,058,0001,0558,1505800010558,5462,3.7374312005145827
15,058,0001,0562,1505800010562,8261,3.9170851906405675
15,058,0001,0577,1505800010577,6113,3.78632543439007
15,058,0001,0581,1505800010581,6616,3.8206611346435957
15,058,0001,0596,1505800010596,7329,3.8651039746411278
15,058,0001,0609,1505800010609,7154,3.8546096380957953
15,058,0001,0613,1505800010613,9450,3.9754777631658746
15,058,0001,0628,1505800010628,9532,3.9792295930221555
15,058,0001,0632,1505800010632,9221,3.9648251178833886
15,058,0001,0647,1505800010647,6566,3.8173670162875943
15,058,0001,0651,1505800010651,5780,3.7620029693751156
15,058,0001,0666,1505800010666,6887,3.8380931384455983
15,058,0001,0670,1505800010670,5180,3.714413592287121
15,058,0001,0685,1505800010685,5545,3.743979865241843
15,058,0001,069A,150580001069A,7502,3.8752349464501648
15,058,0001,0702,1505800010702,9054,3.9568884546500773
15,058,0001,0717,1505800010717,9109,3.9595183769729982
15,058,0001,0721,1505800010721,7823,3.893428841779545
15,058,0001,0736,1505800010736,7543,3.877601679729272
15,058,0001,0740,1505800010740,6492,3.812445402872756
15,058,0001,0755,1505800010755,7610,3.881441721941393
15,058,0001,076A,150580001076A,10460,4.019573202095639
15,058,0001,0774,1505800010774,7294,3.86302529622947
15,058,0001,0789,1505800010789,7303,3.8635607645262424
15,058,0001,0793,1505800010793,6027,3.780173243642594
15,058,0001,0806,1505800010806,6151,3.7890163267933747
15,058,0001,0810,1505800010810,6779,3.8312296938670634
15,058,0001,0825,1505800010825,6696,3.8258802989361795
15,058,0001,083A,150580001083A,9532,3.9792295930221555
15,058,0001,0844,1505800010844,8482,3.928549467001664
15,058,0001,0859,1505800010859,8572,3.9331328237267345
15,058,0001,0863,1505800010863,6851,3.835817354293473
15,058,0001,0878,1505800010878,4670,3.669409867287783
15,058,0001,0882,1505800010882,5308,3.725012725341157
15,058,0001,0897,1505800010897,6900,3.8389120274059985
15,058,0001,090A,150580001090A,7918,3.89867034296553
15,058,0001,0914,1505800010914,5266,3.721563318357481
15,058,0001,0929,1505800010929,7238,3.8596785766284483
15,058,0001,0933,1505800010933,4959,3.6954816764901977
15,058,0001,0948,1505800010948,6159,3.7895807121644256
15,058,0001,0952,1505800010952,6754,3.8296253533580495
15,058,0001,0967,1505800010967,6243,3.79546289439038
15,058,0001,0971,1505800010971,8591,3.9340942683554805
15,058,0001,0986,1505800010986,7987,3.902438056198665
15,058,0001,0990,1505800010990,6402,3.8063835018241674
15,058,0001,1005,1505800011005,4176,3.620864475265121
15,058,0001,101A,150580001101A,3829,3.583198773968623
15,058,0001,1024,1505800011024,5388,3.7315081835960253
15,058,0001,1039,1505800011039,4699,3.6720978579357175
15,058,0001,1043,1505800011043,4391,3.6426623314420357
15,058,0001,1058,1505800011058,4581,3.6610550848533787
15,058,0001,1062,1505800011062,5295,3.7239479764316434
15,058,0001,1077,1505800011077,5571,3.746011107751926
15,058,0001,1081,1505800011081,4734,3.675319983339292
15,058,0001,1096,1505800011096,5072,3.7052648623174043
15,058,0001,1109,1505800011109,4868,3.6874397745458944
15,058,0001,1113,1505800011113,5362,3.729407796963068
15,058,0001,1128,1505800011128,4879,3.6884198220027105
15,058,0001,1132,1505800011132,6685,3.82516637225655
15,058,0001,1147,1505800011147,3200,3.5052856741441323
15,058,0001,1151,1505800011151,9126,3.9603280505301433
15,058,0001,1166,1505800011166,7813,3.8928734068887656
15,058,0001,1170,1505800011170,4977,3.6970548922725746
15,058,0001,1185,1505800011185,6485,3.811976944336954
15,058,0001,119A,150580001119A,4872,3.6877964113812944
15,058,0001,1202,1505800011202,6703,3.82633400562222
15,058,0001,1217,1505800011217,5631,3.7506626461340558
15,058,0001,1221,1505800011221,6740,3.8287243271387914
15,058,0001,1236,1505800011236,6870,3.837019948540908
15,058,0001,1240,1505800011240,7277,3.8620120512502165
15,058,0001,1255,1505800011255,8872,3.948070481518941
15,058,0001,126A,150580001126A,6556,3.816705183666515
15,058,0001,1274,1505800011274,7985,3.9023293058583186
15,058,0001,1289,1505800011289,7326,3.8649261915390056
15,058,0001,1293,1505800011293,5266,3.721563318357481
15,058,0001,1306,1505800011306,6442,3.8090881313463463
15,058,0001,1310,1505800011310,4793,3.680698029697635
15,058,0001,1325,1505800011325,4074,3.6101276130759956
15,058,0001,133A,150580001133A,8605,3.9348013417465366
15,058,0001,1344,1505800011344,7438,3.871514558708382
15,058,0001,1359,1505800011359,6239,3.795184589682424
15,058,0001,1363,1505800011363,5815,3.7646243978509815
15,058,0001,1378,1505800011378,7347,3.8661691476337707
15,058,0001,1382,1505800011382,5963,3.775537634780957
15,058,0001,1397,1505800011397,6187,3.79155030502733
15,058,0001,140A,150580001140A,6402,3.8063835018241674
15,058,0001,1414,1505800011414,6940,3.8414220444023592
15,058,0001,1429,1505800011429,5641,3.7514330818193473
15,058,0001,1433,1505800011433,6153,3.7891574919114395
15,058,0001,1448,1505800011448,4094,3.6122539060964374
15,058,0001,1452,1505800011452,6367,3.8040030547296126
15,058,0001,1467,1505800011467,4824,3.6834973176798114
15,058,0001,1471,1505800011471,9419,3.9740509027928774
15,058,0001,1486,1505800011486,6856,3.8361341494653747
15,058,0001,1518,1505800011518,5305,3.7247672456463103
15,058,0001,1537,1505800011537,8971,3.95288926491093
15,058,0001,1541,1505800011541,7795,3.891871830445584
15,058,0001,1556,1505800011556,6867,3.836830286488879
15,058,0001,1560,1505800011560,2071,3.3163897510731952
15,058,0001,158A,150580001158A,9568,3.980866554582079
15,058,0001,1594,1505800011594,5442,3.735838334317074
15,058,0001,1611,1505800011611,10063,4.002770628101194
15,058,0001,1630,1505800011630,617,2.790988475088816
15,058,0001,1857,1505800011857,6243,3.79546289439038
15,058,0001,1861,1505800011861,2572,3.4104397862103464
15,058,0001,1876,1505800011876,4010,3.6032526619816467
15,058,0001,1880,1505800011880,3862,3.5869247081448203
15,058,0001,1895,1505800011895,3681,3.5660837841679958
15,058,0001,1908,1505800011908,3465,3.539828558377898
15,058,0001,1931,1505800011931,3307,3.519565500880509
15,058,0001,1946,1505800011946,2692,3.4302363534115106
15,058,0001,1950,1505800011950,7583,3.87989832433001
15,058,0001,1965,1505800011965,13911,4.143389568994656
15,058,0001,197A,150580001197A,3910,3.5922878159521305
15,058,0001,1984,1505800011984,2925,3.466274321789292
15,058,0001,1999,1505800011999,4467,3.6501131644435714
15,058,0001,2003,1505800012003,2577,3.4112829130173843
15,058,0001,2018,1505800012018,2535,3.404149249209695
15,058,0001,2022,1505800012022,2467,3.392345155361204
15,058,0001,2037,1505800012037,1688,3.227629649571009
15,058,0001,2041,1505800012041,4,0.6989700043360189
15,058,0001,2056,1505800012056,5071,3.7051792448736762
15,058,0001,2060,1505800012060,4737,3.6755950563867463
15,058,0001,2075,1505800012075,3168,3.5009222391903005
15,058,0001,208A,150580001208A,4718,3.6738499773429494
15,058,0001,2094,1505800012094,3774,3.576916955965207
15,058,0001,2107,1505800012107,4380,3.6415732531781755
15,058,0001,2111,1505800012111,4960,3.6955692270361857
15,058,0001,2126,1505800012126,4290,3.632558514532672
15,058,0001,2130,1505800012130,3728,3.571592383361307
15,058,0001,2145,1505800012145,4383,3.641870545476313
15,058,0002,1842,1505800021842,4420,3.645520514905874
15,059,0001,0038,1505900010038,4252,3.628695382714023
15,059,0001,0042,1505900010042,3620,3.5588285248170117
15,059,0001,0057,1505900010057,2130,3.328583449714202
15,059,0001,0080,1505900010080,2304,3.362670929725667
15,059,0001,0108,1505900010108,1775,3.249442961442582
15,059,0001,0112,1505900010112,1962,3.292920299600006
15,059,0001,0127,1505900010127,427,2.6314437690131722
15,059,0001,0146,1505900010146,126,2.103803720955957
15,059,0016,0076,1505900160076,2632,3.4204508591060683
15,059,0017,0150,1505900170150,1982,3.2973227142053028
15,059,0017,0165,1505900170165,2116,3.325720858019412
15,059,0033,0254,1505900330254,2177,3.3380578754197563
15,059,0033,0269,1505900330269,327,2.515873843711679
15,059,0033,0273,1505900330273,1198,3.0788191830988487
15,059,0058,017A,150590058017A,5734,3.7585334222372864
15,059,0058,0184,1505900580184,5990,3.777499319590365
15,059,0058,0199,1505900580199,2857,3.4560622244549513
15,059,0058,0201,1505900580201,1855,3.268577971882843
15,059,0058,0216,1505900580216,2333,3.3681008517093516
15,059,0062,0019,1505900620019,1746,3.2422929049829308
15,059,0062,0023,1505900620023,2095,3.321391278311689
15,059,0062,0220,1505900620220,1362,3.1344958558346736
15,059,0062,0235,1505900620235,1630,3.212453961040276
15,059,0062,024A,150590062024A,920,2.964259630196849
15,060,0001,0132,1506000010132,11682,4.067554376693503
15,060,0001,0170,1506000010170,7249,3.8603380065709936
15,060,0001,019A,150600001019A,5973,3.7762652182681093
15,060,0001,0240,1506000010240,6277,3.797821311364024
15,060,0001,026A,150600001026A,9851,3.993524403167066
15,060,0001,0293,1506000010293,8886,3.94875518016827
15,060,0001,0359,1506000010359,14234,4.153357471482974
15,060,0001,040A,150600001040A,3350,3.5251744278352715
15,060,0001,0448,1506000010448,9124,3.960232873128512
15,060,0001,0537,1506000010537,3336,3.5233562066547925
15,060,0001,0541,1506000010541,5958,3.775173385424787
15,060,0001,0556,1506000010556,6331,3.8015409061903185
15,060,0001,0560,1506000010560,3831,3.583425500406507
15,060,0001,0575,1506000010575,4368,3.6403820447095683
15,060,0001,058A,150600001058A,5374,3.730378468587643
15,060,0001,0594,1506000010594,3178,3.5022905279147727
15,060,0001,0607,1506000010607,3011,3.478854967528663
15,060,0001,0611,1506000010611,8206,3.9141844334232463
15,060,0001,0626,1506000010626,5517,3.7417816961431667
15,060,0001,0645,1506000010645,7119,3.8524799936368566
15,060,0001,0700,1506000010700,7438,3.871514558708382
15,060,0001,0715,1506000010715,6064,3.782830805202592
15,060,0001,072A,150600001072A,4136,3.616685520895512
15,060,0001,0734,1506000010734,4504,3.6536947953150816
15,060,0001,0749,1506000010749,4454,3.6488477083728936
15,060,0001,0753,1506000010753,5055,3.7038070652743285
15,060,0001,0768,1506000010768,6235,3.794906106516804
15,060,0001,0772,1506000010772,7849,3.8948696567452528
15,060,0001,0787,1506000010787,6179,3.790988475088816
15,060,0001,0804,1506000010804,4522,3.6554265877459184
15,060,0001,0819,1506000010819,4502,3.653501946962933
15,060,0001,0823,1506000010823,5708,3.756560043006683
15,060,0001,0838,1506000010838,5246,3.719911064198339
15,060,0001,0842,1506000010842,4228,3.6262376851469003
15,060,0001,0857,1506000010857,944,2.975431808509263
15,060,0001,0876,1506000010876,1180,3.072249897613515
15,060,0001,0880,1506000010880,132,2.123851640967086
15,060,0001,0908,1506000010908,6121,3.7868933252613157
15,060,0001,0912,1506000010912,1966,3.2938043599193367
15,060,0001,0931,1506000010931,2604,3.4158077276355434
15,060,0001,1003,1506000011003,4186,3.6219029608912305
15,060,0001,1018,1506000011018,6130,3.787531316127234
15,060,0001,1022,1506000011022,6000,3.7782236267660965
15,060,0001,1037,1506000011037,3794,3.5792117802314993
15,060,0001,1041,1506000011041,5586,3.7471786713601642
15,060,0001,1056,1506000011056,10121,4.005266332972769
15,060,0001,1060,1506000011060,8570,3.9330314951024055
15,060,0001,1075,1506000011075,8093,3.9081632000555477
15,060,0001,108A,150600001108A,6034,3.780677274433368
15,060,0001,1094,1506000011094,4158,3.6189889203649335
15,060,0001,1107,1506000011107,4287,3.6322547766847135
15,060,0001,1111,1506000011111,1764,3.2467447097238415
15,060,0001,1126,1506000011126,2123,3.3271545124094315
15,060,0001,1130,1506000011130,3822,3.582404298019028
15,060,0001,1145,1506000011145,696,2.8432327780980096
15,060,0001,115A,150600001115A,4230,3.6264430253312945
15,060,0001,1179,1506000011179,1956,3.2915908256580013
15,060,0001,1215,1506000011215,2325,3.3666097103924297
15,060,0001,122A,150600001122A,615,2.7895807121644256
15,060,0001,1234,1506000011234,3416,3.5336449787987627
15,060,0001,1291,1506000011291,3254,3.512550992904211
15,060,0001,1304,1506000011304,2777,3.4437322414015967
15,060,0001,1319,1506000011319,2928,3.4667193716815987
15,060,0001,1323,1506000011323,4758,3.6775157047987577
15,060,0003,0414,1506000030414,3238,3.510410948010177
15,060,0003,0518,1506000030518,2695,3.4307198878632823
15,060,0003,1249,1506000031249,825,2.9169800473203824
15,060,0004,0081,1506000040081,5792,3.762903528499057
15,060,0004,1268,1506000041268,56,1.7558748556724915
15,060,0015,1342,1506000151342,1545,3.189209489582306
15,060,0015,1357,1506000151357,2817,3.4499409887733377
15,060,0016,0679,1506000160679,7686,3.8857568810692675
15,060,0016,0683,1506000160683,2536,3.404320467221731
15,060,0016,0698,1506000160698,1312,3.118264726089479
15,060,0016,1253,1506000161253,602,2.780317312140151
15,060,0017,0467,1506000170467,3956,3.597366050266028
15,060,0018,0382,1506000180382,5612,3.7491950422196725
15,060,0018,1287,1506000181287,133,2.1271047983648077
15,060,0020,0984,1506000200984,2226,3.347720217034038
15,060,0020,0999,1506000200999,3765,3.575880315680646
15,060,0022,1361,1506000221361,5213,3.71717102683231
15,060,0025,0429,1506000250429,4147,3.6178387477170033
15,060,0069,0490,1506000690490,4850,3.6858312746260635
15,060,0082,0861,1506000820861,69,1.845098040014257
15,060,0082,0946,1506000820946,844,2.926856708949692
15,060,0082,0950,1506000820950,7447,3.872039667973286
15,060,0082,0965,1506000820965,1932,3.286231854028553
15,060,0082,097A,150600082097A,1115,3.04766419460156
15,060,0082,1164,1506000821164,1855,3.268577971882843
15,060,0082,1183,1506000821183,1189,3.0755469613925306
15,060,0082,1198,1506000821198,386,2.5877109650189114
15,060,0082,1200,1506000821200,1858,3.2692793897718984
15,060,0082,1272,1506000821272,13,1.146128035678238
15,060,0088,0490,1506000880490,3452,3.5381965783494542
15,061,0001,0021,1506100010021,1134,3.0549958615291417
15,061,0001,0036,1506100010036,870,2.9400181550076634
15,061,0001,006A,150610001006A,10,1.0413926851582251
15,061,0001,0074,1506100010074,440,2.6444385894678386
15,061,0001,0089,1506100010089,125,2.100370545117563
15,061,0001,0093,1506100010093,629,2.7993405494535817
15,061,0001,0106,1506100010106,706,2.8494194137968996
15,061,0001,0110,1506100010110,0,0.0
15,061,0001,0125,1506100010125,27,1.4471580313422192
15,061,0004,0144,1506100040144,907,2.958085848521085
15,061,0004,0159,1506100040159,1522,3.1826999033360424
15,061,0004,0163,1506100040163,998,2.9995654882259823
15,061,0004,0178,1506100040178,1068,3.028977705208778
15,061,0004,0182,1506100040182,139,2.146128035678238
15,061,0004,0197,1506100040197,32,1.5185139398778875
15,061,0004,020A,150610004020A,67,1.8325089127062364
15,061,0004,0214,1506100040214,25,1.414973347970818
15,062,0001,0118,1506200010118,1533,3.185825359612962
15,062,0001,0175,1506200010175,5279,3.722633922533812
15,062,0001,018A,150620001018A,2844,3.45408227073109
15,062,0001,0194,1506200010194,4285,3.63205216670581
15,062,0001,0207,1506200010207,4243,3.627775375229303
15,062,0001,0211,1506200010211,3245,3.511348515490213
15,062,0001,0226,1506200010226,3145,3.497758718287268
15,062,0001,0230,1506200010230,3060,3.4858633295973345
15,062,0001,0245,1506200010245,601,2.7795964912578244
15,062,0001,0264,1506200010264,600,2.7788744720027396
15,062,0001,0298,1506200010298,233,2.369215857410143
15,062,0014,025A,150620014025A,5292,3.723701893991268
15,062,0014,0300,1506200140300,159,2.2041199826559246
15,062,0014,0315,1506200140315,201,2.305351369446624
15,062,0014,032A,150620014032A,148,2.173186268412274
15,062,0020,0048,1506200200048,4685,3.670802284260944
15,062,0020,0122,1506200200122,73,1.8692317197309762
15,062,0020,0137,1506200200137,274,2.439332693830263
15,062,0020,0279,1506200200279,213,2.330413773349191
15,062,0022,0067,1506200220067,3628,3.5597869682005565
15,062,0022,0141,1506200220141,460,2.663700925389648
15,062,0022,0160,1506200220160,229,2.361727836017593
15,062,0022,0283,1506200220283,218,2.3404441148401185
15,062,0023,0033,1506200230033,9757,3.9893608137762473
15,063,0001,0064,1506300010064,2302,3.362293937964231
15,063,0025,0134,1506300250134,3138,3.4967913157000425
15,064,0001,0095,1506400010095,2061,3.3142886609474975
15,064,0001,0108,1506400010108,1849,3.2671717284030137
15,064,0001,0112,1506400010112,83,1.9242792860618816
15,064,0001,0127,1506400010127,953,2.979548374704095
15,064,0001,0131,1506400010131,975,2.9894498176666917
15,064,0001,0146,1506400010146,0,0.0
15,064,0001,0150,1506400010150,49,1.6989700043360187
15,065,0001,0035,1506500010035,2031,3.307923703611882
15,065,0001,0105,1506500010105,3502,3.5444401373176926
15,065,0001,011A,150650001011A,2336,3.368658712392227
15,065,0001,0143,1506500010143,917,2.9628426812012423
15,065,0001,0158,1506500010158,723,2.859738566197147
15,065,0001,0270,1506500010270,109,2.041392685158225
15,065,0001,0302,1506500010302,307,2.4885507165004443
15,065,0007,0209,1506500070209,1349,3.130333768495006
15,065,0007,0213,1506500070213,1060,3.025715383901341
15,065,0007,0228,1506500070228,1335,3.125806458139527
15,065,0007,0232,1506500070232,28,1.462397997898956
15,065,0007,0247,1506500070247,9,1.0
15,065,0011,0251,1506500110251,1491,3.17376882313665
15,065,0011,0266,1506500110266,1838,3.2645817292380777
15,065,0011,0285,1506500110285,2,0.47712125471966244
15,065,0011,029A,150650011029A,243,2.387389826338729
15,065,0019,0162,1506500190162,3225,3.508664363052943
15,065,0019,0177,1506500190177,2144,3.331427296520743
15,066,0001,0032,1506600010032,1747,3.2425414282983844
15,067,0001,0190,1506700010190,6507,3.8134475442648212
15,067,0001,0203,1506700010203,6356,3.803252211430457
15,067,0002,0133,1506700020133,2762,3.4413808849165113
15,067,0005,0218,1506700050218,4323,3.6358856852812727
15,067,0005,0222,1506700050222,511,2.709269960975831
15,067,0008,0129,1506700080129,3776,3.5771469848275252
15,067,0009,0114,1506700090114,4728,3.674769314015426
15,067,0012,0186,1506700120186,2854,3.455606112581867
15,067,0013,0260,1506700130260,5102,3.7078255683322316
15,067,0014,0148,1506700140148,6701,3.8262044234992527
15,067,0014,028A,150670014028A,138,2.143014800254095
15,067,0015,0275,1506700150275,5454,3.7367947549243605
15,067,0022,0133,1506700220133,3154,3.498999363580153
15,067,0028,0133,1506700280133,2578,3.4114513421379375
15,067,0045,0114,1506700450114,3942,3.5958267770732233
15,067,0052,0167,1506700520167,2854,3.455606112581867
15,068,0001,0022,1506800010022,6234,3.7948364578145615
15,068,0001,008A,150680001008A,808,2.9079485216122722
15,068,0001,0111,1506800010111,1568,3.1956229435869368
15,068,0001,0130,1506800010130,2890,3.4610480916706576
15,068,0001,0145,1506800010145,2456,3.390405156480081
15,068,0001,015A,150680001015A,2440,3.387567779417189
15,068,0001,0164,1506800010164,2184,3.3394514413064407
15,068,0003,0018,1506800030018,1842,3.2655253352190736
15,068,0003,0179,1506800030179,1089,3.037426497940624
15,068,0007,0183,1506800070183,3440,3.5366846726209302
15,069,0001,002A,150690001002A,2969,3.4727564493172123
15,069,0001,0049,1506900010049,1658,3.219846386024361
15,069,0001,0068,1506900010068,157,2.1986570869544226
15,070,0001,0020,1507000010020,4291,3.6326597132939136
15,070,0001,0035,1507000010035,3575,3.55339751012388
15,070,0001,004A,150700001004A,3901,3.591287265058499
15,070,0001,0105,1507000010105,5550,3.7443712273318606
15,070,0001,011A,150700001011A,6500,3.8129801660394804
15,070,0001,0143,1507000010143,5584,3.747023177451628
15,070,0001,0158,1507000010158,6587,3.8187535904977166
15,070,0001,0181,1507000010181,3915,3.5928426831311002
15,070,0001,0209,1507000010209,2868,3.4577305482459986
15,070,0001,0393,1507000010393,4199,3.6232492903979003
15,070,0001,0406,1507000010406,4004,3.6026025204202563
15,070,0001,0410,1507000010410,3009,3.4785664955938436
15,070,0001,0425,1507000010425,3694,3.5676144427308447
15,070,0001,043A,150700001043A,2878,3.459241664878082
15,070,0001,0463,1507000010463,5975,3.7764105888073423
15,070,0001,0478,1507000010478,3827,3.582971929104806
15,070,0001,0482,1507000010482,1751,3.243534101832062
15,070,0001,0586,1507000010586,2261,3.3544926005894364
15,070,0001,0590,1507000010590,3332,3.52283531366053
15,070,0001,0656,1507000010656,166,2.2227164711475833
15,070,0001,068A,150700001068A,3454,3.5384480517102173
15,070,0001,0694,1507000010694,2977,3.473924693416157
15,070,0005,0904,1507000050904,3140,3.497067936398505
15,070,0005,0919,1507000050919,6999,3.845098040014257
15,070,0005,0923,1507000050923,4807,3.681964458994683
15,070,0005,0938,1507000050938,6316,3.800510876894368
15,070,0005,0942,1507000050942,6159,3.7895807121644256
15,070,0005,0957,1507000050957,3854,3.586024382386976
15,070,0008,0961,1507000080961,3619,3.558708570533166
15,070,0008,0976,1507000080976,8331,3.9207492612757084
15,070,0009,0980,1507000090980,3507,3.5450595846940027
15,070,0009,0995,1507000090995,3888,3.58983794314746
15,070,0013,100A,150700013100A,6648,3.8227563329513905
15,070,0013,1014,1507000131014,6636,3.821971817642043
15,070,0013,1029,1507000131029,3297,3.5182506513085
15,070,0013,1033,1507000131033,1351,3.130976691605617
15,070,0013,1048,1507000131048,3260,3.513350798805957
15,070,0013,1052,1507000131052,3136,3.496514518697745
15,070,0013,1067,1507000131067,2967,3.4724638966069894
15,070,0017,1071,1507000171071,3953,3.5970366649776535
15,070,0017,1086,1507000171086,3688,3.5669086552268032
15,070,0017,1090,1507000171090,3193,3.5043349118024643
15,070,0019,1103,1507000191103,3814,3.5814945422908995
15,070,0019,1118,1507000191118,6108,3.7859701251320095
15,070,0033,0251,1507000330251,10337,4.0144365278316725
15,070,0036,1122,1507000361122,8742,3.941660478388392
15,070,0037,1137,1507000371137,3414,3.5333907080175515
15,070,0038,1141,1507000381141,4092,3.6120417446452695
15,070,0038,1156,1507000381156,2386,3.3778524190067545
15,070,0038,1160,1507000381160,1690,3.2281436075977417
15,070,0038,1175,1507000381175,2109,3.3242824552976926
15,070,0038,118A,150700038118A,3188,3.5036545192429593
15,070,0038,1194,1507000381194,2615,3.4176377396522297
15,070,0038,1207,1507000381207,2404,3.3811150807098507
15,070,0038,1211,1507000381211,1986,3.298197867109815
15,070,0038,1226,1507000381226,1228,3.089551882886454
15,070,0039,1230,1507000391230,3047,3.4840149626675627
15,070,0039,1245,1507000391245,2880,3.459543258280413
15,070,0040,125A,150700040125A,3497,3.543819805142658
15,070,0040,1264,1507000401264,2874,3.4586378490256493
15,070,0040,1279,1507000401279,2553,3.4072208929273966
15,070,0040,1283,1507000401283,2913,3.4644895474339714
15,070,0040,1298,1507000401298,2406,3.38147609027503
15,070,0040,1300,1507000401300,2147,3.332034277027518
15,070,0040,1315,1507000401315,2680,3.4282968139828798
15,070,0040,132A,150700040132A,2677,3.42781057267599
15,070,0040,1334,1507000401334,2266,3.3554515201265174
15,070,0040,1349,1507000401349,3150,3.4984484031739997
15,070,0040,1353,1507000401353,3238,3.510410948010177
15,070,0040,1368,1507000401368,2470,3.3928727454020793
15,070,0040,1372,1507000401372,2209,3.3443922736851106
15,070,0040,1387,1507000401387,2821,3.450557009418329
15,070,0040,1391,1507000401391,3120,3.4942937686653326
15,070,0040,1476,1507000401476,866,2.9380190974762104
15,070,0041,1404,1507000411404,2385,3.377670439334323
15,070,0041,1419,1507000411419,2197,3.3420276880874717
15,070,0041,1423,1507000411423,3248,3.511749711344983
15,070,0041,1438,1507000411438,3466,3.5399538416563967
15,070,0041,1480,1507000411480,862,2.9360107957152097
15,070,0041,1508,1507000411508,131,2.12057393120585
15,070,0041,1512,1507000411512,177,2.250420002308894
15,070,0042,1442,1507000421442,2120,3.3265406685165617
15,070,0043,1457,1507000431457,3114,3.4934580509951885
15,070,0043,1461,1507000431461,3158,3.499549625905149
15,070,0043,1495,1507000431495,1034,3.0149403497929366
15,070,0044,0251,1507000440251,5136,3.710709565724337
15,071,0001,0047,1507100010047,2075,3.31722734917642
15,071,0001,0085,1507100010085,324,2.5118833609788744
15,071,0001,009A,150710001009A,434,2.6384892569546374
15,071,0001,0102,1507100010102,378,2.578639209968072
15,072,0001,0059,1507200010059,4145,3.617629297757842
15,072,0001,0063,1507200010063,4710,3.673113104238234
15,072,0001,0078,1507200010078,175,2.24551266781415
15,072,0001,0082,1507200010082,186,2.271841606536499
15,072,0001,0097,1507200010097,81,1.9138138523837167
15,072,0001,010A,150720001010A,243,2.387389826338729
15,072,0011,003A,150720011003A,2866,3.4574276929464847
15,072,0017,0114,1507200170114,2837,3.4530123911214554
15,073,0001,0041,1507300010041,3198,3.505014240084107
15,073,0001,0056,1507300010056,4649,3.667452952889954
15,073,0001,0060,1507300010060,6165,3.7900035203904894
15,073,0001,0075,1507300010075,738,2.8686444383948255
15,073,0001,008A,150730001008A,919,2.963787827345555
15,073,0001,0130,1507300010130,1406,3.1482940974347455
15,073,0002,0094,1507300020094,3540,3.5491259267581112
15,073,0002,0107,1507300020107,4845,3.6853834098014873
15,073,0002,0111,1507300020111,3047,3.4840149626675627
15,073,0002,0126,1507300020126,1426,3.154423973114647
15,074,0001,0142,1507400010142,2134,3.329397879361043
15,074,0001,0299,1507400010299,357,2.5538830266438746
15,074,0001,0301,1507400010301,758,2.88024177589548
15,074,0001,0316,1507400010316,176,2.247973266361807
15,074,0001,0320,1507400010320,683,2.835056101720116
15,074,0001,0388,1507400010388,539,2.7323937598229686
15,074,0001,0477,1507400010477,404,2.6074550232146687
15,074,0001,0481,1507400010481,229,2.361727836017593
15,074,0008,041A,150740008041A,5944,3.7741518589547103
15,074,0027,0424,1507400270424,4146,3.617734035364018
15,074,0029,034A,150740029034A,1630,3.212453961040276
15,074,0029,0373,1507400290373,2451,3.3895204658463776
15,074,0045,0443,1507400450443,3902,3.5913985512812485
15,074,0051,0195,1507400510195,3425,3.5347873586294916
15,074,0056,0195,1507400560195,2607,3.4163075870598827
15,074,0074,0458,1507400740458,1945,3.289142835932333
15,074,0074,0462,1507400740462,2805,3.448087666692341
15,074,0074,0496,1507400740496,160,2.2068258760318495
15,074,0081,0227,1507400810227,3366,3.5272431163880884
15,074,0092,0335,1507400920335,3142,3.49734438101758
15,074,0093,0392,1507400930392,2861,3.4566696294237578
15,074,0097,0369,1507400970369,6297,3.7992026563005252
15,074,0098,0265,1507400980265,7185,3.8564872128686307
15,074,0104,0284,1507401040284,5984,3.7770641547424293
15,074,0108,0246,1507401080246,2904,3.4631461367263494
15,074,0208,0227,1507402080227,2738,3.4375920322539613
15,074,0240,0439,1507402400439,1778,3.250175948083925
15,075,0001,0046,1507500010046,2026,3.3068537486930087
15,075,0001,0050,1507500010050,2244,3.351216345339342
15,075,0001,0135,1507500010135,3766,3.5759956202032677
15,075,0001,014A,150750001014A,3396,3.531095546870028
15,075,0001,0154,1507500010154,2139,3.330413773349191
15,075,0001,0169,1507500010169,712,2.8530895298518657
15,076,0001,0058,1507600010058,11545,4.062431553162612
15,076,0001,0062,1507600010062,10468,4.019905199804614
15,076,0001,0077,1507600010077,6471,3.811038508604216
15,076,0001,0096,1507600010096,4041,3.606596309179285
15,076,0001,0109,1507600010109,4860,3.686725621074542
15,076,0001,0113,1507600010113,5729,3.75815462196739
15,076,0001,0128,1507600010128,4367,3.640282629696681
15,076,0001,0132,1507600010132,3922,3.593618308129536
15,076,0001,0147,1507600010147,4628,3.6654871807828107
15,076,0001,0185,1507600010185,4699,3.6720978579357175
15,076,0001,0202,1507600010202,1971,3.2949069106051923
15,076,0001,0240,1507600010240,1173,3.0696680969115957
15,076,0001,0306,1507600010306,3162,3.500099191915723
15,076,0001,0310,1507600010310,4473,3.6506959797606107
15,076,0001,0325,1507600010325,3144,3.497620649781288
15,076,0001,0359,1507600010359,4904,3.6906390117159673
15,076,0001,0363,1507600010363,3396,3.531095546870028
15,076,0001,0378,1507600010378,868,2.9390197764486663
15,076,0001,0382,1507600010382,296,2.4727564493172123
15,076,0001,040A,150760001040A,524,2.720159303405957
15,076,0001,0414,1507600010414,4093,3.6121478383264867
15,076,0012,0397,1507600120397,7681,3.885474302829157
15,077,0001,0036,1507700010036,1067,3.0285712526925375
15,078,0001,0033,1507800010033,440,2.6444385894678386
15,078,0001,0048,1507800010048,352,2.5477747053878224
15,079,0001,0030,1507900010030,1792,3.253580289562183
15,079,0001,0064,1507900010064,471,2.673941998634088
15,079,0001,0079,1507900010079,700,2.8457180179666586
15,079,0001,0083,1507900010083,582,2.765668554759014
15,079,0001,0098,1507900010098,455,2.658964842664435
15,079,0001,0100,1507900010100,964,2.9845273133437926
15,079,0001,0115,1507900010115,479,2.681241237375587
15,079,0001,012A,150790001012A,81,1.9138138523837167
15,079,0001,0134,1507900010134,182,2.2624510897304293
15,080,0001,0169,1508000010169,1936,3.287129620719111
15,080,0001,0173,1508000010173,1944,3.2889196056617265
15,080,0033,0099,1508000330099,2663,3.4255342204982635
15,081,0001,0306,1508100010306,4109,3.6138418218760693
15,081,0001,0310,1508100010310,3432,3.53567380342575
15,081,0001,0325,1508100010325,2359,3.3729120029701067
15,081,0001,033A,150810001033A,3172,3.501470072100412
15,081,0001,0467,1508100010467,400,2.603144372620182
15,081,0001,0734,1508100010734,130,2.1172712956557644
15,081,0001,0749,1508100010749,1939,3.287801729930226
15,081,0001,0927,1508100010927,210,2.3242824552976926
15,081,0001,0931,1508100010931,94,1.9777236052888478
15,081,0001,1183,1508100011183,2381,3.3769417571467586
15,081,0004,0522,1508100040522,2013,3.3040594662175993
15,081,0004,0537,1508100040537,2286,3.3592661646067485
15,081,0004,0560,1508100040560,2230,3.348499570283838
15,081,0004,0575,1508100040575,2736,3.4372747974101237
15,081,0004,058A,150810004058A,3869,3.5877109650189114
15,081,0004,0594,1508100040594,2528,3.4029488293444046
15,081,0004,0607,1508100040607,3237,3.510276844417355
15,081,0004,0611,1508100040611,2666,3.4260230156898763
15,081,0009,0382,1508100090382,5634,3.750893920382125
15,081,0009,0908,1508100090908,49,1.6989700043360187
15,081,0009,0912,1508100090912,342,2.5352941200427703
15,081,0012,0378,1508100120378,4298,3.633367445117007
15,081,0012,0626,1508100120626,4517,3.6549462265843444
15,081,0012,0630,1508100120630,5068,3.7049222912234017
15,081,0012,0645,1508100120645,2828,3.4516329474569907
15,081,0012,065A,150810012065A,2392,3.378942698613437
15,081,0012,0753,1508100120753,325,2.513217600067939
15,081,0012,0768,1508100120768,88,1.9493900066449128
15,081,0012,0772,1508100120772,584,2.7671558660821804
15,081,0012,0787,1508100120787,203,2.3096301674258988
15,081,0012,0791,1508100120791,59,1.7781512503836436
15,081,0012,0946,1508100120946,160,2.2068258760318495
15,081,0012,122A,150810012122A,54,1.7403626894942439
15,081,0019,0024,1508100190024,508,2.7067177823367587
15,081,0019,0039,1508100190039,1505,3.177824971864682
15,081,0019,0096,1508100190096,2564,3.409087369447835
15,081,0019,0109,1508100190109,8598,3.93444794894897
15,081,0019,0113,1508100190113,4741,3.675961549642169
15,081,0019,0128,1508100190128,4065,3.60916737430202
15,081,0019,0132,1508100190132,4236,3.6270584640009895
15,081,0019,0170,1508100190170,3489,3.5428254269591797
15,081,0019,0185,1508100190185,4395,3.643057683751453
15,081,0019,019A,150810019019A,1767,3.2474822606770544
15,081,0019,0202,1508100190202,2841,3.4536240735914507
15,081,0019,0217,1508100190217,1700,3.230704313612569
15,081,0019,0274,1508100190274,3616,3.5583485087616196
15,081,0019,0289,1508100190289,3566,3.552303109338354
15,081,0019,0293,1508100190293,2337,3.3688445068258215
15,081,0019,0429,1508100190429,3309,3.519827993775719
15,081,0019,0486,1508100190486,870,2.9400181550076634
15,081,0019,0518,1508100190518,3469,3.5403294747908736
15,081,0019,0541,1508100190541,7990,3.902601130666531
15,081,0019,0556,1508100190556,22448,4.351196999942697
15,081,0019,0664,1508100190664,5603,3.748498126613737
15,081,0019,0679,1508100190679,4778,3.6793370305207937
15,081,0019,0683,1508100190683,2958,3.471144965160633
15,081,0019,0698,1508100190698,3215,3.5073160400764136
15,081,0019,0700,1508100190700,1758,3.245265839457461
15,081,0019,0823,1508100190823,877,2.9434945159061026
15,081,0019,0838,1508100190838,1008,3.0038911662369103
15,081,0019,0842,1508100190842,3904,3.591621038213319
15,081,0019,0950,1508100190950,4728,3.674769314015426
15,081,0019,0965,1508100190965,2126,3.327767489902729
15,081,0019,097A,150810019097A,1861,3.269979676645324
15,081,0019,0984,1508100190984,92,1.968482948553935
15,081,0019,0999,1508100190999,9485,3.9770831203158528
15,081,0019,1003,1508100191003,9142,3.961088719767896
15,081,0019,1018,1508100191018,11170,4.048092051812373
15,081,0019,1022,1508100191022,13228,4.121527016455379
15,081,0019,1037,1508100191037,9936,3.997255289820103
15,081,0019,1041,1508100191041,12137,4.084147133154448
15,081,0019,1056,1508100191056,7238,3.8596785766284483
15,081,0019,1060,1508100191060,5411,3.7333577879255855
15,081,0019,1075,1508100191075,10882,4.036748629172203
15,081,0019,108A,150810019108A,4221,3.6255182289716377
15,081,0019,1107,1508100191107,14566,4.163370120225884
15,081,0019,1111,1508100191111,13359,4.125806458139527
15,081,0019,1126,1508100191126,29065,4.463385269216061
15,081,0019,1130,1508100191130,23683,4.374455052409963
15,081,0019,1145,1508100191145,10171,4.007406351503671
15,081,0019,115A,150810019115A,11515,4.061301656206044
15,081,0019,1164,1508100191164,9287,3.9679222067305173
15,081,0019,1179,1508100191179,316,2.5010592622177517
15,081,0019,1234,1508100191234,1955,3.291368850451583
15,081,0019,1249,1508100191249,511,2.709269960975831
15,081,0019,1253,1508100191253,5953,3.774808830310706
15,081,0019,1272,1508100191272,19999,4.301029995663981
15,081,0019,1287,1508100191287,6517,3.8141143561291253
15,081,0019,1291,1508100191291,3895,3.590618948206578
15,081,0019,1304,1508100191304,791,2.8987251815894934
15,081,0019,1319,1508100191319,2568,3.4097641042663462
15,081,0019,1323,1508100191323,1485,3.1720188094245563
15,081,0019,1338,1508100191338,1946,3.2893659515200318
15,081,0019,1342,1508100191342,3040,3.483016420144132
15,081,0019,1357,1508100191357,4710,3.673113104238234
15,081,0019,1361,1508100191361,5120,3.709354775834396
15,081,0019,1376,1508100191376,2066,3.3153404766272883
15,081,0025,0147,1508100250147,1723,3.236537261488694
15,081,0025,0151,1508100250151,3092,3.490379920003179
15,081,0025,0166,1508100250166,3389,3.530199698203082
15,081,0025,0240,1508100250240,4219,3.625312450961674
15,081,0025,0255,1508100250255,4996,3.698709349442587
15,081,0025,026A,150810025026A,4620,3.664735968518705
15,081,0025,0433,1508100250433,871,2.940516484932567
15,081,0025,0448,1508100250448,1588,3.2011238972073794
15,081,0025,0452,1508100250452,3910,3.5922878159521305
15,081,0025,0715,1508100250715,2276,3.3573630306151427
15,081,0025,072A,150810025072A,2402,3.3807537708039
15,081,0025,0819,1508100250819,366,2.5646660642520893
15,081,0025,1198,1508100251198,404,2.6074550232146687
15,081,0025,1200,1508100251200,535,2.72916478969277
15,081,0050,1268,1508100501268,9084,3.958324931644053
15,081,0094,0043,1508100940043,2001,3.3014640731433
15,081,0094,0058,1508100940058,469,2.6720978579357175
15,081,0094,0062,1508100940062,1624,3.210853365314893
15,081,0094,0363,1508100940363,5246,3.719911064198339
15,081,0098,0876,1508100980876,5024,3.7011360660925265
15,081,0098,0880,1508100980880,4091,3.6119356250401227
15,081,0098,0895,1508100980895,3811,3.5811528919662887
15,081,0098,1094,1508100981094,5772,3.761401557498631
15,081,0126,0804,1508101260804,752,2.8767949762007006
15,081,0126,1215,1508101261215,1581,3.1992064791616577
15,081,0126,1380,1508101261380,888,2.9489017609702137
15,081,0126,1395,1508101261395,1590,3.2016701796465816
15,081,0126,1408,1508101261408,1259,3.100370545117563
15,081,0126,1412,1508101261412,409,2.6127838567197355
15,081,0126,1427,1508101261427,20,1.3222192947339193
15,081,0128,1431,1508101281431,971,2.9876662649262746
15,081,0128,1446,1508101281446,1777,3.249931756634195
15,081,0128,1450,1508101281450,1719,3.2355284469075487
15,081,0128,1465,1508101281465,1180,3.072249897613515
15,081,0128,147A,150810128147A,73,1.8692317197309762
15,082,0001,0110,1508200010110,4720,3.674034000431255
15,082,0001,020A,150820001020A,2520,3.401572845676446
15,082,0001,0375,1508200010375,3623,3.5591881890047756
15,082,0001,0426,1508200010426,2829,3.45178643552429
15,082,0001,0430,1508200010430,4796,3.680969718465897
15,082,0001,0445,1508200010445,1569,3.1958996524092336
15,082,0001,045A,150820001045A,1527,3.184123354239671
15,082,0001,0464,1508200010464,1811,3.2581581933407944
15,082,0001,0479,1508200010479,2871,3.4581844355702627
15,082,0001,0534,1508200010534,256,2.4099331233312946
15,082,0001,0549,1508200010549,329,2.5185139398778875
15,082,0001,0572,1508200010572,149,2.1760912590556813
15,082,0001,0587,1508200010587,1200,3.079543007402906
15,082,0001,0591,1508200010591,96,1.9867717342662448
15,082,0001,0619,1508200010619,100,2.0043213737826426
15,082,0001,0623,1508200010623,94,1.9777236052888478
15,082,0001,0638,1508200010638,153,2.187520720836463
15,082,0001,0642,1508200010642,170,2.2329961103921536
15,082,0001,0657,1508200010657,422,2.6263403673750423
15,082,0001,0661,1508200010661,921,2.9647309210536292
15,082,0001,0676,1508200010676,811,2.9095560292411755
15,082,0022,0394,1508200220394,1056,3.024074987307426
15,082,0022,0407,1508200220407,587,2.7693773260761385
15,082,0022,0411,1508200220411,794,2.9003671286564705
15,082,0176,0248,1508201760248,3220,3.5079907248196913
15,083,0001,0048,1508300010048,109,2.041392685158225
15,083,0001,0052,1508300010052,131,2.12057393120585
15,083,0001,0067,1508300010067,3136,3.496514518697745
15,083,0001,0071,1508300010071,916,2.962369335670021
15,083,0001,0086,1508300010086,2072,3.3165993020938607
15,083,0003,0033,1508300030033,2747,3.4390167283875126
15,084,0001,0168,1508400010168,1203,3.0806264869218056
15,084,0001,0172,1508400010172,2695,3.4307198878632823
15,084,0001,0331,1508400010331,1422,3.153204900084284
15,084,0001,0346,1508400010346,1792,3.253580289562183
15,084,0001,0350,1508400010350,13,1.146128035678238
15,084,0004,0204,1508400040204,1534,3.1861083798132053
15,084,0004,0219,1508400040219,2249,3.3521825181113627
15,084,0004,0308,1508400040308,34,1.5440680443502757
15,084,0004,0312,1508400040312,12,1.1139433523068367
15,084,0011,0280,1508400110280,111,2.0492180226701815
15,084,0011,037A,150840011037A,2184,3.3394514413064407
15,084,0011,0384,1508400110384,1886,3.2757719001649312
15,084,0011,0399,1508400110399,16,1.2304489213782739
15,084,0013,0435,1508400130435,1452,3.1622656142980214
15,084,0013,044A,150840013044A,1855,3.268577971882843
15,084,0014,0115,1508400140115,2795,3.446537167073644
15,084,0014,0187,1508400140187,1536,3.1866738674997452
15,084,0014,0191,1508400140191,1527,3.184123354239671
15,084,0014,0327,1508400140327,45,1.662757831681574
15,084,0014,0365,1508400140365,155,2.1931245983544616
15,084,0017,0295,1508400170295,846,2.9278834103307068
15,084,0017,0401,1508400170401,2203,3.3432115901797474
15,084,0017,0416,1508400170416,2761,3.4412236742426123
15,084,0017,0420,1508400170420,1361,3.1341771075767664
15,085,0001,017A,150850001017A,10,1.0413926851582251
15,085,0001,0184,1508500010184,1440,3.1586639808139894
15,085,0001,0199,1508500010199,1410,3.149527013754348
15,085,0001,0201,1508500010201,1458,3.1640552918934515
15,085,0001,0216,1508500010216,1164,3.0663259253620376
15,085,0001,0220,1508500010220,2904,3.4631461367263494
15,085,0001,0254,1508500010254,1292,3.111598524880394
15,085,0001,0269,1508500010269,1717,3.2350231594952237
15,085,0001,0273,1508500010273,2063,3.314709692955174
15,085,0001,0292,1508500010292,319,2.505149978319906
15,085,0001,0381,1508500010381,238,2.3783979009481375
15,085,0001,0409,1508500010409,53,1.7323937598229686
15,085,0001,0413,1508500010413,23,1.380211241711606
15,085,0014,0358,1508500140358,1734,3.2392994791268923
15,085,0014,0362,1508500140362,3098,3.491221576239283
15,085,0014,0377,1508500140377,245,2.3909351071033793
15,085,0024,031A,150850024031A,3063,3.486288760960566
15,085,0024,0324,1508500240324,3810,3.581038948772167
15,085,0024,0396,1508500240396,217,2.3384564936046046
15,085,0038,0339,1508500380339,1813,3.2586372827240764
15,085,0038,0343,1508500380343,1723,3.236537261488694
15,086,0001,0073,1508600010073,2272,3.356599435724971
15,086,0001,0143,1508600010143,197,2.296665190261531
15,087,0001,0070,1508700010070,3630,3.560026248912892
15,087,0008,0121,1508700080121,2774,3.443262987458695
15,087,0010,030A,150870010030A,4619,3.6646419755561257
15,087,0011,0117,1508700110117,3965,3.598352709869284
15,087,0017,0314,1508700170314,5119,3.709269960975831
15,087,0021,0136,1508700210136,3849,3.5854607295085006
15,087,0023,0155,1508700230155,2707,3.4326486600131068
15,087,0027,0278,1508700270278,6852,3.8358807318173946
15,087,0029,0282,1508700290282,1350,3.130655349022031
15,087,0029,0297,1508700290297,4085,3.611298362296429
15,087,0030,0085,1508700300085,2001,3.3014640731433
15,087,0030,016A,150870030016A,3054,3.485011214578573
15,087,0030,0174,1508700300174,927,2.967547976218862
15,087,0030,0189,1508700300189,1132,3.0542299098633974
15,087,0030,0329,1508700300329,362,2.5599066250361124
15,087,0032,0102,1508700320102,3321,3.521399628115376
15,087,0040,0155,1508700400155,2765,3.441852175773292
15,087,0079,0333,1508700790333,4411,3.644635503768153
15,087,0079,0348,1508700790348,2353,3.371806458507416
15,087,0080,0352,1508700800352,4393,3.6428600525844916
15,088,0001,0059,1508800010059,5061,3.7043221408222355
15,088,0001,0063,1508800010063,3040,3.483016420144132
15,088,0001,0078,1508800010078,3883,3.589279221235967
15,088,0001,0114,1508800010114,588,2.7701152947871015
15,088,0001,0133,1508800010133,765,2.884228769632604
15,088,0001,0167,1508800010167,701,2.846337112129805
15,088,0017,0398,1508800170398,5104,3.707995746422929
15,088,0019,0148,1508800190148,2855,3.455758203104137
15,088,0021,035A,150880021035A,3439,3.53655844257153
15,088,0024,0082,1508800240082,4167,3.619927710291468
15,088,0024,0203,1508800240203,1794,3.254064452914338
15,088,0024,0241,1508800240241,1243,3.0948203803548
15,088,0024,0330,1508800240330,260,2.416640507338281
15,088,0024,0379,1508800240379,0,0.0
15,088,0024,042A,150880024042A,78,1.8976270912904414
15,088,0027,0294,1508800270294,3269,3.514547752660286
15,088,0031,0148,1508800310148,3120,3.4942937686653326
15,088,0034,0400,1508800340400,4415,3.6450290647211423
15,088,0035,028A,150880035028A,3807,3.580696939712437
15,088,0036,010A,150880036010A,2579,3.41161970596323
15,088,0043,0148,1508800430148,3061,3.486005186362242
15,088,0060,010A,150880060010A,2919,3.4653828514484184
15,088,0071,0434,1508800710434,4683,3.6706168864003255
15,088,0073,0415,1508800730415,4982,3.697490887171057
15,089,0001,0060,1508900010060,354,2.550228353055094
15,089,0001,0075,1508900010075,175,2.24551266781415
15,089,0001,0111,1508900010111,2088,3.3199384399803087
15,089,0001,0126,1508900010126,2097,3.3218054838575393
15,089,0001,0130,1508900010130,1525,3.1835545336188615
15,089,0001,0145,1508900010145,64,1.8129133566428555
15,089,0001,015A,150890001015A,123,2.093421685162235
15,089,0004,0037,1508900040037,2776,3.4435758797502576
15,090,0001,0146,1509000010146,4394,3.642958879409791
15,090,0001,0150,1509000010150,4758,3.6775157047987577
15,090,0001,0165,1509000010165,2472,3.3932241163612975
15,090,0001,0199,1509000010199,5382,3.731024379815688
15,090,0001,0201,1509000010201,6095,3.785044958331544
15,090,0001,024A,150900001024A,622,2.7944880466591697
15,090,0001,0273,1509000010273,288,2.4608978427565478
15,090,0001,031A,150900001031A,349,2.5440680443502757
15,090,0001,0362,1509000010362,252,2.403120521175818
15,090,0006,0216,1509000060216,3069,3.4871383754771865
15,090,0006,0220,1509000060220,2789,3.4456042032735974
15,090,0006,0292,1509000060292,103,2.0170333392987803
15,090,0006,0305,1509000060305,32,1.5185139398778875
15,090,0006,0324,1509000060324,827,2.9180303367848803
15,090,0006,0339,1509000060339,310,2.4927603890268375
15,090,0006,0381,1509000060381,73,1.8692317197309762
15,090,0027,0288,1509000270288,3351,3.525304009958239
15,090,0028,0269,1509000280269,3548,3.550105999347593
15,090,0029,0112,1509000290112,2562,3.408748606184244
15,090,0035,0127,1509000350127,3982,3.600210306409328
15,090,0035,0235,1509000350235,1170,3.068556895072363
15,090,0035,0254,1509000350254,882,2.9459607035775686
15,090,0035,0343,1509000350343,271,2.4345689040341987
15,090,0035,0358,1509000350358,99,2.0
15,090,0036,0023,1509000360023,5508,3.7410727723733213
15,090,0036,0377,1509000360377,777,2.890979596989689
15,090,0037,0076,1509000370076,5988,3.7773543130842087
15,090,0038,017A,150900038017A,4265,3.63002085111341
15,090,0038,0184,1509000380184,3036,3.4824447919182653
15,090,0039,0057,1509000390057,6329,3.801403710017355
15,091,0001,004A,150910001004A,7085,3.8504011479971583
15,091,0001,0054,1509100010054,1264,3.1020905255118367
15,091,0001,0069,1509100010069,7107,3.851747419133264
15,091,0001,0088,1509100010088,6873,3.8372095278012064
15,091,0001,0092,1509100010092,5472,3.7382254481425052
15,091,0001,0158,1509100010158,3742,3.5732198271144218
15,091,0001,0162,1509100010162,1518,3.1815577738627865
15,091,0001,0177,1509100010177,5437,3.7354392032514814
15,091,0001,0181,1509100010181,6065,3.7829024059746446
15,091,0001,0196,1509100010196,4708,3.6729286904427223
15,091,0001,0209,1509100010209,332,2.5224442335063197
15,091,0001,0213,1509100010213,494,2.694605198933569
15,091,0001,0266,1509100010266,197,2.296665190261531
15,091,0001,0302,1509100010302,2534,3.403977963669355
15,091,0010,0073,1509100100073,6063,3.782759192623997
15,091,0021,0285,1509100210285,3400,3.531606631932722
15,092,0001,0085,1509200010085,690,2.8394780473741985
15,092,0001,0136,1509200010136,5383,3.7311050512159203
15,092,0001,0189,1509200010189,3122,3.4945719842301988
15,092,0001,0193,1509200010193,3668,3.564547711755948
15,092,0001,0206,1509200010206,2593,3.4139699717480614
15,092,0001,0210,1509200010210,3363,3.5268559871258747
15,092,0001,0225,1509200010225,1936,3.287129620719111
15,092,0001,0244,1509200010244,525,2.7209857441537393
15,092,0001,0259,1509200010259,388,2.5899496013257077
15,092,0001,0263,1509200010263,408,2.611723308007342
15,092,0001,0278,1509200010278,244,2.3891660843645326
15,092,0001,0297,1509200010297,1176,3.0707764628434346
15,092,0001,0314,1509200010314,1079,3.03342375548695
15,092,0002,0032,1509200020032,2730,3.4363217001397333
15,092,0002,009A,150920002009A,254,2.406540180433955
15,092,0002,0102,1509200020102,821,2.9148718175400505
15,092,0002,0117,1509200020117,681,2.833784374656479
15,092,0013,0051,1509200130051,3133,3.496098992132571
15,092,0013,0121,1509200130121,199,2.3010299956639813
15,092,0019,0140,1509200190140,3023,3.480581786829169
15,092,0019,0155,1509200190155,2292,3.3604040547299387
15,092,0019,0282,1509200190282,727,2.862131379313037
15,092,0020,016A,150920020016A,2279,3.357934847000454
15,092,0020,0174,1509200200174,3436,3.536179532137225
15,092,0020,030A,150920020030A,28,1.462397997898956
15,092,0022,0066,1509200220066,2913,3.4644895474339714
15,092,0033,0066,1509200330066,3866,3.5873741720730656
15,093,0001,0063,1509300010063,2198,3.3422252293607904
15,093,0001,0078,1509300010078,1201,3.079904467666721
15,093,0001,0082,1509300010082,1181,3.0726174765452368
15,093,0001,0133,1509300010133,719,2.8573324964312685
15,093,0001,0148,1509300010148,658,2.8188854145940097
15,093,0001,0152,1509300010152,706,2.8494194137968996
15,093,0001,0167,1509300010167,75,1.8808135922807914
15,093,0003,010A,150930003010A,2809,3.44870631990508
15,093,0003,0114,1509300030114,1712,3.2337573629655103
15,093,0003,0129,1509300030129,1456,3.16345955176999
15,093,0003,0171,1509300030171,368,2.56702636615906
15,093,0003,0190,1509300030190,150,2.1789769472931693
15,093,0003,0203,1509300030203,43,1.6434526764861874
15,093,0007,0059,1509300070059,2634,3.4207806195485655
15,093,0013,0059,1509300130059,3209,3.506505032404872
15,093,0014,0186,1509300140186,4234,3.6268534146667255
15,094,0001,0037,1509400010037,5027,3.7013952690139202
15,094,0001,0056,1509400010056,2385,3.377670439334323
15,094,0001,0060,1509400010060,3080,3.4886916983169405
15,094,0001,0075,1509400010075,4353,3.6388884247050757
15,094,0001,0111,1509400010111,99,2.0
15,094,0002,008A,150940002008A,896,2.952792443044092
15,094,0002,0094,1509400020094,1370,3.1370374547895126
15,094,0002,0107,1509400020107,48,1.6901960800285136
15,095,0001,0091,1509500010091,548,2.739572344450092
15,095,0001,0104,1509500010104,4295,3.6330642726914992
15,095,0001,0119,1509500010119,2867,3.4575791469957626
15,095,0001,0161,1509500010161,869,2.9395192526186187
15,095,0001,0176,1509500010176,3209,3.506505032404872
15,095,0001,0180,1509500010180,0,0.0
15,095,0001,0195,1509500010195,1721,3.236033147117636
15,095,0001,0208,1509500010208,2244,3.351216345339342
15,095,0001,0212,1509500010212,3796,3.579440597139797
15,095,0001,0227,1509500010227,2709,3.432969290874406
15,095,0001,0231,1509500010231,6407,3.8067225030761813
15,095,0001,0246,1509500010246,3430,3.5354207180561734
15,095,0001,0250,1509500010250,1505,3.177824971864682
15,095,0001,0265,1509500010265,5764,3.7607993116307177
15,095,0001,0405,1509500010405,892,2.9508514588885464
15,095,0001,041A,150950001041A,15,1.2041199826559248
15,095,0001,0477,1509500010477,8,0.9542425094393249
15,095,0001,0481,1509500010481,0,0.0
15,095,0005,0335,1509500050335,3966,3.5984622004741507
15,095,0021,027A,150950021027A,3699,3.568201724066995
15,095,0021,0284,1509500210284,3303,3.5190400386483445
15,095,0021,0299,1509500210299,3584,3.554489160003819
15,095,0021,0369,1509500210369,201,2.305351369446624
15,095,0026,0015,1509500260015,105,2.0253058652647704
15,095,0026,0301,1509500260301,4323,3.6358856852812727
15,095,0026,0316,1509500260316,3004,3.4778444763387584
15,095,0026,0320,1509500260320,3057,3.485437481076301
15,095,0026,0388,1509500260388,270,2.432969290874406
15,095,0026,0392,1509500260392,245,2.3909351071033793
15,095,0026,0424,1509500260424,163,2.214843848047698
15,095,0072,034A,150950072034A,3370,3.5277587525209717
15,095,0073,0458,1509500730458,3874,3.588271706842329
15,095,0073,0462,1509500730462,3589,3.5550944485783194
15,095,0074,0439,1509500740439,4362,3.63978521298682
15,095,0074,0443,1509500740443,4029,3.6053050461411096
15,096,0001,014A,150960001014A,6201,3.7925317619013077
15,096,0001,0154,1509600010154,4160,3.6191977157929474
15,096,0001,0169,1509600010169,2930,3.4670158184384356
15,096,0001,0173,1509600010173,2382,3.377124042346456
15,096,0001,0188,1509600010188,3478,3.541454428747589
15,096,0001,0192,1509600010192,3442,3.5369370227046737
15,096,0001,0205,1509600010205,642,2.808210972924222
15,096,0001,021A,150960001021A,594,2.7745169657285498
15,096,0001,0224,1509600010224,1774,3.249198357391113
15,096,0001,0262,1509600010262,90,1.9590413923210936
15,096,0001,0277,1509600010277,4,0.6989700043360189
15,096,0007,0120,1509600070120,3340,3.523876475638131
15,096,0008,0065,1509600080065,1035,3.0153597554092144
15,096,0008,007A,150960008007A,792,2.8992731873176036
15,096,0008,0084,1509600080084,1342,3.1280760126687155
15,096,0008,0099,1509600080099,1852,3.2678754193188975
15,096,0008,0101,1509600080101,1416,3.1513698502474603
15,096,0008,0116,1509600080116,913,2.960946195733831
15,096,0008,0239,1509600080239,58,1.7708520116421442
15,096,0008,0243,1509600080243,10,1.0413926851582251
15,096,0008,0258,1509600080258,61,1.792391689498254
15,097,0001,0058,1509700010058,2915,3.4647875196459372
15,098,0001,0040,1509800010040,2003,3.301897717195208
15,098,0001,0055,1509800010055,1943,3.288696260590256
15,098,0001,006A,150980001006A,1158,3.064083435963596
15,099,0001,0781,1509900010781,4801,3.6814221557210085
15,099,0001,0796,1509900010796,3972,3.5991185650553628
15,099,0001,0813,1509900010813,4399,3.6434526764861874
15,099,0001,0828,1509900010828,2598,3.4148062795010126
15,099,0001,0832,1509900010832,3318,3.521007252408604
15,099,0001,0847,1509900010847,1269,3.103803720955957
15,099,0001,0936,1509900010936,3210,3.5066403055665023
15,099,0001,0940,1509900010940,2149,3.3324384599156054
15,099,0001,0955,1509900010955,1466,3.166430113843283
15,099,0001,1309,1509900011309,3554,3.550839605065785
15,099,0001,1313,1509900011313,4755,3.677241845946654
15,099,0003,160A,150990003160A,1367,3.1360860973840974
15,099,0003,1614,1509900031614,2198,3.3422252293607904
15,099,0007,1741,1509900071741,3690,3.5671440451956573
15,099,0007,1756,1509900071756,4406,3.644143050509919
15,099,0007,1760,1509900071760,4231,3.6265456590271294
15,099,0008,153A,150990008153A,2880,3.459543258280413
15,099,0008,1879,1509900081879,2717,3.4342494523964757
15,099,0012,1050,1509900121050,4448,3.6482624057480444
15,099,0012,1120,1509900121120,146,2.167317334748176
15,099,0012,1135,1509900121135,193,2.287801729930226
15,099,0014,1597,1509900141597,3832,3.5835388192543522
15,099,0016,0870,1509900160870,2746,3.438858659420562
15,099,0016,1046,1509900161046,657,2.8182258936139557
15,099,0016,114A,150990016114A,305,2.48572142648158
15,099,0016,1169,1509900161169,20,1.3222192947339193
15,099,0016,1173,1509900161173,89,1.954242509439325
15,099,0017,0387,1509900170387,3397,3.5312233745330266
15,099,0020,0777,1509900200777,8537,3.931356150467928
15,099,0021,1686,1509900211686,7266,3.86135516019326
15,099,0022,089A,150990022089A,2524,3.40226138245468
15,099,0022,0902,1509900220902,509,2.7075701760979363
15,099,0023,1582,1509900231582,3603,3.5567847823070253
15,099,0024,0226,1509900240226,3532,3.5481436374348454
15,099,0024,0724,1509900240724,2893,3.4614985267830187
15,099,0024,0739,1509900240739,869,2.9395192526186187
15,099,0024,0989,1509900240989,425,2.629409599102719
15,099,0025,0669,1509900250669,2809,3.44870631990508
15,099,0025,1510,1509900251510,16,1.2304489213782739
15,099,0028,1737,1509900281737,862,2.9360107957152097
15,099,0029,0349,1509900290349,6914,3.8397921844453293
15,099,0029,0565,1509900290565,3077,3.48826861549546
15,099,0029,057A,150990029057A,2942,3.468790262099611
15,099,0029,1084,1509900291084,668,2.8254261177678233
15,099,0029,1281,1509900291281,104,2.0211892990699383
15,099,0030,0620,1509900300620,2203,3.3432115901797474
15,099,0030,0635,1509900300635,1835,3.2638726768652235
15,099,0030,0654,1509900300654,2237,3.3498600821923312
15,099,0030,1296,1509900301296,28,1.462397997898956
15,099,0030,1794,1509900301794,266,2.4265112613645754
15,099,0030,1826,1509900301826,1255,3.0989896394011773
15,099,0032,0457,1509900320457,2725,3.435525851498655
15,099,0033,1690,1509900331690,2131,3.3287872003545345
15,099,0033,1703,1509900331703,1583,3.1997551772534747
15,099,0034,0014,1509900340014,3619,3.558708570533166
15,099,0035,0885,1509900350885,3104,3.492061604512599
15,099,0035,096A,150990035096A,1794,3.254064452914338
15,099,0035,0974,1509900350974,883,2.946452265013073
15,099,0035,1192,1509900351192,149,2.1760912590556813
15,099,0035,1205,1509900351205,240,2.3820170425748683
15,099,0035,121A,150990035121A,285,2.456366033129043
15,099,0035,1224,1509900351224,132,2.123851640967086
15,099,0037,1718,1509900371718,2564,3.409087369447835
15,099,0040,0029,1509900400029,2807,3.4483971034577676
15,099,0041,1258,1509900411258,3671,3.564902672529205
15,099,0042,0758,1509900420758,1770,3.248218561190075
15,099,0042,0762,1509900420762,2011,3.30362797638389
15,099,0042,0851,1509900420851,4921,3.6921416093667836
15,099,0042,0866,1509900420866,3147,3.498034723687027
15,099,0043,032A,150990043032A,3633,3.5603849229720157
15,099,0043,0512,1509900430512,1204,3.080987046910887
15,099,0043,0527,1509900430527,684,2.8356905714924254
15,099,0043,0584,1509900430584,338,2.530199698203082
15,099,0043,1239,1509900431239,141,2.1522883443830563
15,099,0043,1243,1509900431243,333,2.5237464668115646
15,099,0043,1811,1509900431811,90,1.9590413923210936
15,099,0044,1559,1509900441559,6594,3.819214799882384
15,099,0044,1563,1509900441563,6848,3.8356271662098975
15,099,0045,071A,150990045071A,4401,3.6436500382173294
15,099,0045,1417,1509900451417,693,2.841359470454855
15,099,0045,1436,1509900451436,10,1.0413926851582251
15,099,0045,1578,1509900451578,1935,3.286905352972375
15,099,0046,1667,1509900461667,1962,3.292920299600006
15,099,0046,1671,1509900461671,1243,3.0948203803548
15,099,0047,1544,1509900471544,3251,3.5121505369220305
15,099,0048,1262,1509900481262,2460,3.3911116137028023
15,099,0052,1864,1509900521864,3722,3.570893036218392
15,099,0053,1807,1509900531807,2399,3.380211241711606
15,099,0062,1722,1509900621722,2147,3.332034277027518
15,099,0063,1830,1509900631830,3739,3.5728716022004803
15,099,0064,1648,1509900641648,2103,3.3230457354817013
15,099,0064,1652,1509900641652,2483,3.3951515915045425
15,099,0096,0033,1509900960033,1644,3.216165902285993
15,099,0096,0048,1509900960048,1392,3.1439511164239633
15,099,0109,0052,1509901090052,5656,3.752586178740409
15,099,0109,0067,1509901090067,3032,3.4818724103106633
15,099,0109,0071,1509901090071,953,2.979548374704095
15,099,0126,0368,1509901260368,2785,3.4449811120879446
15,099,0171,1845,1509901711845,2711,3.433289685195026
15,099,0171,185A,150990171185A,3089,3.4899584794248346
15,099,0172,178A,150990172178A,4249,3.6283889300503116
15,099,0173,1629,1509901731629,1675,3.2242740142942576
15,099,0173,1633,1509901731633,2324,3.3664229572259727
15,099,0174,1775,1509901741775,1725,3.237040791379191
15,100,0001,0040,1510000010040,2233,3.34908316877959
15,100,0001,0055,1510000010055,4148,3.617943434828973
15,100,0001,006A,151000001006A,144,2.161368002234975
15,100,0001,0110,1510000010110,2645,3.422589839851482
15,100,0001,0125,1510000010125,3447,3.5375672571526753
15,100,0001,013A,151000001013A,4618,3.6645479622465467
15,100,0001,0178,1510000010178,657,2.8182258936139557
15,100,0002,0021,1510000020021,2385,3.377670439334323
15,100,0002,0074,1510000020074,1840,3.2650537885040145
15,100,0002,0089,1510000020089,2155,3.3336487565147013
15,100,0002,0144,1510000020144,11,1.0791812460476249
15,100,0002,0159,1510000020159,28,1.462397997898956
15,100,0002,0163,1510000020163,1229,3.089905111439398
15,100,0007,0182,1510000070182,2855,3.455758203104137
15,100,0007,0197,1510000070197,2042,3.3102683666324477
15,100,0007,020A,151000007020A,2624,3.4191293077419758
15,100,0007,0214,1510000070214,2305,3.36285930295868
15,100,0007,0229,1510000070229,1343,3.1283992687178066
15,100,0007,0233,1510000070233,3211,3.5067755366066433
15,100,0007,0248,1510000070248,1936,3.287129620719111
15,100,0007,0252,1510000070252,2424,3.3847117429382823
15,101,0001,0122,1510100010122,2184,3.3394514413064407
15,101,0001,0141,1510100010141,3887,3.589726256254237
15,101,0001,0156,1510100010156,5818,3.7648483571934106
15,101,0001,0230,1510100010230,863,2.936513742478893
15,101,0003,0086,1510100030086,4133,3.6163704722912695
15,101,0006,0368,1510100060368,6755,3.829689640898971
15,101,0006,0372,1510100060372,2394,3.379305517750582
15,101,0014,0048,1510100140048,6140,3.788239097382168
15,101,0014,0207,1510100140207,3174,3.5017437296279943
15,101,0014,0211,1510100140211,2396,3.379668034033654
15,101,0014,0279,1510100140279,408,2.611723308007342
15,101,0014,0283,1510100140283,96,1.9867717342662448
15,101,0014,0298,1510100140298,449,2.6532125137753435
15,101,0014,0315,1510100140315,471,2.673941998634088
15,101,0014,0353,1510100140353,929,2.9684829485539352
15,101,0015,0160,1510100150160,3538,3.548880562637515
15,101,0015,0175,1510100150175,2988,3.4755259150392805
15,101,0015,018A,151010015018A,1634,3.2135177569963047
15,101,0015,025A,151010015025A,2029,3.307496037913213
15,101,0015,0264,1510100150264,93,1.9731278535996986
15,101,0015,032A,151010015032A,637,2.8048206787211623
15,101,0015,0334,1510100150334,213,2.330413773349191
15,101,0015,0349,1510100150349,167,2.225309281725863
15,101,0016,0118,1510100160118,2627,3.419625360887743
15,101,0017,0118,1510100170118,2840,3.453471233722936
15,102,0001,0045,1510200010045,601,2.7795964912578244
15,102,0001,0083,1510200010083,84,1.9294189257142926
15,102,0001,0098,1510200010098,59,1.7781512503836436
15,102,0001,0100,1510200010100,50,1.7075701760979363
15,103,0001,0057,1510300010057,4760,3.6776981814745104
15,103,0001,0061,1510300010061,3489,3.5428254269591797
15,103,0001,0184,1510300010184,1344,3.128722284338427
15,103,0001,0199,1510300010199,946,2.9763499790032735
15,103,0001,0216,1510300010216,1329,3.123851640967086
15,103,0001,0235,1510300010235,2188,3.3402457615679317
15,103,0001,0358,1510300010358,462,2.6655809910179533
15,103,0004,0019,1510300040019,1031,3.0136796972911926
15,103,0004,0023,1510300040023,1822,3.2607866686549762
15,103,0005,0146,1510300050146,937,2.9722028383790646
15,103,0005,0150,1510300050150,266,2.4265112613645754
15,103,0005,0165,1510300050165,1018,3.0081741840064264
15,103,0005,017A,151030005017A,175,2.24551266781415
15,103,0005,0201,1510300050201,104,2.0211892990699383
15,103,0005,024A,151030005024A,645,2.8102325179950842
15,103,0005,0254,1510300050254,2156,3.333850145102545
15,103,0005,0269,1510300050269,2940,3.468495024507069
15,103,0005,0273,1510300050273,3867,3.587486465410964
15,103,0005,0288,1510300050288,1123,3.0507663112330423
15,103,0005,0292,1510300050292,746,2.873320601815399
15,103,0005,0305,1510300050305,3583,3.5543680009900878
15,103,0005,031A,151030005031A,3785,3.5781806096277777
15,103,0005,0324,1510300050324,574,2.7596678446896306
15,103,0005,0339,1510300050339,289,2.462397997898956
15,103,0005,0343,1510300050343,149,2.1760912590556813
15,103,0029,0112,1510300290112,2596,3.4144719496293026
15,104,0001,0016,1510400010016,3390,3.5303277897780863
15,104,0001,0020,1510400010020,13025,4.114811073838064
15,104,0001,0035,1510400010035,3894,3.590507462008583
15,104,0001,004A,151040001004A,3661,3.5637183399656776
15,104,0001,0069,1510400010069,3297,3.5182506513085
15,104,0001,0073,1510400010073,3478,3.541454428747589
15,104,0001,0088,1510400010088,6052,3.781970673912552
15,104,0001,0092,1510400010092,478,2.680335513414563
15,104,0001,0105,1510400010105,2524,3.40226138245468
15,104,0001,011A,151040001011A,1860,3.269746373130767
15,104,0001,0124,1510400010124,3414,3.5333907080175515
15,104,0001,0139,1510400010139,3658,3.5633624094866074
15,104,0001,0162,1510400010162,4200,3.623352681537992
15,104,0001,0177,1510400010177,3290,3.5173278822943734
15,104,0001,0196,1510400010196,3288,3.5170638734826545
15,104,0001,0209,1510400010209,3755,3.5747255835940734
15,104,0001,0213,1510400010213,2690,3.4299136977637543
15,104,0001,0228,1510400010228,1830,3.2626883443016963
15,104,0001,0232,1510400010232,2080,3.318272080211627
15,104,0001,0251,1510400010251,4261,3.629613445378183
15,104,0001,0270,1510400010270,1689,3.2278867046136734
15,104,0001,0285,1510400010285,6881,3.8377146682849115
15,104,0001,029A,151040001029A,2816,3.4497868469857735
15,104,0001,0302,1510400010302,2978,3.4740705032150436
15,104,0001,0317,1510400010317,3502,3.5444401373176926
15,104,0001,0340,1510400010340,2653,3.4239009185284166
15,104,0001,0355,1510400010355,3810,3.581038948772167
15,104,0001,036A,151040001036A,3880,3.588943642740015
15,104,0001,0374,1510400010374,3475,3.541079767776629
15,104,0001,0393,1510400010393,3263,3.5137501500818233
15,104,0001,0406,1510400010406,773,2.8887409606828927
15,104,0001,0410,1510400010410,1798,3.2550311633455515
15,104,0001,0425,1510400010425,1023,3.010299956639812
15,104,0001,043A,151040001043A,3565,3.5521813388393357
15,104,0001,0463,1510400010463,8232,3.91555811541152
15,104,0001,0478,1510400010478,3117,3.4938761108528227
15,104,0001,0482,1510400010482,2002,3.3016809492935764
15,104,0001,0497,1510400010497,916,2.962369335670021
15,104,0001,050A,151040001050A,2293,3.360593413565249
15,104,0001,0514,1510400010514,2210,3.344588742578714
15,104,0001,0529,1510400010529,1180,3.072249897613515
15,104,0001,0533,1510400010533,4666,3.669037800885156
15,104,0001,0548,1510400010548,619,2.792391689498254
15,104,0001,0552,1510400010552,604,2.781755374652469
15,104,0001,0567,1510400010567,1352,3.131297796597623
15,104,0001,0571,1510400010571,1707,3.232487866352986
15,104,0001,0586,1510400010586,3689,3.56702636615906
15,104,0001,0590,1510400010590,6575,3.817961804531994
15,104,0001,0603,1510400010603,5505,3.7408362070573116
15,104,0001,0618,1510400010618,1765,3.24699069924155
15,104,0001,0622,1510400010622,1324,3.1222158782728267
15,104,0001,0637,1510400010637,1816,3.2593549273080344
15,104,0001,0641,1510400010641,2338,3.3690302218091532
15,104,0001,0656,1510400010656,1737,3.2400497721126476
15,104,0001,0660,1510400010660,2220,3.346548558548474
15,104,0001,0675,1510400010675,3512,3.5456781497920256
15,104,0001,068A,151040001068A,1057,3.024485667699167
15,104,0001,0694,1510400010694,3773,3.5768018958289125
15,104,0001,0707,1510400010707,6886,3.8380300829853202
15,104,0001,0711,1510400010711,3737,3.572639297042813
15,104,0001,0726,1510400010726,2374,3.3756636139608855
15,104,0001,0730,1510400010730,1656,3.219322508419337
15,104,0001,0745,1510400010745,2013,3.3040594662175993
15,104,0001,075A,151040001075A,2670,3.426673888021373
15,104,0001,0764,1510400010764,1175,3.0704073217401198
15,104,0001,0798,1510400010798,3110,3.4929000111087034
15,104,0001,0800,1510400010800,5700,3.755951041004132
15,104,0001,0815,1510400010815,2779,3.444044795918076
15,104,0001,082A,151040001082A,2632,3.4204508591060683
15,104,0001,0834,1510400010834,1856,3.2688119037397803
15,104,0001,0849,1510400010849,2236,3.34966598409663
15,104,0001,0853,1510400010853,2493,3.396896449142524
15,104,0001,0868,1510400010868,2115,3.325515663363148
15,104,0001,0872,1510400010872,1629,3.2121876044039577
15,104,0001,0891,1510400010891,1971,3.2949069106051923
15,104,0001,0904,1510400010904,2563,3.4089180208467798
15,104,0001,0919,1510400010919,3299,3.5185139398778875
15,104,0001,0923,1510400010923,2616,3.417803722639881
15,104,0001,0938,1510400010938,2039,3.3096301674258988
15,104,0001,0942,1510400010942,2951,3.470116353151004
15,104,0001,0957,1510400010957,2971,3.4730488050885375
15,104,0001,0961,1510400010961,6564,3.8172347304254983
15,104,0001,0976,1510400010976,2677,3.42781057267599
15,104,0001,0995,1510400010995,2442,3.3879234669734366
15,104,0001,100A,151040001100A,2216,3.345765693114488
15,104,0001,1014,1510400011014,4304,3.6339731557896737
15,104,0001,1029,1510400011029,3653,3.562768543016519
15,104,0001,1033,1510400011033,2622,3.4187982905903533
15,104,0001,1048,1510400011048,3254,3.512550992904211
15,104,0001,1052,1510400011052,1776,3.2496874278053016
15,104,0001,1067,1510400011067,4753,3.6770591773921613
15,104,0001,1071,1510400011071,6788,3.831805808674391
15,104,0001,1103,1510400011103,6757,3.8298181874388777
15,104,0001,1118,1510400011118,3695,3.567731962548069
15,104,0001,1122,1510400011122,2137,3.330007700872759
15,104,0001,1137,1510400011137,2852,3.4553017716570764
15,104,0001,1141,1510400011141,3487,3.5425764762605296
15,104,0001,1156,1510400011156,5656,3.752586178740409
15,104,0001,1160,1510400011160,4883,3.688775655272845
15,104,0001,1175,1510400011175,3606,3.5571461423183632
15,104,0001,118A,151040001118A,1830,3.2626883443016963
15,104,0001,1194,1510400011194,2653,3.4239009185284166
15,104,0001,1207,1510400011207,2679,3.428134794028789
15,104,0001,1211,1510400011211,2454,3.3900514964589874
15,104,0001,1226,1510400011226,4106,3.6135247028536526
15,104,0001,1230,1510400011230,3270,3.5146805441249818
15,104,0001,1245,1510400011245,4659,3.66838591669
15,104,0001,125A,151040001125A,4127,3.615739688619155
15,104,0001,1264,1510400011264,3191,3.5040628826786917
15,104,0001,1279,1510400011279,3391,3.5304558435846762
15,104,0001,1283,1510400011283,6311,3.800166990201364
15,104,0001,1298,1510400011298,3058,3.485579476984679
15,104,0001,1300,1510400011300,4346,3.638189640190837
15,104,0001,1315,1510400011315,3148,3.498172660636544
15,104,0001,132A,151040001132A,2650,3.4234097277330933
15,104,0001,1334,1510400011334,3601,3.5565437084835145
15,104,0001,1349,1510400011349,2813,3.449324093098727
15,104,0001,1353,1510400011353,4159,3.6190933306267428
15,104,0001,1368,1510400011368,4502,3.653501946962933
15,104,0001,1372,1510400011372,5666,3.753353212641496
15,104,0001,1387,1510400011387,4296,3.633165353683903
15,104,0001,1391,1510400011391,2027,3.3070679506612985
15,104,0001,1419,1510400011419,7287,3.862608363964942
15,104,0001,1423,1510400011423,5606,3.7487305560984945
15,104,0001,1442,1510400011442,6210,3.793161529245551
15,104,0001,1495,1510400011495,4356,3.639187559935754
15,104,0001,1508,1510400011508,7476,3.8737273806466797
15,104,0001,1527,1510400011527,4272,3.6307328928171967
15,104,0001,1546,1510400011546,4981,3.6974037232004875
15,104,0001,1565,1510400011565,5190,3.7152510288788494
15,104,0001,157A,151040001157A,649,2.8129133566428557
15,104,0001,1584,1510400011584,6667,3.8239955911559678
15,104,0001,1616,1510400011616,3174,3.5017437296279943
15,104,0001,1620,1510400011620,2553,3.4072208929273966
15,104,0001,164A,151040001164A,2532,3.403635189790548
15,104,0001,1654,1510400011654,4336,3.637189422148762
15,104,0001,1669,1510400011669,2440,3.387567779417189
15,104,0001,1673,1510400011673,4853,3.686099771995916
15,104,0001,1688,1510400011688,2554,3.4073909044707316
15,104,0001,1692,1510400011692,185,2.2695129442179165
15,104,0001,1705,1510400011705,2494,3.397070549959409
15,104,0001,171A,151040001171A,1247,3.0962145853464054
15,104,0001,1724,1510400011724,455,2.658964842664435
15,104,0001,1743,1510400011743,1470,3.16761267272753
15,104,0001,1758,1510400011758,2516,3.4008832155483626
15,104,0001,1777,1510400011777,11783,4.071292733834574
15,104,0001,1781,1510400011781,3468,3.5402042998420598
15,104,0001,1796,1510400011796,4944,3.694166295933198
15,104,0001,1809,1510400011809,6699,3.8260748027008264
15,104,0001,1813,1510400011813,4222,3.625621081424908
15,104,0001,1828,1510400011828,2200,3.342620042553348
15,104,0001,1832,1510400011832,1391,3.1436392352745433
15,104,0001,1847,1510400011847,1469,3.167317334748176
15,104,0001,1851,1510400011851,2748,3.4391747398434687
15,104,0001,1866,1510400011866,3080,3.4886916983169405
15,104,0001,1870,1510400011870,284,2.45484486000851
15,104,0001,1885,1510400011885,3609,3.5575072019056577
15,104,0001,189A,151040001189A,4009,3.603144372620182
15,104,0001,1902,1510400011902,5083,3.7062055418819706
15,104,0001,1917,1510400011917,6910,3.839540892968969
15,104,0001,1921,1510400011921,5110,3.708505880955237
15,104,0001,1936,1510400011936,3685,3.566555330883055
15,104,0001,1940,1510400011940,3555,3.5509617522981762
15,104,0001,1955,1510400011955,4292,3.6327608884794387
15,104,0001,196A,151040001196A,2745,3.4387005329007363
15,104,0001,1974,1510400011974,1452,3.1622656142980214
15,104,0001,1989,1510400011989,1622,3.210318519826232
15,104,0001,1993,1510400011993,4542,3.657342736814626
15,104,0001,2008,1510400012008,3935,3.595055089759304
15,104,0001,2012,1510400012012,2965,3.472171146692363
15,104,0001,2027,1510400012027,3012,3.478999131673357
15,104,0001,2031,1510400012031,2755,3.440279213235588
15,104,0001,2046,1510400012046,6395,3.805908455074197
15,104,0001,2050,1510400012050,5084,3.7062909572587635
15,104,0001,2065,1510400012065,5759,3.760422483423212
15,104,0001,207A,151040001207A,3564,3.5520595341878844
15,104,0001,2084,1510400012084,3946,3.5962671263955155
15,104,0001,2099,1510400012099,3642,3.561459171241916
15,104,0001,2101,1510400012101,3126,3.4951278812429334
15,104,0001,2116,1510400012116,2452,3.3896975482063856
15,104,0001,2120,1510400012120,1390,3.143327129992046
15,104,0001,2135,1510400012135,0,0.0
15,104,0001,214A,151040001214A,0,0.0
15,104,0001,2154,1510400012154,3730,3.571825249040829
15,104,0001,2169,1510400012169,3172,3.501470072100412
15,104,0001,2173,1510400012173,4179,3.621176281775035
15,104,0001,2188,1510400012188,2829,3.45178643552429
15,104,0001,2192,1510400012192,1458,3.1640552918934515
15,104,0001,2205,1510400012205,1253,3.0982975364946976
15,104,0001,221A,151040001221A,1669,3.2227164711475833
15,104,0001,2224,1510400012224,1409,3.1492191126553797
15,104,0001,2239,1510400012239,1148,3.060320028688285
15,104,0001,2243,1510400012243,1887,3.27600198996205
15,104,0001,2258,1510400012258,5308,3.725012725341157
15,104,0001,2262,1510400012262,4189,3.622214022966295
15,104,0001,2309,1510400012309,7,0.9030899869919435
15,104,0001,2332,1510400012332,3430,3.5354207180561734
15,104,0001,2347,1510400012347,3279,3.515873843711679
15,104,0001,2351,1510400012351,2089,3.3201462861110542
15,104,0001,2366,1510400012366,471,2.673941998634088
15,104,0105,2277,1510401052277,11660,4.066735795350929
15,104,0105,2281,1510401052281,711,2.8524799936368566
15,104,0105,2313,1510401052313,155,2.1931245983544616
15,104,0105,2328,1510401052328,504,2.7032913781186614
15,105,0001,0117,1510500010117,595,2.7752462597402365
15,105,0080,023A,151050080023A,1101,3.042181594515766
15,105,0080,0244,1510500800244,1402,3.1470576710283598
15,106,0001,0307,1510600010307,4263,3.6298171960185157
15,106,0001,0330,1510600010330,3278,3.515741416669365
15,106,0001,0345,1510600010345,3682,3.566201718854913
15,106,0001,035A,151060001035A,4826,3.683677298818692
15,106,0001,0379,1510600010379,6762,3.830139387425343
15,106,0001,0383,1510600010383,1924,3.2844307338445193
15,106,0001,0398,1510600010398,3406,3.5323721335678773
15,106,0001,0400,1510600010400,2306,3.3630475945210936
15,106,0001,0415,1510600010415,2073,3.316808752053022
15,106,0001,042A,151060001042A,3404,3.532117116248804
15,106,0001,0434,1510600010434,3199,3.505149978319906
15,106,0001,0449,1510600010449,4413,3.644832328825636
15,106,0001,0453,1510600010453,1529,3.184691430817599
15,106,0001,0468,1510600010468,3152,3.4987239707479048
15,106,0001,0472,1510600010472,733,2.8656960599160706
15,106,0001,0487,1510600010487,3114,3.4934580509951885
15,106,0001,0491,1510600010491,3196,3.504742636271688
15,106,0001,0504,1510600010504,3168,3.5009222391903005
15,106,0001,0519,1510600010519,1420,3.15259407792747
15,106,0001,0523,1510600010523,2551,3.4068806700491248
15,106,0001,0538,1510600010538,1764,3.2467447097238415
15,106,0001,0542,1510600010542,2231,3.348694190265541
15,106,0001,0557,1510600010557,3932,3.5947239464097467
15,106,0001,0561,1510600010561,4517,3.6549462265843444
15,106,0001,0576,1510600010576,3946,3.5962671263955155
15,106,0001,0580,1510600010580,1469,3.167317334748176
15,106,0001,0595,1510600010595,1254,3.098643725817057
15,106,0001,0608,1510600010608,2701,3.4316853446860116
15,106,0001,0631,1510600010631,2056,3.313234291694724
15,106,0001,0646,1510600010646,5435,3.7352794480604565
15,106,0001,0769,1510600010769,1352,3.131297796597623
15,106,0001,0773,1510600010773,1338,3.126780577012009
15,106,0001,1023,1510600011023,2494,3.397070549959409
15,106,0001,1061,1510600011061,3738,3.5727554651542195
15,106,0001,1678,1510600011678,1059,3.0253058652647704
15,106,0001,1682,1510600011682,350,2.545307116465824
15,106,0001,1697,1510600011697,1083,3.0350292822023683
15,106,0001,1926,1510600011926,3261,3.513483956704257
15,106,0001,1930,1510600011930,3747,3.5737995822157407
15,106,0001,1945,1510600011945,3433,3.5358002908248976
15,106,0001,195A,151060001195A,3821,3.582290682718994
15,106,0001,1979,1510600011979,819,2.9138138523837167
15,106,0001,1983,1510600011983,2698,3.431202884556517
15,106,0001,1998,1510600011998,6315,3.8004421213362565
15,106,0001,2017,1510600012017,3729,3.571708831808688
15,106,0001,2021,1510600012021,3557,3.5512059437479064
15,106,0001,2036,1510600012036,2805,3.448087666692341
15,106,0001,2040,1510600012040,2887,3.4605971888976015
15,106,0001,2055,1510600012055,5609,3.7489628612561616
15,106,0001,206A,151060001206A,2598,3.4148062795010126
15,106,0001,2074,1510600012074,4315,3.635081436010873
15,106,0001,2089,1510600012089,4011,3.6033609243483804
15,106,0001,2106,1510600012106,3841,3.584557360525675
15,106,0001,2110,1510600012110,2433,3.386320573894046
15,106,0001,2125,1510600012125,906,2.957607287060095
15,106,0001,213A,151060001213A,2219,3.346352974450639
15,106,0001,2144,1510600012144,2869,3.4578818967339924
15,106,0001,2159,1510600012159,1880,3.274388795550379
15,106,0001,2214,1510600012214,4495,3.652826302561005
15,106,0001,2411,1510600012411,0,0.0
15,106,0001,2426,1510600012426,1171,3.068927611682072
15,106,0001,2430,1510600012430,1134,3.0549958615291417
15,106,0001,2445,1510600012445,2475,3.39375064034808
15,106,0001,2816,1510600012816,1400,3.1464381352857744
15,106,0001,3104,1510600013104,4595,3.6623800200162475
15,106,0001,3195,1510600013195,1932,3.286231854028553
15,106,0001,3208,1510600013208,3047,3.4840149626675627
15,106,0001,3212,1510600013212,2069,3.315970345456918
15,106,0001,3227,1510600013227,3059,3.48572142648158
15,106,0001,3231,1510600013231,3575,3.55339751012388
15,106,0001,3246,1510600013246,2130,3.328583449714202
15,106,0001,3320,1510600013320,3808,3.580810972660946
15,106,0001,3335,1510600013335,3297,3.5182506513085
15,106,0001,3354,1510600013354,5539,3.74350976472843
15,106,0001,3369,1510600013369,2788,3.44544851426605
15,106,0001,3373,1510600013373,3487,3.5425764762605296
15,106,0001,3388,1510600013388,3004,3.4778444763387584
15,106,0043,487A,151060043487A,1694,3.229169702539101
15,106,0043,4884,1510600434884,4019,3.60422605308447
15,106,0043,4899,1510600434899,2700,3.431524584187451
15,106,0043,4901,1510600434901,5383,3.7311050512159203
15,106,0044,1748,1510600441748,3617,3.558468562523795
15,106,0044,1752,1510600441752,4638,3.6664243725187595
15,106,0044,2765,1510600442765,1141,3.0576661039098294
15,106,0046,4812,1510600464812,1524,3.1832698436828046
15,106,0046,4827,1510600464827,2273,3.356790460351716
15,106,0046,4831,1510600464831,2575,3.4109458586877746
15,106,0046,4846,1510600464846,4592,3.6620964454179235
15,106,0046,4850,1510600464850,6297,3.7992026563005252
15,106,0046,4865,1510600464865,3442,3.5369370227046737
15,106,0049,5100,1510600495100,4721,3.674125982742708
15,106,0050,1184,1510600501184,7820,3.8932622858879915
15,106,0050,2708,1510600502708,457,2.660865478003869
15,106,0050,3636,1510600503636,841,2.9253120914996495
15,106,0051,2731,1510600512731,3558,3.551327988003846
15,106,0051,2746,1510600512746,5651,3.752202153176521
15,106,0055,3655,1510600553655,5399,3.7323937598229686
15,106,0062,1767,1510600621767,5399,3.7323937598229686
15,106,0062,1771,1510600621771,7571,3.879210605291759
15,106,0062,2407,1510600622407,1449,3.161368002234975
15,106,0062,2680,1510600622680,3761,3.5754187912143602
15,106,0063,0241,1510600630241,5758,3.7603470785299065
15,106,0064,4916,1510600644916,0,0.0
15,106,0064,4920,1510600644920,4792,3.680607428991788
15,106,0064,4935,1510600644935,2022,3.3059958827708047
15,106,0064,494A,151060064494A,5950,3.7745899502647946
15,106,0064,4954,1510600644954,4693,3.6715430852625737
15,106,0064,4969,1510600644969,2757,3.440594261839831
15,106,0064,4973,1510600644973,2966,3.472317546316842
15,106,0064,4988,1510600644988,2729,3.436162647040756
15,106,0064,4992,1510600644992,1059,3.0253058652647704
15,106,0065,2977,1510600652977,1544,3.1889284837608534
15,106,0065,2981,1510600652981,2110,3.3244882333076564
15,106,0065,3458,1510600653458,334,2.525044807036845
15,106,0066,4668,1510600664668,728,2.8627275283179747
15,106,0066,4672,1510600664672,749,2.8750612633917
15,106,0066,4687,1510600664687,1471,3.16790781000148
15,106,0066,4691,1510600664691,2032,3.3081373786380386
15,106,0066,4704,1510600664704,4845,3.6853834098014873
15,106,0066,4719,1510600664719,5443,3.735918116531297
15,106,0066,4723,1510600664723,2115,3.325515663363148
15,106,0066,4738,1510600664738,3204,3.5058280338548364
15,106,0066,4742,1510600664742,4969,3.696356388733332
15,106,0066,4757,1510600664757,6396,3.805976350717563
15,106,0066,4761,1510600664761,4670,3.669409867287783
15,106,0066,4776,1510600664776,5698,3.7557986569738304
15,106,0068,2500,1510600682500,3943,3.5959369062691735
15,106,0068,373A,151060068373A,2489,3.3961993470957363
15,106,0068,3744,1510600683744,6949,3.8419848045901137
15,106,0069,131A,151060069131A,3726,3.57135939275384
15,106,0070,1786,1510600701786,4986,3.697839368218363
15,106,0070,1790,1510600701790,3081,3.4888326343824003
15,106,0070,2252,1510600702252,908,2.9585638832219674
15,106,0070,302A,151060070302A,933,2.9703468762300935
15,106,0070,3034,1510600703034,97,1.9912260756924949
15,106,0070,3477,1510600703477,275,2.4409090820652177
15,106,0070,4780,1510600704780,1141,3.0576661039098294
15,106,0070,4795,1510600704795,825,2.9169800473203824
15,106,0070,4808,1510600704808,1064,3.0273496077747564
15,106,0071,5149,1510600715149,3206,3.5060989599284405
15,106,0072,2178,1510600722178,7984,3.9022749204745018
15,106,0073,0294,1510600730294,5289,3.7234556720351857
15,106,0073,1574,1510600731574,1711,3.2335037603411343
15,106,0073,2750,1510600732750,679,2.832508912706236
15,106,0073,2869,1510600732869,292,2.4668676203541096
15,106,0073,2943,1510600732943,1424,3.153814864344529
15,106,0075,4102,1510600754102,3764,3.5757649805367193
15,106,0075,4117,1510600754117,4884,3.688864568054792
15,106,0075,4121,1510600754121,1595,3.2030328870147105
15,106,0075,4136,1510600754136,2897,3.462098381135156
15,106,0075,4140,1510600754140,1297,3.1132746924643504
15,106,0075,4155,1510600754155,2988,3.4755259150392805
15,106,0075,416A,151060075416A,2873,3.4584867637982066
15,106,0075,4174,1510600754174,4445,3.647969458362972
15,106,0075,4189,1510600754189,5463,3.737510690673476
15,106,0075,4193,1510600754193,426,2.630427875025024
15,106,0075,4206,1510600754206,4660,3.6684791029325856
15,106,0077,5011,1510600775011,3043,3.4834446480985353
15,106,0077,5026,1510600775026,3207,3.506234359612126
15,106,0078,1339,1510600781339,2738,3.4375920322539613
15,106,0079,1502,1510600791502,7525,3.8765642139838454
15,106,0079,2271,1510600792271,7455,3.872505899345925
15,106,0079,2695,1510600792695,3892,3.590284403718162
15,106,0079,448A,151060079448A,3702,3.5685537120494426
15,106,0080,380A,151060080380A,1090,3.037824750588342
15,106,0080,3814,1510600803814,2857,3.4560622244549513
15,106,0080,3829,1510600803829,2897,3.462098381135156
15,106,0080,3833,1510600803833,2179,3.3384564936046046
15,106,0080,3848,1510600803848,2083,3.3188977146274867
15,106,0080,3852,1510600803852,2395,3.3794868137172736
15,106,0080,3867,1510600803867,1614,3.2081725266671217
15,106,0080,3871,1510600803871,1533,3.185825359612962
15,106,0080,3886,1510600803886,2470,3.3928727454020793
15,106,0080,3890,1510600803890,1361,3.1341771075767664
15,106,0080,3903,1510600803903,2021,3.3057811512549824
15,106,0082,2182,1510600822182,8406,3.924641047417163
15,106,0083,1517,1510600831517,7578,3.879611907065851
15,106,0083,1521,1510600831521,4327,3.636287252098513
15,106,0083,1589,1510600831589,3060,3.4858633295973345
15,106,0083,1659,1510600831659,3208,3.506369717095504
15,106,0083,170A,151060083170A,2828,3.4516329474569907
15,106,0083,2286,1510600832286,2469,3.392696953259666
15,106,0083,2394,1510600832394,161,2.2095150145426308
15,106,0083,2712,1510600832712,8681,3.938619781502681
15,106,0083,2727,1510600832727,8896,3.949243590568265
15,106,0083,2892,1510600832892,609,2.785329835010767
15,106,0083,3918,1510600833918,1622,3.210318519826232
15,106,0083,3922,1510600833922,4493,3.65263306808311
15,106,0084,1803,1510600841803,4878,3.688330818112266
15,106,0084,2905,1510600842905,4441,3.6475785542124552
15,106,0084,3509,1510600843509,1083,3.0350292822023683
15,106,0084,4598,1510600844598,4033,3.6057358938767465
15,106,0084,4600,1510600844600,2811,3.4490153163477864
15,106,0084,4615,1510600844615,5128,3.7100326990657537
15,106,0086,4210,1510600864210,2639,3.4216039268698313
15,106,0086,4225,1510600864225,669,2.8260748027008264
15,106,0086,423A,151060086423A,4347,3.638289535414257
15,106,0086,4244,1510600864244,4956,3.6952189189051508
15,106,0086,4259,1510600864259,4454,3.6488477083728936
15,106,0086,4263,1510600864263,5089,3.7067177823367587
15,106,0086,4278,1510600864278,4979,3.6972293427597176
15,106,0086,4282,1510600864282,5956,3.7750276000988445
15,106,0087,3960,1510600873960,150,2.1789769472931693
15,106,0087,3975,1510600873975,27,1.4471580313422192
15,106,0087,398A,151060087398A,614,2.788875115775417
15,106,0087,3994,1510600873994,2020,3.305566313515304
15,106,0087,4009,1510600874009,1596,3.203304916138483
15,106,0087,4013,1510600874013,2635,3.420945405921972
15,106,0087,4028,1510600874028,2519,3.401400540781544
15,106,0087,4032,1510600874032,2605,3.415974411376566
15,106,0087,4047,1510600874047,1646,3.2166935991697545
15,106,0088,2479,1510600882479,3822,3.582404298019028
15,106,0090,4297,1510600904297,4178,3.621072371143626
15,106,0090,430A,151060090430A,2789,3.4456042032735974
15,106,0090,4314,1510600904314,1558,3.192846115188842
15,106,0090,4329,1510600904329,3737,3.572639297042813
15,106,0090,4333,1510600904333,5907,3.771440486639912
15,106,0090,4348,1510600904348,5047,3.703119346236078
15,106,0090,4352,1510600904352,5957,3.775100498879025
15,106,0090,4367,1510600904367,2516,3.4008832155483626
15,106,0092,4051,1510600924051,1480,3.1705550585212086
15,106,0092,4066,1510600924066,1062,3.0265332645232967
15,106,0092,4070,1510600924070,2858,3.456214155357989
15,106,0092,4085,1510600924085,4557,3.6587743208443566
15,106,0092,409A,151060092409A,3589,3.5550944485783194
15,106,0093,3937,1510600933937,2819,3.450249108319361
15,106,0093,3941,1510600933941,2764,3.441695135640717
15,106,0093,3956,1510600933956,595,2.7752462597402365
15,106,0095,1396,1510600951396,3687,3.5667909123815917
15,106,0097,1837,1510600971837,6913,3.839729375206388
15,106,0097,1841,1510600971841,6354,3.803115554890027
15,106,0097,2267,1510600972267,5095,3.707229419327294
15,106,0097,5007,1510600975007,1382,3.1408221801093106
15,106,0098,2515,1510600982515,4215,3.62490060220449
15,106,0099,2197,1510600992197,6778,3.8311656339094426
15,106,0112,2483,1510601122483,7890,3.8971320433820944
15,106,0112,4653,1510601124653,2,0.47712125471966244
15,106,0113,1451,1510601131451,3188,3.5036545192429593
15,106,0114,1269,1510601141269,2577,3.4112829130173843
15,106,0127,220A,151060127220A,6090,3.7846885995014214
15,106,0127,3621,1510601273621,640,2.8068580295188172
15,106,0131,5115,1510601315115,2959,3.4712917110589387
15,106,0131,512A,151060131512A,1244,3.095169351431755
15,106,0134,3439,1510601343439,2545,3.4058583993176366
15,106,0145,1288,1510601451288,3300,3.5186455243303114
15,106,0188,5030,1510601885030,1766,3.247236549506764
15,106,0188,5045,1510601885045,868,2.9390197764486663
15,106,0188,505A,151060188505A,4382,3.6417714706539592
15,106,0211,5064,1510602115064,3090,3.4900990050633047
15,106,0220,3778,1510602203778,4090,3.6118294794983736
15,106,0221,5079,1510602215079,3746,3.573683693093798
15,106,0228,5134,1510602285134,4257,3.629205657102304
15,106,0230,5083,1510602305083,3765,3.575880315680646
15,106,0230,5098,1510602305098,1464,3.1658376246901283
15,106,0233,4371,1510602334371,3160,3.49982449583958
15,106,0233,4386,1510602334386,791,2.8987251815894934
15,106,0233,4390,1510602334390,983,2.9929950984313414
15,106,0233,4403,1510602334403,3302,3.518908573691414
15,106,0233,4418,1510602334418,5316,3.7256666603141784
15,106,0233,4422,1510602334422,2230,3.348499570283838
15,106,0233,4437,1510602334437,1359,3.1335389083702174
15,106,0233,4441,1510602334441,4909,3.6910814921229687
15,106,0233,4456,1510602334456,5767,3.7610252517113727
15,106,0233,4460,1510602334460,2626,3.4194600727860704
15,106,0233,4475,1510602334475,1864,3.2706788361447066
15,106,0234,4494,1510602344494,2568,3.4097641042663462
15,106,0235,4507,1510602354507,6685,3.82516637225655
15,106,0235,4511,1510602354511,1366,3.1357685145678222
15,106,0235,4526,1510602354526,3347,3.5247854493212225
15,106,0235,4530,1510602354530,1186,3.074450718954591
15,106,0235,4545,1510602354545,2043,3.3104808914626753
15,106,0235,455A,151060235455A,5889,3.7701152947871015
15,106,0235,4564,1510602354564,4354,3.638988159343682
15,106,0235,4579,1510602354579,2758,3.4407517004791854
15,107,0001,0041,1510700010041,3082,3.488973524726508
15,107,0001,0056,1510700010056,3434,3.5359267413955693
15,107,0001,0075,1510700010075,505,2.7041505168397992
15,108,0001,002A,151080001002A,4770,3.6786094165589263
15,108,0001,0034,1510800010034,3591,3.5553363279952666
15,108,0001,0068,1510800010068,5898,3.7707783961691477
15,108,0001,0072,1510800010072,10424,4.018076063645795
15,108,0001,0208,1510800010208,11292,4.052809328140562
15,108,0001,0227,1510800010227,3241,3.510813010512496
15,108,0001,0231,1510800010231,3449,3.537819095073274
15,108,0001,0335,1510800010335,4797,3.6810602436318116
15,108,0001,034A,151080001034A,4473,3.6506959797606107
15,108,0001,0354,1510800010354,4073,3.610021024664145
15,108,0001,0369,1510800010369,3470,3.540454613671412
15,108,0001,0392,1510800010392,3133,3.496098992132571
15,108,0001,0405,1510800010405,1696,3.229681842317676
15,108,0001,0424,1510800010424,1371,3.137354111370733
15,108,0001,0439,1510800010439,234,2.3710678622717363
15,108,0001,0443,1510800010443,573,2.7589118923979736
15,108,0001,0547,1510800010547,5050,3.7033773685123497
15,108,0001,0551,1510800010551,98,1.99563519459755
15,108,0001,0585,1510800010585,892,2.9508514588885464
15,108,0014,0053,1510800140053,3560,3.5515719736742537
15,108,0014,0091,1510800140091,1099,3.041392685158225
15,108,0014,0104,1510800140104,1297,3.1132746924643504
15,108,0014,0119,1510800140119,1390,3.143327129992046
15,108,0014,0123,1510800140123,1267,3.1031192535457137
15,108,0014,0138,1510800140138,1693,3.228913405994688
15,108,0014,0142,1510800140142,994,2.9978230807457256
15,108,0014,0157,1510800140157,726,2.8615344108590377
15,108,0014,0161,1510800140161,1215,3.084933574936716
15,108,0014,0176,1510800140176,636,2.8041394323353503
15,108,0014,0180,1510800140180,1101,3.042181594515766
15,108,0014,0195,1510800140195,1892,3.277150613963797
15,108,0014,0373,1510800140373,15037,4.177190080489609
15,108,0014,0458,1510800140458,6039,3.7810369386211318
15,108,0014,0462,1510800140462,8017,3.9040660519145027
15,108,0014,0477,1510800140477,3572,3.55303301620244
15,108,0014,0528,1510800140528,1272,3.1048284036536553
15,108,0014,0532,1510800140532,3699,3.568201724066995
15,108,0014,0566,1510800140566,4968,3.6962689967455327
15,108,0014,0570,1510800140570,7013,3.8459657615454836
15,108,0014,0602,1510800140602,3190,3.5039268041935103
15,108,0014,0617,1510800140617,0,0.0
15,108,0063,059A,151080063059A,8667,3.9379189026477803
15,109,0001,0065,1510900010065,1945,3.289142835932333
15,109,0001,007A,151090001007A,3661,3.5637183399656776
15,109,0001,0084,1510900010084,4965,3.6960067152185454
15,109,0001,0101,1510900010101,3960,3.597804842404293
15,109,0001,0116,1510900010116,3717,3.5703093854358796
15,109,0001,0120,1510900010120,3236,3.5101426994025733
15,109,0001,0347,1510900010347,1119,3.0492180226701815
15,109,0001,0351,1510900010351,517,2.714329759745233
15,109,0001,0690,1510900010690,2000,3.3012470886362113
15,109,0001,1805,1510900011805,5809,3.7641761323903307
15,109,0003,0031,1510900030031,4742,3.6760531246518715
15,109,0003,0050,1510900030050,5064,3.704579449696299
15,109,0003,0455,1510900030455,2046,3.311117842662506
15,109,0003,046A,151090003046A,4188,3.6221103603612197
15,109,0003,0474,1510900030474,3030,3.4815859363676225
15,109,0003,0489,1510900030489,1854,3.268343913951065
15,109,0003,0559,1510900030559,6657,3.8233437908206485
15,109,0003,0597,1510900030597,3990,3.6010817277840235
15,109,0003,0614,1510900030614,2431,3.385963570600697
15,109,0003,0633,1510900030633,1079,3.03342375548695
15,109,0003,0648,1510900030648,4650,3.6675463395115164
15,109,0003,0703,1510900030703,4039,3.606381365110605
15,109,0003,0722,1510900030722,2957,3.4709981696608736
15,109,0003,0737,1510900030737,4251,3.6285932558512592
15,109,0003,0741,1510900030741,4282,3.6317480743965693
15,109,0003,0756,1510900030756,5678,3.754271868683459
15,109,0003,0760,1510900030760,4097,3.612571954065176
15,109,0003,0775,1510900030775,4242,3.6276730317666157
15,109,0003,078A,151090003078A,3718,3.570426178358973
15,109,0003,0794,1510900030794,4041,3.606596309179285
15,109,0003,0807,1510900030807,4497,3.6530194510996132
15,109,0003,0811,1510900030811,4263,3.6298171960185157
15,109,0003,0826,1510900030826,6090,3.7846885995014214
15,109,0003,0845,1510900030845,4009,3.603144372620182
15,109,0003,085A,151090003085A,4197,3.623042434246382
15,109,0003,0953,1510900030953,4176,3.620864475265121
15,109,0003,0968,1510900030968,3311,3.5200903281128424
15,109,0003,1044,1510900031044,3173,3.5016069224188295
15,109,0003,1059,1510900031059,6789,3.8318697742805017
15,109,0003,1082,1510900031082,3233,3.509740015570382
15,109,0003,1256,1510900031256,2698,3.431202884556517
15,109,0003,1260,1510900031260,4356,3.639187559935754
15,109,0003,1275,1510900031275,5624,3.7501225267834
15,109,0003,128A,151090003128A,6588,3.8188195075475364
15,109,0003,135A,151090003135A,1568,3.1956229435869368
15,109,0003,1364,1510900031364,350,2.545307116465824
15,109,0003,1400,1510900031400,4350,3.638589083292717
15,109,0003,1415,1510900031415,156,2.1958996524092336
15,109,0003,142A,151090003142A,797,2.9020028913507296
15,109,0003,1538,1510900031538,4245,3.62797998982998
15,109,0003,1542,1510900031542,5074,3.7054360465852505
15,109,0003,1557,1510900031557,3616,3.5583485087616196
15,109,0003,1561,1510900031561,6531,3.8150461760646306
15,109,0003,1576,1510900031576,3278,3.515741416669365
15,109,0003,1580,1510900031580,5920,3.7723950610820003
15,109,0003,1595,1510900031595,6397,3.806044235748088
15,109,0003,1608,1510900031608,7350,3.8663464227496016
15,109,0003,1612,1510900031612,3312,3.52022143588196
15,109,0003,1627,1510900031627,1859,3.2695129442179165
15,109,0003,1631,1510900031631,4668,3.6692238739308056
15,109,0003,1646,1510900031646,2547,3.406199423663313
15,109,0003,1716,1510900031716,7333,3.865340905624584
15,109,0003,1720,1510900031720,3779,3.5774917998372255
15,109,0003,1735,1510900031735,679,2.832508912706236
15,109,0003,174A,151090003174A,2246,3.351603072419129
15,109,0003,1754,1510900031754,56,1.7558748556724915
15,109,0003,1769,1510900031769,299,2.4771212547196626
15,109,0003,1773,1510900031773,7,0.9030899869919435
15,109,0003,2042,1510900032042,319,2.505149978319906
15,109,0014,1487,1510900141487,2778,3.443888546777372
15,109,0025,0027,1510900250027,7306,3.863739107345217
15,109,0025,0135,1510900250135,3220,3.5079907248196913
15,109,0025,014A,151090025014A,5080,3.705949194910296
15,109,0025,0173,1510900250173,4150,3.6181527333785195
15,109,0025,0188,1510900250188,6526,3.814713612695977
15,109,0025,021A,151090025021A,13190,4.120277720339368
15,109,0025,0224,1510900250224,10705,4.029627239047413
15,109,0025,0243,1510900250243,5043,3.702775077901044
15,109,0025,0281,1510900250281,5510,3.741230411025471
15,109,0025,0328,1510900250328,2154,3.3334472744967503
15,109,0025,0686,1510900250686,1733,3.2390490931401916
15,109,0025,0883,1510900250883,4380,3.6415732531781755
15,109,0025,0898,1510900250898,2380,3.37675939540488
15,109,0025,0900,1510900250900,3516,3.5461723683169426
15,109,0025,0915,1510900250915,5187,3.7149999674120426
15,109,0025,092A,151090025092A,3051,3.484584529282843
15,109,0025,0934,1510900250934,2200,3.342620042553348
15,109,0025,0949,1510900250949,3991,3.6011905326153335
15,109,0025,1006,1510900251006,4648,3.667359546183087
15,109,0025,1025,1510900251025,4862,3.6869042695681773
15,109,0025,103A,151090025103A,2043,3.3104808914626753
15,109,0025,1129,1510900251129,3532,3.5481436374348454
15,109,0025,1133,1510900251133,2089,3.3201462861110542
15,109,0025,1148,1510900251148,1213,3.0842186867392387
15,109,0025,1152,1510900251152,1247,3.0962145853464054
15,109,0025,1167,1510900251167,982,2.9925535178321354
15,109,0025,1171,1510900251171,3614,3.5581083016305497
15,109,0025,1186,1510900251186,3644,3.5616975326539935
15,109,0025,1190,1510900251190,1007,3.0034605321095067
15,109,0025,1203,1510900251203,3063,3.486288760960566
15,109,0025,1218,1510900251218,1492,3.1740598077250253
15,109,0025,1222,1510900251222,1560,3.1934029030624176
15,109,0025,1294,1510900251294,3411,3.5330090224954853
15,109,0025,1307,1510900251307,2857,3.4560622244549513
15,109,0025,1650,1510900251650,4866,3.687261346243506
15,109,0025,1665,1510900251665,7345,3.866050924009275
15,109,0025,167A,151090025167A,2504,3.3988077302032647
15,109,0025,1684,1510900251684,3311,3.5200903281128424
15,109,0025,1699,1510900251699,2965,3.472171146692363
15,109,0025,1701,1510900251701,1852,3.2678754193188975
15,109,0025,1788,1510900251788,838,2.9237619608287004
15,109,0025,181A,151090025181A,3731,3.571941635074462
15,109,0068,0582,1510900680582,8320,3.9201755220100227
15,109,0068,060A,151090068060A,1243,3.0948203803548
15,109,0068,0667,1510900680667,10806,4.033705151467852
15,109,0068,0864,1510900680864,7665,3.8845688149183335
15,109,0068,0879,1510900680879,13257,4.122478014681511
15,109,0068,1063,1510900681063,1980,3.296884475538547
15,109,0068,1097,1510900681097,5587,3.7472563974421442
15,109,0068,110A,151090068110A,4262,3.629715332647132
15,109,0068,1114,1510900681114,6073,3.7834747875822465
15,109,0068,1241,1510900681241,1763,3.246498580795801
15,109,0068,1379,1510900681379,489,2.690196080028514
15,109,0068,1434,1510900681434,2567,3.4095950193968156
15,109,0068,1449,1510900681449,4901,3.690373306916059
15,109,0068,1504,1510900681504,3069,3.4871383754771865
15,109,0068,1519,1510900681519,2969,3.4727564493172123
15,109,0068,1523,1510900681523,4083,3.6110857334148725
15,109,0068,1824,1510900681824,3240,3.51067903103221
15,109,0069,1311,1510900691311,5732,3.758381941774675
15,109,0069,1326,1510900691326,3144,3.497620649781288
15,109,0069,1330,1510900691330,3986,3.6006462356623943
15,109,0069,1345,1510900691345,3327,3.5221833176186865
15,109,0069,1453,1510900691453,1676,3.2245330626060857
15,109,0069,1468,1510900691468,861,2.9355072658247128
15,109,0069,2023,1510900692023,672,2.828015064223977
15,109,0069,2038,1510900692038,62,1.7993405494535817
15,109,0072,1839,1510900721839,4473,3.6506959797606107
15,110,0001,0066,1511000010066,2227,3.3479151865016914
15,110,0001,0070,1511000010070,1220,3.0867156639448825
15,110,0001,0102,1511000010102,6720,3.8274338954007794
15,110,0001,0117,1511000010117,4280,3.631545227834309
15,110,0001,0121,1511000010121,1755,3.244524511570084
15,110,0001,0189,1511000010189,2533,3.4038066105474227
15,110,0001,0193,1511000010193,4041,3.606596309179285
15,110,0001,0206,1511000010206,1373,3.137986732723532
15,110,0001,023A,151100001023A,18,1.2787536009528289
15,110,0012,0085,1511000120085,1693,3.228913405994688
15,110,0012,009A,151100012009A,3528,3.5476516583599693
15,110,0012,0244,1511000120244,187,2.27415784926368
15,110,0031,0140,1511000310140,2648,3.423081958297231
15,111,0001,0059,1511100010059,1547,3.189770956346874
15,111,0013,0078,1511100130078,2521,3.401745082237063
15,111,0014,0129,1511100140129,1659,3.220108088040055
15,111,0026,0133,1511100260133,3773,3.5768018958289125
15,112,0001,0126,1511200010126,673,2.82865989653532
15,112,0001,0130,1511200010130,1853,3.2681097298084785
15,112,0001,0145,1511200010145,1430,3.1556396337597765
15,112,0001,015A,151120001015A,1948,3.2898118391176214
15,112,0001,0164,1511200010164,1901,3.279210512601395
15,112,0001,0179,1511200010179,1749,3.2430380486862944
15,112,0001,0200,1511200010200,44,1.6532125137753437
15,112,0011,0183,1511200110183,4879,3.6884198220027105
15,112,0020,0111,1511200200111,4424,3.6459132750338443
15,112,0023,0075,1511200230075,2599,3.4149733479708178
15,113,0001,0053,1511300010053,4170,3.6202401898458314
15,113,0001,0068,1511300010068,5825,3.7653704802916486
15,113,0001,0157,1511300010157,341,2.534026106056135
15,113,0002,0091,1511300020091,3115,3.493597449000527
15,113,0017,0087,1511300170087,2740,3.4379090355394983
15,113,0020,0104,1511300200104,3351,3.525304009958239
15,113,0024,0091,1511300240091,3506,3.5449357658815024
15,113,0027,0087,1511300270087,2912,3.4643404846276673
15,113,0028,0142,1511300280142,4654,3.6679196853173615
15,113,0031,0119,1511300310119,1824,3.2612628687924934
15,113,0031,0123,1511300310123,2340,3.3694014136966244
15,114,0001,0120,1511400010120,1503,3.1772478362556233
15,114,0001,0239,1511400010239,1267,3.1031192535457137
15,114,0001,0243,1511400010243,681,2.833784374656479
15,114,0001,0258,1511400010258,1078,3.0330214446829107
15,114,0001,0262,1511400010262,127,2.1072099696478683
15,114,0010,0192,1511400100192,2525,3.402433346219312
15,114,0020,0173,1511400200173,3408,3.532627001228891
15,114,0025,0154,1511400250154,2645,3.422589839851482
15,114,0031,0169,1511400310169,3275,3.5153438930883807
15,114,0036,0188,1511400360188,3413,3.5332635167787148
15,114,0085,0169,1511400850169,2631,3.4202858849419178
15,115,0001,0043,1511500010043,11023,4.04233920456355
15,115,0001,0058,1511500010058,11930,4.076676845705642
15,115,0005,0062,1511500050062,5492,3.739809599021359
15,115,0006,0081,1511500060081,5718,3.7573200965466724
15,115,0006,0096,1511500060096,5004,3.6994040818153375
15,115,0006,0109,1511500060109,502,2.7015679850559273
15,115,0006,0113,1511500060113,57,1.7634279935629373
15,115,0007,0062,1511500070062,2620,3.4184670209466006
15,116,0001,0021,1511600010021,3477,3.5413295776666938
15,117,0001,0090,1511700010090,1424,3.153814864344529
15,117,0001,0103,1511700010103,1665,3.2216749970707688
15,118,0001,0079,1511800010079,3365,3.527114111639805
15,118,0001,0083,1511800010083,6393,3.8057726319356693
15,118,0001,0134,1511800010134,5820,3.7649975992848805
15,118,0001,0149,1511800010149,5624,3.7501225267834
15,118,0001,0219,1511800010219,1421,3.1528995963937474
15,118,0001,0280,1511800010280,1109,3.0453229787866576
15,118,0001,0331,1511800010331,2398,3.380030247967831
15,118,0001,0399,1511800010399,1422,3.153204900084284
15,118,0001,0505,1511800010505,2369,3.374748346010104
15,118,0001,0685,1511800010685,771,2.887617300335736
15,118,0001,0859,1511800010859,2046,3.311117842662506
15,118,0014,037A,151180014037A,7518,3.876160084825628
15,118,0025,0539,1511800250539,3100,3.4915017662373264
15,118,0039,0191,1511800390191,2634,3.4207806195485655
15,118,0053,0153,1511800530153,10704,4.029586671630457
15,118,0053,0276,1511800530276,6138,3.788097633380297
15,118,0053,0454,1511800530454,514,2.711807229041191
15,118,0053,0581,1511800530581,353,2.5490032620257876
15,118,0054,0863,1511800540863,6372,3.8043439184798657
15,118,0054,0878,1511800540878,2578,3.4114513421379375
15,118,0054,0882,1511800540882,681,2.833784374656479
15,118,0054,0897,1511800540897,2773,3.443106456737266
15,118,0058,005A,151180058005A,9907,3.9959859979137993
15,118,0058,0242,1511800580242,2352,3.3716219271760215
15,118,0058,0257,1511800580257,416,2.6201360549737576
15,118,0058,0261,1511800580261,971,2.9876662649262746
15,118,0058,090A,151180058090A,584,2.7671558660821804
15,118,0059,0416,1511800590416,6314,3.8003733548913496
15,118,0059,069A,151180059069A,1545,3.189209489582306
15,118,0060,0740,1511800600740,3359,3.526339277389844
15,118,0060,0755,1511800600755,2111,3.3246939138617746
15,118,0060,076A,151180060076A,2326,3.36679638328673
15,118,0060,0774,1511800600774,3771,3.5765716840652906
15,118,0060,0789,1511800600789,2458,3.390758528738717
15,118,0060,0793,1511800600793,1534,3.1861083798132053
15,118,0060,0806,1511800600806,3013,3.479143247978613
15,118,0060,0810,1511800600810,2872,3.4583356259919475
15,118,0060,0825,1511800600825,2578,3.4114513421379375
15,118,0060,083A,151180060083A,2146,3.331832044436249
15,118,0060,0844,1511800600844,3620,3.5588285248170117
15,118,0064,0350,1511800640350,3847,3.5852350633657752
15,118,0064,0365,1511800640365,3914,3.592731766393962
15,118,0064,051A,151180064051A,249,2.3979400086720375
15,118,0064,0651,1511800640651,525,2.7209857441537393
15,118,0064,0702,1511800640702,113,2.0569048513364727
15,118,0064,0717,1511800640717,227,2.357934847000454
15,118,0067,0168,1511800670168,1769,3.247973266361807
15,118,0067,0204,1511800670204,671,2.8273692730538253
15,118,0067,0543,1511800670543,1242,3.094471128641645
15,118,0067,0596,1511800670596,638,2.8055008581584002
15,118,0075,0420,1511800750420,3610,3.5576274884268266
15,118,0085,0647,1511800850647,2588,3.413132050434872
15,118,0087,0435,1511800870435,3980,3.599992177584098
15,118,0087,0609,1511800870609,3413,3.5332635167787148
15,118,0087,0613,1511800870613,115,2.0644579892269186
15,118,0087,0628,1511800870628,761,2.8819549713396007
15,118,0115,0539,1511801150539,5289,3.7234556720351857
15,118,0134,0721,1511801340721,4960,3.6955692270361857
15,118,0134,0736,1511801340736,4240,3.62746827245971
15,119,0001,0080,1511900010080,2333,3.3681008517093516
15,119,0001,0095,1511900010095,2498,3.39776625612645
15,120,0001,0024,1512000010024,0,0.0
15,120,0001,0058,1512000010058,5844,3.766784515497859
15,120,0001,0062,1512000010062,4980,3.697316541732383
15,120,0001,0293,1512000010293,5463,3.737510690673476
15,120,0001,0306,1512000010306,5807,3.7640266076920375
15,120,0001,0310,1512000010310,5556,3.744840396785379
15,120,0001,0325,1512000010325,3587,3.5548524343720547
15,120,0001,0344,1512000010344,4071,3.6098077693287025
15,120,0001,0378,1512000010378,1198,3.0788191830988487
15,120,0001,0382,1512000010382,410,2.6138418218760693
15,120,0001,0537,1512000010537,1689,3.2278867046136734
15,120,0001,0541,1512000010541,1145,3.059184617631371
15,120,0001,0556,1512000010556,4292,3.6327608884794387
15,120,0001,0560,1512000010560,4516,3.654850090561394
15,120,0001,0575,1512000010575,1903,3.2796669440484556
15,120,0001,058A,151200001058A,1191,3.076276255404218
15,120,0001,0594,1512000010594,1710,3.2332500095411003
15,120,0003,0931,1512000030931,4196,3.62293896921149
15,120,0007,0787,1512000070787,4658,3.668292710448221
15,120,0013,0397,1512000130397,3312,3.52022143588196
15,120,0013,0471,1512000130471,392,2.5943925503754266
15,120,0014,0664,1512000140664,12388,4.093036252945163
15,120,0023,0626,1512000230626,2751,3.4396484295634737
15,120,0031,0768,1512000310768,4441,3.6475785542124552
15,120,0031,0772,1512000310772,5416,3.733758835587203
15,120,0035,0804,1512000350804,1400,3.1464381352857744
15,120,0035,0819,1512000350819,1157,3.0637085593914173
15,120,0035,0823,1512000350823,1548,3.190051417759206
15,120,0035,0838,1512000350838,335,2.526339277389844
15,120,0041,0039,1512000410039,28,1.462397997898956
15,120,0041,0096,1512000410096,7622,3.882125919770032
15,120,0041,0255,1512000410255,808,2.9079485216122722
15,120,0041,026A,151200041026A,881,2.94546858513182
15,120,0041,0274,1512000410274,1866,3.2711443179490782
15,120,0041,0503,1512000410503,71,1.8573324964312685
15,120,0041,0518,1512000410518,61,1.792391689498254
15,120,0041,0522,1512000410522,186,2.271841606536499
15,120,0041,0734,1512000410734,1019,3.0086001717619175
15,120,0041,0749,1512000410749,2252,3.3527611917238307
15,120,0045,040A,151200045040A,5072,3.7052648623174043
15,120,0045,0611,1512000450611,79,1.9030899869919435
15,120,0046,0113,1512000460113,9172,3.962511393507597
15,120,0046,0128,1512000460128,6508,3.8135142715418833
15,120,0046,0132,1512000460132,4553,3.658393026279124
15,120,0046,0467,1512000460467,304,2.484299839346786
15,120,0054,0221,1512000540221,1107,3.044539760392411
15,120,0054,0359,1512000540359,3019,3.4800069429571505
15,120,0054,0363,1512000540363,2310,3.3637999454791094
15,120,0054,0715,1512000540715,2304,3.362670929725667
15,120,0054,0753,1512000540753,949,2.9777236052888476
15,120,0056,0414,1512000560414,1258,3.1000257301078626
15,120,0056,0433,1512000560433,938,2.972665592266111
15,120,0056,0448,1512000560448,643,2.808885867359812
15,120,0056,0452,1512000560452,197,2.296665190261531
15,120,0057,0429,1512000570429,3359,3.526339277389844
15,120,0057,072A,151200057072A,0,0.0
15,120,0059,0842,1512000590842,3708,3.5692568333286103
15,120,0059,0857,1512000590857,1234,3.0916669575956846
15,120,0070,0147,1512000700147,2523,3.402089350572097
15,120,0076,0861,1512000760861,9422,3.974189191118167
15,120,0083,0876,1512000830876,1574,3.197280558125619
15,120,0083,0880,1512000830880,1589,3.2013971243204513
15,120,0161,0683,1512001610683,10514,4.0218092770223395
15,120,0165,0895,1512001650895,1935,3.286905352972375
15,120,0165,0908,1512001650908,3305,3.519302849235429
15,120,0165,0912,1512001650912,2227,3.3479151865016914
15,120,0165,0927,1512001650927,3092,3.490379920003179
15,120,0171,0698,1512001710698,4799,3.681241237375587
15,120,0171,0700,1512001710700,4258,3.629307640073749
15,120,0175,0607,1512001750607,14721,4.167966813395621
15,120,0198,0630,1512001980630,4596,3.6624745037503095
15,120,0198,0645,1512001980645,7813,3.8928734068887656
15,120,0202,0081,1512002020081,2565,3.4092566520389096
15,120,0204,065A,151200204065A,7641,3.88320703335239
15,120,0204,0679,1512002040679,7665,3.8845688149183335
15,120,0205,0946,1512002050946,6954,3.8422971343280654
15,120,0206,0791,1512002060791,3744,3.5734518220354854
15,121,0001,0089,1512100010089,997,2.999130541287371
15,121,0001,0093,1512100010093,3118,3.4940153747571436
15,121,0001,0106,1512100010106,991,2.9965116721541785
15,121,0001,0125,1512100010125,91,1.9637878273455553
15,121,0001,013A,151210001013A,2653,3.4239009185284166
15,121,0001,0144,1512100010144,820,2.9143431571194407
15,121,0001,0178,1512100010178,6614,3.82052984852352
15,121,0001,0182,1512100010182,1654,3.2187979981117376
15,121,0001,0197,1512100010197,7004,3.8454081396217936
15,121,0001,020A,151210001020A,3689,3.56702636615906
15,121,0001,0229,1512100010229,7176,3.855942946232316
15,121,0001,0233,1512100010233,6419,3.807535028068853
15,121,0001,0248,1512100010248,2912,3.4643404846276673
15,121,0001,0252,1512100010252,735,2.866877814337499
15,121,0001,0267,1512100010267,4,0.6989700043360189
15,121,0001,0271,1512100010271,1780,3.2506639194632436
15,121,0001,0303,1512100010303,0,0.0
15,121,0001,0337,1512100010337,6964,3.8429211207599825
15,121,0001,0356,1512100010356,0,0.0
15,121,0001,0360,1512100010360,38,1.591064607026499
15,121,0001,0394,1512100010394,3693,3.5674968911042226
15,121,0001,0407,1512100010407,922,2.965201701025912
15,121,0001,0411,1512100010411,1288,3.110252917353403
15,121,0001,0426,1512100010426,3216,3.50745106090197
15,121,0001,0430,1512100010430,5426,3.734559821579476
15,121,0001,045A,151210001045A,3949,3.59659709562646
15,121,0001,0500,1512100010500,7340,3.8657552240714517
15,121,0001,0515,1512100010515,3123,3.494711025205263
15,121,0001,0553,1512100010553,292,2.4668676203541096
15,121,0001,0568,1512100010568,2072,3.3165993020938607
15,121,0001,0591,1512100010591,2082,3.318689269947746
15,121,0001,0661,1512100010661,3551,3.5504729571065634
15,121,0001,0676,1512100010676,3438,3.5364321758220134
15,121,0001,0680,1512100010680,2873,3.4584867637982066
15,121,0001,0708,1512100010708,4908,3.6909930320998696
15,121,0001,0712,1512100010712,2789,3.4456042032735974
15,121,0001,0727,1512100010727,2606,3.416141031168329
15,121,0001,0731,1512100010731,1788,3.252610340567373
15,121,0001,0746,1512100010746,3711,3.5696079675468244
15,121,0001,0750,1512100010750,2764,3.441695135640717
15,121,0001,0765,1512100010765,2915,3.4647875196459372
15,121,0001,077A,151210001077A,1175,3.0704073217401198
15,121,0001,0784,1512100010784,3707,3.5691397254724593
15,121,0001,0799,1512100010799,2604,3.4158077276355434
15,121,0001,0801,1512100010801,3067,3.4868553552769432
15,121,0001,0816,1512100010816,2321,3.365862215402555
15,121,0001,0869,1512100010869,6320,3.8007857903277626
15,121,0001,0873,1512100010873,2393,3.379124146070392
15,121,0001,0888,1512100010888,680,2.833147111912785
15,121,0001,0892,1512100010892,901,2.9552065375419416
15,121,0001,0905,1512100010905,1386,3.1420764610732848
15,121,0001,091A,151210001091A,1770,3.248218561190075
15,121,0001,0924,1512100010924,2368,3.374565060722765
15,121,0001,0939,1512100010939,1566,3.1950689964685903
15,121,0001,0943,1512100010943,1824,3.2612628687924934
15,121,0001,0958,1512100010958,806,2.90687353472207
15,121,0001,0962,1512100010962,770,2.8870543780509568
15,121,0001,0977,1512100010977,777,2.890979596989689
15,121,0001,0981,1512100010981,822,2.91539983521227
15,121,0001,0996,1512100010996,1356,3.132579847659737
15,121,0001,1000,1512100011000,2002,3.3016809492935764
15,121,0001,102A,151210001102A,4609,3.663700925389648
15,121,0001,1034,1512100011034,4576,3.6605809124272994
15,121,0001,1049,1512100011049,3497,3.543819805142658
15,121,0001,1053,1512100011053,5066,3.704750904290671
15,121,0001,1072,1512100011072,3632,3.5602653978627146
15,121,0001,1087,1512100011087,1707,3.232487866352986
15,121,0001,1104,1512100011104,5812,3.764400322956388
15,121,0001,1176,1512100011176,2189,3.3404441148401185
15,121,0001,1180,1512100011180,6452,3.809761665107125
15,121,0001,1208,1512100011208,1422,3.153204900084284
15,121,0001,1212,1512100011212,565,2.7528164311882715
15,121,0001,1231,1512100011231,2595,3.4143046881283317
15,121,0001,1246,1512100011246,893,2.951337518795918
15,121,0001,1265,1512100011265,4934,3.6932871570056554
15,121,0001,1284,1512100011284,1902,3.2794387882870204
15,121,0001,1299,1512100011299,4351,3.6386888866901237
15,121,0001,1301,1512100011301,6450,3.80962704189405
15,121,0001,1316,1512100011316,152,2.184691430817599
15,121,0001,1320,1512100011320,373,2.5728716022004803
15,121,0001,1335,1512100011335,5089,3.7067177823367587
15,121,0001,134A,151210001134A,2820,3.450403086155366
15,121,0001,1354,1512100011354,1051,3.02201573981772
15,121,0001,1369,1512100011369,1601,3.204662511748219
15,121,0001,1373,1512100011373,2507,3.399327532158679
15,121,0001,1388,1512100011388,2472,3.3932241163612975
15,121,0001,1392,1512100011392,2153,3.3332456989619628
15,121,0001,1405,1512100011405,1985,3.2979792441593623
15,121,0001,141A,151210001141A,5107,3.708250888591378
15,121,0001,1424,1512100011424,523,2.7193312869837265
15,121,0001,1443,1512100011443,1132,3.0542299098633974
15,121,0001,1458,1512100011458,840,2.924795995797912
15,121,0001,1462,1512100011462,2897,3.462098381135156
15,121,0001,1477,1512100011477,4171,3.6203442997544935
15,121,0001,1481,1512100011481,2851,3.4551495211798278
15,121,0001,1496,1512100011496,4538,3.656960182742849
15,121,0001,1509,1512100011509,3829,3.583198773968623
15,121,0001,1513,1512100011513,4176,3.620864475265121
15,121,0001,1528,1512100011528,3270,3.5146805441249818
15,121,0001,1532,1512100011532,4965,3.6960067152185454
15,121,0001,1547,1512100011547,3671,3.564902672529205
15,121,0001,1551,1512100011551,4306,3.6341748717626
15,121,0001,1566,1512100011566,2883,3.4599952560473914
15,121,0001,1570,1512100011570,1837,3.2643455070500926
15,121,0001,1585,1512100011585,8024,3.90444504107691
15,121,0001,159A,151210001159A,3586,3.5547313766759667
15,121,0001,1602,1512100011602,2357,3.3725438007590705
15,121,0001,1617,1512100011617,3017,3.479719235439571
15,121,0001,1636,1512100011636,1880,3.274388795550379
15,121,0001,1640,1512100011640,6406,3.8066547239918607
15,121,0001,1655,1512100011655,2313,3.3643633546157306
15,121,0001,166A,151210001166A,865,2.937517892017347
15,121,0001,1674,1512100011674,1033,3.0145205387579237
15,121,0001,1689,1512100011689,2668,3.4263485737875077
15,121,0001,1693,1512100011693,1257,3.09968064110925
15,121,0001,1706,1512100011706,1276,3.1061908972634154
15,121,0001,1710,1512100011710,2968,3.472610197596045
15,121,0001,1725,1512100011725,2080,3.318272080211627
15,121,0001,173A,151210001173A,3468,3.5402042998420598
15,121,0001,1744,1512100011744,2937,3.4680517914542377
15,121,0001,1759,1512100011759,1869,3.271841606536499
15,121,0001,1763,1512100011763,3037,3.4825877695267677
15,121,0001,1778,1512100011778,1861,3.269979676645324
15,121,0001,1782,1512100011782,1347,3.129689892199301
15,121,0001,1797,1512100011797,691,2.840106094456758
15,121,0001,180A,151210001180A,1690,3.2281436075977417
15,121,0001,1814,1512100011814,1668,3.222456336679247
15,121,0001,1829,1512100011829,1259,3.100370545117563
15,121,0001,1833,1512100011833,1268,3.103461622094705
15,121,0001,1848,1512100011848,299,2.4771212547196626
15,121,0001,1871,1512100011871,2183,3.3392526340327
15,121,0001,1886,1512100011886,817,2.912753303671323
15,121,0001,1890,1512100011890,2788,3.44544851426605
15,121,0001,1903,1512100011903,1611,3.2073650374690716
15,121,0001,1918,1512100011918,1602,3.204933522354145
15,121,0001,1922,1512100011922,3458,3.5389505620143615
15,121,0001,1937,1512100011937,1545,3.189209489582306
15,121,0001,1941,1512100011941,1696,3.229681842317676
15,121,0001,1956,1512100011956,1626,3.2113875529368587
15,121,0001,1960,1512100011960,0,0.0
15,121,0001,1975,1512100011975,1678,3.225050696138049
15,121,0001,198A,151210001198A,874,2.942008053022313
15,121,0001,1994,1512100011994,1946,3.2893659515200318
15,121,0001,2009,1512100012009,1703,3.2314695904306814
15,121,0001,2013,1512100012013,2404,3.3811150807098507
15,121,0001,2028,1512100012028,1635,3.2137832993353044
15,121,0001,2032,1512100012032,1128,3.052693941924968
15,121,0001,2047,1512100012047,308,2.4899584794248346
15,121,0001,2051,1512100012051,1236,3.0923696996291206
15,121,0001,2066,1512100012066,191,2.2833012287035497
15,121,0001,2070,1512100012070,3942,3.5958267770732233
15,121,0001,2085,1512100012085,703,2.847572659142112
15,121,0001,209A,151210001209A,621,2.7937903846908188
15,121,0001,2102,1512100012102,3799,3.57978359661681
15,121,0001,2117,1512100012117,357,2.5538830266438746
15,121,0001,2121,1512100012121,130,2.1172712956557644
15,121,0001,2136,1512100012136,780,2.8926510338773004
15,121,0001,2140,1512100012140,8517,3.93033763573773
15,121,0001,2155,1512100012155,6182,3.7911992464988753
15,121,0001,216A,151210001216A,9723,3.987844950171298
15,121,0001,2174,1512100012174,9775,3.990161192898479
15,121,0001,2189,1512100012189,1293,3.1119342763326814
15,121,0001,2193,1512100012193,4600,3.6628522332647964
15,121,0001,2206,1512100012206,3152,3.4987239707479048
15,121,0001,2210,1512100012210,4243,3.627775375229303
15,121,0001,2225,1512100012225,178,2.2528530309798933
15,121,0001,223A,151210001223A,7130,3.8531504364478426
15,121,0001,2244,1512100012244,689,2.838849090737255
15,121,0001,2259,1512100012259,4316,3.635182048656268
15,121,0001,2278,1512100012278,3057,3.485437481076301
15,121,0001,2282,1512100012282,4419,3.645422269349092
15,121,0001,2297,1512100012297,2380,3.37675939540488
15,121,0001,230A,151210001230A,5404,3.7327956982893293
15,121,0001,2314,1512100012314,3292,3.517591730711908
15,121,0001,2333,1512100012333,3579,3.5538830266438746
15,121,0001,2348,1512100012348,2329,3.367355921026019
15,121,0001,2352,1512100012352,2528,3.4029488293444046
15,121,0001,2367,1512100012367,3145,3.497758718287268
15,121,0001,2371,1512100012371,8217,3.9147661369258526
15,121,0001,2386,1512100012386,6528,3.814846668604463
15,121,0001,2403,1512100012403,909,2.9590413923210934
15,121,0001,2418,1512100012418,3000,3.477265995424853
15,121,0001,2422,1512100012422,458,2.661812685537261
15,121,0001,2437,1512100012437,1715,3.2345172835126865
15,121,0001,2441,1512100012441,2933,3.4674601095072637
15,121,0001,2456,1512100012456,525,2.7209857441537393
15,121,0001,2460,1512100012460,71,1.8573324964312685
15,121,0001,2475,1512100012475,834,2.921686475483602
15,121,0001,248A,151210001248A,0,0.0
15,121,0001,2494,1512100012494,0,0.0
15,121,0001,2507,1512100012507,3422,3.534406899137877
15,121,0001,2511,1512100012511,2996,3.476686742945645
15,121,0001,2526,1512100012526,1894,3.2776092143040914
15,121,0001,2530,1512100012530,0,0.0
15,121,0001,2545,1512100012545,1164,3.0663259253620376
15,121,0007,0017,1512100070017,3272,3.5149460053080044
15,121,0007,0021,1512100070021,2184,3.3394514413064407
15,121,0020,1852,1512100201852,3231,3.5094713521025485
15,121,0046,255A,151210046255A,3926,3.594060901270418
15,121,0046,2564,1512100462564,3648,3.5621738633646483
15,121,0062,2579,1512100622579,2965,3.472171146692363
15,121,0062,2583,1512100622583,3359,3.526339277389844
15,121,0062,2598,1512100622598,997,2.999130541287371
15,121,0108,1142,1512101081142,6730,3.828079590556746
15,122,0001,0014,1512200010014,5533,3.7430391548049333
15,122,0001,0029,1512200010029,4759,3.677606952720493
15,122,0001,0033,1512200010033,2328,3.367169488534681
15,122,0001,0048,1512200010048,2242,3.350829273582968
15,122,0001,0052,1512200010052,3214,3.5071809772602407
15,122,0001,0067,1512200010067,3892,3.590284403718162
15,122,0001,0071,1512200010071,2567,3.4095950193968156
15,122,0001,0086,1512200010086,7368,3.867408556522791
15,122,0001,0090,1512200010090,7280,3.862191031051597
15,122,0001,0137,1512200010137,4571,3.660106221723244
15,122,0001,0141,1512200010141,3767,3.57611089412084
15,122,0001,0156,1512200010156,2395,3.3794868137172736
15,122,0001,0160,1512200010160,4254,3.628899564420607
15,122,0001,0175,1512200010175,3112,3.493179120682515
15,122,0001,018A,151220001018A,2905,3.4632956099620027
15,122,0001,0194,1512200010194,2679,3.428134794028789
15,122,0001,0207,1512200010207,3966,3.5984622004741507
15,122,0001,0211,1512200010211,3302,3.518908573691414
15,122,0001,0226,1512200010226,6806,3.8329557506045986
15,122,0001,0230,1512200010230,5815,3.7646243978509815
15,122,0001,0245,1512200010245,5609,3.7489628612561616
15,122,0001,025A,151220001025A,6998,3.845035993513415
15,122,0001,0264,1512200010264,2574,3.41077723337721
15,122,0001,0279,1512200010279,4204,3.623766000133931
15,122,0001,0283,1512200010283,3409,3.5327543789924976
15,122,0001,0300,1512200010300,2821,3.450557009418329
15,122,0001,0315,1512200010315,2052,3.312388949370592
15,122,0001,032A,151220001032A,2453,3.3898745583909853
15,122,0001,0334,1512200010334,3017,3.479719235439571
15,122,0001,0349,1512200010349,3230,3.509336958017644
15,122,0001,0353,1512200010353,3461,3.539327063539375
15,122,0001,0368,1512200010368,6550,3.8163075994319398
15,122,0001,0372,1512200010372,5473,3.738304793074105
15,122,0001,0387,1512200010387,7598,3.8807564445102103
15,122,0001,0391,1512200010391,5664,3.753199914199416
15,122,0001,0404,1512200010404,2191,3.3408405498123317
15,122,0001,0419,1512200010419,3291,3.5174598265402324
15,122,0001,0423,1512200010423,3246,3.5114822886260013
15,122,0001,0438,1512200010438,2822,3.450710878146919
15,122,0001,0442,1512200010442,4135,3.616580530085886
15,122,0001,0457,1512200010457,3108,3.492620722043192
15,122,0001,0461,1512200010461,4238,3.627263416568221
15,122,0001,0476,1512200010476,3096,3.490941205356787
15,122,0001,0480,1512200010480,4024,3.6047658847038875
15,122,0001,0495,1512200010495,3840,3.5844443071651764
15,122,0001,0512,1512200010512,5156,3.712397131406715
15,122,0001,0527,1512200010527,3029,3.481442628502305
15,122,0001,0531,1512200010531,3448,3.5376931943673906
15,122,0001,0546,1512200010546,3060,3.4858633295973345
15,122,0001,0550,1512200010550,2909,3.4638929889859074
15,122,0001,0565,1512200010565,1646,3.2166935991697545
15,122,0001,057A,151220001057A,2722,3.4350476413399647
15,122,0001,0584,1512200010584,3251,3.5121505369220305
15,122,0001,0601,1512200010601,7255,3.860697274052039
15,122,0001,0616,1512200010616,3428,3.535167485114944
15,122,0001,0620,1512200010620,5128,3.7100326990657537
15,122,0001,0635,1512200010635,3786,3.578295305120826
15,122,0001,064A,151220001064A,3380,3.529045170765769
15,122,0001,0654,1512200010654,4994,3.698535492562001
15,122,0001,0669,1512200010669,4041,3.606596309179285
15,122,0001,0673,1512200010673,5130,3.7102020146553847
15,122,0001,0688,1512200010688,3701,3.5684364144168854
15,122,0001,0692,1512200010692,1381,3.1405080430381798
15,122,0001,0705,1512200010705,2662,3.425371166438941
15,122,0001,071A,151220001071A,2303,3.3624824747511743
15,122,0001,0724,1512200010724,4677,3.670060217473134
15,122,0001,0739,1512200010739,5204,3.716420733846555
15,122,0001,0743,1512200010743,3964,3.5982431916536224
15,122,0001,0758,1512200010758,3877,3.5886078047426864
15,122,0001,0762,1512200010762,4132,3.616265405281708
15,122,0001,0777,1512200010777,3038,3.482730700079943
15,122,0001,0781,1512200010781,1979,3.296665190261531
15,122,0001,0796,1512200010796,2791,3.4459154139511234
15,122,0001,0809,1512200010809,2796,3.4466924663715273
15,122,0001,0813,1512200010813,3274,3.515211304327802
15,122,0001,0828,1512200010828,3917,3.5930644316587177
15,122,0001,0832,1512200010832,2756,3.4404367661057735
15,122,0001,0847,1512200010847,2942,3.468790262099611
15,122,0001,0851,1512200010851,2508,3.3995006613146104
15,122,0001,0866,1512200010866,1776,3.2496874278053016
15,122,0001,0870,1512200010870,2454,3.3900514964589874
15,122,0001,0885,1512200010885,2658,3.424718337331567
15,122,0001,089A,151220001089A,2294,3.36078268987328
15,122,0001,0902,1512200010902,1898,3.2785249647370174
15,122,0001,0917,1512200010917,2645,3.422589839851482
15,122,0001,0921,1512200010921,5566,3.7456212213069384
15,122,0001,0936,1512200010936,214,2.3324384599156054
15,122,0001,0940,1512200010940,1636,3.2140486794119414
15,122,0001,0955,1512200010955,6115,3.7864674767402824
15,122,0001,096A,151220001096A,35,1.5563025007672873
15,122,0001,0974,1512200010974,2895,3.461798557525109
15,122,0001,0989,1512200010989,5397,3.732232880220498
15,122,0001,0993,1512200010993,3745,3.5735677730392186
15,122,0001,1008,1512200011008,4712,3.6732974397596356
15,122,0001,1027,1512200011027,2704,3.4321672694425884
15,122,0001,1031,1512200011031,3058,3.485579476984679
15,122,0001,1046,1512200011046,2772,3.4429498695778618
15,122,0001,1050,1512200011050,2141,3.330819466495837
15,122,0001,1065,1512200011065,3806,3.580582876814367
15,122,0001,107A,151220001107A,3955,3.5972562829251418
15,122,0001,1084,1512200011084,4033,3.6057358938767465
15,122,0001,1099,1512200011099,2367,3.374381698050882
15,122,0001,1101,1512200011101,0,0.0
15,122,0001,1116,1512200011116,0,0.0
15,122,0001,1120,1512200011120,1125,3.0515383905153275
15,122,0001,1135,1512200011135,6547,3.816108670739904
15,122,0001,114A,151220001114A,98,1.99563519459755
15,122,0001,1154,1512200011154,4039,3.606381365110605
15,122,0001,1192,1512200011192,1330,3.124178055474675
15,122,0001,1205,1512200011205,188,2.2764618041732443
15,122,0008,1169,1512200081169,3315,3.520614521878236
15,122,0008,1173,1512200081173,2366,3.374198257929083
15,122,0008,1188,1512200081188,893,2.951337518795918
15,123,0001,0011,1512300010011,1042,3.018284308426531
15,123,0001,0026,1512300010026,1656,3.219322508419337
15,123,0001,0030,1512300010030,1378,3.13956426617585
15,123,0001,0045,1512300010045,1675,3.2242740142942576
15,123,0001,005A,151230001005A,1462,3.1652443261253107
15,123,0001,0064,1512300010064,748,2.8744818176994666
15,123,0001,0149,1512300010149,49,1.6989700043360187
15,123,0001,0153,1512300010153,50,1.7075701760979363
15,123,0001,0168,1512300010168,406,2.60959440922522
15,123,0001,0172,1512300010172,8,0.9542425094393249
15,123,0001,0187,1512300010187,130,2.1172712956557644
15,123,0001,0191,1512300010191,40,1.6127838567197355
15,123,0001,0204,1512300010204,60,1.7853298350107671
15,124,0001,0019,1512400010019,1930,3.285782273779395
15,124,0038,0042,1512400380042,2800,3.4473131088235682
15,124,0041,0076,1512400410076,2528,3.4029488293444046
15,124,0054,0023,1512400540023,1560,3.1934029030624176
15,124,0107,0038,1512401070038,1251,3.097604328874411
15,125,0001,0016,1512500010016,2686,3.4292676664331685
15,125,0001,0020,1512500010020,3209,3.506505032404872
15,125,0001,004A,151250001004A,1020,3.0090257420869104
15,125,0002,0035,1512500020035,4233,3.6267508536833932
15,125,0007,0054,1512500070054,1573,3.1970047280230456
15,125,0007,0069,1512500070069,1028,3.012415374762433
