ENTIDAD,MUN,LOC,AGEB,CVEGEO,POBTOT,log_POBTOT
16,001,0001,0028,1600100010028,2831,3.4520932490177314
16,001,0001,0051,1600100010051,1068,3.028977705208778
16,001,0001,0066,1600100010066,589,2.7708520116421442
16,001,0001,0070,1600100010070,212,2.3283796034387376
16,001,0001,0085,1600100010085,154,2.1903316981702914
16,001,0001,009A,160010001009A,629,2.7993405494535817
16,001,0001,0102,1600100010102,1122,3.050379756261458
16,001,0001,0117,1600100010117,385,2.586587304671755
16,001,0001,0121,1600100010121,84,1.9294189257142926
16,001,0001,0136,1600100010136,26,1.4313637641589874
16,001,0001,0140,1600100010140,147,2.1702617153949575
16,001,0001,0155,1600100010155,9,1.0
16,001,0001,016A,160010001016A,43,1.6434526764861874
16,001,0001,0174,1600100010174,51,1.7160033436347992
16,001,0001,0189,1600100010189,89,1.954242509439325
16,002,0001,0167,1600200010167,1069,3.0293837776852097
16,002,0001,0171,1600200010171,1480,3.1705550585212086
16,002,0001,0218,1600200010218,1051,3.02201573981772
16,002,0001,0222,1600200010222,971,2.9876662649262746
16,002,0001,0237,1600200010237,711,2.8524799936368566
16,002,0001,0241,1600200010241,431,2.635483746814912
16,002,0001,0256,1600200010256,792,2.8992731873176036
16,002,0001,0260,1600200010260,389,2.591064607026499
16,002,0001,0275,1600200010275,1420,3.15259407792747
16,002,0001,0326,1600200010326,170,2.2329961103921536
16,002,0001,0379,1600200010379,0,0.0
16,002,0001,0383,1600200010383,15,1.2041199826559248
16,002,0001,0398,1600200010398,6,0.8450980400142568
16,002,0009,0345,1600200090345,1150,3.0610753236297916
16,002,0009,035A,160020009035A,845,2.9273703630390235
16,002,0009,0364,1600200090364,517,2.714329759745233
16,002,0009,0400,1600200090400,38,1.591064607026499
16,003,0001,0041,1600300010041,1773,3.2489536154957075
16,003,0001,0056,1600300010056,852,2.930949031167523
16,003,0001,0060,1600300010060,1878,3.2739267801005254
16,003,0001,0075,1600300010075,484,2.6857417386022635
16,003,0001,008A,160030001008A,435,2.639486489268586
16,003,0001,0094,1600300010094,1393,3.144262773761991
16,003,0001,0107,1600300010107,1471,3.16790781000148
16,003,0001,0111,1600300010111,749,2.8750612633917
16,003,0001,0126,1600300010126,253,2.404833716619938
16,003,0001,0130,1600300010130,63,1.806179973983887
16,003,0001,0145,1600300010145,23,1.380211241711606
16,003,0001,0179,1600300010179,110,2.0453229787866576
16,003,0001,0183,1600300010183,24,1.3979400086720377
16,003,0001,0198,1600300010198,5,0.7781512503836436
16,004,0001,0053,1600400010053,446,2.6503075231319366
16,004,0001,0068,1600400010068,333,2.5237464668115646
16,004,0001,0072,1600400010072,1066,3.0281644194244697
16,004,0001,0123,1600400010123,1536,3.1866738674997452
16,004,0001,0138,1600400010138,1295,3.1126050015345745
16,004,0001,0142,1600400010142,286,2.4578818967339924
16,004,0001,0157,1600400010157,54,1.7403626894942439
16,004,0001,0161,1600400010161,25,1.414973347970818
16,004,0001,0176,1600400010176,3,0.6020599913279624
16,004,0001,0180,1600400010180,0,0.0
16,005,0001,0027,1600500010027,584,2.7671558660821804
16,005,0001,0031,1600500010031,555,2.7450747915820575
16,005,0001,0046,1600500010046,931,2.9694159123539814
16,005,0001,0050,1600500010050,742,2.8709888137605755
16,005,0001,0065,1600500010065,1165,3.0666985504229953
16,006,0001,0202,1600600010202,10,1.0413926851582251
16,006,0001,0255,1600600010255,1133,3.0546130545568877
16,006,0001,026A,160060001026A,3466,3.5399538416563967
16,006,0001,0293,1600600010293,2595,3.4143046881283317
16,006,0001,0325,1600600010325,4935,3.6933751510251853
16,006,0001,0378,1600600010378,2019,3.305351369446624
16,006,0001,0382,1600600010382,2167,3.336059277866349
16,006,0001,0397,1600600010397,3003,3.4776999283321306
16,006,0001,040A,160060001040A,2169,3.3364597338485296
16,006,0001,0414,1600600010414,2608,3.4164740791002206
16,006,0001,0448,1600600010448,3128,3.495405563146193
16,006,0001,0452,1600600010452,3326,3.5220528008688223
16,006,0001,0467,1600600010467,2610,3.4168068718229443
16,006,0001,0471,1600600010471,2680,3.4282968139828798
16,006,0001,0490,1600600010490,2973,3.4733409641859354
16,006,0001,0503,1600600010503,1124,3.0511525224473814
16,006,0001,0518,1600600010518,3456,3.5386993795424067
16,006,0001,058A,160060001058A,1290,3.1109262422664203
16,006,0001,0594,1600600010594,1485,3.1720188094245563
16,006,0001,0607,1600600010607,1603,3.2052043639481447
16,006,0001,0611,1600600010611,1778,3.250175948083925
16,006,0001,0626,1600600010626,2120,3.3265406685165617
16,006,0001,0630,1600600010630,2620,3.4184670209466006
16,006,0001,0645,1600600010645,2742,3.4382258076045296
16,006,0001,065A,160060001065A,1781,3.250907699700856
16,006,0001,0664,1600600010664,1963,3.2931414834509307
16,006,0001,0679,1600600010679,1688,3.227629649571009
16,006,0001,0683,1600600010683,1751,3.243534101832062
16,006,0001,0698,1600600010698,1238,3.0930713063760633
16,006,0001,0700,1600600010700,2016,3.3047058982127653
16,006,0001,0715,1600600010715,3824,3.5826314394896364
16,006,0001,072A,160060001072A,3627,3.5596672783880576
16,006,0001,0749,1600600010749,3029,3.481442628502305
16,006,0001,0753,1600600010753,2353,3.371806458507416
16,006,0001,0768,1600600010768,1798,3.2550311633455515
16,006,0001,0772,1600600010772,1331,3.1245042248342823
16,006,0001,0787,1600600010787,533,2.727541257028556
16,006,0001,0791,1600600010791,404,2.6074550232146687
16,006,0001,0804,1600600010804,449,2.6532125137753435
16,006,0001,0819,1600600010819,103,2.0170333392987803
16,006,0001,0823,1600600010823,204,2.311753861055754
16,006,0001,0838,1600600010838,2549,3.406540180433955
16,006,0001,0842,1600600010842,2257,3.353723937588949
16,006,0001,0857,1600600010857,192,2.285557309007774
16,006,0001,0861,1600600010861,242,2.385606273598312
16,006,0001,0876,1600600010876,2468,3.3925210899319325
16,006,0001,0880,1600600010880,2733,3.4367985102318035
16,006,0001,0895,1600600010895,471,2.673941998634088
16,006,0001,0908,1600600010908,28,1.462397997898956
16,006,0001,0912,1600600010912,130,2.1172712956557644
16,006,0001,0927,1600600010927,1876,3.273464272621346
16,006,0001,0931,1600600010931,251,2.401400540781544
16,006,0001,0946,1600600010946,338,2.530199698203082
16,006,0001,0950,1600600010950,296,2.4727564493172123
16,006,0001,1198,1600600011198,4,0.6989700043360189
16,006,0001,1200,1600600011200,17,1.255272505103306
16,006,0001,1215,1600600011215,0,0.0
16,006,0001,122A,160060001122A,28,1.462397997898956
16,006,0001,1249,1600600011249,32,1.5185139398778875
16,006,0001,1253,1600600011253,6,0.8450980400142568
16,006,0001,1268,1600600011268,14,1.1760912590556813
16,006,0001,1272,1600600011272,6,0.8450980400142568
16,006,0001,1287,1600600011287,73,1.8692317197309762
16,006,0001,1291,1600600011291,25,1.414973347970818
16,006,0001,1304,1600600011304,10,1.0413926851582251
16,006,0001,1319,1600600011319,22,1.3617278360175928
16,006,0001,1323,1600600011323,69,1.845098040014257
16,006,0001,1338,1600600011338,12,1.1139433523068367
16,006,0001,1342,1600600011342,14,1.1760912590556813
16,006,0001,1357,1600600011357,36,1.568201724066995
16,006,0001,1361,1600600011361,254,2.406540180433955
16,006,0001,1376,1600600011376,520,2.7168377232995247
16,006,0001,1380,1600600011380,1716,3.2347702951609163
16,006,0001,1395,1600600011395,527,2.722633922533812
16,006,0001,1408,1600600011408,14,1.1760912590556813
16,006,0023,0039,1600600230039,3267,3.514282047860378
16,007,0001,0021,1600700010021,1377,3.139249217571607
16,007,0001,0036,1600700010036,403,2.606381365110605
16,007,0001,0040,1600700010040,221,2.346352974450639
16,007,0001,0055,1600700010055,193,2.287801729930226
16,008,0001,0264,1600800010264,2193,3.3412366232386925
16,008,0001,0283,1600800010283,26,1.4313637641589874
16,008,0001,0298,1600800010298,156,2.1958996524092336
16,008,0001,032A,160080001032A,69,1.845098040014257
16,009,0001,0098,1600900010098,2875,3.458788881710845
16,009,0001,0115,1600900010115,2450,3.389343311252078
16,009,0001,012A,160090001012A,1031,3.0136796972911926
16,009,0001,0149,1600900010149,1497,3.1755118133634475
16,009,0001,0172,1600900010172,893,2.951337518795918
16,009,0001,0187,1600900010187,1616,3.208710019906401
16,009,0001,0191,1600900010191,2118,3.3261309567107946
16,009,0001,0219,1600900010219,1560,3.1934029030624176
16,009,0001,0223,1600900010223,2298,3.361538971269279
16,009,0001,0238,1600900010238,1714,3.2342641243787895
16,009,0001,0242,1600900010242,25,1.414973347970818
16,009,0001,0257,1600900010257,5,0.7781512503836436
16,009,0001,0261,1600900010261,15,1.2041199826559248
16,010,0001,0510,1601000010510,1018,3.0081741840064264
16,010,0001,0525,1601000010525,1840,3.2650537885040145
16,010,0001,053A,160100001053A,511,2.709269960975831
16,010,0001,0544,1601000010544,1314,3.1189257528257768
16,010,0001,0597,1601000010597,1899,3.278753600952829
16,010,0001,060A,160100001060A,1434,3.156851901070011
16,010,0001,0614,1601000010614,1208,3.0824263008607717
16,010,0001,0629,1601000010629,1070,3.029789470831856
16,010,0001,0686,1601000010686,577,2.761927838420529
16,010,0001,0690,1601000010690,19,1.3010299956639813
16,010,0001,0703,1601000010703,0,0.0
16,010,0001,0718,1601000010718,22,1.3617278360175928
16,010,0001,0722,1601000010722,102,2.012837224705172
16,010,0001,0741,1601000010741,32,1.5185139398778875
16,010,0001,0756,1601000010756,0,0.0
16,010,0247,0652,1601002470652,717,2.8561244442423
16,010,0247,0667,1601002470667,625,2.7965743332104296
16,010,0247,0671,1601002470671,763,2.8830933585756897
16,011,0001,0024,1601100010024,2619,3.4183012913197452
16,011,0001,0039,1601100010039,0,0.0
16,011,0001,0043,1601100010043,300,2.4785664955938436
16,011,0001,0058,1601100010058,1419,3.1522883443830563
16,011,0004,0062,1601100040062,4074,3.6101276130759956
16,011,0004,0077,1601100040077,23,1.380211241711606
16,011,0004,0081,1601100040081,8,0.9542425094393249
16,012,0001,0182,1601200010182,2363,3.3736474722092176
16,012,0001,0197,1601200010197,2242,3.350829273582968
16,012,0001,0229,1601200010229,1471,3.16790781000148
16,012,0001,0233,1601200010233,280,2.44870631990508
16,012,0001,0248,1601200010248,132,2.123851640967086
16,012,0001,0303,1601200010303,1082,3.0346284566253203
16,012,0001,0356,1601200010356,1188,3.0751818546186915
16,012,0001,0360,1601200010360,1882,3.274850320016665
16,012,0001,0394,1601200010394,342,2.5352941200427703
16,012,0001,0407,1601200010407,55,1.7481880270062005
16,012,0001,0445,1601200010445,640,2.8068580295188172
16,012,0001,0483,1601200010483,12,1.1139433523068367
16,012,0001,0498,1601200010498,12,1.1139433523068367
16,012,0001,0500,1601200010500,320,2.506505032404872
16,012,0001,0515,1601200010515,26,1.4313637641589874
16,012,0001,0568,1601200010568,0,0.0
16,012,0001,0572,1601200010572,68,1.8388490907372552
16,012,0001,0587,1601200010587,86,1.9395192526186185
16,012,0001,0604,1601200010604,61,1.792391689498254
16,012,0013,0534,1601200130534,839,2.9242792860618816
16,012,0013,0549,1601200130549,1034,3.0149403497929366
16,012,0013,0553,1601200130553,1399,3.146128035678238
16,012,0013,0591,1601200130591,215,2.3344537511509307
16,012,0015,0144,1601200150144,2065,3.315130317183602
16,012,0015,0159,1601200150159,1672,3.2234959409623944
16,012,0015,0163,1601200150163,1845,3.266231696689893
16,012,0015,0252,1601200150252,590,2.7715874808812555
16,012,0015,0267,1601200150267,929,2.9684829485539352
16,012,0015,0271,1601200150271,551,2.741939077729199
16,012,0015,0286,1601200150286,501,2.7007037171450192
16,012,0015,0290,1601200150290,565,2.7528164311882715
16,012,0015,0411,1601200150411,411,2.6148972160331345
16,012,0015,0426,1601200150426,305,2.48572142648158
16,012,0015,0430,1601200150430,78,1.8976270912904414
16,012,0015,0464,1601200150464,661,2.8208579894397
16,012,0015,0479,1601200150479,74,1.8750612633917
16,012,0094,020A,160120094020A,201,2.305351369446624
16,012,0094,0214,1601200940214,377,2.5774917998372255
16,012,0094,0318,1601200940318,1120,3.049605612594973
16,012,0094,0375,1601200940375,1391,3.1436392352745433
16,012,0094,038A,160120094038A,1287,3.1099158630237933
16,012,0094,045A,160120094045A,18,1.2787536009528289
16,012,0094,052A,160120094052A,110,2.0453229787866576
16,013,0001,0137,1601300010137,906,2.957607287060095
16,013,0001,0141,1601300010141,1569,3.1958996524092336
16,013,0001,0156,1601300010156,797,2.9020028913507296
16,013,0001,0160,1601300010160,193,2.287801729930226
16,013,0001,0175,1601300010175,431,2.635483746814912
16,013,0001,0211,1601300010211,66,1.8260748027008264
16,013,0001,0226,1601300010226,105,2.0253058652647704
16,013,0001,0230,1601300010230,74,1.8750612633917
16,013,0001,0245,1601300010245,8,0.9542425094393249
16,014,0001,0079,1601400010079,1688,3.227629649571009
16,014,0001,0083,1601400010083,1462,3.1652443261253107
16,014,0001,0115,1601400010115,671,2.8273692730538253
16,014,0001,0149,1601400010149,1390,3.143327129992046
16,014,0001,0153,1601400010153,22,1.3617278360175928
16,014,0001,0168,1601400010168,577,2.761927838420529
16,014,0001,0187,1601400010187,76,1.8864907251724818
16,014,0016,0191,1601400160191,1688,3.227629649571009
16,014,0016,0204,1601400160204,1172,3.0692980121155293
16,014,0051,0098,1601400510098,579,2.7634279935629373
16,014,0051,0100,1601400510100,909,2.9590413923210934
16,014,0051,012A,160140051012A,867,2.938519725176492
16,014,0051,0134,1601400510134,923,2.9656719712201065
16,015,0001,0095,1601500010095,15,1.2041199826559248
16,015,0001,0199,1601500010199,4,0.6989700043360189
16,015,0001,0362,1601500010362,1632,3.212986184736668
16,015,0001,0381,1601500010381,488,2.6893088591236203
16,015,0001,0396,1601500010396,938,2.972665592266111
16,015,0001,0413,1601500010413,793,2.8998205024270964
16,015,0001,0432,1601500010432,1830,3.2626883443016963
16,015,0001,0466,1601500010466,2012,3.3038437748886547
16,015,0001,0470,1601500010470,73,1.8692317197309762
16,015,0001,0485,1601500010485,1806,3.256958152560932
16,015,0001,049A,160150001049A,243,2.387389826338729
16,015,0001,0502,1601500010502,472,2.6748611407378116
16,015,0001,0517,1601500010517,978,2.9907826918031377
16,015,0001,0521,1601500010521,1602,3.204933522354145
16,015,0001,0536,1601500010536,100,2.0043213737826426
16,015,0001,0540,1601500010540,123,2.093421685162235
16,015,0001,0555,1601500010555,270,2.432969290874406
16,015,0001,056A,160150001056A,5,0.7781512503836436
16,015,0001,0574,1601500010574,5,0.7781512503836436
16,015,0001,0589,1601500010589,417,2.621176281775035
16,016,0001,004A,160160001004A,1485,3.1720188094245563
16,016,0001,0088,1601600010088,677,2.8312296938670634
16,016,0001,0092,1601600010092,421,2.625312450961674
16,016,0001,0105,1601600010105,122,2.089905111439398
16,016,0001,011A,160160001011A,904,2.9566485792052033
16,016,0001,0181,1601600010181,65,1.8195439355418688
16,016,0001,0196,1601600010196,21,1.3424226808222062
16,016,0001,0209,1601600010209,42,1.6334684555795864
16,016,0001,0213,1601600010213,29,1.4771212547196624
16,016,0001,0228,1601600010228,10,1.0413926851582251
16,016,0034,0232,1601600340232,1950,3.2902572693945182
16,016,0034,0247,1601600340247,867,2.938519725176492
16,017,0001,0047,1601700010047,2033,3.308350948586726
16,017,0001,0070,1601700010070,965,2.9849771264154934
16,017,0001,0085,1601700010085,310,2.4927603890268375
16,017,0001,009A,160170001009A,598,2.7774268223893115
16,017,0001,0102,1601700010102,265,2.424881636631067
16,017,0001,0117,1601700010117,338,2.530199698203082
16,017,0001,0140,1601700010140,11,1.0791812460476249
16,017,0006,0051,1601700060051,2559,3.4082399653118496
16,018,0001,0025,1601800010025,1993,3.2997251539756367
16,018,0001,0044,1601800010044,373,2.5728716022004803
16,018,0001,0059,1601800010059,355,2.5514499979728753
16,018,0001,0082,1601800010082,242,2.385606273598312
16,018,0001,0097,1601800010097,64,1.8129133566428555
16,018,0001,010A,160180001010A,120,2.0827853703164503
16,018,0001,0114,1601800010114,18,1.2787536009528289
16,019,0001,0060,1601900010060,2645,3.422589839851482
16,019,0001,0075,1601900010075,2709,3.432969290874406
16,019,0001,008A,160190001008A,183,2.2648178230095364
16,019,0001,0094,1601900010094,2036,3.3089910290001643
16,019,0001,0107,1601900010107,1870,3.27207378750001
16,019,0001,0111,1601900010111,1548,3.190051417759206
16,019,0001,0126,1601900010126,2505,3.398981066658131
16,019,0001,0130,1601900010130,75,1.8808135922807914
16,019,0001,0145,1601900010145,98,1.99563519459755
16,019,0001,015A,160190001015A,1,0.3010299956639812
16,019,0001,0164,1601900010164,12,1.1139433523068367
16,019,0001,0179,1601900010179,92,1.968482948553935
16,019,0001,0183,1601900010183,300,2.4785664955938436
16,020,0001,0095,1602000010095,3617,3.558468562523795
16,020,0001,0108,1602000010108,2906,3.4634450317704277
16,020,0001,0112,1602000010112,2320,3.3656751404559175
16,020,0001,0127,1602000010127,612,2.787460474518415
16,020,0001,0131,1602000010131,366,2.5646660642520893
16,020,0001,0146,1602000010146,1015,3.0068937079479006
16,020,0001,0184,1602000010184,96,1.9867717342662448
16,020,0001,0216,1602000010216,6,0.8450980400142568
16,020,0001,0220,1602000010220,11,1.0791812460476249
16,020,0001,0235,1602000010235,0,0.0
16,020,0001,024A,160200001024A,34,1.5440680443502757
16,020,0001,0254,1602000010254,0,0.0
16,020,0001,0269,1602000010269,0,0.0
16,020,0002,0061,1602000020061,2709,3.432969290874406
16,020,0011,0150,1602000110150,4566,3.6596310116070008
16,020,0016,0076,1602000160076,3986,3.6006462356623943
16,020,0016,0165,1602000160165,10,1.0413926851582251
16,020,0016,017A,160200016017A,23,1.380211241711606
16,020,0016,0199,1602000160199,21,1.3424226808222062
16,020,0016,0201,1602000160201,22,1.3617278360175928
16,020,0016,0273,1602000160273,0,0.0
16,020,0016,0288,1602000160288,0,0.0
16,021,0001,0105,1602100010105,413,2.617000341120899
16,021,0001,011A,160210001011A,765,2.884228769632604
16,021,0001,0124,1602100010124,534,2.7283537820212285
16,021,0001,0209,1602100010209,1096,3.0402066275747113
16,021,0001,0213,1602100010213,1562,3.193958978019187
16,021,0001,0228,1602100010228,39,1.6020599913279623
16,021,0002,0232,1602100020232,3085,3.4893959217271293
16,021,0002,0251,1602100020251,6,0.8450980400142568
16,021,0002,0266,1602100020266,90,1.9590413923210936
16,021,0002,0270,1602100020270,32,1.5185139398778875
16,021,0004,0020,1602100040020,2850,3.45499721730946
16,021,0004,0073,1602100040073,532,2.7267272090265724
16,021,0004,0088,1602100040088,203,2.3096301674258988
16,021,0004,0092,1602100040092,259,2.4149733479708178
16,021,0004,0247,1602100040247,28,1.462397997898956
16,021,0004,0285,1602100040285,0,0.0
16,022,0001,0028,1602200010028,2020,3.305566313515304
16,022,0001,0066,1602200010066,1257,3.09968064110925
16,022,0001,0070,1602200010070,762,2.8825245379548803
16,022,0001,0085,1602200010085,1078,3.0330214446829107
16,022,0001,0102,1602200010102,127,2.1072099696478683
16,022,0001,0117,1602200010117,132,2.123851640967086
16,022,0001,0121,1602200010121,159,2.2041199826559246
16,022,0001,0155,1602200010155,131,2.12057393120585
16,022,0001,016A,160220001016A,7,0.9030899869919435
16,022,0001,0210,1602200010210,14,1.1760912590556813
16,022,0001,0225,1602200010225,30,1.4913616938342726
16,022,0001,023A,160220001023A,29,1.4771212547196624
16,022,0001,0259,1602200010259,10,1.0413926851582251
16,022,0001,0263,1602200010263,51,1.7160033436347992
16,022,0019,0136,1602200190136,786,2.8959747323590648
16,022,0019,0140,1602200190140,1002,3.0013009330204183
16,022,0019,0174,1602200190174,182,2.2624510897304293
16,022,0019,0189,1602200190189,20,1.3222192947339193
16,022,0019,0193,1602200190193,80,1.9084850188786497
16,022,0019,0206,1602200190206,12,1.1139433523068367
16,022,0019,0244,1602200190244,7,0.9030899869919435
16,022,0090,0013,1602200900013,2867,3.4575791469957626
16,023,0001,0059,1602300010059,49,1.6989700043360187
16,023,0001,0063,1602300010063,618,2.791690649020118
16,023,0001,0078,1602300010078,613,2.788168371141168
16,023,0001,0082,1602300010082,305,2.48572142648158
16,023,0001,0097,1602300010097,929,2.9684829485539352
16,023,0001,0129,1602300010129,890,2.949877704036875
16,023,0001,0133,1602300010133,886,2.9479236198317262
16,023,0001,0148,1602300010148,1021,3.009450895798694
16,023,0001,0152,1602300010152,1285,3.109240968588203
16,024,0001,0056,1602400010056,3407,3.5324995860946626
16,024,0001,0060,1602400010060,2844,3.45408227073109
16,024,0001,0075,1602400010075,3265,3.5140161804006493
16,024,0001,008A,160240001008A,2118,3.3261309567107946
16,024,0001,0094,1602400010094,3541,3.549248556854056
16,024,0001,0164,1602400010164,574,2.7596678446896306
16,024,0001,0179,1602400010179,314,2.4983105537896004
16,024,0001,0183,1602400010183,67,1.8325089127062364
16,024,0001,0198,1602400010198,252,2.403120521175818
16,024,0001,0200,1602400010200,51,1.7160033436347992
16,024,0001,022A,160240001022A,18,1.2787536009528289
16,024,0001,0234,1602400010234,371,2.5705429398818973
16,024,0001,0249,1602400010249,0,0.0
16,024,0001,0253,1602400010253,0,0.0
16,024,0001,0268,1602400010268,0,0.0
16,024,0001,0304,1602400010304,19,1.3010299956639813
16,024,0004,0037,1602400040037,1984,3.297760511099134
16,024,0004,0107,1602400040107,236,2.374748346010104
16,024,0004,0111,1602400040111,274,2.439332693830263
16,024,0004,0126,1602400040126,522,2.718501688867274
16,024,0004,0215,1602400040215,24,1.3979400086720377
16,024,0004,0287,1602400040287,27,1.4471580313422192
16,024,0004,0291,1602400040291,4,0.6989700043360189
16,025,0001,0087,1602500010087,1949,3.290034611362518
16,025,0001,0091,1602500010091,1995,3.3001605369513523
16,025,0001,0104,1602500010104,1237,3.0927206446840994
16,025,0001,0138,1602500010138,2972,3.473194909204938
16,025,0001,0208,1602500010208,27,1.4471580313422192
16,025,0001,027A,160250001027A,100,2.0043213737826426
16,025,0002,002A,160250002002A,1061,3.0261245167454502
16,025,0002,0231,1602500020231,1820,3.26030994579492
16,025,0003,0180,1602500030180,3455,3.5385737338068557
16,025,0003,0195,1602500030195,3407,3.5324995860946626
16,025,0003,0299,1602500030299,5,0.7781512503836436
16,025,0003,0301,1602500030301,0,0.0
16,025,0005,0227,1602500050227,4003,3.602494068807281
16,025,0005,0250,1602500050250,223,2.3502480183341627
16,025,0005,0265,1602500050265,0,0.0
16,025,0005,0284,1602500050284,148,2.173186268412274
16,025,0005,0316,1602500050316,29,1.4771212547196624
16,025,0005,0320,1602500050320,0,0.0
16,025,0007,0072,1602500070072,3953,3.5970366649776535
16,025,0007,0212,1602500070212,295,2.4712917110589387
16,025,0007,0335,1602500070335,26,1.4313637641589874
16,025,0017,0034,1602500170034,3107,3.4924810101288766
16,026,0001,0116,1602600010116,622,2.7944880466591697
16,026,0001,0135,1602600010135,23,1.380211241711606
16,026,0001,014A,160260001014A,195,2.292256071356476
16,026,0001,0154,1602600010154,129,2.113943352306837
16,026,0001,0169,1602600010169,99,2.0
16,027,0001,0043,1602700010043,678,2.8318697742805017
16,027,0001,0058,1602700010058,330,2.519827993775719
16,027,0001,0062,1602700010062,214,2.3324384599156054
16,027,0001,0077,1602700010077,130,2.1172712956557644
16,027,0001,0109,1602700010109,41,1.6232492903979006
16,027,0001,0113,1602700010113,8,0.9542425094393249
16,028,0001,0040,1602800010040,1415,3.15106325335375
16,028,0001,0055,1602800010055,240,2.3820170425748683
16,028,0001,006A,160280001006A,428,2.6324572921847245
16,028,0001,0074,1602800010074,23,1.380211241711606
16,028,0001,0089,1602800010089,157,2.1986570869544226
16,028,0001,0093,1602800010093,220,2.3443922736851106
16,028,0001,0106,1602800010106,45,1.662757831681574
16,028,0001,0110,1602800010110,20,1.3222192947339193
16,028,0001,0125,1602800010125,32,1.5185139398778875
16,029,0001,0090,1602900010090,1468,3.1670217957902564
16,029,0001,0141,1602900010141,1620,3.209783014848515
16,029,0001,0156,1602900010156,218,2.3404441148401185
16,029,0001,0160,1602900010160,254,2.406540180433955
16,029,0001,0175,1602900010175,539,2.7323937598229686
16,029,0001,018A,160290001018A,198,2.298853076409707
16,029,0001,0194,1602900010194,0,0.0
16,029,0001,0207,1602900010207,110,2.0453229787866576
16,030,0001,0091,1603000010091,478,2.680335513414563
16,030,0001,0104,1603000010104,87,1.9444826721501687
16,030,0001,0119,1603000010119,440,2.6444385894678386
16,030,0001,0123,1603000010123,142,2.155336037465062
16,030,0001,0161,1603000010161,1422,3.153204900084284
16,030,0001,0176,1603000010176,1390,3.143327129992046
16,030,0001,0180,1603000010180,174,2.2430380486862944
16,030,0001,0195,1603000010195,0,0.0
16,030,0001,0208,1603000010208,214,2.3324384599156054
16,030,0001,0212,1603000010212,11,1.0791812460476249
16,030,0018,0087,1603000180087,2034,3.3085644135612386
16,031,0001,0065,1603100010065,746,2.873320601815399
16,031,0001,007A,160310001007A,416,2.6201360549737576
16,031,0001,0084,1603100010084,86,1.9395192526186185
16,031,0001,0099,1603100010099,156,2.1958996524092336
16,031,0001,0116,1603100010116,66,1.8260748027008264
16,031,0001,0120,1603100010120,17,1.255272505103306
16,032,0001,0043,1603200010043,1643,3.215901813204032
16,032,0001,0058,1603200010058,803,2.905256048748451
16,032,0001,0062,1603200010062,209,2.322219294733919
16,032,0001,0113,1603200010113,66,1.8260748027008264
16,032,0004,0039,1603200040039,3363,3.5268559871258747
16,033,0001,0089,1603300010089,1721,3.236033147117636
16,033,0001,0093,1603300010093,1005,3.0025979807199086
16,033,0001,0106,1603300010106,1420,3.15259407792747
16,033,0001,0110,1603300010110,1377,3.139249217571607
16,033,0001,0125,1603300010125,1436,3.157456768134226
16,033,0001,013A,160330001013A,1016,3.0073209529227447
16,033,0001,0144,1603300010144,526,2.7218106152125467
16,033,0001,0159,1603300010159,903,2.9561684304753633
16,033,0001,0163,1603300010163,1580,3.198931869932209
16,033,0001,0178,1603300010178,496,2.696356388733332
16,033,0001,0182,1603300010182,700,2.8457180179666586
16,033,0001,020A,160330001020A,24,1.3979400086720377
16,033,0001,0214,1603300010214,105,2.0253058652647704
16,034,0001,0160,1603400010160,4526,3.655810494495252
16,034,0001,0175,1603400010175,3939,3.595496221825574
16,034,0001,018A,160340001018A,2718,3.4344092075875
16,034,0001,0194,1603400010194,2971,3.4730488050885375
16,034,0001,0207,1603400010207,3197,3.504878459410216
16,034,0001,0211,1603400010211,2843,3.4539295920577286
16,034,0001,0226,1603400010226,1887,3.27600198996205
16,034,0001,0230,1603400010230,2589,3.413299764081252
16,034,0001,025A,160340001025A,4948,3.694517453811156
16,034,0001,0264,1603400010264,2849,3.45484486000851
16,034,0001,0283,1603400010283,1944,3.2889196056617265
16,034,0001,0298,1603400010298,2162,3.3350565194390915
16,034,0001,0300,1603400010300,4565,3.6595359071542166
16,034,0001,0315,1603400010315,2142,3.3310221710418286
16,034,0001,032A,160340001032A,933,2.9703468762300935
16,034,0001,0334,1603400010334,2558,3.4080702858871854
16,034,0001,0349,1603400010349,2188,3.3402457615679317
16,034,0001,0353,1603400010353,61,1.792391689498254
16,034,0001,0368,1603400010368,983,2.9929950984313414
16,034,0001,0372,1603400010372,1969,3.294466226161593
16,034,0001,0438,1603400010438,3375,3.5284024379536176
16,034,0001,0442,1603400010442,1731,3.2385478876813276
16,034,0001,0457,1603400010457,106,2.0293837776852097
16,034,0001,0461,1603400010461,670,2.826722520168992
16,034,0001,0476,1603400010476,396,2.598790506763115
16,034,0001,0480,1603400010480,154,2.1903316981702914
16,034,0001,0495,1603400010495,722,2.859138297294531
16,034,0001,0527,1603400010527,69,1.845098040014257
16,034,0001,0531,1603400010531,139,2.146128035678238
16,034,0001,0599,1603400010599,939,2.9731278535996988
16,034,0001,0601,1603400010601,1375,3.1386184338994925
16,034,0001,0616,1603400010616,320,2.506505032404872
16,034,0001,0654,1603400010654,317,2.5024271199844326
16,034,0001,0669,1603400010669,226,2.3560258571931225
16,034,0001,0673,1603400010673,74,1.8750612633917
16,034,0001,0781,1603400010781,136,2.1367205671564067
16,034,0001,0796,1603400010796,101,2.0086001717619175
16,034,0001,0809,1603400010809,80,1.9084850188786497
16,034,0001,0813,1603400010813,814,2.9111576087399764
16,034,0001,0828,1603400010828,260,2.416640507338281
16,034,0001,0832,1603400010832,5,0.7781512503836436
16,034,0001,0866,1603400010866,20,1.3222192947339193
16,034,0001,0885,1603400010885,375,2.575187844927661
16,034,0001,0917,1603400010917,52,1.724275869600789
16,034,0001,0921,1603400010921,21,1.3424226808222062
16,034,0001,0974,1603400010974,301,2.4800069429571505
16,034,0001,0989,1603400010989,77,1.8920946026904804
16,034,0001,0993,1603400010993,226,2.3560258571931225
16,034,0001,1008,1603400011008,86,1.9395192526186185
16,034,0001,1012,1603400011012,74,1.8750612633917
16,034,0001,1027,1603400011027,105,2.0253058652647704
16,034,0001,1031,1603400011031,434,2.6384892569546374
16,034,0001,1046,1603400011046,1950,3.2902572693945182
16,034,0001,1050,1603400011050,1359,3.1335389083702174
16,034,0001,1065,1603400011065,1460,3.1646502159342966
16,034,0001,107A,160340001107A,960,2.9827233876685453
16,034,0001,1084,1603400011084,47,1.6812412373755872
16,034,0003,0512,1603400030512,1722,3.2362852774480286
16,034,0003,0546,1603400030546,74,1.8750612633917
16,034,0003,064A,160340003064A,2249,3.3521825181113627
16,034,0003,0847,1603400030847,63,1.806179973983887
16,034,0003,089A,160340003089A,111,2.0492180226701815
16,034,0003,0902,1603400030902,139,2.146128035678238
16,034,0003,0936,1603400030936,33,1.5314789170422551
16,034,0041,057A,160340041057A,2949,3.469822015978163
16,034,0041,0584,1603400410584,3010,3.4787107555127594
16,034,0041,0940,1603400410940,32,1.5185139398778875
16,034,0041,0955,1603400410955,58,1.7708520116421442
16,034,0122,0550,1603401220550,1197,3.0784568180532927
16,034,0122,0565,1603401220565,1216,3.085290578230065
16,034,0122,096A,160340122096A,48,1.6901960800285136
16,034,0130,0391,1603401300391,2175,3.3376588910261424
16,034,0130,0404,1603401300404,2428,3.3854275148051305
16,034,0130,0620,1603401300620,43,1.6434526764861874
16,034,0130,0635,1603401300635,510,2.708420900134713
16,034,0130,0851,1603401300851,8,0.9542425094393249
16,035,0001,0308,1603500010308,1417,3.151676230847048
16,035,0001,0327,1603500010327,364,2.5622928644564746
16,035,0001,0420,1603500010420,1522,3.1826999033360424
16,035,0001,0435,1603500010435,1761,3.246005904076029
16,035,0001,044A,160350001044A,1625,3.2111205412580492
16,035,0001,0454,1603500010454,1011,3.0051805125037805
16,035,0001,0469,1603500010469,1318,3.1202447955463652
16,035,0001,0492,1603500010492,607,2.783903579272735
16,035,0001,051A,160350001051A,13,1.146128035678238
16,035,0001,0524,1603500010524,0,0.0
16,035,0001,0543,1603500010543,5,0.7781512503836436
16,035,0113,0242,1603501130242,1195,3.077731179652392
16,035,0113,0261,1603501130261,566,2.7535830588929064
16,035,0113,0276,1603501130276,67,1.8325089127062364
16,035,0113,0280,1603501130280,257,2.41161970596323
16,035,0113,0295,1603501130295,120,2.0827853703164503
16,035,0113,0473,1603501130473,546,2.737987326333431
16,035,0113,0488,1603501130488,421,2.625312450961674
16,035,0113,0505,1603501130505,3,0.6020599913279624
16,035,0113,0539,1603501130539,2,0.47712125471966244
16,036,0001,0023,1603600010023,1793,3.2538224387080734
16,036,0001,0042,1603600010042,776,2.890421018800914
16,036,0001,0057,1603600010057,527,2.722633922533812
16,036,0001,0061,1603600010061,161,2.2095150145426308
16,036,0001,0076,1603600010076,1467,3.166726055580052
16,036,0001,0080,1603600010080,1485,3.1720188094245563
16,036,0001,0095,1603600010095,444,2.6483600109809315
16,036,0001,0108,1603600010108,0,0.0
16,036,0001,0112,1603600010112,0,0.0
16,036,0001,0127,1603600010127,8,0.9542425094393249
16,036,0001,0131,1603600010131,28,1.462397997898956
16,037,0001,0035,1603700010035,1018,3.0081741840064264
16,037,0001,0069,1603700010069,468,2.6711728427150834
16,037,0001,0073,1603700010073,295,2.4712917110589387
16,037,0001,0088,1603700010088,796,2.9014583213961123
16,037,0001,0092,1603700010092,18,1.2787536009528289
16,038,0001,0297,1603800010297,9,1.0
16,038,0001,0329,1603800010329,886,2.9479236198317262
16,038,0001,0333,1603800010333,1616,3.208710019906401
16,038,0001,0367,1603800010367,751,2.876217840591642
16,038,0001,0371,1603800010371,1109,3.0453229787866576
16,038,0001,0437,1603800010437,1488,3.1728946977521764
16,038,0001,0441,1603800010441,1486,3.172310968521954
16,038,0001,0456,1603800010456,813,2.910624404889201
16,038,0001,0460,1603800010460,910,2.9595183769729982
16,038,0001,0475,1603800010475,1349,3.130333768495006
16,038,0001,048A,160380001048A,563,2.751279103983342
16,038,0001,0494,1603800010494,609,2.785329835010767
16,038,0001,0507,1603800010507,29,1.4771212547196624
16,038,0001,0511,1603800010511,17,1.255272505103306
16,038,0001,0526,1603800010526,798,2.902546779313991
16,038,0001,0530,1603800010530,1096,3.0402066275747113
16,038,0001,0545,1603800010545,956,2.9809119377768436
16,038,0001,055A,160380001055A,1136,3.0557604646877348
16,038,0001,0564,1603800010564,239,2.380211241711606
16,038,0001,0579,1603800010579,639,2.806179973983887
16,038,0001,0583,1603800010583,1164,3.0663259253620376
16,038,0001,0598,1603800010598,660,2.82020145948564
16,038,0001,0600,1603800010600,417,2.621176281775035
16,038,0001,0615,1603800010615,607,2.783903579272735
16,038,0001,062A,160380001062A,715,2.8549130223078554
16,038,0001,0634,1603800010634,486,2.6875289612146345
16,038,0001,0649,1603800010649,1159,3.0644579892269186
16,038,0001,0653,1603800010653,705,2.8488047010518036
16,038,0001,0668,1603800010668,707,2.850033257689769
16,038,0001,0672,1603800010672,501,2.7007037171450192
16,038,0001,0687,1603800010687,17,1.255272505103306
16,038,0001,0691,1603800010691,7,0.9030899869919435
16,038,0001,0704,1603800010704,14,1.1760912590556813
16,038,0001,0719,1603800010719,12,1.1139433523068367
16,038,0001,0723,1603800010723,52,1.724275869600789
16,038,0001,0738,1603800010738,38,1.591064607026499
16,038,0001,0742,1603800010742,22,1.3617278360175928
16,038,0001,0757,1603800010757,0,0.0
16,038,0001,0761,1603800010761,54,1.7403626894942439
16,039,0001,0025,1603900010025,1793,3.2538224387080734
16,039,0001,003A,160390001003A,827,2.9180303367848803
16,039,0001,0044,1603900010044,543,2.73559889969818
16,039,0001,0059,1603900010059,41,1.6232492903979006
16,039,0001,0063,1603900010063,23,1.380211241711606
16,039,0001,0078,1603900010078,24,1.3979400086720377
16,040,0001,0045,1604000010045,1056,3.024074987307426
16,040,0001,005A,160400001005A,137,2.1398790864012365
16,040,0001,0064,1604000010064,603,2.7810369386211318
16,040,0001,0079,1604000010079,248,2.3961993470957363
16,040,0001,0083,1604000010083,124,2.0969100130080562
16,040,0001,0100,1604000010100,29,1.4771212547196624
16,040,0001,0115,1604000010115,102,2.012837224705172
16,040,0001,0134,1604000010134,1972,3.295127085252191
16,040,0001,0149,1604000010149,2957,3.4709981696608736
16,040,0018,0098,1604000180098,3871,3.587935348636356
16,041,0001,0038,1604100010038,1584,3.2000292665537704
16,041,0001,0042,1604100010042,643,2.808885867359812
16,041,0001,0057,1604100010057,275,2.4409090820652177
16,041,0001,0061,1604100010061,567,2.754348335711019
16,041,0001,0080,1604100010080,132,2.123851640967086
16,041,0001,0095,1604100010095,87,1.9444826721501687
16,041,0001,0108,1604100010108,264,2.423245873936808
16,041,0031,0076,1604100310076,2642,3.4220971631317103
16,042,0001,0020,1604200010020,1961,3.29269900304393
16,042,0001,0054,1604200010054,1298,3.1136091510730277
16,042,0001,0069,1604200010069,684,2.8356905714924254
16,042,0001,0073,1604200010073,427,2.6314437690131722
16,042,0001,0088,1604200010088,103,2.0170333392987803
16,042,0001,0105,1604200010105,0,0.0
16,042,0001,011A,160420001011A,559,2.7481880270062002
16,042,0001,0124,1604200010124,59,1.7781512503836436
16,043,0001,0047,1604300010047,3087,3.4896772916636984
16,043,0001,0051,1604300010051,1859,3.2695129442179165
16,043,0001,0066,1604300010066,2775,3.4434194617828173
16,043,0001,0070,1604300010070,3273,3.5150786750759226
16,043,0001,0102,1604300010102,1324,3.1222158782728267
16,043,0001,0117,1604300010117,1607,3.2062860444124324
16,043,0001,0121,1604300010121,2222,3.3469394626989906
16,043,0001,0136,1604300010136,2892,3.461348433647983
16,043,0001,0155,1604300010155,3307,3.519565500880509
16,043,0001,016A,160430001016A,2441,3.3877456596088638
16,043,0001,0174,1604300010174,1172,3.0692980121155293
16,043,0001,0189,1604300010189,1228,3.089551882886454
16,043,0001,0225,1604300010225,1512,3.179838928023187
16,043,0001,023A,160430001023A,4023,3.604657972047871
16,043,0001,0259,1604300010259,3216,3.50745106090197
16,043,0001,0263,1604300010263,2371,3.375114684692225
16,043,0001,0278,1604300010278,4315,3.635081436010873
16,043,0001,0282,1604300010282,2618,3.418135498425232
16,043,0001,030A,160430001030A,49,1.6989700043360187
16,043,0001,0314,1604300010314,452,2.656098202012832
16,043,0001,0329,1604300010329,542,2.734799829588847
16,043,0001,0348,1604300010348,1406,3.1482940974347455
16,043,0001,0352,1604300010352,1748,3.2427898094786767
16,043,0001,0367,1604300010367,2202,3.343014497150768
16,043,0001,0371,1604300010371,2227,3.3479151865016914
16,043,0001,0386,1604300010386,3389,3.530199698203082
16,043,0001,0390,1604300010390,235,2.3729120029701067
16,043,0001,0403,1604300010403,909,2.9590413923210934
16,043,0001,0437,1604300010437,40,1.6127838567197355
16,043,0001,0441,1604300010441,175,2.24551266781415
16,043,0001,0456,1604300010456,381,2.582063362911709
16,043,0001,0460,1604300010460,2135,3.3296012483565187
16,043,0001,0475,1604300010475,32,1.5185139398778875
16,043,0001,0494,1604300010494,0,0.0
16,043,0001,0507,1604300010507,4,0.6989700043360189
16,043,0001,0511,1604300010511,287,2.459392487759231
16,043,0001,0526,1604300010526,55,1.7481880270062005
16,043,0004,0032,1604300040032,1842,3.2655253352190736
16,043,0004,0193,1604300040193,550,2.741151598851785
16,043,0004,0206,1604300040206,520,2.7168377232995247
16,043,0004,0210,1604300040210,90,1.9590413923210936
16,044,0001,0078,1604400010078,475,2.677606952720493
16,044,0001,0082,1604400010082,32,1.5185139398778875
16,044,0001,0097,1604400010097,360,2.5575072019056577
16,044,0001,010A,160440001010A,70,1.8512583487190752
16,044,0001,0114,1604400010114,218,2.3404441148401185
16,044,0001,0148,1604400010148,1449,3.161368002234975
16,044,0001,0152,1604400010152,1171,3.068927611682072
16,044,0001,0167,1604400010167,169,2.230448921378274
16,044,0001,0171,1604400010171,24,1.3979400086720377
16,044,0001,0186,1604400010186,6,0.8450980400142568
16,045,0001,0056,1604500010056,1950,3.2902572693945182
16,045,0001,0060,1604500010060,3620,3.5588285248170117
16,045,0001,0075,1604500010075,3556,3.55108386518578
16,045,0001,008A,160450001008A,1989,3.298853076409707
16,045,0001,0107,1604500010107,1351,3.130976691605617
16,045,0001,0111,1604500010111,2068,3.3157604906657347
16,045,0001,0126,1604500010126,528,2.7234556720351857
16,045,0001,0130,1604500010130,145,2.164352855784437
16,045,0001,0145,1604500010145,1042,3.018284308426531
16,045,0001,015A,160450001015A,609,2.785329835010767
16,045,0001,0164,1604500010164,453,2.6570558528571038
16,045,0001,0179,1604500010179,1002,3.0013009330204183
16,045,0001,0183,1604500010183,296,2.4727564493172123
16,045,0001,0198,1604500010198,0,0.0
16,045,0001,0234,1604500010234,608,2.784617292632875
16,045,0001,0249,1604500010249,152,2.184691430817599
16,045,0001,0272,1604500010272,1733,3.2390490931401916
16,045,0001,0304,1604500010304,201,2.305351369446624
16,045,0001,0323,1604500010323,602,2.780317312140151
16,045,0001,0338,1604500010338,5,0.7781512503836436
16,045,0001,0376,1604500010376,26,1.4313637641589874
16,045,0001,0380,1604500010380,204,2.311753861055754
16,045,0001,0395,1604500010395,821,2.9148718175400505
16,045,0001,0408,1604500010408,1579,3.1986570869544226
16,045,0001,0412,1604500010412,46,1.6720978579357175
16,045,0001,0431,1604500010431,3,0.6020599913279624
16,045,0001,0446,1604500010446,9,1.0
16,045,0001,047A,160450001047A,64,1.8129133566428555
16,045,0019,0041,1604500190041,1745,3.2420442393695508
16,045,0019,0342,1604500190342,43,1.6434526764861874
16,045,0019,0357,1604500190357,122,2.089905111439398
16,045,0019,0450,1604500190450,123,2.093421685162235
16,045,0023,0427,1604500230427,1803,3.256236533205923
16,045,0023,0465,1604500230465,2,0.47712125471966244
16,046,0001,0034,1604600010034,797,2.9020028913507296
16,046,0001,0049,1604600010049,1064,3.0273496077747564
16,046,0001,0053,1604600010053,721,2.858537197569639
16,046,0001,0068,1604600010068,488,2.6893088591236203
16,046,0001,0072,1604600010072,727,2.862131379313037
16,046,0001,0087,1604600010087,24,1.3979400086720377
16,046,0001,0091,1604600010091,5,0.7781512503836436
16,046,0001,0104,1604600010104,81,1.9138138523837167
16,046,0014,0119,1604600140119,1077,3.03261876085072
16,046,0014,0123,1604600140123,1582,3.199480914862356
16,047,0001,0031,1604700010031,2150,3.3326404103874627
16,047,0001,0050,1604700010050,839,2.9242792860618816
16,047,0001,0065,1604700010065,976,2.989894563718773
16,047,0001,007A,160470001007A,771,2.887617300335736
16,047,0001,0084,1604700010084,248,2.3961993470957363
16,047,0001,0099,1604700010099,27,1.4471580313422192
16,048,0001,0039,1604800010039,568,2.7551122663950713
16,048,0001,0043,1604800010043,65,1.8195439355418688
16,048,0001,0058,1604800010058,16,1.2304489213782739
16,048,0001,0062,1604800010062,12,1.1139433523068367
16,048,0001,0077,1604800010077,565,2.7528164311882715
16,048,0001,0081,1604800010081,1422,3.153204900084284
16,048,0001,0096,1604800010096,1,0.3010299956639812
16,048,0001,0109,1604800010109,12,1.1139433523068367
16,048,0001,0113,1604800010113,0,0.0
16,048,0001,0128,1604800010128,3,0.6020599913279624
16,049,0001,0125,1604900010125,3772,3.5766868052009957
16,049,0001,013A,160490001013A,277,2.444044795918076
16,049,0001,0144,1604900010144,389,2.591064607026499
16,049,0001,0159,1604900010159,2057,3.313445370426414
16,049,0001,0178,1604900010178,354,2.550228353055094
16,049,0001,0182,1604900010182,124,2.0969100130080562
16,049,0001,0197,1604900010197,421,2.625312450961674
16,049,0001,020A,160490001020A,120,2.0827853703164503
16,049,0001,0214,1604900010214,65,1.8195439355418688
16,049,0001,0229,1604900010229,54,1.7403626894942439
16,050,0001,0037,1605000010037,5520,3.7420177471401384
16,050,0001,0126,1605000010126,2525,3.402433346219312
16,050,0001,0145,1605000010145,2845,3.4542348957482654
16,050,0001,015A,160500001015A,949,2.9777236052888476
16,050,0001,0164,1605000010164,2789,3.4456042032735974
16,050,0001,0200,1605000010200,511,2.709269960975831
16,050,0001,0215,1605000010215,1960,3.292477593667784
16,050,0001,022A,160500001022A,5061,3.7043221408222355
16,050,0001,0234,1605000010234,4048,3.6073477767684134
16,050,0001,0249,1605000010249,2933,3.4674601095072637
16,050,0001,0253,1605000010253,1431,3.1559430179718366
16,050,0001,0287,1605000010287,53,1.7323937598229686
16,050,0001,0291,1605000010291,81,1.9138138523837167
16,050,0001,0319,1605000010319,317,2.5024271199844326
16,050,0001,0323,1605000010323,284,2.45484486000851
16,050,0001,0376,1605000010376,1611,3.2073650374690716
16,050,0001,0380,1605000010380,165,2.220108088040055
16,050,0001,0395,1605000010395,11,1.0791812460476249
16,050,0001,0408,1605000010408,1569,3.1958996524092336
16,050,0001,0412,1605000010412,205,2.3138672203691533
16,050,0001,0427,1605000010427,1681,3.2258259914618934
16,050,0001,0431,1605000010431,779,2.8920946026904804
16,050,0001,0446,1605000010446,92,1.968482948553935
16,050,0001,0450,1605000010450,110,2.0453229787866576
16,050,0001,0465,1605000010465,177,2.250420002308894
16,050,0001,047A,160500001047A,95,1.9822712330395684
16,050,0001,0484,1605000010484,374,2.574031267727719
16,050,0001,0499,1605000010499,101,2.0086001717619175
16,050,0001,0501,1605000010501,365,2.5634810853944106
16,050,0001,0516,1605000010516,0,0.0
16,050,0001,0573,1605000010573,77,1.8920946026904804
16,050,0001,0588,1605000010588,105,2.0253058652647704
16,050,0001,0592,1605000010592,6,0.8450980400142568
16,050,0001,0605,1605000010605,75,1.8808135922807914
16,050,0001,0624,1605000010624,19,1.3010299956639813
16,050,0001,0639,1605000010639,26,1.4313637641589874
16,050,0001,0643,1605000010643,19,1.3010299956639813
16,050,0001,0677,1605000010677,121,2.0863598306747484
16,050,0001,0681,1605000010681,108,2.037426497940624
16,050,0001,0696,1605000010696,83,1.9242792860618816
16,050,0001,0709,1605000010709,144,2.161368002234975
16,050,0062,0357,1605000620357,2326,3.36679638328673
16,050,0062,0361,1605000620361,1679,3.225309281725863
16,050,0070,0060,1605000700060,2255,3.3533390953113047
16,050,0070,0179,1605000700179,293,2.4683473304121573
16,050,0070,0183,1605000700183,488,2.6893088591236203
16,050,0070,0198,1605000700198,2378,3.3763944420372662
16,050,0070,0658,1605000700658,70,1.8512583487190752
16,051,0001,0053,1605100010053,2048,3.311541958401195
16,051,0001,0068,1605100010068,1306,3.116275587580544
16,051,0001,0072,1605100010072,1025,3.0111473607757975
16,051,0001,0087,1605100010087,1147,3.059941888061955
16,051,0001,0091,1605100010091,808,2.9079485216122722
16,051,0001,0104,1605100010104,1982,3.2973227142053028
16,051,0001,0119,1605100010119,764,2.8836614351536176
16,051,0001,0123,1605100010123,532,2.7267272090265724
16,051,0001,0138,1605100010138,261,2.4183012913197452
16,051,0001,0142,1605100010142,316,2.5010592622177517
16,051,0001,0157,1605100010157,13,1.146128035678238
16,051,0001,0161,1605100010161,105,2.0253058652647704
16,051,0001,0176,1605100010176,74,1.8750612633917
16,051,0001,0180,1605100010180,85,1.9344984512435677
16,052,0001,0192,1605200010192,1866,3.2711443179490782
16,052,0001,021A,160520001021A,3396,3.531095546870028
16,052,0001,0224,1605200010224,1039,3.0170333392987803
16,052,0001,0239,1605200010239,3877,3.5886078047426864
16,052,0001,0281,1605200010281,2932,3.467312062980552
16,052,0001,0296,1605200010296,3415,3.5335178620169674
16,052,0001,0440,1605200010440,1342,3.1280760126687155
16,052,0001,0455,1605200010455,1542,3.188365926063148
16,052,0001,046A,160520001046A,1035,3.0153597554092144
16,052,0001,0474,1605200010474,2814,3.449478399187365
16,052,0001,0489,1605200010489,2243,3.3510228525841237
16,052,0001,0493,1605200010493,125,2.100370545117563
16,052,0001,0506,1605200010506,1303,3.1152775913959014
16,052,0001,0510,1605200010510,710,2.851869600729766
16,052,0001,0525,1605200010525,853,2.931457870689005
16,052,0001,053A,160520001053A,1853,3.2681097298084785
16,052,0001,0648,1605200010648,828,2.9185545305502734
16,052,0001,0652,1605200010652,2452,3.3896975482063856
16,052,0001,0667,1605200010667,1054,3.0232524596337114
16,052,0001,085A,160520001085A,632,2.801403710017355
16,052,0001,0934,1605200010934,2927,3.4665710723863543
16,052,0001,0949,1605200010949,890,2.949877704036875
16,052,0001,0972,1605200010972,844,2.926856708949692
16,052,0001,0987,1605200010987,1356,3.132579847659737
16,052,0001,1006,1605200011006,1505,3.177824971864682
16,052,0001,1010,1605200011010,2581,3.4119562379304016
16,052,0001,1025,1605200011025,2192,3.341038631677523
16,052,0001,1063,1605200011063,886,2.9479236198317262
16,052,0001,1078,1605200011078,1082,3.0346284566253203
16,052,0001,1082,1605200011082,1023,3.010299956639812
16,052,0001,1097,1605200011097,1942,3.2884728005997825
16,052,0001,110A,160520001110A,2771,3.442793225939769
16,052,0001,1114,1605200011114,1670,3.2229764498933915
16,052,0001,1129,1605200011129,1785,3.2518814545525276
16,052,0001,1294,1605200011294,577,2.761927838420529
16,052,0001,1326,1605200011326,282,2.45178643552429
16,052,0001,1330,1605200011330,55,1.7481880270062005
16,052,0001,1434,1605200011434,980,2.9916690073799486
16,052,0001,1449,1605200011449,774,2.88930170250631
16,052,0001,1453,1605200011453,3033,3.4820155764507117
16,052,0001,1491,1605200011491,1051,3.02201573981772
16,052,0001,1504,1605200011504,1381,3.1405080430381798
16,052,0001,1519,1605200011519,2059,3.3138672203691533
16,052,0001,1523,1605200011523,1644,3.216165902285993
16,052,0001,1538,1605200011538,241,2.383815365980431
16,052,0001,1542,1605200011542,0,0.0
16,052,0001,1557,1605200011557,2782,3.444513206334043
16,052,0001,1561,1605200011561,2282,3.3585059114902354
16,052,0001,167A,160520001167A,1308,3.116939646550756
16,052,0001,1754,1605200011754,1778,3.250175948083925
16,052,0001,1769,1605200011769,2081,3.3184807251745174
16,052,0001,181A,160520001181A,930,2.9689496809813427
16,052,0001,1824,1605200011824,309,2.4913616938342726
16,052,0001,1839,1605200011839,1161,3.065206128054312
16,052,0001,2095,1605200012095,0,0.0
16,052,0001,2108,1605200012108,75,1.8808135922807914
16,052,0001,2112,1605200012112,76,1.8864907251724818
16,052,0001,2184,1605200012184,13,1.146128035678238
16,052,0001,2199,1605200012199,0,0.0
16,052,0028,0722,1605200280722,1798,3.2550311633455515
16,052,0028,0737,1605200280737,1205,3.0813473078041325
16,052,0028,0741,1605200280741,1076,3.0322157032979815
16,052,0028,0756,1605200280756,1656,3.219322508419337
16,052,0028,0760,1605200280760,1356,3.132579847659737
16,052,0028,0775,1605200280775,845,2.9273703630390235
16,052,0028,078A,160520028078A,617,2.790988475088816
16,052,0028,0883,1605200280883,983,2.9929950984313414
16,052,0028,1379,1605200281379,468,2.6711728427150834
16,052,0028,1383,1605200281383,408,2.611723308007342
16,052,0028,1398,1605200281398,324,2.5118833609788744
16,052,0028,1843,1605200281843,45,1.662757831681574
16,052,0028,2076,1605200282076,21,1.3424226808222062
16,052,0028,2146,1605200282146,28,1.462397997898956
16,052,0028,2201,1605200282201,26,1.4313637641589874
16,052,0035,1608,1605200351608,1209,3.0827853703164503
16,052,0035,1612,1605200351612,1655,3.219060332448861
16,052,0077,0116,1605200770116,77,1.8920946026904804
16,052,0077,0347,1605200770347,2197,3.3420276880874717
16,052,0077,0351,1605200770351,1636,3.2140486794119414
16,052,0077,0366,1605200770366,1270,3.104145550554008
16,052,0077,0385,1605200770385,2772,3.4429498695778618
16,052,0077,039A,160520077039A,1676,3.2245330626060857
16,052,0077,0402,1605200770402,722,2.859138297294531
16,052,0077,0417,1605200770417,1313,3.118595365223762
16,052,0077,0421,1605200770421,1958,3.2920344359947364
16,052,0077,0436,1605200770436,1692,3.2286569581089353
16,052,0077,0544,1605200770544,1744,3.241795431295199
16,052,0077,0690,1605200770690,856,2.932980821923198
16,052,0077,0718,1605200770718,2563,3.4089180208467798
16,052,0077,1218,1605200771218,1727,3.2375437381428744
16,052,0077,1222,1605200771222,1258,3.1000257301078626
16,052,0077,1237,1605200771237,1591,3.20194306340165
16,052,0077,1241,1605200771241,1246,3.0958664534785427
16,052,0077,1256,1605200771256,658,2.8188854145940097
16,052,0077,1260,1605200771260,98,1.99563519459755
16,052,0077,1275,1605200771275,248,2.3961993470957363
16,052,0077,142A,160520077142A,1147,3.059941888061955
16,052,0077,1576,1605200771576,1299,3.113943352306837
16,052,0077,1580,1605200771580,1948,3.2898118391176214
16,052,0077,1735,1605200771735,1405,3.147985320683805
16,052,0077,174A,160520077174A,1342,3.1280760126687155
16,052,0077,1773,1605200771773,1435,3.1571544399062814
16,052,0077,1788,1605200771788,1708,3.232742062720737
16,052,0077,1792,1605200771792,106,2.0293837776852097
16,052,0077,1805,1605200771805,122,2.089905111439398
16,052,0077,1858,1605200771858,1739,3.2405492482826
16,052,0077,2150,1605200772150,48,1.6901960800285136
16,052,0077,2216,1605200772216,12,1.1139433523068367
16,052,0127,0614,1605201270614,2110,3.3244882333076564
16,052,0127,0629,1605201270629,1423,3.1535099893008374
16,052,0127,0633,1605201270633,888,2.9489017609702137
16,052,0127,1133,1605201271133,1692,3.2286569581089353
16,052,0127,1148,1605201271148,2508,3.3995006613146104
16,052,0127,1167,1605201271167,2573,3.410608542568368
16,052,0127,1631,1605201271631,645,2.8102325179950842
16,052,0127,1646,1605201271646,874,2.942008053022313
16,052,0127,2220,1605201272220,129,2.113943352306837
16,052,0127,2235,1605201272235,3,0.6020599913279624
16,052,0137,103A,160520137103A,2079,3.3180633349627615
16,052,0137,1044,1605201371044,1570,3.1961761850399735
16,052,0137,1059,1605201371059,2304,3.362670929725667
16,052,0137,1171,1605201371171,703,2.847572659142112
16,052,0137,1190,1605201371190,1583,3.1997551772534747
16,052,0137,1203,1605201371203,1714,3.2342641243787895
16,052,0137,128A,160520137128A,539,2.7323937598229686
16,052,0137,1307,1605201371307,86,1.9395192526186185
16,052,0137,1311,1605201371311,794,2.9003671286564705
16,052,0137,1345,1605201371345,620,2.79309160017658
16,052,0137,1400,1605201371400,1046,3.0199466816788423
16,052,0137,1415,1605201371415,826,2.9175055095525466
16,052,0137,1468,1605201371468,497,2.6972293427597176
16,052,0137,1472,1605201371472,2297,3.3613500243522663
16,052,0137,1487,1605201371487,1925,3.2846562827885157
16,052,0137,1595,1605201371595,172,2.2380461031287955
16,052,0137,1650,1605201371650,116,2.0681858617461617
16,052,0137,1665,1605201371665,566,2.7535830588929064
16,052,0137,1684,1605201371684,43,1.6434526764861874
16,052,0137,1699,1605201371699,130,2.1172712956557644
16,052,0137,1701,1605201371701,963,2.984077033902831
16,052,0137,1716,1605201371716,1470,3.16761267272753
16,052,0137,1720,1605201371720,78,1.8976270912904414
16,052,0137,1862,1605201371862,566,2.7535830588929064
16,052,0137,1877,1605201371877,39,1.6020599913279623
16,052,0137,1881,1605201371881,75,1.8808135922807914
16,052,0137,2080,1605201372080,692,2.8407332346118066
16,052,0137,2127,1605201372127,283,2.4533183400470375
16,052,0137,2131,1605201372131,99,2.0
16,052,0137,224A,160520137224A,2407,3.381656482585787
16,052,0137,2254,1605201372254,707,2.850033257689769
16,052,0137,2269,1605201372269,0,0.0
16,052,0137,2273,1605201372273,210,2.3242824552976926
16,052,0137,2288,1605201372288,0,0.0
16,052,0137,2292,1605201372292,92,1.968482948553935
16,052,0158,0563,1605201580563,888,2.9489017609702137
16,052,0158,0578,1605201580578,561,2.749736315569061
16,052,0158,0864,1605201580864,1197,3.0784568180532927
16,052,0158,0879,1605201580879,743,2.8715729355458786
16,052,0158,1627,1605201581627,0,0.0
16,053,0001,0217,1605300010217,974,2.989004615698537
16,053,0001,0221,1605300010221,14,1.1760912590556813
16,053,0001,0236,1605300010236,4398,3.643353961976863
16,053,0001,0240,1605300010240,3648,3.5621738633646483
16,053,0001,0255,1605300010255,3711,3.5696079675468244
16,053,0001,026A,160530001026A,6651,3.822952240547482
16,053,0001,0293,1605300010293,991,2.9965116721541785
16,053,0001,0306,1605300010306,2825,3.45117215751254
16,053,0001,0310,1605300010310,1119,3.0492180226701815
16,053,0001,0325,1605300010325,5740,3.7589875468676195
16,053,0001,033A,160530001033A,4407,3.6442415858437287
16,053,0001,0344,1605300010344,439,2.6434526764861874
16,053,0001,0359,1605300010359,2530,3.4032921451582543
16,053,0001,0363,1605300010363,5616,3.749504423876142
16,053,0001,0378,1605300010378,4505,3.653791187387812
16,053,0001,0382,1605300010382,2260,3.35430056234536
16,053,0001,0397,1605300010397,1427,3.1547282074401557
16,053,0001,040A,160530001040A,1672,3.2234959409623944
16,053,0001,0414,1605300010414,2861,3.4566696294237578
16,053,0001,0429,1605300010429,63,1.806179973983887
16,053,0001,0433,1605300010433,3578,3.553761698390004
16,053,0001,0448,1605300010448,717,2.8561244442423
16,053,0001,0452,1605300010452,1343,3.1283992687178066
16,053,0001,0467,1605300010467,3246,3.5114822886260013
16,053,0001,0471,1605300010471,4495,3.652826302561005
16,053,0001,0486,1605300010486,6347,3.802636918082811
16,053,0001,0490,1605300010490,2710,3.4331295175804857
16,053,0001,0503,1605300010503,2255,3.3533390953113047
16,053,0001,0522,1605300010522,3726,3.57135939275384
16,053,0001,0556,1605300010556,299,2.4771212547196626
16,053,0001,058A,160530001058A,2422,3.384353414137506
16,053,0001,0594,1605300010594,1135,3.055378331375
16,053,0001,0607,1605300010607,2539,3.404833716619938
16,053,0001,0611,1605300010611,126,2.103803720955957
16,053,0001,0645,1605300010645,4730,3.674952948048565
16,053,0001,065A,160530001065A,230,2.3636119798921444
16,053,0001,0664,1605300010664,4468,3.6502103546603593
16,053,0001,0679,1605300010679,1510,3.1792644643390253
16,053,0001,0683,1605300010683,1738,3.2402995820027125
16,053,0001,0698,1605300010698,1223,3.087781417809542
16,053,0001,0700,1605300010700,5226,3.7182525000977504
16,053,0001,0715,1605300010715,3572,3.55303301620244
16,053,0001,0749,1605300010749,2848,3.454692449239477
16,053,0001,0753,1605300010753,1532,3.185542154854375
16,053,0001,0768,1605300010768,947,2.976808337338066
16,053,0001,0772,1605300010772,1877,3.273695587930092
16,053,0001,0787,1605300010787,802,2.904715545278681
16,053,0001,0791,1605300010791,423,2.6273658565927325
16,053,0001,0838,1605300010838,3435,3.5360531551592045
16,053,0001,0842,1605300010842,4764,3.6780629049743454
16,053,0001,0857,1605300010857,3078,3.488409688903198
16,053,0001,0861,1605300010861,4939,3.693726948923647
16,053,0001,0876,1605300010876,3139,3.496929648073215
16,053,0001,0880,1605300010880,4372,3.640779477344857
16,053,0001,0895,1605300010895,3220,3.5079907248196913
16,053,0001,0908,1605300010908,2557,3.407900540142635
16,053,0001,0912,1605300010912,4552,3.6582976503081897
16,053,0001,0927,1605300010927,2598,3.4148062795010126
16,053,0001,0950,1605300010950,3424,3.534660575828444
16,053,0001,0965,1605300010965,6186,3.7914801160200007
16,053,0001,097A,160530001097A,2688,3.4295908022233017
16,053,0001,0999,1605300010999,1982,3.2973227142053028
16,053,0001,1003,1605300011003,3594,3.555698894718901
16,053,0001,1018,1605300011018,2717,3.4342494523964757
16,053,0001,1022,1605300011022,1772,3.2487087356009177
16,053,0001,1037,1605300011037,3813,3.5813806887099866
16,053,0001,1041,1605300011041,4138,3.61689542640076
16,053,0001,1056,1605300011056,3168,3.5009222391903005
16,053,0001,108A,160530001108A,2782,3.444513206334043
16,053,0001,1094,1605300011094,2462,3.3914644118391033
16,053,0001,1107,1605300011107,2031,3.307923703611882
16,053,0001,1111,1605300011111,2220,3.346548558548474
16,053,0001,1126,1605300011126,2860,3.4565178578052627
16,053,0001,1130,1605300011130,1301,3.114610984232173
16,053,0001,1145,1605300011145,2049,3.311753861055754
16,053,0001,115A,160530001115A,1301,3.114610984232173
16,053,0001,1179,1605300011179,2765,3.441852175773292
16,053,0001,1183,1605300011183,2095,3.321391278311689
16,053,0001,1198,1605300011198,3189,3.503790683057181
16,053,0001,1200,1605300011200,2306,3.3630475945210936
16,053,0001,1215,1605300011215,3673,3.5651391519697895
16,053,0001,122A,160530001122A,2682,3.428620672671939
16,053,0001,1249,1605300011249,2738,3.4375920322539613
16,053,0001,1253,1605300011253,2526,3.4026052419199146
16,053,0001,1272,1605300011272,2367,3.374381698050882
16,053,0001,1304,1605300011304,3546,3.549861188471943
16,053,0001,1319,1605300011319,2087,3.3197304943302246
16,053,0001,1323,1605300011323,1484,3.171726453653231
16,053,0001,1338,1605300011338,3056,3.485295438726089
16,053,0001,1342,1605300011342,3565,3.5521813388393357
16,053,0001,1357,1605300011357,2626,3.4194600727860704
16,053,0001,1361,1605300011361,1317,3.119915410257991
16,053,0001,1376,1605300011376,2239,3.3502480183341627
16,053,0001,1427,1605300011427,4169,3.6201360549737576
16,053,0001,1431,1605300011431,1183,3.073351702386901
16,053,0001,1465,1605300011465,1810,3.2579184503140586
16,053,0001,1516,1605300011516,206,2.315970345456918
16,053,0001,1535,1605300011535,3011,3.478854967528663
16,053,0001,1569,1605300011569,3900,3.5911759503117913
16,053,0001,1588,1605300011588,2879,3.459392487759231
16,053,0001,1592,1605300011592,4397,3.6432552250247716
16,053,0001,1751,1605300011751,1328,3.123524980942732
16,053,0001,1766,1605300011766,1440,3.1586639808139894
16,053,0001,1770,1605300011770,3307,3.519565500880509
16,053,0001,1785,1605300011785,2509,3.399673721481038
16,053,0001,179A,160530001179A,2646,3.422753941301348
16,053,0001,1802,1605300011802,2959,3.4712917110589387
16,053,0001,1817,1605300011817,3104,3.492061604512599
16,053,0001,1821,1605300011821,1285,3.109240968588203
16,053,0001,1836,1605300011836,2684,3.428944290035574
16,053,0001,1840,1605300011840,2085,3.319314304090512
16,053,0001,1855,1605300011855,2895,3.461798557525109
16,053,0001,186A,160530001186A,2668,3.4263485737875077
16,053,0001,1874,1605300011874,2423,3.3845326154942486
16,053,0001,1889,1605300011889,2228,3.3481100684802376
16,053,0001,1893,1605300011893,1667,3.22219604630172
16,053,0001,1906,1605300011906,369,2.568201724066995
16,053,0001,1910,1605300011910,1394,3.144574207609616
16,053,0001,1925,1605300011925,3461,3.539327063539375
16,053,0001,193A,160530001193A,5169,3.7134905430939424
16,053,0001,1944,1605300011944,2630,3.420120848085703
16,053,0001,1959,1605300011959,2788,3.44544851426605
16,053,0001,1963,1605300011963,3214,3.5071809772602407
16,053,0001,1978,1605300011978,2381,3.3769417571467586
16,053,0001,1982,1605300011982,1416,3.1513698502474603
16,053,0001,1997,1605300011997,2377,3.376211850282673
16,053,0001,2001,1605300012001,2710,3.4331295175804857
16,053,0001,2016,1605300012016,2197,3.3420276880874717
16,053,0001,2020,1605300012020,1455,3.1631613749770184
16,053,0001,2035,1605300012035,2257,3.353723937588949
16,053,0001,204A,160530001204A,2089,3.3201462861110542
16,053,0001,2054,1605300012054,2076,3.317436496535099
16,053,0001,2069,1605300012069,4092,3.6120417446452695
16,053,0001,2073,1605300012073,4706,3.672744198306599
16,053,0001,2088,1605300012088,1739,3.2405492482826
16,053,0001,2092,1605300012092,1729,3.2380461031287955
16,053,0001,2105,1605300012105,2809,3.44870631990508
16,053,0001,211A,160530001211A,2482,3.394976719554564
16,053,0001,2124,1605300012124,1329,3.123851640967086
16,053,0001,2139,1605300012139,2642,3.4220971631317103
16,053,0001,2158,1605300012158,4621,3.6648299411430907
16,053,0001,2177,1605300012177,3914,3.592731766393962
16,053,0001,2196,1605300012196,2993,3.4762517960070336
16,053,0001,2209,1605300012209,2010,3.303412070596742
16,053,0001,2247,1605300012247,2702,3.4318460456987254
16,053,0001,2251,1605300012251,2377,3.376211850282673
16,053,0001,229A,160530001229A,2210,3.344588742578714
16,053,0001,2302,1605300012302,1280,3.1075491297446862
16,053,0001,2317,1605300012317,1723,3.236537261488694
16,053,0001,2340,1605300012340,2069,3.315970345456918
16,053,0001,2355,1605300012355,2909,3.4638929889859074
16,053,0001,236A,160530001236A,3141,3.4972061807039547
16,053,0001,2374,1605300012374,5217,3.717504074764202
16,053,0001,2389,1605300012389,6439,3.808885867359812
16,053,0001,2393,1605300012393,4924,3.6924062348336304
16,053,0001,2406,1605300012406,2237,3.3498600821923312
16,053,0001,2410,1605300012410,4118,3.6147917919564176
16,053,0001,2425,1605300012425,3028,3.481299273332856
16,053,0001,243A,160530001243A,4214,3.624797578960761
16,053,0001,2444,1605300012444,1726,3.237292337567459
16,053,0001,2459,1605300012459,2074,3.3170181010481117
16,053,0001,2463,1605300012463,1645,3.216429830876251
16,053,0001,2478,1605300012478,2312,3.3641756327706194
16,053,0001,2482,1605300012482,2086,3.3195224490654542
16,053,0001,2497,1605300012497,5469,3.737987326333431
16,053,0001,250A,160530001250A,3093,3.490520309363349
16,053,0001,2514,1605300012514,3548,3.550105999347593
16,053,0001,2529,1605300012529,3032,3.4818724103106633
16,053,0001,2533,1605300012533,2380,3.37675939540488
16,053,0001,2586,1605300012586,3578,3.553761698390004
16,053,0001,2590,1605300012590,2172,3.3370597263205246
16,053,0001,2603,1605300012603,1080,3.03382569395331
16,053,0001,2618,1605300012618,1933,3.286456469746983
16,053,0001,2622,1605300012622,3022,3.480438147177817
16,053,0001,2637,1605300012637,1402,3.1470576710283598
16,053,0001,2641,1605300012641,1000,3.000434077479319
16,053,0001,2656,1605300012656,3394,3.5308397786165204
16,053,0001,2660,1605300012660,3307,3.519565500880509
16,053,0001,2675,1605300012675,2701,3.4316853446860116
16,053,0001,2694,1605300012694,1573,3.1970047280230456
16,053,0001,2707,1605300012707,911,2.959994838328416
16,053,0001,2711,1605300012711,1292,3.111598524880394
16,053,0001,2726,1605300012726,1344,3.128722284338427
16,053,0001,2730,1605300012730,955,2.9804578922761
16,053,0001,2745,1605300012745,2336,3.368658712392227
16,053,0001,275A,160530001275A,970,2.9872192299080047
16,053,0001,2764,1605300012764,1698,3.230193378869046
16,053,0001,2779,1605300012779,2353,3.371806458507416
16,053,0001,2783,1605300012783,1231,3.090610707828407
16,053,0001,2798,1605300012798,3120,3.4942937686653326
16,053,0001,2800,1605300012800,2293,3.360593413565249
16,053,0001,2815,1605300012815,421,2.625312450961674
16,053,0001,2849,1605300012849,12,1.1139433523068367
16,053,0001,2853,1605300012853,535,2.72916478969277
16,053,0001,2868,1605300012868,2475,3.39375064034808
16,053,0001,2872,1605300012872,1903,3.2796669440484556
16,053,0001,2887,1605300012887,1871,3.2723058444020863
16,053,0001,2891,1605300012891,659,2.8195439355418688
16,053,0001,2919,1605300012919,516,2.7134905430939424
16,053,0001,2923,1605300012923,1784,3.251638220448212
16,053,0001,2995,1605300012995,2648,3.423081958297231
16,053,0001,3014,1605300013014,299,2.4771212547196626
16,053,0001,3033,1605300013033,4106,3.6135247028536526
16,053,0001,3048,1605300013048,2955,3.470704429722788
16,053,0001,3052,1605300013052,1871,3.2723058444020863
16,053,0001,3067,1605300013067,2506,3.3991543339582164
16,053,0001,3071,1605300013071,2024,3.3064250275506875
16,053,0001,3086,1605300013086,1445,3.160168292958512
16,053,0001,3090,1605300013090,2245,3.351409751925439
16,053,0001,3103,1605300013103,2067,3.315550534421905
16,053,0001,3118,1605300013118,3142,3.49734438101758
16,053,0001,3122,1605300013122,105,2.0253058652647704
16,053,0001,3137,1605300013137,448,2.6522463410033232
16,053,0001,3141,1605300013141,1250,3.09725730969342
16,053,0001,3156,1605300013156,254,2.406540180433955
16,053,0001,3160,1605300013160,23,1.380211241711606
16,053,0001,318A,160530001318A,232,2.367355921026019
16,053,0001,3279,1605300013279,2228,3.3481100684802376
16,053,0001,3283,1605300013283,1267,3.1031192535457137
16,053,0001,3298,1605300013298,178,2.2528530309798933
16,053,0001,3300,1605300013300,2863,3.456973013635818
16,053,0001,3315,1605300013315,3740,3.572987708198205
16,053,0001,332A,160530001332A,3639,3.561101383649056
16,053,0001,3334,1605300013334,1607,3.2062860444124324
16,053,0001,3349,1605300013349,1325,3.1225435240687545
16,053,0001,3353,1605300013353,1605,3.205745540942662
16,053,0001,3368,1605300013368,1847,3.2667019668840878
16,053,0001,3372,1605300013372,1433,3.1565491513317814
16,053,0001,3391,1605300013391,5,0.7781512503836436
16,053,0001,3404,1605300013404,1326,3.1228709228644354
16,053,0001,3442,1605300013442,6230,3.7945577512547617
16,053,0001,3457,1605300013457,806,2.90687353472207
16,053,0001,3461,1605300013461,400,2.603144372620182
16,053,0001,3476,1605300013476,1966,3.2938043599193367
16,053,0001,3480,1605300013480,274,2.439332693830263
16,053,0001,3495,1605300013495,2077,3.3176455432211585
16,053,0001,3508,1605300013508,1941,3.288249225571986
16,053,0001,3512,1605300013512,4244,3.6278776945799716
16,053,0001,3527,1605300013527,1822,3.2607866686549762
16,053,0001,3531,1605300013531,1364,3.1351326513767748
16,053,0001,3546,1605300013546,2705,3.4323277922616042
16,053,0001,3550,1605300013550,2761,3.4412236742426123
16,053,0001,3565,1605300013565,417,2.621176281775035
16,053,0001,357A,160530001357A,373,2.5728716022004803
16,053,0001,3584,1605300013584,813,2.910624404889201
16,053,0001,3599,1605300013599,333,2.5237464668115646
16,053,0001,3601,1605300013601,961,2.983175072037813
16,053,0001,3616,1605300013616,2269,3.3560258571931225
16,053,0001,3620,1605300013620,12,1.1139433523068367
16,053,0001,3635,1605300013635,274,2.439332693830263
16,053,0001,364A,160530001364A,3234,3.5098742850047193
16,053,0001,3654,1605300013654,1599,3.2041199826559246
16,053,0001,3669,1605300013669,579,2.7634279935629373
16,053,0001,3673,1605300013673,2823,3.450864692379766
16,053,0001,3688,1605300013688,4913,3.691435152144062
16,053,0001,3692,1605300013692,652,2.814913181275074
16,053,0001,3705,1605300013705,0,0.0
16,053,0001,371A,160530001371A,879,2.9444826721501687
16,053,0001,3743,1605300013743,384,2.5854607295085006
16,053,0001,3758,1605300013758,998,2.9995654882259823
16,053,0001,3762,1605300013762,2595,3.4143046881283317
16,053,0001,3777,1605300013777,1781,3.250907699700856
16,053,0001,3781,1605300013781,1224,3.0881360887005513
16,053,0001,3796,1605300013796,573,2.7589118923979736
16,053,0001,3809,1605300013809,1961,3.29269900304393
16,053,0001,3813,1605300013813,1650,3.2177470732627937
16,053,0001,3828,1605300013828,614,2.788875115775417
16,053,0001,3832,1605300013832,395,2.597695185925512
16,053,0001,3847,1605300013847,278,2.4456042032735974
16,053,0001,3851,1605300013851,40,1.6127838567197355
16,053,0001,3866,1605300013866,68,1.8388490907372552
16,053,0001,3870,1605300013870,10,1.0413926851582251
16,053,0001,3885,1605300013885,59,1.7781512503836436
16,053,0001,389A,160530001389A,64,1.8129133566428555
16,053,0001,3921,1605300013921,954,2.9800033715837464
16,053,0001,3936,1605300013936,777,2.890979596989689
16,053,0001,3940,1605300013940,908,2.9585638832219674
16,053,0001,3955,1605300013955,1100,3.041787318971752
16,053,0001,396A,160530001396A,2093,3.3209766773428235
16,053,0001,3974,1605300013974,1626,3.2113875529368587
16,053,0001,3989,1605300013989,1268,3.103461622094705
16,053,0001,3993,1605300013993,397,2.5998830720736876
16,053,0001,4008,1605300014008,701,2.846337112129805
16,053,0001,4012,1605300014012,92,1.968482948553935
16,053,0001,4027,1605300014027,279,2.4471580313422194
16,053,0001,4031,1605300014031,159,2.2041199826559246
16,053,0001,4046,1605300014046,280,2.44870631990508
16,053,0001,4050,1605300014050,285,2.456366033129043
16,053,0001,4065,1605300014065,0,0.0
16,053,0001,407A,160530001407A,140,2.1492191126553797
16,053,0001,4084,1605300014084,689,2.838849090737255
16,053,0001,4099,1605300014099,707,2.850033257689769
16,053,0001,4101,1605300014101,2090,3.3203540328176717
16,053,0001,4116,1605300014116,3838,3.584218112117405
16,053,0001,4120,1605300014120,3948,3.5964871337365443
16,053,0001,4135,1605300014135,1493,3.1743505974793798
16,053,0001,414A,160530001414A,60,1.7853298350107671
16,053,0001,4154,1605300014154,3011,3.478854967528663
16,053,0001,4169,1605300014169,1824,3.2612628687924934
16,053,0001,4173,1605300014173,89,1.954242509439325
16,053,0001,4188,1605300014188,559,2.7481880270062002
16,053,0001,4544,1605300014544,10,1.0413926851582251
16,053,0001,4559,1605300014559,95,1.9822712330395684
16,053,0001,4563,1605300014563,1284,3.1089031276673134
16,053,0001,4578,1605300014578,284,2.45484486000851
16,053,0001,4582,1605300014582,0,0.0
16,053,0001,4597,1605300014597,9,1.0
16,053,0001,460A,160530001460A,573,2.7589118923979736
16,053,0001,4614,1605300014614,568,2.7551122663950713
16,053,0001,4629,1605300014629,518,2.7151673578484576
16,053,0001,4648,1605300014648,13,1.146128035678238
16,053,0001,4652,1605300014652,223,2.3502480183341627
16,053,0001,4667,1605300014667,109,2.041392685158225
16,053,0001,4671,1605300014671,205,2.3138672203691533
16,053,0001,4686,1605300014686,381,2.582063362911709
16,053,0001,4690,1605300014690,627,2.797959643737196
16,053,0001,4703,1605300014703,1171,3.068927611682072
16,053,0001,4718,1605300014718,398,2.6009728956867484
16,053,0001,4722,1605300014722,30,1.4913616938342726
16,053,0001,4737,1605300014737,1089,3.037426497940624
16,053,0001,4741,1605300014741,40,1.6127838567197355
16,053,0001,4756,1605300014756,59,1.7781512503836436
16,053,0001,4760,1605300014760,6,0.8450980400142568
16,053,0001,4775,1605300014775,74,1.8750612633917
16,053,0001,478A,160530001478A,1343,3.1283992687178066
16,053,0001,4794,1605300014794,738,2.8686444383948255
16,053,0001,4807,1605300014807,112,2.0530784434834195
16,053,0001,4811,1605300014811,134,2.130333768495006
16,053,0001,4826,1605300014826,383,2.584331224367531
16,053,0001,4830,1605300014830,2509,3.399673721481038
16,053,0001,4845,1605300014845,1316,3.119585774961784
16,053,0001,485A,160530001485A,443,2.6473829701146196
16,053,0001,4864,1605300014864,139,2.146128035678238
16,053,0001,4879,1605300014879,111,2.0492180226701815
16,053,0001,4883,1605300014883,777,2.890979596989689
16,053,0001,4898,1605300014898,1018,3.0081741840064264
16,053,0001,4900,1605300014900,1156,3.0633333589517497
16,053,0001,4915,1605300014915,166,2.2227164711475833
16,053,0001,492A,160530001492A,498,2.6981005456233897
16,053,0001,4934,1605300014934,348,2.5428254269591797
16,053,0001,4991,1605300014991,74,1.8750612633917
16,053,0001,5010,1605300015010,73,1.8692317197309762
16,053,0001,5025,1605300015025,22,1.3617278360175928
16,053,0001,503A,160530001503A,4118,3.6147917919564176
16,053,0001,5063,1605300015063,2258,3.353916230920363
16,053,0001,5078,1605300015078,2828,3.4516329474569907
16,053,0001,5082,1605300015082,1924,3.2844307338445193
16,053,0001,5097,1605300015097,2168,3.336259552014193
16,053,0001,510A,160530001510A,2075,3.31722734917642
16,053,0001,5114,1605300015114,2399,3.380211241711606
16,053,0001,5167,1605300015167,6078,3.783832143384441
16,053,0001,5171,1605300015171,5786,3.762453482363547
16,053,0001,5186,1605300015186,4958,3.6953941082911097
16,053,0001,5190,1605300015190,403,2.606381365110605
16,053,0001,5203,1605300015203,2268,3.355834495884936
16,053,0001,5218,1605300015218,3560,3.5515719736742537
16,053,0001,5222,1605300015222,35,1.5563025007672873
16,053,0001,5237,1605300015237,0,0.0
16,053,0001,5241,1605300015241,0,0.0
16,053,0001,5256,1605300015256,83,1.9242792860618816
16,053,0001,5260,1605300015260,8,0.9542425094393249
16,053,0001,5275,1605300015275,0,0.0
16,053,0001,528A,160530001528A,15,1.2041199826559248
16,053,0001,5307,1605300015307,2395,3.3794868137172736
16,053,0001,5345,1605300015345,189,2.278753600952829
16,053,0001,535A,160530001535A,98,1.99563519459755
16,053,0001,5364,1605300015364,157,2.1986570869544226
16,053,0001,5379,1605300015379,463,2.6665179805548807
16,053,0001,5383,1605300015383,346,2.5403294747908736
16,053,0001,5398,1605300015398,23,1.380211241711606
16,053,0001,5400,1605300015400,13,1.146128035678238
16,053,0001,5415,1605300015415,0,0.0
16,053,0001,542A,160530001542A,621,2.7937903846908188
16,053,0001,5434,1605300015434,0,0.0
16,053,0001,5449,1605300015449,16,1.2304489213782739
16,053,0001,5453,1605300015453,440,2.6444385894678386
16,053,0001,5468,1605300015468,37,1.5797835966168101
16,053,0001,5472,1605300015472,7,0.9030899869919435
16,053,0001,5487,1605300015487,5,0.7781512503836436
16,053,0001,5523,1605300015523,1859,3.2695129442179165
16,053,0001,5542,1605300015542,1361,3.1341771075767664
16,053,0001,5557,1605300015557,791,2.8987251815894934
16,053,0001,5561,1605300015561,498,2.6981005456233897
16,053,0001,5576,1605300015576,2871,3.4581844355702627
16,053,0001,5580,1605300015580,202,2.307496037913213
16,053,0001,5595,1605300015595,921,2.9647309210536292
16,053,0001,5608,1605300015608,945,2.975891136401793
16,053,0001,5612,1605300015612,2064,3.31492005599242
16,053,0001,5627,1605300015627,440,2.6444385894678386
16,053,0001,5631,1605300015631,72,1.863322860120456
16,053,0001,5646,1605300015646,267,2.428134794028789
16,053,0001,5650,1605300015650,1100,3.041787318971752
16,053,0001,5665,1605300015665,135,2.1335389083702174
16,053,0001,567A,160530001567A,633,2.802089257881733
16,053,0001,5684,1605300015684,207,2.3180633349627615
16,053,0001,5699,1605300015699,3964,3.5982431916536224
16,053,0001,5701,1605300015701,955,2.9804578922761
16,053,0001,5716,1605300015716,85,1.9344984512435677
16,053,0001,5720,1605300015720,19,1.3010299956639813
16,053,0001,5735,1605300015735,2257,3.353723937588949
16,053,0001,574A,160530001574A,1122,3.050379756261458
16,053,0001,5754,1605300015754,96,1.9867717342662448
16,053,0001,5769,1605300015769,57,1.7634279935629373
16,053,0001,5773,1605300015773,277,2.444044795918076
16,053,0001,5788,1605300015788,54,1.7403626894942439
16,053,0001,5792,1605300015792,88,1.9493900066449128
16,053,0001,581A,160530001581A,890,2.949877704036875
16,053,0001,5824,1605300015824,336,2.5276299008713385
16,053,0001,5839,1605300015839,1134,3.0549958615291417
16,053,0001,5843,1605300015843,14,1.1760912590556813
16,053,0001,5858,1605300015858,10,1.0413926851582251
16,053,0001,5862,1605300015862,242,2.385606273598312
16,053,0040,1395,1605300401395,572,2.75815462196739
16,053,0040,1408,1605300401408,778,2.8915374576725643
16,053,0040,1412,1605300401412,2,0.47712125471966244
16,053,0040,2548,1605300402548,1945,3.289142835932333
16,053,0040,2552,1605300402552,2268,3.355834495884936
16,053,0040,3211,1605300403211,26,1.4313637641589874
16,053,0040,4968,1605300404968,3,0.6020599913279624
16,053,0040,4972,1605300404972,20,1.3222192947339193
16,053,0040,4987,1605300404987,10,1.0413926851582251
16,053,0074,3194,1605300743194,8910,3.9499264436679122
16,053,0074,4949,1605300744949,62,1.7993405494535817
16,053,0074,4953,1605300744953,23,1.380211241711606
16,053,0086,161A,160530086161A,3271,3.514813294999285
16,053,0086,1624,1605300861624,871,2.940516484932567
16,053,0086,1639,1605300861639,1208,3.0824263008607717
16,053,0086,1658,1605300861658,2494,3.397070549959409
16,053,0086,3029,1605300863029,139,2.146128035678238
16,053,0086,3226,1605300863226,1961,3.29269900304393
16,053,0086,3230,1605300863230,1591,3.20194306340165
16,053,0086,3245,1605300863245,1096,3.0402066275747113
16,053,0086,325A,160530086325A,2134,3.329397879361043
16,053,0086,3264,1605300863264,213,2.330413773349191
16,053,0086,5491,1605300865491,8,0.9542425094393249
16,053,0086,5504,1605300865504,0,0.0
16,053,0086,5519,1605300865519,0,0.0
16,053,0086,5805,1605300865805,68,1.8388490907372552
16,053,0108,0537,1605301080537,51,1.7160033436347992
16,053,0108,5129,1605301085129,1606,3.2060158767633444
16,053,0108,5133,1605301085133,909,2.9590413923210934
16,053,0108,5148,1605301085148,982,2.9925535178321354
16,053,0108,5152,1605301085152,568,2.7551122663950713
16,053,0130,0109,1605301300109,2738,3.4375920322539613
16,053,0134,0081,1605301340081,3034,3.482158695411276
16,053,0438,5044,1605304385044,1907,3.2805783703680764
16,053,0438,5059,1605304385059,1805,3.256717745977487
16,053,0468,4258,1605304684258,832,2.9206450014067875
16,053,0468,4262,1605304684262,1609,3.2068258760318495
16,053,0468,4277,1605304684277,652,2.814913181275074
16,054,0001,0040,1605400010040,166,2.2227164711475833
16,054,0001,0055,1605400010055,644,2.8095597146352675
16,054,0001,006A,160540001006A,116,2.0681858617461617
16,054,0001,0074,1605400010074,1004,3.002166061756508
16,054,0001,0089,1605400010089,540,2.7331972651065692
16,054,0001,0093,1605400010093,56,1.7558748556724915
16,055,0001,0086,1605500010086,1753,3.244029589030022
16,055,0001,0090,1605500010090,2202,3.343014497150768
16,055,0001,0103,1605500010103,2583,3.4122925093230463
16,055,0001,0156,1605500010156,1140,3.0572856444182146
16,055,0001,0160,1605500010160,1781,3.250907699700856
16,055,0001,0175,1605500010175,1877,3.273695587930092
16,055,0001,018A,160550001018A,274,2.439332693830263
16,055,0001,0194,1605500010194,1801,3.255754786643044
16,055,0001,0207,1605500010207,1456,3.16345955176999
16,055,0001,0211,1605500010211,1446,3.1604685311190375
16,055,0001,0230,1605500010230,17,1.255272505103306
16,055,0001,0264,1605500010264,1326,3.1228709228644354
16,055,0001,0279,1605500010279,1281,3.1078880251827985
16,055,0001,0283,1605500010283,1311,3.1179338350396413
16,055,0001,0298,1605500010298,1712,3.2337573629655103
16,055,0001,0300,1605500010300,1393,3.144262773761991
16,055,0001,0315,1605500010315,1110,3.0457140589408676
16,055,0001,032A,160550001032A,73,1.8692317197309762
16,055,0001,0349,1605500010349,1315,3.1192558892779365
16,055,0001,0353,1605500010353,1480,3.1705550585212086
16,055,0001,0368,1605500010368,1203,3.0806264869218056
16,055,0001,0372,1605500010372,1000,3.000434077479319
16,055,0001,0387,1605500010387,1210,3.0831441431430524
16,055,0001,0391,1605500010391,1203,3.0806264869218056
16,055,0001,0404,1605500010404,62,1.7993405494535817
16,055,0001,0419,1605500010419,49,1.6989700043360187
16,055,0001,0423,1605500010423,192,2.285557309007774
16,055,0001,0438,1605500010438,54,1.7403626894942439
16,055,0001,0442,1605500010442,24,1.3979400086720377
16,055,0005,0014,1605500050014,2515,3.400710636773231
16,055,0014,0245,1605500140245,1781,3.250907699700856
16,055,0014,025A,160550014025A,1383,3.141136090120739
16,055,0014,0334,1605500140334,12,1.1139433523068367
16,056,0001,0064,1605600010064,2372,3.375297738217339
16,056,0001,0079,1605600010079,2609,3.416640507338281
16,056,0001,0083,1605600010083,2447,3.3888114134735234
16,056,0001,0098,1605600010098,1491,3.17376882313665
16,056,0001,0100,1605600010100,711,2.8524799936368566
16,056,0001,0153,1605600010153,1374,3.1383026981662816
16,056,0001,0172,1605600010172,206,2.315970345456918
16,056,0001,0187,1605600010187,50,1.7075701760979363
16,056,0001,0223,1605600010223,168,2.2278867046136734
16,056,0001,0238,1605600010238,87,1.9444826721501687
16,056,0001,0242,1605600010242,130,2.1172712956557644
16,056,0001,0312,1605600010312,20,1.3222192947339193
16,056,0001,0346,1605600010346,18,1.2787536009528289
16,056,0001,0350,1605600010350,13,1.146128035678238
16,056,0001,0435,1605600010435,67,1.8325089127062364
16,056,0001,044A,160560001044A,14,1.1760912590556813
16,056,0001,0454,1605600010454,0,0.0
16,056,0001,0505,1605600010505,12,1.1139433523068367
16,056,0001,051A,160560001051A,10,1.0413926851582251
16,056,0002,0276,1605600020276,2997,3.4768316285122607
16,056,0002,0308,1605600020308,19,1.3010299956639813
16,056,0002,0331,1605600020331,134,2.130333768495006
16,056,0002,0365,1605600020365,49,1.6989700043360187
16,056,0002,037A,160560002037A,110,2.0453229787866576
16,056,0002,0384,1605600020384,172,2.2380461031287955
16,056,0002,0399,1605600020399,14,1.1760912590556813
16,056,0002,0469,1605600020469,0,0.0
16,056,0002,0473,1605600020473,10,1.0413926851582251
16,056,0003,0149,1605600030149,6083,3.7841892053809607
16,056,0003,0261,1605600030261,71,1.8573324964312685
16,056,0003,0401,1605600030401,25,1.414973347970818
16,056,0003,0416,1605600030416,21,1.3424226808222062
16,056,0003,0420,1605600030420,13,1.146128035678238
16,056,0008,0191,1605600080191,2136,3.3298045221640695
16,056,0008,0204,1605600080204,1569,3.1958996524092336
16,056,0008,0327,1605600080327,260,2.416640507338281
16,056,0008,0492,1605600080492,24,1.3979400086720377
16,056,0008,0524,1605600080524,19,1.3010299956639813
16,056,0008,0539,1605600080539,12,1.1139433523068367
16,056,0009,0219,1605600090219,4094,3.6122539060964374
16,057,0001,0076,1605700010076,649,2.8129133566428557
16,057,0001,0080,1605700010080,805,2.906335041805091
16,057,0001,0095,1605700010095,595,2.7752462597402365
16,057,0001,0108,1605700010108,526,2.7218106152125467
16,057,0001,0112,1605700010112,173,2.2405492482826
16,057,0001,0127,1605700010127,604,2.781755374652469
16,057,0001,0131,1605700010131,435,2.639486489268586
16,057,0001,0165,1605700010165,14,1.1760912590556813
16,057,0001,017A,160570001017A,30,1.4913616938342726
16,057,0001,0184,1605700010184,72,1.863322860120456
16,057,0001,0199,1605700010199,7,0.9030899869919435
16,058,0001,0054,1605800010054,5157,3.712481337801919
16,058,0001,0069,1605800010069,3202,3.5055569386638217
16,058,0001,0073,1605800010073,2756,3.4404367661057735
16,058,0001,0088,1605800010088,996,2.998695158311656
16,058,0001,0092,1605800010092,1596,3.203304916138483
16,058,0001,0105,1605800010105,1360,3.133858125203335
16,058,0001,011A,160580001011A,329,2.5185139398778875
16,058,0001,0143,1605800010143,457,2.660865478003869
16,058,0001,0158,1605800010158,318,2.503790683057181
16,058,0001,0162,1605800010162,45,1.662757831681574
16,058,0001,0177,1605800010177,9,1.0
16,058,0001,0181,1605800010181,39,1.6020599913279623
16,058,0001,0196,1605800010196,341,2.534026106056135
16,058,0001,0209,1605800010209,140,2.1492191126553797
16,059,0001,0051,1605900010051,672,2.828015064223977
16,059,0001,0066,1605900010066,130,2.1172712956557644
16,059,0001,0070,1605900010070,585,2.767897616018091
16,059,0001,0085,1605900010085,72,1.863322860120456
16,060,0001,0033,1606000010033,2694,3.4305587695227575
16,060,0001,0048,1606000010048,1438,3.158060793936605
16,060,0001,0052,1606000010052,568,2.7551122663950713
16,060,0001,0067,1606000010067,72,1.863322860120456
16,060,0001,0071,1606000010071,0,0.0
16,060,0001,0086,1606000010086,9,1.0
16,060,0001,0090,1606000010090,7,0.9030899869919435
16,061,0001,0030,1606100010030,1652,3.2182728535714475
16,061,0001,0045,1606100010045,492,2.69284691927723
16,061,0001,005A,160610001005A,1440,3.1586639808139894
16,061,0001,0064,1606100010064,712,2.8530895298518657
16,061,0022,0079,1606100220079,2602,3.4154741681092355
16,061,0022,0100,1606100220100,71,1.8573324964312685
16,061,0022,0115,1606100220115,122,2.089905111439398
16,061,0022,012A,160610022012A,217,2.3384564936046046
16,061,0022,0134,1606100220134,103,2.0170333392987803
16,061,0022,0149,1606100220149,23,1.380211241711606
16,061,0022,0153,1606100220153,76,1.8864907251724818
16,061,0022,0168,1606100220168,180,2.2576785748691846
16,061,0022,0172,1606100220172,5,0.7781512503836436
16,062,0001,0057,1606200010057,2206,3.343802333161655
16,062,0001,0061,1606200010061,2415,3.3830969299490943
16,062,0001,0080,1606200010080,1571,3.196452541703389
16,062,0001,0095,1606200010095,1251,3.097604328874411
16,062,0001,0108,1606200010108,591,2.77232170672292
16,062,0001,0112,1606200010112,845,2.9273703630390235
16,062,0001,0127,1606200010127,1265,3.1024337056813365
16,062,0001,0199,1606200010199,0,0.0
16,062,0001,0201,1606200010201,81,1.9138138523837167
16,062,0001,0216,1606200010216,572,2.75815462196739
16,062,0001,0220,1606200010220,124,2.0969100130080562
16,062,0001,0235,1606200010235,19,1.3010299956639813
16,062,0001,0254,1606200010254,48,1.6901960800285136
16,062,0006,0038,1606200060038,2033,3.308350948586726
16,062,0006,0131,1606200060131,846,2.9278834103307068
16,062,0006,0146,1606200060146,626,2.7972675408307164
16,062,0006,024A,160620006024A,141,2.1522883443830563
16,063,0001,004A,160630001004A,2485,3.395501124305626
16,063,0001,0073,1606300010073,51,1.7160033436347992
16,063,0001,0088,1606300010088,299,2.4771212547196626
16,063,0001,0092,1606300010092,836,2.92272545799326
16,063,0001,0105,1606300010105,1137,3.056142262059052
16,063,0001,011A,160630001011A,459,2.662757831681574
16,064,0001,0155,1606400010155,548,2.739572344450092
16,064,0001,016A,160640001016A,446,2.6503075231319366
16,064,0001,0174,1606400010174,285,2.456366033129043
16,064,0001,0189,1606400010189,277,2.444044795918076
16,064,0001,0210,1606400010210,1286,3.1095785469043866
16,064,0001,0225,1606400010225,923,2.9656719712201065
16,064,0001,023A,160640001023A,47,1.6812412373755872
16,064,0001,0244,1606400010244,60,1.7853298350107671
16,064,0001,0259,1606400010259,19,1.3010299956639813
16,064,0001,0297,1606400010297,7,0.9030899869919435
16,064,0003,009A,160640003009A,1079,3.03342375548695
16,064,0003,0102,1606400030102,848,2.928907690243953
16,064,0003,0117,1606400030117,902,2.9556877503135057
16,064,0003,0121,1606400030121,1188,3.0751818546186915
16,064,0003,0136,1606400030136,1038,3.016615547557177
16,064,0003,0140,1606400030140,1546,3.1894903136993675
16,064,0003,0193,1606400030193,1021,3.009450895798694
16,064,0003,0263,1606400030263,1123,3.0507663112330423
16,064,0003,0278,1606400030278,1512,3.179838928023187
16,064,0003,0282,1606400030282,14,1.1760912590556813
16,065,0001,0044,1606500010044,1869,3.271841606536499
16,065,0001,0059,1606500010059,2325,3.3666097103924297
16,065,0001,0063,1606500010063,1877,3.273695587930092
16,065,0001,0078,1606500010078,2772,3.4429498695778618
16,065,0001,0097,1606500010097,1028,3.012415374762433
16,065,0001,010A,160650001010A,1205,3.0813473078041325
16,065,0001,0114,1606500010114,1362,3.1344958558346736
16,065,0001,0129,1606500010129,1427,3.1547282074401557
16,065,0001,0152,1606500010152,2102,3.322839272686321
16,065,0001,0171,1606500010171,6,0.8450980400142568
16,065,0001,0186,1606500010186,140,2.1492191126553797
16,065,0001,0190,1606500010190,706,2.8494194137968996
16,065,0001,0203,1606500010203,329,2.5185139398778875
16,065,0001,0218,1606500010218,15,1.2041199826559248
16,065,0001,0222,1606500010222,105,2.0253058652647704
16,065,0001,0237,1606500010237,1263,3.1017470739463664
16,065,0001,0241,1606500010241,1971,3.2949069106051923
16,065,0001,028A,160650001028A,263,2.4216039268698313
16,065,0001,0294,1606500010294,24,1.3979400086720377
16,065,0001,0307,1606500010307,363,2.561101383649056
16,065,0001,0345,1606500010345,10,1.0413926851582251
16,065,0001,035A,160650001035A,30,1.4913616938342726
16,065,0001,0364,1606500010364,23,1.380211241711606
16,065,0005,0025,1606500050025,2942,3.468790262099611
16,065,0006,0148,1606500060148,4151,3.6182573448404014
16,065,0006,0256,1606500060256,37,1.5797835966168101
16,065,0006,0311,1606500060311,43,1.6434526764861874
16,065,0006,0379,1606500060379,30,1.4913616938342726
16,065,0006,0383,1606500060383,0,0.0
16,065,0006,0398,1606500060398,20,1.3222192947339193
16,065,0006,0400,1606500060400,18,1.2787536009528289
16,065,0008,0326,1606500080326,1747,3.2425414282983844
16,065,0008,0330,1606500080330,1371,3.137354111370733
16,065,0008,0415,1606500080415,0,0.0
16,065,0008,042A,160650008042A,26,1.4313637641589874
16,065,0008,0434,1606500080434,42,1.6334684555795864
16,065,0008,0449,1606500080449,5,0.7781512503836436
16,066,0001,0094,1606600010094,573,2.7589118923979736
16,066,0001,015A,160660001015A,1480,3.1705550585212086
16,066,0001,0164,1606600010164,1451,3.161966616364075
16,066,0001,0179,1606600010179,1873,3.2727695865517594
16,066,0001,0183,1606600010183,1611,3.2073650374690716
16,066,0001,0198,1606600010198,2981,3.474507639116976
16,066,0001,0215,1606600010215,3246,3.5114822886260013
16,066,0001,022A,160660001022A,4774,3.678973375919765
16,066,0001,0234,1606600010234,503,2.7024305364455254
16,066,0001,0249,1606600010249,1141,3.0576661039098294
16,066,0001,0253,1606600010253,1082,3.0346284566253203
16,066,0001,0268,1606600010268,2198,3.3422252293607904
16,066,0001,0287,1606600010287,3263,3.5137501500818233
16,066,0001,0395,1606600010395,3753,3.5744942682853273
16,066,0001,0408,1606600010408,2897,3.462098381135156
16,066,0001,0412,1606600010412,3362,3.5267268673146357
16,066,0001,0427,1606600010427,3658,3.5633624094866074
16,066,0001,0431,1606600010431,3369,3.5276299008713385
16,066,0001,0446,1606600010446,2660,3.425044874551389
16,066,0001,0450,1606600010450,2859,3.456366033129043
16,066,0001,0465,1606600010465,525,2.7209857441537393
16,066,0001,047A,160660001047A,1114,3.0472748673841794
16,066,0001,0484,1606600010484,91,1.9637878273455553
16,066,0001,0499,1606600010499,470,2.673020907128896
16,066,0001,0501,1606600010501,1333,3.12515582958053
16,066,0001,0520,1606600010520,732,2.8651039746411278
16,066,0001,054A,160660001054A,159,2.2041199826559246
16,066,0001,0592,1606600010592,20,1.3222192947339193
16,066,0001,061A,160660001061A,51,1.7160033436347992
16,066,0001,0677,1606600010677,1434,3.156851901070011
16,066,0001,0681,1606600010681,1256,3.0993352776859577
16,066,0001,0713,1606600010713,18,1.2787536009528289
16,066,0001,0728,1606600010728,169,2.230448921378274
16,066,0001,0732,1606600010732,27,1.4471580313422192
16,066,0001,0766,1606600010766,74,1.8750612633917
16,066,0001,0770,1606600010770,12,1.1139433523068367
16,066,0001,0840,1606600010840,796,2.9014583213961123
16,066,0001,0855,1606600010855,126,2.103803720955957
16,066,0001,086A,160660001086A,548,2.739572344450092
16,066,0001,0874,1606600010874,512,2.7101173651118162
16,066,0001,0889,1606600010889,1480,3.1705550585212086
16,066,0001,0893,1606600010893,359,2.5563025007672873
16,066,0001,0906,1606600010906,7,0.9030899869919435
16,066,0001,0910,1606600010910,0,0.0
16,066,0001,0944,1606600010944,0,0.0
16,066,0001,0959,1606600010959,22,1.3617278360175928
16,066,0001,0963,1606600010963,62,1.7993405494535817
16,066,0001,0978,1606600010978,3,0.6020599913279624
16,066,0001,0982,1606600010982,116,2.0681858617461617
16,066,0001,1016,1606600011016,245,2.3909351071033793
16,066,0001,1035,1606600011035,115,2.0644579892269186
16,066,0001,104A,160660001104A,180,2.2576785748691846
16,066,0001,1054,1606600011054,21,1.3424226808222062
16,066,0009,0075,1606600090075,2397,3.37984917876283
16,066,0009,0291,1606600090291,361,2.558708570533166
16,066,0009,0304,1606600090304,342,2.5352941200427703
16,066,0009,0319,1606600090319,1175,3.0704073217401198
16,066,0009,0323,1606600090323,703,2.847572659142112
16,066,0009,0338,1606600090338,551,2.741939077729199
16,066,0009,0554,1606600090554,29,1.4771212547196624
16,066,0009,0624,1606600090624,86,1.9395192526186185
16,066,0013,0573,1606600130573,453,2.6570558528571038
16,066,0013,0639,1606600130639,1199,3.0791812460476247
16,066,0047,0018,1606600470018,2972,3.473194909204938
16,066,0079,0785,1606600790785,3080,3.4886916983169405
16,066,0079,0997,1606600790997,176,2.247973266361807
16,066,0079,1001,1606600791001,272,2.436162647040756
16,067,0001,0072,1606700010072,204,2.311753861055754
16,067,0001,0087,1606700010087,73,1.8692317197309762
16,067,0001,0091,1606700010091,143,2.1583624920952498
16,067,0001,0104,1606700010104,784,2.8948696567452528
16,067,0001,0176,1606700010176,923,2.9656719712201065
16,067,0001,0180,1606700010180,998,2.9995654882259823
16,067,0001,0195,1606700010195,103,2.0170333392987803
16,067,0001,0208,1606700010208,65,1.8195439355418688
16,067,0001,0212,1606700010212,64,1.8129133566428555
16,068,0001,0065,1606800010065,734,2.8662873390841948
16,068,0001,007A,160680001007A,1477,3.1696744340588068
16,068,0001,0084,1606800010084,645,2.8102325179950842
16,068,0001,0099,1606800010099,1289,3.110589710299249
16,068,0001,0101,1606800010101,2097,3.3218054838575393
16,068,0001,0116,1606800010116,1132,3.0542299098633974
16,068,0001,0120,1606800010120,163,2.214843848047698
16,068,0001,0135,1606800010135,179,2.255272505103306
16,068,0001,014A,160680001014A,3400,3.531606631932722
16,068,0001,0154,1606800010154,5683,3.754654069255432
16,068,0001,0169,1606800010169,331,2.5211380837040362
16,068,0001,0173,1606800010173,393,2.595496221825574
16,068,0001,0188,1606800010188,24,1.3979400086720377
16,068,0001,0192,1606800010192,15,1.2041199826559248
16,068,0001,0205,1606800010205,90,1.9590413923210936
16,069,0001,0062,1606900010062,946,2.9763499790032735
16,069,0001,0077,1606900010077,618,2.791690649020118
16,069,0001,0113,1606900010113,2293,3.360593413565249
16,069,0001,0151,1606900010151,5869,3.7686381012476144
16,069,0001,0166,1606900010166,3221,3.5081255360831993
16,069,0001,0170,1606900010170,3113,3.4933186082321015
16,069,0001,0185,1606900010185,3575,3.55339751012388
16,069,0001,019A,160690001019A,37,1.5797835966168101
16,069,0001,0202,1606900010202,1898,3.2785249647370174
16,069,0001,0221,1606900010221,2159,3.3344537511509307
16,069,0001,0236,1606900010236,2979,3.4742162640762553
16,069,0001,0240,1606900010240,1107,3.044539760392411
16,069,0001,0255,1606900010255,533,2.727541257028556
16,069,0001,026A,160690001026A,73,1.8692317197309762
16,069,0001,0274,1606900010274,0,0.0
16,069,0001,0306,1606900010306,1069,3.0293837776852097
16,069,0001,0310,1606900010310,1476,3.1693804953119495
16,069,0001,0325,1606900010325,1126,3.0519239160461065
16,069,0001,033A,160690001033A,1493,3.1743505974793798
16,069,0001,0359,1606900010359,2861,3.4566696294237578
16,069,0001,0382,1606900010382,4391,3.6426623314420357
16,069,0001,0397,1606900010397,2368,3.374565060722765
16,069,0001,040A,160690001040A,3023,3.480581786829169
16,069,0001,0414,1606900010414,1497,3.1755118133634475
16,069,0001,0429,1606900010429,1941,3.288249225571986
16,069,0001,0433,1606900010433,1298,3.1136091510730277
16,069,0001,0448,1606900010448,3430,3.5354207180561734
16,069,0001,0452,1606900010452,1527,3.184123354239671
16,069,0001,0467,1606900010467,857,2.9334872878487053
16,069,0001,0471,1606900010471,1512,3.179838928023187
16,069,0001,0486,1606900010486,2053,3.3126004392612596
16,069,0001,0490,1606900010490,282,2.45178643552429
16,069,0001,0503,1606900010503,197,2.296665190261531
16,069,0001,0518,1606900010518,225,2.3541084391474008
16,069,0001,0522,1606900010522,364,2.5622928644564746
16,069,0001,0541,1606900010541,78,1.8976270912904414
16,069,0001,0556,1606900010556,1830,3.2626883443016963
16,069,0001,0560,1606900010560,1733,3.2390490931401916
16,069,0001,0575,1606900010575,43,1.6434526764861874
16,069,0001,058A,160690001058A,1552,3.1911714557285586
16,069,0001,0594,1606900010594,1913,3.281941933440825
16,069,0001,0607,1606900010607,3965,3.598352709869284
16,069,0001,0611,1606900010611,830,2.919601023784111
16,069,0001,0626,1606900010626,390,2.5921767573958667
16,069,0001,0630,1606900010630,1092,3.038620161949703
16,069,0001,0645,1606900010645,2212,3.344981413927258
16,069,0001,065A,160690001065A,1000,3.000434077479319
16,069,0001,0664,1606900010664,1995,3.3001605369513523
16,069,0001,0679,1606900010679,2476,3.3939260065858368
16,069,0001,0683,1606900010683,608,2.784617292632875
16,069,0001,0698,1606900010698,79,1.9030899869919435
16,069,0001,0700,1606900010700,599,2.7781512503836434
16,069,0001,0753,1606900010753,115,2.0644579892269186
16,069,0001,0768,1606900010768,57,1.7634279935629373
16,069,0001,0772,1606900010772,167,2.225309281725863
16,069,0001,0787,1606900010787,563,2.751279103983342
16,069,0001,0791,1606900010791,419,2.6232492903979003
16,069,0001,0804,1606900010804,940,2.973589623427257
16,069,0001,0819,1606900010819,113,2.0569048513364727
16,069,0001,0823,1606900010823,862,2.9360107957152097
16,069,0183,0217,1606901830217,2758,3.4407517004791854
16,069,0183,0715,1606901830715,1406,3.1482940974347455
16,070,0001,003A,160700001003A,3278,3.515741416669365
16,070,0001,0059,1607000010059,845,2.9273703630390235
16,070,0001,0063,1607000010063,1066,3.0281644194244697
16,070,0001,0078,1607000010078,726,2.8615344108590377
16,070,0001,0082,1607000010082,437,2.6414741105040997
16,070,0001,0097,1607000010097,544,2.7363965022766426
16,070,0001,0129,1607000010129,2700,3.431524584187451
16,070,0001,0133,1607000010133,2331,3.3677285460869766
16,070,0001,0148,1607000010148,749,2.8750612633917
16,070,0001,0152,1607000010152,261,2.4183012913197452
16,070,0001,0167,1607000010167,27,1.4471580313422192
16,070,0001,0171,1607000010171,429,2.6334684555795866
16,070,0001,0186,1607000010186,75,1.8808135922807914
16,070,0001,0190,1607000010190,167,2.225309281725863
16,070,0001,0203,1607000010203,12,1.1139433523068367
16,070,0001,0218,1607000010218,0,0.0
16,070,0001,0222,1607000010222,26,1.4313637641589874
16,070,0001,0237,1607000010237,4,0.6989700043360189
16,070,0001,0241,1607000010241,144,2.161368002234975
16,071,0001,0145,1607100010145,3909,3.5921767573958667
16,071,0001,015A,160710001015A,4393,3.6428600525844916
16,071,0001,0179,1607100010179,1142,3.0580462303952816
16,071,0001,0183,1607100010183,3619,3.558708570533166
16,071,0001,0198,1607100010198,1306,3.116275587580544
16,071,0001,022A,160710001022A,3286,3.5167997040816243
16,071,0001,0249,1607100010249,890,2.949877704036875
16,071,0001,0253,1607100010253,1451,3.161966616364075
16,071,0001,0268,1607100010268,47,1.6812412373755872
16,071,0001,0272,1607100010272,2675,3.4274861090957853
16,071,0001,0287,1607100010287,874,2.942008053022313
16,071,0001,0427,1607100010427,2265,3.3552599055273786
16,071,0001,0446,1607100010446,3017,3.479719235439571
16,071,0001,0520,1607100010520,271,2.4345689040341987
16,071,0001,0535,1607100010535,116,2.0681858617461617
16,071,0001,054A,160710001054A,77,1.8920946026904804
16,071,0001,0554,1607100010554,1447,3.1607685618611283
16,071,0001,0569,1607100010569,1425,3.154119525515847
16,071,0001,0639,1607100010639,51,1.7160033436347992
16,071,0001,0643,1607100010643,31,1.505149978319906
16,071,0001,0681,1607100010681,38,1.591064607026499
16,071,0001,0713,1607100010713,3,0.6020599913279624
16,071,0018,0408,1607100180408,1174,3.070037866607755
16,071,0018,0412,1607100180412,1269,3.103803720955957
16,071,0018,0450,1607100180450,165,2.220108088040055
16,071,0018,0465,1607100180465,95,1.9822712330395684
16,071,0018,0658,1607100180658,110,2.0453229787866576
16,071,0018,0662,1607100180662,64,1.8129133566428555
16,071,0018,0677,1607100180677,9,1.0
16,071,0018,0696,1607100180696,0,0.0
16,071,0061,0164,1607100610164,2806,3.448242412634439
16,071,0061,0200,1607100610200,773,2.8887409606828927
16,071,0061,0431,1607100610431,254,2.406540180433955
16,071,0061,0484,1607100610484,22,1.3617278360175928
16,071,0061,0499,1607100610499,109,2.041392685158225
16,071,0061,0501,1607100610501,205,2.3138672203691533
16,071,0061,0516,1607100610516,24,1.3979400086720377
16,071,0061,0709,1607100610709,2,0.47712125471966244
16,072,0001,0049,1607200010049,3809,3.5809249756756194
16,072,0001,0053,1607200010053,2356,3.3723595825243238
16,072,0001,0068,1607200010068,1448,3.1610683854711747
16,072,0001,0072,1607200010072,809,2.90848501887865
16,072,0001,0087,1607200010087,546,2.737987326333431
16,072,0001,0091,1607200010091,80,1.9084850188786497
16,072,0001,0119,1607200010119,357,2.5538830266438746
16,072,0001,0123,1607200010123,59,1.7781512503836436
16,072,0001,0138,1607200010138,9,1.0
16,073,0001,0084,1607300010084,3377,3.5286596452349897
16,073,0001,0099,1607300010099,1101,3.042181594515766
16,073,0001,0101,1607300010101,1573,3.1970047280230456
16,073,0001,0116,1607300010116,1916,3.2826221128780624
16,073,0001,0120,1607300010120,691,2.840106094456758
16,073,0001,0205,1607300010205,3,0.6020599913279624
16,073,0001,021A,160730001021A,80,1.9084850188786497
16,073,0001,0258,1607300010258,452,2.656098202012832
16,073,0001,0262,1607300010262,273,2.437750562820388
16,073,0001,0277,1607300010277,3051,3.484584529282843
16,073,0001,0281,1607300010281,1764,3.2467447097238415
16,073,0001,0296,1607300010296,632,2.801403710017355
16,073,0001,0309,1607300010309,38,1.591064607026499
16,073,0001,0313,1607300010313,29,1.4771212547196624
16,073,0001,0328,1607300010328,151,2.1818435879447726
16,073,0001,0332,1607300010332,11,1.0791812460476249
16,073,0001,0347,1607300010347,32,1.5185139398778875
16,073,0001,0351,1607300010351,0,0.0
16,073,0001,0366,1607300010366,75,1.8808135922807914
16,073,0001,0370,1607300010370,0,0.0
16,073,0008,0027,1607300080027,2024,3.3064250275506875
16,073,0008,0169,1607300080169,197,2.296665190261531
16,073,0008,0192,1607300080192,43,1.6434526764861874
16,073,0008,0224,1607300080224,8,0.9542425094393249
16,073,0008,0239,1607300080239,146,2.167317334748176
16,073,0011,0046,1607300110046,3396,3.531095546870028
16,073,0011,0135,1607300110135,712,2.8530895298518657
16,073,0011,014A,160730011014A,249,2.3979400086720375
16,073,0011,0154,1607300110154,986,2.9943171526696366
16,073,0011,0243,1607300110243,50,1.7075701760979363
16,074,0001,0039,1607400010039,1007,3.0034605321095067
16,074,0001,0043,1607400010043,2398,3.380030247967831
16,074,0001,0058,1607400010058,116,2.0681858617461617
16,074,0001,0062,1607400010062,2722,3.4350476413399647
16,074,0001,0077,1607400010077,856,2.932980821923198
16,074,0001,0081,1607400010081,4,0.6989700043360189
16,074,0001,0096,1607400010096,55,1.7481880270062005
16,074,0001,0109,1607400010109,93,1.9731278535996986
16,075,0001,0089,1607500010089,2549,3.406540180433955
16,075,0001,0093,1607500010093,2485,3.395501124305626
16,075,0001,0106,1607500010106,2169,3.3364597338485296
16,075,0001,0110,1607500010110,1985,3.2979792441593623
16,075,0001,0125,1607500010125,3282,3.5162708827293403
16,075,0001,0159,1607500010159,3236,3.5101426994025733
16,075,0001,0178,1607500010178,1037,3.016197353512439
16,075,0001,0197,1607500010197,2147,3.332034277027518
16,075,0001,0248,1607500010248,2710,3.4331295175804857
16,075,0001,0252,1607500010252,2089,3.3201462861110542
16,075,0001,0271,1607500010271,1128,3.052693941924968
16,075,0001,0303,1607500010303,2134,3.329397879361043
16,075,0001,0318,1607500010318,1896,3.2780673308886628
16,075,0001,0322,1607500010322,1803,3.256236533205923
16,075,0001,0337,1607500010337,1947,3.2895889525425965
16,075,0001,0341,1607500010341,516,2.7134905430939424
16,075,0001,0360,1607500010360,2335,3.3684728384403617
16,075,0001,0375,1607500010375,3160,3.49982449583958
16,075,0001,038A,160750001038A,445,2.649334858712142
16,075,0001,0394,1607500010394,3565,3.5521813388393357
16,075,0001,0407,1607500010407,2235,3.3494717992143856
16,075,0001,0411,1607500010411,807,2.907411360774586
16,075,0001,0426,1607500010426,28,1.462397997898956
16,075,0001,0430,1607500010430,115,2.0644579892269186
16,075,0001,0445,1607500010445,1520,3.182129214052998
16,075,0001,045A,160750001045A,434,2.6384892569546374
16,075,0001,0464,1607500010464,0,0.0
16,075,0001,0479,1607500010479,2183,3.3392526340327
16,075,0002,0021,1607500020021,2631,3.4202858849419178
16,075,0008,0017,1607500080017,2689,3.429752280002408
16,075,0013,0286,1607500130286,1443,3.1595671932336202
16,075,0013,0290,1607500130290,1681,3.2258259914618934
16,075,0013,0356,1607500130356,605,2.782472624166286
16,075,0024,0500,1607500240500,1144,3.0588054866759067
16,075,0024,0515,1607500240515,2583,3.4122925093230463
16,076,0001,0033,1607600010033,4956,3.6952189189051508
16,076,0001,0048,1607600010048,1785,3.2518814545525276
16,076,0001,0052,1607600010052,6847,3.835563751669097
16,076,0001,0067,1607600010067,3533,3.5482665451707454
16,076,0001,0071,1607600010071,4790,3.680426170858145
16,076,0001,0086,1607600010086,3917,3.5930644316587177
16,076,0001,0090,1607600010090,4258,3.629307640073749
16,076,0001,0103,1607600010103,2619,3.4183012913197452
16,076,0001,0118,1607600010118,4722,3.6742179455767
16,076,0001,0137,1607600010137,4018,3.604118006192035
16,076,0001,0175,1607600010175,1351,3.130976691605617
16,076,0001,018A,160760001018A,2454,3.3900514964589874
16,076,0001,0194,1607600010194,450,2.6541765418779604
16,076,0001,0211,1607600010211,56,1.7558748556724915
16,076,0001,0226,1607600010226,321,2.507855871695831
16,076,0001,0230,1607600010230,538,2.7315887651867388
16,076,0001,0245,1607600010245,2426,3.385069776331935
16,076,0001,0264,1607600010264,834,2.921686475483602
16,076,0001,0279,1607600010279,1269,3.103803720955957
16,076,0001,0283,1607600010283,2104,3.323252100171687
16,076,0001,0298,1607600010298,2064,3.31492005599242
16,076,0001,0300,1607600010300,1006,3.003029470553618
16,076,0001,0315,1607600010315,1956,3.2915908256580013
16,076,0001,032A,160760001032A,1169,3.0681858617461617
16,076,0001,0334,1607600010334,369,2.568201724066995
16,076,0001,0349,1607600010349,2434,3.386498965550653
16,076,0001,0353,1607600010353,2513,3.400365273349939
16,076,0001,0368,1607600010368,2129,3.3283796034387376
16,076,0001,0495,1607600010495,3034,3.482158695411276
16,076,0001,0508,1607600010508,78,1.8976270912904414
16,076,0001,0512,1607600010512,0,0.0
16,076,0001,0546,1607600010546,13,1.146128035678238
16,076,0001,0550,1607600010550,29,1.4771212547196624
16,076,0055,0527,1607600550527,2447,3.3888114134735234
16,077,0001,0079,1607700010079,574,2.7596678446896306
16,077,0001,0098,1607700010098,599,2.7781512503836434
16,077,0001,0100,1607700010100,526,2.7218106152125467
16,077,0001,0115,1607700010115,351,2.546542663478131
16,077,0001,012A,160770001012A,428,2.6324572921847245
16,077,0001,0172,1607700010172,559,2.7481880270062002
16,077,0001,0187,1607700010187,206,2.315970345456918
16,077,0067,0223,1607700670223,1913,3.281941933440825
16,077,0067,0238,1607700670238,1232,3.0909630765957314
16,077,0067,0242,1607700670242,19,1.3010299956639813
16,077,0067,0257,1607700670257,70,1.8512583487190752
16,078,0001,0042,1607800010042,507,2.7058637122839193
16,078,0001,0057,1607800010057,432,2.6364878963533656
16,078,0001,0061,1607800010061,1335,3.125806458139527
16,078,0001,0076,1607800010076,1826,3.2617385473525378
16,078,0001,0080,1607800010080,2429,3.385606273598312
16,078,0001,0095,1607800010095,272,2.436162647040756
16,078,0001,0108,1607800010108,156,2.1958996524092336
16,078,0001,0112,1607800010112,165,2.220108088040055
16,078,0001,0127,1607800010127,27,1.4471580313422192
16,078,0001,0131,1607800010131,63,1.806179973983887
16,078,0001,0146,1607800010146,8,0.9542425094393249
16,079,0001,0073,1607900010073,5813,3.764475027434409
16,079,0001,0088,1607900010088,4512,3.654465333520146
16,079,0001,0143,1607900010143,415,2.6190933306267428
16,079,0001,0158,1607900010158,2892,3.461348433647983
16,079,0001,0162,1607900010162,769,2.886490725172482
16,079,0001,0177,1607900010177,1527,3.184123354239671
16,079,0001,0266,1607900010266,163,2.214843848047698
16,079,0001,0285,1607900010285,55,1.7481880270062005
16,079,0001,029A,160790001029A,0,0.0
16,079,0001,0302,1607900010302,22,1.3617278360175928
16,079,0001,0317,1607900010317,261,2.4183012913197452
16,079,0001,0321,1607900010321,319,2.505149978319906
16,079,0045,0105,1607900450105,1502,3.176958980586908
16,079,0045,011A,160790045011A,1393,3.144262773761991
16,079,0045,0124,1607900450124,984,2.9934362304976116
16,079,0045,0139,1607900450139,1539,3.187520720836463
16,079,0045,0228,1607900450228,3460,3.539201599294128
16,079,0045,0247,1607900450247,2025,3.3066394410242617
16,079,0045,0251,1607900450251,190,2.2810333672477277
16,079,0045,0270,1607900450270,211,2.326335860928751
16,079,0075,0016,1607900750016,3263,3.5137501500818233
16,080,0001,0055,1608000010055,531,2.7259116322950483
16,080,0001,006A,160800001006A,288,2.4608978427565478
16,080,0001,0074,1608000010074,229,2.361727836017593
16,080,0001,0089,1608000010089,431,2.635483746814912
16,080,0001,0093,1608000010093,1254,3.098643725817057
16,080,0001,0106,1608000010106,30,1.4913616938342726
16,081,0001,0052,1608100010052,326,2.514547752660286
16,081,0001,0067,1608100010067,63,1.806179973983887
16,081,0001,0071,1608100010071,35,1.5563025007672873
16,081,0001,0086,1608100010086,2,0.47712125471966244
16,082,0001,012A,160820001012A,3389,3.530199698203082
16,082,0001,0153,1608200010153,2141,3.330819466495837
16,082,0001,0172,1608200010172,2707,3.4326486600131068
16,082,0001,0295,1608200010295,2891,3.461198288622493
16,082,0001,0308,1608200010308,2888,3.460747541844197
16,082,0001,0312,1608200010312,2758,3.4407517004791854
16,082,0001,0327,1608200010327,1095,3.0398105541483504
16,082,0001,0350,1608200010350,1525,3.1835545336188615
16,082,0001,0365,1608200010365,4291,3.6326597132939136
16,082,0001,037A,160820001037A,1115,3.04766419460156
16,082,0001,0384,1608200010384,202,2.307496037913213
16,082,0001,0399,1608200010399,33,1.5314789170422551
16,082,0001,0401,1608200010401,1298,3.1136091510730277
16,082,0001,0416,1608200010416,1792,3.253580289562183
16,082,0001,0492,1608200010492,63,1.806179973983887
16,082,0001,0505,1608200010505,569,2.7558748556724915
16,082,0001,051A,160820001051A,162,2.2121876044039577
16,082,0001,0524,1608200010524,631,2.800717078282385
16,082,0001,0539,1608200010539,589,2.7708520116421442
16,082,0001,0543,1608200010543,310,2.4927603890268375
16,082,0001,0558,1608200010558,70,1.8512583487190752
16,082,0038,0100,1608200380100,2516,3.4008832155483626
16,082,0066,0115,1608200660115,4159,3.6190933306267428
16,082,0066,0257,1608200660257,631,2.800717078282385
16,082,0066,0261,1608200660261,452,2.656098202012832
16,082,0066,0276,1608200660276,1167,3.0674428427763805
16,082,0066,0280,1608200660280,524,2.720159303405957
16,082,0066,0420,1608200660420,29,1.4771212547196624
16,082,0066,0435,1608200660435,5,0.7781512503836436
16,082,0105,044A,160820105044A,1437,3.1577588860468637
16,082,0105,0454,1608201050454,1308,3.116939646550756
16,083,0001,0057,1608300010057,5342,3.727785174182906
16,083,0001,0108,1608300010108,496,2.696356388733332
16,083,0001,0112,1608300010112,251,2.401400540781544
16,083,0001,0127,1608300010127,676,2.8305886686851442
16,083,0001,0131,1608300010131,1317,3.119915410257991
16,083,0001,0146,1608300010146,51,1.7160033436347992
16,084,0001,0073,1608400010073,2591,3.413634997198556
16,084,0001,0124,1608400010124,1560,3.1934029030624176
16,084,0001,0139,1608400010139,1612,3.2076343673889616
16,084,0001,0143,1608400010143,199,2.3010299956639813
16,084,0001,0158,1608400010158,1458,3.1640552918934515
16,084,0001,0181,1608400010181,658,2.8188854145940097
16,084,0001,0213,1608400010213,2092,3.3207692283386865
16,084,0001,0228,1608400010228,556,2.745855195173729
16,084,0001,0251,1608400010251,84,1.9294189257142926
16,084,0001,0266,1608400010266,264,2.423245873936808
16,084,0001,0302,1608400010302,12,1.1139433523068367
16,084,0004,0232,1608400040232,2095,3.321391278311689
16,084,0004,0247,1608400040247,2904,3.4631461367263494
16,084,0004,0270,1608400040270,72,1.863322860120456
16,084,0004,0285,1608400040285,28,1.462397997898956
16,084,0004,029A,160840004029A,14,1.1760912590556813
16,084,0020,0088,1608400200088,2195,3.3416323357780544
16,084,0020,0092,1608400200092,1164,3.0663259253620376
16,084,0020,0105,1608400200105,1057,3.024485667699167
16,084,0020,011A,160840020011A,737,2.8680563618230415
16,084,0020,0196,1608400200196,2189,3.3404441148401185
16,084,0020,0209,1608400200209,3106,3.4923412532549745
16,085,0001,009A,160850001009A,2946,3.469380135849925
16,085,0001,0102,1608500010102,1855,3.268577971882843
16,085,0001,0117,1608500010117,2232,3.348888723071438
16,085,0001,0121,1608500010121,3286,3.5167997040816243
16,085,0001,0136,1608500010136,2199,3.342422680822206
16,085,0001,0140,1608500010140,1105,3.0437551269686796
16,085,0001,0155,1608500010155,954,2.9800033715837464
16,085,0001,0297,1608500010297,0,0.0
16,085,0001,030A,160850001030A,513,2.710963118995276
16,085,0001,0314,1608500010314,27,1.4471580313422192
16,085,0001,0329,1608500010329,297,2.4742162640762553
16,085,0017,016A,160850017016A,236,2.374748346010104
16,085,0017,0174,1608500170174,229,2.361727836017593
16,085,0017,0189,1608500170189,702,2.846955325019824
16,085,0017,0278,1608500170278,1583,3.1997551772534747
16,085,0017,0282,1608500170282,1106,3.044147620878723
16,085,0040,0263,1608500400263,2773,3.443106456737266
16,086,0001,0044,1608600010044,2493,3.396896449142524
16,086,0001,0059,1608600010059,1755,3.244524511570084
16,086,0001,0063,1608600010063,439,2.6434526764861874
16,086,0001,0078,1608600010078,1395,3.144885418287142
16,086,0001,0082,1608600010082,1658,3.219846386024361
16,086,0001,0114,1608600010114,272,2.436162647040756
16,086,0001,0129,1608600010129,144,2.161368002234975
16,086,0001,0133,1608600010133,551,2.741939077729199
16,087,0001,0041,1608700010041,591,2.77232170672292
16,087,0001,0056,1608700010056,843,2.926342446625655
16,087,0001,0060,1608700010060,1100,3.041787318971752
16,087,0001,0075,1608700010075,482,2.683947130751512
16,087,0001,008A,160870001008A,1890,3.27669152884504
16,087,0001,0094,1608700010094,2184,3.3394514413064407
16,087,0001,0107,1608700010107,27,1.4471580313422192
16,088,0001,002A,160880001002A,3752,3.5743785644130823
16,088,0001,0068,1608800010068,87,1.9444826721501687
16,088,0001,0072,1608800010072,821,2.9148718175400505
16,088,0001,0087,1608800010087,1229,3.089905111439398
16,088,0001,0161,1608800010161,112,2.0530784434834195
16,088,0001,0176,1608800010176,268,2.429752280002408
16,088,0001,0195,1608800010195,133,2.1271047983648077
16,088,0001,0265,1608800010265,50,1.7075701760979363
16,088,0001,0299,1608800010299,116,2.0681858617461617
16,088,0001,0301,1608800010301,230,2.3636119798921444
16,088,0001,0354,1608800010354,55,1.7481880270062005
16,088,0017,0227,1608800170227,3291,3.5174598265402324
16,088,0017,0231,1608800170231,1828,3.262213705476417
16,088,0017,0316,1608800170316,11,1.0791812460476249
16,088,0033,0443,1608800330443,714,2.8543060418010806
16,088,0033,0458,1608800330458,1915,3.2823955047425257
16,088,0038,0119,1608800380119,907,2.958085848521085
16,088,0038,0123,1608800380123,836,2.92272545799326
16,088,0038,0142,1608800380142,1022,3.00987563371216
16,088,0038,0157,1608800380157,1018,3.0081741840064264
16,088,0038,0180,1608800380180,316,2.5010592622177517
16,088,0038,0246,1608800380246,24,1.3979400086720377
16,088,0038,0250,1608800380250,78,1.8976270912904414
16,088,0038,0320,1608800380320,13,1.146128035678238
16,088,0039,0208,1608800390208,1214,3.084576277934331
16,088,0039,0212,1608800390212,1635,3.2137832993353044
16,088,0039,0335,1608800390335,0,0.0
16,088,0039,034A,160880039034A,8,0.9542425094393249
16,088,0065,0462,1608800650462,1151,3.061452479087193
16,088,0065,0477,1608800650477,1177,3.0711452904510828
16,088,0065,0481,1608800650481,857,2.9334872878487053
16,088,0065,0496,1608800650496,0,0.0
16,088,0114,027A,160880114027A,4385,3.642068627341504
16,088,0114,0439,1608801140439,0,0.0
16,088,0124,0369,1608801240369,3402,3.531861949095809
16,088,0124,0373,1608801240373,4057,3.608312042697327
16,088,0124,0388,1608801240388,2305,3.36285930295868
16,088,0132,0284,1608801320284,2911,3.4641913706409997
16,088,0140,041A,160880140041A,3536,3.5486350598147514
16,088,0145,0392,1608801450392,4415,3.6450290647211423
16,088,0145,0405,1608801450405,4712,3.6732974397596356
16,088,0147,0532,1608801470532,2573,3.410608542568368
16,088,0164,0509,1608801640509,2762,3.4413808849165113
16,088,0164,0513,1608801640513,2353,3.371806458507416
16,088,0164,0528,1608801640528,3493,3.543322900646912
16,089,0001,0116,1608900010116,1719,3.2355284469075487
16,089,0001,0169,1608900010169,358,2.5550944485783194
16,089,0001,0173,1608900010173,1390,3.143327129992046
16,089,0001,0188,1608900010188,1152,3.061829307294699
16,089,0001,0192,1608900010192,727,2.862131379313037
16,089,0001,0239,1608900010239,1510,3.1792644643390253
16,089,0001,0243,1608900010243,1987,3.2984163800612945
16,089,0001,0258,1608900010258,1182,3.0729847446279304
16,089,0001,0262,1608900010262,1997,3.3005954838899636
16,089,0001,0309,1608900010309,657,2.8182258936139557
16,089,0001,0313,1608900010313,1056,3.024074987307426
16,089,0001,0328,1608900010328,609,2.785329835010767
16,089,0001,0332,1608900010332,1165,3.0666985504229953
16,089,0001,0347,1608900010347,1300,3.1142772965615864
16,089,0001,0351,1608900010351,26,1.4313637641589874
16,089,0001,0366,1608900010366,73,1.8692317197309762
16,089,0001,0370,1608900010370,160,2.2068258760318495
16,089,0001,0385,1608900010385,64,1.8129133566428555
16,089,0001,039A,160890001039A,31,1.505149978319906
16,089,0001,0402,1608900010402,111,2.0492180226701815
16,089,0001,0417,1608900010417,19,1.3010299956639813
16,090,0001,0066,1609000010066,2277,3.3575537197430814
16,090,0001,0070,1609000010070,2073,3.316808752053022
16,090,0001,0085,1609000010085,1826,3.2617385473525378
16,090,0001,009A,160900001009A,620,2.79309160017658
16,090,0001,0102,1609000010102,339,2.531478917042255
16,090,0001,0117,1609000010117,564,2.7520484478194387
16,090,0001,016A,160900001016A,967,2.9858753573083936
16,090,0001,0244,1609000010244,77,1.8920946026904804
16,090,0001,0259,1609000010259,206,2.315970345456918
16,090,0001,0263,1609000010263,191,2.2833012287035497
16,090,0007,0121,1609000070121,232,2.367355921026019
16,090,0007,0136,1609000070136,151,2.1818435879447726
16,090,0007,0140,1609000070140,311,2.494154594018443
16,090,0007,0155,1609000070155,561,2.749736315569061
16,090,0007,0193,1609000070193,123,2.093421685162235
16,090,0007,0206,1609000070206,2404,3.3811150807098507
16,090,0007,0210,1609000070210,1914,3.2821687783046416
16,091,0001,0063,1609100010063,997,2.999130541287371
16,091,0001,0082,1609100010082,2071,3.3163897510731952
16,091,0001,0097,1609100010097,1146,3.0595634179012676
16,091,0001,010A,160910001010A,1184,3.0737183503461227
16,091,0001,0171,1609100010171,1309,3.1172712956557644
16,091,0001,0186,1609100010186,895,2.9523080096621253
16,091,0001,0190,1609100010190,67,1.8325089127062364
16,091,0001,0203,1609100010203,27,1.4471580313422192
16,091,0001,0218,1609100010218,92,1.968482948553935
16,092,0001,0198,1609200010198,769,2.886490725172482
16,092,0001,0200,1609200010200,831,2.920123326290724
16,092,0001,0215,1609200010215,388,2.5899496013257077
16,092,0001,022A,160920001022A,911,2.959994838328416
16,092,0001,0234,1609200010234,107,2.03342375548695
16,092,0001,0249,1609200010249,201,2.305351369446624
16,092,0001,0253,1609200010253,106,2.0293837776852097
16,092,0001,0268,1609200010268,175,2.24551266781415
16,092,0001,0272,1609200010272,29,1.4771212547196624
16,092,0001,0376,1609200010376,147,2.1702617153949575
16,093,0001,0034,1609300010034,1516,3.1809855807867304
16,093,0001,0068,1609300010068,194,2.290034611362518
16,093,0001,0072,1609300010072,501,2.7007037171450192
16,093,0001,0087,1609300010087,572,2.75815462196739
16,093,0001,0091,1609300010091,364,2.5622928644564746
16,093,0001,0104,1609300010104,475,2.677606952720493
16,093,0001,0123,1609300010123,5,0.7781512503836436
16,094,0001,0046,1609400010046,958,2.9818186071706636
16,094,0001,007A,160940001007A,736,2.8674674878590514
16,094,0001,0084,1609400010084,191,2.2833012287035497
16,094,0001,0099,1609400010099,391,2.593286067020457
16,094,0001,0101,1609400010101,278,2.4456042032735974
16,094,0001,0116,1609400010116,418,2.622214022966295
16,094,0001,0120,1609400010120,30,1.4913616938342726
16,095,0001,0109,1609500010109,18,1.2787536009528289
16,095,0001,0113,1609500010113,537,2.7307822756663893
16,095,0001,0128,1609500010128,75,1.8808135922807914
16,095,0001,0132,1609500010132,153,2.187520720836463
16,095,0001,0202,1609500010202,380,2.5809249756756194
16,095,0001,0217,1609500010217,646,2.8109042806687006
16,095,0001,0221,1609500010221,34,1.5440680443502757
16,095,0001,0236,1609500010236,46,1.6720978579357175
16,095,0001,0240,1609500010240,0,0.0
16,095,0040,0096,1609500400096,1564,3.194514341882467
16,095,0040,0147,1609500400147,766,2.884795363948981
16,095,0040,0151,1609500400151,553,2.74350976472843
16,095,0040,0166,1609500400166,78,1.8976270912904414
16,095,0040,0185,1609500400185,2596,3.4144719496293026
16,095,0040,019A,160950040019A,2198,3.3422252293607904
16,095,0040,0255,1609500400255,24,1.3979400086720377
16,095,0040,026A,160950040026A,6,0.8450980400142568
16,096,0001,0252,1609600010252,515,2.7126497016272113
16,096,0001,0267,1609600010267,329,2.5185139398778875
16,096,0001,0322,1609600010322,1072,3.030599721965951
16,096,0001,0337,1609600010337,545,2.7371926427047373
16,096,0001,0341,1609600010341,25,1.414973347970818
16,097,0001,018A,160970001018A,811,2.9095560292411755
16,097,0001,0264,1609700010264,573,2.7589118923979736
16,097,0001,0279,1609700010279,102,2.012837224705172
16,097,0001,0283,1609700010283,453,2.6570558528571038
16,097,0001,0423,1609700010423,25,1.414973347970818
16,097,0001,0438,1609700010438,98,1.99563519459755
16,097,0001,0476,1609700010476,13,1.146128035678238
16,097,0074,0207,1609700740207,282,2.45178643552429
16,097,0074,0298,1609700740298,106,2.0293837776852097
16,097,0074,0300,1609700740300,210,2.3242824552976926
16,097,0074,0315,1609700740315,231,2.3654879848909
16,097,0074,032A,160970074032A,332,2.5224442335063197
16,097,0074,0387,1609700740387,338,2.530199698203082
16,097,0074,0391,1609700740391,652,2.814913181275074
16,097,0158,0211,1609701580211,1373,3.137986732723532
16,097,0158,0226,1609701580226,279,2.4471580313422194
16,097,0158,0230,1609701580230,643,2.808885867359812
16,097,0158,0245,1609701580245,200,2.303196057420489
16,097,0158,025A,160970158025A,145,2.164352855784437
16,097,0158,0404,1609701580404,2203,3.3432115901797474
16,097,0158,0419,1609701580419,1813,3.2586372827240764
16,097,0158,0442,1609701580442,4,0.6989700043360189
16,097,0158,0457,1609701580457,127,2.1072099696478683
16,097,0158,0461,1609701580461,58,1.7708520116421442
16,097,0158,0480,1609701580480,0,0.0
16,098,0001,0045,1609800010045,3117,3.4938761108528227
16,098,0001,005A,160980001005A,758,2.88024177589548
16,098,0001,0064,1609800010064,1206,3.081707270097349
16,098,0001,0079,1609800010079,2301,3.362105319293773
16,098,0001,0083,1609800010083,1580,3.198931869932209
16,099,0001,0131,1609900010131,1481,3.170848203643309
16,099,0001,0146,1609900010146,760,2.8813846567705728
16,099,0001,0150,1609900010150,456,2.6599162000698504
16,099,0001,0165,1609900010165,148,2.173186268412274
16,099,0001,0220,1609900010220,114,2.060697840353612
16,100,0001,0064,1610000010064,266,2.4265112613645754
16,100,0001,0079,1610000010079,287,2.459392487759231
16,100,0001,0098,1610000010098,1803,3.256236533205923
16,100,0001,0100,1610000010100,1106,3.044147620878723
16,100,0001,0115,1610000010115,35,1.5563025007672873
16,100,0001,012A,161000001012A,313,2.496929648073215
16,100,0001,0168,1610000010168,20,1.3222192947339193
16,100,0009,0030,1610000090030,3311,3.5200903281128424
16,100,0009,005A,161000009005A,519,2.716003343634799
16,100,0009,0134,1610000090134,117,2.0718820073061255
16,100,0009,0149,1610000090149,0,0.0
16,100,0009,0153,1610000090153,3,0.6020599913279624
16,101,0001,0146,1610100010146,613,2.788168371141168
16,101,0001,0150,1610100010150,121,2.0863598306747484
16,101,0001,0165,1610100010165,124,2.0969100130080562
16,101,0001,017A,161010001017A,137,2.1398790864012365
16,101,0001,0184,1610100010184,30,1.4913616938342726
16,101,0001,0199,1610100010199,26,1.4313637641589874
16,102,0001,0143,1610200010143,1495,3.1749315935284423
16,102,0001,0162,1610200010162,2689,3.429752280002408
16,102,0001,0177,1610200010177,3473,3.54082981411108
16,102,0001,0181,1610200010181,3233,3.509740015570382
16,102,0001,0196,1610200010196,3127,3.4952667443878105
16,102,0001,0209,1610200010209,1385,3.141763230275788
16,102,0001,0213,1610200010213,4188,3.6221103603612197
16,102,0001,0232,1610200010232,3721,3.570776368794748
16,102,0001,0247,1610200010247,5552,3.7445276734725668
16,102,0001,0251,1610200010251,4226,3.626032247829019
16,102,0001,0270,1610200010270,1444,3.1598678470925665
16,102,0001,029A,161020001029A,4121,3.615107987443194
16,102,0001,0302,1610200010302,2601,3.4153072922255676
16,102,0001,0317,1610200010317,2956,3.4708513245261177
16,102,0001,0336,1610200010336,1559,3.1931245983544616
16,102,0001,0355,1610200010355,4081,3.6108730003800518
16,102,0001,036A,161020001036A,1716,3.2347702951609163
16,102,0001,0374,1610200010374,1935,3.286905352972375
16,102,0001,0389,1610200010389,954,2.9800033715837464
16,102,0001,0406,1610200010406,4709,3.673020907128896
16,102,0001,0444,1610200010444,2364,3.3738311450738303
16,102,0001,0459,1610200010459,4804,3.681693392004564
16,102,0001,0497,1610200010497,246,2.392696953259666
16,102,0001,0514,1610200010514,5806,3.763951826033324
16,102,0001,0533,1610200010533,3771,3.5765716840652906
16,102,0001,0548,1610200010548,3470,3.540454613671412
16,102,0001,0567,1610200010567,4654,3.6679196853173615
16,102,0001,0571,1610200010571,4321,3.6356847625472226
16,102,0001,0586,1610200010586,4344,3.6379897807846855
16,102,0001,0590,1610200010590,2468,3.3925210899319325
16,102,0001,0603,1610200010603,2717,3.4342494523964757
16,102,0001,068A,161020001068A,1765,3.24699069924155
16,102,0001,0694,1610200010694,2624,3.4191293077419758
16,102,0001,0707,1610200010707,1684,3.2265999052073573
16,102,0001,0711,1610200010711,1843,3.2657609167176105
16,102,0001,0726,1610200010726,2540,3.4050046650503694
16,102,0001,0730,1610200010730,1874,3.2730012720637376
16,102,0001,0783,1610200010783,1019,3.0086001717619175
16,102,0001,0798,1610200010798,777,2.890979596989689
16,102,0001,0800,1610200010800,5248,3.7200765727681406
16,102,0001,0815,1610200010815,635,2.803457115648414
16,102,0001,082A,161020001082A,260,2.416640507338281
16,102,0001,0834,1610200010834,1786,3.252124552505644
16,102,0001,0923,1610200010923,205,2.3138672203691533
16,102,0001,0938,1610200010938,1861,3.269979676645324
16,102,0001,0961,1610200010961,766,2.884795363948981
16,102,0001,1014,1610200011014,3701,3.5684364144168854
16,102,0001,1029,1610200011029,3844,3.5848963441374497
16,102,0001,1033,1610200011033,2742,3.4382258076045296
16,102,0001,1048,1610200011048,3965,3.598352709869284
16,102,0001,1052,1610200011052,3557,3.5512059437479064
16,102,0001,1067,1610200011067,2899,3.462397997898956
16,102,0001,1071,1610200011071,3561,3.551693915127225
16,102,0001,1086,1610200011086,1363,3.13481437032046
16,102,0001,1118,1610200011118,2379,3.376576957056512
16,102,0001,1122,1610200011122,3622,3.559068334034537
16,102,0001,1137,1610200011137,2760,3.4410664066392633
16,102,0001,1141,1610200011141,3754,3.5746099413401873
16,102,0001,1156,1610200011156,3043,3.4834446480985353
16,102,0001,1175,1610200011175,2314,3.364550995353972
16,102,0001,118A,161020001118A,2991,3.4759615891924236
16,102,0001,1194,1610200011194,3801,3.5800121125294244
16,102,0001,1207,1610200011207,3430,3.5354207180561734
16,102,0001,1211,1610200011211,3812,3.5812668052736707
16,102,0001,1226,1610200011226,1844,3.265996370495079
16,102,0001,1279,1610200011279,1211,3.0835026198302673
16,102,0001,1283,1610200011283,1634,3.2135177569963047
16,102,0001,1298,1610200011298,1540,3.1878026387184195
16,102,0001,1300,1610200011300,2176,3.3378584290410944
16,102,0001,1315,1610200011315,4219,3.625312450961674
16,102,0001,132A,161020001132A,4773,3.6788824146707357
16,102,0001,1334,1610200011334,3092,3.490379920003179
16,102,0001,1349,1610200011349,2160,3.3346547668832414
16,102,0001,1353,1610200011353,2078,3.317854489331469
16,102,0001,1368,1610200011368,3109,3.4927603890268375
16,102,0001,1372,1610200011372,3365,3.527114111639805
16,102,0001,1387,1610200011387,2168,3.336259552014193
16,102,0001,1391,1610200011391,1885,3.2755416884013098
16,102,0001,1404,1610200011404,1770,3.248218561190075
16,102,0001,1419,1610200011419,2104,3.323252100171687
16,102,0001,1423,1610200011423,740,2.869818207979328
16,102,0001,1438,1610200011438,621,2.7937903846908188
16,102,0001,1442,1610200011442,389,2.591064607026499
16,102,0001,1457,1610200011457,701,2.846337112129805
16,102,0001,1461,1610200011461,258,2.413299764081252
16,102,0001,1476,1610200011476,4412,3.6447339274471924
16,102,0001,1480,1610200011480,4021,3.6044420662607233
16,102,0001,1495,1610200011495,376,2.576341350205793
16,102,0001,1527,1610200011527,2586,3.4127964287165433
16,102,0001,1531,1610200011531,3357,3.5260806918020298
16,102,0001,1546,1610200011546,2105,3.3234583668494677
16,102,0001,1550,1610200011550,57,1.7634279935629373
16,102,0001,1565,1610200011565,3402,3.531861949095809
16,102,0001,157A,161020001157A,1567,3.1953460583484197
16,102,0001,1584,1610200011584,2193,3.3412366232386925
16,102,0001,1599,1610200011599,2842,3.4537768596904423
16,102,0001,1601,1610200011601,148,2.173186268412274
16,102,0001,1616,1610200011616,3262,3.513617073787875
16,102,0001,1620,1610200011620,1431,3.1559430179718366
16,102,0001,1635,1610200011635,1243,3.0948203803548
16,102,0001,164A,161020001164A,2462,3.3914644118391033
16,102,0001,1654,1610200011654,3289,3.5171958979499744
16,102,0001,1669,1610200011669,2877,3.4590907896005865
16,102,0001,1673,1610200011673,7799,3.8920946026904804
16,102,0001,1688,1610200011688,1857,3.269045709657623
16,102,0001,1692,1610200011692,1063,3.0269416279590295
16,102,0001,1705,1610200011705,1176,3.0707764628434346
16,102,0001,171A,161020001171A,854,2.931966114728173
16,102,0001,1724,1610200011724,134,2.130333768495006
16,102,0001,1739,1610200011739,255,2.4082399653118496
16,102,0001,1743,1610200011743,426,2.630427875025024
16,102,0001,1758,1610200011758,218,2.3404441148401185
16,102,0001,1762,1610200011762,334,2.525044807036845
16,102,0001,1777,1610200011777,229,2.361727836017593
16,102,0001,2046,1610200012046,213,2.330413773349191
16,102,0001,2065,1610200012065,55,1.7481880270062005
16,102,0001,207A,161020001207A,358,2.5550944485783194
16,102,0001,2084,1610200012084,35,1.5563025007672873
16,102,0001,2099,1610200012099,440,2.6444385894678386
16,102,0001,2101,1610200012101,120,2.0827853703164503
16,102,0001,2116,1610200012116,79,1.9030899869919435
16,102,0001,2120,1610200012120,20,1.3222192947339193
16,102,0001,2135,1610200012135,19,1.3010299956639813
16,102,0001,214A,161020001214A,52,1.724275869600789
16,102,0001,2154,1610200012154,185,2.2695129442179165
16,102,0001,2169,1610200012169,2277,3.3575537197430814
16,102,0001,2173,1610200012173,141,2.1522883443830563
16,102,0001,2188,1610200012188,485,2.6866362692622934
16,102,0001,2192,1610200012192,26,1.4313637641589874
16,102,0001,2205,1610200012205,90,1.9590413923210936
16,102,0001,221A,161020001221A,15,1.2041199826559248
16,102,0001,2224,1610200012224,1102,3.0425755124401905
16,102,0001,2239,1610200012239,2010,3.303412070596742
16,102,0001,2243,1610200012243,1408,3.1489109931093564
16,102,0001,2262,1610200012262,740,2.869818207979328
16,102,0001,2277,1610200012277,1237,3.0927206446840994
16,102,0001,2281,1610200012281,46,1.6720978579357175
16,102,0001,2296,1610200012296,565,2.7528164311882715
16,102,0001,2309,1610200012309,197,2.296665190261531
16,102,0001,2313,1610200012313,7,0.9030899869919435
16,102,0001,2385,1610200012385,25,1.414973347970818
16,102,0001,239A,161020001239A,634,2.8027737252919755
16,102,0001,2436,1610200012436,717,2.8561244442423
16,102,0001,2440,1610200012440,2139,3.330413773349191
16,102,0001,2455,1610200012455,78,1.8976270912904414
16,102,0001,246A,161020001246A,43,1.6434526764861874
16,102,0001,2474,1610200012474,112,2.0530784434834195
16,102,0001,2489,1610200012489,30,1.4913616938342726
16,102,0001,2493,1610200012493,513,2.710963118995276
16,102,0001,2506,1610200012506,2767,3.44216608578472
16,102,0001,2525,1610200012525,23,1.380211241711606
16,102,0001,253A,161020001253A,8,0.9542425094393249
16,102,0001,2544,1610200012544,8,0.9542425094393249
16,102,0001,2559,1610200012559,14,1.1760912590556813
16,102,0001,2563,1610200012563,1018,3.0081741840064264
16,102,0001,2614,1610200012614,8,0.9542425094393249
16,102,0001,2633,1610200012633,1002,3.0013009330204183
16,102,0001,2671,1610200012671,95,1.9822712330395684
16,102,0057,0980,1610200570980,6317,3.8005796215691303
16,102,0057,1508,1610200571508,347,2.5415792439465807
16,102,0057,2370,1610200572370,63,1.806179973983887
16,102,0061,0942,1610200610942,2559,3.4082399653118496
16,102,0061,0957,1610200610957,3184,3.503109436671369
16,102,0061,2258,1610200612258,48,1.6901960800285136
16,102,0061,2328,1610200612328,7,0.9030899869919435
16,102,0061,2332,1610200612332,211,2.326335860928751
16,102,0061,2578,1610200612578,46,1.6720978579357175
16,102,0063,0092,1610200630092,3915,3.5928426831311002
16,102,0063,0745,1610200630745,2246,3.351603072419129
16,102,0063,1781,1610200631781,336,2.5276299008713385
16,102,0063,1796,1610200631796,84,1.9294189257142926
16,102,0090,0016,1610200900016,2809,3.44870631990508
16,102,0106,0853,1610201060853,403,2.606381365110605
16,102,0106,0995,1610201060995,2343,3.369957607346053
16,102,0106,100A,161020106100A,1976,3.2960066693136723
16,102,0106,1512,1610201061512,200,2.303196057420489
16,102,0106,2597,1610201062597,11,1.0791812460476249
16,102,0106,260A,161020106260A,42,1.6334684555795864
16,102,0106,2652,1610201062652,0,0.0
16,102,0110,2417,1610201102417,3749,3.574031267727719
16,102,0119,1809,1610201191809,1908,3.280805928393667
16,102,0119,1813,1610201191813,1269,3.103803720955957
16,102,0119,2347,1610201192347,144,2.161368002234975
16,102,0119,2351,1610201192351,537,2.7307822756663893
16,102,0119,2366,1610201192366,14,1.1760912590556813
16,102,0119,2402,1610201192402,378,2.578639209968072
16,103,0001,0066,1610300010066,1286,3.1095785469043866
16,103,0001,0070,1610300010070,2639,3.4216039268698313
16,103,0001,0136,1610300010136,736,2.8674674878590514
16,103,0001,0140,1610300010140,1260,3.1007150865730817
16,103,0001,0155,1610300010155,190,2.2810333672477277
16,103,0001,016A,161030001016A,881,2.94546858513182
16,103,0001,0193,1610300010193,339,2.531478917042255
16,103,0001,0206,1610300010206,2352,3.3716219271760215
16,103,0001,0210,1610300010210,1632,3.212986184736668
16,103,0001,0225,1610300010225,152,2.184691430817599
16,103,0001,0263,1610300010263,284,2.45484486000851
16,103,0001,0297,1610300010297,89,1.954242509439325
16,103,0001,0329,1610300010329,57,1.7634279935629373
16,103,0003,023A,161030003023A,424,2.6283889300503116
16,103,0003,0244,1610300030244,843,2.926342446625655
16,103,0003,0259,1610300030259,1755,3.244524511570084
16,103,0003,0278,1610300030278,0,0.0
16,103,0003,0314,1610300030314,40,1.6127838567197355
16,103,0003,0333,1610300030333,0,0.0
16,103,0003,0348,1610300030348,6,0.8450980400142568
16,103,0007,0085,1610300070085,622,2.7944880466591697
16,103,0007,009A,161030007009A,656,2.8175653695597807
16,103,0007,0102,1610300070102,1000,3.000434077479319
16,103,0007,0117,1610300070117,611,2.7867514221455614
16,103,0007,0121,1610300070121,710,2.851869600729766
16,103,0007,0282,1610300070282,0,0.0
16,103,0007,030A,161030007030A,10,1.0413926851582251
16,104,0001,0025,1610400010025,1582,3.199480914862356
16,104,0001,0082,1610400010082,4,0.6989700043360189
16,104,0001,0097,1610400010097,691,2.840106094456758
16,104,0001,010A,161040001010A,696,2.8432327780980096
16,104,0001,0218,1610400010218,5,0.7781512503836436
16,104,0012,0114,1610400120114,272,2.436162647040756
16,104,0012,0129,1610400120129,113,2.0569048513364727
16,104,0012,0133,1610400120133,127,2.1072099696478683
16,104,0012,0148,1610400120148,1554,3.1917303933628562
16,104,0012,0152,1610400120152,1263,3.1017470739463664
16,104,0012,0171,1610400120171,46,1.6720978579357175
16,104,0012,0186,1610400120186,19,1.3010299956639813
16,104,0012,0222,1610400120222,16,1.2304489213782739
16,104,0028,0167,1610400280167,2164,3.3354579006893843
16,104,0028,0190,1610400280190,25,1.414973347970818
16,104,0028,0203,1610400280203,13,1.146128035678238
16,105,0001,0056,1610500010056,2667,3.426185825244511
16,105,0001,0075,1610500010075,1480,3.1705550585212086
16,105,0001,008A,161050001008A,1350,3.130655349022031
16,105,0001,0094,1610500010094,754,2.8779469516291885
16,105,0001,0107,1610500010107,1027,3.011993114659257
16,105,0001,015A,161050001015A,2886,3.4604467838807205
16,105,0001,0164,1610500010164,1776,3.2496874278053016
16,105,0001,0179,1610500010179,136,2.1367205671564067
16,105,0001,0183,1610500010183,8,0.9542425094393249
16,105,0001,0198,1610500010198,273,2.437750562820388
16,105,0001,0234,1610500010234,77,1.8920946026904804
16,105,0004,0130,1610500040130,1239,3.093421685162235
16,105,0004,0145,1610500040145,1317,3.119915410257991
16,106,0001,0034,1610600010034,3233,3.509740015570382
16,106,0001,0068,1610600010068,77,1.8920946026904804
16,106,0001,0072,1610600010072,250,2.399673721481038
16,106,0001,0087,1610600010087,2286,3.3592661646067485
16,106,0001,0091,1610600010091,688,2.8382192219076257
16,106,0001,0104,1610600010104,3299,3.5185139398778875
16,106,0001,0119,1610600010119,5529,3.7427251313046983
16,106,0001,0123,1610600010123,3082,3.488973524726508
16,106,0001,0142,1610600010142,2359,3.3729120029701067
16,106,0001,0157,1610600010157,2530,3.4032921451582543
16,106,0001,0161,1610600010161,3115,3.493597449000527
16,106,0001,0176,1610600010176,8,0.9542425094393249
16,106,0001,0180,1610600010180,7,0.9030899869919435
16,106,0001,0195,1610600010195,222,2.3483048630481607
16,106,0001,0208,1610600010208,6,0.8450980400142568
16,107,0001,0116,1610700010116,3216,3.50745106090197
16,107,0001,0120,1610700010120,1933,3.286456469746983
16,107,0001,0135,1610700010135,2145,3.3316297176299323
16,107,0001,0154,1610700010154,3141,3.4972061807039547
16,107,0001,0169,1610700010169,2318,3.3653007486379876
16,107,0001,0188,1610700010188,1947,3.2895889525425965
16,107,0001,0205,1610700010205,1707,3.232487866352986
16,107,0001,021A,161070001021A,1753,3.244029589030022
16,107,0001,0224,1610700010224,1777,3.249931756634195
16,107,0001,0239,1610700010239,2732,3.436639631692661
16,107,0001,0243,1610700010243,2953,3.470410490975931
16,107,0001,0262,1610700010262,3607,3.557266528869904
16,107,0001,0309,1610700010309,2875,3.458788881710845
16,107,0001,0347,1610700010347,3035,3.4823017672234426
16,107,0001,0351,1610700010351,2350,3.3712526291249394
16,107,0001,0366,1610700010366,2650,3.4234097277330933
16,107,0001,0417,1610700010417,72,1.863322860120456
16,107,0001,0421,1610700010421,493,2.693726948923647
16,107,0001,0436,1610700010436,221,2.346352974450639
16,107,0001,0440,1610700010440,938,2.972665592266111
16,107,0001,0474,1610700010474,283,2.4533183400470375
16,107,0001,0489,1610700010489,37,1.5797835966168101
16,107,0001,0506,1610700010506,2039,3.3096301674258988
16,107,0001,0510,1610700010510,923,2.9656719712201065
16,107,0001,053A,161070001053A,82,1.919078092376074
16,107,0001,0559,1610700010559,15,1.2041199826559248
16,107,0001,0563,1610700010563,260,2.416640507338281
16,107,0001,0578,1610700010578,1502,3.176958980586908
16,107,0001,0582,1610700010582,1076,3.0322157032979815
16,107,0001,0597,1610700010597,1898,3.2785249647370174
16,107,0001,060A,161070001060A,2772,3.4429498695778618
16,107,0001,0614,1610700010614,142,2.155336037465062
16,107,0001,0629,1610700010629,40,1.6127838567197355
16,107,0001,0633,1610700010633,154,2.1903316981702914
16,107,0001,0648,1610700010648,304,2.484299839346786
16,107,0001,0652,1610700010652,10,1.0413926851582251
16,107,0001,0667,1610700010667,323,2.510545010206612
16,107,0001,0671,1610700010671,54,1.7403626894942439
16,107,0001,0686,1610700010686,26,1.4313637641589874
16,107,0001,0690,1610700010690,50,1.7075701760979363
16,107,0001,0703,1610700010703,41,1.6232492903979006
16,107,0001,0718,1610700010718,0,0.0
16,107,0001,0756,1610700010756,28,1.462397997898956
16,107,0001,0760,1610700010760,16,1.2304489213782739
16,107,0001,0775,1610700010775,445,2.649334858712142
16,107,0001,078A,161070001078A,896,2.952792443044092
16,107,0001,0794,1610700010794,8,0.9542425094393249
16,107,0020,0493,1610700200493,3243,3.5110808455391185
16,107,0025,007A,161070025007A,1358,3.1332194567324945
16,107,0025,0277,1610700250277,853,2.931457870689005
16,107,0025,0281,1610700250281,927,2.967547976218862
16,107,0025,0296,1610700250296,265,2.424881636631067
16,107,0025,0722,1610700250722,45,1.662757831681574
16,108,0001,0096,1610800010096,5473,3.738304793074105
16,108,0001,0109,1610800010109,3259,3.513217600067939
16,108,0001,0113,1610800010113,2624,3.4191293077419758
16,108,0001,0128,1610800010128,2523,3.402089350572097
16,108,0001,0132,1610800010132,1652,3.2182728535714475
16,108,0001,0147,1610800010147,2208,3.344195715871435
16,108,0001,0151,1610800010151,3484,3.5422027824340283
16,108,0001,0166,1610800010166,2071,3.3163897510731952
16,108,0001,0170,1610800010170,698,2.8444771757456815
16,108,0001,0185,1610800010185,1711,3.2335037603411343
16,108,0001,019A,161080001019A,1779,3.250420002308894
16,108,0001,0217,1610800010217,1625,3.2111205412580492
16,108,0001,0221,1610800010221,1823,3.2610248339923973
16,108,0001,0236,1610800010236,1247,3.0962145853464054
16,108,0001,0310,1610800010310,2044,3.3106933123433606
16,108,0001,0344,1610800010344,1493,3.1743505974793798
16,108,0001,0359,1610800010359,3443,3.537063142781617
16,108,0001,0363,1610800010363,2980,3.4743619760326307
16,108,0001,0382,1610800010382,5180,3.714413592287121
16,108,0001,0397,1610800010397,4217,3.6251065754034677
16,108,0001,040A,161080001040A,632,2.801403710017355
16,108,0001,0414,1610800010414,4181,3.621384028481653
16,108,0001,0429,1610800010429,2965,3.472171146692363
16,108,0001,0433,1610800010433,4647,3.6672661193822744
16,108,0001,0448,1610800010448,1070,3.029789470831856
16,108,0001,0452,1610800010452,854,2.931966114728173
16,108,0001,0467,1610800010467,2579,3.41161970596323
16,108,0001,0471,1610800010471,1099,3.041392685158225
16,108,0001,0486,1610800010486,371,2.5705429398818973
16,108,0001,0490,1610800010490,1590,3.2016701796465816
16,108,0001,0503,1610800010503,12839,4.108565023732835
16,108,0001,0518,1610800010518,37,1.5797835966168101
16,108,0001,0560,1610800010560,3189,3.503790683057181
16,108,0001,0575,1610800010575,2787,3.4452927694259716
16,108,0001,0630,1610800010630,2087,3.3197304943302246
16,108,0001,0698,1610800010698,2914,3.464638559095033
16,108,0001,0700,1610800010700,4495,3.652826302561005
16,108,0001,0715,1610800010715,2417,3.383456296524753
16,108,0001,072A,161080001072A,3287,3.5169318088680126
16,108,0001,0734,1610800010734,5712,3.756864224060549
16,108,0001,0749,1610800010749,3794,3.5792117802314993
16,108,0001,0753,1610800010753,2555,3.4075608494863627
16,108,0001,0768,1610800010768,3608,3.5573868820595074
16,108,0001,0804,1610800010804,571,2.7573960287930244
16,108,0001,0861,1610800010861,13,1.146128035678238
16,108,0001,0950,1610800010950,3033,3.4820155764507117
16,108,0001,0965,1610800010965,2887,3.4605971888976015
16,108,0001,097A,161080001097A,1122,3.050379756261458
16,108,0001,0999,1610800010999,960,2.9827233876685453
16,108,0001,1003,1610800011003,0,0.0
16,108,0001,1126,1610800011126,2758,3.4407517004791854
16,108,0001,115A,161080001115A,1672,3.2234959409623944
16,108,0001,1164,1610800011164,109,2.041392685158225
16,108,0001,1179,1610800011179,271,2.4345689040341987
16,108,0001,1183,1610800011183,490,2.6910814921229687
16,108,0001,1198,1610800011198,27,1.4471580313422192
16,108,0001,1200,1610800011200,5,0.7781512503836436
16,108,0001,122A,161080001122A,2935,3.467756051244033
16,108,0001,1234,1610800011234,795,2.900913067737669
16,108,0001,1249,1610800011249,3994,3.6015167836500104
16,108,0001,1287,1610800011287,1119,3.0492180226701815
16,108,0001,1291,1610800011291,3122,3.4945719842301988
16,108,0001,1304,1610800011304,72,1.863322860120456
16,108,0001,1319,1610800011319,15,1.2041199826559248
16,108,0001,1323,1610800011323,2,0.47712125471966244
16,108,0001,1338,1610800011338,59,1.7781512503836436
16,108,0001,1342,1610800011342,340,2.5327543789924976
16,108,0001,1357,1610800011357,0,0.0
16,108,0001,1376,1610800011376,331,2.5211380837040362
16,108,0001,1412,1610800011412,204,2.311753861055754
16,108,0001,1427,1610800011427,91,1.9637878273455553
16,108,0001,1431,1610800011431,0,0.0
16,108,0001,1450,1610800011450,4248,3.6282867310895144
16,108,0001,1465,1610800011465,7,0.9030899869919435
16,108,0001,147A,161080001147A,50,1.7075701760979363
16,108,0001,1484,1610800011484,335,2.526339277389844
16,108,0001,1499,1610800011499,1666,3.2219355998280053
16,108,0003,0255,1610800030255,1969,3.294466226161593
16,108,0003,0522,1610800030522,17,1.255272505103306
16,108,0003,0537,1610800030537,9,1.0
16,108,0003,0541,1610800030541,1734,3.2392994791268923
16,108,0003,0556,1610800030556,3179,3.5024271199844326
16,108,0003,0927,1610800030927,1649,3.2174839442139063
16,108,0003,0931,1610800030931,1082,3.0346284566253203
16,108,0003,0946,1610800030946,232,2.367355921026019
16,108,0003,1130,1610800031130,11,1.0791812460476249
16,108,0003,1361,1610800031361,0,0.0
16,108,0003,1380,1610800031380,35,1.5563025007672873
16,108,0005,0679,1610800050679,1920,3.2835273648616936
16,108,0005,0683,1610800050683,1488,3.1728946977521764
16,108,0005,0876,1610800050876,11,1.0791812460476249
16,108,0005,0880,1610800050880,59,1.7781512503836436
16,108,0005,0895,1610800050895,99,2.0
16,108,0005,0908,1610800050908,79,1.9030899869919435
16,108,0005,0912,1610800050912,10,1.0413926851582251
16,108,0005,1215,1610800051215,15,1.2041199826559248
16,108,0007,1253,1610800071253,1304,3.1156105116742996
16,108,0007,1268,1610800071268,1426,3.154423973114647
16,108,0016,0645,1610800160645,4476,3.6509870943834453
16,108,0016,1501,1610800161501,79,1.9030899869919435
16,108,0020,0024,1610800200024,3263,3.5137501500818233
16,108,0020,1408,1610800201408,11,1.0791812460476249
16,108,0020,1446,1610800201446,0,0.0
16,108,0173,1022,1610801731022,2361,3.373279893277496
16,108,0183,0293,1610801830293,4413,3.644832328825636
16,109,0001,0036,1610900010036,906,2.957607287060095
16,109,0001,0040,1610900010040,222,2.3483048630481607
16,109,0001,0055,1610900010055,215,2.3344537511509307
16,109,0001,006A,161090001006A,23,1.380211241711606
16,109,0001,0093,1610900010093,606,2.7831886910752575
16,109,0001,0106,1610900010106,16,1.2304489213782739
16,109,0001,0110,1610900010110,40,1.6127838567197355
16,110,0001,0111,1611000010111,2921,3.465680211598278
16,110,0001,0126,1611000010126,1646,3.2166935991697545
16,110,0001,0130,1611000010130,1911,3.2814878879400813
16,110,0001,0145,1611000010145,2021,3.3057811512549824
16,110,0001,015A,161100001015A,1703,3.2314695904306814
16,110,0001,0164,1611000010164,161,2.2095150145426308
16,110,0001,0179,1611000010179,657,2.8182258936139557
16,110,0001,0183,1611000010183,760,2.8813846567705728
16,110,0001,0198,1611000010198,636,2.8041394323353503
16,110,0001,0200,1611000010200,2095,3.321391278311689
16,110,0001,0215,1611000010215,1389,3.143014800254095
16,110,0001,022A,161100001022A,940,2.973589623427257
16,110,0001,0291,1611000010291,23,1.380211241711606
16,110,0001,0408,1611000010408,16,1.2304489213782739
16,110,0001,0412,1611000010412,26,1.4313637641589874
16,110,0006,0304,1611000060304,1485,3.1720188094245563
16,110,0006,0319,1611000060319,799,2.9030899869919438
16,110,0048,0060,1611000480060,2123,3.3271545124094315
16,110,0049,0268,1611000490268,1079,3.03342375548695
16,110,0049,0272,1611000490272,1198,3.0788191830988487
16,110,0049,0287,1611000490287,132,2.123851640967086
16,110,0049,0323,1611000490323,170,2.2329961103921536
16,110,0049,0338,1611000490338,3,0.6020599913279624
16,110,0049,0342,1611000490342,97,1.9912260756924949
16,110,0049,0357,1611000490357,0,0.0
16,110,0049,0361,1611000490361,0,0.0
16,110,0049,0395,1611000490395,286,2.4578818967339924
16,111,0001,0034,1611100010034,1967,3.2940250940953226
16,111,0001,0049,1611100010049,261,2.4183012913197452
16,111,0001,0053,1611100010053,435,2.639486489268586
16,111,0001,0068,1611100010068,248,2.3961993470957363
16,111,0001,0138,1611100010138,22,1.3617278360175928
16,111,0001,0161,1611100010161,79,1.9030899869919435
16,111,0001,0176,1611100010176,7,0.9030899869919435
16,111,0009,0091,1611100090091,2017,3.3049211619008916
16,111,0009,0104,1611100090104,2747,3.4390167283875126
16,111,0009,0119,1611100090119,321,2.507855871695831
16,111,0009,0123,1611100090123,649,2.8129133566428557
16,111,0009,0142,1611100090142,54,1.7403626894942439
16,112,0001,0101,1611200010101,5339,3.727541257028556
16,112,0001,0116,1611200010116,4216,3.6250036010148636
16,112,0001,0120,1611200010120,3707,3.5691397254724593
16,112,0001,0135,1611200010135,3238,3.510410948010177
16,112,0001,014A,161120001014A,1604,3.205475036740891
16,112,0001,0154,1611200010154,2049,3.311753861055754
16,112,0001,0169,1611200010169,2269,3.3560258571931225
16,112,0001,0173,1611200010173,4161,3.6193020758756083
16,112,0001,0188,1611200010188,5353,3.728678366850914
16,112,0001,0192,1611200010192,2723,3.4352071032407476
16,112,0001,021A,161120001021A,4064,3.609060549930087
16,112,0001,0224,1611200010224,7490,3.87453979707101
16,112,0001,0239,1611200010239,4061,3.608739919068788
16,112,0001,0243,1611200010243,5059,3.7041505168397992
16,112,0001,0258,1611200010258,2821,3.450557009418329
16,112,0001,0262,1611200010262,2663,3.4255342204982635
16,112,0001,0277,1611200010277,2131,3.3287872003545345
16,112,0001,0281,1611200010281,184,2.2671717284030137
16,112,0001,0309,1611200010309,3519,3.546542663478131
16,112,0001,0328,1611200010328,2071,3.3163897510731952
16,112,0001,0332,1611200010332,4639,3.6665179805548807
16,112,0001,0347,1611200010347,3468,3.5402042998420598
16,112,0001,0385,1611200010385,2747,3.4390167283875126
16,112,0001,039A,161120001039A,3255,3.5126843962171637
16,112,0001,0402,1611200010402,1879,3.27415784926368
16,112,0001,0417,1611200010417,303,2.482873583608754
16,112,0001,0474,1611200010474,313,2.496929648073215
16,112,0001,0489,1611200010489,5,0.7781512503836436
16,112,0001,0597,1611200010597,162,2.2121876044039577
16,112,0001,060A,161120001060A,52,1.724275869600789
16,112,0001,0614,1611200010614,25,1.414973347970818
16,112,0001,0629,1611200010629,973,2.9885589568786157
16,112,0001,0648,1611200010648,146,2.167317334748176
16,112,0001,0652,1611200010652,28,1.462397997898956
16,112,0001,0667,1611200010667,174,2.2430380486862944
16,112,0001,0671,1611200010671,10,1.0413926851582251
16,112,0015,0012,1611200150012,2886,3.4604467838807205
16,112,0082,0436,1611200820436,1516,3.1809855807867304
16,112,0082,0440,1611200820440,1735,3.239549720840473
16,112,0082,0455,1611200820455,2078,3.317854489331469
16,112,0082,046A,161120082046A,1562,3.193958978019187
16,112,0082,0633,1611200820633,134,2.130333768495006
16,113,0001,0024,1611300010024,4702,3.6723749787460793
16,113,0001,0077,1611300010077,1358,3.1332194567324945
16,113,0001,0081,1611300010081,82,1.919078092376074
16,113,0001,0096,1611300010096,437,2.6414741105040997
16,113,0001,0109,1611300010109,119,2.0791812460476247
16,113,0012,0043,1611300120043,2725,3.435525851498655
16,113,0012,0113,1611300120113,512,2.7101173651118162
16,113,0012,0132,1611300120132,170,2.2329961103921536
16,113,0012,0147,1611300120147,23,1.380211241711606
16,113,0012,0151,1611300120151,4,0.6989700043360189
16,113,0016,0062,1611300160062,2262,3.3546845539547285
