ENTIDAD,MUN,LOC,AGEB,CVEGEO,POBTOT,log_POBTOT
19,001,0001,0021,1900100010021,1114,3.0472748673841794
19,001,0001,0036,1900100010036,803,2.905256048748451
19,001,0001,0040,1900100010040,65,1.8195439355418688
19,001,0001,0055,1900100010055,10,1.0413926851582251
19,002,0001,0207,1900200010207,268,2.429752280002408
19,002,0001,0211,1900200010211,224,2.3521825181113627
19,002,0001,0226,1900200010226,160,2.2068258760318495
19,002,0001,0230,1900200010230,229,2.361727836017593
19,002,0001,0245,1900200010245,154,2.1903316981702914
19,002,0001,025A,190020001025A,273,2.437750562820388
19,002,0001,0264,1900200010264,111,2.0492180226701815
19,002,0001,0279,1900200010279,459,2.662757831681574
19,002,0001,0438,1900200010438,47,1.6812412373755872
19,002,0001,0442,1900200010442,148,2.173186268412274
19,002,0001,0457,1900200010457,7,0.9030899869919435
19,003,0001,0083,1900300010083,113,2.0569048513364727
19,003,0001,0098,1900300010098,175,2.24551266781415
19,003,0001,0100,1900300010100,189,2.278753600952829
19,003,0001,0115,1900300010115,133,2.1271047983648077
19,003,0001,0204,1900300010204,8,0.9542425094393249
19,003,0001,0219,1900300010219,4,0.6989700043360189
19,003,0001,0223,1900300010223,0,0.0
19,003,0001,0238,1900300010238,5,0.7781512503836436
19,003,0001,0242,1900300010242,0,0.0
19,003,0001,0257,1900300010257,0,0.0
19,004,0001,0095,1900400010095,721,2.858537197569639
19,004,0001,0112,1900400010112,624,2.7958800173440754
19,004,0001,0127,1900400010127,431,2.635483746814912
19,004,0001,0131,1900400010131,1243,3.0948203803548
19,004,0001,0146,1900400010146,2145,3.3316297176299323
19,004,0001,0150,1900400010150,541,2.733999286538387
19,004,0001,0165,1900400010165,567,2.754348335711019
19,004,0001,0184,1900400010184,924,2.9661417327390325
19,004,0001,0216,1900400010216,1588,3.2011238972073794
19,004,0001,0220,1900400010220,1010,3.004751155591001
19,004,0001,0235,1900400010235,1476,3.1693804953119495
19,004,0001,024A,190040001024A,942,2.9745116927373285
19,004,0001,0254,1900400010254,935,2.971275848738105
19,004,0001,0269,1900400010269,203,2.3096301674258988
19,004,0001,0273,1900400010273,761,2.8819549713396007
19,004,0001,0288,1900400010288,79,1.9030899869919435
19,004,0001,0292,1900400010292,94,1.9777236052888478
19,004,0001,0305,1900400010305,417,2.621176281775035
19,004,0001,031A,190040001031A,1444,3.1598678470925665
19,004,0001,0324,1900400010324,1864,3.2706788361447066
19,004,0001,0339,1900400010339,2241,3.3506356082589543
19,004,0001,0343,1900400010343,2082,3.318689269947746
19,004,0001,0358,1900400010358,854,2.931966114728173
19,004,0001,0362,1900400010362,984,2.9934362304976116
19,004,0001,0377,1900400010377,1088,3.037027879755775
19,004,0001,0381,1900400010381,1132,3.0542299098633974
19,004,0001,0413,1900400010413,211,2.326335860928751
19,004,0001,0428,1900400010428,79,1.9030899869919435
19,004,0001,0432,1900400010432,88,1.9493900066449128
19,004,0001,0447,1900400010447,401,2.60422605308447
19,004,0001,0451,1900400010451,0,0.0
19,004,0001,0466,1900400010466,5,0.7781512503836436
19,004,0001,0470,1900400010470,1607,3.2062860444124324
19,004,0001,0485,1900400010485,62,1.7993405494535817
19,005,0001,0406,1900500010406,1071,3.030194785356751
19,005,0001,0410,1900500010410,813,2.910624404889201
19,005,0001,0482,1900500010482,1062,3.0265332645232967
19,005,0001,0497,1900500010497,677,2.8312296938670634
19,005,0001,050A,190050001050A,558,2.747411807886423
19,005,0001,0514,1900500010514,1427,3.1547282074401557
19,005,0001,0529,1900500010529,1109,3.0453229787866576
19,005,0001,0533,1900500010533,1010,3.004751155591001
19,005,0001,0548,1900500010548,914,2.9614210940664485
19,005,0001,0552,1900500010552,1002,3.0013009330204183
19,005,0001,0567,1900500010567,794,2.9003671286564705
19,005,0001,0571,1900500010571,927,2.967547976218862
19,005,0001,0586,1900500010586,1072,3.030599721965951
19,005,0001,0980,1900500010980,14,1.1760912590556813
19,005,0001,1048,1900500011048,180,2.2576785748691846
19,005,0001,1052,1900500011052,1095,3.0398105541483504
19,005,0001,1071,1900500011071,1375,3.1386184338994925
19,005,0001,1086,1900500011086,6,0.8450980400142568
19,005,0001,1090,1900500011090,4,0.6989700043360189
19,005,0001,1103,1900500011103,217,2.3384564936046046
19,005,0001,1118,1900500011118,1,0.3010299956639812
19,005,0001,1122,1900500011122,0,0.0
19,005,0001,1137,1900500011137,1,0.3010299956639812
19,005,0001,1141,1900500011141,719,2.8573324964312685
19,005,0001,1156,1900500011156,0,0.0
19,005,0001,1160,1900500011160,322,2.509202522331103
19,005,0001,1175,1900500011175,41,1.6232492903979006
19,005,0001,118A,190050001118A,3,0.6020599913279624
19,006,0001,0013,1900600010013,0,0.0
19,006,0001,0032,1900600010032,146,2.167317334748176
19,006,0001,0051,1900600010051,2244,3.351216345339342
19,006,0001,0066,1900600010066,694,2.8419848045901137
19,006,0001,0070,1900600010070,1358,3.1332194567324945
19,006,0001,0085,1900600010085,699,2.845098040014257
19,006,0001,009A,190060001009A,678,2.8318697742805017
19,006,0001,0102,1900600010102,1295,3.1126050015345745
19,006,0001,0117,1900600010117,5012,3.7000977046130537
19,006,0001,0136,1900600010136,0,0.0
19,006,0001,0140,1900600010140,0,0.0
19,006,0001,0174,1900600010174,4244,3.6278776945799716
19,006,0001,0189,1900600010189,0,0.0
19,006,0001,0206,1900600010206,6646,3.822625678774141
19,006,0001,0210,1900600010210,0,0.0
19,006,0001,0225,1900600010225,1,0.3010299956639812
19,006,0001,0244,1900600010244,90,1.9590413923210936
19,006,0001,0259,1900600010259,3329,3.5224442335063197
19,006,0001,0278,1900600010278,486,2.6875289612146345
19,006,0001,0297,1900600010297,5850,3.7672300981107183
19,006,0001,030A,190060001030A,4134,3.6164755138885654
19,006,0001,0348,1900600010348,7877,3.896415976473123
19,006,0001,0352,1900600010352,1017,3.00774777800074
19,006,0001,0367,1900600010367,469,2.6720978579357175
19,006,0001,0386,1900600010386,4231,3.6265456590271294
19,006,0001,0403,1900600010403,4726,3.6745856023029138
19,006,0001,0422,1900600010422,5829,3.765668554759014
19,006,0001,0437,1900600010437,4597,3.6625689669332604
19,006,0001,0460,1900600010460,4909,3.6910814921229687
19,006,0001,0475,1900600010475,4729,3.6748611407378116
19,006,0001,0507,1900600010507,1376,3.1389339402569236
19,006,0001,0511,1900600010511,1130,3.053462604925455
19,006,0001,0526,1900600010526,426,2.630427875025024
19,006,0001,0530,1900600010530,0,0.0
19,006,0001,055A,190060001055A,4579,3.660865478003869
19,006,0001,0564,1900600010564,6300,3.799409479615127
19,006,0001,0583,1900600010583,4964,3.6959192528313998
19,006,0001,0598,1900600010598,5332,3.7269715836828765
19,006,0001,0668,1900600010668,4584,3.66133934000604
19,006,0001,0672,1900600010672,4198,3.6231458746379395
19,006,0001,0687,1900600010687,855,2.932473764677153
19,006,0001,0719,1900600010719,7338,3.8656368876996288
19,006,0001,0723,1900600010723,5109,3.708420900134713
19,006,0001,0757,1900600010757,3743,3.5733358400660675
19,006,0001,0761,1900600010761,4978,3.6971421262754594
19,006,0001,0776,1900600010776,4359,3.639486489268586
19,006,0001,0780,1900600010780,3755,3.5747255835940734
19,006,0001,0795,1900600010795,5270,3.7218930162149575
19,006,0001,0808,1900600010808,3443,3.537063142781617
19,006,0001,0827,1900600010827,740,2.869818207979328
19,006,0001,0831,1900600010831,1744,3.241795431295199
19,006,0001,0850,1900600010850,5944,3.7741518589547103
19,006,0001,0865,1900600010865,3959,3.597695185925512
19,006,0001,087A,190060001087A,7410,3.8698768132667665
19,006,0001,0884,1900600010884,6173,3.7905666251460763
19,006,0001,0901,1900600010901,5314,3.7255032688593155
19,006,0001,0920,1900600010920,5729,3.75815462196739
19,006,0001,0935,1900600010935,2182,3.339053735709139
19,006,0001,094A,190060001094A,4,0.6989700043360189
19,006,0001,0954,1900600010954,0,0.0
19,006,0001,0969,1900600010969,0,0.0
19,006,0001,0973,1900600010973,0,0.0
19,006,0001,0988,1900600010988,0,0.0
19,006,0001,0992,1900600010992,0,0.0
19,006,0001,1007,1900600011007,779,2.8920946026904804
19,006,0001,1011,1900600011011,0,0.0
19,006,0001,1026,1900600011026,0,0.0
19,006,0001,1030,1900600011030,3000,3.477265995424853
19,006,0001,1045,1900600011045,4680,3.670338641127442
19,006,0001,105A,190060001105A,6427,3.808075868091307
19,006,0001,1064,1900600011064,4513,3.6545615547417434
19,006,0001,1083,1900600011083,4142,3.6173149332982937
19,006,0001,1098,1900600011098,5772,3.761401557498631
19,006,0001,1115,1900600011115,1717,3.2350231594952237
19,006,0001,112A,190060001112A,1787,3.2523675144598987
19,006,0001,1149,1900600011149,1140,3.0572856444182146
19,006,0001,1172,1900600011172,2001,3.3014640731433
19,006,0001,1187,1900600011187,3999,3.6020599913279625
19,006,0001,1204,1900600011204,2396,3.379668034033654
19,006,0001,1219,1900600011219,3829,3.583198773968623
19,006,0001,1223,1900600011223,4306,3.6341748717626
19,006,0001,1238,1900600011238,2315,3.3647385550553985
19,006,0001,1242,1900600011242,4891,3.689486448364248
19,006,0001,1257,1900600011257,4705,3.6726519228400023
19,006,0001,1261,1900600011261,2980,3.4743619760326307
19,006,0001,1276,1900600011276,6652,3.8230175234460493
19,006,0001,1280,1900600011280,2940,3.468495024507069
19,006,0001,1295,1900600011295,2469,3.392696953259666
19,006,0001,1308,1900600011308,3122,3.4945719842301988
19,006,0001,1312,1900600011312,3013,3.479143247978613
19,006,0001,1327,1900600011327,3434,3.5359267413955693
19,006,0001,1331,1900600011331,3747,3.5737995822157407
19,006,0001,1346,1900600011346,4178,3.621072371143626
19,006,0001,1350,1900600011350,3323,3.5216610151120733
19,006,0001,1365,1900600011365,3259,3.513217600067939
19,006,0001,137A,190060001137A,2748,3.4391747398434687
19,006,0001,1384,1900600011384,3359,3.526339277389844
19,006,0001,1399,1900600011399,2371,3.375114684692225
19,006,0001,1401,1900600011401,3593,3.555578072772955
19,006,0001,1416,1900600011416,322,2.509202522331103
19,006,0001,1420,1900600011420,4140,3.617105230502378
19,006,0001,1435,1900600011435,4612,3.6639834546082666
19,006,0001,144A,190060001144A,6239,3.795184589682424
19,006,0001,1454,1900600011454,894,2.951823035315912
19,006,0001,1469,1900600011469,1932,3.286231854028553
19,006,0001,1473,1900600011473,2826,3.4513258084895195
19,006,0001,1488,1900600011488,2922,3.4658288153574364
19,006,0001,1492,1900600011492,1725,3.237040791379191
19,006,0001,1505,1900600011505,2030,3.307709923404807
19,006,0001,151A,190060001151A,4650,3.6675463395115164
19,006,0001,1524,1900600011524,3658,3.5633624094866074
19,006,0001,1539,1900600011539,3879,3.5888317255942073
19,006,0001,1543,1900600011543,3926,3.594060901270418
19,006,0001,1558,1900600011558,3108,3.492620722043192
19,006,0001,1562,1900600011562,2467,3.392345155361204
19,006,0001,1577,1900600011577,4637,3.6663307443019684
19,006,0001,1581,1900600011581,2691,3.430075055551939
19,006,0001,1596,1900600011596,0,0.0
19,006,0001,1609,1900600011609,3372,3.5280163411892014
19,006,0001,1613,1900600011613,4116,3.614580866997486
19,006,0001,1628,1900600011628,3832,3.5835388192543522
19,006,0001,1632,1900600011632,5931,3.7732011423563443
19,006,0001,1647,1900600011647,2325,3.3666097103924297
19,006,0001,1651,1900600011651,8,0.9542425094393249
19,006,0001,1666,1900600011666,2454,3.3900514964589874
19,006,0001,1670,1900600011670,610,2.786041210242554
19,006,0001,1685,1900600011685,1213,3.0842186867392387
19,006,0001,169A,190060001169A,2502,3.3984608496082234
19,006,0001,1702,1900600011702,834,2.921686475483602
19,006,0001,1717,1900600011717,1632,3.212986184736668
19,006,0001,1721,1900600011721,1476,3.1693804953119495
19,006,0001,1736,1900600011736,88,1.9493900066449128
19,006,0001,1740,1900600011740,707,2.850033257689769
19,006,0001,1755,1900600011755,356,2.552668216112193
19,006,0001,176A,190060001176A,1762,3.246252312299322
19,006,0001,1774,1900600011774,4353,3.6388884247050757
19,006,0001,1789,1900600011789,1475,3.1690863574870227
19,006,0001,1793,1900600011793,825,2.9169800473203824
19,006,0001,1806,1900600011806,605,2.782472624166286
19,006,0001,1810,1900600011810,1691,3.228400358703005
19,006,0001,1825,1900600011825,2288,3.359645792674543
19,006,0001,183A,190060001183A,924,2.9661417327390325
19,006,0001,1844,1900600011844,1922,3.28397928423848
19,006,0001,1859,1900600011859,1533,3.185825359612962
19,006,0001,1863,1900600011863,1050,3.021602716028242
19,006,0001,1878,1900600011878,5255,3.7206553565517244
19,006,0001,1882,1900600011882,5356,3.7289216463728594
19,006,0001,1897,1900600011897,3063,3.486288760960566
19,006,0001,190A,190060001190A,3346,3.5246557123577773
19,006,0001,1914,1900600011914,5844,3.766784515497859
19,006,0001,1929,1900600011929,5690,3.755188585608325
19,006,0001,2039,1900600012039,2684,3.428944290035574
19,006,0001,2043,1900600012043,3660,3.563599728881531
19,006,0001,2058,1900600012058,1504,3.1775364999298623
19,006,0001,2062,1900600012062,219,2.342422680822206
19,006,0001,2077,1900600012077,1764,3.2467447097238415
19,006,0001,2081,1900600012081,727,2.862131379313037
19,006,0001,2096,1900600012096,1160,3.064832219738574
19,006,0001,2109,1900600012109,1488,3.1728946977521764
19,006,0001,2113,1900600012113,2024,3.3064250275506875
19,006,0001,2128,1900600012128,1714,3.2342641243787895
19,006,0001,2147,1900600012147,1482,3.1711411510283822
19,006,0001,2185,1900600012185,1434,3.156851901070011
19,006,0001,219A,190060001219A,1234,3.0916669575956846
19,006,0001,2202,1900600012202,372,2.571708831808688
19,006,0001,2217,1900600012217,1281,3.1078880251827985
19,006,0001,2221,1900600012221,2687,3.429429264381788
19,006,0001,2236,1900600012236,264,2.423245873936808
19,006,0001,2240,1900600012240,0,0.0
19,006,0001,2255,1900600012255,0,0.0
19,006,0001,226A,190060001226A,4528,3.656002320682957
19,006,0001,2274,1900600012274,5782,3.7621531923035945
19,006,0001,2289,1900600012289,957,2.9813655090785445
19,006,0001,2293,1900600012293,394,2.59659709562646
19,006,0001,2306,1900600012306,1066,3.0281644194244697
19,006,0001,2310,1900600012310,782,2.8937617620579434
19,006,0001,2325,1900600012325,119,2.0791812460476247
19,006,0001,233A,190060001233A,2449,3.3891660843645326
19,006,0001,2344,1900600012344,2643,3.4222614508136027
19,006,0001,2359,1900600012359,4746,3.67641923171836
19,006,0001,2363,1900600012363,4911,3.691258358133111
19,006,0001,2378,1900600012378,5869,3.7686381012476144
19,006,0001,2414,1900600012414,2297,3.3613500243522663
19,006,0001,2429,1900600012429,3283,3.516403148447403
19,006,0001,2433,1900600012433,3625,3.5594277997594896
19,006,0001,2448,1900600012448,947,2.976808337338066
19,006,0001,2452,1900600012452,1177,3.0711452904510828
19,006,0001,2467,1900600012467,1811,3.2581581933407944
19,006,0001,2471,1900600012471,1922,3.28397928423848
19,006,0001,2490,1900600012490,1568,3.1956229435869368
19,006,0001,2645,1900600012645,2686,3.4292676664331685
19,006,0001,265A,190060001265A,244,2.3891660843645326
19,006,0001,2664,1900600012664,259,2.4149733479708178
19,006,0001,2715,1900600012715,2717,3.4342494523964757
19,006,0001,272A,190060001272A,644,2.8095597146352675
19,006,0001,2734,1900600012734,961,2.983175072037813
19,006,0001,2768,1900600012768,2792,3.446070935701005
19,006,0001,2772,1900600012772,1384,3.1414497734004674
19,006,0001,2787,1900600012787,1588,3.2011238972073794
19,006,0001,2791,1900600012791,133,2.1271047983648077
19,006,0001,2804,1900600012804,705,2.8488047010518036
19,006,0001,2819,1900600012819,773,2.8887409606828927
19,006,0001,2861,1900600012861,395,2.597695185925512
19,006,0001,2876,1900600012876,50,1.7075701760979363
19,006,0001,2880,1900600012880,1056,3.024074987307426
19,006,0001,2895,1900600012895,2152,3.3330440298234874
19,006,0001,2912,1900600012912,379,2.57978359661681
19,006,0001,2946,1900600012946,364,2.5622928644564746
19,006,0001,2950,1900600012950,917,2.9628426812012423
19,006,0001,2965,1900600012965,796,2.9014583213961123
19,006,0001,297A,190060001297A,1357,3.132899769944483
19,006,0001,2984,1900600012984,574,2.7596678446896306
19,006,0001,3003,1900600013003,0,0.0
19,006,0001,3018,1900600013018,513,2.710963118995276
19,006,0001,3037,1900600013037,0,0.0
19,006,0001,3041,1900600013041,846,2.9278834103307068
19,006,0001,3056,1900600013056,129,2.113943352306837
19,006,0001,3060,1900600013060,537,2.7307822756663893
19,006,0001,3075,1900600013075,0,0.0
19,006,0078,1948,1900600781948,1170,3.068556895072363
19,006,0078,1952,1900600781952,1524,3.1832698436828046
19,006,0078,1967,1900600781967,1267,3.1031192535457137
19,006,0078,1971,1900600781971,1154,3.062581984228163
19,006,0078,2132,1900600782132,917,2.9628426812012423
19,006,0078,2753,1900600782753,2255,3.3533390953113047
19,006,0133,2503,1900601332503,1670,3.2229764498933915
19,006,0133,2518,1900601332518,470,2.673020907128896
19,006,0133,2522,1900601332522,1809,3.2576785748691846
19,006,0133,2537,1900601332537,3111,3.4930395883176515
19,006,0133,2541,1900601332541,5914,3.771954748963949
19,006,0133,2556,1900601332556,3240,3.51067903103221
19,006,0133,2679,1900601332679,393,2.595496221825574
19,006,0133,2838,1900601332838,1187,3.074816440645175
19,006,0133,2857,1900601332857,608,2.784617292632875
19,006,0133,2927,1900601332927,2766,3.442009159140952
19,006,0133,3022,1900601333022,0,0.0
19,006,0133,308A,190060133308A,12,1.1139433523068367
19,006,0174,0047,1900601740047,1719,3.2355284469075487
19,006,0174,0121,1900601740121,2694,3.4305587695227575
19,006,0174,0155,1900601740155,1820,3.26030994579492
19,006,0174,016A,190060174016A,105,2.0253058652647704
19,006,0243,1100,1900602431100,7262,3.8611160441613954
19,006,0379,1986,1900603791986,3311,3.5200903281128424
19,006,0379,1990,1900603791990,2918,3.4652340949880145
19,006,0379,2005,1900603792005,3174,3.5017437296279943
19,006,0379,2024,1900603792024,1332,3.1248301494138593
19,006,0379,2823,1900603792823,513,2.710963118995276
19,006,0379,2999,1900603792999,55,1.7481880270062005
19,006,0385,2611,1900603852611,3717,3.5703093854358796
19,006,0388,1933,1900603881933,7742,3.8889092592635315
19,006,0388,201A,190060388201A,1495,3.1749315935284423
19,006,0388,2170,1900603882170,997,2.999130541287371
19,006,0388,2382,1900603882382,3037,3.4825877695267677
19,006,0388,2397,1900603882397,3101,3.4916417934775863
19,006,0388,240A,190060388240A,1008,3.0038911662369103
19,006,0388,2486,1900603882486,204,2.311753861055754
19,006,0388,2683,1900603882683,3049,3.484299839346786
19,006,0388,2842,1900603882842,1067,3.0285712526925375
19,006,0388,2908,1900603882908,764,2.8836614351536176
19,006,0389,2626,1900603892626,3330,3.522574632691177
19,006,0389,2630,1900603892630,2078,3.317854489331469
19,006,0389,2700,1900603892700,980,2.9916690073799486
19,006,0389,2749,1900603892749,1432,3.1562461903973444
19,006,0392,2560,1900603922560,2422,3.384353414137506
19,006,0392,2575,1900603922575,3629,3.5599066250361124
19,006,0392,258A,190060392258A,4062,3.6088468223264116
19,006,0403,0193,1900604030193,2583,3.4122925093230463
19,006,0403,023A,190060403023A,2599,3.4149733479708178
19,006,0403,0282,1900604030282,2343,3.369957607346053
19,006,0406,0371,1900604060371,4169,3.6201360549737576
19,007,0001,0307,1900700010307,739,2.8692317197309762
19,007,0001,0311,1900700010311,829,2.9190780923760737
19,007,0001,0364,1900700010364,326,2.514547752660286
19,007,0001,0379,1900700010379,550,2.741151598851785
19,007,0001,0538,1900700010538,91,1.9637878273455553
19,007,0001,0542,1900700010542,16,1.2304489213782739
19,007,0001,0557,1900700010557,31,1.505149978319906
19,007,0001,0561,1900700010561,12,1.1139433523068367
19,007,0001,0595,1900700010595,38,1.591064607026499
19,007,0001,0612,1900700010612,37,1.5797835966168101
19,007,0001,0627,1900700010627,23,1.380211241711606
19,007,0008,0326,1900700080326,426,2.630427875025024
19,007,0008,0330,1900700080330,555,2.7450747915820575
19,007,0008,0345,1900700080345,408,2.611723308007342
19,007,0008,035A,190070008035A,653,2.815577748324267
19,007,0008,0383,1900700080383,261,2.4183012913197452
19,007,0008,0576,1900700080576,273,2.437750562820388
19,007,0008,0580,1900700080580,3,0.6020599913279624
19,007,0008,0608,1900700080608,0,0.0
19,008,0001,0075,1900800010075,808,2.9079485216122722
19,008,0001,008A,190080001008A,871,2.940516484932567
19,008,0001,0094,1900800010094,827,2.9180303367848803
19,008,0001,0107,1900800010107,115,2.0644579892269186
19,008,0001,0111,1900800010111,714,2.8543060418010806
19,008,0001,0126,1900800010126,15,1.2041199826559248
19,008,0001,0130,1900800010130,8,0.9542425094393249
19,008,0001,0145,1900800010145,14,1.1760912590556813
19,008,0001,015A,190080001015A,17,1.255272505103306
19,008,0001,0164,1900800010164,69,1.845098040014257
19,008,0001,0179,1900800010179,33,1.5314789170422551
19,008,0001,0183,1900800010183,10,1.0413926851582251
19,008,0001,0198,1900800010198,10,1.0413926851582251
19,008,0001,0200,1900800010200,13,1.146128035678238
19,009,0001,0142,1900900010142,2100,3.3224260524059526
19,009,0001,0157,1900900010157,170,2.2329961103921536
19,009,0001,0208,1900900010208,15,1.2041199826559248
19,009,0001,0212,1900900010212,2093,3.3209766773428235
19,009,0001,0227,1900900010227,2127,3.3279716236230104
19,009,0001,0231,1900900010231,1055,3.0236639181977933
19,009,0001,0246,1900900010246,22,1.3617278360175928
19,009,0001,0250,1900900010250,1474,3.1687920203141817
19,009,0001,027A,190090001027A,90,1.9590413923210936
19,009,0001,0284,1900900010284,0,0.0
19,009,0001,0299,1900900010299,0,0.0
19,009,0001,0301,1900900010301,80,1.9084850188786497
19,009,0001,0316,1900900010316,0,0.0
19,009,0001,0320,1900900010320,607,2.783903579272735
19,009,0001,034A,190090001034A,2059,3.3138672203691533
19,009,0001,0354,1900900010354,65,1.8195439355418688
19,009,0001,0369,1900900010369,263,2.4216039268698313
19,009,0001,0373,1900900010373,954,2.9800033715837464
19,009,0001,0388,1900900010388,681,2.833784374656479
19,009,0001,0392,1900900010392,1473,3.1684974835230326
19,009,0001,0405,1900900010405,958,2.9818186071706636
19,009,0001,041A,190090001041A,1326,3.1228709228644354
19,009,0001,0424,1900900010424,1250,3.09725730969342
19,009,0001,0439,1900900010439,916,2.962369335670021
19,009,0001,0443,1900900010443,1290,3.1109262422664203
19,009,0001,0458,1900900010458,721,2.858537197569639
19,009,0001,0462,1900900010462,1739,3.2405492482826
19,009,0001,0477,1900900010477,896,2.952792443044092
19,009,0001,0481,1900900010481,1438,3.158060793936605
19,009,0001,0496,1900900010496,1246,3.0958664534785427
19,009,0001,0509,1900900010509,1024,3.010723865391773
19,009,0001,0513,1900900010513,1369,3.1367205671564067
19,009,0001,0528,1900900010528,1203,3.0806264869218056
19,009,0001,0532,1900900010532,1496,3.1752218003430523
19,009,0001,0547,1900900010547,2101,3.3226327116922234
19,009,0001,0617,1900900010617,2144,3.331427296520743
19,009,0001,0621,1900900010621,2069,3.315970345456918
19,009,0001,0636,1900900010636,80,1.9084850188786497
19,009,0001,0640,1900900010640,1867,3.2713768718940743
19,009,0001,0655,1900900010655,3332,3.52283531366053
19,009,0001,066A,190090001066A,2951,3.470116353151004
19,009,0001,0674,1900900010674,2071,3.3163897510731952
19,009,0001,0689,1900900010689,0,0.0
19,009,0001,0693,1900900010693,596,2.775974331129369
19,009,0001,0706,1900900010706,48,1.6901960800285136
19,009,0001,0710,1900900010710,29,1.4771212547196624
19,009,0001,0725,1900900010725,2245,3.351409751925439
19,009,0001,073A,190090001073A,119,2.0791812460476247
19,009,0001,0744,1900900010744,245,2.3909351071033793
19,009,0001,0759,1900900010759,0,0.0
19,009,0001,0763,1900900010763,44,1.6532125137753437
19,009,0001,0778,1900900010778,506,2.705007959333336
19,009,0001,0782,1900900010782,757,2.8796692056320534
19,009,0001,0797,1900900010797,410,2.6138418218760693
19,009,0001,080A,190090001080A,265,2.424881636631067
19,009,0001,0814,1900900010814,2396,3.379668034033654
19,009,0001,0829,1900900010829,2857,3.4560622244549513
19,009,0001,0833,1900900010833,1731,3.2385478876813276
19,009,0001,0848,1900900010848,2054,3.312811826212088
19,009,0001,0852,1900900010852,1301,3.114610984232173
19,009,0001,0867,1900900010867,780,2.8926510338773004
19,009,0001,0871,1900900010871,2388,3.378216149749878
19,009,0001,0886,1900900010886,150,2.1789769472931693
19,009,0001,0890,1900900010890,1191,3.076276255404218
19,009,0001,0903,1900900010903,153,2.187520720836463
19,009,0001,0918,1900900010918,16,1.2304489213782739
19,009,0001,0922,1900900010922,87,1.9444826721501687
19,009,0001,0937,1900900010937,35,1.5563025007672873
19,009,0001,0941,1900900010941,0,0.0
19,009,0001,0956,1900900010956,3359,3.526339277389844
19,009,0001,0960,1900900010960,62,1.7993405494535817
19,009,0001,0975,1900900010975,881,2.94546858513182
19,009,0001,098A,190090001098A,390,2.5921767573958667
19,009,0001,0994,1900900010994,1716,3.2347702951609163
19,009,0001,1009,1900900011009,95,1.9822712330395684
19,009,0572,0161,1900905720161,5596,3.74795530690673
19,009,0572,0176,1900905720176,5946,3.7742979384992776
19,009,0572,0180,1900905720180,8360,3.9222582234329666
19,009,0572,0195,1900905720195,4731,3.675044735955893
19,009,0572,0265,1900905720265,4550,3.658106835506393
19,010,0001,0020,1901000010020,852,2.930949031167523
19,010,0001,004A,190100001004A,2335,3.3684728384403617
19,010,0001,0054,1901000010054,347,2.5415792439465807
19,010,0001,0069,1901000010069,527,2.722633922533812
19,010,0001,0073,1901000010073,1068,3.028977705208778
19,010,0001,0088,1901000010088,1385,3.141763230275788
19,010,0001,0092,1901000010092,7,0.9030899869919435
19,010,0001,0105,1901000010105,69,1.845098040014257
19,010,0001,011A,190100001011A,18,1.2787536009528289
19,010,0001,0124,1901000010124,64,1.8129133566428555
19,010,0001,0139,1901000010139,4856,3.6863681034730362
19,010,0001,0143,1901000010143,4,0.6989700043360189
19,010,0001,0196,1901000010196,51,1.7160033436347992
19,010,0129,0035,1901001290035,2788,3.44544851426605
19,010,0129,0209,1901001290209,7088,3.8505849763520312
19,010,0129,0213,1901001290213,5027,3.7013952690139202
19,010,0129,0228,1901001290228,5307,3.724930914192398
19,010,0129,0232,1901001290232,4723,3.6743098889414774
19,010,0129,0247,1901001290247,3029,3.481442628502305
19,010,0129,0251,1901001290251,1958,3.2920344359947364
19,010,0130,0266,1901001300266,5753,3.759969857554307
19,010,0130,0270,1901001300270,4020,3.604334073102911
19,010,0130,0285,1901001300285,5565,3.745543201998024
19,010,0130,029A,190100130029A,6470,3.8109713998222077
19,010,0130,0302,1901001300302,7193,3.856970433482492
19,010,0130,0317,1901001300317,1842,3.2655253352190736
19,010,0131,0158,1901001310158,3103,3.491921712586151
19,010,0131,0162,1901001310162,795,2.900913067737669
19,010,0131,0177,1901001310177,3253,3.51241754860084
19,010,0131,0181,1901001310181,2381,3.3769417571467586
19,010,0132,0321,1901001320321,2691,3.430075055551939
19,010,0132,0336,1901001320336,3912,3.59250984790068
19,010,0132,0340,1901001320340,8479,3.9283958522567137
19,010,0132,0355,1901001320355,6193,3.791971201020768
19,011,0001,0140,1901100010140,685,2.8363241157067516
19,011,0001,0155,1901100010155,962,2.9836262871245345
19,011,0001,016A,190110001016A,874,2.942008053022313
19,011,0001,0174,1901100010174,870,2.9400181550076634
19,011,0001,0193,1901100010193,577,2.761927838420529
19,011,0001,0206,1901100010206,598,2.7774268223893115
19,011,0001,0210,1901100010210,378,2.578639209968072
19,011,0001,0225,1901100010225,493,2.693726948923647
19,011,0001,0297,1901100010297,230,2.3636119798921444
19,011,0001,030A,190110001030A,92,1.968482948553935
19,011,0001,0314,1901100010314,2,0.47712125471966244
19,011,0001,0329,1901100010329,45,1.662757831681574
19,011,0001,0333,1901100010333,47,1.6812412373755872
19,011,0001,0348,1901100010348,1,0.3010299956639812
19,011,0001,0352,1901100010352,3,0.6020599913279624
19,011,0001,0367,1901100010367,38,1.591064607026499
19,011,0001,0371,1901100010371,19,1.3010299956639813
19,011,0001,0386,1901100010386,0,0.0
19,011,0001,0390,1901100010390,5,0.7781512503836436
19,011,0001,0403,1901100010403,0,0.0
19,011,0001,0418,1901100010418,3,0.6020599913279624
19,011,0001,0422,1901100010422,318,2.503790683057181
19,011,0001,0437,1901100010437,309,2.4913616938342726
19,011,0001,0441,1901100010441,6,0.8450980400142568
19,011,0001,0456,1901100010456,7,0.9030899869919435
19,011,0001,0460,1901100010460,167,2.225309281725863
19,011,0001,0475,1901100010475,10,1.0413926851582251
19,012,0001,0025,1901200010025,214,2.3324384599156054
19,012,0001,003A,190120001003A,0,0.0
19,012,0001,0044,1901200010044,545,2.7371926427047373
19,012,0001,0059,1901200010059,505,2.7041505168397992
19,012,0001,0063,1901200010063,341,2.534026106056135
19,012,0001,0082,1901200010082,1136,3.0557604646877348
19,012,0001,0097,1901200010097,672,2.828015064223977
19,012,0001,010A,190120001010A,410,2.6138418218760693
19,012,0001,0148,1901200010148,156,2.1958996524092336
19,012,0001,0152,1901200010152,0,0.0
19,012,0001,0167,1901200010167,2732,3.436639631692661
19,012,0001,0171,1901200010171,3618,3.5585885831081994
19,012,0001,0186,1901200010186,1233,3.091315159697223
19,012,0001,0190,1901200010190,636,2.8041394323353503
19,012,0001,0203,1901200010203,950,2.978180516937414
19,012,0001,0218,1901200010218,1795,3.2543063323312857
19,012,0001,0222,1901200010222,425,2.629409599102719
19,012,0001,0237,1901200010237,1224,3.0881360887005513
19,012,0001,0241,1901200010241,46,1.6720978579357175
19,012,0001,0256,1901200010256,2456,3.390405156480081
19,012,0001,0326,1901200010326,2761,3.4412236742426123
19,012,0001,0379,1901200010379,1869,3.271841606536499
19,012,0001,0398,1901200010398,3049,3.484299839346786
19,012,0001,0400,1901200010400,1619,3.2095150145426308
19,012,0001,0449,1901200010449,498,2.6981005456233897
19,012,0001,0453,1901200010453,650,2.813580988568192
19,012,0001,0487,1901200010487,211,2.326335860928751
19,012,0001,0491,1901200010491,466,2.6693168805661123
19,012,0152,0307,1901201520307,2338,3.3690302218091532
19,012,0152,0311,1901201520311,2384,3.3774883833761327
19,012,0211,0260,1901202110260,2879,3.459392487759231
19,012,0211,0275,1901202110275,5232,3.718750734739665
19,012,0211,028A,190120211028A,3767,3.57611089412084
19,012,0211,0330,1901202110330,1442,3.159266331093494
19,012,0211,0345,1901202110345,1011,3.0051805125037805
19,012,0211,035A,190120211035A,519,2.716003343634799
19,012,0211,0364,1901202110364,542,2.734799829588847
19,012,0211,0383,1901202110383,996,2.998695158311656
19,012,0211,0415,1901202110415,1155,3.0629578340845103
19,012,0211,042A,190120211042A,2368,3.374565060722765
19,012,0211,0434,1901202110434,2456,3.390405156480081
19,012,0211,0468,1901202110468,1227,3.089198366805149
19,012,0211,0472,1901202110472,2227,3.3479151865016914
19,012,0211,0504,1901202110504,2495,3.397244581010386
19,012,0211,0519,1901202110519,1963,3.2931414834509307
19,012,0228,0294,1901202280294,2884,3.46014581749175
19,012,0228,0523,1901202280523,164,2.2174839442139063
19,013,0001,0501,1901300010501,274,2.439332693830263
19,013,0001,0516,1901300010516,670,2.826722520168992
19,013,0001,0520,1901300010520,438,2.6424645202421213
19,013,0001,0535,1901300010535,340,2.5327543789924976
19,013,0001,054A,190130001054A,355,2.5514499979728753
19,013,0001,0554,1901300010554,311,2.494154594018443
19,013,0001,0569,1901300010569,260,2.416640507338281
19,013,0001,0573,1901300010573,315,2.499687082618404
19,013,0001,0588,1901300010588,381,2.582063362911709
19,013,0001,0592,1901300010592,516,2.7134905430939424
19,013,0001,0605,1901300010605,909,2.9590413923210934
19,013,0001,061A,190130001061A,316,2.5010592622177517
19,013,0001,0624,1901300010624,207,2.3180633349627615
19,013,0001,0639,1901300010639,198,2.298853076409707
19,013,0001,0643,1901300010643,313,2.496929648073215
19,013,0001,0658,1901300010658,323,2.510545010206612
19,013,0001,0662,1901300010662,227,2.357934847000454
19,013,0001,0982,1901300010982,19,1.3010299956639813
19,013,0001,0997,1901300010997,170,2.2329961103921536
19,013,0001,1001,1901300011001,912,2.960470777534299
19,013,0001,1016,1901300011016,17,1.255272505103306
19,013,0001,1020,1901300011020,108,2.037426497940624
19,013,0001,1035,1901300011035,283,2.4533183400470375
19,013,0001,104A,190130001104A,9,1.0
19,013,0001,1054,1901300011054,278,2.4456042032735974
19,013,0001,1073,1901300011073,16,1.2304489213782739
19,013,0001,1088,1901300011088,99,2.0
19,014,0001,0528,1901400010528,1332,3.1248301494138593
19,014,0001,0532,1901400010532,1650,3.2177470732627937
19,014,0001,0547,1901400010547,1499,3.1760912590556813
19,014,0001,0551,1901400010551,1572,3.196728722623287
19,014,0001,0566,1901400010566,1694,3.229169702539101
19,014,0001,0570,1901400010570,582,2.765668554759014
19,014,0001,0585,1901400010585,765,2.884228769632604
19,014,0001,130A,190140001130A,119,2.0791812460476247
19,014,0001,1314,1901400011314,920,2.964259630196849
19,014,0001,1333,1901400011333,283,2.4533183400470375
19,014,0001,1348,1901400011348,27,1.4471580313422192
19,014,0001,1352,1901400011352,593,2.7737864449811935
19,014,0001,1367,1901400011367,37,1.5797835966168101
19,014,0001,1371,1901400011371,54,1.7403626894942439
19,014,0001,1386,1901400011386,31,1.505149978319906
19,014,0001,1390,1901400011390,103,2.0170333392987803
19,014,0001,1403,1901400011403,42,1.6334684555795864
19,014,0001,1418,1901400011418,133,2.1271047983648077
19,014,0001,1422,1901400011422,293,2.4683473304121573
19,014,0001,1437,1901400011437,93,1.9731278535996986
19,015,0001,0135,1901500010135,34,1.5440680443502757
19,015,0001,014A,190150001014A,44,1.6532125137753437
19,015,0001,0154,1901500010154,209,2.322219294733919
19,015,0001,0169,1901500010169,170,2.2329961103921536
19,015,0001,0173,1901500010173,167,2.225309281725863
19,015,0001,0188,1901500010188,97,1.9912260756924949
19,015,0001,0192,1901500010192,49,1.6989700043360187
19,015,0001,0205,1901500010205,32,1.5185139398778875
19,016,0001,0081,1901600010081,95,1.9822712330395684
19,016,0001,0096,1901600010096,336,2.5276299008713385
19,016,0001,0109,1901600010109,125,2.100370545117563
19,016,0001,0113,1901600010113,136,2.1367205671564067
19,016,0001,0128,1901600010128,352,2.5477747053878224
19,016,0001,0132,1901600010132,398,2.6009728956867484
19,016,0001,0202,1901600010202,48,1.6901960800285136
19,016,0001,0217,1901600010217,58,1.7708520116421442
19,016,0001,0221,1901600010221,130,2.1172712956557644
19,016,0001,0236,1901600010236,497,2.6972293427597176
19,016,0001,0240,1901600010240,35,1.5563025007672873
19,017,0001,0318,1901700010318,691,2.840106094456758
19,017,0001,0731,1901700010731,1195,3.077731179652392
19,017,0001,0750,1901700010750,1381,3.1405080430381798
19,017,0001,127A,190170001127A,129,2.113943352306837
19,017,0001,1301,1901700011301,63,1.806179973983887
19,017,0001,134A,190170001134A,93,1.9731278535996986
19,017,0001,1354,1901700011354,1110,3.0457140589408676
19,017,0001,1369,1901700011369,98,1.99563519459755
19,017,0001,1373,1901700011373,56,1.7558748556724915
19,017,0001,1388,1901700011388,52,1.724275869600789
19,017,0001,1392,1901700011392,31,1.505149978319906
19,017,0001,1405,1901700011405,20,1.3222192947339193
19,017,0001,141A,190170001141A,1421,3.1528995963937474
19,017,0001,1424,1901700011424,1185,3.074084689028244
19,017,0001,1439,1901700011439,39,1.6020599913279623
19,017,0001,1443,1901700011443,133,2.1271047983648077
19,017,0001,1458,1901700011458,87,1.9444826721501687
19,017,0001,1462,1901700011462,60,1.7853298350107671
19,017,0153,0040,1901701530040,948,2.977266212427293
19,017,0153,0074,1901701530074,1595,3.2030328870147105
19,018,0001,0029,1901800010029,483,2.6848453616444123
19,018,0001,0067,1901800010067,135,2.1335389083702174
19,018,0001,0118,1901800010118,3453,3.53832233323144
19,018,0001,0122,1901800010122,611,2.7867514221455614
19,018,0001,0137,1901800010137,2193,3.3412366232386925
19,018,0001,0141,1901800010141,916,2.962369335670021
19,018,0001,0156,1901800010156,1355,3.1322596895310446
19,018,0001,0211,1901800010211,1745,3.2420442393695508
19,018,0001,0226,1901800010226,1159,3.0644579892269186
19,018,0001,0230,1901800010230,4914,3.6915235221681546
19,018,0001,0245,1901800010245,50,1.7075701760979363
19,018,0001,025A,190180001025A,1695,3.229425847920695
19,018,0001,0264,1901800010264,22,1.3617278360175928
19,018,0001,0279,1901800010279,2632,3.4204508591060683
19,018,0001,0283,1901800010283,1148,3.060320028688285
19,018,0001,0315,1901800010315,3870,3.5878231713189552
19,018,0001,032A,190180001032A,544,2.7363965022766426
19,018,0001,0334,1901800010334,536,2.7299742856995555
19,018,0001,0349,1901800010349,2646,3.422753941301348
19,018,0001,0372,1901800010372,3188,3.5036545192429593
19,018,0001,0387,1901800010387,491,2.69196510276736
19,018,0001,0391,1901800010391,654,2.816241299991783
19,018,0001,0404,1901800010404,404,2.6074550232146687
19,018,0001,0423,1901800010423,645,2.8102325179950842
19,018,0001,0438,1901800010438,6868,3.836893516376434
19,018,0001,0442,1901800010442,4535,3.65667304588485
19,018,0001,0457,1901800010457,465,2.66838591669
19,018,0001,0461,1901800010461,2922,3.4658288153574364
19,018,0001,0476,1901800010476,4732,3.6751365044679942
19,018,0001,0480,1901800010480,537,2.7307822756663893
19,018,0001,0512,1901800010512,25,1.414973347970818
19,018,0001,0527,1901800010527,2533,3.4038066105474227
19,018,0001,0531,1901800010531,3555,3.5509617522981762
19,018,0001,0546,1901800010546,3736,3.5725230978496376
19,018,0001,0550,1901800010550,3359,3.526339277389844
19,018,0001,0565,1901800010565,3564,3.5520595341878844
19,018,0001,057A,190180001057A,748,2.8744818176994666
19,018,0001,0584,1901800010584,2625,3.4192947217534604
19,018,0001,0599,1901800010599,5529,3.7427251313046983
19,018,0001,0654,1901800010654,5217,3.717504074764202
19,018,0001,0669,1901800010669,2373,3.3754807146185724
19,018,0001,0673,1901800010673,2397,3.37984917876283
19,018,0001,0688,1901800010688,1119,3.0492180226701815
19,018,0001,0692,1901800010692,1367,3.1360860973840974
19,018,0001,0705,1901800010705,2896,3.461948495203762
19,018,0001,071A,190180001071A,1173,3.0696680969115957
19,018,0001,0762,1901800010762,1302,3.1149444157125847
19,018,0001,0777,1901800010777,673,2.82865989653532
19,018,0001,0781,1901800010781,1232,3.0909630765957314
19,018,0001,0796,1901800010796,2264,3.3550682063488506
19,018,0001,0809,1901800010809,3150,3.4984484031739997
19,018,0001,0813,1901800010813,1205,3.0813473078041325
19,018,0001,0847,1901800010847,647,2.8115750058705933
19,018,0001,0851,1901800010851,2676,3.4276483711869328
19,018,0001,0866,1901800010866,6047,3.78161178249315
19,018,0001,089A,190180001089A,1083,3.0350292822023683
19,018,0001,0917,1901800010917,185,2.2695129442179165
19,018,0001,0921,1901800010921,1827,3.2619761913978125
19,018,0001,0936,1901800010936,7375,3.867820908045573
19,018,0001,0955,1901800010955,85,1.9344984512435677
19,018,0001,107A,190180001107A,6321,3.800854491503561
19,018,0001,1084,1901800011084,3923,3.593728998707911
19,018,0001,1099,1901800011099,2384,3.3774883833761327
19,018,0001,1101,1901800011101,1659,3.220108088040055
19,018,0001,1135,1901800011135,6649,3.8228216453031045
19,018,0001,114A,190180001114A,6666,3.8239304551255637
19,018,0001,1169,1901800011169,515,2.7126497016272113
19,018,0001,1173,1901800011173,1884,3.2753113545418118
19,018,0001,1188,1901800011188,1379,3.1398790864012365
19,018,0001,1192,1901800011192,761,2.8819549713396007
19,018,0001,1205,1901800011205,0,0.0
19,018,0001,121A,190180001121A,2992,3.4761067168401913
19,018,0001,1224,1901800011224,3116,3.49373680227684
19,018,0001,1239,1901800011239,3116,3.49373680227684
19,018,0001,1313,1901800011313,2745,3.4387005329007363
19,018,0001,1328,1901800011328,4254,3.628899564420607
19,018,0001,1332,1901800011332,2077,3.3176455432211585
19,018,0001,1347,1901800011347,5735,3.758609142659744
19,018,0001,1366,1901800011366,1976,3.2960066693136723
19,018,0001,1370,1901800011370,4748,3.676602169582018
19,018,0001,1417,1901800011417,738,2.8686444383948255
19,018,0001,1421,1901800011421,0,0.0
19,018,0001,1436,1901800011436,2739,3.437750562820388
19,018,0001,1440,1901800011440,3622,3.559068334034537
19,018,0001,1455,1901800011455,1013,3.0060379549973173
19,018,0001,146A,190180001146A,3219,3.507855871695831
19,018,0001,1474,1901800011474,3728,3.571592383361307
19,018,0001,1510,1901800011510,3791,3.5788683286660286
19,018,0001,1525,1901800011525,4904,3.6906390117159673
19,018,0001,153A,190180001153A,2300,3.3619166186686433
19,018,0001,1559,1901800011559,3279,3.515873843711679
19,018,0001,1563,1901800011563,1397,3.1455071714096627
19,018,0001,1578,1901800011578,1450,3.161667412437736
19,018,0001,1652,1901800011652,1045,3.0195316845312554
19,018,0001,1667,1901800011667,1252,3.09795107099415
19,018,0001,1671,1901800011671,1542,3.188365926063148
19,018,0001,1686,1901800011686,1755,3.244524511570084
19,018,0001,1690,1901800011690,3152,3.4987239707479048
19,018,0001,1703,1901800011703,2483,3.3951515915045425
19,018,0001,1741,1901800011741,874,2.942008053022313
19,018,0001,1775,1901800011775,0,0.0
19,018,0001,178A,190180001178A,0,0.0
19,018,0025,096A,190180025096A,1674,3.224014811372864
19,018,0025,0974,1901800250974,4112,3.614158709509175
19,018,0025,0989,1901800250989,4224,3.625826713285711
19,018,0025,0993,1901800250993,3202,3.5055569386638217
19,018,0025,1008,1901800251008,2930,3.4670158184384356
19,018,0025,1046,1901800251046,5888,3.770041554319669
19,018,0025,1050,1901800251050,3919,3.593286067020457
19,018,0025,1243,1901800251243,800,2.9036325160842376
19,018,0025,1385,1901800251385,830,2.919601023784111
19,018,0025,1402,1901800251402,5703,3.756179516843809
19,018,0025,1489,1901800251489,0,0.0
19,018,0025,1544,1901800251544,2165,3.3356584522893016
19,018,0025,1648,1901800251648,4551,3.6582022533870147
19,018,0105,0160,1901801050160,5037,3.702258163162094
19,018,0105,0300,1901801050300,0,0.0
19,018,0105,0353,1901801050353,2315,3.3647385550553985
19,018,0105,0368,1901801050368,2976,3.473778834646725
19,018,0105,0616,1901801050616,7322,3.864689034136851
19,018,0105,0620,1901801050620,5425,3.7344797894255772
19,018,0105,0724,1901801050724,3387,3.5299434016586693
19,018,0105,0832,1901801050832,1982,3.2973227142053028
19,018,0105,0902,1901801050902,1071,3.030194785356751
19,018,0105,1012,1901801051012,525,2.7209857441537393
19,018,0105,1027,1901801051027,2563,3.4089180208467798
19,018,0105,1116,1901801051116,473,2.6757783416740852
19,018,0105,1154,1901801051154,2086,3.3195224490654542
19,018,0105,1262,1901801051262,4206,3.6239725120169965
19,018,0105,1351,1901801051351,723,2.859738566197147
19,018,0105,139A,190180105139A,1396,3.1451964061141817
19,018,0212,0071,1901802120071,162,2.2121876044039577
19,018,0212,0086,1901802120086,48,1.6901960800285136
19,018,0212,0103,1901802120103,264,2.423245873936808
19,018,0212,0495,1901802120495,3685,3.566555330883055
19,018,0212,0508,1901802120508,3965,3.598352709869284
19,018,0212,0601,1901802120601,3583,3.5543680009900878
19,018,0212,0635,1901802120635,2100,3.3224260524059526
19,018,0212,064A,190180212064A,5135,3.710625015060797
19,018,0212,0739,1901802120739,1484,3.171726453653231
19,018,0212,0743,1901802120743,930,2.9689496809813427
19,018,0212,0758,1901802120758,966,2.9854264740830017
19,018,0212,0828,1901802120828,3084,3.4892551683692603
19,018,0212,0870,1901802120870,1289,3.110589710299249
19,018,0212,0885,1901802120885,1035,3.0153597554092144
19,018,0212,0940,1901802120940,5,0.7781512503836436
19,018,0212,1031,1901802121031,1997,3.3005954838899636
19,018,0212,1065,1901802121065,1726,3.237292337567459
19,018,0212,1120,1901802121120,2725,3.435525851498655
19,018,0212,1258,1901802121258,0,0.0
19,018,0212,1277,1901802121277,381,2.582063362911709
19,018,0212,1281,1901802121281,1838,3.2645817292380777
19,018,0212,1296,1901802121296,1193,3.0770043267933502
19,018,0212,1309,1901802121309,0,0.0
19,018,0212,1493,1901802121493,1858,3.2692793897718984
19,018,0212,1506,1901802121506,500,2.699837725867246
19,018,0212,1582,1901802121582,833,2.921166050637739
19,018,0212,1597,1901802121597,1505,3.177824971864682
19,018,0212,160A,190180212160A,4067,3.6093809442507068
19,018,0212,1614,1901802121614,1523,3.182984967003582
19,018,0212,1629,1901802121629,2493,3.396896449142524
19,018,0212,1633,1901802121633,336,2.5276299008713385
19,018,0212,1718,1901802121718,19,1.3010299956639813
19,018,0212,1722,1901802121722,2,0.47712125471966244
19,018,0212,1737,1901802121737,1636,3.2140486794119414
19,018,0212,1756,1901802121756,1094,3.0394141191761372
19,018,0212,1760,1901802121760,0,0.0
19,018,0234,1830,1901802341830,2662,3.425371166438941
19,018,0234,1845,1901802341845,4249,3.6283889300503116
19,018,0234,185A,190180234185A,3738,3.5727554651542195
19,018,0236,1794,1901802361794,3063,3.486288760960566
19,018,0236,1807,1901802361807,2000,3.3012470886362113
19,018,0236,1811,1901802361811,2958,3.471144965160633
19,018,0236,1826,1901802361826,832,2.9206450014067875
19,019,0001,0011,1901900010011,5460,3.7372721765355434
19,019,0001,0026,1901900010026,3668,3.564547711755948
19,019,0001,005A,190190001005A,2404,3.3811150807098507
19,019,0001,0064,1901900010064,2721,3.434888120867316
19,019,0001,0079,1901900010079,4464,3.649821463224565
19,019,0001,0083,1901900010083,1374,3.1383026981662816
19,019,0001,0098,1901900010098,1854,3.268343913951065
19,019,0001,0100,1901900010100,1944,3.2889196056617265
19,019,0001,0115,1901900010115,1551,3.1908917169221698
19,019,0001,012A,190190001012A,1385,3.141763230275788
19,019,0001,0134,1901900010134,2119,3.326335860928751
19,019,0001,0149,1901900010149,1163,3.06595298031387
19,019,0001,0153,1901900010153,1800,3.2555137128195333
19,019,0001,0168,1901900010168,1570,3.1961761850399735
19,019,0001,0172,1901900010172,1335,3.125806458139527
19,019,0001,0187,1901900010187,4463,3.6497241859295224
19,019,0001,0191,1901900010191,2824,3.4510184521554574
19,019,0001,0204,1901900010204,3926,3.594060901270418
19,019,0001,0219,1901900010219,1954,3.2911467617318855
19,019,0001,0223,1901900010223,2979,3.4742162640762553
19,019,0001,0238,1901900010238,1904,3.279894980011638
19,019,0001,0242,1901900010242,2717,3.4342494523964757
19,019,0001,0257,1901900010257,1307,3.1166077439882485
19,019,0001,0261,1901900010261,2240,3.350441856535061
19,019,0001,0280,1901900010280,2690,3.4299136977637543
19,019,0001,0312,1901900010312,1942,3.2884728005997825
19,019,0001,0327,1901900010327,6145,3.7885925559203595
19,019,0001,0331,1901900010331,6771,3.830716949436898
19,019,0001,0350,1901900010350,2768,3.4423229557455746
19,019,0001,0365,1901900010365,3419,3.534026106056135
19,019,0001,037A,190190001037A,1523,3.182984967003582
19,019,0001,0384,1901900010384,1111,3.0461047872460387
19,019,0001,0399,1901900010399,1162,3.0655797147284485
19,019,0001,0401,1901900010401,2375,3.375846436309156
19,019,0001,0416,1901900010416,700,2.8457180179666586
19,019,0001,0420,1901900010420,1696,3.229681842317676
19,019,0001,0435,1901900010435,4494,3.6527296960692475
19,019,0001,044A,190190001044A,4383,3.641870545476313
19,019,0001,0454,1901900010454,557,2.7466341989375787
19,019,0001,0469,1901900010469,3112,3.493179120682515
19,019,0001,0473,1901900010473,983,2.9929950984313414
19,019,0001,0488,1901900010488,2757,3.440594261839831
19,019,0001,0492,1901900010492,2848,3.454692449239477
19,019,0001,0505,1901900010505,2494,3.397070549959409
19,019,0001,051A,190190001051A,1899,3.278753600952829
19,019,0001,0539,1901900010539,2687,3.429429264381788
19,019,0001,0543,1901900010543,2474,3.3935752032695876
19,019,0001,0558,1901900010558,1349,3.130333768495006
19,019,0001,0562,1901900010562,450,2.6541765418779604
19,019,0001,0577,1901900010577,4317,3.635282637998212
19,019,0001,0581,1901900010581,3802,3.5801263254115825
19,019,0001,0596,1901900010596,34,1.5440680443502757
19,019,0001,0609,1901900010609,1928,3.2853322276438846
19,019,0001,0613,1901900010613,132,2.123851640967086
19,019,0001,0628,1901900010628,0,0.0
19,020,0001,0243,1902000010243,303,2.482873583608754
19,020,0001,0258,1902000010258,459,2.662757831681574
19,020,0001,0262,1902000010262,149,2.1760912590556813
19,020,0001,0277,1902000010277,323,2.510545010206612
19,020,0001,0281,1902000010281,503,2.7024305364455254
19,020,0001,0296,1902000010296,314,2.4983105537896004
19,020,0001,0309,1902000010309,463,2.6665179805548807
19,020,0001,0313,1902000010313,332,2.5224442335063197
19,020,0001,0328,1902000010328,580,2.7641761323903307
19,020,0001,0332,1902000010332,165,2.220108088040055
19,020,0001,046A,190200001046A,35,1.5563025007672873
19,020,0001,0474,1902000010474,5,0.7781512503836436
19,020,0001,0489,1902000010489,24,1.3979400086720377
19,020,0001,0493,1902000010493,33,1.5314789170422551
19,020,0001,0506,1902000010506,29,1.4771212547196624
19,020,0001,0510,1902000010510,0,0.0
19,020,0001,0525,1902000010525,106,2.0293837776852097
19,020,0001,053A,190200001053A,8,0.9542425094393249
19,020,0001,0544,1902000010544,16,1.2304489213782739
19,020,0001,0559,1902000010559,29,1.4771212547196624
19,020,0001,060A,190200001060A,102,2.012837224705172
19,020,0001,0614,1902000010614,58,1.7708520116421442
19,021,0001,001A,190210001001A,1,0.3010299956639812
19,021,0001,0043,1902100010043,4208,3.6241789257480224
19,021,0001,0062,1902100010062,148,2.173186268412274
19,021,0001,0077,1902100010077,440,2.6444385894678386
19,021,0001,0096,1902100010096,2025,3.3066394410242617
19,021,0001,0151,1902100010151,7060,3.848866211494779
19,021,0001,0166,1902100010166,2155,3.3336487565147013
19,021,0001,0185,1902100010185,2732,3.436639631692661
19,021,0001,0202,1902100010202,4674,3.6697816152085365
19,021,0001,0221,1902100010221,5255,3.7206553565517244
19,021,0001,0236,1902100010236,1237,3.0927206446840994
19,021,0001,0240,1902100010240,3874,3.588271706842329
19,021,0001,0255,1902100010255,6704,3.8263987821876175
19,021,0001,0274,1902100010274,1153,3.0622058088197126
19,021,0001,0289,1902100010289,1352,3.131297796597623
19,021,0001,0293,1902100010293,2008,3.3029799367482493
19,021,0001,0306,1902100010306,4237,3.627160952374776
19,021,0001,0325,1902100010325,1,0.3010299956639812
19,021,0001,033A,190210001033A,4000,3.6021685513789974
19,021,0001,0344,1902100010344,11293,4.0528477834008605
19,021,0001,0363,1902100010363,4457,3.649140064144219
19,021,0001,0378,1902100010378,4134,3.6164755138885654
19,021,0001,0382,1902100010382,4835,3.6844862921887342
19,021,0001,0397,1902100010397,5412,3.7334380270910614
19,021,0001,040A,190210001040A,2741,3.438067450453494
19,021,0001,0414,1902100010414,1247,3.0962145853464054
19,021,0001,0429,1902100010429,6111,3.7861833455676335
19,021,0001,0433,1902100010433,4029,3.6053050461411096
19,021,0001,0448,1902100010448,3950,3.596707029681446
19,021,0001,0452,1902100010452,2904,3.4631461367263494
19,021,0001,0467,1902100010467,4188,3.6221103603612197
19,021,0001,0471,1902100010471,4487,3.652052848248105
19,021,0001,0486,1902100010486,2957,3.4709981696608736
19,021,0001,0490,1902100010490,2715,3.433929765608464
19,021,0001,0503,1902100010503,4228,3.6262376851469003
19,021,0001,0518,1902100010518,3302,3.518908573691414
19,021,0001,0522,1902100010522,1342,3.1280760126687155
19,021,0001,0537,1902100010537,594,2.7745169657285498
19,021,0001,0556,1902100010556,3921,3.5935075893317654
19,021,0001,0560,1902100010560,294,2.469822015978163
19,021,0001,0575,1902100010575,2137,3.330007700872759
19,021,0001,058A,190210001058A,1077,3.03261876085072
19,021,0001,0594,1902100010594,5610,3.749040268703457
19,021,0001,0607,1902100010607,231,2.3654879848909
19,021,0001,0611,1902100010611,3585,3.554610285226164
19,021,0001,0626,1902100010626,317,2.5024271199844326
19,021,0001,0630,1902100010630,2706,3.4324882557705063
19,021,0001,0679,1902100010679,4099,3.6127838567197355
19,021,0001,0683,1902100010683,4460,3.6494322232416168
19,021,0001,0698,1902100010698,4010,3.6032526619816467
19,021,0001,0700,1902100010700,4941,3.6939027410660605
19,021,0001,0715,1902100010715,5543,3.7438232216037504
19,021,0001,072A,190210001072A,3090,3.4900990050633047
19,021,0001,0749,1902100010749,5980,3.776773802412107
19,021,0001,0753,1902100010753,5841,3.766561552637531
19,021,0001,0772,1902100010772,997,2.999130541287371
19,021,0001,0787,1902100010787,757,2.8796692056320534
19,021,0001,0791,1902100010791,5,0.7781512503836436
19,021,0001,0819,1902100010819,289,2.462397997898956
19,021,0001,0823,1902100010823,3201,3.505421327583281
19,021,0001,0838,1902100010838,2938,3.4681995860726125
19,021,0001,0895,1902100010895,4288,3.632356046239073
19,021,0001,0908,1902100010908,3652,3.5626496722119168
19,021,0001,0927,1902100010927,2570,3.4101020766428607
19,021,0001,0931,1902100010931,2631,3.4202858849419178
19,021,0001,0950,1902100010950,343,2.53655844257153
19,021,0001,0965,1902100010965,4761,3.677789391068861
19,021,0001,097A,190210001097A,3377,3.5286596452349897
19,021,0001,0984,1902100010984,2982,3.474653253362063
19,021,0001,0999,1902100010999,2615,3.4176377396522297
19,021,0001,1003,1902100011003,3526,3.5474054596674898
19,021,0001,1022,1902100011022,5015,3.70035752782266
19,021,0001,1037,1902100011037,2990,3.475816413031318
19,021,0001,1041,1902100011041,2342,3.369772288596963
19,021,0001,1056,1902100011056,3070,3.4872798164430687
19,021,0001,1060,1902100011060,3355,3.5258219521566625
19,021,0001,1075,1902100011075,8122,3.9097164532343447
19,021,0001,108A,190210001108A,2125,3.327563260187278
19,021,0001,1094,1902100011094,3750,3.574147064150723
19,021,0001,1107,1902100011107,3086,3.4895366294820955
19,021,0001,1111,1902100011111,2905,3.4632956099620027
19,021,0001,1130,1902100011130,222,2.3483048630481607
19,021,0001,1291,1902100011291,2072,3.3165993020938607
19,021,0001,1304,1902100011304,4133,3.6163704722912695
19,021,0001,1319,1902100011319,3137,3.496652939250918
19,021,0001,1323,1902100011323,3844,3.5848963441374497
19,021,0001,1338,1902100011338,2800,3.4473131088235682
19,021,0001,1342,1902100011342,4655,3.668012971641832
19,021,0001,1357,1902100011357,3528,3.5476516583599693
19,021,0001,1361,1902100011361,3656,3.5631249603380444
19,021,0001,1376,1902100011376,3779,3.5774917998372255
19,021,0001,1380,1902100011380,0,0.0
19,021,0001,1395,1902100011395,4307,3.634275694625944
19,021,0001,1408,1902100011408,6781,3.8313577854420675
19,021,0001,1412,1902100011412,3239,3.510545010206612
19,021,0001,1427,1902100011427,4126,3.615634468877416
19,021,0001,1431,1902100011431,702,2.846955325019824
19,021,0001,1446,1902100011446,639,2.806179973983887
19,021,0001,1450,1902100011450,3561,3.551693915127225
19,021,0001,1465,1902100011465,883,2.946452265013073
19,021,0001,147A,190210001147A,6668,3.824060717418653
19,021,0001,1484,1902100011484,4419,3.645422269349092
19,021,0001,1499,1902100011499,2215,3.345569756056392
19,021,0001,1501,1902100011501,2324,3.3664229572259727
19,021,0001,1516,1902100011516,2656,3.4243915544102776
19,021,0001,1520,1902100011520,3444,3.5371892262436444
19,021,0001,1535,1902100011535,629,2.7993405494535817
19,021,0001,154A,190210001154A,1386,3.1420764610732848
19,021,0001,1554,1902100011554,111,2.0492180226701815
19,021,0001,1569,1902100011569,5715,3.7570922201189325
19,021,0001,1573,1902100011573,4139,3.617000341120899
19,021,0001,1588,1902100011588,4161,3.6193020758756083
19,021,0001,1592,1902100011592,3640,3.561220678933944
19,021,0001,1605,1902100011605,3875,3.5883837683787276
19,021,0001,161A,190210001161A,3356,3.5259513412480126
19,021,0001,1624,1902100011624,3722,3.570893036218392
19,021,0001,1639,1902100011639,4413,3.644832328825636
19,021,0001,1643,1902100011643,3552,3.550595207489328
19,021,0001,1658,1902100011658,5871,3.7687860469080143
19,021,0001,1662,1902100011662,8270,3.917558020825436
19,021,0001,1681,1902100011681,3879,3.5888317255942073
19,021,0001,1709,1902100011709,5558,3.74499667403856
19,021,0001,1713,1902100011713,9153,3.9616109080912807
19,021,0001,1728,1902100011728,4314,3.6349808000512285
19,021,0001,1747,1902100011747,1476,3.1693804953119495
19,021,0001,1751,1902100011751,1594,3.2027606873931997
19,021,0001,1766,1902100011766,3220,3.5079907248196913
19,021,0001,1770,1902100011770,3035,3.4823017672234426
19,021,0001,1785,1902100011785,3940,3.595606434865603
19,021,0001,179A,190210001179A,784,2.8948696567452528
19,021,0001,1802,1902100011802,2155,3.3336487565147013
19,021,0001,1817,1902100011817,583,2.7664128471123997
19,021,0001,1821,1902100011821,2039,3.3096301674258988
19,021,0001,1836,1902100011836,1296,3.11293997608408
19,021,0001,1840,1902100011840,7,0.9030899869919435
19,021,0001,1855,1902100011855,2536,3.404320467221731
19,021,0001,186A,190210001186A,1106,3.044147620878723
19,021,0001,1874,1902100011874,3333,3.5229655954919865
19,021,0001,1889,1902100011889,335,2.526339277389844
19,021,0001,1893,1902100011893,2138,3.330210784571528
19,021,0001,1906,1902100011906,60,1.7853298350107671
19,021,0001,1910,1902100011910,4030,3.605412798153051
19,021,0001,1925,1902100011925,3134,3.496237545166735
19,021,0001,193A,190210001193A,2908,3.463743721247059
19,021,0001,1944,1902100011944,0,0.0
19,021,0153,0024,1902101530024,4083,3.6110857334148725
19,021,0153,0039,1902101530039,4506,3.6538875580709775
19,021,0153,0058,1902101530058,4271,3.6306312440205
19,021,0153,0081,1902101530081,4424,3.6459132750338443
19,021,0155,0109,1902101550109,4076,3.6103407114521566
19,022,0001,0286,1902200010286,1259,3.100370545117563
19,022,0001,0290,1902200010290,1391,3.1436392352745433
19,022,0001,0303,1902200010303,348,2.5428254269591797
19,022,0001,0318,1902200010318,901,2.9552065375419416
19,022,0001,0479,1902200010479,766,2.884795363948981
19,022,0001,0483,1902200010483,248,2.3961993470957363
19,022,0001,0498,1902200010498,118,2.0755469613925306
19,022,0001,0500,1902200010500,287,2.459392487759231
19,022,0001,0515,1902200010515,675,2.829946695941636
19,022,0001,052A,190220001052A,74,1.8750612633917
19,022,0001,0534,1902200010534,104,2.0211892990699383
19,022,0001,0549,1902200010549,25,1.414973347970818
19,022,0001,0553,1902200010553,294,2.469822015978163
19,023,0001,0086,1902300010086,139,2.146128035678238
19,023,0001,0090,1902300010090,306,2.4871383754771865
19,023,0001,0103,1902300010103,270,2.432969290874406
19,023,0001,0118,1902300010118,290,2.4638929889859074
19,023,0001,0122,1902300010122,388,2.5899496013257077
19,023,0001,0160,1902300010160,25,1.414973347970818
19,023,0001,0175,1902300010175,6,0.8450980400142568
19,024,0001,0149,1902400010149,670,2.826722520168992
19,024,0001,0153,1902400010153,1150,3.0610753236297916
19,024,0001,0223,1902400010223,0,0.0
19,024,0001,0238,1902400010238,80,1.9084850188786497
19,024,0001,0242,1902400010242,400,2.603144372620182
19,024,0001,0257,1902400010257,686,2.8369567370595505
19,025,0001,0057,1902500010057,690,2.8394780473741985
19,025,0001,0061,1902500010061,916,2.962369335670021
19,025,0001,0076,1902500010076,802,2.904715545278681
19,025,0001,0080,1902500010080,1031,3.0136796972911926
19,025,0001,0112,1902500010112,247,2.3944516808262164
19,025,0001,0127,1902500010127,68,1.8388490907372552
19,025,0001,0131,1902500010131,0,0.0
19,025,0001,0146,1902500010146,729,2.863322860120456
19,025,0001,0150,1902500010150,819,2.9138138523837167
19,025,0001,0165,1902500010165,382,2.583198773968623
19,025,0001,017A,190250001017A,2827,3.4514794051248616
19,025,0001,031A,190250001031A,40,1.6127838567197355
19,025,0001,0324,1902500010324,26,1.4313637641589874
19,025,0001,0536,1902500010536,0,0.0
19,025,0001,0540,1902500010540,30,1.4913616938342726
19,025,0001,0589,1902500010589,1327,3.1231980750319988
19,025,0003,0019,1902500030019,815,2.9116901587538613
19,025,0003,0038,1902500030038,5445,3.736077637003946
19,025,0003,0042,1902500030042,5549,3.7442929831226763
19,025,0003,0184,1902500030184,6536,3.815378484965918
19,025,0003,0199,1902500030199,4151,3.6182573448404014
19,025,0134,0201,1902501340201,4400,3.643551368562945
19,025,0134,0216,1902501340216,3485,3.5423273827739745
19,025,0284,0339,1902502840339,4149,3.6180480967120925
19,025,0284,0343,1902502840343,2739,3.437750562820388
19,025,0284,0358,1902502840358,4475,3.6508900778563125
19,025,0284,0362,1902502840362,2953,3.470410490975931
19,025,0284,0377,1902502840377,4578,3.660770643527697
19,025,0284,0381,1902502840381,4769,3.678518379040114
19,025,0284,0396,1902502840396,2298,3.361538971269279
19,025,0284,0409,1902502840409,4648,3.667359546183087
19,025,0284,0413,1902502840413,2989,3.4756711883244296
19,025,0284,0428,1902502840428,3370,3.5277587525209717
19,025,0284,0432,1902502840432,3291,3.5174598265402324
19,025,0293,0447,1902502930447,6253,3.7961578769069146
19,025,0293,0521,1902502930521,0,0.0
19,025,0293,0555,1902502930555,1532,3.185542154854375
19,025,0293,0574,1902502930574,1261,3.1010593549081156
19,025,0294,0451,1902502940451,1688,3.227629649571009
19,025,0294,0466,1902502940466,1935,3.286905352972375
19,025,0294,0470,1902502940470,2502,3.3984608496082234
19,025,0294,0485,1902502940485,2120,3.3265406685165617
19,025,0294,049A,190250294049A,701,2.846337112129805
19,025,0294,0502,1902502940502,585,2.767897616018091
19,025,0294,0517,1902502940517,879,2.9444826721501687
19,025,0294,056A,190250294056A,421,2.625312450961674
19,026,0001,0020,1902600010020,1825,3.2615007731982804
19,026,0001,0035,1902600010035,1597,3.2035767749779724
19,026,0001,004A,190260001004A,0,0.0
19,026,0001,0069,1902600010069,1920,3.2835273648616936
19,026,0001,0073,1902600010073,3137,3.496652939250918
19,026,0001,0088,1902600010088,2870,3.458033192496506
19,026,0001,0092,1902600010092,4183,3.621591675859218
19,026,0001,011A,190260001011A,3115,3.493597449000527
19,026,0001,0124,1902600010124,2665,3.4258601450778405
19,026,0001,0143,1902600010143,2245,3.351409751925439
19,026,0001,0158,1902600010158,1517,3.1812717715594614
19,026,0001,0162,1902600010162,1624,3.210853365314893
19,026,0001,0177,1902600010177,1769,3.247973266361807
19,026,0001,0181,1902600010181,1561,3.1936810295412816
19,026,0001,0196,1902600010196,1557,3.1925674533365456
19,026,0001,0213,1902600010213,2063,3.314709692955174
19,026,0001,0228,1902600010228,1619,3.2095150145426308
19,026,0001,0232,1902600010232,2521,3.401745082237063
19,026,0001,0251,1902600010251,6072,3.7834032811225633
19,026,0001,0266,1902600010266,427,2.6314437690131722
19,026,0001,0285,1902600010285,2844,3.45408227073109
19,026,0001,029A,190260001029A,1809,3.2576785748691846
19,026,0001,0302,1902600010302,2790,3.445759836488631
19,026,0001,0317,1902600010317,4084,3.6111920608684343
19,026,0001,0321,1902600010321,5159,3.7126497016272113
19,026,0001,0336,1902600010336,3112,3.493179120682515
19,026,0001,0340,1902600010340,5009,3.699837725867246
19,026,0001,0355,1902600010355,2172,3.3370597263205246
19,026,0001,0389,1902600010389,3485,3.5423273827739745
19,026,0001,0393,1902600010393,4293,3.63286204010023
19,026,0001,0406,1902600010406,2889,3.4608978427565478
19,026,0001,0425,1902600010425,3687,3.5667909123815917
19,026,0001,0444,1902600010444,2474,3.3935752032695876
19,026,0001,0459,1902600010459,3039,3.482873583608754
19,026,0001,0478,1902600010478,3451,3.538070787043172
19,026,0001,0482,1902600010482,4004,3.6026025204202563
19,026,0001,050A,190260001050A,2022,3.3059958827708047
19,026,0001,0533,1902600010533,1681,3.2258259914618934
19,026,0001,0548,1902600010548,4149,3.6180480967120925
19,026,0001,0552,1902600010552,1358,3.1332194567324945
19,026,0001,0567,1902600010567,3469,3.5403294747908736
19,026,0001,0586,1902600010586,4983,3.697578033651113
19,026,0001,0590,1902600010590,3794,3.5792117802314993
19,026,0001,0603,1902600010603,1632,3.212986184736668
19,026,0001,0618,1902600010618,3420,3.5341530741850624
19,026,0001,0641,1902600010641,2917,3.4650852875574327
19,026,0001,0707,1902600010707,4261,3.629613445378183
19,026,0001,0730,1902600010730,4610,3.6637951222194074
19,026,0001,0745,1902600010745,1565,3.1947917577219247
19,026,0001,0779,1902600010779,677,2.8312296938670634
19,026,0001,0783,1902600010783,1477,3.1696744340588068
19,026,0001,0798,1902600010798,3364,3.5269850685599957
19,026,0001,0815,1902600010815,4739,3.6757783416740852
19,026,0001,0849,1902600010849,1926,3.284881714655453
19,026,0001,0853,1902600010853,4562,3.659250468772661
19,026,0001,0872,1902600010872,3088,3.4898179083014504
19,026,0001,0957,1902600010957,5841,3.766561552637531
19,026,0001,0961,1902600010961,1353,3.1316186643491255
19,026,0001,0995,1902600010995,1016,3.0073209529227447
19,026,0001,1014,1902600011014,2155,3.3336487565147013
19,026,0001,1029,1902600011029,1109,3.0453229787866576
19,026,0001,1033,1902600011033,5199,3.716003343634799
19,026,0001,1052,1902600011052,7318,3.864451747158183
19,026,0001,1067,1902600011067,4252,3.628695382714023
19,026,0001,1071,1902600011071,3143,3.4974825373673704
19,026,0001,1086,1902600011086,3224,3.5085297189712867
19,026,0001,1103,1902600011103,950,2.978180516937414
19,026,0001,1118,1902600011118,0,0.0
19,026,0001,1122,1902600011122,6940,3.8414220444023592
19,026,0001,1141,1902600011141,9036,3.9560242822806773
19,026,0001,1160,1902600011160,3568,3.5525465479556604
19,026,0001,118A,190260001118A,3453,3.53832233323144
19,026,0001,1194,1902600011194,4669,3.6693168805661123
19,026,0001,1226,1902600011226,4831,3.6841269256130755
19,026,0001,1230,1902600011230,3324,3.5217916496391233
19,026,0001,125A,190260001125A,541,2.733999286538387
19,026,0001,1264,1902600011264,1708,3.232742062720737
19,026,0001,1279,1902600011279,4324,3.635986111800833
19,026,0001,1283,1902600011283,3719,3.5705429398818973
19,026,0001,1300,1902600011300,2915,3.4647875196459372
19,026,0001,1315,1902600011315,3497,3.543819805142658
19,026,0001,132A,190260001132A,2713,3.433609843323718
19,026,0001,1334,1902600011334,3525,3.5472823079633033
19,026,0001,1349,1902600011349,2716,3.4340896384178907
19,026,0001,1353,1902600011353,1952,3.2907022432878543
19,026,0001,1368,1902600011368,3348,3.524915147539867
19,026,0001,1372,1902600011372,2451,3.3895204658463776
19,026,0001,1387,1902600011387,4018,3.604118006192035
19,026,0001,1391,1902600011391,3747,3.5737995822157407
19,026,0001,1404,1902600011404,3115,3.493597449000527
19,026,0001,1419,1902600011419,2833,3.4523998459114416
19,026,0001,1423,1902600011423,2358,3.3727279408855955
19,026,0001,1438,1902600011438,1771,3.248463717551032
19,026,0001,1442,1902600011442,3169,3.5010592622177517
19,026,0001,1457,1902600011457,2279,3.357934847000454
19,026,0001,1461,1902600011461,3227,3.5089335260500327
19,026,0001,1476,1902600011476,3270,3.5146805441249818
19,026,0001,1480,1902600011480,4784,3.6798819421128623
19,026,0001,1495,1902600011495,2675,3.4274861090957853
19,026,0001,1508,1902600011508,1978,3.296445794206396
19,026,0001,1512,1902600011512,1411,3.149834696715785
19,026,0001,1527,1902600011527,2114,3.325310371711061
19,026,0001,1531,1902600011531,3594,3.555698894718901
19,026,0001,1546,1902600011546,3715,3.5700757053216043
19,026,0001,1565,1902600011565,4076,3.6103407114521566
19,026,0001,157A,190260001157A,2161,3.3348556896172914
19,026,0001,1584,1902600011584,4255,3.6290016192869916
19,026,0001,1599,1902600011599,2923,3.465977368285823
19,026,0001,1601,1902600011601,3474,3.540954808926133
19,026,0001,1616,1902600011616,3883,3.589279221235967
19,026,0001,1620,1902600011620,4814,3.6825962914605532
19,026,0001,1635,1902600011635,4695,3.671728088239558
19,026,0001,164A,190260001164A,2101,3.3226327116922234
19,026,0001,1654,1902600011654,3737,3.572639297042813
19,026,0001,1688,1902600011688,3727,3.571475903681944
19,026,0001,171A,190260001171A,4383,3.641870545476313
19,026,0001,1743,1902600011743,7461,3.87285524470481
19,026,0001,1758,1902600011758,2105,3.3234583668494677
19,026,0001,1762,1902600011762,2427,3.38524868240322
19,026,0001,1777,1902600011777,3599,3.5563025007672873
19,026,0001,1781,1902600011781,260,2.416640507338281
19,026,0001,1809,1902600011809,2127,3.3279716236230104
19,026,0001,1813,1902600011813,5250,3.720242018287057
19,026,0001,1828,1902600011828,2175,3.3376588910261424
19,026,0001,1832,1902600011832,3764,3.5757649805367193
19,026,0001,1847,1902600011847,4488,3.652149605401653
19,026,0001,1851,1902600011851,4115,3.6144753660903954
19,026,0001,1866,1902600011866,3064,3.486430478854434
19,026,0001,1870,1902600011870,3271,3.514813294999285
19,026,0001,1885,1902600011885,1944,3.2889196056617265
19,026,0001,189A,190260001189A,2117,3.325925955771466
19,026,0001,1902,1902600011902,2434,3.386498965550653
19,026,0001,1921,1902600011921,2594,3.414137362184477
19,026,0001,1936,1902600011936,2951,3.470116353151004
19,026,0001,1940,1902600011940,3450,3.5379449592914867
19,026,0001,1955,1902600011955,3582,3.5542468081661105
19,026,0001,196A,190260001196A,3349,3.525044807036845
19,026,0001,1974,1902600011974,4837,3.684665864025861
19,026,0001,1989,1902600011989,3336,3.5233562066547925
19,026,0001,1993,1902600011993,3528,3.5476516583599693
19,026,0001,2008,1902600012008,1064,3.0273496077747564
19,026,0001,2012,1902600012012,2227,3.3479151865016914
19,026,0001,2027,1902600012027,5601,3.7483431044875495
19,026,0001,2031,1902600012031,4385,3.642068627341504
19,026,0001,2046,1902600012046,5116,3.7090154169721172
19,026,0001,2050,1902600012050,4134,3.6164755138885654
19,026,0001,207A,190260001207A,2199,3.342422680822206
19,026,0001,2084,1902600012084,1461,3.1649473726218416
19,026,0001,2099,1902600012099,5241,3.719497016610582
19,026,0001,2101,1902600012101,3626,3.5595475555804343
19,026,0001,2116,1902600012116,2265,3.3552599055273786
19,026,0001,2120,1902600012120,1092,3.038620161949703
19,026,0001,2135,1902600012135,1356,3.132579847659737
19,026,0001,214A,190260001214A,3578,3.553761698390004
19,026,0001,2154,1902600012154,2964,3.4720246977002813
19,026,0001,2169,1902600012169,1023,3.010299956639812
19,026,0001,2173,1902600012173,108,2.037426497940624
19,026,0001,2188,1902600012188,460,2.663700925389648
19,026,0001,2192,1902600012192,2742,3.4382258076045296
19,026,0001,2205,1902600012205,4435,3.6469915374771222
19,026,0001,2224,1902600012224,1986,3.298197867109815
19,026,0001,2239,1902600012239,2664,3.425697213362591
19,026,0001,2243,1902600012243,316,2.5010592622177517
19,026,0001,2258,1902600012258,1006,3.003029470553618
19,026,0001,2262,1902600012262,2668,3.4263485737875077
19,026,0001,2277,1902600012277,3597,3.5560611590095323
19,026,0001,2296,1902600012296,4398,3.643353961976863
19,026,0001,2309,1902600012309,2125,3.327563260187278
19,026,0001,2313,1902600012313,2567,3.4095950193968156
19,026,0001,2328,1902600012328,2737,3.437433443797971
19,026,0001,2332,1902600012332,5634,3.750893920382125
19,026,0001,2347,1902600012347,4440,3.647480773173676
19,026,0001,2366,1902600012366,350,2.545307116465824
19,026,0001,2385,1902600012385,108,2.037426497940624
19,026,0001,239A,190260001239A,2697,3.4310419453358856
19,026,0001,2402,1902600012402,2699,3.4313637641589874
19,026,0001,2417,1902600012417,2073,3.316808752053022
19,026,0001,2421,1902600012421,2385,3.377670439334323
19,026,0001,2436,1902600012436,3242,3.5109469486729727
19,026,0001,2440,1902600012440,2604,3.4158077276355434
19,026,0001,2455,1902600012455,4962,3.6957442751973235
19,026,0001,246A,190260001246A,4546,3.6577249542051082
19,026,0001,2474,1902600012474,3828,3.583085366347688
19,026,0001,2489,1902600012489,2798,3.4470028984661623
19,026,0001,2493,1902600012493,3047,3.4840149626675627
19,026,0001,2506,1902600012506,1875,3.2732328340430454
19,026,0001,2510,1902600012510,3466,3.5399538416563967
19,026,0001,2525,1902600012525,6162,3.7897921677306754
19,026,0001,253A,190260001253A,1418,3.151982395457474
19,026,0001,2544,1902600012544,2171,3.336859820916809
19,026,0001,2559,1902600012559,4248,3.6282867310895144
19,026,0001,2563,1902600012563,2676,3.4276483711869328
19,026,0001,2578,1902600012578,2465,3.3919930722597127
19,026,0001,2582,1902600012582,2739,3.437750562820388
19,026,0001,2597,1902600012597,3539,3.5490032620257876
19,026,0001,260A,190260001260A,979,2.9912260756924947
19,026,0001,2614,1902600012614,3024,3.4807253789884878
19,026,0001,2629,1902600012629,1943,3.288696260590256
19,026,0001,2633,1902600012633,2429,3.385606273598312
19,026,0001,2648,1902600012648,1998,3.300812794118117
19,026,0001,2652,1902600012652,3158,3.499549625905149
19,026,0001,2667,1902600012667,778,2.8915374576725643
19,026,0001,2671,1902600012671,1647,3.216957207361097
19,026,0001,2686,1902600012686,40,1.6127838567197355
19,026,0001,2690,1902600012690,79,1.9030899869919435
19,026,0001,2703,1902600012703,632,2.801403710017355
19,026,0001,2718,1902600012718,2829,3.45178643552429
19,026,0001,2722,1902600012722,1673,3.2237554536572413
19,026,0001,2737,1902600012737,153,2.187520720836463
19,026,0001,2741,1902600012741,1897,3.2782962080912736
19,026,0001,2756,1902600012756,2572,3.4104397862103464
19,026,0001,2760,1902600012760,3619,3.558708570533166
19,026,0001,2775,1902600012775,1381,3.1405080430381798
19,026,0001,278A,190260001278A,3558,3.551327988003846
19,026,0001,2794,1902600012794,776,2.890421018800914
19,026,0001,2807,1902600012807,51,1.7160033436347992
19,026,0001,2811,1902600012811,26,1.4313637641589874
19,026,0001,285A,190260001285A,1850,3.267406418752904
19,026,0001,2864,1902600012864,1168,3.0678145111618402
19,026,0001,2879,1902600012879,2144,3.331427296520743
19,026,0001,2883,1902600012883,2693,3.4303975913869666
19,026,0001,2898,1902600012898,21,1.3424226808222062
19,026,0001,2900,1902600012900,0,0.0
19,026,0001,2915,1902600012915,1844,3.265996370495079
19,026,0057,2830,1902600572830,559,2.7481880270062002
19,026,0057,2845,1902600572845,3664,3.564073978977147
19,026,0134,0139,1902601340139,2843,3.4539295920577286
19,027,0001,009A,190270001009A,165,2.220108088040055
19,027,0001,0102,1902700010102,145,2.164352855784437
19,027,0001,0117,1902700010117,119,2.0791812460476247
19,027,0001,0121,1902700010121,299,2.4771212547196626
19,027,0001,0136,1902700010136,190,2.2810333672477277
19,027,0001,0140,1902700010140,227,2.357934847000454
19,027,0001,0155,1902700010155,77,1.8920946026904804
19,027,0001,016A,190270001016A,148,2.173186268412274
19,027,0001,0206,1902700010206,7,0.9030899869919435
19,027,0001,0210,1902700010210,0,0.0
19,027,0001,0225,1902700010225,54,1.7403626894942439
19,027,0001,023A,190270001023A,7,0.9030899869919435
19,027,0001,0244,1902700010244,6,0.8450980400142568
19,027,0001,0259,1902700010259,10,1.0413926851582251
19,027,0001,0263,1902700010263,0,0.0
19,028,0001,0078,1902800010078,106,2.0293837776852097
19,028,0001,0082,1902800010082,165,2.220108088040055
19,028,0001,0097,1902800010097,271,2.4345689040341987
19,028,0001,010A,190280001010A,239,2.380211241711606
19,028,0001,0152,1902800010152,27,1.4471580313422192
19,028,0001,0167,1902800010167,34,1.5440680443502757
19,028,0001,0171,1902800010171,152,2.184691430817599
19,028,0001,0186,1902800010186,27,1.4471580313422192
19,028,0001,0190,1902800010190,56,1.7558748556724915
19,028,0001,0203,1902800010203,210,2.3242824552976926
19,029,0001,0041,1902900010041,547,2.738780558484369
19,029,0001,0056,1902900010056,375,2.575187844927661
19,029,0001,0060,1902900010060,393,2.595496221825574
19,029,0001,0075,1902900010075,471,2.673941998634088
19,029,0001,008A,190290001008A,474,2.6766936096248664
19,029,0001,0094,1902900010094,655,2.8169038393756605
19,029,0001,0107,1902900010107,573,2.7589118923979736
19,029,0001,0111,1902900010111,5,0.7781512503836436
19,029,0001,0126,1902900010126,157,2.1986570869544226
19,029,0001,0130,1902900010130,437,2.6414741105040997
19,029,0001,0145,1902900010145,38,1.591064607026499
19,029,0001,015A,190290001015A,866,2.9380190974762104
19,029,0001,0164,1902900010164,240,2.3820170425748683
19,029,0001,0179,1902900010179,209,2.322219294733919
19,029,0001,0183,1902900010183,9,1.0
19,029,0001,0215,1902900010215,51,1.7160033436347992
19,029,0001,022A,190290001022A,354,2.550228353055094
19,030,0001,0095,1903000010095,499,2.6989700043360187
19,030,0001,0108,1903000010108,646,2.8109042806687006
19,030,0001,0112,1903000010112,334,2.525044807036845
19,030,0001,0150,1903000010150,74,1.8750612633917
19,030,0001,0165,1903000010165,120,2.0827853703164503
19,030,0001,017A,190300001017A,86,1.9395192526186185
19,031,0001,0016,1903100010016,792,2.8992731873176036
19,031,0001,0020,1903100010020,417,2.621176281775035
19,031,0001,004A,190310001004A,1560,3.1934029030624176
19,031,0001,0054,1903100010054,1531,3.185258765296585
19,031,0001,0069,1903100010069,3538,3.548880562637515
19,031,0001,0073,1903100010073,2918,3.4652340949880145
19,031,0001,0124,1903100010124,961,2.983175072037813
19,031,0001,0139,1903100010139,527,2.722633922533812
19,031,0001,0143,1903100010143,488,2.6893088591236203
19,031,0001,0158,1903100010158,2205,3.343605508104172
19,031,0001,0162,1903100010162,945,2.975891136401793
19,031,0001,0177,1903100010177,2213,3.345177616542704
19,031,0001,0181,1903100010181,3115,3.493597449000527
19,031,0001,0196,1903100010196,641,2.807535028068853
19,031,0001,0232,1903100010232,83,1.9242792860618816
19,031,0001,0247,1903100010247,119,2.0791812460476247
19,031,0001,0251,1903100010251,237,2.376576957056512
19,031,0001,0270,1903100010270,5688,3.7550359337677714
19,031,0001,0285,1903100010285,7418,3.8703453710809597
19,031,0001,029A,190310001029A,2069,3.315970345456918
19,031,0001,0302,1903100010302,887,2.948412965778601
19,031,0001,0317,1903100010317,3292,3.517591730711908
19,031,0001,0336,1903100010336,16,1.2304489213782739
19,031,0001,0340,1903100010340,3444,3.5371892262436444
19,031,0001,036A,190310001036A,2196,3.3418300569205104
19,031,0001,0374,1903100010374,1086,3.0362295440862948
19,031,0001,0389,1903100010389,1029,3.012837224705172
19,031,0001,0529,1903100010529,0,0.0
19,031,0001,0548,1903100010548,530,2.725094521081469
19,031,0001,0571,1903100010571,3044,3.4835872969688944
19,031,0001,0586,1903100010586,949,2.9777236052888476
19,031,0001,0590,1903100010590,2396,3.379668034033654
19,031,0001,0603,1903100010603,2033,3.308350948586726
19,031,0001,0618,1903100010618,2751,3.4396484295634737
19,031,0001,0622,1903100010622,2799,3.4471580313422194
19,031,0001,0637,1903100010637,1535,3.186391215695493
19,031,0001,0660,1903100010660,3235,3.5100085129402347
19,031,0001,068A,190310001068A,5585,3.747100931364986
19,031,0001,0694,1903100010694,2173,3.3372595397502756
19,031,0001,0707,1903100010707,4806,3.681874122128647
19,031,0001,0711,1903100010711,1963,3.2931414834509307
19,031,0001,0726,1903100010726,5060,3.7042363373087874
19,031,0001,0730,1903100010730,5753,3.759969857554307
19,031,0001,0745,1903100010745,735,2.866877814337499
19,031,0001,075A,190310001075A,2497,3.3975924340381165
19,031,0001,0764,1903100010764,4149,3.6180480967120925
19,031,0001,0779,1903100010779,2840,3.453471233722936
19,031,0001,0783,1903100010783,3714,3.569958818096594
19,031,0001,0798,1903100010798,475,2.677606952720493
19,031,0001,0800,1903100010800,3288,3.5170638734826545
19,031,0001,0872,1903100010872,2902,3.4628470358316736
19,031,0001,0919,1903100010919,4526,3.655810494495252
19,031,0001,0923,1903100010923,3296,3.518118947143153
19,031,0001,0938,1903100010938,3055,3.485153349903652
19,031,0001,0942,1903100010942,976,2.989894563718773
19,031,0001,0957,1903100010957,1006,3.003029470553618
19,031,0001,0980,1903100010980,1027,3.011993114659257
19,031,0001,0995,1903100010995,3406,3.5323721335678773
19,031,0001,100A,190310001100A,3863,3.587037117743456
19,031,0001,1014,1903100011014,2328,3.367169488534681
19,031,0001,1029,1903100011029,433,2.637489729512511
19,031,0001,1033,1903100011033,2618,3.418135498425232
19,031,0001,1048,1903100011048,1756,3.244771761495295
19,031,0001,1052,1903100011052,5241,3.719497016610582
19,031,0001,1067,1903100011067,3015,3.4794313371977363
19,031,0001,1071,1903100011071,1073,3.0310042813635367
19,031,0001,1141,1903100011141,2047,3.3113299523037933
19,031,0001,1156,1903100011156,990,2.9960736544852753
19,031,0001,1160,1903100011160,4915,3.6916118742144164
19,031,0001,1175,1903100011175,4752,3.6769678142947586
19,031,0001,118A,190310001118A,4945,3.6942541120252783
19,031,0001,1194,1903100011194,4303,3.6338722626583326
19,031,0001,1207,1903100011207,5326,3.7264826967848297
19,031,0001,1230,1903100011230,1258,3.1000257301078626
19,031,0001,1245,1903100011245,5425,3.7344797894255772
19,031,0001,125A,190310001125A,441,2.645422269349092
19,031,0001,1264,1903100011264,166,2.2227164711475833
19,031,0001,1279,1903100011279,2011,3.30362797638389
19,031,0001,1315,1903100011315,1898,3.2785249647370174
19,031,0001,132A,190310001132A,774,2.88930170250631
19,031,0001,1334,1903100011334,135,2.1335389083702174
19,031,0001,1349,1903100011349,0,0.0
19,031,0001,1353,1903100011353,7,0.9030899869919435
19,031,0001,1368,1903100011368,1247,3.0962145853464054
19,031,0001,1372,1903100011372,1893,3.2773799746672547
19,031,0001,1404,1903100011404,1029,3.012837224705172
19,031,0001,1423,1903100011423,536,2.7299742856995555
19,031,0001,1457,1903100011457,3059,3.48572142648158
19,031,0001,1476,1903100011476,1056,3.024074987307426
19,031,0001,1480,1903100011480,819,2.9138138523837167
19,031,0001,1546,1903100011546,1658,3.219846386024361
19,031,0001,1550,1903100011550,3043,3.4834446480985353
19,031,0001,1565,1903100011565,1277,3.1065308538223815
19,031,0001,157A,190310001157A,1638,3.214578953570499
19,031,0001,1584,1903100011584,4834,3.6843964784190204
19,031,0001,1620,1903100011620,3588,3.5549734583332397
19,031,0001,1654,1903100011654,2578,3.4114513421379375
19,031,0001,1669,1903100011669,1278,3.106870544478654
19,031,0001,1673,1903100011673,357,2.5538830266438746
19,031,0001,1688,1903100011688,1220,3.0867156639448825
19,031,0001,1692,1903100011692,1994,3.299942900022767
19,031,0001,1705,1903100011705,953,2.979548374704095
19,031,0001,1724,1903100011724,321,2.507855871695831
19,031,0001,1739,1903100011739,1681,3.2258259914618934
19,031,0001,1743,1903100011743,2096,3.3215984304653436
19,031,0001,1758,1903100011758,978,2.9907826918031377
19,031,0001,1777,1903100011777,9252,3.9662825621674633
19,031,0001,1781,1903100011781,2548,3.4063698354692673
19,031,0001,1809,1903100011809,714,2.8543060418010806
19,031,0001,1813,1903100011813,1463,3.165541076722373
19,031,0001,1832,1903100011832,4429,3.6464037262230695
19,031,0001,1847,1903100011847,2588,3.413132050434872
19,031,0001,1851,1903100011851,2906,3.4634450317704277
19,031,0001,1866,1903100011866,4801,3.6814221557210085
19,031,0001,1870,1903100011870,4493,3.65263306808311
19,031,0001,1885,1903100011885,2687,3.429429264381788
19,031,0001,189A,190310001189A,991,2.9965116721541785
19,031,0001,1902,1903100011902,3725,3.571242850560224
19,031,0001,1917,1903100011917,821,2.9148718175400505
19,031,0001,1921,1903100011921,3535,3.5485122563410356
19,031,0001,1936,1903100011936,1574,3.197280558125619
19,031,0001,1940,1903100011940,3228,3.5090680450171616
19,031,0001,1955,1903100011955,994,2.9978230807457256
19,031,0001,196A,190310001196A,1328,3.123524980942732
19,031,0001,1974,1903100011974,2705,3.4323277922616042
19,031,0001,1989,1903100011989,1961,3.29269900304393
19,031,0001,1993,1903100011993,4414,3.6449307079135873
19,031,0001,2008,1903100012008,1826,3.2617385473525378
19,031,0001,2012,1903100012012,1356,3.132579847659737
19,031,0001,2027,1903100012027,1656,3.219322508419337
19,031,0001,2031,1903100012031,95,1.9822712330395684
19,031,0001,2046,1903100012046,1566,3.1950689964685903
19,031,0001,2050,1903100012050,1447,3.1607685618611283
19,031,0001,2065,1903100012065,1992,3.2995072987004876
19,031,0001,207A,190310001207A,2742,3.4382258076045296
19,031,0001,2084,1903100012084,3304,3.519171463821659
19,031,0001,2116,1903100012116,0,0.0
19,031,0001,2120,1903100012120,350,2.545307116465824
19,031,0001,2135,1903100012135,22,1.3617278360175928
19,031,0001,214A,190310001214A,0,0.0
19,031,0045,0088,1903100450088,106,2.0293837776852097
19,031,0045,0092,1903100450092,5801,3.7635777244666455
19,031,0045,0105,1903100450105,617,2.790988475088816
19,031,0045,0266,1903100450266,3518,3.5464192668351915
19,031,0045,0321,1903100450321,781,2.893206753059848
19,031,0045,0393,1903100450393,4470,3.6504046698680317
19,031,0045,0533,1903100450533,112,2.0530784434834195
19,031,0045,0641,1903100450641,1572,3.196728722623287
19,031,0045,0656,1903100450656,6656,3.8232785569516707
19,031,0045,0675,1903100450675,2985,3.4750898033890065
19,031,0045,0815,1903100450815,5183,3.714664992862537
19,031,0045,0834,1903100450834,5335,3.7272158209084925
19,031,0045,0887,1903100450887,626,2.7972675408307164
19,031,0045,0891,1903100450891,3371,3.527887565952705
19,031,0045,0904,1903100450904,2284,3.358886204405869
19,031,0045,1086,1903100451086,3582,3.5542468081661105
19,031,0045,1090,1903100451090,3117,3.4938761108528227
19,031,0045,1103,1903100451103,1939,3.287801729930226
19,031,0045,1118,1903100451118,1143,3.058426024457005
19,031,0045,1122,1903100451122,4196,3.62293896921149
19,031,0045,1211,1903100451211,318,2.503790683057181
19,031,0045,1226,1903100451226,2587,3.4129642719966626
19,031,0045,1283,1903100451283,3230,3.509336958017644
19,031,0045,1387,1903100451387,1540,3.1878026387184195
19,031,0045,1391,1903100451391,400,2.603144372620182
19,031,0045,1438,1903100451438,489,2.690196080028514
19,031,0045,1442,1903100451442,530,2.725094521081469
19,031,0045,1461,1903100451461,215,2.3344537511509307
19,031,0045,1635,1903100451635,3621,3.5589484459780394
19,031,0045,164A,190310045164A,1099,3.041392685158225
19,031,0045,1828,1903100451828,1268,3.103461622094705
19,031,0045,2099,1903100452099,1486,3.172310968521954
19,031,0045,2101,1903100452101,1249,3.0969100130080562
19,031,0224,0961,1903102240961,2261,3.3544926005894364
19,031,0224,0976,1903102240976,3197,3.504878459410216
19,031,0224,1495,1903102241495,260,2.416640507338281
19,031,0311,1508,1903103111508,3724,3.5711262770843115
19,031,0311,1512,1903103111512,2486,3.395675785269936
19,031,0311,1527,1903103111527,1682,3.226084115975824
19,031,0311,171A,190310311171A,1226,3.088844562727004
19,031,0313,0355,1903103130355,3908,3.5920656704322473
19,031,0313,0406,1903103130406,1911,3.2814878879400813
19,031,0313,0410,1903103130410,3192,3.504198918539445
19,031,0313,0425,1903103130425,2246,3.351603072419129
19,031,0313,043A,190310313043A,2068,3.3157604906657347
19,031,0313,0444,1903103130444,246,2.392696953259666
19,031,0313,0459,1903103130459,35,1.5563025007672873
19,031,0313,0463,1903103130463,4716,3.673665876245702
19,031,0313,0478,1903103130478,412,2.615950051656401
19,031,0313,0482,1903103130482,95,1.9822712330395684
19,031,0313,0497,1903103130497,64,1.8129133566428555
19,031,0313,1137,1903103131137,5025,3.701222484256557
19,031,0313,1298,1903103131298,3106,3.4923412532549745
19,031,0313,1300,1903103131300,4074,3.6101276130759956
19,031,0313,1419,1903103131419,1156,3.0633333589517497
19,031,0313,1599,1903103131599,1713,3.2340108175871793
19,031,0313,1601,1903103131601,3536,3.5486350598147514
19,031,0313,1616,1903103131616,3396,3.531095546870028
19,031,0313,1762,1903103131762,2893,3.4614985267830187
19,031,0313,1796,1903103131796,3363,3.5268559871258747
19,031,0348,1531,1903103481531,2941,3.4686426683915115
19,031,0357,2154,1903103572154,3133,3.496098992132571
19,031,0357,2169,1903103572169,2089,3.3201462861110542
19,031,0360,2173,1903103602173,5414,3.733598460961339
19,032,0001,0418,1903200010418,413,2.617000341120899
19,032,0001,0422,1903200010422,631,2.800717078282385
19,032,0001,0437,1903200010437,582,2.765668554759014
19,032,0001,0441,1903200010441,536,2.7299742856995555
19,032,0001,0456,1903200010456,436,2.640481436970422
19,032,0001,0460,1903200010460,760,2.8813846567705728
19,032,0001,0475,1903200010475,133,2.1271047983648077
19,032,0001,048A,190320001048A,597,2.776701183988411
19,032,0001,0742,1903200010742,197,2.296665190261531
19,032,0001,0757,1903200010757,413,2.617000341120899
19,032,0001,0761,1903200010761,330,2.519827993775719
19,032,0001,0776,1903200010776,58,1.7708520116421442
19,032,0001,0780,1903200010780,0,0.0
19,033,0001,0400,1903300010400,3744,3.5734518220354854
19,033,0001,0415,1903300010415,1208,3.0824263008607717
19,033,0001,042A,190330001042A,5705,3.7563317673210577
19,033,0001,0434,1903300010434,1816,3.2593549273080344
19,033,0001,0449,1903300010449,3258,3.513084360465144
19,033,0001,0453,1903300010453,67,1.8325089127062364
19,033,0001,0468,1903300010468,1759,3.24551266781415
19,033,0001,0472,1903300010472,829,2.9190780923760737
19,033,0001,0487,1903300010487,466,2.6693168805661123
19,033,0001,0491,1903300010491,197,2.296665190261531
19,033,0001,0504,1903300010504,366,2.5646660642520893
19,033,0001,0519,1903300010519,1134,3.0549958615291417
19,033,0001,0523,1903300010523,86,1.9395192526186185
19,033,0001,0538,1903300010538,498,2.6981005456233897
19,033,0001,0542,1903300010542,2159,3.3344537511509307
19,033,0001,0557,1903300010557,3584,3.554489160003819
19,033,0001,0561,1903300010561,742,2.8709888137605755
19,033,0001,0576,1903300010576,727,2.862131379313037
19,033,0001,0580,1903300010580,1397,3.1455071714096627
19,033,0001,0595,1903300010595,1891,3.276921132065774
19,033,0001,0608,1903300010608,1096,3.0402066275747113
19,033,0001,0612,1903300010612,654,2.816241299991783
19,033,0001,0627,1903300010627,1245,3.095518042323151
19,033,0001,0631,1903300010631,725,2.8609366207000937
19,033,0001,0646,1903300010646,1114,3.0472748673841794
19,033,0001,0650,1903300010650,1499,3.1760912590556813
19,033,0001,0665,1903300010665,1297,3.1132746924643504
19,033,0001,067A,190330001067A,1462,3.1652443261253107
19,033,0001,0684,1903300010684,1870,3.27207378750001
19,033,0001,0701,1903300010701,2514,3.400537989391946
19,033,0001,0966,1903300010966,0,0.0
19,033,0001,0970,1903300010970,2996,3.476686742945645
19,033,0001,0985,1903300010985,420,2.6242820958356683
19,033,0001,099A,190330001099A,2191,3.3408405498123317
19,033,0001,1004,1903300011004,1027,3.011993114659257
19,033,0001,1023,1903300011023,112,2.0530784434834195
19,033,0001,1038,1903300011038,1960,3.292477593667784
19,033,0001,1042,1903300011042,1044,3.019116290447073
19,033,0001,1057,1903300011057,3,0.6020599913279624
19,033,0001,1061,1903300011061,49,1.6989700043360187
19,033,0001,1076,1903300011076,0,0.0
19,033,0001,1095,1903300011095,1182,3.0729847446279304
19,033,0001,1108,1903300011108,57,1.7634279935629373
19,033,0001,1112,1903300011112,561,2.749736315569061
19,033,0001,1127,1903300011127,85,1.9344984512435677
19,033,0001,1131,1903300011131,3284,3.5165353738957994
19,033,0001,1146,1903300011146,3340,3.523876475638131
19,033,0001,1150,1903300011150,67,1.8325089127062364
19,033,0001,1165,1903300011165,281,2.450249108319361
19,033,0001,117A,190330001117A,391,2.593286067020457
19,033,0001,1184,1903300011184,25,1.414973347970818
19,033,0001,1199,1903300011199,2483,3.3951515915045425
19,033,0001,1201,1903300011201,53,1.7323937598229686
19,033,0001,1216,1903300011216,462,2.6655809910179533
19,033,0001,1220,1903300011220,189,2.278753600952829
19,033,0001,1235,1903300011235,69,1.845098040014257
19,033,0001,124A,190330001124A,696,2.8432327780980096
19,033,0001,1254,1903300011254,720,2.857935264719429
19,033,0001,1269,1903300011269,717,2.8561244442423
19,033,0001,1273,1903300011273,552,2.7427251313046983
19,033,0001,1288,1903300011288,11,1.0791812460476249
19,033,0001,1292,1903300011292,0,0.0
19,033,0001,1305,1903300011305,31,1.505149978319906
19,033,0001,131A,190330001131A,211,2.326335860928751
19,034,0001,0037,1903400010037,507,2.7058637122839193
19,034,0001,0041,1903400010041,308,2.4899584794248346
19,034,0001,0056,1903400010056,426,2.630427875025024
19,034,0001,0060,1903400010060,980,2.9916690073799486
19,034,0001,0075,1903400010075,520,2.7168377232995247
19,034,0001,008A,190340001008A,50,1.7075701760979363
19,034,0001,0094,1903400010094,0,0.0
19,035,0001,0049,1903500010049,141,2.1522883443830563
19,035,0001,0053,1903500010053,272,2.436162647040756
19,035,0001,0068,1903500010068,279,2.4471580313422194
19,035,0001,0072,1903500010072,90,1.9590413923210936
19,035,0001,0087,1903500010087,87,1.9444826721501687
19,035,0001,0104,1903500010104,0,0.0
19,035,0001,0119,1903500010119,39,1.6020599913279623
19,036,0001,0101,1903600010101,405,2.6085260335771943
19,036,0001,0116,1903600010116,243,2.387389826338729
19,036,0001,0120,1903600010120,275,2.4409090820652177
19,036,0001,0135,1903600010135,225,2.3541084391474008
19,036,0001,0417,1903600010417,2,0.47712125471966244
19,036,0001,0421,1903600010421,2,0.47712125471966244
19,036,0001,0436,1903600010436,0,0.0
19,036,0001,0440,1903600010440,9,1.0
19,036,0001,0455,1903600010455,19,1.3010299956639813
19,037,0001,0382,1903700010382,793,2.8998205024270964
19,037,0001,0397,1903700010397,1043,3.0187004986662433
19,037,0001,0715,1903700010715,112,2.0530784434834195
19,037,0001,072A,190370001072A,475,2.677606952720493
19,037,0001,0749,1903700010749,344,2.537819095073274
19,037,0001,0753,1903700010753,151,2.1818435879447726
19,037,0001,0768,1903700010768,290,2.4638929889859074
19,037,0001,0772,1903700010772,1290,3.1109262422664203
19,037,0001,0787,1903700010787,625,2.7965743332104296
19,037,0001,0791,1903700010791,51,1.7160033436347992
19,037,0001,0804,1903700010804,103,2.0170333392987803
19,038,0001,0178,1903800010178,1,0.3010299956639812
19,038,0001,0248,1903800010248,596,2.775974331129369
19,038,0001,0252,1903800010252,1360,3.133858125203335
19,038,0001,0290,1903800010290,799,2.9030899869919438
19,038,0001,0318,1903800010318,880,2.9449759084120477
19,038,0001,0322,1903800010322,1701,3.230959555748569
19,038,0001,0341,1903800010341,761,2.8819549713396007
19,038,0001,0356,1903800010356,426,2.630427875025024
19,038,0001,0360,1903800010360,1559,3.1931245983544616
19,038,0001,038A,190380001038A,1162,3.0655797147284485
19,038,0001,0394,1903800010394,862,2.9360107957152097
19,038,0001,0407,1903800010407,979,2.9912260756924947
19,038,0001,0411,1903800010411,1692,3.2286569581089353
19,038,0001,0426,1903800010426,1337,3.1264561134318045
19,038,0001,0430,1903800010430,1199,3.0791812460476247
19,038,0001,0445,1903800010445,1250,3.09725730969342
19,038,0001,0498,1903800010498,1487,3.17260293120986
19,038,0001,0500,1903800010500,2345,3.3703280077795106
19,038,0001,052A,190380001052A,529,2.724275869600789
19,038,0001,0534,1903800010534,76,1.8864907251724818
19,038,0001,0549,1903800010549,724,2.8603380065709936
19,038,0001,0553,1903800010553,594,2.7745169657285498
19,038,0001,0568,1903800010568,12,1.1139433523068367
19,038,0001,0572,1903800010572,13,1.146128035678238
19,038,0001,0587,1903800010587,0,0.0
19,038,0001,0591,1903800010591,692,2.8407332346118066
19,038,0001,0604,1903800010604,1212,3.083860800866573
19,038,0001,0619,1903800010619,1173,3.0696680969115957
19,038,0001,0623,1903800010623,896,2.952792443044092
19,038,0001,0638,1903800010638,1810,3.2579184503140586
19,038,0001,0642,1903800010642,1097,3.040602340114073
19,038,0001,0657,1903800010657,1768,3.2477278329097232
19,038,0001,0661,1903800010661,1117,3.0484418035504044
19,038,0001,0676,1903800010676,1043,3.0187004986662433
19,038,0001,0680,1903800010680,3654,3.562887381293879
19,038,0001,0695,1903800010695,1622,3.210318519826232
19,038,0001,0708,1903800010708,0,0.0
19,038,0001,0712,1903800010712,429,2.6334684555795866
19,038,0001,0727,1903800010727,621,2.7937903846908188
19,038,0001,0731,1903800010731,2602,3.4154741681092355
19,038,0001,0746,1903800010746,2509,3.399673721481038
19,038,0001,0750,1903800010750,472,2.6748611407378116
19,038,0001,0765,1903800010765,1224,3.0881360887005513
19,038,0001,077A,190380001077A,1086,3.0362295440862948
19,038,0001,0784,1903800010784,658,2.8188854145940097
19,038,0001,0799,1903800010799,465,2.66838591669
19,038,0001,0801,1903800010801,0,0.0
19,038,0001,0816,1903800010816,592,2.7730546933642626
19,038,0001,0820,1903800010820,842,2.9258275746247424
19,038,0001,0835,1903800010835,397,2.5998830720736876
19,038,0001,084A,190380001084A,0,0.0
19,038,0001,0854,1903800010854,1366,3.1357685145678222
19,038,0001,0869,1903800010869,461,2.6646419755561257
19,038,0001,0873,1903800010873,680,2.833147111912785
19,038,0001,0888,1903800010888,1635,3.2137832993353044
19,039,0001,0014,1903900010014,192,2.285557309007774
19,039,0001,0029,1903900010029,3778,3.5773768919170146
19,039,0001,0033,1903900010033,3321,3.521399628115376
19,039,0001,0048,1903900010048,2757,3.440594261839831
19,039,0001,0052,1903900010052,3869,3.5877109650189114
19,039,0001,0067,1903900010067,2799,3.4471580313422194
19,039,0001,0071,1903900010071,2520,3.401572845676446
19,039,0001,0103,1903900010103,2537,3.404491617758686
19,039,0001,0118,1903900010118,4580,3.6609602917760835
19,039,0001,0122,1903900010122,3875,3.5883837683787276
19,039,0001,0137,1903900010137,4478,3.651181062444688
19,039,0001,0141,1903900010141,4273,3.630834517828051
19,039,0001,0156,1903900010156,2930,3.4670158184384356
19,039,0001,0160,1903900010160,1233,3.091315159697223
19,039,0001,0175,1903900010175,1294,3.1122697684172707
19,039,0001,018A,190390001018A,3618,3.5585885831081994
19,039,0001,0194,1903900010194,2850,3.45499721730946
19,039,0001,0207,1903900010207,2935,3.467756051244033
19,039,0001,0226,1903900010226,4934,3.6932871570056554
19,039,0001,0245,1903900010245,2709,3.432969290874406
19,039,0001,025A,190390001025A,3942,3.5958267770732233
19,039,0001,0264,1903900010264,4282,3.6317480743965693
19,039,0001,0279,1903900010279,2220,3.346548558548474
19,039,0001,0283,1903900010283,2911,3.4641913706409997
19,039,0001,0298,1903900010298,3499,3.5440680443502757
19,039,0001,0315,1903900010315,3515,3.5460488664017342
19,039,0001,032A,190390001032A,4173,3.620552444729435
19,039,0001,0334,1903900010334,878,2.9439888750737717
19,039,0001,0349,1903900010349,2637,3.4212747912103465
19,039,0001,0353,1903900010353,3313,3.520352504083318
19,039,0001,0372,1903900010372,2524,3.40226138245468
19,039,0001,0391,1903900010391,3850,3.585573518622731
19,039,0001,0404,1903900010404,2835,3.452706226511029
19,039,0001,0423,1903900010423,3542,3.549371152333177
19,039,0001,0438,1903900010438,3338,3.523616419054371
19,039,0001,0442,1903900010442,2676,3.4276483711869328
19,039,0001,0457,1903900010457,3408,3.532627001228891
19,039,0001,0461,1903900010461,3422,3.534406899137877
19,039,0001,0480,1903900010480,1388,3.1427022457376155
19,039,0001,0495,1903900010495,1812,3.258397804095509
19,039,0001,0508,1903900010508,3451,3.538070787043172
19,039,0001,0512,1903900010512,2980,3.4743619760326307
19,039,0001,0527,1903900010527,1779,3.250420002308894
19,039,0001,0531,1903900010531,5417,3.7338390006971496
19,039,0001,0546,1903900010546,2660,3.425044874551389
19,039,0001,0550,1903900010550,2279,3.357934847000454
19,039,0001,0565,1903900010565,2608,3.4164740791002206
19,039,0001,057A,190390001057A,1514,3.180412632838324
19,039,0001,0584,1903900010584,3226,3.508798965403905
19,039,0001,0599,1903900010599,2808,3.448551739201578
19,039,0001,0601,1903900010601,5314,3.7255032688593155
19,039,0001,0620,1903900010620,2515,3.400710636773231
19,039,0001,0635,1903900010635,2264,3.3550682063488506
19,039,0001,064A,190390001064A,2719,3.4345689040341987
19,039,0001,0654,1903900010654,2609,3.416640507338281
19,039,0001,0669,1903900010669,2152,3.3330440298234874
19,039,0001,0673,1903900010673,2155,3.3336487565147013
19,039,0001,0688,1903900010688,2838,3.4531653925258574
19,039,0001,0692,1903900010692,1264,3.1020905255118367
19,039,0001,0705,1903900010705,1996,3.3003780648707024
19,039,0001,071A,190390001071A,2092,3.3207692283386865
19,039,0001,0739,1903900010739,1701,3.230959555748569
19,039,0001,0743,1903900010743,1991,3.29928933408768
19,039,0001,0758,1903900010758,1207,3.082066934285113
19,039,0001,0762,1903900010762,1600,3.2043913319193
19,039,0001,0777,1903900010777,1329,3.123851640967086
19,039,0001,0781,1903900010781,242,2.385606273598312
19,039,0001,0796,1903900010796,0,0.0
19,039,0001,0809,1903900010809,59,1.7781512503836436
19,039,0001,0813,1903900010813,1266,3.1027766148834415
19,039,0001,0828,1903900010828,1085,3.035829825252828
19,039,0001,0832,1903900010832,543,2.73559889969818
19,039,0001,0847,1903900010847,1023,3.010299956639812
19,039,0001,0851,1903900010851,1601,3.204662511748219
19,039,0001,0866,1903900010866,1678,3.225050696138049
19,039,0001,0870,1903900010870,3879,3.5888317255942073
19,039,0001,0885,1903900010885,1668,3.222456336679247
19,039,0001,089A,190390001089A,2450,3.389343311252078
19,039,0001,0902,1903900010902,3066,3.4867137759824853
19,039,0001,0917,1903900010917,2843,3.4539295920577286
19,039,0001,0921,1903900010921,2388,3.378216149749878
19,039,0001,0936,1903900010936,2121,3.3267453795653217
19,039,0001,0940,1903900010940,3419,3.534026106056135
19,039,0001,0955,1903900010955,288,2.4608978427565478
19,039,0001,096A,190390001096A,735,2.866877814337499
19,039,0001,0974,1903900010974,781,2.893206753059848
19,039,0001,0989,1903900010989,6061,3.7826159320316033
19,039,0001,0993,1903900010993,1086,3.0362295440862948
19,039,0001,1008,1903900011008,1877,3.273695587930092
19,039,0001,1012,1903900011012,1216,3.085290578230065
19,039,0001,1027,1903900011027,509,2.7075701760979363
19,039,0001,1031,1903900011031,1190,3.0759117614827773
19,039,0001,1046,1903900011046,1800,3.2555137128195333
19,039,0001,1050,1903900011050,1589,3.2013971243204513
19,039,0001,1065,1903900011065,1981,3.2971036501492565
19,039,0001,107A,190390001107A,2056,3.313234291694724
19,039,0001,1084,1903900011084,1782,3.2511513431753545
19,039,0001,1099,1903900011099,1728,3.2377949932739227
19,039,0001,1101,1903900011101,2340,3.3694014136966244
19,039,0001,1116,1903900011116,0,0.0
19,039,0001,1120,1903900011120,2607,3.4163075870598827
19,039,0001,1135,1903900011135,1752,3.243781916093795
19,039,0001,114A,190390001114A,1380,3.140193678578631
19,039,0001,1154,1903900011154,1623,3.2105860249051563
19,039,0001,1169,1903900011169,2880,3.459543258280413
19,039,0001,1173,1903900011173,2108,3.3240765797394864
19,039,0001,1188,1903900011188,3322,3.521530341278711
19,039,0001,1192,1903900011192,2657,3.4245549766067134
19,039,0001,1205,1903900011205,121,2.0863598306747484
19,039,0001,1224,1903900011224,3487,3.5425764762605296
19,039,0001,1239,1903900011239,3332,3.52283531366053
19,039,0001,1243,1903900011243,475,2.677606952720493
19,039,0001,1258,1903900011258,1046,3.0199466816788423
19,039,0001,1262,1903900011262,1756,3.244771761495295
19,039,0001,1277,1903900011277,2024,3.3064250275506875
19,039,0001,1281,1903900011281,162,2.2121876044039577
19,039,0001,1309,1903900011309,1761,3.246005904076029
19,039,0001,1313,1903900011313,5055,3.7038070652743285
19,039,0001,1328,1903900011328,1300,3.1142772965615864
19,039,0001,1332,1903900011332,2976,3.473778834646725
19,039,0001,1347,1903900011347,3767,3.57611089412084
19,039,0001,1351,1903900011351,2734,3.4369573306694496
19,039,0001,1366,1903900011366,0,0.0
19,039,0001,1370,1903900011370,1287,3.1099158630237933
19,039,0001,1385,1903900011385,1585,3.200303182981585
19,039,0001,139A,190390001139A,1079,3.03342375548695
19,039,0001,1402,1903900011402,681,2.833784374656479
19,039,0001,1417,1903900011417,3077,3.48826861549546
19,039,0001,1421,1903900011421,3327,3.5221833176186865
19,039,0001,1436,1903900011436,1869,3.271841606536499
19,039,0001,1440,1903900011440,1644,3.216165902285993
19,039,0001,1455,1903900011455,1330,3.124178055474675
19,039,0001,146A,190390001146A,1878,3.2739267801005254
19,039,0001,1474,1903900011474,1482,3.1711411510283822
19,039,0001,1489,1903900011489,1608,3.2065560440990297
19,039,0001,1493,1903900011493,498,2.6981005456233897
19,039,0001,1506,1903900011506,218,2.3404441148401185
19,039,0001,1510,1903900011510,370,2.569373909615046
19,039,0001,1525,1903900011525,590,2.7715874808812555
19,039,0001,153A,190390001153A,283,2.4533183400470375
19,039,0001,1544,1903900011544,484,2.6857417386022635
19,039,0001,1559,1903900011559,854,2.931966114728173
19,039,0001,1563,1903900011563,1016,3.0073209529227447
19,039,0001,1578,1903900011578,1668,3.222456336679247
19,039,0001,1582,1903900011582,1943,3.288696260590256
19,039,0001,160A,190390001160A,1878,3.2739267801005254
19,039,0001,1614,1903900011614,2516,3.4008832155483626
19,039,0001,1629,1903900011629,2881,3.4596939764779706
19,039,0001,1633,1903900011633,810,2.909020854211156
19,039,0001,1648,1903900011648,1275,3.1058506743851435
19,039,0001,1652,1903900011652,1408,3.1489109931093564
19,039,0001,1667,1903900011667,811,2.9095560292411755
19,039,0001,1671,1903900011671,2135,3.3296012483565187
19,039,0001,1686,1903900011686,153,2.187520720836463
19,039,0001,1690,1903900011690,228,2.359835482339888
19,039,0001,1703,1903900011703,3184,3.503109436671369
19,039,0001,1722,1903900011722,511,2.709269960975831
19,039,0001,1737,1903900011737,377,2.5774917998372255
19,039,0001,1741,1903900011741,179,2.255272505103306
19,039,0001,1756,1903900011756,191,2.2833012287035497
19,039,0001,1760,1903900011760,1986,3.298197867109815
19,039,0001,1775,1903900011775,3247,3.5116160205691376
19,039,0001,178A,190390001178A,2085,3.319314304090512
19,039,0001,1794,1903900011794,2555,3.4075608494863627
19,039,0001,1807,1903900011807,2430,3.3857849588433355
19,039,0001,1811,1903900011811,3726,3.57135939275384
19,039,0001,1826,1903900011826,1966,3.2938043599193367
19,039,0001,1830,1903900011830,898,2.9537596917332287
19,039,0001,1845,1903900011845,2750,3.4394905903896835
19,039,0001,185A,190390001185A,2718,3.4344092075875
19,039,0001,1879,1903900011879,2302,3.362293937964231
19,039,0001,1883,1903900011883,2653,3.4239009185284166
19,039,0001,1898,1903900011898,2466,3.392169149489736
19,039,0001,1900,1903900011900,1274,3.1055101847699738
19,039,0001,1915,1903900011915,1171,3.068927611682072
19,039,0001,192A,190390001192A,2553,3.4072208929273966
19,039,0001,1934,1903900011934,2171,3.336859820916809
19,039,0001,1953,1903900011953,4331,3.636688447953283
19,039,0001,1968,1903900011968,2452,3.3896975482063856
19,039,0001,1972,1903900011972,2152,3.3330440298234874
19,039,0001,1987,1903900011987,2330,3.3675422735205767
19,039,0001,1991,1903900011991,3236,3.5101426994025733
19,039,0001,2006,1903900012006,1972,3.295127085252191
19,039,0001,2010,1903900012010,377,2.5774917998372255
19,039,0001,2025,1903900012025,4868,3.6874397745458944
19,039,0001,2044,1903900012044,1920,3.2835273648616936
19,039,0001,2063,1903900012063,2407,3.381656482585787
19,039,0001,2078,1903900012078,2179,3.3384564936046046
19,039,0001,2082,1903900012082,2402,3.3807537708039
19,039,0001,2097,1903900012097,4087,3.611510887126656
19,039,0001,210A,190390001210A,2790,3.445759836488631
19,039,0001,2114,1903900012114,2387,3.3780343224573315
19,039,0001,2129,1903900012129,4074,3.6101276130759956
19,039,0001,2133,1903900012133,3643,3.5615783683009608
19,039,0001,2152,1903900012152,2360,3.373095987078727
19,039,0001,2167,1903900012167,2883,3.4599952560473914
19,039,0001,2186,1903900012186,4169,3.6201360549737576
19,039,0001,2190,1903900012190,1182,3.0729847446279304
19,039,0001,2203,1903900012203,2974,3.4734869700645685
19,039,0001,2218,1903900012218,1788,3.252610340567373
19,039,0001,2222,1903900012222,2481,3.394801777162711
19,039,0001,2241,1903900012241,1136,3.0557604646877348
19,039,0001,2256,1903900012256,4590,3.661907292766021
19,039,0001,2260,1903900012260,2549,3.406540180433955
19,039,0001,2275,1903900012275,3740,3.572987708198205
19,039,0001,228A,190390001228A,2430,3.3857849588433355
19,039,0001,2294,1903900012294,3104,3.492061604512599
19,039,0001,2307,1903900012307,2986,3.475235222604128
19,039,0001,2345,1903900012345,2632,3.4204508591060683
19,039,0001,235A,190390001235A,2403,3.380934463330702
19,039,0001,2364,1903900012364,2327,3.3669829759778507
19,039,0001,2383,1903900012383,4184,3.6216954623292787
19,039,0001,2398,1903900012398,7871,3.896085085423285
19,039,0001,2400,1903900012400,4517,3.6549462265843444
19,039,0001,2453,1903900012453,2219,3.346352974450639
19,039,0001,2468,1903900012468,3979,3.5998830720736876
19,039,0001,2472,1903900012472,4662,3.668665415454492
19,039,0001,2519,1903900012519,5642,3.751510050270041
19,039,0001,2523,1903900012523,5883,3.7696726640554923
19,039,0001,2561,1903900012561,3531,3.548020694905531
19,039,0001,2576,1903900012576,3643,3.5615783683009608
19,039,0001,2580,1903900012580,0,0.0
19,039,0001,2608,1903900012608,3563,3.5519376953648374
19,039,0001,2612,1903900012612,3707,3.5691397254724593
19,039,0001,2627,1903900012627,1021,3.009450895798694
19,039,0001,267A,190390001267A,3909,3.5921767573958667
19,039,0001,2684,1903900012684,2186,3.339848783037637
19,039,0001,2716,1903900012716,78,1.8976270912904414
19,039,0001,2720,1903900012720,970,2.9872192299080047
19,039,0001,2735,1903900012735,0,0.0
19,039,0001,274A,190390001274A,10,1.0413926851582251
19,039,0001,2754,1903900012754,3205,3.505963518018126
19,039,0001,2769,1903900012769,279,2.4471580313422194
19,039,0001,2773,1903900012773,0,0.0
19,039,0001,2788,1903900012788,0,0.0
19,039,0001,2792,1903900012792,1,0.3010299956639812
19,039,0001,2805,1903900012805,3258,3.513084360465144
19,039,0001,281A,190390001281A,327,2.515873843711679
19,039,0001,2824,1903900012824,0,0.0
19,039,0001,2839,1903900012839,426,2.630427875025024
19,039,0001,2843,1903900012843,3288,3.5170638734826545
19,039,0001,2858,1903900012858,0,0.0
19,039,0001,2862,1903900012862,0,0.0
19,039,0001,2877,1903900012877,0,0.0
19,039,0001,2881,1903900012881,4,0.6989700043360189
19,039,0001,2896,1903900012896,1788,3.252610340567373
19,039,0001,2909,1903900012909,2123,3.3271545124094315
19,039,0001,2928,1903900012928,2894,3.4616485680634552
19,039,0001,2932,1903900012932,3017,3.479719235439571
19,039,0001,2947,1903900012947,3493,3.543322900646912
19,039,0001,2951,1903900012951,6841,3.8351830698490437
19,039,0001,2966,1903900012966,2180,3.3386556655787003
19,039,0001,2970,1903900012970,7303,3.8635607645262424
19,039,0001,2985,1903900012985,4191,3.6224212739756703
19,039,0001,299A,190390001299A,5618,3.7496590320949
19,039,0001,3004,1903900013004,787,2.8965262174895554
19,039,0001,3019,1903900013019,2282,3.3585059114902354
19,039,0001,3023,1903900013023,228,2.359835482339888
19,039,0001,3038,1903900013038,768,2.885926339801431
19,039,0001,3042,1903900013042,3565,3.5521813388393357
19,039,0001,3057,1903900013057,0,0.0
19,039,0001,3061,1903900013061,311,2.494154594018443
19,039,0001,3076,1903900013076,562,2.7505083948513462
19,039,0001,3080,1903900013080,165,2.220108088040055
19,039,0001,3095,1903900013095,1359,3.1335389083702174
19,039,0001,3108,1903900013108,907,2.958085848521085
19,039,0001,3112,1903900013112,154,2.1903316981702914
19,039,0001,3127,1903900013127,687,2.837588438235511
19,039,0001,3131,1903900013131,977,2.9903388547876015
19,039,0001,3146,1903900013146,404,2.6074550232146687
19,039,0001,3150,1903900013150,173,2.2405492482826
19,039,0001,3165,1903900013165,423,2.6273658565927325
19,039,0001,317A,190390001317A,691,2.840106094456758
19,039,0001,3184,1903900013184,1778,3.250175948083925
19,039,0001,3199,1903900013199,1879,3.27415784926368
19,039,0001,3201,1903900013201,278,2.4456042032735974
19,039,0001,3216,1903900013216,449,2.6532125137753435
19,039,0001,3220,1903900013220,168,2.2278867046136734
19,039,0001,3305,1903900013305,3744,3.5734518220354854
19,039,0001,331A,190390001331A,3962,3.59802407233419
19,039,0001,3324,1903900013324,2714,3.433769833924866
19,039,0001,3339,1903900013339,3291,3.5174598265402324
19,039,0001,3343,1903900013343,1584,3.2000292665537704
19,039,0001,3358,1903900013358,3159,3.499687082618404
19,039,0001,3362,1903900013362,1650,3.2177470732627937
19,039,0001,3377,1903900013377,2968,3.472610197596045
19,039,0001,3381,1903900013381,3469,3.5403294747908736
19,039,0001,3396,1903900013396,4014,3.6036855496146996
19,039,0001,3409,1903900013409,4428,3.6463056802847587
19,039,0001,3413,1903900013413,7251,3.860457795423471
19,039,0001,3428,1903900013428,3351,3.525304009958239
19,039,0001,3432,1903900013432,3283,3.516403148447403
19,039,0001,3451,1903900013451,4308,3.6343764940883676
19,039,0001,3466,1903900013466,2802,3.447623097760286
19,039,0001,3470,1903900013470,3973,3.5992278627737964
19,039,0001,3485,1903900013485,2993,3.4762517960070336
19,039,0001,349A,190390001349A,2435,3.3866772839608377
19,039,0001,3502,1903900013502,2705,3.4323277922616042
19,039,0001,3517,1903900013517,3496,3.5436956323092446
19,039,0001,3521,1903900013521,2730,3.4363217001397333
19,039,0001,3536,1903900013536,2474,3.3935752032695876
19,039,0001,3540,1903900013540,2727,3.4358443659844413
19,039,0001,3555,1903900013555,4663,3.668758541750958
19,039,0001,356A,190390001356A,1813,3.2586372827240764
19,039,0001,3574,1903900013574,832,2.9206450014067875
19,039,0001,3589,1903900013589,1971,3.2949069106051923
19,039,0001,3593,1903900013593,2322,3.3660492098002353
19,039,0001,3606,1903900013606,2907,3.463594402187
19,039,0001,3610,1903900013610,2513,3.400365273349939
19,039,0001,363A,190390001363A,3850,3.585573518622731
19,039,0001,3659,1903900013659,1885,3.2755416884013098
19,039,0001,3663,1903900013663,4832,3.6842167951388807
19,039,0001,3682,1903900013682,4499,3.6532125137753435
19,039,0001,3697,1903900013697,1977,3.2962262872611605
19,039,0001,370A,190390001370A,4006,3.6028193424326997
19,039,0001,3714,1903900013714,4743,3.6761446803562063
19,039,0001,3729,1903900013729,3410,3.5328817194073974
19,039,0001,3733,1903900013733,1895,3.2778383330020473
19,039,0001,3748,1903900013748,3552,3.550595207489328
19,039,0001,3767,1903900013767,2308,3.3634239329171765
19,039,0001,3771,1903900013771,7179,3.8561244442423
19,039,0001,3803,1903900013803,5127,3.709948016510761
19,039,0001,3818,1903900013818,6592,3.819083075743703
19,039,0001,3822,1903900013822,6050,3.781827152932428
19,039,0001,3837,1903900013837,3561,3.551693915127225
19,039,0001,3860,1903900013860,3174,3.5017437296279943
19,039,0001,3894,1903900013894,839,2.9242792860618816
19,039,0001,3907,1903900013907,1213,3.0842186867392387
19,039,0001,3911,1903900013911,1595,3.2030328870147105
19,039,0001,3930,1903900013930,1431,3.1559430179718366
19,039,0001,3945,1903900013945,151,2.1818435879447726
19,039,0001,395A,190390001395A,300,2.4785664955938436
19,039,0001,3964,1903900013964,728,2.8627275283179747
19,039,0001,3979,1903900013979,3895,3.590618948206578
19,039,0001,3983,1903900013983,3541,3.549248556854056
19,039,0001,3998,1903900013998,5766,3.7609499514108973
19,039,0001,4002,1903900014002,5494,3.7399676967595092
19,039,0001,4017,1903900014017,5314,3.7255032688593155
19,039,0001,4021,1903900014021,3828,3.583085366347688
19,039,0001,4036,1903900014036,4679,3.670245853074124
19,039,0001,4040,1903900014040,3042,3.483301952358167
19,039,0001,4055,1903900014055,4222,3.625621081424908
19,039,0001,406A,190390001406A,4196,3.62293896921149
19,039,0001,4074,1903900014074,6192,3.791901080009571
19,039,0001,4093,1903900014093,3096,3.490941205356787
19,039,0001,4106,1903900014106,4189,3.622214022966295
19,039,0001,4110,1903900014110,2699,3.4313637641589874
19,039,0001,4125,1903900014125,1881,3.274619619091238
19,039,0001,413A,190390001413A,2082,3.318689269947746
19,039,0001,4144,1903900014144,883,2.946452265013073
19,039,0001,4159,1903900014159,620,2.79309160017658
19,039,0001,4163,1903900014163,3563,3.5519376953648374
19,039,0001,4178,1903900014178,4610,3.6637951222194074
19,039,0001,4182,1903900014182,2164,3.3354579006893843
19,039,0001,4197,1903900014197,2456,3.390405156480081
19,039,0001,420A,190390001420A,3029,3.481442628502305
19,039,0001,4214,1903900014214,4120,3.615002614524588
19,039,0001,4229,1903900014229,2852,3.4553017716570764
19,039,0001,4233,1903900014233,3015,3.4794313371977363
19,039,0001,4248,1903900014248,2099,3.322219294733919
19,039,0001,4252,1903900014252,1294,3.1122697684172707
19,039,0001,4267,1903900014267,24,1.3979400086720377
19,039,0001,4271,1903900014271,1337,3.1264561134318045
19,039,0001,4286,1903900014286,635,2.803457115648414
19,039,0001,4290,1903900014290,756,2.8790958795000727
19,039,0001,4303,1903900014303,1751,3.243534101832062
19,039,0001,4318,1903900014318,2182,3.339053735709139
19,039,0001,4322,1903900014322,2173,3.3372595397502756
19,039,0001,4341,1903900014341,569,2.7558748556724915
19,039,0001,4356,1903900014356,363,2.561101383649056
19,039,0001,4375,1903900014375,1134,3.0549958615291417
19,039,0001,438A,190390001438A,4088,3.611617110554336
19,039,0001,4394,1903900014394,1099,3.041392685158225
19,039,0001,4407,1903900014407,4265,3.63002085111341
19,039,0001,4411,1903900014411,3811,3.5811528919662887
19,039,0001,4426,1903900014426,1132,3.0542299098633974
19,039,0001,4430,1903900014430,5500,3.740441644949766
19,039,0001,445A,190390001445A,5563,3.7453871213200087
19,039,0001,4464,1903900014464,4197,3.623042434246382
19,039,0001,4479,1903900014479,3426,3.534914104429867
19,039,0001,4483,1903900014483,2456,3.390405156480081
19,039,0001,4498,1903900014498,983,2.9929950984313414
19,039,0001,4500,1903900014500,3056,3.485295438726089
19,039,0001,4515,1903900014515,3391,3.5304558435846762
19,039,0001,452A,190390001452A,2471,3.3930484664167784
19,039,0001,4534,1903900014534,1267,3.1031192535457137
19,039,0001,4549,1903900014549,4319,3.635483746814912
19,039,0001,4553,1903900014553,3885,3.589502796263764
19,039,0001,4568,1903900014568,507,2.7058637122839193
19,039,0001,4572,1903900014572,1442,3.159266331093494
19,039,0001,4587,1903900014587,1315,3.1192558892779365
19,039,0001,4591,1903900014591,21,1.3424226808222062
19,039,0001,4604,1903900014604,2075,3.31722734917642
19,039,0001,4619,1903900014619,2679,3.428134794028789
19,039,0001,4623,1903900014623,1853,3.2681097298084785
19,039,0001,4638,1903900014638,3811,3.5811528919662887
19,039,0001,4642,1903900014642,2137,3.330007700872759
19,039,0001,4657,1903900014657,2491,3.396548037987132
19,039,0001,4661,1903900014661,2902,3.4628470358316736
19,039,0001,4676,1903900014676,2120,3.3265406685165617
19,039,0001,4680,1903900014680,2293,3.360593413565249
19,039,0001,4695,1903900014695,3719,3.5705429398818973
19,039,0001,4708,1903900014708,3667,3.5644293269979834
19,039,0001,4712,1903900014712,3085,3.4893959217271293
19,039,0001,4727,1903900014727,2574,3.41077723337721
19,039,0001,4731,1903900014731,2772,3.4429498695778618
19,039,0001,4746,1903900014746,1215,3.084933574936716
19,039,0001,4750,1903900014750,4284,3.631950826259217
19,039,0001,4765,1903900014765,502,2.7015679850559273
19,039,0001,477A,190390001477A,550,2.741151598851785
19,039,0001,4784,1903900014784,3435,3.5360531551592045
19,039,0001,4799,1903900014799,2774,3.443262987458695
19,039,0001,4801,1903900014801,3965,3.598352709869284
19,039,0001,4816,1903900014816,4231,3.6265456590271294
19,039,0001,4820,1903900014820,3010,3.4787107555127594
19,039,0001,4835,1903900014835,8249,3.916453948549925
19,039,0001,484A,190390001484A,5179,3.714329759745233
19,039,0001,4854,1903900014854,2387,3.3780343224573315
19,039,0001,4869,1903900014869,4404,3.643945912748067
19,039,0001,4873,1903900014873,2383,3.377306251068199
19,039,0001,4888,1903900014888,645,2.8102325179950842
19,039,0001,4892,1903900014892,228,2.359835482339888
19,039,0001,4905,1903900014905,2280,3.3581252852766488
19,039,0001,491A,190390001491A,897,2.9532763366673045
19,039,0001,4924,1903900014924,2425,3.3848907965305544
19,039,0001,4939,1903900014939,1974,3.295567099962479
19,039,0001,4943,1903900014943,4636,3.6662370958958044
19,039,0001,4958,1903900014958,5191,3.715334683792313
19,039,0001,4962,1903900014962,4791,3.680516809381255
19,039,0001,4977,1903900014977,3733,3.5721743136130595
19,039,0001,4981,1903900014981,5143,3.7113009599161657
19,039,0001,4996,1903900014996,4929,3.69284691927723
19,039,0001,5000,1903900015000,3536,3.5486350598147514
19,039,0001,5015,1903900015015,2664,3.425697213362591
19,039,0001,502A,190390001502A,3416,3.5336449787987627
19,039,0001,5034,1903900015034,3056,3.485295438726089
19,039,0001,5049,1903900015049,2762,3.4413808849165113
19,039,0001,5053,1903900015053,1778,3.250175948083925
19,039,0001,5068,1903900015068,2996,3.476686742945645
19,039,0001,5072,1903900015072,760,2.8813846567705728
19,039,0001,5087,1903900015087,5100,3.707655323531187
19,039,0001,5091,1903900015091,1442,3.159266331093494
19,039,0001,5104,1903900015104,4236,3.6270584640009895
19,039,0001,5119,1903900015119,2354,3.371990911464915
19,039,0001,5123,1903900015123,68,1.8388490907372552
19,039,0001,5138,1903900015138,2873,3.4584867637982066
19,039,0001,5142,1903900015142,2839,3.4533183400470375
19,039,0001,5157,1903900015157,6113,3.78632543439007
19,039,0001,5161,1903900015161,633,2.802089257881733
19,039,0001,5176,1903900015176,676,2.8305886686851442
19,039,0001,5180,1903900015180,588,2.7701152947871015
19,039,0001,5195,1903900015195,287,2.459392487759231
19,039,0001,5208,1903900015208,4981,3.6974037232004875
19,039,0001,5212,1903900015212,3619,3.558708570533166
19,039,0001,5227,1903900015227,498,2.6981005456233897
19,039,0001,5231,1903900015231,1014,3.0064660422492318
19,039,0001,5246,1903900015246,953,2.979548374704095
19,039,0001,5250,1903900015250,2902,3.4628470358316736
19,039,0001,5265,1903900015265,0,0.0
19,039,0001,527A,190390001527A,713,2.8536982117761744
19,039,0001,5284,1903900015284,513,2.710963118995276
19,039,0001,5299,1903900015299,1543,3.188647295999717
19,039,0001,5301,1903900015301,168,2.2278867046136734
19,039,0001,5316,1903900015316,248,2.3961993470957363
19,039,0001,5320,1903900015320,5,0.7781512503836436
19,039,0001,5335,1903900015335,461,2.6646419755561257
19,039,0001,534A,190390001534A,718,2.8567288903828825
19,039,0001,5354,1903900015354,266,2.4265112613645754
19,039,0001,5369,1903900015369,814,2.9111576087399764
19,039,0001,5373,1903900015373,755,2.8785217955012063
19,039,0001,5388,1903900015388,2211,3.344785122632661
19,039,0001,5392,1903900015392,610,2.786041210242554
19,039,0001,5405,1903900015405,278,2.4456042032735974
19,039,0001,541A,190390001541A,180,2.2576785748691846
19,039,0001,5424,1903900015424,202,2.307496037913213
19,039,0001,5439,1903900015439,627,2.797959643737196
19,039,0001,5443,1903900015443,789,2.8976270912904414
19,039,0001,5458,1903900015458,366,2.5646660642520893
19,039,0001,5462,1903900015462,1085,3.035829825252828
19,039,0001,5477,1903900015477,711,2.8524799936368566
19,039,0001,5481,1903900015481,1045,3.0195316845312554
19,039,0001,5496,1903900015496,1113,3.04688519083771
19,039,0001,5509,1903900015509,288,2.4608978427565478
19,039,0001,5513,1903900015513,195,2.292256071356476
19,039,0001,5528,1903900015528,1292,3.111598524880394
19,039,0001,5532,1903900015532,1095,3.0398105541483504
19,039,0001,5547,1903900015547,2231,3.348694190265541
19,039,0001,5551,1903900015551,225,2.3541084391474008
19,039,0001,5566,1903900015566,1419,3.1522883443830563
19,039,0001,5570,1903900015570,409,2.6127838567197355
19,039,0001,5585,1903900015585,48,1.6901960800285136
19,040,0001,0142,1904000010142,177,2.250420002308894
19,040,0001,0157,1904000010157,296,2.4727564493172123
19,040,0001,0265,1904000010265,10,1.0413926851582251
19,040,0001,027A,190400001027A,257,2.41161970596323
19,041,0001,0050,1904100010050,836,2.92272545799326
19,041,0001,0065,1904100010065,1430,3.1556396337597765
19,041,0001,007A,190410001007A,499,2.6989700043360187
19,041,0001,0084,1904100010084,557,2.7466341989375787
19,041,0001,0099,1904100010099,1360,3.133858125203335
19,041,0001,0116,1904100010116,0,0.0
19,041,0001,014A,190410001014A,1112,3.0464951643347082
19,041,0001,0154,1904100010154,272,2.436162647040756
19,041,0001,0262,1904100010262,100,2.0043213737826426
19,041,0001,0277,1904100010277,3830,3.5833121519830775
19,041,0001,0281,1904100010281,1180,3.072249897613515
19,041,0001,0296,1904100010296,1863,3.2704459080179626
19,041,0001,0309,1904100010309,5410,3.733277533932582
19,041,0001,0313,1904100010313,5328,3.726645720240912
19,041,0001,0328,1904100010328,2717,3.4342494523964757
19,041,0001,0332,1904100010332,3674,3.5652573434202135
19,041,0001,0347,1904100010347,4023,3.604657972047871
19,041,0001,0351,1904100010351,3267,3.514282047860378
19,041,0001,0366,1904100010366,6510,3.8136476953468965
19,041,0001,039A,190410001039A,4101,3.6129956560323473
19,041,0026,053A,190410026053A,8225,3.9151887051731564
19,041,0026,0544,1904100260544,1953,3.2909245593827543
19,041,0337,0169,1904103370169,2230,3.348499570283838
19,041,0337,0173,1904103370173,2351,3.371437317404101
19,041,0337,0188,1904103370188,3465,3.539828558377898
19,041,0337,0192,1904103370192,2570,3.4101020766428607
19,041,0337,0205,1904103370205,3309,3.519827993775719
19,041,0337,021A,190410337021A,3945,3.5961570809161723
19,041,0337,0224,1904103370224,2407,3.381656482585787
19,041,0337,0239,1904103370239,2224,3.3473300153169503
19,041,0337,0243,1904103370243,2973,3.4733409641859354
19,041,0337,0258,1904103370258,3111,3.4930395883176515
19,041,0337,0370,1904103370370,2317,3.3651134316275773
19,041,0337,0385,1904103370385,2206,3.343802333161655
19,041,0337,0402,1904103370402,0,0.0
19,041,0371,0559,1904103710559,2039,3.3096301674258988
19,041,0371,0563,1904103710563,1763,3.246498580795801
19,041,0371,0578,1904103710578,1890,3.27669152884504
19,041,0456,0417,1904104560417,822,2.91539983521227
19,041,0456,0421,1904104560421,1642,3.215637563435062
19,041,0456,0436,1904104560436,4162,3.619406410886777
19,041,0456,0440,1904104560440,3781,3.577721524509021
19,041,0456,0455,1904104560455,2703,3.4320066872695985
19,041,0456,046A,190410456046A,1912,3.281714970027296
19,041,0456,0474,1904104560474,4480,3.6513749439130434
19,041,0456,0489,1904104560489,4781,3.679609571779756
19,041,0456,0493,1904104560493,5896,3.7706311277778064
19,041,0456,0506,1904104560506,3668,3.564547711755948
19,041,0456,0510,1904104560510,3784,3.5780658838360915
19,041,0456,0525,1904104560525,3072,3.4875625602563782
19,042,0001,0147,1904200010147,214,2.3324384599156054
19,042,0001,0151,1904200010151,412,2.615950051656401
19,042,0001,0166,1904200010166,255,2.4082399653118496
19,042,0001,0170,1904200010170,419,2.6232492903979003
19,042,0001,0293,1904200010293,13,1.146128035678238
19,042,0001,0306,1904200010306,10,1.0413926851582251
19,043,0001,0106,1904300010106,369,2.568201724066995
19,043,0001,0144,1904300010144,0,0.0
19,044,0001,0245,1904400010245,900,2.954724790979063
19,044,0001,0264,1904400010264,1807,3.2571984261393445
19,044,0001,0283,1904400010283,311,2.494154594018443
19,044,0001,0298,1904400010298,996,2.998695158311656
19,044,0001,0315,1904400010315,1996,3.3003780648707024
19,044,0001,032A,190440001032A,1441,3.15896526038341
19,044,0001,0334,1904400010334,19,1.3010299956639813
19,044,0001,0349,1904400010349,1638,3.214578953570499
19,044,0001,0353,1904400010353,37,1.5797835966168101
19,044,0001,0368,1904400010368,13,1.146128035678238
19,044,0001,0372,1904400010372,0,0.0
19,044,0001,0387,1904400010387,315,2.499687082618404
19,044,0001,0391,1904400010391,1262,3.101403350555331
19,044,0001,0442,1904400010442,2430,3.3857849588433355
19,044,0001,0461,1904400010461,200,2.303196057420489
19,044,0001,0476,1904400010476,518,2.7151673578484576
19,044,0001,0480,1904400010480,701,2.846337112129805
19,044,0001,0495,1904400010495,645,2.8102325179950842
19,044,0001,0508,1904400010508,644,2.8095597146352675
19,044,0001,0512,1904400010512,570,2.756636108245848
19,044,0001,0527,1904400010527,562,2.7505083948513462
19,044,0001,0531,1904400010531,704,2.848189116991399
19,044,0001,0546,1904400010546,727,2.862131379313037
19,044,0001,0550,1904400010550,561,2.749736315569061
19,044,0001,0565,1904400010565,611,2.7867514221455614
19,044,0001,057A,190440001057A,484,2.6857417386022635
19,044,0001,0584,1904400010584,600,2.7788744720027396
19,044,0001,0599,1904400010599,572,2.75815462196739
19,044,0001,0601,1904400010601,370,2.569373909615046
19,044,0001,0616,1904400010616,440,2.6444385894678386
19,044,0001,0620,1904400010620,472,2.6748611407378116
19,044,0001,0635,1904400010635,793,2.8998205024270964
19,044,0001,064A,190440001064A,475,2.677606952720493
19,044,0001,0654,1904400010654,1340,3.127428777851599
19,044,0001,0669,1904400010669,445,2.649334858712142
19,044,0001,0673,1904400010673,947,2.976808337338066
19,044,0001,0688,1904400010688,8,0.9542425094393249
19,044,0001,0692,1904400010692,13,1.146128035678238
19,044,0001,0705,1904400010705,208,2.3201462861110542
19,044,0001,0828,1904400010828,274,2.439332693830263
19,044,0001,0832,1904400010832,378,2.578639209968072
19,044,0001,0847,1904400010847,213,2.330413773349191
19,044,0001,0870,1904400010870,105,2.0253058652647704
19,044,0001,0885,1904400010885,922,2.965201701025912
19,044,0001,089A,190440001089A,1316,3.119585774961784
19,044,0001,0902,1904400010902,594,2.7745169657285498
19,044,0001,0921,1904400010921,707,2.850033257689769
19,044,0001,0936,1904400010936,177,2.250420002308894
19,044,0001,0940,1904400010940,0,0.0
19,044,0001,0955,1904400010955,250,2.399673721481038
19,044,0001,096A,190440001096A,260,2.416640507338281
19,044,0001,0974,1904400010974,546,2.737987326333431
19,044,0001,0989,1904400010989,263,2.4216039268698313
19,044,0001,0993,1904400010993,158,2.2013971243204513
19,044,0001,1008,1904400011008,42,1.6334684555795864
19,044,0001,1012,1904400011012,3,0.6020599913279624
19,044,0001,1027,1904400011027,515,2.7126497016272113
19,044,0001,1031,1904400011031,24,1.3979400086720377
19,045,0001,0187,1904500010187,2612,3.4171394097273255
19,045,0001,0191,1904500010191,1282,3.1082266563749283
19,045,0001,0204,1904500010204,876,2.9429995933660407
19,045,0001,0219,1904500010219,458,2.661812685537261
19,045,0001,0223,1904500010223,832,2.9206450014067875
19,045,0001,0280,1904500010280,328,2.5171958979499744
19,045,0001,0295,1904500010295,223,2.3502480183341627
19,045,0001,0308,1904500010308,2728,3.4360035356698964
19,045,0001,0312,1904500010312,932,2.9698816437465
19,045,0001,0346,1904500010346,54,1.7403626894942439
19,045,0001,0469,1904500010469,1265,3.1024337056813365
19,045,0001,0488,1904500010488,507,2.7058637122839193
19,045,0001,0492,1904500010492,962,2.9836262871245345
19,045,0241,0399,1904502410399,2847,3.4545399849648186
19,045,0385,037A,190450385037A,3039,3.482873583608754
19,045,0385,0384,1904503850384,3270,3.5146805441249818
19,045,0405,0350,1904504050350,19,1.3010299956639813
19,045,0405,0365,1904504050365,2745,3.4387005329007363
19,045,0464,0401,1904504640401,1375,3.1386184338994925
19,045,0464,0416,1904504640416,1483,3.171433900943008
19,045,0464,0420,1904504640420,1093,3.039017321997412
19,045,0464,0435,1904504640435,1117,3.0484418035504044
19,045,0464,0473,1904504640473,65,1.8195439355418688
19,045,0550,0045,1904505500045,5056,3.7038929536325447
19,045,0550,0064,1904505500064,6630,3.821579027912009
19,045,0550,0098,1904505500098,5879,3.7693773260761385
19,045,0550,0100,1904505500100,3824,3.5826314394896364
19,045,0550,0115,1904505500115,2025,3.3066394410242617
19,045,0550,0172,1904505500172,2581,3.4119562379304016
19,045,0551,0327,1904505510327,3757,3.5749567757645067
19,045,0551,0331,1904505510331,4998,3.69888313675259
19,045,0551,044A,190450551044A,4566,3.6596310116070008
19,045,0551,0454,1904505510454,984,2.9934362304976116
19,045,0559,0505,1904505590505,7226,3.858958054718006
19,045,0559,051A,190450559051A,4754,3.6771505212734326
19,046,0001,0042,1904600010042,1646,3.2166935991697545
19,046,0001,0057,1904600010057,1216,3.085290578230065
19,046,0001,0076,1904600010076,3762,3.575534218319864
19,046,0001,0095,1904600010095,1199,3.0791812460476247
19,046,0001,0108,1904600010108,2483,3.3951515915045425
19,046,0001,0127,1904600010127,4270,3.630529571426824
19,046,0001,0131,1904600010131,4113,3.614264287358705
19,046,0001,0146,1904600010146,2987,3.475380593143361
19,046,0001,017A,190460001017A,4101,3.6129956560323473
19,046,0001,0184,1904600010184,3438,3.5364321758220134
19,046,0001,0201,1904600010201,3988,3.6008640363098396
19,046,0001,0216,1904600010216,2042,3.3102683666324477
19,046,0001,0220,1904600010220,1869,3.271841606536499
19,046,0001,0235,1904600010235,2765,3.441852175773292
19,046,0001,024A,190460001024A,2748,3.4391747398434687
19,046,0001,0292,1904600010292,0,0.0
19,046,0001,031A,190460001031A,2149,3.3324384599156054
19,046,0001,0324,1904600010324,2214,3.3453737305590883
19,046,0001,0339,1904600010339,1314,3.1189257528257768
19,046,0001,0343,1904600010343,5532,3.7429606702141522
19,046,0001,0362,1904600010362,5505,3.7408362070573116
19,046,0001,0381,1904600010381,3251,3.5121505369220305
19,046,0001,0413,1904600010413,4002,3.602385590105105
19,046,0001,0447,1904600010447,4132,3.616265405281708
19,046,0001,0466,1904600010466,2212,3.344981413927258
19,046,0001,0485,1904600010485,3150,3.4984484031739997
19,046,0001,049A,190460001049A,2827,3.4514794051248616
19,046,0001,0536,1904600010536,4997,3.6987962517904314
19,046,0001,0540,1904600010540,4952,3.694868327982456
19,046,0001,0555,1904600010555,0,0.0
19,046,0001,0593,1904600010593,5785,3.762378429311964
19,046,0001,0610,1904600010610,4819,3.6830470382388496
19,046,0001,0625,1904600010625,684,2.8356905714924254
19,046,0001,0659,1904600010659,0,0.0
19,046,0001,0663,1904600010663,198,2.298853076409707
19,046,0001,0682,1904600010682,6498,3.812846536967071
19,046,0001,070A,190460001070A,1273,3.1051694279993316
19,046,0001,0714,1904600010714,3666,3.5643109099606027
19,046,0001,0729,1904600010729,0,0.0
19,046,0001,0752,1904600010752,2043,3.3104808914626753
19,046,0001,0786,1904600010786,4690,3.6712654329471586
19,046,0001,0790,1904600010790,0,0.0
19,046,0001,0822,1904600010822,1808,3.257438566859814
19,046,0001,0841,1904600010841,2675,3.4274861090957853
19,046,0001,0856,1904600010856,5049,3.7032913781186614
19,046,0001,0860,1904600010860,3290,3.5173278822943734
19,046,0001,0875,1904600010875,3785,3.5781806096277777
19,046,0001,088A,190460001088A,4232,3.6266482684740105
19,046,0001,0894,1904600010894,2806,3.448242412634439
19,046,0001,0907,1904600010907,3550,3.5503506723016156
19,046,0001,0926,1904600010926,5007,3.6996643202023733
19,046,0001,0930,1904600010930,3021,3.4802944600030066
19,046,0001,0945,1904600010945,3597,3.5560611590095323
19,046,0001,095A,190460001095A,3265,3.5140161804006493
19,046,0001,0979,1904600010979,2747,3.4390167283875126
19,046,0001,0998,1904600010998,5855,3.7676010680503356
19,046,0001,1002,1904600011002,3262,3.513617073787875
19,046,0001,1017,1904600011017,4599,3.662757831681574
19,046,0001,1021,1904600011021,4072,3.609914410085998
19,046,0001,1040,1904600011040,3276,3.515476441382376
19,046,0001,1055,1904600011055,7096,3.851074805228887
19,046,0001,106A,190460001106A,1152,3.061829307294699
19,046,0001,1074,1904600011074,4901,3.690373306916059
19,046,0001,1089,1904600011089,3306,3.519434194913703
19,046,0001,1093,1904600011093,3302,3.518908573691414
19,046,0001,1106,1904600011106,3881,3.589055531052344
19,046,0001,1110,1904600011110,3018,3.479863113023098
19,046,0001,1125,1904600011125,3318,3.521007252408604
19,046,0001,113A,190460001113A,3513,3.545801757159276
19,046,0001,1144,1904600011144,3223,3.508395033133053
19,046,0001,1159,1904600011159,4682,3.6705241577820797
19,046,0001,1163,1904600011163,4463,3.6497241859295224
19,046,0001,1178,1904600011178,2288,3.359645792674543
19,046,0001,1182,1904600011182,2567,3.4095950193968156
19,046,0001,1197,1904600011197,2285,3.359076226059263
19,046,0001,120A,190460001120A,3141,3.4972061807039547
19,046,0001,1214,1904600011214,2395,3.3794868137172736
19,046,0001,1229,1904600011229,3808,3.580810972660946
19,046,0001,1233,1904600011233,3010,3.4787107555127594
19,046,0001,1248,1904600011248,3448,3.5376931943673906
19,046,0001,1252,1904600011252,3638,3.5609820555862353
19,046,0001,1267,1904600011267,3908,3.5920656704322473
19,046,0001,1271,1904600011271,3393,3.530711837981657
19,046,0001,1286,1904600011286,2603,3.4156409798961542
19,046,0001,1290,1904600011290,3613,3.557988148224913
19,046,0001,1303,1904600011303,4255,3.6290016192869916
19,046,0001,1318,1904600011318,2617,3.417969642214737
19,046,0001,1322,1904600011322,3209,3.506505032404872
19,046,0001,1341,1904600011341,3608,3.5573868820595074
19,046,0001,1356,1904600011356,5344,3.727947709544797
19,046,0001,1375,1904600011375,5964,3.775610448006361
19,046,0001,138A,190460001138A,2330,3.3675422735205767
19,046,0001,1394,1904600011394,2495,3.397244581010386
19,046,0001,1407,1904600011407,3464,3.5397032389478253
19,046,0001,1426,1904600011426,3335,3.523226041965701
19,046,0001,1430,1904600011430,4835,3.6844862921887342
19,046,0001,1445,1904600011445,2396,3.379668034033654
19,046,0001,145A,190460001145A,4010,3.6032526619816467
19,046,0001,1464,1904600011464,3269,3.514547752660286
19,046,0001,1479,1904600011479,2267,3.355643050220869
19,046,0001,1483,1904600011483,2026,3.3068537486930087
19,046,0001,1498,1904600011498,3212,3.506910725551518
19,046,0001,1500,1904600011500,4575,3.6604860157849677
19,046,0001,1515,1904600011515,1791,3.2533380053261065
19,046,0001,152A,190460001152A,3396,3.531095546870028
19,046,0001,1534,1904600011534,5740,3.7589875468676195
19,046,0001,1549,1904600011549,4515,3.6547539332529304
19,046,0001,1568,1904600011568,4996,3.698709349442587
19,046,0001,1572,1904600011572,4541,3.6572471298837166
19,046,0001,1587,1904600011587,2786,3.445136968713304
19,046,0001,1591,1904600011591,3387,3.5299434016586693
19,046,0001,1604,1904600011604,3298,3.518382315545344
19,046,0001,1619,1904600011619,3765,3.575880315680646
19,046,0001,1623,1904600011623,4225,3.6259294927162946
19,046,0001,1638,1904600011638,4053,3.60788374435699
19,046,0001,1642,1904600011642,2601,3.4153072922255676
19,046,0001,1657,1904600011657,3567,3.5524248457040857
19,046,0001,1661,1904600011661,282,2.45178643552429
19,046,0001,1676,1904600011676,362,2.5599066250361124
19,046,0001,1708,1904600011708,1763,3.246498580795801
19,046,0001,1712,1904600011712,3272,3.5149460053080044
19,046,0001,1727,1904600011727,3412,3.533136288278639
19,046,0001,1731,1904600011731,3017,3.479719235439571
19,046,0001,1746,1904600011746,3218,3.5077209766856137
19,046,0001,1750,1904600011750,4162,3.619406410886777
19,046,0001,1765,1904600011765,3860,3.586699801624049
19,046,0001,177A,190460001177A,2611,3.4169731726030363
19,047,0001,0069,1904700010069,1522,3.1826999033360424
19,047,0001,0073,1904700010073,1069,3.0293837776852097
19,047,0001,0088,1904700010088,1140,3.0572856444182146
19,047,0001,0092,1904700010092,1335,3.125806458139527
19,047,0001,0105,1904700010105,1004,3.002166061756508
19,047,0001,011A,190470001011A,663,2.8221680793680175
19,047,0001,0124,1904700010124,478,2.680335513414563
19,047,0001,0139,1904700010139,2434,3.386498965550653
19,047,0001,0158,1904700010158,846,2.9278834103307068
19,047,0001,0162,1904700010162,534,2.7283537820212285
19,047,0001,0177,1904700010177,464,2.667452952889954
19,047,0001,0181,1904700010181,71,1.8573324964312685
19,047,0001,0196,1904700010196,680,2.833147111912785
19,047,0001,0209,1904700010209,434,2.6384892569546374
19,047,0001,0213,1904700010213,280,2.44870631990508
19,047,0001,0228,1904700010228,265,2.424881636631067
19,047,0001,0232,1904700010232,104,2.0211892990699383
19,047,0001,0247,1904700010247,206,2.315970345456918
19,047,0001,0251,1904700010251,88,1.9493900066449128
19,047,0001,0266,1904700010266,0,0.0
19,047,0001,0270,1904700010270,117,2.0718820073061255
19,047,0001,0285,1904700010285,182,2.2624510897304293
19,047,0001,029A,190470001029A,842,2.9258275746247424
19,047,0001,0302,1904700010302,1214,3.084576277934331
19,047,0001,0317,1904700010317,47,1.6812412373755872
19,047,0001,0321,1904700010321,38,1.591064607026499
19,048,0001,0013,1904800010013,0,0.0
19,048,0001,016A,190480001016A,2350,3.3712526291249394
19,048,0001,0189,1904800010189,3841,3.584557360525675
19,048,0001,0193,1904800010193,2100,3.3224260524059526
19,048,0001,0210,1904800010210,4330,3.636588183729842
19,048,0001,0225,1904800010225,3721,3.570776368794748
19,048,0001,023A,190480001023A,3696,3.5678494505731067
19,048,0001,0263,1904800010263,4712,3.6732974397596356
19,048,0001,0282,1904800010282,1212,3.083860800866573
19,048,0001,0329,1904800010329,3826,3.5828584622244994
19,048,0001,0333,1904800010333,4092,3.6120417446452695
19,048,0001,0348,1904800010348,3729,3.571708831808688
19,048,0001,0352,1904800010352,0,0.0
19,048,0001,0390,1904800010390,4191,3.6224212739756703
19,048,0001,0403,1904800010403,3036,3.4824447919182653
19,048,0001,0422,1904800010422,4305,3.6340740254874686
19,048,0001,0441,1904800010441,2106,3.3236645356081
19,048,0001,0475,1904800010475,2582,3.412124406173317
19,048,0001,048A,190480001048A,2463,3.3916407034923877
19,048,0001,0494,1904800010494,2174,3.337459261290656
19,048,0001,0511,1904800010511,2276,3.3573630306151427
19,048,0001,0526,1904800010526,1423,3.1535099893008374
19,048,0001,0545,1904800010545,3891,3.5901728315963144
19,048,0001,055A,190480001055A,2007,3.3027637084729817
19,048,0001,0564,1904800010564,3792,3.5789828427027905
19,048,0001,0579,1904800010579,3175,3.5018804937550585
19,048,0001,0583,1904800010583,3201,3.505421327583281
19,048,0001,0600,1904800010600,2676,3.4276483711869328
19,048,0001,0615,1904800010615,2141,3.330819466495837
19,048,0001,062A,190480001062A,4412,3.6447339274471924
19,048,0001,0761,1904800010761,1327,3.1231980750319988
19,048,0001,0776,1904800010776,352,2.5477747053878224
19,048,0001,0808,1904800010808,4385,3.642068627341504
19,048,0001,0812,1904800010812,3952,3.5969268143429707
19,048,0001,0827,1904800010827,4230,3.6264430253312945
19,048,0001,0831,1904800010831,1871,3.2723058444020863
19,048,0001,0865,1904800010865,5115,3.7089305358066165
19,048,0001,087A,190480001087A,4706,3.672744198306599
19,048,0001,0899,1904800010899,3584,3.554489160003819
19,048,0001,0901,1904800010901,3266,3.514149134475437
19,048,0001,0916,1904800010916,3730,3.571825249040829
19,048,0001,0920,1904800010920,3506,3.5449357658815024
19,048,0001,0935,1904800010935,4887,3.689131197234498
19,048,0001,094A,190480001094A,2551,3.4068806700491248
19,048,0001,0954,1904800010954,0,0.0
19,048,0001,0969,1904800010969,1020,3.0090257420869104
19,048,0001,0973,1904800010973,2857,3.4560622244549513
19,048,0001,0988,1904800010988,2443,3.3881012015705165
19,048,0001,0992,1904800010992,5494,3.7399676967595092
19,048,0001,1007,1904800011007,5245,3.7198282862543346
19,048,0001,1011,1904800011011,51,1.7160033436347992
19,048,0001,1030,1904800011030,1744,3.241795431295199
19,048,0001,1045,1904800011045,4103,3.61320735210376
19,048,0001,105A,190480001105A,4585,3.66143405039392
19,048,0001,1064,1904800011064,5018,3.700617195682057
19,048,0001,1100,1904800011100,752,2.8767949762007006
19,048,0001,112A,190480001112A,5038,3.7023443583557687
19,048,0001,1134,1904800011134,22,1.3617278360175928
19,048,0001,1149,1904800011149,1859,3.2695129442179165
19,048,0001,1153,1904800011153,798,2.902546779313991
19,048,0001,1168,1904800011168,1022,3.00987563371216
19,048,0001,1172,1904800011172,3329,3.5224442335063197
19,048,0001,1187,1904800011187,6516,3.8140477209955996
19,048,0001,1191,1904800011191,2433,3.386320573894046
19,048,0001,1204,1904800011204,3355,3.5258219521566625
19,048,0001,1219,1904800011219,2883,3.4599952560473914
19,048,0001,1223,1904800011223,4805,3.6817837664678814
19,048,0001,1238,1904800011238,4055,3.6080979463252794
19,048,0001,1242,1904800011242,3757,3.5749567757645067
19,048,0001,1257,1904800011257,4084,3.6111920608684343
19,048,0001,1261,1904800011261,2935,3.467756051244033
19,048,0001,1276,1904800011276,2114,3.325310371711061
19,048,0001,1280,1904800011280,2562,3.408748606184244
19,048,0001,1295,1904800011295,2253,3.3529539117100877
19,048,0001,1308,1904800011308,2231,3.348694190265541
19,048,0001,1312,1904800011312,7541,3.8774865280696016
19,048,0001,1327,1904800011327,2954,3.4705574852172743
19,048,0001,1331,1904800011331,3552,3.550595207489328
19,048,0001,1346,1904800011346,3204,3.5058280338548364
19,048,0001,1350,1904800011350,3386,3.5298151966446305
19,048,0001,1365,1904800011365,2986,3.475235222604128
19,048,0001,137A,190480001137A,3160,3.49982449583958
19,048,0001,1384,1904800011384,2760,3.4410664066392633
19,048,0001,1399,1904800011399,511,2.709269960975831
19,048,0001,1401,1904800011401,1083,3.0350292822023683
19,048,0001,1416,1904800011416,2911,3.4641913706409997
19,048,0001,1420,1904800011420,1325,3.1225435240687545
19,048,0001,1435,1904800011435,6019,3.7795964912578244
19,048,0001,144A,190480001144A,6413,3.8071289555924217
19,048,0001,1454,1904800011454,712,2.8530895298518657
19,048,0001,1469,1904800011469,83,1.9242792860618816
19,048,0001,1473,1904800011473,3642,3.561459171241916
19,048,0001,1488,1904800011488,3819,3.582063362911709
19,048,0001,1492,1904800011492,1217,3.0856472882968564
19,048,0001,1505,1904800011505,1826,3.2617385473525378
19,048,0001,151A,190480001151A,1862,3.2702128548962426
19,048,0001,1524,1904800011524,899,2.9542425094393248
19,048,0001,1539,1904800011539,3485,3.5423273827739745
19,048,0001,1543,1904800011543,548,2.739572344450092
19,048,0001,1558,1904800011558,2,0.47712125471966244
19,048,0001,1562,1904800011562,2321,3.365862215402555
19,048,0001,1577,1904800011577,171,2.2355284469075487
19,048,0001,1581,1904800011581,3338,3.523616419054371
19,048,0001,1596,1904800011596,2845,3.4542348957482654
19,048,0001,1609,1904800011609,1107,3.044539760392411
19,048,0001,1613,1904800011613,0,0.0
19,048,0001,1628,1904800011628,1568,3.1956229435869368
19,048,0001,1632,1904800011632,619,2.792391689498254
19,048,0001,1647,1904800011647,1296,3.11293997608408
19,048,0001,1651,1904800011651,535,2.72916478969277
19,048,0001,1666,1904800011666,67,1.8325089127062364
19,048,0001,1685,1904800011685,0,0.0
19,048,0001,1702,1904800011702,0,0.0
19,049,0001,010A,190490001010A,875,2.9425041061680806
19,049,0001,0114,1904900010114,1618,3.2092468487533736
19,049,0001,0129,1904900010129,1333,3.12515582958053
19,049,0001,0133,1904900010133,1483,3.171433900943008
19,049,0001,0148,1904900010148,1636,3.2140486794119414
19,049,0001,0152,1904900010152,928,2.968015713993642
19,049,0001,0167,1904900010167,2734,3.4369573306694496
19,049,0001,0171,1904900010171,2589,3.413299764081252
19,049,0001,0186,1904900010186,1277,3.1065308538223815
19,049,0001,0190,1904900010190,1474,3.1687920203141817
19,049,0001,0203,1904900010203,3331,3.52270499273475
19,049,0001,0218,1904900010218,1467,3.166726055580052
19,049,0001,0222,1904900010222,935,2.971275848738105
19,049,0001,0237,1904900010237,1834,3.263636068588108
19,049,0001,0241,1904900010241,1422,3.153204900084284
19,049,0001,0256,1904900010256,1123,3.0507663112330423
19,049,0001,0260,1904900010260,841,2.9253120914996495
19,049,0001,0275,1904900010275,362,2.5599066250361124
19,049,0001,028A,190490001028A,863,2.936513742478893
19,049,0001,0294,1904900010294,5,0.7781512503836436
19,049,0001,0307,1904900010307,747,2.8739015978644615
19,049,0001,0311,1904900010311,88,1.9493900066449128
19,049,0001,0326,1904900010326,2185,3.339650157613684
19,049,0001,0330,1904900010330,1471,3.16790781000148
19,049,0001,0345,1904900010345,461,2.6646419755561257
19,049,0001,0379,1904900010379,1837,3.2643455070500926
19,049,0001,0383,1904900010383,330,2.519827993775719
19,049,0001,042A,190490001042A,669,2.8260748027008264
19,049,0001,0434,1904900010434,545,2.7371926427047373
19,049,0001,0449,1904900010449,131,2.12057393120585
19,049,0001,0453,1904900010453,851,2.9304395947667
19,049,0001,0468,1904900010468,912,2.960470777534299
19,049,0001,0472,1904900010472,542,2.734799829588847
19,049,0001,0487,1904900010487,116,2.0681858617461617
19,049,0001,0491,1904900010491,1174,3.070037866607755
19,049,0001,0504,1904900010504,639,2.806179973983887
19,049,0001,0519,1904900010519,104,2.0211892990699383
19,049,0001,0523,1904900010523,174,2.2430380486862944
19,049,0001,0538,1904900010538,28,1.462397997898956
19,049,0001,0542,1904900010542,125,2.100370545117563
19,049,0001,0557,1904900010557,141,2.1522883443830563
19,049,0001,0561,1904900010561,828,2.9185545305502734
19,049,0001,0576,1904900010576,115,2.0644579892269186
19,049,0001,0580,1904900010580,24,1.3979400086720377
19,049,0001,0595,1904900010595,4,0.6989700043360189
19,049,0001,0608,1904900010608,190,2.2810333672477277
19,049,0001,0612,1904900010612,8,0.9542425094393249
19,049,0001,0631,1904900010631,3,0.6020599913279624
19,049,0001,0646,1904900010646,220,2.3443922736851106
19,049,0001,0650,1904900010650,8,0.9542425094393249
19,049,0001,0665,1904900010665,131,2.12057393120585
19,049,0001,067A,190490001067A,88,1.9493900066449128
19,050,0001,0223,1905000010223,225,2.3541084391474008
19,050,0001,044A,190500001044A,116,2.0681858617461617
19,050,0001,0454,1905000010454,88,1.9493900066449128
19,050,0001,0469,1905000010469,4,0.6989700043360189
19,050,0001,0473,1905000010473,116,2.0681858617461617
19,051,0001,0146,1905100010146,581,2.7649229846498886
19,051,0001,0150,1905100010150,642,2.808210972924222
19,051,0001,017A,190510001017A,352,2.5477747053878224
19,051,0001,0235,1905100010235,138,2.143014800254095
19,051,0001,024A,190510001024A,45,1.662757831681574
19,051,0001,0254,1905100010254,40,1.6127838567197355
19,051,0001,0269,1905100010269,1,0.3010299956639812
19,051,0001,0273,1905100010273,424,2.6283889300503116
19,051,0001,0288,1905100010288,266,2.4265112613645754
19,051,0001,0292,1905100010292,11,1.0791812460476249
19,051,0001,0305,1905100010305,41,1.6232492903979006
19,051,0001,031A,190510001031A,0,0.0
19,051,0001,0324,1905100010324,30,1.4913616938342726
19,051,0001,0339,1905100010339,7,0.9030899869919435
