ENTIDAD,MUN,LOC,AGEB,CVEGEO,POBTOT,log_POBTOT
20,001,0001,0039,2000100010039,841,2.9253120914996495
20,002,0001,0178,2000200010178,1153,3.0622058088197126
20,002,0001,020A,200020001020A,898,2.9537596917332287
20,002,0001,0233,2000200010233,916,2.962369335670021
20,002,0001,0248,2000200010248,1265,3.1024337056813365
20,002,0001,038A,200020001038A,1020,3.0090257420869104
20,002,0001,0394,2000200010394,1071,3.030194785356751
20,002,0001,0430,2000200010430,18,1.2787536009528289
20,002,0012,0093,2000200120093,2509,3.399673721481038
20,002,0037,0252,2000200370252,663,2.8221680793680175
20,002,0037,0267,2000200370267,958,2.9818186071706636
20,002,0037,0271,2000200370271,737,2.8680563618230415
20,002,0037,0360,2000200370360,292,2.4668676203541096
20,002,0037,0375,2000200370375,62,1.7993405494535817
20,002,0037,0407,2000200370407,124,2.0969100130080562
20,002,0037,0411,2000200370411,195,2.292256071356476
20,002,0037,0426,2000200370426,27,1.4471580313422192
20,002,0037,0445,2000200370445,42,1.6334684555795864
20,002,0037,045A,200020037045A,0,0.0
20,002,0039,013A,200020039013A,1364,3.1351326513767748
20,002,0039,0286,2000200390286,901,2.9552065375419416
20,002,0039,0290,2000200390290,675,2.829946695941636
20,002,0039,0303,2000200390303,1319,3.12057393120585
20,002,0039,0318,2000200390318,1261,3.1010593549081156
20,002,0039,0322,2000200390322,768,2.885926339801431
20,002,0039,0337,2000200390337,696,2.8432327780980096
20,002,0039,0464,2000200390464,0,0.0
20,002,0039,0479,2000200390479,34,1.5440680443502757
20,002,0039,0483,2000200390483,0,0.0
20,002,0039,0498,2000200390498,6,0.8450980400142568
20,003,0001,0052,2000300010052,544,2.7363965022766426
20,003,0001,0067,2000300010067,241,2.383815365980431
20,004,0001,0030,2000400010030,496,2.696356388733332
20,004,0001,0045,2000400010045,400,2.603144372620182
20,004,0001,0064,2000400010064,134,2.130333768495006
20,005,0001,0023,2000500010023,1528,3.1844074854123203
20,005,0001,0131,2000500010131,864,2.9370161074648142
20,005,0001,0146,2000500010146,477,2.6794278966121188
20,005,0001,0254,2000500010254,1280,3.1075491297446862
20,005,0001,0269,2000500010269,1651,3.218010042984363
20,005,0001,0273,2000500010273,867,2.938519725176492
20,005,0001,0288,2000500010288,949,2.9777236052888476
20,006,0001,0035,2000600010035,426,2.630427875025024
20,006,0001,0088,2000600010088,1972,3.295127085252191
20,006,0001,0092,2000600010092,2587,3.4129642719966626
20,006,0001,011A,200060001011A,2154,3.3334472744967503
20,006,0001,0124,2000600010124,2038,3.30941722577814
20,006,0001,0139,2000600010139,1415,3.15106325335375
20,006,0001,0143,2000600010143,2435,3.3866772839608377
20,006,0001,0158,2000600010158,2190,3.3406423775607053
20,006,0001,0162,2000600010162,307,2.4885507165004443
20,006,0001,0177,2000600010177,43,1.6434526764861874
20,006,0001,0181,2000600010181,240,2.3820170425748683
20,006,0001,0196,2000600010196,44,1.6532125137753437
20,007,0001,0032,2000700010032,1269,3.103803720955957
20,007,0001,0047,2000700010047,1044,3.019116290447073
20,007,0001,0051,2000700010051,37,1.5797835966168101
20,008,0001,0044,2000800010044,432,2.6364878963533656
20,009,0001,0060,2000900010060,1902,3.2794387882870204
20,009,0001,0075,2000900010075,1871,3.2723058444020863
20,009,0001,008A,200090001008A,18,1.2787536009528289
20,009,0001,0094,2000900010094,64,1.8129133566428555
20,009,0001,0107,2000900010107,7,0.9030899869919435
20,009,0001,0111,2000900010111,21,1.3424226808222062
20,010,0001,0146,2001000010146,969,2.9867717342662448
20,010,0001,0150,2001000010150,1395,3.144885418287142
20,010,0001,0184,2001000010184,35,1.5563025007672873
20,010,0008,0080,2001000080080,372,2.571708831808688
20,010,0065,0165,2001000650165,1157,3.0637085593914173
20,010,0065,017A,200100065017A,1401,3.14674801363064
20,011,0001,0020,2001100010020,386,2.5877109650189114
20,011,0001,0035,2001100010035,88,1.9493900066449128
20,011,0001,004A,200110001004A,133,2.1271047983648077
20,012,0001,0032,2001200010032,1351,3.130976691605617
20,012,0001,0047,2001200010047,973,2.9885589568786157
20,013,0001,003A,200130001003A,1580,3.198931869932209
20,013,0001,0044,2001300010044,1400,3.1464381352857744
20,014,0001,0022,2001400010022,2345,3.3703280077795106
20,014,0001,0037,2001400010037,1211,3.0835026198302673
20,014,0001,0041,2001400010041,1417,3.151676230847048
20,014,0001,0075,2001400010075,1854,3.268343913951065
20,014,0001,0107,2001400010107,970,2.9872192299080047
20,014,0001,0111,2001400010111,892,2.9508514588885464
20,014,0001,0130,2001400010130,1043,3.0187004986662433
20,014,0001,015A,200140001015A,1929,3.285557309007774
20,014,0001,0164,2001400010164,2833,3.4523998459114416
20,014,0001,0179,2001400010179,1360,3.133858125203335
20,014,0001,0183,2001400010183,1855,3.268577971882843
20,014,0001,0198,2001400010198,582,2.765668554759014
20,014,0001,0200,2001400010200,1898,3.2785249647370174
20,014,0001,0215,2001400010215,1697,3.229937685907934
20,014,0001,022A,200140001022A,577,2.761927838420529
20,014,0001,0234,2001400010234,37,1.5797835966168101
20,014,0001,0249,2001400010249,1870,3.27207378750001
20,014,0001,0253,2001400010253,1448,3.1610683854711747
20,014,0001,0268,2001400010268,54,1.7403626894942439
20,014,0001,0272,2001400010272,142,2.155336037465062
20,015,0001,0049,2001500010049,1288,3.110252917353403
20,015,0001,0053,2001500010053,1904,3.279894980011638
20,015,0001,0068,2001500010068,0,0.0
20,016,0001,0046,2001600010046,388,2.5899496013257077
20,016,0001,0050,2001600010050,414,2.6180480967120925
20,016,0001,0065,2001600010065,949,2.9777236052888476
20,016,0001,007A,200160001007A,542,2.734799829588847
20,017,0001,0024,2001700010024,752,2.8767949762007006
20,018,0001,0040,2001800010040,277,2.444044795918076
20,019,0001,0048,2001900010048,645,2.8102325179950842
20,020,0001,0034,2002000010034,714,2.8543060418010806
20,020,0001,0049,2002000010049,640,2.8068580295188172
20,020,0001,0053,2002000010053,237,2.376576957056512
20,020,0001,0068,2002000010068,33,1.5314789170422551
20,020,0001,0072,2002000010072,122,2.089905111439398
20,020,0001,0087,2002000010087,114,2.060697840353612
20,021,0001,0046,2002100010046,3067,3.4868553552769432
20,021,0001,007A,200210001007A,1696,3.229681842317676
20,021,0001,0084,2002100010084,2045,3.3109056293761414
20,021,0001,0116,2002100010116,1319,3.12057393120585
20,021,0001,0120,2002100010120,100,2.0043213737826426
20,021,0001,0135,2002100010135,59,1.7781512503836436
20,021,0001,014A,200210001014A,39,1.6020599913279623
20,022,0001,0039,2002200010039,430,2.6344772701607315
20,023,0001,0036,2002300010036,6243,3.79546289439038
20,023,0001,0040,2002300010040,1833,3.263399331334002
20,023,0001,0055,2002300010055,3714,3.569958818096594
20,023,0001,006A,200230001006A,3423,3.5345337560051155
20,023,0001,0074,2002300010074,74,1.8750612633917
20,023,0001,0089,2002300010089,59,1.7781512503836436
20,023,0001,0093,2002300010093,0,0.0
20,023,0001,0106,2002300010106,417,2.621176281775035
20,024,0001,0029,2002400010029,918,2.9633155113861114
20,025,0001,0026,2002500010026,2338,3.3690302218091532
20,025,0001,0030,2002500010030,1876,3.273464272621346
20,025,0001,005A,200250001005A,1571,3.196452541703389
20,025,0001,0064,2002500010064,2206,3.343802333161655
20,025,0001,0079,2002500010079,722,2.859138297294531
20,025,0001,0083,2002500010083,1027,3.011993114659257
20,025,0001,0098,2002500010098,1314,3.1189257528257768
20,026,0001,0057,2002600010057,1276,3.1061908972634154
20,026,0001,0061,2002600010061,417,2.621176281775035
20,026,0001,0076,2002600010076,1044,3.019116290447073
20,027,0001,0035,2002700010035,1462,3.1652443261253107
20,028,0001,0028,2002800010028,1486,3.172310968521954
20,028,0001,0117,2002800010117,775,2.8898617212581885
20,028,0001,0121,2002800010121,975,2.9894498176666917
20,028,0001,0140,2002800010140,3355,3.5258219521566625
20,028,0001,0155,2002800010155,106,2.0293837776852097
20,028,0001,016A,200280001016A,2081,3.3184807251745174
20,028,0001,0174,2002800010174,2297,3.3613500243522663
20,028,0001,0189,2002800010189,86,1.9395192526186185
20,028,0001,0193,2002800010193,7,0.9030899869919435
20,029,0001,003A,200290001003A,901,2.9552065375419416
20,030,0001,005A,200300001005A,927,2.967547976218862
20,030,0001,0064,2003000010064,1747,3.2425414282983844
20,030,0001,0079,2003000010079,1787,3.2523675144598987
20,030,0001,0083,2003000010083,1687,3.2273724422896364
20,030,0001,0098,2003000010098,1714,3.2342641243787895
20,030,0001,0100,2003000010100,257,2.41161970596323
20,030,0001,0115,2003000010115,6,0.8450980400142568
20,031,0001,0038,2003100010038,1605,3.205745540942662
20,031,0001,0042,2003100010042,1371,3.137354111370733
20,031,0001,0057,2003100010057,10,1.0413926851582251
20,031,0001,0061,2003100010061,9,1.0
20,031,0001,0076,2003100010076,25,1.414973347970818
20,032,0001,0020,2003200010020,305,2.48572142648158
20,033,0001,0028,2003300010028,2017,3.3049211619008916
20,034,0001,003A,200340001003A,110,2.0453229787866576
20,034,0001,0044,2003400010044,48,1.6901960800285136
20,034,0001,0059,2003400010059,380,2.5809249756756194
20,034,0001,0063,2003400010063,245,2.3909351071033793
20,035,0001,0022,2003500010022,616,2.7902851640332416
20,036,0001,0068,2003600010068,1499,3.1760912590556813
20,037,0001,0046,2003700010046,928,2.968015713993642
20,037,0001,0050,2003700010050,32,1.5185139398778875
20,037,0001,0065,2003700010065,16,1.2304489213782739
20,038,0001,0043,2003800010043,893,2.951337518795918
20,038,0001,0058,2003800010058,840,2.924795995797912
20,038,0001,0062,2003800010062,19,1.3010299956639813
20,039,0001,0110,2003900010110,2916,3.4649364291217326
20,039,0001,0125,2003900010125,2938,3.4681995860726125
20,039,0001,013A,200390001013A,1688,3.227629649571009
20,039,0001,0159,2003900010159,3256,3.512817758564873
20,039,0001,0163,2003900010163,2136,3.3298045221640695
20,039,0001,0182,2003900010182,1527,3.184123354239671
20,039,0001,0197,2003900010197,2063,3.314709692955174
20,039,0001,0229,2003900010229,2002,3.3016809492935764
20,039,0001,0303,2003900010303,1586,3.2005769267548483
20,039,0001,0318,2003900010318,2154,3.3334472744967503
20,039,0001,0337,2003900010337,1406,3.1482940974347455
20,039,0001,0356,2003900010356,1622,3.210318519826232
20,039,0001,0360,2003900010360,1822,3.2607866686549762
20,039,0001,0375,2003900010375,1049,3.0211892990699383
20,039,0001,038A,200390001038A,1252,3.09795107099415
20,039,0001,0394,2003900010394,1321,3.1212314551496214
20,039,0001,0407,2003900010407,847,2.9283958522567137
20,039,0001,0411,2003900010411,1172,3.0692980121155293
20,039,0001,0426,2003900010426,2744,3.4385423487861106
20,039,0001,0430,2003900010430,2041,3.3100557377508912
20,039,0001,0445,2003900010445,1288,3.110252917353403
20,039,0001,045A,200390001045A,1003,3.0017337128090005
20,039,0001,0464,2003900010464,299,2.4771212547196626
20,039,0001,0479,2003900010479,118,2.0755469613925306
20,039,0001,0483,2003900010483,41,1.6232492903979006
20,039,0001,0498,2003900010498,612,2.787460474518415
20,039,0001,0500,2003900010500,254,2.406540180433955
20,039,0001,0515,2003900010515,2548,3.4063698354692673
20,039,0001,052A,200390001052A,1634,3.2135177569963047
20,039,0001,0534,2003900010534,831,2.920123326290724
20,039,0001,0549,2003900010549,1063,3.0269416279590295
20,039,0001,0553,2003900010553,1260,3.1007150865730817
20,039,0001,0568,2003900010568,1595,3.2030328870147105
20,039,0001,0572,2003900010572,716,2.8555191556678
20,039,0001,0587,2003900010587,1281,3.1078880251827985
20,039,0001,0591,2003900010591,1841,3.26528962586083
20,039,0001,0604,2003900010604,9,1.0
20,039,0001,0619,2003900010619,0,0.0
20,039,0001,0623,2003900010623,31,1.505149978319906
20,039,0001,0638,2003900010638,22,1.3617278360175928
20,039,0001,0642,2003900010642,65,1.8195439355418688
20,039,0001,0657,2003900010657,136,2.1367205671564067
20,039,0001,0661,2003900010661,19,1.3010299956639813
20,039,0001,0676,2003900010676,211,2.326335860928751
20,039,0001,0680,2003900010680,155,2.1931245983544616
20,039,0001,0695,2003900010695,335,2.526339277389844
20,039,0001,0708,2003900010708,98,1.99563519459755
20,039,0001,0712,2003900010712,103,2.0170333392987803
20,039,0001,0727,2003900010727,81,1.9138138523837167
20,039,0001,0731,2003900010731,327,2.515873843711679
20,039,0001,0746,2003900010746,30,1.4913616938342726
20,039,0001,0750,2003900010750,0,0.0
20,039,0001,0765,2003900010765,20,1.3222192947339193
20,039,0001,077A,200390001077A,27,1.4471580313422192
20,039,0001,0784,2003900010784,351,2.546542663478131
20,039,0001,0799,2003900010799,0,0.0
20,039,0001,0801,2003900010801,3,0.6020599913279624
20,039,0001,0816,2003900010816,66,1.8260748027008264
20,039,0001,0820,2003900010820,44,1.6532125137753437
20,039,0001,0835,2003900010835,25,1.414973347970818
20,039,0001,084A,200390001084A,6,0.8450980400142568
20,039,0001,0854,2003900010854,11,1.0791812460476249
20,039,0001,0869,2003900010869,2,0.47712125471966244
20,039,0001,0873,2003900010873,25,1.414973347970818
20,039,0001,0888,2003900010888,35,1.5563025007672873
20,040,0001,0022,2004000010022,1859,3.2695129442179165
20,041,0001,0053,2004100010053,1044,3.019116290447073
20,041,0001,0068,2004100010068,1721,3.236033147117636
20,041,0001,0072,2004100010072,2158,3.334252642334231
20,041,0001,0087,2004100010087,2582,3.412124406173317
20,041,0001,0091,2004100010091,2310,3.3637999454791094
20,041,0001,0104,2004100010104,2667,3.426185825244511
20,041,0013,0123,2004100130123,1885,3.2755416884013098
20,042,0001,0084,2004200010084,1711,3.2335037603411343
20,042,0001,014A,200420001014A,941,2.9740509027928774
20,042,0001,0154,2004200010154,698,2.8444771757456815
20,043,0001,0096,2004300010096,4526,3.655810494495252
20,043,0001,0274,2004300010274,3491,3.543074235033532
20,043,0001,0289,2004300010289,6627,3.821382499747299
20,043,0001,0325,2004300010325,2846,3.454387467146955
20,043,0001,0344,2004300010344,2365,3.3740147402919116
20,043,0001,0359,2004300010359,2323,3.366236123718293
20,043,0001,0363,2004300010363,1950,3.2902572693945182
20,043,0001,0382,2004300010382,5889,3.7701152947871015
20,043,0001,040A,200430001040A,5786,3.762453482363547
20,043,0001,0429,2004300010429,3392,3.530583859645118
20,043,0001,0452,2004300010452,991,2.9965116721541785
20,043,0001,0556,2004300010556,2590,3.413467412985825
20,043,0001,0611,2004300010611,2634,3.4207806195485655
20,043,0001,0626,2004300010626,1903,3.2796669440484556
20,043,0001,0630,2004300010630,2237,3.3498600821923312
20,043,0001,0683,2004300010683,2646,3.422753941301348
20,043,0001,0700,2004300010700,1988,3.2986347831244354
20,043,0001,0715,2004300010715,2506,3.3991543339582164
20,043,0001,072A,200430001072A,4283,3.631849462159818
20,043,0001,0734,2004300010734,2496,3.397418542351348
20,043,0001,0749,2004300010749,464,2.667452952889954
20,043,0001,0753,2004300010753,1634,3.2135177569963047
20,043,0001,0768,2004300010768,1737,3.2400497721126476
20,043,0001,0772,2004300010772,26,1.4313637641589874
20,043,0001,0791,2004300010791,1731,3.2385478876813276
20,043,0001,0804,2004300010804,399,2.6020599913279625
20,043,0001,0819,2004300010819,1307,3.1166077439882485
20,043,0001,0838,2004300010838,3984,3.600428325732131
20,043,0001,0842,2004300010842,1640,3.215108581053093
20,043,0001,0857,2004300010857,1069,3.0293837776852097
20,043,0001,0895,2004300010895,730,2.8639173769578603
20,043,0001,0908,2004300010908,1133,3.0546130545568877
20,043,0001,0912,2004300010912,856,2.932980821923198
20,043,0001,0927,2004300010927,1604,3.205475036740891
20,043,0001,0931,2004300010931,1802,3.255995726722402
20,043,0001,0946,2004300010946,1494,3.1746411926604483
20,043,0001,0950,2004300010950,35,1.5563025007672873
20,043,0001,097A,200430001097A,18,1.2787536009528289
20,043,0001,0984,2004300010984,139,2.146128035678238
20,043,0001,0999,2004300010999,891,2.950364854376123
20,043,0001,1003,2004300011003,257,2.41161970596323
20,043,0001,1018,2004300011018,583,2.7664128471123997
20,043,0001,1022,2004300011022,522,2.718501688867274
20,043,0001,1037,2004300011037,32,1.5185139398778875
20,043,0001,1041,2004300011041,108,2.037426497940624
20,043,0001,1056,2004300011056,71,1.8573324964312685
20,043,0001,1060,2004300011060,93,1.9731278535996986
20,043,0001,1075,2004300011075,103,2.0170333392987803
20,043,0001,1111,2004300011111,81,1.9138138523837167
20,043,0001,1126,2004300011126,268,2.429752280002408
20,043,0001,1130,2004300011130,0,0.0
20,043,0002,0861,2004300020861,1537,3.1869563354654122
20,043,0002,0876,2004300020876,2056,3.313234291694724
20,043,0002,0965,2004300020965,20,1.3222192947339193
20,043,0002,108A,200430002108A,43,1.6434526764861874
20,043,0002,1094,2004300021094,0,0.0
20,043,0003,001A,200430003001A,23,1.380211241711606
20,043,0003,0293,2004300030293,1310,3.117602691690084
20,043,0003,0306,2004300030306,1137,3.056142262059052
20,043,0003,0490,2004300030490,406,2.60959440922522
20,043,0003,0503,2004300030503,254,2.406540180433955
20,043,0003,0518,2004300030518,273,2.437750562820388
20,043,0003,1107,2004300031107,8,0.9542425094393249
20,043,0003,1145,2004300031145,12,1.1139433523068367
20,043,0006,0664,2004300060664,2770,3.442636525782232
20,043,0006,0679,2004300060679,2728,3.4360035356698964
20,043,0006,0880,2004300060880,10,1.0413926851582251
20,044,0001,0017,2004400010017,461,2.6646419755561257
20,044,0001,0021,2004400010021,107,2.03342375548695
20,044,0001,0106,2004400010106,35,1.5563025007672873
20,044,0001,013A,200440001013A,1669,3.2227164711475833
20,044,0001,0144,2004400010144,2367,3.374381698050882
20,044,0001,0159,2004400010159,1808,3.257438566859814
20,044,0001,0214,2004400010214,414,2.6180480967120925
20,044,0001,0229,2004400010229,54,1.7403626894942439
20,044,0001,0233,2004400010233,1161,3.065206128054312
20,044,0001,0248,2004400010248,1961,3.29269900304393
20,044,0001,0252,2004400010252,3112,3.493179120682515
20,044,0001,0267,2004400010267,1172,3.0692980121155293
20,044,0001,0271,2004400010271,1483,3.171433900943008
20,044,0001,0286,2004400010286,1255,3.0989896394011773
20,044,0001,0290,2004400010290,1171,3.068927611682072
20,044,0001,0303,2004400010303,1188,3.0751818546186915
20,044,0001,0318,2004400010318,1586,3.2005769267548483
20,044,0001,0322,2004400010322,196,2.294466226161593
20,044,0001,0341,2004400010341,1285,3.109240968588203
20,044,0001,0356,2004400010356,1125,3.0515383905153275
20,044,0001,0360,2004400010360,847,2.9283958522567137
20,044,0001,0375,2004400010375,436,2.640481436970422
20,044,0001,038A,200440001038A,1284,3.1089031276673134
20,044,0001,0394,2004400010394,1194,3.0773679052841563
20,044,0001,0407,2004400010407,1702,3.231214647962601
20,044,0001,0411,2004400010411,1651,3.218010042984363
20,044,0001,0426,2004400010426,189,2.278753600952829
20,044,0001,0430,2004400010430,202,2.307496037913213
20,044,0001,0445,2004400010445,23,1.380211241711606
20,044,0001,045A,200440001045A,331,2.5211380837040362
20,044,0001,0464,2004400010464,0,0.0
20,045,0001,0029,2004500010029,1838,3.2645817292380777
20,045,0001,0033,2004500010033,964,2.9845273133437926
20,045,0001,0048,2004500010048,197,2.296665190261531
20,045,0001,0052,2004500010052,14,1.1760912590556813
20,046,0001,005A,200460001005A,455,2.658964842664435
20,046,0001,0064,2004600010064,113,2.0569048513364727
20,047,0001,0023,2004700010023,80,1.9084850188786497
20,048,0001,0020,2004800010020,455,2.658964842664435
20,048,0001,0035,2004800010035,264,2.423245873936808
20,049,0001,0028,2004900010028,1184,3.0737183503461227
20,050,0001,0029,2005000010029,463,2.6665179805548807
20,051,0001,0030,2005100010030,1897,3.2782962080912736
20,051,0001,0045,2005100010045,2531,3.4034637013453173
20,051,0001,005A,200510001005A,135,2.1335389083702174
20,051,0001,0064,2005100010064,71,1.8573324964312685
20,051,0001,0079,2005100010079,10,1.0413926851582251
20,051,0001,0083,2005100010083,0,0.0
20,052,0001,0131,2005200010131,624,2.7958800173440754
20,052,0001,0165,2005200010165,864,2.9370161074648142
20,052,0001,017A,200520001017A,901,2.9552065375419416
20,052,0001,0184,2005200010184,698,2.8444771757456815
20,052,0001,0199,2005200010199,518,2.7151673578484576
20,053,0001,0035,2005300010035,1234,3.0916669575956846
20,054,0001,0028,2005400010028,381,2.582063362911709
20,055,0001,0044,2005500010044,689,2.838849090737255
20,055,0001,0059,2005500010059,855,2.932473764677153
20,055,0001,0063,2005500010063,603,2.7810369386211318
20,055,0001,0078,2005500010078,8,0.9542425094393249
20,055,0001,0082,2005500010082,5,0.7781512503836436
20,055,0001,0097,2005500010097,9,1.0
20,056,0001,0022,2005600010022,236,2.374748346010104
20,056,0001,0037,2005600010037,666,2.824125833916549
20,056,0001,0041,2005600010041,0,0.0
20,056,0001,0056,2005600010056,53,1.7323937598229686
20,057,0001,0068,2005700010068,2272,3.356599435724971
20,057,0001,0246,2005700010246,861,2.9355072658247128
20,057,0001,0250,2005700010250,2012,3.3038437748886547
20,057,0001,0265,2005700010265,615,2.7895807121644256
20,057,0001,027A,200570001027A,1835,3.2638726768652235
20,057,0001,0284,2005700010284,576,2.7611758131557314
20,057,0001,0301,2005700010301,2236,3.34966598409663
20,057,0001,0439,2005700010439,1093,3.039017321997412
20,057,0001,0443,2005700010443,1180,3.072249897613515
20,057,0001,0458,2005700010458,1861,3.269979676645324
20,057,0001,0477,2005700010477,23,1.380211241711606
20,057,0001,0481,2005700010481,112,2.0530784434834195
20,057,0001,0496,2005700010496,117,2.0718820073061255
20,057,0001,0551,2005700010551,1390,3.143327129992046
20,057,0001,0566,2005700010566,1219,3.0863598306747484
20,057,0001,0585,2005700010585,123,2.093421685162235
20,057,0004,0180,2005700040180,2505,3.398981066658131
20,057,0018,0509,2005700180509,948,2.977266212427293
20,057,0018,0513,2005700180513,1218,3.0860037056183818
20,057,0018,0528,2005700180528,1160,3.064832219738574
20,057,0018,0532,2005700180532,966,2.9854264740830017
20,057,0018,0547,2005700180547,10,1.0413926851582251
20,058,0001,0031,2005800010031,1026,3.0115704435972783
20,059,0001,0113,2005900010113,1071,3.030194785356751
20,059,0001,0132,2005900010132,4248,3.6282867310895144
20,059,0001,0151,2005900010151,1895,3.2778383330020473
20,059,0001,0185,2005900010185,3130,3.4956830676169153
20,059,0001,019A,200590001019A,4490,3.652343055062715
20,059,0001,0202,2005900010202,2551,3.4068806700491248
20,059,0001,0217,2005900010217,3889,3.5899496013257077
20,059,0001,0236,2005900010236,2439,3.387389826338729
20,059,0001,0240,2005900010240,1563,3.1942367487238292
20,059,0001,0255,2005900010255,2285,3.359076226059263
20,059,0001,026A,200590001026A,242,2.385606273598312
20,059,0001,0274,2005900010274,397,2.5998830720736876
20,059,0001,0289,2005900010289,198,2.298853076409707
20,059,0001,0293,2005900010293,551,2.741939077729199
20,059,0001,0306,2005900010306,146,2.167317334748176
20,059,0001,0310,2005900010310,35,1.5563025007672873
20,060,0001,0044,2006000010044,378,2.578639209968072
20,060,0001,0059,2006000010059,747,2.8739015978644615
20,061,0001,0041,2006100010041,382,2.583198773968623
20,061,0001,0056,2006100010056,294,2.469822015978163
20,062,0001,002A,200620001002A,498,2.6981005456233897
20,063,0001,0012,2006300010012,2386,3.3778524190067545
20,063,0001,0046,2006300010046,1561,3.1936810295412816
20,063,0001,0050,2006300010050,258,2.413299764081252
20,064,0001,0077,2006400010077,311,2.494154594018443
20,064,0001,019A,200640001019A,487,2.6884198220027105
20,064,0001,0202,2006400010202,1072,3.030599721965951
20,064,0001,0217,2006400010217,99,2.0
20,064,0001,0221,2006400010221,52,1.724275869600789
20,065,0001,0021,2006500010021,601,2.7795964912578244
20,066,0001,0090,2006600010090,918,2.9633155113861114
20,066,0001,0137,2006600010137,498,2.6981005456233897
20,066,0001,0141,2006600010141,670,2.826722520168992
20,066,0001,0156,2006600010156,536,2.7299742856995555
20,066,0001,0160,2006600010160,435,2.639486489268586
20,066,0001,0175,2006600010175,76,1.8864907251724818
20,066,0001,018A,200660001018A,27,1.4471580313422192
20,066,0001,0194,2006600010194,42,1.6334684555795864
20,066,0001,0207,2006600010207,16,1.2304489213782739
20,067,0001,0011,2006700010011,1603,3.2052043639481447
20,067,0001,012A,200670001012A,3937,3.5952757118020995
20,067,0001,0204,2006700010204,1588,3.2011238972073794
20,067,0001,0331,2006700010331,2097,3.3218054838575393
20,067,0001,0505,2006700010505,2363,3.3736474722092176
20,067,0001,051A,200670001051A,1310,3.117602691690084
20,067,0001,0524,2006700010524,1446,3.1604685311190375
20,067,0001,0539,2006700010539,2116,3.325720858019412
20,067,0001,0543,2006700010543,1620,3.209783014848515
20,067,0001,0558,2006700010558,1995,3.3001605369513523
20,067,0001,0562,2006700010562,1834,3.263636068588108
20,067,0001,0577,2006700010577,1998,3.300812794118117
20,067,0001,0581,2006700010581,2170,3.3366598234544202
20,067,0001,0609,2006700010609,2014,3.3042750504771283
20,067,0001,0613,2006700010613,3321,3.521399628115376
20,067,0001,0628,2006700010628,2991,3.4759615891924236
20,067,0001,0632,2006700010632,5298,3.7241939195143297
20,067,0001,0670,2006700010670,2768,3.4423229557455746
20,067,0001,0702,2006700010702,1753,3.244029589030022
20,067,0001,0717,2006700010717,1224,3.0881360887005513
20,067,0001,076A,200670001076A,1396,3.1451964061141817
20,067,0001,0774,2006700010774,2139,3.330413773349191
20,067,0001,0789,2006700010789,2319,3.3654879848909
20,067,0001,0793,2006700010793,2490,3.3963737275365067
20,067,0001,0806,2006700010806,2886,3.4604467838807205
20,067,0001,0810,2006700010810,2654,3.4240645254174877
20,067,0001,0825,2006700010825,1227,3.089198366805149
20,067,0001,083A,200670001083A,1423,3.1535099893008374
20,067,0001,0844,2006700010844,710,2.851869600729766
20,067,0001,0859,2006700010859,1347,3.129689892199301
20,067,0001,0863,2006700010863,1860,3.269746373130767
20,067,0001,0878,2006700010878,1603,3.2052043639481447
20,067,0001,0882,2006700010882,946,2.9763499790032735
20,067,0001,0897,2006700010897,759,2.8808135922807914
20,067,0001,0929,2006700010929,2013,3.3040594662175993
20,067,0001,0933,2006700010933,455,2.658964842664435
20,067,0001,0948,2006700010948,1864,3.2706788361447066
20,067,0001,0952,2006700010952,484,2.6857417386022635
20,067,0001,0967,2006700010967,1551,3.1908917169221698
20,067,0001,0971,2006700010971,2665,3.4258601450778405
20,067,0001,0986,2006700010986,3610,3.5576274884268266
20,067,0001,0990,2006700010990,1328,3.123524980942732
20,067,0001,1005,2006700011005,2695,3.4307198878632823
20,067,0001,101A,200670001101A,1959,3.292256071356476
20,067,0001,1024,2006700011024,2189,3.3404441148401185
20,067,0001,1039,2006700011039,1449,3.161368002234975
20,067,0001,1043,2006700011043,415,2.6190933306267428
20,067,0001,1058,2006700011058,2629,3.419955748489758
20,067,0001,1062,2006700011062,2643,3.4222614508136027
20,067,0001,1081,2006700011081,3539,3.5490032620257876
20,067,0001,1096,2006700011096,2087,3.3197304943302246
20,067,0001,1109,2006700011109,2922,3.4658288153574364
20,067,0001,1166,2006700011166,824,2.916453948549925
20,067,0001,1170,2006700011170,1787,3.2523675144598987
20,067,0001,1185,2006700011185,3401,3.5317343092765503
20,067,0001,119A,200670001119A,2016,3.3047058982127653
20,067,0001,1217,2006700011217,3086,3.4895366294820955
20,067,0001,1240,2006700011240,1124,3.0511525224473814
20,067,0001,1255,2006700011255,1627,3.2116544005531824
20,067,0001,1274,2006700011274,2783,3.4446692309385245
20,067,0001,1310,2006700011310,1317,3.119915410257991
20,067,0001,1325,2006700011325,2799,3.4471580313422194
20,067,0001,133A,200670001133A,2308,3.3634239329171765
20,067,0001,1344,2006700011344,3396,3.531095546870028
20,067,0001,1359,2006700011359,1116,3.048053173115609
20,067,0001,1382,2006700011382,2456,3.390405156480081
20,067,0001,1448,2006700011448,1423,3.1535099893008374
20,067,0001,1452,2006700011452,4549,3.6580113966571126
20,067,0001,1467,2006700011467,3364,3.5269850685599957
20,067,0001,1486,2006700011486,1577,3.1981069988734014
20,067,0001,1490,2006700011490,3456,3.5386993795424067
20,067,0001,1503,2006700011503,2125,3.327563260187278
20,067,0001,1522,2006700011522,965,2.9849771264154934
20,067,0001,1537,2006700011537,1671,3.2232362731029975
20,067,0001,1541,2006700011541,2119,3.326335860928751
20,067,0001,1556,2006700011556,1947,3.2895889525425965
20,067,0001,1560,2006700011560,1355,3.1322596895310446
20,067,0001,1575,2006700011575,1173,3.0696680969115957
20,067,0001,158A,200670001158A,1600,3.2043913319193
20,067,0001,1594,2006700011594,969,2.9867717342662448
20,067,0001,1611,2006700011611,2274,3.3569814009931314
20,067,0001,1626,2006700011626,1101,3.042181594515766
20,067,0001,1630,2006700011630,1370,3.1370374547895126
20,067,0001,165A,200670001165A,2665,3.4258601450778405
20,067,0001,1679,2006700011679,2453,3.3898745583909853
20,067,0001,1698,2006700011698,2440,3.387567779417189
20,067,0001,1700,2006700011700,2547,3.406199423663313
20,067,0001,1715,2006700011715,1556,3.1922886125681202
20,067,0001,172A,200670001172A,1576,3.197831693328903
20,067,0001,1734,2006700011734,2874,3.4586378490256493
20,067,0001,1753,2006700011753,1022,3.00987563371216
20,067,0001,1768,2006700011768,579,2.7634279935629373
20,067,0001,1772,2006700011772,684,2.8356905714924254
20,067,0001,1787,2006700011787,405,2.6085260335771943
20,067,0001,1791,2006700011791,5122,3.709524355876341
20,067,0001,1819,2006700011819,2255,3.3533390953113047
20,067,0001,1823,2006700011823,4886,3.689042339028172
20,067,0001,1838,2006700011838,3220,3.5079907248196913
20,067,0001,1861,2006700011861,2002,3.3016809492935764
20,067,0001,1880,2006700011880,2165,3.3356584522893016
20,067,0001,1895,2006700011895,2462,3.3914644118391033
20,067,0001,1912,2006700011912,38,1.591064607026499
20,067,0001,1927,2006700011927,1100,3.041787318971752
20,067,0001,1931,2006700011931,1022,3.00987563371216
20,067,0001,1950,2006700011950,2329,3.367355921026019
20,067,0001,197A,200670001197A,2138,3.330210784571528
20,067,0001,1984,2006700011984,234,2.3710678622717363
20,067,0001,1999,2006700011999,399,2.6020599913279625
20,067,0001,2003,2006700012003,1623,3.2105860249051563
20,067,0001,2018,2006700012018,2025,3.3066394410242617
20,067,0001,2022,2006700012022,2158,3.334252642334231
20,067,0001,2056,2006700012056,551,2.741939077729199
20,067,0001,2094,2006700012094,1847,3.2667019668840878
20,067,0001,2107,2006700012107,1675,3.2242740142942576
20,067,0001,2111,2006700012111,1386,3.1420764610732848
20,067,0001,2126,2006700012126,1391,3.1436392352745433
20,067,0001,2130,2006700012130,1615,3.208441356438567
20,067,0001,2145,2006700012145,1412,3.1501421618485588
20,067,0001,215A,200670001215A,1140,3.0572856444182146
20,067,0001,2164,2006700012164,910,2.9595183769729982
20,067,0001,2179,2006700012179,2551,3.4068806700491248
20,067,0001,2183,2006700012183,2020,3.305566313515304
20,067,0001,2198,2006700012198,1832,3.2631624649622166
20,067,0001,2200,2006700012200,1854,3.268343913951065
20,067,0001,2215,2006700012215,118,2.0755469613925306
20,067,0001,222A,200670001222A,2528,3.4029488293444046
20,067,0001,2234,2006700012234,3417,3.533772058384718
20,067,0001,2249,2006700012249,0,0.0
20,067,0001,2253,2006700012253,1684,3.2265999052073573
20,067,0001,2268,2006700012268,1751,3.243534101832062
20,067,0001,2272,2006700012272,3098,3.491221576239283
20,067,0001,2287,2006700012287,2477,3.3941013020400446
20,067,0001,2291,2006700012291,17,1.255272505103306
20,067,0001,2304,2006700012304,48,1.6901960800285136
20,067,0001,2319,2006700012319,4,0.6989700043360189
20,067,0001,2323,2006700012323,36,1.568201724066995
20,067,0001,2338,2006700012338,28,1.462397997898956
20,067,0001,2342,2006700012342,0,0.0
20,067,0001,2357,2006700012357,11,1.0791812460476249
20,067,0001,2361,2006700012361,0,0.0
20,067,0001,2376,2006700012376,228,2.359835482339888
20,067,0001,2408,2006700012408,321,2.507855871695831
20,067,0001,2412,2006700012412,204,2.311753861055754
20,067,0051,2060,2006700512060,2535,3.404149249209695
20,067,0051,2075,2006700512075,2042,3.3102683666324477
20,067,0051,208A,200670051208A,1510,3.1792644643390253
20,067,0051,2380,2006700512380,286,2.4578818967339924
20,067,0051,2395,2006700512395,937,2.9722028383790646
20,067,0051,2427,2006700512427,1196,3.0780941504064105
20,068,0001,0019,2006800010019,2795,3.446537167073644
20,068,0001,0061,2006800010061,1700,3.230704313612569
20,068,0001,0076,2006800010076,3022,3.480438147177817
20,068,0001,0080,2006800010080,2112,3.3248994970523134
20,068,0001,0095,2006800010095,2339,3.369215857410143
20,068,0001,0108,2006800010108,3878,3.5887197796000563
20,068,0001,0112,2006800010112,289,2.462397997898956
20,068,0001,0127,2006800010127,196,2.294466226161593
20,068,0001,0131,2006800010131,95,1.9822712330395684
20,068,0001,0146,2006800010146,101,2.0086001717619175
20,068,0001,0150,2006800010150,0,0.0
20,068,0001,0165,2006800010165,28,1.462397997898956
20,068,0001,017A,200680001017A,36,1.568201724066995
20,068,0001,0184,2006800010184,47,1.6812412373755872
20,068,0001,0199,2006800010199,7,0.9030899869919435
20,069,0001,0020,2006900010020,2527,3.402777069610347
20,070,0001,0036,2007000010036,525,2.7209857441537393
20,070,0001,0040,2007000010040,2349,3.3710678622717363
20,070,0001,0055,2007000010055,2597,3.414639146737009
20,071,0001,0029,2007100010029,473,2.6757783416740852
20,071,0001,0033,2007100010033,171,2.2355284469075487
20,072,0001,0045,2007200010045,1618,3.2092468487533736
20,072,0001,005A,200720001005A,1819,3.2600713879850747
20,072,0001,0064,2007200010064,10,1.0413926851582251
20,072,0001,0079,2007200010079,68,1.8388490907372552
20,072,0001,0083,2007200010083,10,1.0413926851582251
20,072,0001,0098,2007200010098,26,1.4313637641589874
20,072,0001,0100,2007200010100,5,0.7781512503836436
20,072,0001,0115,2007200010115,15,1.2041199826559248
20,072,0001,012A,200720001012A,12,1.1139433523068367
20,073,0001,0095,2007300010095,1950,3.2902572693945182
20,073,0001,0108,2007300010108,902,2.9556877503135057
20,073,0001,0146,2007300010146,2996,3.476686742945645
20,073,0001,0150,2007300010150,2313,3.3643633546157306
20,073,0001,0165,2007300010165,2192,3.341038631677523
20,073,0001,017A,200730001017A,1287,3.1099158630237933
20,073,0001,0184,2007300010184,808,2.9079485216122722
20,073,0001,0199,2007300010199,223,2.3502480183341627
20,073,0001,0201,2007300010201,33,1.5314789170422551
20,073,0001,0216,2007300010216,25,1.414973347970818
20,074,0001,0020,2007400010020,456,2.6599162000698504
20,075,0001,0032,2007500010032,87,1.9444826721501687
20,075,0001,0047,2007500010047,692,2.8407332346118066
20,075,0001,0051,2007500010051,765,2.884228769632604
20,075,0001,0070,2007500010070,131,2.12057393120585
20,075,0001,0085,2007500010085,474,2.6766936096248664
20,075,0001,009A,200750001009A,461,2.6646419755561257
20,075,0001,0102,2007500010102,9,1.0
20,075,0001,0117,2007500010117,41,1.6232492903979006
20,076,0001,0063,2007600010063,189,2.278753600952829
20,076,0001,0097,2007600010097,421,2.625312450961674
20,076,0001,010A,200760001010A,784,2.8948696567452528
20,076,0001,0114,2007600010114,36,1.568201724066995
20,077,0001,0022,2007700010022,1907,3.2805783703680764
20,077,0001,0037,2007700010037,393,2.595496221825574
20,077,0001,0041,2007700010041,67,1.8325089127062364
20,078,0001,002A,200780001002A,867,2.938519725176492
20,078,0001,0034,2007800010034,434,2.6384892569546374
20,079,0001,0027,2007900010027,1830,3.2626883443016963
20,079,0001,0120,2007900010120,1844,3.265996370495079
20,079,0001,0154,2007900010154,2176,3.3378584290410944
20,079,0001,0169,2007900010169,1632,3.212986184736668
20,079,0001,0173,2007900010173,1040,3.017450729510536
20,079,0001,021A,200790001021A,126,2.103803720955957
20,079,0001,0224,2007900010224,31,1.505149978319906
20,079,0001,0258,2007900010258,1739,3.2405492482826
20,079,0001,0262,2007900010262,1133,3.0546130545568877
20,079,0001,0277,2007900010277,1529,3.184691430817599
20,079,0001,0281,2007900010281,1222,3.0874264570362855
20,079,0001,0296,2007900010296,1911,3.2814878879400813
20,079,0001,0309,2007900010309,1708,3.232742062720737
20,079,0001,0313,2007900010313,2423,3.3845326154942486
20,079,0001,0328,2007900010328,1373,3.137986732723532
20,079,0001,0347,2007900010347,1680,3.225567713439471
20,079,0001,0366,2007900010366,1512,3.179838928023187
20,079,0001,0370,2007900010370,898,2.9537596917332287
20,079,0001,039A,200790001039A,1549,3.1903316981702914
20,079,0001,0417,2007900010417,2640,3.421768401206924
20,079,0001,0440,2007900010440,5,0.7781512503836436
20,079,0001,0455,2007900010455,1650,3.2177470732627937
20,079,0001,0474,2007900010474,1312,3.118264726089479
20,079,0001,0489,2007900010489,1348,3.1300119496719043
20,079,0001,0506,2007900010506,2450,3.389343311252078
20,079,0001,0525,2007900010525,1639,3.214843848047698
20,079,0001,053A,200790001053A,1381,3.1405080430381798
20,079,0001,0544,2007900010544,1277,3.1065308538223815
20,079,0001,0559,2007900010559,1942,3.2884728005997825
20,079,0001,0563,2007900010563,1927,3.285107029566812
20,079,0001,0578,2007900010578,2481,3.394801777162711
20,079,0001,0597,2007900010597,1562,3.193958978019187
20,079,0001,060A,200790001060A,580,2.7641761323903307
20,079,0001,0614,2007900010614,1242,3.094471128641645
20,079,0001,0629,2007900010629,1835,3.2638726768652235
20,079,0001,0633,2007900010633,40,1.6127838567197355
20,079,0001,0648,2007900010648,205,2.3138672203691533
20,079,0001,0667,2007900010667,1079,3.03342375548695
20,079,0001,0671,2007900010671,1981,3.2971036501492565
20,079,0001,0690,2007900010690,1241,3.0941215958405612
20,079,0001,0703,2007900010703,1776,3.2496874278053016
20,079,0001,0718,2007900010718,1530,3.184975190698261
20,079,0001,0722,2007900010722,816,2.9122220565324155
20,079,0001,0737,2007900010737,1746,3.2422929049829308
20,079,0001,0741,2007900010741,1507,3.178401341533755
20,079,0001,0756,2007900010756,1107,3.044539760392411
20,079,0001,0760,2007900010760,1410,3.149527013754348
20,079,0001,0775,2007900010775,850,2.929929560084588
20,079,0001,078A,200790001078A,762,2.8825245379548803
20,079,0001,0794,2007900010794,30,1.4913616938342726
20,079,0001,0807,2007900010807,1245,3.095518042323151
20,079,0001,0811,2007900010811,1532,3.185542154854375
20,079,0001,0826,2007900010826,1326,3.1228709228644354
20,079,0001,0830,2007900010830,1364,3.1351326513767748
20,079,0001,0845,2007900010845,956,2.9809119377768436
20,079,0001,085A,200790001085A,785,2.895422546039408
20,079,0001,0864,2007900010864,94,1.9777236052888478
20,079,0001,0879,2007900010879,63,1.806179973983887
20,079,0001,0883,2007900010883,21,1.3424226808222062
20,079,0001,0898,2007900010898,184,2.2671717284030137
20,079,0001,0900,2007900010900,5,0.7781512503836436
20,079,0001,0915,2007900010915,20,1.3222192947339193
20,079,0001,092A,200790001092A,358,2.5550944485783194
20,080,0001,0013,2008000010013,1577,3.1981069988734014
20,081,0001,0025,2008100010025,248,2.3961993470957363
20,081,0001,0044,2008100010044,371,2.5705429398818973
20,081,0001,0059,2008100010059,642,2.808210972924222
20,081,0001,0063,2008100010063,15,1.2041199826559248
20,081,0001,0078,2008100010078,19,1.3010299956639813
20,081,0001,0082,2008100010082,20,1.3222192947339193
20,082,0001,0056,2008200010056,2029,3.307496037913213
20,083,0001,0034,2008300010034,2042,3.3102683666324477
20,083,0001,0049,2008300010049,2394,3.379305517750582
20,083,0001,0053,2008300010053,2085,3.319314304090512
20,083,0001,0068,2008300010068,1989,3.298853076409707
20,083,0001,0072,2008300010072,93,1.9731278535996986
20,084,0001,0012,2008400010012,1956,3.2915908256580013
20,084,0001,0031,2008400010031,1165,3.0666985504229953
20,084,0001,0046,2008400010046,718,2.8567288903828825
20,084,0001,0050,2008400010050,27,1.4471580313422192
20,084,0001,0065,2008400010065,108,2.037426497940624
20,084,0001,007A,200840001007A,155,2.1931245983544616
20,084,0001,0084,2008400010084,37,1.5797835966168101
20,085,0001,0096,2008500010096,2780,3.4442009888641594
20,086,0001,0021,2008600010021,200,2.303196057420489
20,086,0001,0036,2008600010036,371,2.5705429398818973
20,087,0001,0033,2008700010033,2117,3.325925955771466
20,087,0001,0048,2008700010048,1754,3.244277120801843
20,087,0001,0052,2008700010052,1026,3.0115704435972783
20,088,0001,0026,2008800010026,366,2.5646660642520893
20,089,0001,0023,2008900010023,1101,3.042181594515766
20,090,0001,0043,2009000010043,1605,3.205745540942662
20,090,0001,0058,2009000010058,435,2.639486489268586
20,090,0001,0062,2009000010062,285,2.456366033129043
20,090,0001,0081,2009000010081,1016,3.0073209529227447
20,090,0001,0096,2009000010096,1233,3.091315159697223
20,090,0001,0109,2009000010109,16,1.2304489213782739
20,091,0001,0021,2009100010021,2003,3.301897717195208
20,091,0001,0040,2009100010040,306,2.4871383754771865
20,091,0001,0055,2009100010055,1709,3.2329961103921536
20,091,0001,006A,200910001006A,873,2.941511432634403
20,091,0001,0074,2009100010074,265,2.424881636631067
20,091,0001,0089,2009100010089,14,1.1760912590556813
20,091,0001,0093,2009100010093,20,1.3222192947339193
20,091,0001,0106,2009100010106,61,1.792391689498254
20,091,0001,0110,2009100010110,148,2.173186268412274
20,091,0001,0125,2009100010125,90,1.9590413923210936
20,091,0001,013A,200910001013A,32,1.5185139398778875
20,091,0001,0144,2009100010144,65,1.8195439355418688
20,091,0001,0159,2009100010159,113,2.0569048513364727
20,092,0001,0029,2009200010029,1272,3.1048284036536553
20,093,0001,0026,2009300010026,29,1.4771212547196624
20,093,0001,0030,2009300010030,169,2.230448921378274
20,094,0001,0023,2009400010023,266,2.4265112613645754
20,095,0001,0020,2009500010020,1089,3.037426497940624
20,096,0001,0028,2009600010028,589,2.7708520116421442
20,097,0001,0025,2009700010025,668,2.8254261177678233
20,098,0001,0041,2009800010041,1709,3.2329961103921536
20,099,0001,002A,200990001002A,381,2.582063362911709
20,100,0001,0022,2010000010022,349,2.5440680443502757
20,101,0001,002A,201010001002A,748,2.8744818176994666
20,102,0001,0027,2010200010027,1856,3.2688119037397803
20,103,0001,0039,2010300010039,2928,3.4667193716815987
20,103,0001,0043,2010300010043,2714,3.433769833924866
20,103,0001,0058,2010300010058,18,1.2787536009528289
20,103,0001,0062,2010300010062,59,1.7781512503836436
20,103,0001,0077,2010300010077,58,1.7708520116421442
20,103,0001,0081,2010300010081,4,0.6989700043360189
20,103,0001,0096,2010300010096,23,1.380211241711606
20,104,0001,0036,2010400010036,418,2.622214022966295
20,104,0001,0040,2010400010040,982,2.9925535178321354
20,104,0001,0055,2010400010055,39,1.6020599913279623
20,104,0001,006A,201040001006A,7,0.9030899869919435
20,104,0001,0074,2010400010074,4,0.6989700043360189
20,105,0001,0029,2010500010029,852,2.930949031167523
20,105,0001,0033,2010500010033,243,2.387389826338729
20,105,0001,0067,2010500010067,85,1.9344984512435677
20,106,0001,0026,2010600010026,66,1.8260748027008264
20,107,0001,0038,2010700010038,5092,3.7069736761761782
20,107,0001,0057,2010700010057,2241,3.3506356082589543
20,107,0001,0061,2010700010061,2123,3.3271545124094315
20,107,0001,0095,2010700010095,3137,3.496652939250918
20,107,0001,0108,2010700010108,86,1.9395192526186185
20,107,0001,0112,2010700010112,832,2.9206450014067875
20,107,0001,0127,2010700010127,2837,3.4530123911214554
20,107,0001,0131,2010700010131,2223,3.34713478291002
20,107,0001,0146,2010700010146,3200,3.5052856741441323
20,107,0001,0150,2010700010150,2648,3.423081958297231
20,108,0001,004A,201080001004A,1462,3.1652443261253107
20,109,0001,0032,2010900010032,822,2.91539983521227
20,110,0001,0029,2011000010029,167,2.225309281725863
20,111,0001,0026,2011100010026,2031,3.307923703611882
20,111,0001,0030,2011100010030,321,2.507855871695831
20,111,0001,0045,2011100010045,79,1.9030899869919435
20,111,0001,005A,201110001005A,442,2.6464037262230695
20,111,0001,0064,2011100010064,27,1.4471580313422192
20,112,0001,0042,2011200010042,1609,3.2068258760318495
20,112,0001,0057,2011200010057,912,2.960470777534299
20,112,0001,0061,2011200010061,28,1.462397997898956
20,112,0001,0076,2011200010076,3,0.6020599913279624
20,113,0001,0035,2011300010035,1589,3.2013971243204513
20,113,0001,004A,201130001004A,984,2.9934362304976116
20,114,0001,0028,2011400010028,186,2.271841606536499
20,115,0001,003A,201150001003A,1453,3.162564406523019
20,115,0001,0044,2011500010044,2496,3.397418542351348
20,115,0001,0059,2011500010059,181,2.2600713879850747
20,115,0001,0063,2011500010063,19,1.3010299956639813
20,115,0001,0078,2011500010078,330,2.519827993775719
20,115,0001,0133,2011500010133,121,2.0863598306747484
20,115,0001,0148,2011500010148,100,2.0043213737826426
20,115,0002,0097,2011500020097,1346,3.1293675957229854
20,115,0002,010A,201150002010A,3005,3.4779889762508893
20,115,0002,0129,2011500020129,46,1.6720978579357175
20,116,0001,0022,2011600010022,2865,3.4572761860613257
20,117,0001,002A,201170001002A,1256,3.0993352776859577
20,118,0001,0012,2011800010012,9,1.0
20,118,0001,0050,2011800010050,1038,3.016615547557177
20,118,0001,0065,2011800010065,1192,3.076640443670342
20,118,0001,007A,201180001007A,25,1.414973347970818
20,119,0001,0039,2011900010039,333,2.5237464668115646
20,119,0001,0043,2011900010043,376,2.576341350205793
20,120,0001,0025,2012000010025,449,2.6532125137753435
20,121,0001,0037,2012100010037,35,1.5563025007672873
20,121,0001,0041,2012100010041,12,1.1139433523068367
20,121,0001,0056,2012100010056,0,0.0
20,122,0001,0034,2012200010034,36,1.568201724066995
20,122,0001,0049,2012200010049,60,1.7853298350107671
20,122,0001,0068,2012200010068,469,2.6720978579357175
20,122,0001,0072,2012200010072,16,1.2304489213782739
20,123,0001,0046,2012300010046,749,2.8750612633917
20,123,0001,0050,2012300010050,453,2.6570558528571038
20,123,0001,0065,2012300010065,516,2.7134905430939424
20,124,0001,0077,2012400010077,1093,3.039017321997412
20,124,0001,0081,2012400010081,1838,3.2645817292380777
20,124,0001,0096,2012400010096,4251,3.6285932558512592
20,124,0001,0109,2012400010109,4608,3.6636067081245205
20,124,0001,0113,2012400010113,72,1.863322860120456
20,124,0001,0128,2012400010128,583,2.7664128471123997
20,124,0001,0132,2012400010132,83,1.9242792860618816
20,124,0001,0147,2012400010147,150,2.1789769472931693
20,124,0001,0151,2012400010151,375,2.575187844927661
20,124,0001,0166,2012400010166,39,1.6020599913279623
20,124,0001,0170,2012400010170,25,1.414973347970818
20,124,0017,0062,2012400170062,2974,3.4734869700645685
20,125,0001,0286,2012500010286,23,1.380211241711606
20,125,0001,0290,2012500010290,567,2.754348335711019
20,125,0001,0303,2012500010303,7,0.9030899869919435
20,125,0001,0318,2012500010318,44,1.6532125137753437
20,125,0001,0322,2012500010322,189,2.278753600952829
20,125,0001,0337,2012500010337,44,1.6532125137753437
20,125,0001,0341,2012500010341,47,1.6812412373755872
20,126,0001,0048,2012600010048,1685,3.2268575702887237
20,126,0001,0052,2012600010052,2624,3.4191293077419758
20,126,0001,0067,2012600010067,4,0.6989700043360189
20,126,0001,0071,2012600010071,3,0.6020599913279624
20,127,0001,0026,2012700010026,472,2.6748611407378116
20,128,0001,0023,2012800010023,1318,3.1202447955463652
20,128,0001,0038,2012800010038,8,0.9542425094393249
20,128,0001,0042,2012800010042,11,1.0791812460476249
20,128,0001,0057,2012800010057,4,0.6989700043360189
20,128,0001,0061,2012800010061,1,0.3010299956639812
20,129,0001,0020,2012900010020,327,2.515873843711679
20,130,0001,006A,201300001006A,1242,3.094471128641645
20,130,0001,0074,2013000010074,888,2.9489017609702137
20,130,0001,0089,2013000010089,1080,3.03382569395331
20,130,0001,0093,2013000010093,0,0.0
20,131,0001,0067,2013100010067,1762,3.246252312299322
20,131,0001,0118,2013100010118,1786,3.252124552505644
20,131,0001,0122,2013100010122,1408,3.1489109931093564
20,131,0001,0137,2013100010137,103,2.0170333392987803
20,131,0001,0141,2013100010141,340,2.5327543789924976
20,131,0001,0156,2013100010156,148,2.173186268412274
20,131,0001,0160,2013100010160,15,1.2041199826559248
20,131,0001,0175,2013100010175,31,1.505149978319906
20,131,0001,018A,201310001018A,64,1.8129133566428555
20,131,0001,0194,2013100010194,37,1.5797835966168101
20,131,0001,0207,2013100010207,48,1.6901960800285136
20,131,0001,0211,2013100010211,15,1.2041199826559248
20,131,0001,025A,201310001025A,74,1.8750612633917
20,131,0001,0264,2013100010264,97,1.9912260756924949
20,131,0001,0279,2013100010279,32,1.5185139398778875
20,131,0008,0103,2013100080103,1176,3.0707764628434346
20,131,0008,0230,2013100080230,1611,3.2073650374690716
20,131,0008,0245,2013100080245,1110,3.0457140589408676
20,132,0001,0026,2013200010026,1103,3.0429690733931802
20,133,0001,0038,2013300010038,234,2.3710678622717363
20,133,0001,0042,2013300010042,238,2.3783979009481375
20,133,0001,0057,2013300010057,75,1.8808135922807914
20,134,0001,004A,201340001004A,430,2.6344772701607315
20,134,0001,0054,2013400010054,3380,3.529045170765769
20,134,0001,0069,2013400010069,3053,3.484869032720402
20,135,0001,0013,2013500010013,2521,3.401745082237063
20,136,0001,0025,2013600010025,1765,3.24699069924155
20,136,0001,0078,2013600010078,3647,3.5620548296563785
20,136,0001,0082,2013600010082,0,0.0
20,136,0001,0097,2013600010097,0,0.0
20,137,0001,0056,2013700010056,564,2.7520484478194387
20,138,0001,002A,201380001002A,285,2.456366033129043
20,139,0001,0027,2013900010027,333,2.5237464668115646
20,139,0001,0031,2013900010031,15,1.2041199826559248
20,140,0001,0028,2014000010028,253,2.404833716619938
20,140,0001,0032,2014000010032,435,2.639486489268586
20,140,0001,0047,2014000010047,61,1.792391689498254
20,140,0001,0051,2014000010051,25,1.414973347970818
20,141,0036,0078,2014100360078,1003,3.0017337128090005
20,141,0036,0167,2014100360167,1139,3.0569048513364727
20,141,0036,0186,2014100360186,306,2.4871383754771865
20,141,0036,0190,2014100360190,784,2.8948696567452528
20,141,0036,0203,2014100360203,92,1.968482948553935
20,141,0036,0218,2014100360218,708,2.8506462351830666
20,141,0036,0222,2014100360222,561,2.749736315569061
20,141,0036,0237,2014100360237,165,2.220108088040055
20,141,0036,0241,2014100360241,378,2.578639209968072
20,141,0036,0256,2014100360256,17,1.255272505103306
20,141,0036,0260,2014100360260,81,1.9138138523837167
20,141,0036,0275,2014100360275,190,2.2810333672477277
20,141,0036,028A,201410036028A,37,1.5797835966168101
20,142,0001,0022,2014200010022,166,2.2227164711475833
20,142,0001,0037,2014200010037,507,2.7058637122839193
20,143,0001,0157,2014300010157,2056,3.313234291694724
20,143,0001,0195,2014300010195,1987,3.2984163800612945
20,143,0001,0208,2014300010208,1277,3.1065308538223815
20,143,0001,0212,2014300010212,80,1.9084850188786497
20,143,0001,0227,2014300010227,33,1.5314789170422551
20,144,0001,0027,2014400010027,280,2.44870631990508
20,145,0001,0024,2014500010024,1967,3.2940250940953226
20,145,0001,0039,2014500010039,710,2.851869600729766
20,145,0001,0043,2014500010043,889,2.949390006644913
20,145,0001,0058,2014500010058,256,2.4099331233312946
20,145,0001,0062,2014500010062,905,2.957128197676813
20,145,0001,0081,2014500010081,97,1.9912260756924949
20,145,0001,0096,2014500010096,141,2.1522883443830563
20,145,0001,0109,2014500010109,34,1.5440680443502757
20,145,0001,0113,2014500010113,76,1.8864907251724818
20,145,0001,0128,2014500010128,16,1.2304489213782739
20,146,0001,0021,2014600010021,1036,3.015778756389041
20,147,0001,0029,2014700010029,321,2.507855871695831
20,148,0001,0026,2014800010026,1003,3.0017337128090005
20,149,0001,0023,2014900010023,894,2.951823035315912
20,149,0001,0038,2014900010038,625,2.7965743332104296
20,150,0001,0077,2015000010077,2249,3.3521825181113627
20,150,0001,0081,2015000010081,3847,3.5852350633657752
20,150,0001,0096,2015000010096,4322,3.635785235533652
20,150,0001,0109,2015000010109,2056,3.313234291694724
20,151,0001,0021,2015100010021,179,2.255272505103306
20,152,0001,0029,2015200010029,301,2.4800069429571505
20,152,0001,0033,2015200010033,241,2.383815365980431
20,152,0001,0052,2015200010052,256,2.4099331233312946
20,152,0001,0067,2015200010067,57,1.7634279935629373
20,153,0001,0064,2015300010064,739,2.8692317197309762
20,153,0001,0079,2015300010079,376,2.576341350205793
20,153,0001,0083,2015300010083,1496,3.1752218003430523
20,153,0001,0098,2015300010098,1062,3.0265332645232967
20,154,0001,0023,2015400010023,631,2.800717078282385
20,154,0001,0038,2015400010038,182,2.2624510897304293
20,154,0001,0042,2015400010042,74,1.8750612633917
20,155,0001,0020,2015500010020,162,2.2121876044039577
20,155,0001,0035,2015500010035,108,2.037426497940624
20,156,0001,0047,2015600010047,1443,3.1595671932336202
20,157,0001,0025,2015700010025,2638,3.4214393902200495
20,157,0001,0044,2015700010044,1648,3.217220655644519
20,157,0001,0059,2015700010059,2515,3.400710636773231
20,157,0001,0063,2015700010063,4559,3.658964842664435
20,157,0001,0078,2015700010078,2489,3.3961993470957363
20,157,0001,0082,2015700010082,2923,3.465977368285823
20,157,0001,0097,2015700010097,55,1.7481880270062005
20,158,0001,0022,2015800010022,650,2.813580988568192
20,159,0001,0072,2015900010072,918,2.9633155113861114
20,160,0001,0020,2016000010020,293,2.4683473304121573
20,160,0001,0035,2016000010035,561,2.749736315569061
20,160,0001,004A,201600001004A,49,1.6989700043360187
20,160,0001,0054,2016000010054,6,0.8450980400142568
20,160,0001,0069,2016000010069,16,1.2304489213782739
20,161,0001,0047,2016100010047,96,1.9867717342662448
20,162,0001,0025,2016200010025,1669,3.2227164711475833
20,162,0001,003A,201620001003A,13,1.146128035678238
20,162,0001,0044,2016200010044,72,1.863322860120456
20,163,0001,0022,2016300010022,809,2.90848501887865
20,164,0001,0015,2016400010015,633,2.802089257881733
20,164,0001,0034,2016400010034,1473,3.1684974835230326
20,165,0001,0027,2016500010027,1044,3.019116290447073
20,165,0001,0050,2016500010050,50,1.7075701760979363
20,166,0001,0043,2016600010043,3480,3.5417040232842885
20,167,0001,0021,2016700010021,713,2.8536982117761744
20,168,0001,0033,2016800010033,533,2.727541257028556
20,168,0001,0048,2016800010048,380,2.5809249756756194
20,168,0001,0052,2016800010052,7,0.9030899869919435
20,169,0001,0026,2016900010026,799,2.9030899869919438
20,170,0001,0046,2017000010046,670,2.826722520168992
20,170,0001,0050,2017000010050,424,2.6283889300503116
20,170,0001,0065,2017000010065,84,1.9294189257142926
20,170,0001,007A,201700001007A,1,0.3010299956639812
20,171,0001,0043,2017100010043,750,2.8756399370041685
20,171,0001,0077,2017100010077,504,2.7032913781186614
20,172,0001,0021,2017200010021,223,2.3502480183341627
20,173,0001,0033,2017300010033,732,2.8651039746411278
20,173,0001,0052,2017300010052,354,2.550228353055094
20,173,0001,0067,2017300010067,267,2.428134794028789
20,173,0001,0071,2017300010071,42,1.6334684555795864
20,173,0001,0086,2017300010086,6,0.8450980400142568
20,174,0001,0026,2017400010026,4227,3.6261349786353887
20,175,0001,0061,2017500010061,579,2.7634279935629373
20,176,0001,004A,201760001004A,859,2.934498451243568
20,176,0001,0054,2017600010054,349,2.5440680443502757
20,176,0001,0069,2017600010069,1,0.3010299956639812
20,177,0001,009A,201770001009A,1489,3.173186268412274
20,177,0001,0117,2017700010117,63,1.806179973983887
20,177,0001,0121,2017700010121,768,2.885926339801431
20,177,0001,0136,2017700010136,425,2.629409599102719
20,177,0001,0189,2017700010189,1478,3.1699681739968923
20,177,0001,0193,2017700010193,1180,3.072249897613515
20,177,0001,0206,2017700010206,0,0.0
20,178,0001,0025,2017800010025,543,2.73559889969818
20,178,0001,003A,201780001003A,310,2.4927603890268375
20,178,0001,0044,2017800010044,81,1.9138138523837167
20,178,0001,0059,2017800010059,43,1.6434526764861874
20,179,0001,0022,2017900010022,207,2.3180633349627615
20,179,0001,0037,2017900010037,516,2.7134905430939424
20,179,0001,0041,2017900010041,705,2.8488047010518036
20,179,0001,0056,2017900010056,0,0.0
20,179,0001,0060,2017900010060,19,1.3010299956639813
20,179,0001,0075,2017900010075,0,0.0
20,180,0001,0023,2018000010023,438,2.6424645202421213
20,180,0001,0042,2018000010042,330,2.519827993775719
20,180,0001,0057,2018000010057,692,2.8407332346118066
20,180,0001,0061,2018000010061,492,2.69284691927723
20,180,0001,0076,2018000010076,10,1.0413926851582251
20,181,0001,0020,2018100010020,282,2.45178643552429
20,182,0001,0028,2018200010028,966,2.9854264740830017
20,183,0001,003A,201830001003A,696,2.8432327780980096
20,184,0001,0018,2018400010018,2300,3.3619166186686433
20,184,0001,0037,2018400010037,4581,3.6610550848533787
20,184,0001,0056,2018400010056,2545,3.4058583993176366
20,184,0001,022A,201840001022A,5292,3.723701893991268
20,184,0001,0234,2018400010234,2896,3.461948495203762
20,184,0001,0249,2018400010249,3337,3.5234863323432277
20,184,0001,0253,2018400010253,5567,3.7456992266025058
20,184,0001,0357,2018400010357,5995,3.777861624176242
20,184,0001,0361,2018400010361,775,2.8898617212581885
20,184,0001,0376,2018400010376,2235,3.3494717992143856
20,184,0001,0380,2018400010380,2768,3.4423229557455746
20,184,0001,0395,2018400010395,2200,3.342620042553348
20,184,0001,0408,2018400010408,2754,3.4401216031878037
20,184,0001,0412,2018400010412,1787,3.2523675144598987
20,184,0001,0427,2018400010427,3948,3.5964871337365443
20,184,0001,0431,2018400010431,1925,3.2846562827885157
20,184,0001,0446,2018400010446,1775,3.249442961442582
20,184,0001,0450,2018400010450,961,2.983175072037813
20,184,0001,0465,2018400010465,1163,3.06595298031387
20,184,0001,047A,201840001047A,691,2.840106094456758
20,184,0001,0484,2018400010484,1499,3.1760912590556813
20,184,0001,0499,2018400010499,1829,3.2624510897304293
20,184,0001,0573,2018400010573,1726,3.237292337567459
20,184,0001,0592,2018400010592,2557,3.407900540142635
20,184,0001,0605,2018400010605,1831,3.2629254693318317
20,184,0001,061A,201840001061A,2295,3.3609718837259357
20,184,0001,0639,2018400010639,2579,3.41161970596323
20,184,0001,0643,2018400010643,2397,3.37984917876283
20,184,0001,0658,2018400010658,3395,3.530967681571915
20,184,0001,0662,2018400010662,1227,3.089198366805149
20,184,0001,0677,2018400010677,375,2.575187844927661
20,184,0001,0681,2018400010681,2344,3.370142847051102
20,184,0001,0696,2018400010696,2978,3.4740705032150436
20,184,0001,0709,2018400010709,2186,3.339848783037637
20,184,0001,0713,2018400010713,3337,3.5234863323432277
20,184,0001,0728,2018400010728,3529,3.5477747053878224
20,184,0001,0732,2018400010732,74,1.8750612633917
20,184,0001,0747,2018400010747,490,2.6910814921229687
20,184,0001,0751,2018400010751,2232,3.348888723071438
20,184,0001,0766,2018400010766,2129,3.3283796034387376
20,184,0001,0770,2018400010770,975,2.9894498176666917
20,184,0001,0785,2018400010785,921,2.9647309210536292
20,184,0001,079A,201840001079A,221,2.346352974450639
20,184,0001,0802,2018400010802,3062,3.4861469968065726
20,184,0001,0817,2018400010817,284,2.45484486000851
20,184,0001,0821,2018400010821,223,2.3502480183341627
20,184,0001,0836,2018400010836,60,1.7853298350107671
20,184,0001,0840,2018400010840,149,2.1760912590556813
20,184,0001,0855,2018400010855,430,2.6344772701607315
20,184,0001,086A,201840001086A,82,1.919078092376074
20,184,0001,0874,2018400010874,57,1.7634279935629373
20,184,0001,0893,2018400010893,57,1.7634279935629373
20,184,0001,0906,2018400010906,78,1.8976270912904414
20,184,0001,0910,2018400010910,208,2.3201462861110542
20,184,0001,0925,2018400010925,298,2.4756711883244296
20,184,0050,0319,2018400500319,3595,3.5558196830611912
20,184,0092,0520,2018400920520,365,2.5634810853944106
20,184,0092,0535,2018400920535,334,2.525044807036845
20,184,0092,054A,201840092054A,935,2.971275848738105
20,184,0092,0554,2018400920554,726,2.8615344108590377
20,184,0092,0569,2018400920569,641,2.807535028068853
20,184,0092,0889,2018400920889,8,0.9542425094393249
20,185,0001,0053,2018500010053,911,2.959994838328416
20,185,0001,0068,2018500010068,388,2.5899496013257077
20,185,0001,0072,2018500010072,605,2.782472624166286
20,185,0001,0087,2018500010087,693,2.841359470454855
20,185,0001,0091,2018500010091,624,2.7958800173440754
20,185,0001,0104,2018500010104,978,2.9907826918031377
20,185,0001,0119,2018500010119,55,1.7481880270062005
20,186,0001,0046,2018600010046,110,2.0453229787866576
20,186,0001,0065,2018600010065,149,2.1760912590556813
20,186,0001,007A,201860001007A,264,2.423245873936808
20,187,0001,0039,2018700010039,689,2.838849090737255
20,188,0001,0036,2018800010036,3096,3.490941205356787
20,188,0001,0040,2018800010040,864,2.9370161074648142
20,188,0001,0055,2018800010055,1327,3.1231980750319988
20,188,0001,006A,201880001006A,142,2.155336037465062
20,188,0001,0074,2018800010074,241,2.383815365980431
20,188,0001,0089,2018800010089,9,1.0
20,189,0001,0033,2018900010033,689,2.838849090737255
20,190,0001,0212,2019000010212,3424,3.534660575828444
20,190,0013,0373,2019000130373,893,2.951337518795918
20,190,0013,0388,2019000130388,1172,3.0692980121155293
20,190,0013,0405,2019000130405,30,1.4913616938342726
20,190,0013,041A,201900013041A,332,2.5224442335063197
20,190,0013,0424,2019000130424,506,2.705007959333336
20,190,0013,0439,2019000130439,737,2.8680563618230415
20,190,0013,0443,2019000130443,470,2.673020907128896
20,190,0013,0458,2019000130458,48,1.6901960800285136
20,191,0001,0027,2019100010027,278,2.4456042032735974
20,192,0001,0024,2019200010024,1453,3.162564406523019
20,192,0001,0039,2019200010039,25,1.414973347970818
20,192,0001,0043,2019200010043,37,1.5797835966168101
20,192,0001,0058,2019200010058,7,0.9030899869919435
20,193,0001,0021,2019300010021,1638,3.214578953570499
20,193,0001,0040,2019300010040,473,2.6757783416740852
20,193,0001,0055,2019300010055,573,2.7589118923979736
20,193,0001,006A,201930001006A,48,1.6901960800285136
20,193,0001,0074,2019300010074,37,1.5797835966168101
20,194,0001,0033,2019400010033,746,2.873320601815399
20,194,0001,0048,2019400010048,614,2.788875115775417
20,194,0001,0052,2019400010052,7,0.9030899869919435
20,194,0001,0067,2019400010067,3,0.6020599913279624
20,195,0001,0045,2019500010045,1030,3.0132586652835167
20,196,0001,0038,2019600010038,163,2.214843848047698
20,196,0001,0042,2019600010042,211,2.326335860928751
20,197,0001,0016,2019700010016,2921,3.465680211598278
20,197,0001,0035,2019700010035,52,1.724275869600789
20,197,0001,004A,201970001004A,118,2.0755469613925306
20,197,0001,0054,2019700010054,0,0.0
20,197,0001,0069,2019700010069,84,1.9294189257142926
20,198,0001,0140,2019800010140,566,2.7535830588929064
20,198,0001,0155,2019800010155,724,2.8603380065709936
20,198,0001,0210,2019800010210,1033,3.0145205387579237
20,198,0001,0225,2019800010225,1808,3.257438566859814
20,199,0001,0025,2019900010025,86,1.9395192526186185
20,199,0001,0044,2019900010044,178,2.2528530309798933
20,199,0001,0059,2019900010059,10,1.0413926851582251
20,199,0001,0063,2019900010063,6,0.8450980400142568
20,199,0001,0078,2019900010078,13,1.146128035678238
20,200,0001,0066,2020000010066,823,2.9159272116971158
20,200,0001,0070,2020000010070,952,2.979092900638326
20,200,0001,0085,2020000010085,78,1.8976270912904414
20,200,0001,009A,202000001009A,34,1.5440680443502757
20,200,0001,0102,2020000010102,5,0.7781512503836436
20,200,0001,0117,2020000010117,0,0.0
20,200,0001,0121,2020000010121,38,1.591064607026499
20,200,0001,0136,2020000010136,32,1.5185139398778875
20,201,0001,0025,2020100010025,539,2.7323937598229686
20,202,0001,0056,2020200010056,1402,3.1470576710283598
20,203,0001,0053,2020300010053,740,2.869818207979328
20,203,0001,0068,2020300010068,430,2.6344772701607315
20,203,0001,0072,2020300010072,14,1.1760912590556813
20,203,0001,0087,2020300010087,18,1.2787536009528289
20,203,0001,0091,2020300010091,17,1.255272505103306
20,203,0001,0104,2020300010104,10,1.0413926851582251
20,204,0001,0046,2020400010046,411,2.6148972160331345
20,205,0001,0096,2020500010096,326,2.514547752660286
20,205,0001,0109,2020500010109,77,1.8920946026904804
20,206,0001,0055,2020600010055,847,2.9283958522567137
20,206,0001,006A,202060001006A,637,2.8048206787211623
20,206,0001,0074,2020600010074,14,1.1760912590556813
20,207,0001,018A,202070001018A,1953,3.2909245593827543
20,208,0001,005A,202080001005A,411,2.6148972160331345
20,208,0001,0083,2020800010083,262,2.419955748489758
20,208,0001,0098,2020800010098,491,2.69196510276736
20,208,0001,0100,2020800010100,432,2.6364878963533656
20,208,0001,0115,2020800010115,77,1.8920946026904804
20,208,0001,012A,202080001012A,1,0.3010299956639812
20,209,0001,0023,2020900010023,607,2.783903579272735
20,210,0001,0039,2021000010039,206,2.315970345456918
20,211,0001,0036,2021100010036,557,2.7466341989375787
20,212,0001,0033,2021200010033,964,2.9845273133437926
20,213,0001,0045,2021300010045,2342,3.369772288596963
20,214,0001,0057,2021400010057,738,2.8686444383948255
20,214,0001,0061,2021400010061,486,2.6875289612146345
20,215,0001,0020,2021500010020,602,2.780317312140151
20,216,0001,0028,2021600010028,1233,3.091315159697223
20,217,0001,0025,2021700010025,250,2.399673721481038
20,218,0001,0022,2021800010022,541,2.733999286538387
20,219,0001,0034,2021900010034,1135,3.055378331375
20,219,0001,0049,2021900010049,1485,3.1720188094245563
20,219,0001,0053,2021900010053,6,0.8450980400142568
20,219,0001,0068,2021900010068,9,1.0
20,219,0001,0072,2021900010072,11,1.0791812460476249
20,220,0001,004A,202200001004A,482,2.683947130751512
20,221,0001,0028,2022100010028,408,2.611723308007342
20,221,0001,0032,2022100010032,22,1.3617278360175928
20,221,0001,0047,2022100010047,22,1.3617278360175928
20,222,0001,0025,2022200010025,780,2.8926510338773004
20,223,0001,0022,2022300010022,440,2.6444385894678386
20,224,0001,002A,202240001002A,516,2.7134905430939424
20,225,0001,0027,2022500010027,946,2.9763499790032735
20,225,0001,0031,2022500010031,469,2.6720978579357175
20,225,0001,0046,2022500010046,571,2.7573960287930244
20,226,0001,0039,2022600010039,1550,3.190611797813605
20,227,0001,0017,2022700010017,1067,3.0285712526925375
20,227,0001,0040,2022700010040,3391,3.5304558435846762
20,227,0001,0055,2022700010055,3297,3.5182506513085
20,227,0001,006A,202270001006A,2350,3.3712526291249394
20,227,0001,013A,202270001013A,56,1.7558748556724915
20,227,0001,0144,2022700010144,304,2.484299839346786
20,227,0003,0089,2022700030089,2183,3.3392526340327
20,227,0003,0093,2022700030093,1278,3.106870544478654
20,227,0003,0110,2022700030110,808,2.9079485216122722
20,227,0003,0125,2022700030125,897,2.9532763366673045
20,227,0003,0159,2022700030159,2,0.47712125471966244
20,228,0001,0029,2022800010029,833,2.921166050637739
20,229,0001,0045,2022900010045,1448,3.1610683854711747
20,230,0001,0027,2023000010027,340,2.5327543789924976
20,230,0001,0031,2023000010031,37,1.5797835966168101
20,230,0001,0046,2023000010046,105,2.0253058652647704
20,231,0001,0039,2023100010039,2994,3.4763968267253302
20,232,0001,0093,2023200010093,6152,3.7890869150880286
20,233,0001,0033,2023300010033,908,2.9585638832219674
20,233,0001,0048,2023300010048,806,2.90687353472207
20,234,0001,0026,2023400010026,469,2.6720978579357175
20,235,0001,0057,2023500010057,351,2.546542663478131
20,235,0001,0061,2023500010061,146,2.167317334748176
20,235,0001,0076,2023500010076,355,2.5514499979728753
20,235,0001,0080,2023500010080,0,0.0
20,236,0001,0020,2023600010020,1037,3.016197353512439
20,237,0001,0047,2023700010047,287,2.459392487759231
20,237,0001,0051,2023700010051,293,2.4683473304121573
20,237,0001,0066,2023700010066,234,2.3710678622717363
20,237,0001,0070,2023700010070,252,2.403120521175818
20,237,0001,0085,2023700010085,14,1.1760912590556813
20,237,0001,009A,202370001009A,0,0.0
20,237,0001,0102,2023700010102,28,1.462397997898956
20,237,0001,0117,2023700010117,7,0.9030899869919435
20,238,0001,0025,2023800010025,933,2.9703468762300935
20,239,0001,0022,2023900010022,20,1.3222192947339193
20,239,0001,0037,2023900010037,37,1.5797835966168101
20,239,0001,0041,2023900010041,57,1.7634279935629373
20,240,0001,0023,2024000010023,1283,3.1085650237328344
20,240,0001,0038,2024000010038,28,1.462397997898956
20,240,0001,0042,2024000010042,93,1.9731278535996986
20,241,0001,0020,2024100010020,1034,3.0149403497929366
20,242,0001,0047,2024200010047,3051,3.484584529282843
20,243,0001,003A,202430001003A,794,2.9003671286564705
20,243,0001,0044,2024300010044,1070,3.029789470831856
20,243,0001,0059,2024300010059,42,1.6334684555795864
20,243,0001,0063,2024300010063,23,1.380211241711606
20,243,0001,0078,2024300010078,4,0.6989700043360189
20,244,0001,0041,2024400010041,754,2.8779469516291885
20,244,0001,0056,2024400010056,480,2.682145076373832
20,244,0001,0060,2024400010060,596,2.775974331129369
20,244,0001,0075,2024400010075,23,1.380211241711606
20,244,0001,008A,202440001008A,12,1.1139433523068367
20,244,0001,0094,2024400010094,41,1.6232492903979006
20,244,0001,0107,2024400010107,88,1.9493900066449128
20,244,0001,0111,2024400010111,16,1.2304489213782739
20,245,0001,002A,202450001002A,605,2.782472624166286
20,246,0001,0027,2024600010027,483,2.6848453616444123
20,247,0001,0024,2024700010024,634,2.8027737252919755
20,247,0001,0039,2024700010039,923,2.9656719712201065
20,247,0001,0043,2024700010043,7,0.9030899869919435
20,247,0001,0058,2024700010058,4,0.6989700043360189
20,247,0001,0062,2024700010062,0,0.0
20,248,0001,0040,2024800010040,1712,3.2337573629655103
20,248,0001,0055,2024800010055,2123,3.3271545124094315
20,248,0001,006A,202480001006A,1255,3.0989896394011773
20,248,0001,0074,2024800010074,292,2.4668676203541096
20,248,0001,0089,2024800010089,78,1.8976270912904414
20,248,0001,0093,2024800010093,32,1.5185139398778875
20,248,0001,0106,2024800010106,21,1.3424226808222062
20,248,0001,0159,2024800010159,71,1.8573324964312685
20,248,0004,0110,2024800040110,815,2.9116901587538613
20,248,0004,0125,2024800040125,950,2.978180516937414
20,248,0004,013A,202480004013A,708,2.8506462351830666
20,248,0004,0144,2024800040144,803,2.905256048748451
20,248,0004,0163,2024800040163,13,1.146128035678238
20,249,0001,0029,2024900010029,2752,3.4398062113933303
20,250,0001,002A,202500001002A,463,2.6665179805548807
20,251,0001,0027,2025100010027,644,2.8095597146352675
20,251,0001,0031,2025100010031,230,2.3636119798921444
20,251,0001,0046,2025100010046,62,1.7993405494535817
20,251,0001,0050,2025100010050,56,1.7558748556724915
20,251,0001,0065,2025100010065,26,1.4313637641589874
20,251,0001,007A,202510001007A,5,0.7781512503836436
20,251,0001,0084,2025100010084,20,1.3222192947339193
20,251,0001,0099,2025100010099,28,1.462397997898956
20,251,0001,0101,2025100010101,24,1.3979400086720377
20,252,0001,0024,2025200010024,809,2.90848501887865
20,253,0001,0021,2025300010021,268,2.429752280002408
20,253,0001,0040,2025300010040,0,0.0
20,253,0001,0055,2025300010055,203,2.3096301674258988
20,254,0001,0052,2025400010052,956,2.9809119377768436
20,255,0001,0045,2025500010045,720,2.857935264719429
20,255,0001,005A,202550001005A,963,2.984077033902831
20,256,0001,0023,2025600010023,220,2.3443922736851106
20,257,0001,0020,2025700010020,705,2.8488047010518036
20,258,0001,0032,2025800010032,151,2.1818435879447726
20,258,0001,0047,2025800010047,137,2.1398790864012365
20,259,0001,0025,2025900010025,1198,3.0788191830988487
20,259,0001,003A,202590001003A,178,2.2528530309798933
20,259,0001,0044,2025900010044,403,2.606381365110605
20,259,0001,0059,2025900010059,0,0.0
20,259,0001,0063,2025900010063,7,0.9030899869919435
20,260,0001,0026,2026000010026,1605,3.205745540942662
20,261,0001,0042,2026100010042,726,2.8615344108590377
20,262,0001,0035,2026200010035,200,2.303196057420489
20,263,0001,0028,2026300010028,1935,3.286905352972375
20,264,0001,0025,2026400010025,284,2.45484486000851
20,265,0001,0130,2026500010130,316,2.5010592622177517
20,265,0001,0183,2026500010183,1025,3.0111473607757975
20,266,0001,0091,2026600010091,886,2.9479236198317262
20,267,0001,0027,2026700010027,245,2.3909351071033793
20,268,0001,0024,2026800010024,973,2.9885589568786157
20,269,0001,0021,2026900010021,441,2.645422269349092
20,269,0001,0040,2026900010040,147,2.1702617153949575
20,269,0001,0055,2026900010055,285,2.456366033129043
20,269,0001,006A,202690001006A,239,2.380211241711606
20,269,0001,0074,2026900010074,45,1.662757831681574
20,269,0001,0089,2026900010089,76,1.8864907251724818
20,269,0001,0093,2026900010093,2,0.47712125471966244
20,270,0001,0022,2027000010022,667,2.824776462475546
20,271,0001,002A,202710001002A,811,2.9095560292411755
20,272,0001,0046,2027200010046,2058,3.3136563466180315
20,272,0001,0050,2027200010050,1579,3.1986570869544226
20,272,0001,0065,2027200010065,426,2.630427875025024
20,272,0001,007A,202720001007A,1482,3.1711411510283822
20,272,0001,0084,2027200010084,345,2.5390760987927767
20,273,0001,0039,2027300010039,1055,3.0236639181977933
20,274,0001,0021,2027400010021,408,2.611723308007342
20,275,0001,0052,2027500010052,1279,3.1072099696478683
20,275,0001,0067,2027500010067,2358,3.3727279408855955
20,276,0001,0026,2027600010026,467,2.670245853074124
20,277,0001,017A,202770001017A,705,2.8488047010518036
20,277,0001,0184,2027700010184,396,2.598790506763115
20,277,0001,0220,2027700010220,563,2.751279103983342
20,277,0001,0235,2027700010235,775,2.8898617212581885
20,278,0001,0105,2027800010105,2064,3.31492005599242
20,278,0001,011A,202780001011A,707,2.850033257689769
20,278,0001,0124,2027800010124,188,2.2764618041732443
20,278,0001,0143,2027800010143,2119,3.326335860928751
20,278,0001,0158,2027800010158,2185,3.339650157613684
20,279,0001,0028,2027900010028,1781,3.250907699700856
20,280,0001,0048,2028000010048,856,2.932980821923198
20,280,0001,0052,2028000010052,394,2.59659709562646
20,280,0001,0067,2028000010067,242,2.385606273598312
20,280,0001,0071,2028000010071,7,0.9030899869919435
20,281,0001,0026,2028100010026,229,2.361727836017593
20,282,0001,0076,2028200010076,575,2.760422483423212
20,283,0001,0035,2028300010035,264,2.423245873936808
20,283,0001,004A,202830001004A,185,2.2695129442179165
20,283,0001,0054,2028300010054,121,2.0863598306747484
20,284,0001,0032,2028400010032,1416,3.1513698502474603
20,284,0001,0047,2028400010047,1679,3.225309281725863
20,284,0001,0051,2028400010051,13,1.146128035678238
20,285,0001,0044,2028500010044,540,2.7331972651065692
20,285,0001,0059,2028500010059,879,2.9444826721501687
20,285,0001,0063,2028500010063,756,2.8790958795000727
20,285,0001,0078,2028500010078,39,1.6020599913279623
20,285,0001,0082,2028500010082,6,0.8450980400142568
20,285,0001,0097,2028500010097,0,0.0
20,285,0001,010A,202850001010A,31,1.505149978319906
20,285,0001,0114,2028500010114,0,0.0
20,285,0001,0129,2028500010129,4,0.6989700043360189
20,285,0001,0133,2028500010133,18,1.2787536009528289
20,286,0001,0022,2028600010022,27,1.4471580313422192
20,286,0001,0037,2028600010037,885,2.9474337218870508
20,286,0001,0041,2028600010041,618,2.791690649020118
20,286,0001,0056,2028600010056,13,1.146128035678238
20,286,0001,0060,2028600010060,19,1.3010299956639813
20,287,0001,0034,2028700010034,129,2.113943352306837
20,287,0001,0049,2028700010049,101,2.0086001717619175
20,288,0001,0027,2028800010027,452,2.656098202012832
20,289,0001,0024,2028900010024,883,2.946452265013073
20,290,0001,0025,2029000010025,812,2.910090545594068
20,291,0001,0056,2029100010056,707,2.850033257689769
20,292,0001,0034,2029200010034,310,2.4927603890268375
20,293,0001,0031,2029300010031,2155,3.3336487565147013
20,293,0001,0046,2029300010046,378,2.578639209968072
20,293,0001,0050,2029300010050,1124,3.0511525224473814
20,293,0001,0065,2029300010065,793,2.8998205024270964
20,293,0001,0120,2029300010120,34,1.5440680443502757
20,293,0001,0135,2029300010135,75,1.8808135922807914
20,293,0001,014A,202930001014A,144,2.161368002234975
20,293,0003,0084,2029300030084,587,2.7693773260761385
20,293,0003,0099,2029300030099,1117,3.0484418035504044
20,293,0003,0101,2029300030101,1673,3.2237554536572413
20,293,0003,0116,2029300030116,3814,3.5814945422908995
20,294,0001,0043,2029400010043,1026,3.0115704435972783
20,294,0001,0058,2029400010058,1077,3.03261876085072
20,294,0001,0062,2029400010062,930,2.9689496809813427
20,294,0001,0077,2029400010077,1702,3.231214647962601
20,294,0001,0081,2029400010081,1337,3.1264561134318045
20,295,0001,0040,2029500010040,1774,3.249198357391113
20,295,0001,0055,2029500010055,1162,3.0655797147284485
20,295,0001,006A,202950001006A,2365,3.3740147402919116
20,295,0001,0074,2029500010074,4257,3.629205657102304
20,295,0001,0089,2029500010089,6,0.8450980400142568
20,295,0001,0093,2029500010093,46,1.6720978579357175
20,296,0001,0048,2029600010048,169,2.230448921378274
20,296,0001,0052,2029600010052,236,2.374748346010104
20,296,0001,0067,2029600010067,23,1.380211241711606
20,296,0001,0071,2029600010071,6,0.8450980400142568
20,297,0001,0030,2029700010030,265,2.424881636631067
20,298,0001,0061,2029800010061,2201,3.342817314635733
20,298,0001,0076,2029800010076,2943,3.4689378056654614
20,298,0001,0080,2029800010080,2387,3.3780343224573315
20,298,0001,0095,2029800010095,1993,3.2997251539756367
20,298,0001,0108,2029800010108,115,2.0644579892269186
20,298,0001,0112,2029800010112,15,1.2041199826559248
20,299,0001,0020,2029900010020,1125,3.0515383905153275
20,300,0001,0042,2030000010042,1179,3.0718820073061255
20,300,0001,0057,2030000010057,986,2.9943171526696366
20,300,0001,0061,2030000010061,1043,3.0187004986662433
20,300,0001,0076,2030000010076,1052,3.0224283711854865
20,300,0001,0080,2030000010080,524,2.720159303405957
20,300,0001,0095,2030000010095,0,0.0
20,300,0001,0108,2030000010108,120,2.0827853703164503
20,300,0001,0112,2030000010112,18,1.2787536009528289
20,301,0001,0035,2030100010035,644,2.8095597146352675
20,301,0001,004A,203010001004A,830,2.919601023784111
20,302,0001,0028,2030200010028,1198,3.0788191830988487
20,302,0001,0032,2030200010032,374,2.574031267727719
20,302,0001,0047,2030200010047,1157,3.0637085593914173
20,303,0001,0025,2030300010025,612,2.787460474518415
20,303,0001,003A,203030001003A,420,2.6242820958356683
20,303,0001,0044,2030300010044,49,1.6989700043360187
20,304,0001,0022,2030400010022,194,2.290034611362518
20,305,0001,0034,2030500010034,2005,3.302330928684399
20,305,0001,0049,2030500010049,956,2.9809119377768436
20,305,0001,0053,2030500010053,757,2.8796692056320534
20,305,0001,0068,2030500010068,229,2.361727836017593
20,305,0001,0072,2030500010072,103,2.0170333392987803
20,305,0001,0087,2030500010087,46,1.6720978579357175
20,305,0001,0091,2030500010091,54,1.7403626894942439
20,305,0001,0104,2030500010104,82,1.919078092376074
20,305,0001,0119,2030500010119,33,1.5314789170422551
20,306,0001,0031,2030600010031,738,2.8686444383948255
20,307,0001,0113,2030700010113,938,2.972665592266111
20,307,0001,0128,2030700010128,1054,3.0232524596337114
20,307,0001,0132,2030700010132,151,2.1818435879447726
20,307,0001,0166,2030700010166,114,2.060697840353612
20,307,0001,0170,2030700010170,53,1.7323937598229686
20,308,0001,0021,2030800010021,3247,3.5116160205691376
20,309,0001,0033,2030900010033,2051,3.3121773564397787
20,309,0001,0048,2030900010048,1347,3.129689892199301
20,309,0001,0052,2030900010052,42,1.6334684555795864
20,310,0001,002A,203100001002A,3888,3.58983794314746
20,311,0001,0031,2031100010031,464,2.667452952889954
20,312,0001,0039,2031200010039,1923,3.284205067701794
20,312,0001,0058,2031200010058,174,2.2430380486862944
20,312,0001,0062,2031200010062,21,1.3424226808222062
20,312,0001,0077,2031200010077,966,2.9854264740830017
20,312,0001,0081,2031200010081,1302,3.1149444157125847
20,313,0001,0021,2031300010021,712,2.8530895298518657
20,314,0001,0033,2031400010033,1145,3.059184617631371
20,314,0001,0048,2031400010048,300,2.4785664955938436
20,315,0001,0026,2031500010026,1899,3.278753600952829
20,316,0001,0038,2031600010038,571,2.7573960287930244
20,316,0001,0042,2031600010042,58,1.7708520116421442
20,316,0001,0057,2031600010057,25,1.414973347970818
20,316,0001,0061,2031600010061,24,1.3979400086720377
20,316,0001,0076,2031600010076,4,0.6989700043360189
20,316,0001,0080,2031600010080,56,1.7558748556724915
20,317,0001,0020,2031700010020,254,2.406540180433955
20,317,0001,0035,2031700010035,49,1.6989700043360187
20,317,0001,004A,203170001004A,4,0.6989700043360189
20,318,0001,0278,2031800010278,1713,3.2340108175871793
20,318,0001,0475,2031800010475,1927,3.285107029566812
20,318,0001,048A,203180001048A,1391,3.1436392352745433
20,318,0001,0545,2031800010545,72,1.863322860120456
20,318,0002,0174,2031800020174,2932,3.467312062980552
20,318,0002,0189,2031800020189,2145,3.3316297176299323
20,318,0002,0210,2031800020210,543,2.73559889969818
20,318,0002,0225,2031800020225,952,2.979092900638326
20,318,0002,055A,203180002055A,51,1.7160033436347992
20,318,0002,0564,2031800020564,71,1.8573324964312685
20,318,0009,009A,203180009009A,249,2.3979400086720375
20,318,0009,0102,2031800090102,504,2.7032913781186614
20,318,0009,0117,2031800090117,1121,3.0499928569201424
20,318,0009,023A,203180009023A,592,2.7730546933642626
20,318,0009,0244,2031800090244,1588,3.2011238972073794
20,318,0009,0259,2031800090259,1721,3.236033147117636
20,318,0009,0263,2031800090263,1220,3.0867156639448825
20,318,0009,0297,2031800090297,594,2.7745169657285498
20,318,0009,030A,203180009030A,1082,3.0346284566253203
20,318,0009,0314,2031800090314,650,2.813580988568192
20,318,0009,0329,2031800090329,351,2.546542663478131
20,318,0009,0333,2031800090333,1521,3.182414652434554
20,318,0009,0348,2031800090348,1661,3.220631019448092
20,318,0009,0367,2031800090367,2742,3.4382258076045296
20,318,0009,0371,2031800090371,1632,3.212986184736668
20,318,0009,0386,2031800090386,1371,3.137354111370733
20,318,0009,0390,2031800090390,127,2.1072099696478683
20,318,0009,0418,2031800090418,2054,3.312811826212088
20,318,0009,0422,2031800090422,1317,3.119915410257991
20,318,0009,0437,2031800090437,2550,3.40671045860979
20,318,0009,0441,2031800090441,370,2.569373909615046
20,318,0009,0456,2031800090456,443,2.6473829701146196
20,318,0009,0460,2031800090460,1002,3.0013009330204183
20,318,0009,0494,2031800090494,61,1.792391689498254
20,318,0009,0507,2031800090507,1280,3.1075491297446862
20,318,0009,0511,2031800090511,1331,3.1245042248342823
20,318,0009,0526,2031800090526,622,2.7944880466591697
20,318,0009,0530,2031800090530,147,2.1702617153949575
20,319,0001,003A,203190001003A,968,2.986323777050765
20,320,0001,0026,2032000010026,85,1.9344984512435677
20,320,0001,0030,2032000010030,217,2.3384564936046046
20,320,0001,0045,2032000010045,93,1.9731278535996986
20,321,0001,0023,2032100010023,389,2.591064607026499
20,322,0001,0020,2032200010020,786,2.8959747323590648
20,323,0001,0032,2032300010032,601,2.7795964912578244
20,323,0001,0047,2032300010047,723,2.859738566197147
20,324,0001,0059,2032400010059,1,0.3010299956639812
20,324,0001,0133,2032400010133,2505,3.398981066658131
20,324,0001,0152,2032400010152,5225,3.718169405391307
20,324,0001,0167,2032400010167,1979,3.296665190261531
20,324,0001,0171,2032400010171,3191,3.5040628826786917
20,324,0001,0186,2032400010186,1170,3.068556895072363
20,324,0025,0203,2032400250203,1597,3.2035767749779724
20,324,0025,0218,2032400250218,1394,3.144574207609616
20,325,0001,0060,2032500010060,3831,3.583425500406507
20,325,0001,0164,2032500010164,93,1.9731278535996986
20,325,0001,0179,2032500010179,30,1.4913616938342726
20,325,0039,0126,2032500390126,1484,3.171726453653231
20,325,0039,0130,2032500390130,750,2.8756399370041685
20,325,0039,0145,2032500390145,1408,3.1489109931093564
20,325,0039,015A,203250039015A,17,1.255272505103306
20,325,0039,0183,2032500390183,104,2.0211892990699383
20,325,0039,0198,2032500390198,7,0.9030899869919435
20,326,0001,0034,2032600010034,1875,3.2732328340430454
20,327,0001,0135,2032700010135,1314,3.1189257528257768
20,327,0001,0154,2032700010154,885,2.9474337218870508
20,327,0001,0169,2032700010169,1457,3.163757523981956
20,327,0001,0205,2032700010205,711,2.8524799936368566
20,327,0001,0281,2032700010281,867,2.938519725176492
20,327,0001,0296,2032700010296,1098,3.0409976924234905
20,327,0001,0309,2032700010309,687,2.837588438235511
20,327,0001,0313,2032700010313,989,2.99563519459755
20,327,0001,0328,2032700010328,29,1.4771212547196624
20,327,0001,0332,2032700010332,75,1.8808135922807914
20,327,0001,0347,2032700010347,42,1.6334684555795864
20,328,0001,0039,2032800010039,683,2.835056101720116
20,328,0001,0043,2032800010043,724,2.8603380065709936
20,328,0001,0058,2032800010058,8,0.9542425094393249
20,328,0001,0062,2032800010062,23,1.380211241711606
20,329,0001,0036,2032900010036,458,2.661812685537261
20,330,0001,0037,2033000010037,996,2.998695158311656
20,331,0001,0034,2033100010034,505,2.7041505168397992
20,331,0001,0049,2033100010049,396,2.598790506763115
20,332,0001,0027,2033200010027,110,2.0453229787866576
20,332,0001,0031,2033200010031,49,1.6989700043360187
20,333,0001,0058,2033300010058,1207,3.082066934285113
20,333,0001,0062,2033300010062,549,2.7403626894942437
20,334,0001,0182,2033400010182,699,2.845098040014257
20,334,0001,0233,2033400010233,655,2.8169038393756605
20,334,0001,0322,2033400010322,540,2.7331972651065692
20,334,0024,045A,203340024045A,943,2.974971994298069
20,334,0024,0464,2033400240464,1075,3.0318122713303706
20,334,0024,0479,2033400240479,674,2.829303772831025
20,334,0024,0572,2033400240572,23,1.380211241711606
20,334,0024,0587,2033400240587,69,1.845098040014257
20,334,0034,0248,2033400340248,2222,3.3469394626989906
20,334,0034,0271,2033400340271,1485,3.1720188094245563
20,334,0034,0286,2033400340286,1184,3.0737183503461227
20,334,0034,0290,2033400340290,630,2.8000293592441343
20,334,0034,0303,2033400340303,139,2.146128035678238
20,334,0034,038A,203340034038A,1403,3.1473671077937864
20,334,0034,0394,2033400340394,2452,3.3896975482063856
20,334,0034,0430,2033400340430,100,2.0043213737826426
20,334,0034,0483,2033400340483,1417,3.151676230847048
20,334,0034,0498,2033400340498,744,2.8721562727482928
20,334,0034,0500,2033400340500,441,2.645422269349092
20,334,0034,0515,2033400340515,64,1.8129133566428555
20,334,0034,052A,203340034052A,178,2.2528530309798933
20,334,0034,0534,2033400340534,46,1.6720978579357175
20,334,0034,0549,2033400340549,1516,3.1809855807867304
20,334,0034,0553,2033400340553,1167,3.0674428427763805
20,334,0034,0591,2033400340591,117,2.0718820073061255
20,334,0034,0619,2033400340619,55,1.7481880270062005
20,334,0034,0623,2033400340623,13,1.146128035678238
20,334,0038,0407,2033400380407,1974,3.295567099962479
20,334,0038,0411,2033400380411,2302,3.362293937964231
20,334,0038,0604,2033400380604,96,1.9867717342662448
20,334,0038,0638,2033400380638,65,1.8195439355418688
20,334,0038,0642,2033400380642,28,1.462397997898956
20,334,0038,0657,2033400380657,297,2.4742162640762553
20,334,0038,0661,2033400380661,163,2.214843848047698
20,334,0038,0676,2033400380676,104,2.0211892990699383
20,334,0044,0106,2033400440106,2621,3.4186326873540653
20,335,0001,0029,2033500010029,490,2.6910814921229687
20,336,0001,0030,2033600010030,759,2.8808135922807914
20,337,0001,0042,2033700010042,931,2.9694159123539814
20,337,0001,0057,2033700010057,1285,3.109240968588203
20,337,0001,0061,2033700010061,53,1.7323937598229686
20,337,0001,0076,2033700010076,20,1.3222192947339193
20,337,0001,0080,2033700010080,9,1.0
20,337,0001,0095,2033700010095,20,1.3222192947339193
20,337,0001,0108,2033700010108,29,1.4771212547196624
20,338,0001,0054,2033800010054,3413,3.5332635167787148
20,338,0001,0069,2033800010069,314,2.4983105537896004
20,338,0001,0073,2033800010073,1713,3.2340108175871793
20,338,0001,0088,2033800010088,2183,3.3392526340327
20,338,0001,0092,2033800010092,259,2.4149733479708178
20,338,0001,0105,2033800010105,57,1.7634279935629373
20,338,0001,011A,203380001011A,58,1.7708520116421442
20,339,0001,0032,2033900010032,944,2.975431808509263
20,339,0001,0051,2033900010051,675,2.829946695941636
20,339,0001,0066,2033900010066,105,2.0253058652647704
20,339,0001,0070,2033900010070,27,1.4471580313422192
20,339,0001,0085,2033900010085,229,2.361727836017593
20,339,0001,009A,203390001009A,23,1.380211241711606
20,339,0001,0102,2033900010102,51,1.7160033436347992
20,339,0001,0117,2033900010117,0,0.0
20,339,0001,0121,2033900010121,24,1.3979400086720377
20,340,0001,0067,2034000010067,385,2.586587304671755
20,341,0001,0026,2034100010026,189,2.278753600952829
20,341,0001,0030,2034100010030,12,1.1139433523068367
20,341,0001,0045,2034100010045,40,1.6127838567197355
20,342,0001,0023,2034200010023,2499,3.3979400086720375
20,343,0001,0020,2034300010020,1537,3.1869563354654122
20,344,0001,0047,2034400010047,1226,3.088844562727004
20,345,0001,003A,203450001003A,136,2.1367205671564067
20,345,0001,0044,2034500010044,241,2.383815365980431
20,345,0001,0059,2034500010059,530,2.725094521081469
20,345,0001,0063,2034500010063,371,2.5705429398818973
20,345,0001,0078,2034500010078,73,1.8692317197309762
20,345,0001,0082,2034500010082,35,1.5563025007672873
20,346,0001,0037,2034600010037,716,2.8555191556678
20,346,0001,0041,2034600010041,682,2.8344207036815328
20,346,0001,0056,2034600010056,27,1.4471580313422192
20,347,0001,0034,2034700010034,1124,3.0511525224473814
20,348,0001,0065,2034800010065,376,2.576341350205793
20,348,0001,0099,2034800010099,911,2.959994838328416
20,348,0001,0101,2034800010101,1220,3.0867156639448825
20,348,0001,0116,2034800010116,100,2.0043213737826426
20,348,0001,0120,2034800010120,101,2.0086001717619175
20,349,0001,0024,2034900010024,1808,3.257438566859814
20,349,0001,0039,2034900010039,32,1.5185139398778875
20,349,0001,0043,2034900010043,17,1.255272505103306
20,350,0001,0025,2035000010025,5748,3.759592308645975
20,350,0002,0059,2035000020059,2684,3.428944290035574
20,350,0002,0063,2035000020063,2154,3.3334472744967503
20,350,0002,0082,2035000020082,2269,3.3560258571931225
20,350,0002,0097,2035000020097,2522,3.4019172505175748
20,350,0002,010A,203500002010A,1194,3.0773679052841563
20,350,0002,0114,2035000020114,0,0.0
20,350,0002,0129,2035000020129,251,2.401400540781544
20,351,0001,0037,2035100010037,487,2.6884198220027105
20,351,0001,0041,2035100010041,894,2.951823035315912
20,351,0001,0056,2035100010056,17,1.255272505103306
20,352,0001,002A,203520001002A,1648,3.217220655644519
20,353,0001,0027,2035300010027,2307,3.363235804483694
20,353,0001,0031,2035300010031,78,1.8976270912904414
20,353,0001,0046,2035300010046,15,1.2041199826559248
20,353,0001,0050,2035300010050,6,0.8450980400142568
20,354,0001,0024,2035400010024,346,2.5403294747908736
20,355,0001,0021,2035500010021,486,2.6875289612146345
20,356,0001,0029,2035600010029,1251,3.097604328874411
20,356,0001,0033,2035600010033,838,2.9237619608287004
20,356,0001,0048,2035600010048,10,1.0413926851582251
20,356,0001,0052,2035600010052,16,1.2304489213782739
20,356,0001,0067,2035600010067,41,1.6232492903979006
20,356,0001,0071,2035600010071,6,0.8450980400142568
20,356,0001,0086,2035600010086,4,0.6989700043360189
20,356,0001,0090,2035600010090,5,0.7781512503836436
20,356,0001,0103,2035600010103,4,0.6989700043360189
20,356,0001,0118,2035600010118,4,0.6989700043360189
20,357,0001,0026,2035700010026,391,2.593286067020457
20,357,0001,0030,2035700010030,64,1.8129133566428555
20,357,0001,0045,2035700010045,198,2.298853076409707
20,357,0001,005A,203570001005A,195,2.292256071356476
20,358,0001,0023,2035800010023,947,2.976808337338066
20,358,0001,0038,2035800010038,133,2.1271047983648077
20,359,0001,0035,2035900010035,280,2.44870631990508
20,359,0001,004A,203590001004A,342,2.5352941200427703
20,359,0001,0054,2035900010054,5,0.7781512503836436
20,359,0001,0069,2035900010069,10,1.0413926851582251
20,360,0001,0036,2036000010036,1194,3.0773679052841563
20,360,0001,0055,2036000010055,791,2.8987251815894934
20,360,0001,006A,203600001006A,708,2.8506462351830666
20,360,0001,0074,2036000010074,30,1.4913616938342726
20,360,0001,0089,2036000010089,18,1.2787536009528289
20,360,0001,0093,2036000010093,29,1.4771212547196624
20,360,0001,0106,2036000010106,22,1.3617278360175928
20,360,0001,0110,2036000010110,8,0.9542425094393249
20,360,0001,0125,2036000010125,12,1.1139433523068367
20,360,0001,013A,203600001013A,13,1.146128035678238
20,360,0001,0144,2036000010144,8,0.9542425094393249
20,360,0001,0159,2036000010159,13,1.146128035678238
20,360,0001,0163,2036000010163,17,1.255272505103306
20,360,0001,0178,2036000010178,13,1.146128035678238
20,360,0001,0182,2036000010182,3,0.6020599913279624
20,361,0001,0033,2036100010033,825,2.9169800473203824
20,362,0001,0045,2036200010045,827,2.9180303367848803
20,362,0001,005A,203620001005A,565,2.7528164311882715
20,363,0001,0042,2036300010042,236,2.374748346010104
20,363,0001,0061,2036300010061,272,2.436162647040756
20,363,0001,0076,2036300010076,233,2.369215857410143
20,364,0001,0143,2036400010143,3581,3.554125581513013
20,364,0001,0158,2036400010158,3739,3.5728716022004803
20,364,0001,0162,2036400010162,764,2.8836614351536176
20,365,0001,0047,2036500010047,89,1.954242509439325
20,365,0001,0051,2036500010051,94,1.9777236052888478
20,366,0001,0044,2036600010044,2599,3.4149733479708178
20,366,0001,0063,2036600010063,384,2.5854607295085006
20,367,0001,0037,2036700010037,1743,3.2415464805965484
20,367,0001,0041,2036700010041,2719,3.4345689040341987
20,367,0001,0056,2036700010056,5,0.7781512503836436
20,367,0001,0060,2036700010060,59,1.7781512503836436
20,368,0001,0049,2036800010049,514,2.711807229041191
20,368,0001,0053,2036800010053,449,2.6532125137753435
20,368,0001,0068,2036800010068,539,2.7323937598229686
20,368,0001,0072,2036800010072,474,2.6766936096248664
20,369,0001,0027,2036900010027,2166,3.335858911319818
20,370,0001,0028,2037000010028,313,2.496929648073215
20,371,0001,0025,2037100010025,347,2.5415792439465807
20,371,0001,003A,203710001003A,212,2.3283796034387376
20,371,0001,0044,2037100010044,33,1.5314789170422551
20,372,0001,0022,2037200010022,324,2.5118833609788744
20,373,0001,0034,2037300010034,287,2.459392487759231
20,374,0001,0027,2037400010027,872,2.9410142437055695
20,375,0001,0024,2037500010024,2933,3.4674601095072637
20,375,0001,0043,2037500010043,1709,3.2329961103921536
20,375,0001,0058,2037500010058,2121,3.3267453795653217
20,375,0001,0062,2037500010062,2344,3.370142847051102
20,375,0001,0077,2037500010077,402,2.6053050461411096
20,375,0001,0081,2037500010081,2091,3.3205616801952367
20,375,0001,0096,2037500010096,1465,3.166133970305109
20,375,0001,0109,2037500010109,135,2.1335389083702174
20,376,0001,0021,2037600010021,265,2.424881636631067
20,376,0001,0036,2037600010036,25,1.414973347970818
20,376,0001,0040,2037600010040,67,1.8325089127062364
20,376,0001,0055,2037600010055,8,0.9542425094393249
20,377,0001,0090,2037700010090,505,2.7041505168397992
20,377,0001,0103,2037700010103,368,2.56702636615906
20,377,0001,0118,2037700010118,92,1.968482948553935
20,378,0001,0026,2037800010026,1370,3.1370374547895126
20,379,0001,0023,2037900010023,404,2.6074550232146687
20,379,0001,0038,2037900010038,0,0.0
20,379,0001,0042,2037900010042,16,1.2304489213782739
20,379,0001,0057,2037900010057,2,0.47712125471966244
20,380,0001,0024,2038000010024,1833,3.263399331334002
20,380,0001,0039,2038000010039,243,2.387389826338729
20,380,0001,0043,2038000010043,166,2.2227164711475833
20,381,0001,0036,2038100010036,1032,3.0141003215196207
20,381,0001,0040,2038100010040,809,2.90848501887865
20,381,0001,0055,2038100010055,506,2.705007959333336
20,381,0001,006A,203810001006A,17,1.255272505103306
20,381,0001,0074,2038100010074,8,0.9542425094393249
20,381,0001,0089,2038100010089,21,1.3424226808222062
20,381,0001,0093,2038100010093,24,1.3979400086720377
20,381,0001,0106,2038100010106,13,1.146128035678238
20,381,0001,0110,2038100010110,3,0.6020599913279624
20,381,0001,0125,2038100010125,0,0.0
20,382,0001,0029,2038200010029,398,2.6009728956867484
20,382,0001,0033,2038200010033,231,2.3654879848909
20,383,0001,0026,2038300010026,114,2.060697840353612
20,384,0001,0042,2038400010042,1778,3.250175948083925
20,384,0001,0057,2038400010057,2190,3.3406423775607053
20,384,0001,0061,2038400010061,0,0.0
20,385,0001,0035,2038500010035,2574,3.41077723337721
20,385,0001,0088,2038500010088,2296,3.361160995195026
20,385,0001,0124,2038500010124,4833,3.6843066460716316
20,385,0001,0139,2038500010139,3206,3.5060989599284405
20,385,0001,0143,2038500010143,2454,3.3900514964589874
20,385,0001,0158,2038500010158,3806,3.580582876814367
20,385,0001,0162,2038500010162,1012,3.0056094453602804
20,385,0001,0177,2038500010177,1192,3.076640443670342
20,385,0001,0181,2038500010181,2579,3.41161970596323
20,385,0001,0196,2038500010196,2483,3.3951515915045425
20,385,0001,0209,2038500010209,1064,3.0273496077747564
20,385,0001,0213,2038500010213,1555,3.1920095926536702
20,385,0001,0228,2038500010228,1306,3.116275587580544
20,385,0001,0232,2038500010232,3695,3.567731962548069
20,385,0001,0247,2038500010247,3239,3.510545010206612
20,385,0001,0251,2038500010251,3354,3.525692524505011
20,385,0001,0266,2038500010266,2089,3.3201462861110542
20,385,0001,0270,2038500010270,3911,3.592398846115564
20,385,0001,0285,2038500010285,4749,3.6766936096248664
20,385,0001,0302,2038500010302,351,2.546542663478131
20,385,0001,0317,2038500010317,3085,3.4893959217271293
20,385,0001,0321,2038500010321,702,2.846955325019824
20,385,0001,0336,2038500010336,1754,3.244277120801843
20,385,0001,0340,2038500010340,1453,3.162564406523019
20,385,0001,0355,2038500010355,1207,3.082066934285113
20,385,0001,036A,203850001036A,1396,3.1451964061141817
20,385,0001,0374,2038500010374,935,2.971275848738105
20,385,0001,0389,2038500010389,1466,3.166430113843283
20,385,0001,0393,2038500010393,1913,3.281941933440825
20,385,0001,0406,2038500010406,2271,3.3564083270389813
20,385,0001,0410,2038500010410,1980,3.296884475538547
20,385,0001,043A,203850001043A,58,1.7708520116421442
20,385,0001,0444,2038500010444,5,0.7781512503836436
20,385,0001,0459,2038500010459,42,1.6334684555795864
20,385,0001,0463,2038500010463,1809,3.2576785748691846
20,385,0001,0478,2038500010478,225,2.3541084391474008
20,385,0001,0482,2038500010482,1279,3.1072099696478683
20,385,0001,0497,2038500010497,736,2.8674674878590514
20,385,0001,050A,203850001050A,372,2.571708831808688
20,385,0001,0514,2038500010514,297,2.4742162640762553
20,385,0001,0529,2038500010529,168,2.2278867046136734
20,385,0001,0533,2038500010533,2329,3.367355921026019
20,385,0001,0548,2038500010548,634,2.8027737252919755
20,385,0001,0552,2038500010552,108,2.037426497940624
20,385,0001,0567,2038500010567,160,2.2068258760318495
20,385,0001,0571,2038500010571,52,1.724275869600789
20,385,0001,0586,2038500010586,52,1.724275869600789
20,385,0001,0590,2038500010590,148,2.173186268412274
20,385,0001,0603,2038500010603,59,1.7781512503836436
20,385,0001,0618,2038500010618,47,1.6812412373755872
20,385,0001,0622,2038500010622,477,2.6794278966121188
20,385,0001,0637,2038500010637,24,1.3979400086720377
20,385,0001,0641,2038500010641,212,2.3283796034387376
20,385,0001,0656,2038500010656,1973,3.295347148333618
20,385,0001,0660,2038500010660,672,2.828015064223977
20,385,0009,0675,2038500090675,2664,3.425697213362591
20,385,0070,0016,2038500700016,2604,3.4158077276355434
20,386,0001,0070,2038600010070,693,2.841359470454855
20,387,0001,003A,203870001003A,1076,3.0322157032979815
20,387,0001,0044,2038700010044,1429,3.155336037465062
20,387,0001,0059,2038700010059,42,1.6334684555795864
20,388,0001,0022,2038800010022,667,2.824776462475546
20,389,0001,002A,203890001002A,889,2.949390006644913
20,389,0001,0034,2038900010034,19,1.3010299956639813
20,390,0001,004A,203900001004A,2200,3.342620042553348
20,390,0001,0054,2039000010054,2477,3.3941013020400446
20,390,0001,0073,2039000010073,1841,3.26528962586083
20,390,0001,0088,2039000010088,4647,3.6672661193822744
20,390,0001,0092,2039000010092,1619,3.2095150145426308
20,390,0001,0105,2039000010105,2238,3.3500540935790304
20,390,0001,011A,203900001011A,2665,3.4258601450778405
20,390,0001,0124,2039000010124,2524,3.40226138245468
20,390,0001,0143,2039000010143,5153,3.712144414214886
20,390,0001,0158,2039000010158,3067,3.4868553552769432
20,390,0001,0177,2039000010177,2098,3.3220124385824006
20,390,0001,0181,2039000010181,2336,3.368658712392227
20,390,0001,0196,2039000010196,3393,3.530711837981657
20,390,0001,0228,2039000010228,2488,3.3960248966085933
20,390,0001,0232,2039000010232,2801,3.4474681309497557
20,390,0001,0247,2039000010247,2097,3.3218054838575393
20,390,0001,0251,2039000010251,2201,3.342817314635733
20,390,0001,0266,2039000010266,50,1.7075701760979363
20,390,0003,0209,2039000030209,2185,3.339650157613684
20,390,0003,0213,2039000030213,2282,3.3585059114902354
20,391,0001,0028,2039100010028,1790,3.2530955858490316
20,392,0001,003A,203920001003A,100,2.0043213737826426
20,392,0001,0044,2039200010044,135,2.1335389083702174
20,392,0001,0059,2039200010059,163,2.214843848047698
20,392,0001,0063,2039200010063,76,1.8864907251724818
20,393,0001,0022,2039300010022,4089,3.611723308007342
20,393,0001,0037,2039300010037,5,0.7781512503836436
20,394,0001,0049,2039400010049,1055,3.0236639181977933
20,395,0001,0027,2039500010027,485,2.6866362692622934
20,396,0001,0024,2039600010024,1516,3.1809855807867304
20,396,0001,0039,2039600010039,25,1.414973347970818
20,396,0001,0043,2039600010043,17,1.255272505103306
20,397,0001,0106,2039700010106,1766,3.247236549506764
20,397,0001,0110,2039700010110,2641,3.4219328132785085
20,397,0001,0125,2039700010125,2923,3.465977368285823
20,397,0001,013A,203970001013A,2376,3.3760291817281805
20,397,0001,0144,2039700010144,916,2.962369335670021
20,397,0001,0159,2039700010159,2383,3.377306251068199
20,397,0001,0163,2039700010163,697,2.843855422623161
20,397,0001,0178,2039700010178,955,2.9804578922761
20,397,0001,0182,2039700010182,1171,3.068927611682072
20,397,0001,0197,2039700010197,1535,3.186391215695493
20,397,0001,020A,203970001020A,1410,3.149527013754348
20,397,0001,0214,2039700010214,0,0.0
20,397,0001,0229,2039700010229,142,2.155336037465062
20,398,0001,0048,2039800010048,2940,3.468495024507069
20,398,0001,0052,2039800010052,1082,3.0346284566253203
20,399,0001,0045,2039900010045,2673,3.4271614029259654
20,399,0001,005A,203990001005A,663,2.8221680793680175
20,399,0001,0064,2039900010064,3042,3.483301952358167
20,399,0001,0083,2039900010083,2251,3.3525683861793087
20,399,0001,0098,2039900010098,1662,3.2208922492195193
20,399,0001,0100,2039900010100,3636,3.560743301054712
20,399,0001,0115,2039900010115,1659,3.220108088040055
20,399,0001,012A,203990001012A,1996,3.3003780648707024
20,399,0001,0134,2039900010134,1383,3.141136090120739
20,399,0001,0149,2039900010149,2517,3.401055725771844
20,399,0001,0153,2039900010153,1220,3.0867156639448825
20,399,0001,0168,2039900010168,1654,3.2187979981117376
20,399,0001,0172,2039900010172,1419,3.1522883443830563
20,399,0001,0187,2039900010187,1632,3.212986184736668
20,399,0001,0191,2039900010191,323,2.510545010206612
20,399,0001,0204,2039900010204,249,2.3979400086720375
20,399,0001,0219,2039900010219,607,2.783903579272735
20,400,0001,0033,2040000010033,952,2.979092900638326
20,400,0001,0048,2040000010048,617,2.790988475088816
20,400,0001,0052,2040000010052,7,0.9030899869919435
20,400,0001,0067,2040000010067,32,1.5185139398778875
20,400,0001,0071,2040000010071,0,0.0
20,401,0001,0064,2040100010064,521,2.717670503002262
20,401,0001,0079,2040100010079,102,2.012837224705172
20,401,0001,0083,2040100010083,916,2.962369335670021
20,401,0050,0238,2040100500238,1429,3.155336037465062
20,401,0050,0276,2040100500276,179,2.255272505103306
20,401,0050,0280,2040100500280,1596,3.203304916138483
20,401,0050,0295,2040100500295,487,2.6884198220027105
20,401,0050,0308,2040100500308,520,2.7168377232995247
20,401,0050,0312,2040100500312,781,2.893206753059848
20,401,0050,0327,2040100500327,447,2.651278013998144
20,401,0050,0331,2040100500331,1203,3.0806264869218056
20,401,0050,0346,2040100500346,1234,3.0916669575956846
20,401,0050,0350,2040100500350,1216,3.085290578230065
20,401,0050,0365,2040100500365,1373,3.137986732723532
20,401,0050,037A,204010050037A,102,2.012837224705172
20,401,0050,0399,2040100500399,65,1.8195439355418688
20,402,0001,0038,2040200010038,617,2.790988475088816
20,402,0001,0042,2040200010042,291,2.4653828514484184
20,402,0001,0057,2040200010057,75,1.8808135922807914
20,402,0001,0061,2040200010061,60,1.7853298350107671
20,402,0001,0076,2040200010076,8,0.9542425094393249
20,402,0001,0080,2040200010080,7,0.9030899869919435
20,402,0001,0095,2040200010095,2,0.47712125471966244
20,403,0001,0035,2040300010035,1621,3.2100508498751372
20,403,0001,004A,204030001004A,1299,3.113943352306837
20,403,0001,0054,2040300010054,73,1.8692317197309762
20,404,0001,0028,2040400010028,480,2.682145076373832
20,405,0001,0044,2040500010044,825,2.9169800473203824
20,405,0001,0059,2040500010059,107,2.03342375548695
20,405,0001,0063,2040500010063,54,1.7403626894942439
20,405,0001,0078,2040500010078,23,1.380211241711606
20,405,0001,0082,2040500010082,223,2.3502480183341627
20,405,0001,0097,2040500010097,7,0.9030899869919435
20,406,0001,008A,204060001008A,1988,3.2986347831244354
20,407,0001,041A,204070001041A,2516,3.4008832155483626
20,408,0001,0027,2040800010027,96,1.9867717342662448
20,409,0001,0039,2040900010039,1419,3.1522883443830563
20,409,0001,0043,2040900010043,3006,3.4781334281005174
20,409,0001,0058,2040900010058,1779,3.250420002308894
20,409,0001,0062,2040900010062,2044,3.3106933123433606
20,409,0001,0077,2040900010077,20,1.3222192947339193
20,410,0001,0082,2041000010082,459,2.662757831681574
20,411,0001,0022,2041100010022,774,2.88930170250631
20,411,0001,0037,2041100010037,74,1.8750612633917
20,412,0001,0068,2041200010068,1618,3.2092468487533736
20,413,0001,007A,204130001007A,2819,3.450249108319361
20,413,0001,0205,2041300010205,490,2.6910814921229687
20,413,0001,021A,204130001021A,1303,3.1152775913959014
20,413,0001,0224,2041300010224,3275,3.5153438930883807
20,413,0001,0281,2041300010281,522,2.718501688867274
20,413,0001,0370,2041300010370,147,2.1702617153949575
20,413,0001,0385,2041300010385,87,1.9444826721501687
20,413,0001,039A,204130001039A,103,2.0170333392987803
20,413,0001,0421,2041300010421,123,2.093421685162235
20,413,0001,0436,2041300010436,162,2.2121876044039577
20,413,0001,0440,2041300010440,31,1.505149978319906
20,413,0001,0455,2041300010455,849,2.929418925714293
20,413,0001,046A,204130001046A,361,2.558708570533166
20,413,0001,0474,2041300010474,232,2.367355921026019
20,413,0078,0120,2041300780120,1441,3.15896526038341
20,413,0078,0135,2041300780135,675,2.829946695941636
20,413,0078,0173,2041300780173,474,2.6766936096248664
20,413,0078,0188,2041300780188,363,2.561101383649056
20,413,0078,0258,2041300780258,1545,3.189209489582306
20,413,0078,0262,2041300780262,3214,3.5071809772602407
20,413,0078,0277,2041300780277,4350,3.638589083292717
20,413,0078,0296,2041300780296,32,1.5185139398778875
20,413,0078,0309,2041300780309,2211,3.344785122632661
20,413,0078,0313,2041300780313,2551,3.4068806700491248
20,413,0078,0328,2041300780328,357,2.5538830266438746
20,413,0078,0332,2041300780332,708,2.8506462351830666
20,413,0078,0347,2041300780347,553,2.74350976472843
20,413,0078,0351,2041300780351,149,2.1760912590556813
20,413,0078,0366,2041300780366,149,2.1760912590556813
20,413,0078,0417,2041300780417,480,2.682145076373832
20,413,0135,0402,2041301350402,3777,3.577261953585815
20,413,0135,0489,2041301350489,405,2.6085260335771943
20,413,0135,0493,2041301350493,655,2.8169038393756605
20,414,0001,0062,2041400010062,1233,3.091315159697223
20,414,0001,0077,2041400010077,1436,3.157456768134226
20,414,0001,0113,2041400010113,5,0.7781512503836436
20,414,0001,0128,2041400010128,1304,3.1156105116742996
20,414,0001,0132,2041400010132,1091,3.0382226383687185
20,414,0001,0147,2041400010147,96,1.9867717342662448
20,414,0005,0043,2041400050043,2805,3.448087666692341
20,415,0001,0036,2041500010036,1393,3.144262773761991
20,415,0001,0040,2041500010040,275,2.4409090820652177
20,415,0001,0055,2041500010055,168,2.2278867046136734
20,415,0001,006A,204150001006A,151,2.1818435879447726
20,415,0001,0074,2041500010074,68,1.8388490907372552
20,416,0001,0033,2041600010033,448,2.6522463410033232
20,417,0001,005A,204170001005A,1401,3.14674801363064
20,418,0001,0108,2041800010108,1369,3.1367205671564067
20,418,0001,0112,2041800010112,704,2.848189116991399
20,418,0001,0127,2041800010127,2236,3.34966598409663
20,418,0001,0146,2041800010146,1400,3.1464381352857744
20,418,0001,0150,2041800010150,1333,3.12515582958053
20,418,0001,0165,2041800010165,760,2.8813846567705728
20,418,0001,017A,204180001017A,1156,3.0633333589517497
20,419,0001,004A,204190001004A,119,2.0791812460476247
20,419,0001,0054,2041900010054,160,2.2068258760318495
20,419,0001,0069,2041900010069,159,2.2041199826559246
20,419,0001,0073,2041900010073,145,2.164352855784437
20,420,0001,0036,2042000010036,1086,3.0362295440862948
20,420,0001,0040,2042000010040,13,1.146128035678238
20,421,0001,0014,2042100010014,2158,3.334252642334231
20,421,0001,0048,2042100010048,1206,3.081707270097349
20,421,0001,0052,2042100010052,205,2.3138672203691533
20,421,0001,0067,2042100010067,26,1.4313637641589874
20,421,0001,0071,2042100010071,44,1.6532125137753437
20,421,0001,0086,2042100010086,12,1.1139433523068367
20,422,0001,0026,2042200010026,194,2.290034611362518
20,423,0001,0023,2042300010023,55,1.7481880270062005
20,424,0001,0035,2042400010035,1035,3.0153597554092144
20,425,0001,0032,2042500010032,1379,3.1398790864012365
20,425,0001,0047,2042500010047,13,1.146128035678238
20,425,0001,0051,2042500010051,19,1.3010299956639813
20,425,0001,0066,2042500010066,9,1.0
20,425,0001,0070,2042500010070,9,1.0
20,426,0001,0059,2042600010059,705,2.8488047010518036
20,427,0001,0037,2042700010037,1302,3.1149444157125847
20,427,0001,0041,2042700010041,1081,3.0342272607705505
20,427,0001,0130,2042700010130,8,0.9542425094393249
20,427,0010,0094,2042700100094,1494,3.1746411926604483
20,427,0010,0107,2042700100107,959,2.9822712330395684
20,427,0010,0126,2042700100126,185,2.2695129442179165
20,427,0031,0022,2042700310022,2626,3.4194600727860704
20,428,0001,0034,2042800010034,945,2.975891136401793
20,428,0001,0053,2042800010053,22,1.3617278360175928
20,428,0001,0068,2042800010068,31,1.505149978319906
20,429,0001,0027,2042900010027,466,2.6693168805661123
20,429,0001,0031,2042900010031,119,2.0791812460476247
20,429,0001,0046,2042900010046,9,1.0
20,430,0001,0028,2043000010028,306,2.4871383754771865
20,431,0001,0078,2043100010078,874,2.942008053022313
20,431,0001,0082,2043100010082,746,2.873320601815399
20,432,0001,0022,2043200010022,903,2.9561684304753633
20,433,0001,002A,204330001002A,1466,3.166430113843283
20,434,0001,0031,2043400010031,670,2.826722520168992
20,435,0001,0024,2043500010024,1139,3.0569048513364727
20,435,0001,0039,2043500010039,203,2.3096301674258988
20,436,0001,0021,2043600010021,882,2.9459607035775686
20,437,0001,0033,2043700010033,1676,3.2245330626060857
20,437,0001,0048,2043700010048,1787,3.2523675144598987
20,437,0001,0052,2043700010052,13,1.146128035678238
20,437,0001,0067,2043700010067,27,1.4471580313422192
20,437,0001,0071,2043700010071,22,1.3617278360175928
20,437,0001,0086,2043700010086,0,0.0
20,438,0001,0026,2043800010026,494,2.694605198933569
20,438,0001,0030,2043800010030,334,2.525044807036845
20,438,0001,0045,2043800010045,114,2.060697840353612
20,438,0001,005A,204380001005A,11,1.0791812460476249
20,438,0001,0064,2043800010064,20,1.3222192947339193
20,438,0001,0079,2043800010079,7,0.9030899869919435
20,439,0001,0076,2043900010076,787,2.8965262174895554
20,439,0001,0080,2043900010080,1136,3.0557604646877348
20,439,0024,0019,2043900240019,2645,3.422589839851482
20,440,0001,0043,2044000010043,812,2.910090545594068
20,441,0001,0036,2044100010036,797,2.9020028913507296
20,441,0001,0040,2044100010040,833,2.921166050637739
20,441,0001,0055,2044100010055,1075,3.0318122713303706
20,441,0001,006A,204410001006A,1606,3.2060158767633444
20,441,0001,0074,2044100010074,1636,3.2140486794119414
20,441,0001,0089,2044100010089,1024,3.010723865391773
20,441,0001,0093,2044100010093,520,2.7168377232995247
20,441,0001,0106,2044100010106,146,2.167317334748176
20,441,0001,0110,2044100010110,252,2.403120521175818
20,441,0001,0125,2044100010125,39,1.6020599913279623
20,441,0001,013A,204410001013A,490,2.6910814921229687
20,441,0001,0144,2044100010144,161,2.2095150145426308
20,441,0001,0159,2044100010159,23,1.380211241711606
20,441,0001,0163,2044100010163,5,0.7781512503836436
20,441,0001,0178,2044100010178,25,1.414973347970818
20,442,0001,0029,2044200010029,250,2.399673721481038
20,443,0001,0026,2044300010026,434,2.6384892569546374
20,444,0001,0023,2044400010023,306,2.4871383754771865
20,445,0001,0020,2044500010020,219,2.342422680822206
20,446,0001,0032,2044600010032,299,2.4771212547196626
20,447,0001,0097,2044700010097,1433,3.1565491513317814
20,447,0001,010A,204470001010A,417,2.621176281775035
20,447,0001,0114,2044700010114,1938,3.2875778090787056
20,447,0001,0129,2044700010129,2025,3.3066394410242617
20,447,0001,0133,2044700010133,0,0.0
20,447,0001,0148,2044700010148,148,2.173186268412274
20,448,0001,0037,2044800010037,1594,3.2027606873931997
20,449,0001,0072,2044900010072,575,2.760422483423212
20,449,0001,0087,2044900010087,1220,3.0867156639448825
20,450,0001,0035,2045000010035,1444,3.1598678470925665
20,451,0001,0032,2045100010032,270,2.432969290874406
20,452,0001,003A,204520001003A,1618,3.2092468487533736
20,452,0001,0044,2045200010044,1981,3.2971036501492565
20,452,0001,0059,2045200010059,222,2.3483048630481607
20,453,0001,0037,2045300010037,815,2.9116901587538613
20,453,0001,0056,2045300010056,1386,3.1420764610732848
20,453,0001,0060,2045300010060,21,1.3424226808222062
20,454,0001,002A,204540001002A,550,2.741151598851785
20,455,0001,0031,2045500010031,1449,3.161368002234975
20,456,0001,0024,2045600010024,1011,3.0051805125037805
20,457,0001,0040,2045700010040,686,2.8369567370595505
20,458,0001,0052,2045800010052,656,2.8175653695597807
20,458,0001,0067,2045800010067,13,1.146128035678238
20,458,0001,0071,2045800010071,6,0.8450980400142568
20,458,0001,0086,2045800010086,25,1.414973347970818
20,458,0001,0090,2045800010090,24,1.3979400086720377
20,458,0001,0103,2045800010103,16,1.2304489213782739
20,458,0001,0118,2045800010118,23,1.380211241711606
20,459,0001,0083,2045900010083,656,2.8175653695597807
20,459,0001,0098,2045900010098,587,2.7693773260761385
20,459,0001,0100,2045900010100,380,2.5809249756756194
20,459,0001,0115,2045900010115,365,2.5634810853944106
20,459,0001,012A,204590001012A,35,1.5563025007672873
20,459,0001,0134,2045900010134,46,1.6720978579357175
20,459,0001,0149,2045900010149,153,2.187520720836463
20,459,0001,0153,2045900010153,0,0.0
20,459,0001,0168,2045900010168,6,0.8450980400142568
20,459,0001,0172,2045900010172,29,1.4771212547196624
20,460,0001,0050,2046000010050,1007,3.0034605321095067
20,461,0001,0024,2046100010024,320,2.506505032404872
20,462,0001,0040,2046200010040,1990,3.2990712600274095
20,462,0001,0055,2046200010055,3,0.6020599913279624
20,463,0001,0048,2046300010048,135,2.1335389083702174
20,463,0001,0052,2046300010052,39,1.6020599913279623
20,464,0001,0045,2046400010045,211,2.326335860928751
20,465,0001,0038,2046500010038,1469,3.167317334748176
20,466,0001,0088,2046600010088,2268,3.355834495884936
20,467,0001,0155,2046700010155,2519,3.401400540781544
20,467,0001,016A,204670001016A,800,2.9036325160842376
20,467,0001,0174,2046700010174,1448,3.1610683854711747
20,467,0001,0189,2046700010189,543,2.73559889969818
20,467,0001,0193,2046700010193,906,2.957607287060095
20,467,0001,0206,2046700010206,579,2.7634279935629373
20,467,0001,0210,2046700010210,1386,3.1420764610732848
20,467,0001,0259,2046700010259,1082,3.0346284566253203
20,467,0001,0263,2046700010263,1124,3.0511525224473814
20,468,0019,0129,2046800190129,852,2.930949031167523
20,468,0019,0133,2046800190133,1022,3.00987563371216
20,468,0019,0148,2046800190148,178,2.2528530309798933
20,469,0001,0111,2046900010111,1842,3.2655253352190736
20,469,0001,0145,2046900010145,1479,3.1702617153949575
20,469,0001,015A,204690001015A,1394,3.144574207609616
20,469,0001,0164,2046900010164,1315,3.1192558892779365
20,469,0001,0179,2046900010179,2111,3.3246939138617746
20,469,0001,0183,2046900010183,2023,3.3062105081677613
20,469,0001,0198,2046900010198,417,2.621176281775035
20,469,0001,0200,2046900010200,25,1.414973347970818
20,469,0001,0215,2046900010215,5,0.7781512503836436
20,470,0001,0080,2047000010080,1747,3.2425414282983844
20,471,0001,0035,2047100010035,196,2.294466226161593
20,471,0001,004A,204710001004A,218,2.3404441148401185
20,471,0001,0054,2047100010054,3,0.6020599913279624
20,471,0001,0069,2047100010069,5,0.7781512503836436
20,472,0001,0051,2047200010051,392,2.5943925503754266
20,472,0001,0066,2047200010066,646,2.8109042806687006
20,472,0001,0070,2047200010070,758,2.88024177589548
20,472,0001,0085,2047200010085,1025,3.0111473607757975
20,473,0001,0044,2047300010044,286,2.4578818967339924
20,473,0001,0059,2047300010059,319,2.505149978319906
20,473,0001,0063,2047300010063,11,1.0791812460476249
20,473,0001,0078,2047300010078,1,0.3010299956639812
20,474,0001,0022,2047400010022,1350,3.130655349022031
20,474,0001,0037,2047400010037,169,2.230448921378274
20,474,0001,0041,2047400010041,319,2.505149978319906
20,474,0001,0056,2047400010056,0,0.0
20,474,0001,0060,2047400010060,44,1.6532125137753437
20,474,0001,0075,2047400010075,42,1.6334684555795864
20,474,0001,008A,204740001008A,16,1.2304489213782739
20,475,0001,0034,2047500010034,758,2.88024177589548
20,475,0001,0068,2047500010068,1266,3.1027766148834415
20,475,0001,0119,2047500010119,26,1.4313637641589874
20,475,0001,0123,2047500010123,24,1.3979400086720377
20,475,0001,0138,2047500010138,37,1.5797835966168101
20,475,0001,0157,2047500010157,728,2.8627275283179747
20,475,0001,0161,2047500010161,715,2.8549130223078554
20,475,0001,0180,2047500010180,124,2.0969100130080562
20,475,0001,0195,2047500010195,9,1.0
20,475,0005,0087,2047500050087,1212,3.083860800866573
20,475,0005,0091,2047500050091,1566,3.1950689964685903
20,475,0005,0104,2047500050104,1239,3.093421685162235
20,475,0005,0142,2047500050142,217,2.3384564936046046
20,475,0005,0176,2047500050176,184,2.2671717284030137
20,475,0005,0208,2047500050208,17,1.255272505103306
20,476,0001,0027,2047600010027,368,2.56702636615906
20,477,0001,0039,2047700010039,155,2.1931245983544616
20,477,0001,0043,2047700010043,156,2.1958996524092336
20,477,0001,0058,2047700010058,4,0.6989700043360189
20,478,0001,0055,2047800010055,202,2.307496037913213
20,478,0001,006A,204780001006A,238,2.3783979009481375
20,478,0001,0074,2047800010074,6,0.8450980400142568
20,479,0001,0029,2047900010029,140,2.1492191126553797
20,479,0001,0033,2047900010033,2,0.47712125471966244
20,479,0001,0048,2047900010048,14,1.1760912590556813
20,480,0001,002A,204800001002A,93,1.9731278535996986
20,480,0001,0034,2048000010034,42,1.6334684555795864
20,481,0001,0027,2048100010027,155,2.1931245983544616
20,481,0001,0031,2048100010031,64,1.8129133566428555
20,481,0001,0046,2048100010046,139,2.146128035678238
20,482,0001,0202,2048200010202,1574,3.197280558125619
20,482,0001,0217,2048200010217,2254,3.3531465462139796
20,482,0001,0221,2048200010221,938,2.972665592266111
20,482,0001,0236,2048200010236,2355,3.372175286115064
20,482,0001,0240,2048200010240,2055,3.313023110323238
20,482,0001,026A,204820001026A,2022,3.3059958827708047
20,482,0001,0274,2048200010274,1391,3.1436392352745433
20,482,0001,0289,2048200010289,1717,3.2350231594952237
20,482,0001,0306,2048200010306,682,2.8344207036815328
20,482,0001,0325,2048200010325,2109,3.3242824552976926
20,482,0001,033A,204820001033A,2595,3.4143046881283317
20,482,0001,0448,2048200010448,1739,3.2405492482826
20,482,0001,0452,2048200010452,1192,3.076640443670342
20,482,0001,0467,2048200010467,1392,3.1439511164239633
20,482,0001,0471,2048200010471,1190,3.0759117614827773
20,482,0001,0518,2048200010518,11,1.0791812460476249
20,482,0001,0537,2048200010537,941,2.9740509027928774
20,482,0001,0541,2048200010541,1496,3.1752218003430523
20,482,0001,0556,2048200010556,1414,3.150756439860309
20,482,0001,0560,2048200010560,1355,3.1322596895310446
20,482,0001,0575,2048200010575,27,1.4471580313422192
20,482,0001,058A,204820001058A,218,2.3404441148401185
20,482,0001,0594,2048200010594,99,2.0
20,482,0001,0607,2048200010607,223,2.3502480183341627
20,482,0001,0611,2048200010611,75,1.8808135922807914
20,482,0001,0626,2048200010626,22,1.3617278360175928
20,482,0001,0630,2048200010630,29,1.4771212547196624
20,482,0001,0645,2048200010645,0,0.0
20,482,0001,065A,204820001065A,73,1.8692317197309762
20,482,0001,0664,2048200010664,202,2.307496037913213
20,482,0001,0679,2048200010679,372,2.571708831808688
20,482,0001,0683,2048200010683,174,2.2430380486862944
20,482,0001,0698,2048200010698,89,1.954242509439325
20,482,0001,0700,2048200010700,177,2.250420002308894
20,482,0001,0715,2048200010715,72,1.863322860120456
20,482,0001,072A,204820001072A,52,1.724275869600789
20,482,0001,0734,2048200010734,30,1.4913616938342726
20,482,0001,0753,2048200010753,66,1.8260748027008264
20,482,0001,0768,2048200010768,390,2.5921767573958667
20,482,0001,0772,2048200010772,241,2.383815365980431
20,482,0001,0787,2048200010787,12,1.1139433523068367
20,482,0001,0791,2048200010791,41,1.6232492903979006
20,482,0001,0804,2048200010804,43,1.6434526764861874
20,482,0001,0819,2048200010819,0,0.0
20,482,0001,0823,2048200010823,16,1.2304489213782739
20,482,0001,0838,2048200010838,280,2.44870631990508
20,482,0001,0842,2048200010842,71,1.8573324964312685
20,482,0001,0857,2048200010857,70,1.8512583487190752
20,482,0001,0861,2048200010861,140,2.1492191126553797
20,482,0007,0490,2048200070490,1106,3.044147620878723
20,482,0007,0503,2048200070503,1015,3.0068937079479006
20,482,0007,0522,2048200070522,10,1.0413926851582251
20,482,0007,0749,2048200070749,5,0.7781512503836436
20,483,0001,0036,2048300010036,738,2.8686444383948255
20,483,0001,0040,2048300010040,329,2.5185139398778875
20,483,0001,0055,2048300010055,1421,3.1528995963937474
20,483,0001,006A,204830001006A,370,2.569373909615046
20,483,0001,0074,2048300010074,28,1.462397997898956
20,483,0001,0089,2048300010089,3551,3.5504729571065634
20,483,0001,0093,2048300010093,1715,3.2345172835126865
20,483,0001,0106,2048300010106,121,2.0863598306747484
20,484,0001,0033,2048400010033,1105,3.0437551269686796
20,484,0001,0052,2048400010052,616,2.7902851640332416
20,484,0001,0067,2048400010067,308,2.4899584794248346
20,484,0001,0071,2048400010071,223,2.3502480183341627
20,485,0001,0030,2048500010030,383,2.584331224367531
20,485,0001,0045,2048500010045,533,2.727541257028556
20,485,0001,005A,204850001005A,542,2.734799829588847
20,485,0001,0064,2048500010064,16,1.2304489213782739
20,486,0001,0038,2048600010038,581,2.7649229846498886
20,486,0001,0042,2048600010042,469,2.6720978579357175
20,486,0001,0057,2048600010057,66,1.8260748027008264
20,486,0001,0061,2048600010061,11,1.0791812460476249
20,486,0001,0076,2048600010076,14,1.1760912590556813
20,486,0001,0080,2048600010080,13,1.146128035678238
20,486,0001,0095,2048600010095,14,1.1760912590556813
20,487,0001,0035,2048700010035,454,2.6580113966571126
20,488,0001,0028,2048800010028,98,1.99563519459755
20,489,0001,0044,2048900010044,1200,3.079543007402906
20,490,0001,0026,2049000010026,748,2.8744818176994666
20,491,0001,0061,2049100010061,1032,3.0141003215196207
20,492,0001,0020,2049200010020,519,2.716003343634799
20,493,0001,0028,2049300010028,386,2.5877109650189114
20,494,0001,003A,204940001003A,317,2.5024271199844326
20,495,0001,0022,2049500010022,832,2.9206450014067875
20,496,0001,002A,204960001002A,420,2.6242820958356683
20,496,0001,0034,2049600010034,79,1.9030899869919435
20,497,0001,0027,2049700010027,4233,3.6267508536833932
20,498,0001,0151,2049800010151,341,2.534026106056135
20,498,0001,0166,2049800010166,397,2.5998830720736876
20,499,0001,0021,2049900010021,704,2.848189116991399
20,499,0001,0036,2049900010036,440,2.6444385894678386
20,499,0001,0040,2049900010040,181,2.2600713879850747
20,499,0001,0055,2049900010055,157,2.1986570869544226
20,499,0001,006A,204990001006A,174,2.2430380486862944
20,499,0001,0074,2049900010074,84,1.9294189257142926
20,500,0001,0058,2050000010058,776,2.890421018800914
20,500,0001,0062,2050000010062,345,2.5390760987927767
20,500,0001,0077,2050000010077,214,2.3324384599156054
20,500,0001,0109,2050000010109,155,2.1931245983544616
20,501,0001,0021,2050100010021,314,2.4983105537896004
20,501,0001,0036,2050100010036,54,1.7403626894942439
20,501,0001,0040,2050100010040,15,1.2041199826559248
20,501,0001,0055,2050100010055,65,1.8195439355418688
20,502,0001,0029,2050200010029,319,2.505149978319906
20,502,0001,0033,2050200010033,2053,3.3126004392612596
20,503,0001,0026,2050300010026,425,2.629409599102719
20,504,0001,0038,2050400010038,543,2.73559889969818
20,504,0001,0042,2050400010042,572,2.75815462196739
20,504,0001,0057,2050400010057,25,1.414973347970818
20,504,0001,0061,2050400010061,92,1.968482948553935
20,504,0001,0076,2050400010076,8,0.9542425094393249
20,505,0001,0054,2050500010054,988,2.9951962915971793
20,505,0001,0069,2050500010069,1241,3.0941215958405612
20,505,0001,0073,2050500010073,1663,3.2211533219547053
20,505,0001,011A,205050001011A,1260,3.1007150865730817
20,505,0001,0124,2050500010124,949,2.9777236052888476
20,505,0001,0139,2050500010139,29,1.4771212547196624
20,506,0001,0032,2050600010032,795,2.900913067737669
20,507,0001,003A,205070001003A,639,2.806179973983887
20,507,0001,0044,2050700010044,1616,3.208710019906401
20,507,0001,0059,2050700010059,262,2.419955748489758
20,508,0001,0041,2050800010041,714,2.8543060418010806
20,508,0001,0056,2050800010056,604,2.781755374652469
20,508,0001,0060,2050800010060,35,1.5563025007672873
20,508,0001,0075,2050800010075,20,1.3222192947339193
20,509,0001,0034,2050900010034,1244,3.095169351431755
20,509,0001,0053,2050900010053,716,2.8555191556678
20,510,0001,0020,2051000010020,230,2.3636119798921444
20,511,0001,0047,2051100010047,265,2.424881636631067
20,512,0001,003A,205120001003A,971,2.9876662649262746
20,513,0001,0075,2051300010075,1072,3.030599721965951
20,513,0001,0094,2051300010094,1004,3.002166061756508
20,513,0001,0107,2051300010107,1324,3.1222158782728267
20,513,0001,0111,2051300010111,2456,3.390405156480081
20,514,0001,002A,205140001002A,505,2.7041505168397992
20,515,0001,021A,205150001021A,1552,3.1911714557285586
20,515,0001,0224,2051500010224,1194,3.0773679052841563
20,515,0001,0243,2051500010243,1153,3.0622058088197126
20,515,0001,0258,2051500010258,820,2.9143431571194407
20,515,0001,0296,2051500010296,1260,3.1007150865730817
20,515,0001,0370,2051500010370,914,2.9614210940664485
20,515,0001,0385,2051500010385,1899,3.278753600952829
20,515,0001,0440,2051500010440,628,2.798650645445269
20,515,0001,0455,2051500010455,1088,3.037027879755775
20,515,0001,046A,205150001046A,1533,3.185825359612962
20,515,0001,0474,2051500010474,3025,3.4808689236871677
20,515,0001,0493,2051500010493,1711,3.2335037603411343
20,515,0001,0506,2051500010506,2416,3.3832766504076504
20,515,0001,0510,2051500010510,1316,3.119585774961784
20,515,0001,0525,2051500010525,1795,3.2543063323312857
20,515,0001,0544,2051500010544,1713,3.2340108175871793
20,515,0001,0559,2051500010559,1654,3.2187979981117376
20,515,0001,0563,2051500010563,1762,3.246252312299322
20,515,0001,0578,2051500010578,1282,3.1082266563749283
20,515,0001,0582,2051500010582,573,2.7589118923979736
20,515,0001,0597,2051500010597,683,2.835056101720116
20,515,0001,060A,205150001060A,917,2.9628426812012423
20,515,0001,0614,2051500010614,1472,3.168202746842631
20,515,0001,0629,2051500010629,973,2.9885589568786157
20,515,0001,0648,2051500010648,704,2.848189116991399
20,515,0001,0667,2051500010667,580,2.7641761323903307
20,515,0001,0671,2051500010671,937,2.9722028383790646
20,515,0001,0686,2051500010686,1152,3.061829307294699
20,515,0001,0690,2051500010690,1143,3.058426024457005
20,515,0001,0722,2051500010722,729,2.863322860120456
20,515,0001,0737,2051500010737,679,2.832508912706236
20,515,0001,0741,2051500010741,839,2.9242792860618816
20,515,0001,0756,2051500010756,856,2.932980821923198
20,515,0001,0760,2051500010760,902,2.9556877503135057
20,515,0001,0775,2051500010775,1347,3.129689892199301
20,515,0001,078A,205150001078A,136,2.1367205671564067
20,515,0001,0794,2051500010794,56,1.7558748556724915
20,515,0001,0811,2051500010811,48,1.6901960800285136
20,515,0001,0826,2051500010826,446,2.6503075231319366
20,515,0001,0864,2051500010864,443,2.6473829701146196
20,515,0001,0879,2051500010879,28,1.462397997898956
20,515,0001,0883,2051500010883,15,1.2041199826559248
20,515,0001,0898,2051500010898,117,2.0718820073061255
20,515,0001,0900,2051500010900,228,2.359835482339888
20,515,0001,0915,2051500010915,168,2.2278867046136734
20,515,0001,092A,205150001092A,248,2.3961993470957363
20,515,0010,0830,2051500100830,731,2.864511081058392
20,515,0010,0845,2051500100845,890,2.949877704036875
20,515,0010,085A,205150010085A,1088,3.037027879755775
20,515,0042,0703,2051500420703,1974,3.295567099962479
20,515,0042,0718,2051500420718,856,2.932980821923198
20,516,0001,0039,2051600010039,1288,3.110252917353403
20,516,0001,0058,2051600010058,917,2.9628426812012423
20,516,0001,0062,2051600010062,258,2.413299764081252
20,517,0001,0021,2051700010021,1521,3.182414652434554
20,517,0001,0036,2051700010036,117,2.0718820073061255
20,517,0001,0040,2051700010040,326,2.514547752660286
20,518,0001,0029,2051800010029,106,2.0293837776852097
20,519,0001,0030,2051900010030,1523,3.182984967003582
20,519,0001,0045,2051900010045,1411,3.149834696715785
20,519,0001,005A,205190001005A,57,1.7634279935629373
20,520,0001,0046,2052000010046,1063,3.0269416279590295
20,520,0001,007A,205200001007A,93,1.9731278535996986
20,520,0001,0084,2052000010084,111,2.0492180226701815
20,520,0001,0099,2052000010099,460,2.663700925389648
20,520,0001,0101,2052000010101,405,2.6085260335771943
20,520,0001,0120,2052000010120,15,1.2041199826559248
20,520,0001,0135,2052000010135,11,1.0791812460476249
20,521,0001,0024,2052100010024,35,1.5563025007672873
20,521,0001,0039,2052100010039,13,1.146128035678238
20,521,0001,0043,2052100010043,20,1.3222192947339193
20,522,0001,0021,2052200010021,1025,3.0111473607757975
20,523,0001,0029,2052300010029,453,2.6570558528571038
20,523,0001,0033,2052300010033,632,2.801403710017355
20,524,0001,0026,2052400010026,327,2.515873843711679
20,525,0001,0199,2052500010199,1328,3.123524980942732
20,525,0001,0201,2052500010201,326,2.514547752660286
20,525,0001,0273,2052500010273,695,2.842609239610562
20,525,0001,0288,2052500010288,662,2.821513528404773
20,525,0001,0292,2052500010292,913,2.960946195733831
20,525,0001,0305,2052500010305,808,2.9079485216122722
20,525,0001,031A,205250001031A,821,2.9148718175400505
20,525,0001,0324,2052500010324,845,2.9273703630390235
20,525,0001,0339,2052500010339,786,2.8959747323590648
20,525,0001,0343,2052500010343,440,2.6444385894678386
20,525,0001,0358,2052500010358,210,2.3242824552976926
20,525,0001,0362,2052500010362,46,1.6720978579357175
20,525,0001,0377,2052500010377,20,1.3222192947339193
20,526,0001,0054,2052600010054,3179,3.5024271199844326
20,526,0001,0069,2052600010069,1907,3.2805783703680764
20,526,0001,0073,2052600010073,165,2.220108088040055
20,526,0001,0088,2052600010088,107,2.03342375548695
20,526,0001,0092,2052600010092,484,2.6857417386022635
20,526,0001,0105,2052600010105,34,1.5440680443502757
20,527,0001,0028,2052700010028,1923,3.284205067701794
20,528,0001,0025,2052800010025,561,2.749736315569061
20,528,0001,003A,205280001003A,175,2.24551266781415
20,528,0001,0044,2052800010044,99,2.0
20,528,0001,0059,2052800010059,2,0.47712125471966244
20,528,0001,0063,2052800010063,3,0.6020599913279624
20,528,0001,0078,2052800010078,10,1.0413926851582251
20,529,0001,0022,2052900010022,696,2.8432327780980096
20,530,0001,0023,2053000010023,1258,3.1000257301078626
20,530,0001,0038,2053000010038,12,1.1139433523068367
20,530,0001,0042,2053000010042,15,1.2041199826559248
20,530,0001,0057,2053000010057,42,1.6334684555795864
20,530,0001,0061,2053000010061,4,0.6989700043360189
20,530,0001,0076,2053000010076,0,0.0
20,530,0001,0080,2053000010080,0,0.0
20,530,0001,0095,2053000010095,0,0.0
20,531,0001,0020,2053100010020,2570,3.4101020766428607
20,531,0001,0035,2053100010035,37,1.5797835966168101
20,531,0001,004A,205310001004A,5,0.7781512503836436
20,532,0001,0028,2053200010028,375,2.575187844927661
20,533,0001,003A,205330001003A,185,2.2695129442179165
20,533,0001,0044,2053300010044,497,2.6972293427597176
20,533,0001,0059,2053300010059,1339,3.1271047983648077
20,534,0001,0037,2053400010037,1378,3.13956426617585
20,534,0001,0041,2053400010041,1734,3.2392994791268923
20,534,0001,0056,2053400010056,6,0.8450980400142568
20,534,0001,0060,2053400010060,2,0.47712125471966244
20,534,0001,0075,2053400010075,45,1.662757831681574
20,535,0001,002A,205350001002A,1509,3.1789769472931693
20,536,0001,0031,2053600010031,147,2.1702617153949575
20,536,0001,0046,2053600010046,185,2.2695129442179165
20,537,0001,001A,205370001001A,655,2.8169038393756605
20,537,0001,0096,2053700010096,728,2.8627275283179747
20,537,0001,0109,2053700010109,927,2.967547976218862
20,537,0001,0113,2053700010113,401,2.60422605308447
20,537,0001,0128,2053700010128,200,2.303196057420489
20,538,0001,0021,2053800010021,536,2.7299742856995555
20,539,0001,0029,2053900010029,1412,3.1501421618485588
20,539,0001,0033,2053900010033,1509,3.1789769472931693
20,539,0001,0048,2053900010048,866,2.9380190974762104
20,539,0001,0052,2053900010052,34,1.5440680443502757
20,539,0001,0067,2053900010067,134,2.130333768495006
20,539,0001,0071,2053900010071,224,2.3521825181113627
20,540,0001,0053,2054000010053,1498,3.1758016328482794
20,540,0001,0072,2054000010072,281,2.450249108319361
20,540,0001,0087,2054000010087,40,1.6127838567197355
20,540,0001,0091,2054000010091,979,2.9912260756924947
20,540,0001,0104,2054000010104,1216,3.085290578230065
20,540,0001,0119,2054000010119,1567,3.1953460583484197
20,540,0001,0123,2054000010123,738,2.8686444383948255
20,540,0001,0138,2054000010138,323,2.510545010206612
20,541,0001,0031,2054100010031,523,2.7193312869837265
20,541,0001,0046,2054100010046,430,2.6344772701607315
20,542,0001,0024,2054200010024,887,2.948412965778601
20,543,0001,006A,205430001006A,2541,3.4051755462179893
20,543,0005,0074,2054300050074,1574,3.197280558125619
20,543,0005,0089,2054300050089,1490,3.1734776434529945
20,544,0001,0033,2054400010033,890,2.949877704036875
20,545,0001,005A,205450001005A,2450,3.389343311252078
20,545,0001,0064,2054500010064,1853,3.2681097298084785
20,545,0001,0083,2054500010083,2187,3.340047317661393
20,545,0001,0098,2054500010098,1558,3.192846115188842
20,545,0001,0100,2054500010100,141,2.1522883443830563
20,545,0001,0115,2054500010115,234,2.3710678622717363
20,545,0001,012A,205450001012A,4,0.6989700043360189
20,545,0001,0134,2054500010134,42,1.6334684555795864
20,546,0001,0038,2054600010038,1286,3.1095785469043866
20,546,0001,0057,2054600010057,81,1.9138138523837167
20,546,0001,0061,2054600010061,136,2.1367205671564067
20,546,0001,0080,2054600010080,1108,3.04493154614916
20,546,0001,0095,2054600010095,2035,3.3087777736647213
20,546,0001,0108,2054600010108,48,1.6901960800285136
20,546,0001,0112,2054600010112,33,1.5314789170422551
20,546,0001,0127,2054600010127,8,0.9542425094393249
20,546,0001,0131,2054600010131,100,2.0043213737826426
20,546,0001,0146,2054600010146,15,1.2041199826559248
20,546,0001,0150,2054600010150,8,0.9542425094393249
20,547,0001,0035,2054700010035,299,2.4771212547196626
20,547,0001,004A,205470001004A,251,2.401400540781544
20,548,0001,009A,205480001009A,503,2.7024305364455254
20,548,0001,0102,2054800010102,398,2.6009728956867484
20,548,0001,0117,2054800010117,159,2.2041199826559246
20,549,0001,0078,2054900010078,1386,3.1420764610732848
20,549,0001,0097,2054900010097,504,2.7032913781186614
20,549,0001,010A,205490001010A,484,2.6857417386022635
20,550,0001,0045,2055000010045,1486,3.172310968521954
20,550,0001,005A,205500001005A,941,2.9740509027928774
20,550,0001,0098,2055000010098,4,0.6989700043360189
20,550,0002,0079,2055000020079,1758,3.245265839457461
20,550,0002,0083,2055000020083,1215,3.084933574936716
20,550,0002,0100,2055000020100,44,1.6532125137753437
20,550,0002,0115,2055000020115,156,2.1958996524092336
20,551,0001,0061,2055100010061,25,1.414973347970818
20,551,0001,0080,2055100010080,1670,3.2229764498933915
20,551,0001,0095,2055100010095,2138,3.330210784571528
20,551,0001,0108,2055100010108,2486,3.395675785269936
20,551,0001,0112,2055100010112,2416,3.3832766504076504
20,551,0001,0127,2055100010127,1460,3.1646502159342966
20,551,0001,0131,2055100010131,2054,3.312811826212088
20,551,0001,0146,2055100010146,309,2.4913616938342726
20,551,0001,0150,2055100010150,63,1.806179973983887
20,551,0001,0165,2055100010165,60,1.7853298350107671
20,551,0001,017A,205510001017A,5,0.7781512503836436
20,551,0001,0184,2055100010184,17,1.255272505103306
20,551,0001,0199,2055100010199,860,2.935003151453655
20,551,0001,0201,2055100010201,1560,3.1934029030624176
20,551,0001,0216,2055100010216,0,0.0
20,551,0001,0220,2055100010220,83,1.9242792860618816
20,551,0001,0235,2055100010235,82,1.919078092376074
20,551,0001,024A,205510001024A,10,1.0413926851582251
20,551,0037,0254,2055100370254,313,2.496929648073215
20,551,0037,0269,2055100370269,504,2.7032913781186614
20,551,0037,0273,2055100370273,2614,3.417471693203293
20,551,0037,0288,2055100370288,324,2.5118833609788744
20,551,0037,0292,2055100370292,2273,3.356790460351716
20,551,0037,0305,2055100370305,464,2.667452952889954
20,552,0001,004A,205520001004A,135,2.1335389083702174
20,552,0001,0054,2055200010054,198,2.298853076409707
20,553,0001,0051,2055300010051,2002,3.3016809492935764
20,553,0001,0066,2055300010066,1923,3.284205067701794
20,553,0001,0070,2055300010070,2087,3.3197304943302246
20,553,0001,0085,2055300010085,46,1.6720978579357175
20,553,0001,009A,205530001009A,237,2.376576957056512
20,553,0001,0102,2055300010102,1904,3.279894980011638
20,553,0001,0117,2055300010117,1560,3.1934029030624176
20,553,0001,0121,2055300010121,34,1.5440680443502757
20,553,0001,0136,2055300010136,0,0.0
20,553,0001,0140,2055300010140,0,0.0
20,553,0001,0189,2055300010189,166,2.2227164711475833
20,553,0001,0193,2055300010193,1307,3.1166077439882485
20,553,0001,0206,2055300010206,18,1.2787536009528289
20,553,0001,0210,2055300010210,116,2.0681858617461617
20,554,0001,0114,2055400010114,614,2.788875115775417
20,554,0001,0129,2055400010129,310,2.4927603890268375
20,554,0001,0133,2055400010133,787,2.8965262174895554
20,555,0001,0022,2055500010022,1111,3.0461047872460387
20,556,0001,002A,205560001002A,189,2.278753600952829
20,556,0001,0034,2055600010034,1,0.3010299956639812
20,557,0001,0012,2055700010012,2196,3.3418300569205104
20,557,0001,0027,2055700010027,1570,3.1961761850399735
20,557,0001,0031,2055700010031,1503,3.1772478362556233
20,557,0001,0046,2055700010046,1830,3.2626883443016963
20,557,0001,0050,2055700010050,1841,3.26528962586083
20,557,0001,0099,2055700010099,1134,3.0549958615291417
20,557,0001,0101,2055700010101,920,2.964259630196849
20,557,0001,0116,2055700010116,1561,3.1936810295412816
20,557,0001,0120,2055700010120,1295,3.1126050015345745
20,557,0001,0135,2055700010135,30,1.4913616938342726
20,557,0001,014A,205570001014A,69,1.845098040014257
20,558,0001,0024,2055800010024,815,2.9116901587538613
20,559,0001,0106,2055900010106,48,1.6901960800285136
20,559,0001,0159,2055900010159,3261,3.513483956704257
20,559,0001,0163,2055900010163,2503,3.398634324538392
20,560,0001,0075,2056000010075,1355,3.1322596895310446
20,560,0001,008A,205600001008A,1292,3.111598524880394
20,560,0001,0094,2056000010094,246,2.392696953259666
20,560,0001,0107,2056000010107,0,0.0
20,560,0001,0111,2056000010111,12,1.1139433523068367
20,560,0001,0126,2056000010126,4,0.6989700043360189
20,560,0003,0130,2056000030130,1133,3.0546130545568877
20,560,0003,0145,2056000030145,1278,3.106870544478654
20,560,0003,015A,205600003015A,670,2.826722520168992
20,561,0001,0034,2056100010034,1264,3.1020905255118367
20,561,0001,0049,2056100010049,447,2.651278013998144
20,561,0001,0053,2056100010053,463,2.6665179805548807
20,561,0001,0068,2056100010068,745,2.8727388274726686
20,561,0001,0072,2056100010072,35,1.5563025007672873
20,562,0001,0027,2056200010027,794,2.9003671286564705
20,562,0001,0031,2056200010031,155,2.1931245983544616
20,562,0001,0046,2056200010046,40,1.6127838567197355
20,563,0001,0039,2056300010039,824,2.916453948549925
20,563,0001,0043,2056300010043,393,2.595496221825574
20,564,0001,0040,2056400010040,1077,3.03261876085072
20,565,0001,0052,2056500010052,3140,3.497067936398505
20,565,0001,0067,2056500010067,4974,3.6967930850817443
20,565,0001,0071,2056500010071,3371,3.527887565952705
20,565,0001,0086,2056500010086,3599,3.5563025007672873
20,565,0001,0090,2056500010090,680,2.833147111912785
20,565,0001,0175,2056500010175,232,2.367355921026019
20,565,0001,018A,205650001018A,23,1.380211241711606
20,565,0001,0194,2056500010194,76,1.8864907251724818
20,565,0001,0245,2056500010245,310,2.4927603890268375
20,565,0001,0298,2056500010298,126,2.103803720955957
20,565,0001,0315,2056500010315,257,2.41161970596323
20,565,0006,0118,2056500060118,2079,3.3180633349627615
20,565,0006,0122,2056500060122,1413,3.150449409460881
20,565,0006,0137,2056500060137,2347,3.370698092575577
20,565,0006,0141,2056500060141,1948,3.2898118391176214
20,565,0006,0156,2056500060156,2194,3.34143452457814
20,565,0006,0160,2056500060160,2459,3.3909351071033793
20,565,0006,0207,2056500060207,328,2.5171958979499744
20,565,0006,0211,2056500060211,1070,3.029789470831856
20,565,0006,0226,2056500060226,331,2.5211380837040362
20,565,0006,0230,2056500060230,806,2.90687353472207
20,565,0006,025A,205650006025A,348,2.5428254269591797
20,565,0006,0264,2056500060264,245,2.3909351071033793
20,565,0006,0279,2056500060279,294,2.469822015978163
20,565,0006,0283,2056500060283,17,1.255272505103306
20,565,0006,0300,2056500060300,31,1.505149978319906
20,565,0037,0048,2056500370048,3683,3.566319621524811
20,566,0009,0064,2056600090064,238,2.3783979009481375
20,566,0009,0079,2056600090079,465,2.66838591669
20,566,0009,0083,2056600090083,121,2.0863598306747484
20,566,0009,0098,2056600090098,11,1.0791812460476249
20,567,0001,0042,2056700010042,789,2.8976270912904414
20,567,0001,0057,2056700010057,244,2.3891660843645326
20,567,0001,0061,2056700010061,400,2.603144372620182
20,567,0001,0076,2056700010076,210,2.3242824552976926
20,568,0001,0035,2056800010035,560,2.7489628612561616
20,568,0001,004A,205680001004A,709,2.8512583487190755
20,568,0001,0054,2056800010054,32,1.5185139398778875
20,569,0001,0028,2056900010028,237,2.376576957056512
20,570,0001,0122,2057000010122,1546,3.1894903136993675
20,570,0001,0137,2057000010137,2196,3.3418300569205104
20,570,0001,0141,2057000010141,2263,3.354876422516234
20,570,0001,0156,2057000010156,1208,3.0824263008607717
20,570,0001,0160,2057000010160,1271,3.104487111312395
20,570,0001,0175,2057000010175,1222,3.0874264570362855
20,570,0001,018A,205700001018A,1177,3.0711452904510828
20,570,0001,0194,2057000010194,1127,3.0523090996473234
20,570,0001,0207,2057000010207,173,2.2405492482826
20,570,0001,0211,2057000010211,266,2.4265112613645754
20,570,0001,0230,2057000010230,157,2.1986570869544226
20,570,0001,0245,2057000010245,54,1.7403626894942439
20,570,0001,025A,205700001025A,680,2.833147111912785
20,570,0001,0264,2057000010264,237,2.376576957056512
20,570,0001,0315,2057000010315,649,2.8129133566428557
