ENTIDAD,MUN,LOC,AGEB,CVEGEO,POBTOT,log_POBTOT
21,001,0001,0118,2100100010118,4853,3.686099771995916
21,001,0001,018A,210010001018A,1876,3.273464272621346
21,001,0001,0194,2100100010194,2290,3.3600250891893975
21,001,0001,0207,2100100010207,3359,3.526339277389844
21,001,0001,0300,2100100010300,448,2.6522463410033232
21,001,0001,0315,2100100010315,413,2.617000341120899
21,001,0001,032A,210010001032A,166,2.2227164711475833
21,001,0001,0476,2100100010476,517,2.714329759745233
21,001,0004,0122,2100100040122,242,2.385606273598312
21,001,0004,0141,2100100040141,2523,3.402089350572097
21,001,0004,0419,2100100040419,2122,3.326949994165999
21,001,0004,0423,2100100040423,883,2.946452265013073
21,001,0004,0599,2100100040599,1843,3.2657609167176105
21,001,0006,0353,2100100060353,408,2.611723308007342
21,001,0006,0438,2100100060438,2822,3.450710878146919
21,001,0006,0442,2100100060442,3599,3.5563025007672873
21,001,0006,0495,2100100060495,49,1.6989700043360187
21,001,0006,0565,2100100060565,117,2.0718820073061255
21,001,0011,0226,2100100110226,1179,3.0718820073061255
21,001,0011,0230,2100100110230,2180,3.3386556655787003
21,001,0011,0283,2100100110283,60,1.7853298350107671
21,001,0011,0298,2100100110298,490,2.6910814921229687
21,001,0011,0508,2100100110508,1136,3.0557604646877348
21,001,0011,0512,2100100110512,515,2.7126497016272113
21,001,0015,0014,2100100150014,432,2.6364878963533656
21,001,0015,0029,2100100150029,2418,3.3836358683618797
21,001,0015,0033,2100100150033,3303,3.5190400386483445
21,001,0015,0048,2100100150048,3092,3.490379920003179
21,001,0015,0052,2100100150052,2262,3.3546845539547285
21,001,0016,0264,2100100160264,1637,3.2143138974244
21,001,0016,0368,2100100160368,265,2.424881636631067
21,001,0016,0457,2100100160457,1271,3.104487111312395
21,001,0016,0461,2100100160461,1385,3.141763230275788
21,001,0016,0480,2100100160480,23,1.380211241711606
21,001,0016,0527,2100100160527,86,1.9395192526186185
21,001,0017,0349,2100100170349,518,2.7151673578484576
21,001,0017,0531,2100100170531,5805,3.763877031495655
21,001,0017,0546,2100100170546,3794,3.5792117802314993
21,001,0017,0550,2100100170550,171,2.2355284469075487
21,001,0024,0620,2100100240620,2482,3.394976719554564
21,001,0024,0635,2100100240635,550,2.741151598851785
21,001,0033,0601,2100100330601,2107,3.323870606540509
21,001,0033,0616,2100100330616,1476,3.1693804953119495
21,002,0001,005A,210020001005A,1728,3.2377949932739227
21,002,0001,0064,2100200010064,1923,3.284205067701794
21,003,0001,0023,2100300010023,2935,3.467756051244033
21,003,0001,0131,2100300010131,3238,3.510410948010177
21,003,0001,0146,2100300010146,1999,3.3010299956639813
21,003,0001,0150,2100300010150,2913,3.4644895474339714
21,003,0001,0165,2100300010165,686,2.8369567370595505
21,003,0001,017A,210030001017A,337,2.5289167002776547
21,003,0001,0184,2100300010184,2118,3.3261309567107946
21,003,0001,0199,2100300010199,710,2.851869600729766
21,003,0001,0269,2100300010269,307,2.4885507165004443
21,003,0001,0273,2100300010273,317,2.5024271199844326
21,003,0001,0343,2100300010343,23,1.380211241711606
21,003,0001,0358,2100300010358,1593,3.2024883170600935
21,003,0001,0362,2100300010362,1329,3.123851640967086
21,003,0001,0377,2100300010377,23,1.380211241711606
21,003,0001,0381,2100300010381,121,2.0863598306747484
21,003,0001,0396,2100300010396,641,2.807535028068853
21,003,0001,0409,2100300010409,51,1.7160033436347992
21,003,0015,0292,2100300150292,735,2.866877814337499
21,003,0015,0305,2100300150305,790,2.8981764834976764
21,003,0015,031A,210030015031A,506,2.705007959333336
21,003,0015,0324,2100300150324,140,2.1492191126553797
21,003,0015,0339,2100300150339,780,2.8926510338773004
21,004,0001,0020,2100400010020,5781,3.762078087334639
21,004,0001,0177,2100400010177,5720,3.757471947765668
21,004,0001,0181,2100400010181,6299,3.7993405494535817
21,004,0001,0196,2100400010196,3138,3.4967913157000425
21,004,0001,0209,2100400010209,2687,3.429429264381788
21,004,0001,0213,2100400010213,1201,3.079904467666721
21,004,0001,0228,2100400010228,847,2.9283958522567137
21,004,0001,0251,2100400010251,632,2.801403710017355
21,004,0001,0266,2100400010266,146,2.167317334748176
21,004,0001,0270,2100400010270,1757,3.245018870737753
21,004,0001,0285,2100400010285,2980,3.4743619760326307
21,004,0001,029A,210040001029A,82,1.919078092376074
21,004,0001,0302,2100400010302,133,2.1271047983648077
21,004,0001,0355,2100400010355,196,2.294466226161593
21,004,0002,0232,2100400020232,1052,3.0224283711854865
21,004,0002,0247,2100400020247,2116,3.325720858019412
21,004,0002,0317,2100400020317,2392,3.378942698613437
21,004,0002,0321,2100400020321,2455,3.3902283624691303
21,004,0002,0336,2100400020336,197,2.296665190261531
21,004,0006,036A,210040006036A,3509,3.545307116465824
21,004,0007,0374,2100400070374,2688,3.4295908022233017
21,004,0008,0054,2100400080054,1418,3.151982395457474
21,004,0008,0088,2100400080088,1464,3.1658376246901283
21,004,0009,0105,2100400090105,544,2.7363965022766426
21,004,0009,0139,2100400090139,2143,3.3312247810207323
21,004,0009,0143,2100400090143,2909,3.4638929889859074
21,004,0009,0158,2100400090158,2422,3.384353414137506
21,004,0009,0162,2100400090162,269,2.4313637641589874
21,004,0009,0340,2100400090340,0,0.0
21,005,0001,0028,2100500010028,2187,3.340047317661393
21,006,0001,0010,2100600010010,718,2.8567288903828825
21,006,0001,003A,210060001003A,491,2.69196510276736
21,006,0001,0044,2100600010044,16,1.2304489213782739
21,006,0001,0059,2100600010059,50,1.7075701760979363
21,006,0005,0063,2100600050063,2695,3.4307198878632823
21,007,0001,0037,2100700010037,647,2.8115750058705933
21,007,0001,0041,2100700010041,297,2.4742162640762553
21,007,0001,0056,2100700010056,134,2.130333768495006
21,007,0001,0060,2100700010060,14,1.1760912590556813
21,008,0001,0049,2100800010049,1209,3.0827853703164503
21,008,0001,0053,2100800010053,1424,3.153814864344529
21,009,0001,0046,2100900010046,59,1.7781512503836436
21,009,0001,0050,2100900010050,513,2.710963118995276
21,009,0001,0065,2100900010065,708,2.8506462351830666
21,009,0001,007A,210090001007A,59,1.7781512503836436
21,009,0001,0084,2100900010084,32,1.5185139398778875
21,010,0001,0028,2101000010028,6118,3.7866804531966487
21,010,0001,0032,2101000010032,8703,3.9397188823541045
21,010,0001,0102,2101000010102,2087,3.3197304943302246
21,010,0001,0117,2101000010117,3638,3.5609820555862353
21,010,0001,0121,2101000010121,1027,3.011993114659257
21,010,0001,0140,2101000010140,741,2.870403905279027
21,010,0001,0155,2101000010155,5268,3.721728198572788
21,010,0001,016A,210100001016A,3716,3.570192561095726
21,010,0001,0174,2101000010174,397,2.5998830720736876
21,010,0016,009A,210100016009A,2820,3.450403086155366
21,010,0025,009A,210100025009A,2681,3.42845877351558
21,011,0001,0025,2101100010025,1752,3.243781916093795
21,011,0001,003A,210110001003A,30,1.4913616938342726
21,012,0001,0037,2101200010037,1354,3.1319392952104246
21,012,0001,0041,2101200010041,1635,3.2137832993353044
21,012,0001,0056,2101200010056,1158,3.064083435963596
21,013,0001,0049,2101300010049,4023,3.604657972047871
21,013,0001,0053,2101300010053,8895,3.949194774237982
21,013,0001,0072,2101300010072,5070,3.7050936105478733
21,013,0001,0087,2101300010087,2835,3.452706226511029
21,013,0001,0091,2101300010091,484,2.6857417386022635
21,014,0001,0031,2101400010031,2361,3.373279893277496
21,015,0001,0113,2101500010113,9987,3.99947853367931
21,015,0001,0128,2101500010128,1923,3.284205067701794
21,015,0001,0132,2101500010132,2669,3.4265112613645754
21,015,0001,0147,2101500010147,4118,3.6147917919564176
21,015,0001,0151,2101500010151,5509,3.741151598851785
21,015,0001,0166,2101500010166,2900,3.4625477288026643
21,015,0001,0185,2101500010185,1329,3.123851640967086
21,015,0001,019A,210150001019A,378,2.578639209968072
21,015,0001,0217,2101500010217,3406,3.5323721335678773
21,015,0001,0221,2101500010221,357,2.5538830266438746
21,015,0001,0236,2101500010236,1081,3.0342272607705505
21,015,0001,0240,2101500010240,2047,3.3113299523037933
21,015,0001,0255,2101500010255,1234,3.0916669575956846
21,015,0001,026A,210150001026A,6312,3.800235789327354
21,015,0001,0274,2101500010274,7751,3.889413764042709
21,015,0001,0289,2101500010289,6960,3.8426716337607885
21,015,0001,0293,2101500010293,3197,3.504878459410216
21,015,0001,0306,2101500010306,4269,3.630427875025024
21,015,0001,0310,2101500010310,5253,3.7204900684500513
21,015,0001,033A,210150001033A,6135,3.7878853509409245
21,015,0001,040A,210150001040A,5030,3.7016543173257483
21,015,0001,0414,2101500010414,2642,3.4220971631317103
21,015,0001,0429,2101500010429,2344,3.370142847051102
21,015,0001,0433,2101500010433,286,2.4578818967339924
21,015,0001,0452,2101500010452,1176,3.0707764628434346
21,015,0001,0467,2101500010467,2984,3.4749443354653877
21,015,0001,0471,2101500010471,3697,3.567966906823154
21,015,0001,0486,2101500010486,348,2.5428254269591797
21,015,0004,0503,2101500040503,3314,3.520483532740792
21,015,0031,0344,2101500310344,2433,3.386320573894046
21,015,0031,0359,2101500310359,2341,3.369586890736344
21,015,0031,0382,2101500310382,4396,3.643156465619706
21,015,0031,0397,2101500310397,3141,3.4972061807039547
21,015,0031,0490,2101500310490,530,2.725094521081469
21,015,0068,0077,2101500680077,1557,3.1925674533365456
21,015,0068,0170,2101500680170,1138,3.0565237240791006
21,016,0001,0036,2101600010036,459,2.662757831681574
21,016,0001,0040,2101600010040,263,2.4216039268698313
21,016,0001,0055,2101600010055,49,1.6989700043360187
21,016,0001,006A,210160001006A,190,2.2810333672477277
21,016,0001,0074,2101600010074,155,2.1931245983544616
21,017,0001,0048,2101700010048,1775,3.249442961442582
21,017,0001,0052,2101700010052,1667,3.22219604630172
21,017,0001,0067,2101700010067,2431,3.385963570600697
21,017,0001,0071,2101700010071,1485,3.1720188094245563
21,017,0001,0090,2101700010090,133,2.1271047983648077
21,017,0004,0103,2101700040103,2840,3.453471233722936
21,017,0008,0086,2101700080086,5251,3.7203247174174416
21,018,0001,005A,210180001005A,819,2.9138138523837167
21,018,0001,0083,2101800010083,113,2.0569048513364727
21,018,0001,0098,2101800010098,45,1.662757831681574
21,019,0001,0023,2101900010023,3423,3.5345337560051155
21,019,0001,0076,2101900010076,4388,3.6423655808449733
21,019,0001,0108,2101900010108,4568,3.659821158055705
21,019,0001,0216,2101900010216,1428,3.1550322287909704
21,019,0001,0235,2101900010235,771,2.887617300335736
21,019,0001,024A,210190001024A,865,2.937517892017347
21,019,0001,0269,2101900010269,609,2.785329835010767
21,019,0001,0273,2101900010273,3142,3.49734438101758
21,019,0001,0288,2101900010288,2302,3.362293937964231
21,019,0001,0305,2101900010305,3850,3.585573518622731
21,019,0001,031A,210190001031A,1850,3.267406418752904
21,019,0001,0324,2101900010324,2131,3.3287872003545345
21,019,0001,0339,2101900010339,1839,3.2648178230095364
21,019,0001,0343,2101900010343,1967,3.2940250940953226
21,019,0001,0358,2101900010358,1184,3.0737183503461227
21,019,0001,0362,2101900010362,1125,3.0515383905153275
21,019,0001,0377,2101900010377,1264,3.1020905255118367
21,019,0001,0381,2101900010381,3264,3.5138831856110926
21,019,0001,0396,2101900010396,2073,3.316808752053022
21,019,0001,0409,2101900010409,1607,3.2062860444124324
21,019,0001,0413,2101900010413,2728,3.4360035356698964
21,019,0001,0428,2101900010428,1930,3.285782273779395
21,019,0001,0432,2101900010432,320,2.506505032404872
21,019,0001,0447,2101900010447,496,2.696356388733332
21,019,0001,0451,2101900010451,1186,3.074450718954591
21,019,0001,0466,2101900010466,2507,3.399327532158679
21,019,0001,0485,2101900010485,1505,3.177824971864682
21,019,0001,0574,2101900010574,1156,3.0633333589517497
21,019,0001,0589,2101900010589,1480,3.1705550585212086
21,019,0001,0593,2101900010593,769,2.886490725172482
21,019,0001,0606,2101900010606,3426,3.534914104429867
21,019,0001,0610,2101900010610,2635,3.420945405921972
21,019,0001,0625,2101900010625,2594,3.414137362184477
21,019,0001,063A,210190001063A,1165,3.0666985504229953
21,019,0001,0644,2101900010644,2702,3.4318460456987254
21,019,0001,0659,2101900010659,1923,3.284205067701794
21,019,0001,0663,2101900010663,2495,3.397244581010386
21,019,0001,0678,2101900010678,2273,3.356790460351716
21,019,0001,0682,2101900010682,1406,3.1482940974347455
21,019,0001,0697,2101900010697,1115,3.04766419460156
21,019,0001,070A,210190001070A,1481,3.170848203643309
21,019,0001,0714,2101900010714,1747,3.2425414282983844
21,019,0001,0729,2101900010729,1056,3.024074987307426
21,019,0001,0733,2101900010733,3719,3.5705429398818973
21,019,0001,0748,2101900010748,516,2.7134905430939424
21,019,0001,0771,2101900010771,204,2.311753861055754
21,019,0001,0786,2101900010786,233,2.369215857410143
21,019,0001,0790,2101900010790,123,2.093421685162235
21,019,0001,0803,2101900010803,194,2.290034611362518
21,019,0001,0818,2101900010818,418,2.622214022966295
21,019,0001,0841,2101900010841,134,2.130333768495006
21,019,0001,0856,2101900010856,28,1.462397997898956
21,019,0065,017A,210190065017A,4817,3.6828667956623247
21,019,0065,0220,2101900650220,1607,3.2062860444124324
21,019,0065,049A,210190065049A,497,2.6972293427597176
21,019,0065,0502,2101900650502,473,2.6757783416740852
21,019,0065,0517,2101900650517,356,2.552668216112193
21,019,0076,0521,2101900760521,729,2.863322860120456
21,019,0076,0536,2101900760536,326,2.514547752660286
21,019,0076,0540,2101900760540,234,2.3710678622717363
21,019,0076,0822,2101900760822,1006,3.003029470553618
21,019,0076,0837,2101900760837,1007,3.0034605321095067
21,019,0088,0860,2101900880860,1952,3.2907022432878543
21,019,0088,0875,2101900880875,1900,3.278982116865443
21,019,0088,088A,210190088088A,1700,3.230704313612569
21,019,0241,0038,2101902410038,3481,3.5418287667813124
21,020,0001,0039,2102000010039,1670,3.2229764498933915
21,020,0001,0043,2102000010043,1347,3.129689892199301
21,020,0001,0058,2102000010058,3939,3.595496221825574
21,020,0001,0062,2102000010062,282,2.45178643552429
21,020,0001,0077,2102000010077,31,1.505149978319906
21,021,0001,0021,2102100010021,1369,3.1367205671564067
21,022,0001,0052,2102200010052,946,2.9763499790032735
21,022,0001,0103,2102200010103,56,1.7558748556724915
21,022,0003,0067,2102200030067,2380,3.37675939540488
21,022,0003,0071,2102200030071,1705,3.231979026831504
21,022,0003,0086,2102200030086,234,2.3710678622717363
21,022,0003,0090,2102200030090,26,1.4313637641589874
21,022,0003,0118,2102200030118,32,1.5185139398778875
21,022,0003,0122,2102200030122,165,2.220108088040055
21,022,0003,0137,2102200030137,15,1.2041199826559248
21,022,0004,0048,2102200040048,2687,3.429429264381788
21,023,0001,0045,2102300010045,1470,3.16761267272753
21,023,0001,005A,210230001005A,2004,3.302114376956201
21,023,0001,0064,2102300010064,15,1.2041199826559248
21,023,0001,0079,2102300010079,35,1.5563025007672873
21,024,0001,0042,2102400010042,10,1.0413926851582251
21,024,0001,0057,2102400010057,178,2.2528530309798933
21,024,0001,0061,2102400010061,417,2.621176281775035
21,024,0001,0076,2102400010076,7,0.9030899869919435
21,025,0001,0054,2102500010054,732,2.8651039746411278
21,025,0001,0069,2102500010069,1004,3.002166061756508
21,025,0001,0073,2102500010073,423,2.6273658565927325
21,025,0001,0088,2102500010088,917,2.9628426812012423
21,025,0001,0092,2102500010092,87,1.9444826721501687
21,026,0001,009A,210260001009A,514,2.711807229041191
21,026,0001,0117,2102600010117,2279,3.357934847000454
21,026,0001,0121,2102600010121,1519,3.1818435879447726
21,026,0001,0136,2102600010136,1706,3.2322335211147335
21,026,0001,0140,2102600010140,1782,3.2511513431753545
21,026,0001,0155,2102600010155,395,2.597695185925512
21,026,0002,0174,2102600020174,2261,3.3544926005894364
21,026,0002,0189,2102600020189,297,2.4742162640762553
21,026,0003,016A,210260003016A,2890,3.4610480916706576
21,027,0001,0078,2102700010078,391,2.593286067020457
21,028,0001,0037,2102800010037,1672,3.2234959409623944
21,029,0001,0034,2102900010034,2046,3.311117842662506
21,029,0001,0049,2102900010049,648,2.812244696800369
21,029,0001,0053,2102900010053,481,2.6830470382388496
21,029,0001,0068,2102900010068,212,2.3283796034387376
21,030,0001,0035,2103000010035,684,2.8356905714924254
21,031,0001,0066,2103100010066,87,1.9444826721501687
21,031,0001,0070,2103100010070,129,2.113943352306837
21,031,0001,0085,2103100010085,390,2.5921767573958667
21,031,0001,009A,210310001009A,376,2.576341350205793
21,031,0001,0117,2103100010117,471,2.673941998634088
21,031,0001,0121,2103100010121,31,1.505149978319906
21,031,0001,0136,2103100010136,19,1.3010299956639813
21,031,0001,0140,2103100010140,348,2.5428254269591797
21,031,0001,0155,2103100010155,246,2.392696953259666
21,031,0001,016A,210310001016A,9,1.0
21,031,0001,0174,2103100010174,7,0.9030899869919435
21,032,0001,0044,2103200010044,535,2.72916478969277
21,033,0001,0037,2103300010037,1979,3.296665190261531
21,034,0001,0053,2103400010053,3710,3.569490954348783
21,034,0001,0068,2103400010068,3155,3.4991369945373827
21,034,0001,0072,2103400010072,3143,3.4974825373673704
21,034,0001,0123,2103400010123,1715,3.2345172835126865
21,034,0001,0138,2103400010138,2072,3.3165993020938607
21,034,0001,0142,2103400010142,696,2.8432327780980096
21,034,0001,0176,2103400010176,808,2.9079485216122722
21,034,0001,0180,2103400010180,135,2.1335389083702174
21,034,0001,0195,2103400010195,1363,3.13481437032046
21,034,0002,0087,2103400020087,4950,3.6946929263314843
21,034,0002,0091,2103400020091,3013,3.479143247978613
21,034,0002,0157,2103400020157,528,2.7234556720351857
21,034,0003,0119,2103400030119,8973,3.9529860651970554
21,034,0003,0161,2103400030161,195,2.292256071356476
21,034,0003,0208,2103400030208,203,2.3096301674258988
21,034,0003,0212,2103400030212,2863,3.456973013635818
21,034,0003,0227,2103400030227,3596,3.5559404378185113
21,034,0003,0231,2103400030231,113,2.0569048513364727
21,035,0001,0101,2103500010101,1406,3.1482940974347455
21,035,0001,0116,2103500010116,1026,3.0115704435972783
21,035,0001,014A,210350001014A,1258,3.1000257301078626
21,035,0001,0154,2103500010154,802,2.904715545278681
21,035,0001,0169,2103500010169,192,2.285557309007774
21,035,0001,0173,2103500010173,342,2.5352941200427703
21,035,0001,0205,2103500010205,22,1.3617278360175928
21,035,0001,021A,210350001021A,479,2.681241237375587
21,035,0001,0224,2103500010224,947,2.976808337338066
21,035,0001,0239,2103500010239,18,1.2787536009528289
21,035,0001,0243,2103500010243,16,1.2304489213782739
21,035,0001,0258,2103500010258,14,1.1760912590556813
21,035,0001,0277,2103500010277,7,0.9030899869919435
21,035,0001,0281,2103500010281,83,1.9242792860618816
21,035,0001,0296,2103500010296,49,1.6989700043360187
21,035,0001,0309,2103500010309,157,2.1986570869544226
21,035,0001,0313,2103500010313,98,1.99563519459755
21,035,0001,0328,2103500010328,0,0.0
21,035,0002,0084,2103500020084,1546,3.1894903136993675
21,035,0002,0099,2103500020099,2512,3.400192488592576
21,035,0002,0188,2103500020188,59,1.7781512503836436
21,035,0002,0192,2103500020192,70,1.8512583487190752
21,035,0002,0262,2103500020262,51,1.7160033436347992
21,036,0001,0058,2103600010058,877,2.9434945159061026
21,036,0001,0077,2103600010077,411,2.6148972160331345
21,037,0001,0040,2103700010040,594,2.7745169657285498
21,037,0001,0055,2103700010055,683,2.835056101720116
21,038,0001,0048,2103800010048,4310,3.634578022853888
21,038,0001,0052,2103800010052,2062,3.3144992279731516
21,038,0001,0067,2103800010067,1652,3.2182728535714475
21,038,0001,0071,2103800010071,15,1.2041199826559248
21,038,0001,0086,2103800010086,108,2.037426497940624
21,038,0001,0090,2103800010090,83,1.9242792860618816
21,038,0001,0103,2103800010103,11,1.0791812460476249
21,039,0001,0030,2103900010030,1232,3.0909630765957314
21,040,0001,0046,2104000010046,1217,3.0856472882968564
21,040,0001,0050,2104000010050,454,2.6580113966571126
21,040,0001,0065,2104000010065,1202,3.0802656273398448
21,040,0001,007A,210400001007A,6,0.8450980400142568
21,040,0002,0031,2104000020031,1649,3.2174839442139063
21,040,0002,0084,2104000020084,1387,3.142389466118836
21,041,0001,0062,2104100010062,7483,3.8741337788279724
21,041,0001,0109,2104100010109,20482,4.311393565000522
21,041,0001,0240,2104100010240,5569,3.745855195173729
21,041,0001,0255,2104100010255,2148,3.3322364154914434
21,041,0001,0289,2104100010289,325,2.513217600067939
21,041,0001,0310,2104100010310,613,2.788168371141168
21,041,0004,0325,2104100040325,5098,3.7074850119674734
21,041,0008,0096,2104100080096,1906,3.280350693046006
21,041,0008,0113,2104100080113,738,2.8686444383948255
21,041,0008,0128,2104100080128,0,0.0
21,041,0008,0132,2104100080132,1716,3.2347702951609163
21,041,0008,0147,2104100080147,4245,3.62797998982998
21,041,0008,0151,2104100080151,5581,3.7467898321526123
21,041,0008,0202,2104100080202,6555,3.8166389448984614
21,041,0008,0217,2104100080217,5413,3.7335182514344876
21,041,0008,0221,2104100080221,4885,3.688953462637418
21,041,0008,0236,2104100080236,4044,3.606918525948291
21,041,0008,0274,2104100080274,0,0.0
21,041,0012,0185,2104100120185,8648,3.93696589710787
21,041,0012,019A,210410012019A,5291,3.7236198355154633
21,041,0012,026A,210410012026A,102,2.012837224705172
21,041,0012,0293,2104100120293,4171,3.6203442997544935
21,041,0012,0397,2104100120397,91,1.9637878273455553
21,041,0013,001A,210410013001A,2999,3.4771212547196626
21,041,0027,033A,210410027033A,2509,3.399673721481038
21,041,0027,0344,2104100270344,3249,3.5118833609788744
21,041,0027,0359,2104100270359,2234,3.3492775274679554
21,041,0027,0363,2104100270363,3723,3.571009672309305
21,041,0027,0378,2104100270378,7426,3.8708134239155974
21,041,0027,0382,2104100270382,7487,3.874365835730049
21,041,0029,0058,2104100290058,3855,3.5861370252307934
21,042,0001,006A,210420001006A,959,2.9822712330395684
21,042,0001,0074,2104200010074,564,2.7520484478194387
21,043,0001,0048,2104300010048,3536,3.5486350598147514
21,043,0001,0052,2104300010052,1449,3.161368002234975
21,043,0001,0067,2104300010067,1359,3.1335389083702174
21,043,0001,0086,2104300010086,58,1.7708520116421442
21,043,0027,0071,2104300270071,3417,3.533772058384718
21,044,0001,0045,2104400010045,538,2.7315887651867388
21,044,0001,005A,210440001005A,1350,3.130655349022031
21,044,0001,0153,2104400010153,18,1.2787536009528289
21,044,0020,0115,2104400200115,2196,3.3418300569205104
21,044,0020,012A,210440020012A,1792,3.253580289562183
21,044,0031,0168,2104400310168,2587,3.4129642719966626
21,045,0001,0127,2104500010127,593,2.7737864449811935
21,045,0001,0131,2104500010131,54,1.7403626894942439
21,045,0001,0146,2104500010146,878,2.9439888750737717
21,045,0001,017A,210450001017A,5099,3.7075701760979363
21,045,0001,0184,2104500010184,3390,3.5303277897780863
21,045,0001,0199,2104500010199,3040,3.483016420144132
21,045,0001,0201,2104500010201,3910,3.5922878159521305
21,045,0001,0216,2104500010216,3331,3.52270499273475
21,045,0001,0220,2104500010220,4400,3.643551368562945
21,045,0001,0235,2104500010235,150,2.1789769472931693
21,045,0001,024A,210450001024A,341,2.534026106056135
21,045,0001,0273,2104500010273,62,1.7993405494535817
21,045,0001,0288,2104500010288,103,2.0170333392987803
21,045,0001,0292,2104500010292,9,1.0
21,045,0001,0305,2104500010305,9,1.0
21,045,0001,031A,210450001031A,94,1.9777236052888478
21,045,0001,0324,2104500010324,5,0.7781512503836436
21,045,0017,0254,2104500170254,1499,3.1760912590556813
21,045,0017,0269,2104500170269,1381,3.1405080430381798
21,046,0001,004A,210460001004A,2589,3.413299764081252
21,046,0001,0054,2104600010054,1584,3.2000292665537704
21,046,0001,0073,2104600010073,937,2.9722028383790646
21,046,0001,0088,2104600010088,602,2.780317312140151
21,046,0001,0092,2104600010092,664,2.8228216453031045
21,046,0001,0105,2104600010105,160,2.2068258760318495
21,047,0001,0140,2104700010140,1090,3.037824750588342
21,047,0001,0155,2104700010155,386,2.5877109650189114
21,047,0001,016A,210470001016A,929,2.9684829485539352
21,047,0001,0174,2104700010174,1014,3.0064660422492318
21,047,0001,0189,2104700010189,1735,3.239549720840473
21,047,0001,0193,2104700010193,1651,3.218010042984363
21,047,0001,0206,2104700010206,1629,3.2121876044039577
21,047,0001,0210,2104700010210,2718,3.4344092075875
21,047,0001,0259,2104700010259,129,2.113943352306837
21,047,0001,0263,2104700010263,161,2.2095150145426308
21,047,0001,0278,2104700010278,293,2.4683473304121573
21,047,0001,0297,2104700010297,41,1.6232492903979006
21,047,0099,0136,2104700990136,829,2.9190780923760737
21,047,0099,0225,2104700990225,1942,3.2884728005997825
21,047,0099,023A,210470099023A,1702,3.231214647962601
21,047,0099,0282,2104700990282,246,2.392696953259666
21,048,0001,0044,2104800010044,259,2.4149733479708178
21,048,0001,0059,2104800010059,824,2.916453948549925
21,048,0001,0063,2104800010063,224,2.3521825181113627
21,048,0001,0078,2104800010078,641,2.807535028068853
21,048,0001,010A,210480001010A,3058,3.485579476984679
21,048,0001,0114,2104800010114,3493,3.543322900646912
21,048,0001,0129,2104800010129,134,2.130333768495006
21,048,0001,0133,2104800010133,564,2.7520484478194387
21,048,0004,0186,2104800040186,1825,3.2615007731982804
21,048,0004,0190,2104800040190,2138,3.330210784571528
21,048,0005,0152,2104800050152,2806,3.448242412634439
21,048,0006,0025,2104800060025,3219,3.507855871695831
21,048,0006,0082,2104800060082,78,1.8976270912904414
21,048,0006,0097,2104800060097,348,2.5428254269591797
21,049,0001,0018,2104900010018,2307,3.363235804483694
21,049,0001,0037,2104900010037,650,2.813580988568192
21,049,0001,0041,2104900010041,998,2.9995654882259823
21,049,0001,0056,2104900010056,44,1.6532125137753437
21,049,0001,0060,2104900010060,76,1.8864907251724818
21,050,0001,0042,2105000010042,3163,3.500236474825639
21,051,0001,0016,2105100010016,3936,3.5951654147902294
21,051,0001,0105,2105100010105,1897,3.2782962080912736
21,051,0003,011A,210510003011A,259,2.4149733479708178
21,051,0003,0143,2105100030143,1872,3.2725377773752373
21,051,0003,0158,2105100030158,915,2.9618954736678504
21,051,0003,0196,2105100030196,438,2.6424645202421213
21,051,0003,0209,2105100030209,413,2.617000341120899
21,051,0003,0213,2105100030213,515,2.7126497016272113
21,051,0003,0228,2105100030228,961,2.983175072037813
21,051,0003,0232,2105100030232,852,2.930949031167523
21,051,0003,0247,2105100030247,1556,3.1922886125681202
21,051,0003,0251,2105100030251,1784,3.251638220448212
21,051,0003,0266,2105100030266,804,2.9057958803678687
21,051,0003,0270,2105100030270,1106,3.044147620878723
21,051,0003,0285,2105100030285,243,2.387389826338729
21,051,0012,0162,2105100120162,1067,3.0285712526925375
21,051,0012,0177,2105100120177,1341,3.1277525158329733
21,051,0012,0181,2105100120181,1410,3.149527013754348
21,051,0012,029A,210510012029A,765,2.884228769632604
21,051,0012,0302,2105100120302,30,1.4913616938342726
21,052,0001,0032,2105200010032,369,2.568201724066995
21,052,0001,0047,2105200010047,316,2.5010592622177517
21,052,0001,0051,2105200010051,530,2.725094521081469
21,053,0001,0190,2105300010190,670,2.826722520168992
21,053,0001,0218,2105300010218,937,2.9722028383790646
21,053,0001,0222,2105300010222,915,2.9618954736678504
21,053,0001,0256,2105300010256,1811,3.2581581933407944
21,053,0001,0260,2105300010260,1935,3.286905352972375
21,053,0001,0275,2105300010275,2159,3.3344537511509307
21,053,0001,028A,210530001028A,1784,3.251638220448212
21,053,0001,0294,2105300010294,1402,3.1470576710283598
21,053,0001,0307,2105300010307,1905,3.2801228963023075
21,053,0001,0311,2105300010311,300,2.4785664955938436
21,053,0001,0330,2105300010330,576,2.7611758131557314
21,053,0001,0345,2105300010345,849,2.929418925714293
21,053,0001,035A,210530001035A,179,2.255272505103306
21,053,0001,0364,2105300010364,87,1.9444826721501687
21,053,0001,0379,2105300010379,375,2.575187844927661
21,053,0001,0383,2105300010383,215,2.3344537511509307
21,053,0001,0398,2105300010398,972,2.988112840268352
21,053,0001,0400,2105300010400,1492,3.1740598077250253
21,053,0001,0415,2105300010415,1549,3.1903316981702914
21,053,0001,042A,210530001042A,1444,3.1598678470925665
21,053,0001,0434,2105300010434,7,0.9030899869919435
21,053,0001,0449,2105300010449,429,2.6334684555795866
21,053,0001,0453,2105300010453,3,0.6020599913279624
21,053,0001,0504,2105300010504,768,2.885926339801431
21,053,0001,0519,2105300010519,141,2.1522883443830563
21,053,0028,0010,2105300280010,1075,3.0318122713303706
21,053,0028,0152,2105300280152,1666,3.2219355998280053
21,053,0092,0468,2105300920468,925,2.966610986681934
21,053,0092,0472,2105300920472,512,2.7101173651118162
21,053,0092,0487,2105300920487,513,2.710963118995276
21,053,0092,0491,2105300920491,1276,3.1061908972634154
21,054,0001,0060,2105400010060,3512,3.5456781497920256
21,054,0001,0075,2105400010075,903,2.9561684304753633
21,054,0001,008A,210540001008A,1152,3.061829307294699
21,054,0001,0094,2105400010094,3000,3.477265995424853
21,054,0001,0107,2105400010107,4052,3.607776603741693
21,054,0001,0111,2105400010111,47,1.6812412373755872
21,054,0002,0145,2105400020145,1629,3.2121876044039577
21,054,0002,015A,210540002015A,1498,3.1758016328482794
21,054,0004,0022,2105400040022,3102,3.491781775584166
21,054,0004,0183,2105400040183,59,1.7781512503836436
21,054,0005,0126,2105400050126,4184,3.6216954623292787
21,054,0005,0130,2105400050130,60,1.7853298350107671
21,055,0001,0049,2105500010049,473,2.6757783416740852
21,055,0001,0053,2105500010053,275,2.4409090820652177
21,055,0001,0068,2105500010068,756,2.8790958795000727
21,055,0001,0072,2105500010072,560,2.7489628612561616
21,056,0001,0031,2105600010031,838,2.9237619608287004
21,057,0001,0039,2105700010039,622,2.7944880466591697
21,057,0001,0043,2105700010043,500,2.699837725867246
21,058,0001,0040,2105800010040,1714,3.2342641243787895
21,058,0001,0055,2105800010055,2061,3.3142886609474975
21,058,0001,006A,210580001006A,1996,3.3003780648707024
21,058,0001,0106,2105800010106,34,1.5440680443502757
21,058,0001,013A,210580001013A,249,2.3979400086720375
21,058,0007,0089,2105800070089,1134,3.0549958615291417
21,058,0007,0093,2105800070093,1676,3.2245330626060857
21,058,0007,0110,2105800070110,14,1.1760912590556813
21,058,0007,0125,2105800070125,7,0.9030899869919435
21,059,0001,0067,2105900010067,310,2.4927603890268375
21,059,0001,0071,2105900010071,587,2.7693773260761385
21,059,0001,0086,2105900010086,720,2.857935264719429
21,059,0001,0090,2105900010090,9,1.0
21,060,0001,0015,2106000010015,3372,3.5280163411892014
21,060,0001,0034,2106000010034,858,2.9339931638312424
21,060,0001,0049,2106000010049,2322,3.3660492098002353
21,061,0001,0031,2106100010031,1733,3.2390490931401916
21,062,0001,0024,2106200010024,1492,3.1740598077250253
21,062,0001,0039,2106200010039,299,2.4771212547196626
21,062,0001,0043,2106200010043,432,2.6364878963533656
21,063,0001,0074,2106300010074,1111,3.0461047872460387
21,063,0001,0089,2106300010089,1170,3.068556895072363
21,063,0001,0093,2106300010093,865,2.937517892017347
21,063,0001,0106,2106300010106,927,2.967547976218862
21,063,0001,0110,2106300010110,1254,3.098643725817057
21,063,0001,0125,2106300010125,1509,3.1789769472931693
21,063,0001,013A,210630001013A,4,0.6989700043360189
21,063,0001,0144,2106300010144,266,2.4265112613645754
21,063,0001,0159,2106300010159,301,2.4800069429571505
21,063,0001,0163,2106300010163,0,0.0
21,063,0001,0178,2106300010178,399,2.6020599913279625
21,063,0001,0182,2106300010182,337,2.5289167002776547
21,063,0001,0197,2106300010197,210,2.3242824552976926
21,063,0001,020A,210630001020A,92,1.968482948553935
21,064,0001,0067,2106400010067,1036,3.015778756389041
21,064,0001,0071,2106400010071,1324,3.1222158782728267
21,064,0001,0086,2106400010086,903,2.9561684304753633
21,064,0001,0090,2106400010090,624,2.7958800173440754
21,064,0001,0103,2106400010103,143,2.1583624920952498
21,064,0001,0118,2106400010118,294,2.469822015978163
21,065,0001,0064,2106500010064,65,1.8195439355418688
21,065,0001,0079,2106500010079,8,0.9542425094393249
21,065,0001,0083,2106500010083,1791,3.2533380053261065
21,065,0001,0098,2106500010098,1738,3.2402995820027125
21,065,0003,0134,2106500030134,1720,3.2357808703275603
21,065,0003,0149,2106500030149,2546,3.406028944963615
21,065,0006,0100,2106500060100,3055,3.485153349903652
21,065,0006,0115,2106500060115,3805,3.5804687839510017
21,065,0007,0026,2106500070026,4349,3.6384892569546374
21,065,0007,012A,210650007012A,1223,3.087781417809542
21,065,0007,0153,2106500070153,54,1.7403626894942439
21,065,0007,0168,2106500070168,38,1.591064607026499
21,066,0001,0042,2106600010042,1001,3.0008677215312267
21,066,0001,0057,2106600010057,461,2.6646419755561257
21,066,0001,0061,2106600010061,640,2.8068580295188172
21,066,0001,0076,2106600010076,65,1.8195439355418688
21,066,0001,0080,2106600010080,186,2.271841606536499
21,066,0001,0095,2106600010095,22,1.3617278360175928
21,067,0001,0092,2106700010092,830,2.919601023784111
21,067,0001,0105,2106700010105,1580,3.198931869932209
21,067,0001,011A,210670001011A,1482,3.1711411510283822
21,067,0001,0124,2106700010124,1197,3.0784568180532927
21,067,0001,0139,2106700010139,1476,3.1693804953119495
21,067,0001,0143,2106700010143,1231,3.090610707828407
21,067,0001,0158,2106700010158,1273,3.1051694279993316
21,067,0001,0162,2106700010162,1421,3.1528995963937474
21,067,0001,0177,2106700010177,1277,3.1065308538223815
21,067,0001,0181,2106700010181,68,1.8388490907372552
21,068,0001,0028,2106800010028,1012,3.0056094453602804
21,069,0001,0097,2106900010097,1435,3.1571544399062814
21,069,0001,010A,210690001010A,1817,3.2595938788859486
21,069,0001,0114,2106900010114,24,1.3979400086720377
21,069,0001,0133,2106900010133,64,1.8129133566428555
21,069,0001,0148,2106900010148,11,1.0791812460476249
21,069,0003,0025,2106900030025,3617,3.558468562523795
21,069,0025,0129,2106900250129,2459,3.3909351071033793
21,070,0001,0045,2107000010045,121,2.0863598306747484
21,070,0001,005A,210700001005A,339,2.531478917042255
21,070,0001,0064,2107000010064,304,2.484299839346786
21,070,0001,0079,2107000010079,6,0.8450980400142568
21,070,0001,0083,2107000010083,0,0.0
21,071,0001,0019,2107100010019,2246,3.351603072419129
21,071,0001,0023,2107100010023,2388,3.378216149749878
21,071,0001,0038,2107100010038,3204,3.5058280338548364
21,071,0001,0042,2107100010042,2726,3.43568513794163
21,071,0001,0108,2107100010108,2522,3.4019172505175748
21,071,0001,0112,2107100010112,2580,3.411788004543869
21,071,0001,0127,2107100010127,3583,3.5543680009900878
21,071,0001,0131,2107100010131,2280,3.3581252852766488
21,071,0001,0165,2107100010165,898,2.9537596917332287
21,071,0001,017A,210710001017A,2904,3.4631461367263494
21,071,0001,0184,2107100010184,1294,3.1122697684172707
21,071,0001,0199,2107100010199,863,2.936513742478893
21,071,0001,0201,2107100010201,194,2.290034611362518
21,071,0001,0216,2107100010216,1475,3.1690863574870227
21,071,0001,0220,2107100010220,3066,3.4867137759824853
21,071,0001,0235,2107100010235,1560,3.1934029030624176
21,071,0001,024A,210710001024A,899,2.9542425094393248
21,071,0001,0254,2107100010254,2770,3.442636525782232
21,071,0001,0269,2107100010269,2464,3.391816923613249
21,071,0001,0273,2107100010273,4563,3.659345635746177
21,071,0001,0288,2107100010288,3374,3.5282737771670436
21,071,0001,031A,210710001031A,1956,3.2915908256580013
21,071,0001,0324,2107100010324,631,2.800717078282385
21,071,0001,0339,2107100010339,691,2.840106094456758
21,071,0001,0343,2107100010343,1304,3.1156105116742996
21,071,0001,0358,2107100010358,820,2.9143431571194407
21,071,0001,0362,2107100010362,1281,3.1078880251827985
21,071,0001,0377,2107100010377,842,2.9258275746247424
21,071,0001,0381,2107100010381,25,1.414973347970818
21,071,0001,0447,2107100010447,1156,3.0633333589517497
21,071,0001,0451,2107100010451,39,1.6020599913279623
21,071,0001,0466,2107100010466,843,2.926342446625655
21,071,0001,0470,2107100010470,647,2.8115750058705933
21,071,0001,0485,2107100010485,123,2.093421685162235
21,071,0001,049A,210710001049A,100,2.0043213737826426
21,071,0001,0502,2107100010502,16,1.2304489213782739
21,071,0001,0517,2107100010517,358,2.5550944485783194
21,071,0001,0521,2107100010521,218,2.3404441148401185
21,071,0001,0536,2107100010536,54,1.7403626894942439
21,071,0008,0409,2107100080409,3112,3.493179120682515
21,071,0009,0413,2107100090413,2988,3.4755259150392805
21,071,0027,0292,2107100270292,5721,3.757547853469244
21,071,0027,0305,2107100270305,1978,3.296445794206396
21,071,0027,0396,2107100270396,3,0.6020599913279624
21,071,0038,0540,2107100380540,2645,3.422589839851482
21,072,0001,0035,2107200010035,1388,3.1427022457376155
21,072,0001,0069,2107200010069,237,2.376576957056512
21,072,0001,0073,2107200010073,532,2.7267272090265724
21,072,0001,0088,2107200010088,84,1.9294189257142926
21,073,0001,0070,2107300010070,2106,3.3236645356081
21,073,0001,0085,2107300010085,1809,3.2576785748691846
21,073,0001,009A,210730001009A,1353,3.1316186643491255
21,073,0001,0121,2107300010121,38,1.591064607026499
21,073,0011,0102,2107300110102,3502,3.5444401373176926
21,074,0001,0044,2107400010044,3575,3.55339751012388
21,074,0001,0059,2107400010059,3861,3.5868122694433757
21,074,0001,0063,2107400010063,5270,3.7218930162149575
21,074,0001,010A,210740001010A,5772,3.761401557498631
21,074,0001,0114,2107400010114,3094,3.490660653356137
21,074,0001,0129,2107400010129,2073,3.316808752053022
21,074,0001,0133,2107400010133,1422,3.153204900084284
21,074,0001,0148,2107400010148,782,2.8937617620579434
21,074,0001,0152,2107400010152,2925,3.466274321789292
21,074,0001,0256,2107400010256,51,1.7160033436347992
21,074,0001,0275,2107400010275,585,2.767897616018091
21,074,0001,0294,2107400010294,203,2.3096301674258988
21,074,0002,0186,2107400020186,2936,3.4679039465228003
21,074,0004,0307,2107400040307,2880,3.459543258280413
21,074,0013,0241,2107400130241,3796,3.579440597139797
21,074,0024,003A,210740024003A,2618,3.418135498425232
21,074,0029,0025,2107400290025,6561,3.817036226050029
21,074,0029,0167,2107400290167,1413,3.150449409460881
21,074,0029,0171,2107400290171,0,0.0
21,074,0029,0190,2107400290190,5508,3.7410727723733213
21,074,0029,0203,2107400290203,4074,3.6101276130759956
21,074,0029,0237,2107400290237,249,2.3979400086720375
21,074,0029,0260,2107400290260,48,1.6901960800285136
21,074,0029,028A,210740029028A,12,1.1139433523068367
21,074,0095,0311,2107400950311,1084,3.0354297381845483
21,074,0095,0326,2107400950326,1331,3.1245042248342823
21,074,0095,0330,2107400950330,1627,3.2116544005531824
21,074,0095,0345,2107400950345,1893,3.2773799746672547
21,074,0095,035A,210740095035A,1163,3.06595298031387
21,074,0095,0364,2107400950364,334,2.525044807036845
21,074,0095,0379,2107400950379,914,2.9614210940664485
21,074,0095,0383,2107400950383,2143,3.3312247810207323
21,074,0115,0398,2107401150398,1765,3.24699069924155
21,074,0115,0400,2107401150400,1728,3.2377949932739227
21,074,0115,0415,2107401150415,1097,3.040602340114073
21,075,0001,0041,2107500010041,984,2.9934362304976116
21,075,0001,0056,2107500010056,3080,3.4886916983169405
21,075,0001,0060,2107500010060,2973,3.4733409641859354
21,076,0001,0068,2107600010068,4939,3.693726948923647
21,076,0001,0087,2107600010087,961,2.983175072037813
21,077,0001,0031,2107700010031,1976,3.2960066693136723
21,078,0001,0024,2107800010024,4693,3.6715430852625737
21,078,0005,001A,210780005001A,3069,3.4871383754771865
21,079,0001,0036,2107900010036,1478,3.1699681739968923
21,079,0001,0040,2107900010040,1429,3.155336037465062
21,080,0001,0022,2108000010022,1501,3.17666993266815
21,081,0001,0091,2108100010091,511,2.709269960975831
21,081,0001,0104,2108100010104,342,2.5352941200427703
21,081,0001,0119,2108100010119,414,2.6180480967120925
21,081,0001,0123,2108100010123,172,2.2380461031287955
21,082,0001,0031,2108200010031,2005,3.302330928684399
21,082,0001,0046,2108200010046,1806,3.256958152560932
21,082,0001,0050,2108200010050,1188,3.0751818546186915
21,082,0001,0065,2108200010065,203,2.3096301674258988
21,083,0001,0077,2108300010077,391,2.593286067020457
21,084,0001,0036,2108400010036,3230,3.509336958017644
21,085,0001,0014,2108500010014,2537,3.404491617758686
21,085,0001,0029,2108500010029,2264,3.3550682063488506
21,085,0001,0052,2108500010052,5777,3.7617775375081783
21,085,0001,0211,2108500010211,5716,3.7571681922142726
21,085,0001,0226,2108500010226,4714,3.6734816970733473
21,085,0001,0230,2108500010230,1492,3.1740598077250253
21,085,0001,0245,2108500010245,692,2.8407332346118066
21,085,0001,025A,210850001025A,4561,3.6591552809406296
21,085,0001,0264,2108500010264,1684,3.2265999052073573
21,085,0001,0279,2108500010279,571,2.7573960287930244
21,085,0001,0298,2108500010298,814,2.9111576087399764
21,085,0001,0300,2108500010300,1221,3.0870712059065353
21,085,0001,0349,2108500010349,788,2.89707700320942
21,085,0001,0353,2108500010353,948,2.977266212427293
21,085,0001,0419,2108500010419,343,2.53655844257153
21,085,0001,0423,2108500010423,1894,3.2776092143040914
21,085,0001,0438,2108500010438,4349,3.6384892569546374
21,085,0001,0442,2108500010442,2805,3.448087666692341
21,085,0001,0457,2108500010457,1984,3.297760511099134
21,085,0001,0508,2108500010508,242,2.385606273598312
21,085,0001,0512,2108500010512,177,2.250420002308894
21,085,0001,0584,2108500010584,2079,3.3180633349627615
21,085,0001,0599,2108500010599,1742,3.2412973871099933
21,085,0001,0601,2108500010601,75,1.8808135922807914
21,085,0001,0616,2108500010616,70,1.8512583487190752
21,085,0001,0620,2108500010620,39,1.6020599913279623
21,085,0008,0122,2108500080122,3099,3.4913616938342726
21,085,0008,0334,2108500080334,309,2.4913616938342726
21,085,0008,0527,2108500080527,51,1.7160033436347992
21,085,0015,0033,2108500150033,1356,3.132579847659737
21,085,0015,0118,2108500150118,1443,3.1595671932336202
21,085,0016,0372,2108500160372,613,2.788168371141168
21,085,0016,0391,2108500160391,810,2.909020854211156
21,085,0016,0461,2108500160461,1668,3.222456336679247
21,085,0016,0476,2108500160476,985,2.993876914941211
21,085,0022,0550,2108500220550,2732,3.436639631692661
21,085,0028,0368,2108500280368,476,2.678518379040114
21,085,0028,0480,2108500280480,1965,3.2935835134961167
21,085,0028,0495,2108500280495,1800,3.2555137128195333
21,085,0033,0565,2108500330565,3202,3.5055569386638217
21,085,0033,057A,210850033057A,15,1.2041199826559248
21,086,0001,005A,210860001005A,295,2.4712917110589387
21,087,0001,0095,2108700010095,1822,3.2607866686549762
21,087,0001,0108,2108700010108,2076,3.317436496535099
21,087,0001,0112,2108700010112,563,2.751279103983342
21,087,0001,0127,2108700010127,292,2.4668676203541096
21,087,0001,0131,2108700010131,94,1.9777236052888478
21,087,0001,0146,2108700010146,1369,3.1367205671564067
21,087,0001,0150,2108700010150,1535,3.186391215695493
21,087,0001,0165,2108700010165,9,1.0
21,088,0001,004A,210880001004A,955,2.9804578922761
21,089,0001,0051,2108900010051,933,2.9703468762300935
21,089,0001,0066,2108900010066,267,2.428134794028789
21,089,0001,0070,2108900010070,279,2.4471580313422194
21,089,0004,0085,2108900040085,1371,3.137354111370733
21,089,0004,009A,210890004009A,1659,3.220108088040055
21,090,0001,0118,2109000010118,2240,3.350441856535061
21,090,0001,0122,2109000010122,2114,3.325310371711061
21,090,0001,0156,2109000010156,45,1.662757831681574
21,090,0005,0048,2109000050048,430,2.6344772701607315
21,090,0005,0067,2109000050067,2857,3.4560622244549513
21,090,0005,0071,2109000050071,3629,3.5599066250361124
21,090,0005,0137,2109000050137,3545,3.549738731264899
21,090,0005,0141,2109000050141,3850,3.585573518622731
21,090,0005,0160,2109000050160,512,2.7101173651118162
21,091,0001,005A,210910001005A,1602,3.204933522354145
21,091,0001,0064,2109100010064,2209,3.3443922736851106
21,091,0001,0079,2109100010079,1627,3.2116544005531824
21,091,0001,0083,2109100010083,2004,3.302114376956201
21,091,0001,0098,2109100010098,27,1.4471580313422192
21,091,0001,0100,2109100010100,34,1.5440680443502757
21,091,0001,0115,2109100010115,165,2.220108088040055
21,091,0001,012A,210910001012A,170,2.2329961103921536
21,092,0001,0076,2109200010076,974,2.989004615698537
21,092,0001,0080,2109200010080,853,2.931457870689005
21,093,0001,0054,2109300010054,830,2.919601023784111
21,094,0001,0085,2109400010085,2175,3.3376588910261424
21,094,0001,009A,210940001009A,2627,3.419625360887743
21,094,0001,0102,2109400010102,1044,3.019116290447073
21,094,0001,0117,2109400010117,221,2.346352974450639
21,094,0001,0121,2109400010121,2840,3.453471233722936
21,094,0001,0136,2109400010136,2695,3.4307198878632823
21,094,0001,0140,2109400010140,2039,3.3096301674258988
21,094,0001,0155,2109400010155,1701,3.230959555748569
21,094,0001,016A,210940001016A,2149,3.3324384599156054
21,094,0001,0174,2109400010174,157,2.1986570869544226
21,094,0001,0189,2109400010189,88,1.9493900066449128
21,094,0001,0193,2109400010193,230,2.3636119798921444
21,094,0001,0206,2109400010206,56,1.7558748556724915
21,094,0001,0210,2109400010210,41,1.6232492903979006
21,094,0001,0225,2109400010225,47,1.6812412373755872
21,095,0001,0025,2109500010025,647,2.8115750058705933
21,096,0001,0037,2109600010037,1019,3.0086001717619175
21,096,0001,0041,2109600010041,574,2.7596678446896306
21,097,0001,0049,2109700010049,472,2.6748611407378116
21,097,0001,0053,2109700010053,252,2.403120521175818
21,097,0001,0068,2109700010068,725,2.8609366207000937
21,097,0001,0072,2109700010072,358,2.5550944485783194
21,097,0001,0087,2109700010087,0,0.0
21,098,0001,0031,2109800010031,1586,3.2005769267548483
21,098,0001,0050,2109800010050,163,2.214843848047698
21,098,0001,0065,2109800010065,15,1.2041199826559248
21,099,0001,0128,2109900010128,1915,3.2823955047425257
21,099,0001,0132,2109900010132,1167,3.0674428427763805
21,099,0001,0147,2109900010147,1116,3.048053173115609
21,099,0001,0151,2109900010151,15,1.2041199826559248
21,099,0013,0081,2109900130081,1792,3.253580289562183
21,099,0013,0096,2109900130096,906,2.957607287060095
21,099,0013,0109,2109900130109,723,2.859738566197147
21,099,0013,0113,2109900130113,966,2.9854264740830017
21,100,0001,0027,2110000010027,567,2.754348335711019
21,100,0001,0031,2110000010031,764,2.8836614351536176
21,100,0001,0046,2110000010046,272,2.436162647040756
21,101,0001,0039,2110100010039,497,2.6972293427597176
21,101,0001,0043,2110100010043,625,2.7965743332104296
21,102,0001,0036,2110200010036,659,2.8195439355418688
21,102,0001,0040,2110200010040,322,2.509202522331103
21,102,0001,0055,2110200010055,3291,3.5174598265402324
21,102,0001,006A,211020001006A,3976,3.59955559098598
21,102,0001,0074,2110200010074,4150,3.6181527333785195
21,102,0001,0089,2110200010089,432,2.6364878963533656
21,102,0001,0093,2110200010093,59,1.7781512503836436
21,102,0001,0106,2110200010106,354,2.550228353055094
21,103,0001,0090,2110300010090,465,2.66838591669
21,103,0001,0103,2110300010103,472,2.6748611407378116
21,103,0001,0118,2110300010118,63,1.806179973983887
21,103,0003,0071,2110300030071,2000,3.3012470886362113
21,103,0003,0086,2110300030086,2538,3.4046627008737222
21,104,0001,0115,2110400010115,197,2.296665190261531
21,104,0001,012A,211040001012A,186,2.271841606536499
21,104,0001,0134,2110400010134,385,2.586587304671755
21,104,0001,0149,2110400010149,114,2.060697840353612
21,104,0001,0153,2110400010153,2011,3.30362797638389
21,104,0001,0168,2110400010168,1430,3.1556396337597765
21,104,0001,0187,2110400010187,1837,3.2643455070500926
21,104,0001,0191,2110400010191,1335,3.125806458139527
21,104,0001,0204,2110400010204,45,1.662757831681574
21,104,0001,0219,2110400010219,65,1.8195439355418688
21,104,0001,0223,2110400010223,94,1.9777236052888478
21,104,0011,0172,2110400110172,6596,3.819346484080453
21,104,0019,0083,2110400190083,2697,3.4310419453358856
21,104,0019,0098,2110400190098,3963,3.598133645813238
21,104,0019,0100,2110400190100,2047,3.3113299523037933
21,105,0001,0038,2110500010038,688,2.8382192219076257
21,105,0001,0042,2110500010042,684,2.8356905714924254
21,106,0001,0069,2110600010069,4260,3.629511534200453
21,106,0001,0073,2110600010073,1320,3.1209028176145273
21,106,0001,0124,2110600010124,363,2.561101383649056
21,106,0001,0158,2110600010158,155,2.1931245983544616
21,106,0003,0139,2110600030139,3763,3.5756496147552195
21,106,0003,0143,2110600030143,2167,3.336059277866349
21,106,0003,0162,2110600030162,101,2.0086001717619175
21,106,0006,0088,2110600060088,5098,3.7074850119674734
21,106,0008,0105,2110600080105,1760,3.245759355967277
21,106,0008,011A,211060008011A,3427,3.5350408132511606
21,106,0042,0016,2110600420016,629,2.7993405494535817
21,106,0042,0035,2110600420035,793,2.8998205024270964
21,106,0042,0177,2110600420177,987,2.9947569445876283
21,106,0042,0181,2110600420181,1119,3.0492180226701815
21,106,0042,0196,2110600420196,1512,3.179838928023187
21,106,0042,0209,2110600420209,889,2.949390006644913
21,106,0042,0213,2110600420213,437,2.6414741105040997
21,106,0042,0228,2110600420228,1025,3.0111473607757975
21,106,0042,0232,2110600420232,518,2.7151673578484576
21,106,0042,0247,2110600420247,295,2.4712917110589387
21,106,0042,0251,2110600420251,244,2.3891660843645326
21,106,0042,0266,2110600420266,409,2.6127838567197355
21,106,0042,0270,2110600420270,390,2.5921767573958667
21,106,0042,0285,2110600420285,501,2.7007037171450192
21,106,0042,029A,211060042029A,17,1.255272505103306
21,106,0042,0302,2110600420302,170,2.2329961103921536
21,106,0042,0317,2110600420317,15,1.2041199826559248
21,106,0042,0321,2110600420321,668,2.8254261177678233
21,106,0042,0336,2110600420336,95,1.9822712330395684
21,106,0042,0340,2110600420340,234,2.3710678622717363
21,106,0042,0355,2110600420355,4,0.6989700043360189
21,107,0001,0047,2110700010047,1121,3.0499928569201424
21,107,0001,0051,2110700010051,793,2.8998205024270964
21,107,0001,0066,2110700010066,188,2.2764618041732443
21,108,0001,0010,2110800010010,1195,3.077731179652392
21,108,0001,003A,211080001003A,1206,3.081707270097349
21,108,0001,0044,2110800010044,1251,3.097604328874411
21,108,0001,0059,2110800010059,691,2.840106094456758
21,108,0001,0063,2110800010063,842,2.9258275746247424
21,108,0001,0078,2110800010078,670,2.826722520168992
21,108,0001,0082,2110800010082,1057,3.024485667699167
21,108,0001,0097,2110800010097,1273,3.1051694279993316
21,108,0001,0148,2110800010148,639,2.806179973983887
21,108,0001,0152,2110800010152,474,2.6766936096248664
21,108,0001,0167,2110800010167,718,2.8567288903828825
21,108,0001,0171,2110800010171,1052,3.0224283711854865
21,108,0001,0186,2110800010186,39,1.6020599913279623
21,108,0001,0190,2110800010190,13,1.146128035678238
21,108,0001,0203,2110800010203,29,1.4771212547196624
21,108,0001,0218,2110800010218,127,2.1072099696478683
21,109,0001,0018,2110900010018,485,2.6866362692622934
21,109,0001,0056,2110900010056,1097,3.040602340114073
21,109,0001,0060,2110900010060,1221,3.0870712059065353
21,109,0001,008A,211090001008A,388,2.5899496013257077
21,109,0001,0094,2110900010094,332,2.5224442335063197
21,109,0014,0075,2110900140075,3386,3.5298151966446305
21,110,0001,0220,2111000010220,1243,3.0948203803548
21,110,0001,0235,2111000010235,1160,3.064832219738574
21,110,0001,024A,211100001024A,1640,3.215108581053093
21,110,0001,0254,2111000010254,1339,3.1271047983648077
21,110,0002,0019,2111000020019,3160,3.49982449583958
21,110,0004,0146,2111000040146,5478,3.73870130043471
21,110,0004,0305,2111000040305,286,2.4578818967339924
21,110,0004,0409,2111000040409,407,2.61066016308988
21,110,0004,0413,2111000040413,1406,3.1482940974347455
21,110,0004,0428,2111000040428,1917,3.282848602834645
21,110,0004,0447,2111000040447,58,1.7708520116421442
21,110,0004,049A,211100004049A,25,1.414973347970818
21,110,0004,0502,2111000040502,181,2.2600713879850747
21,110,0005,0165,2111000050165,2582,3.412124406173317
21,110,0005,017A,211100005017A,1792,3.253580289562183
21,110,0005,031A,211100005031A,43,1.6434526764861874
21,110,0005,0339,2111000050339,19,1.3010299956639813
21,110,0005,0343,2111000050343,70,1.8512583487190752
21,110,0005,0358,2111000050358,220,2.3443922736851106
21,110,0005,0432,2111000050432,49,1.6989700043360187
21,110,0005,0470,2111000050470,49,1.6989700043360187
21,110,0011,0517,2111000110517,1171,3.068927611682072
21,110,0011,0521,2111000110521,1276,3.1061908972634154
21,110,0011,0536,2111000110536,840,2.924795995797912
21,110,0013,0362,2111000130362,719,2.8573324964312685
21,110,0013,0377,2111000130377,1271,3.104487111312395
21,110,0013,0381,2111000130381,947,2.976808337338066
21,110,0013,0396,2111000130396,1077,3.03261876085072
21,110,0023,0127,2111000230127,49,1.6989700043360187
21,110,0023,0131,2111000230131,29,1.4771212547196624
21,110,0023,0269,2111000230269,4237,3.627160952374776
21,110,0023,0273,2111000230273,2958,3.471144965160633
21,110,0023,0288,2111000230288,879,2.9444826721501687
21,110,0023,0292,2111000230292,2310,3.3637999454791094
21,110,0023,0485,2111000230485,8,0.9542425094393249
21,111,0001,0088,2111100010088,2028,3.307282047033346
21,111,0019,0105,2111100190105,1535,3.186391215695493
21,111,0019,011A,211110019011A,1433,3.1565491513317814
21,112,0001,0051,2111200010051,142,2.155336037465062
21,112,0001,0066,2111200010066,1513,3.180125875164054
21,112,0001,0070,2111200010070,869,2.9395192526186187
21,112,0001,0085,2111200010085,104,2.0211892990699383
21,112,0001,009A,211120001009A,72,1.863322860120456
21,113,0001,0063,2111300010063,499,2.6989700043360187
21,113,0001,0078,2111300010078,839,2.9242792860618816
21,114,0001,0126,2111400010126,4450,3.6484575942825224
21,114,0001,0130,2111400010130,5861,3.768045814102417
21,114,0001,0198,2111400010198,4662,3.668665415454492
21,114,0001,0338,2111400010338,3320,3.5212688755983854
21,114,0001,0361,2111400010361,1500,3.1763806922432702
21,114,0001,0376,2111400010376,4483,3.6516656039229356
21,114,0001,0380,2111400010380,3033,3.4820155764507117
21,114,0001,0395,2111400010395,2303,3.3624824747511743
21,114,0001,0408,2111400010408,3047,3.4840149626675627
21,114,0001,0412,2111400010412,2175,3.3376588910261424
21,114,0001,0431,2111400010431,3829,3.583198773968623
21,114,0001,0446,2111400010446,7899,3.8976270912904414
21,114,0001,0450,2111400010450,2778,3.443888546777372
21,114,0001,0499,2111400010499,2061,3.3142886609474975
21,114,0001,0501,2111400010501,3526,3.5474054596674898
21,114,0001,0516,2111400010516,4511,3.654369090975286
21,114,0001,0520,2111400010520,4077,3.6104472214421213
21,114,0001,054A,211140001054A,3474,3.540954808926133
21,114,0001,0588,2111400010588,2186,3.339848783037637
21,114,0001,0624,2111400010624,6646,3.822625678774141
21,114,0001,0658,2111400010658,1391,3.1436392352745433
21,114,0001,0662,2111400010662,763,2.8830933585756897
21,114,0001,0677,2111400010677,1077,3.03261876085072
21,114,0001,0696,2111400010696,4283,3.631849462159818
21,114,0001,0728,2111400010728,3634,3.5605044151950564
21,114,0001,0732,2111400010732,2941,3.4686426683915115
21,114,0001,0747,2111400010747,2665,3.4258601450778405
21,114,0001,0751,2111400010751,4614,3.6641717053619307
21,114,0001,0766,2111400010766,5960,3.7753191218294777
21,114,0001,0785,2111400010785,4902,3.6904618932461783
21,114,0001,079A,211140001079A,2484,3.395326393069351
21,114,0001,0802,2111400010802,3578,3.553761698390004
21,114,0001,0817,2111400010817,4696,3.671820560183249
21,114,0001,0821,2111400010821,4751,3.6768764319731373
21,114,0001,0836,2111400010836,3854,3.586024382386976
21,114,0001,086A,211140001086A,5252,3.7204074008031087
21,114,0001,1105,2111400011105,1987,3.2984163800612945
21,114,0001,1177,2111400011177,3072,3.4875625602563782
21,114,0001,1389,2111400011389,5385,3.731266349075492
21,114,0001,1393,2111400011393,3959,3.597695185925512
21,114,0001,1406,2111400011406,3093,3.490520309363349
21,114,0001,1425,2111400011425,4299,3.6334684555795866
21,114,0001,150A,211140001150A,4276,3.631139250256811
21,114,0001,1514,2111400011514,4552,3.6582976503081897
21,114,0001,1533,2111400011533,7018,3.8462752424122133
21,114,0001,1548,2111400011548,2273,3.356790460351716
21,114,0001,1552,2111400011552,1800,3.2555137128195333
21,114,0001,1567,2111400011567,1493,3.1743505974793798
21,114,0001,1571,2111400011571,2123,3.3271545124094315
21,114,0001,1603,2111400011603,5127,3.709948016510761
21,114,0001,1641,2111400011641,3625,3.5594277997594896
21,114,0001,1675,2111400011675,7297,3.8632038590286295
21,114,0001,1711,2111400011711,9937,3.997298992409514
21,114,0001,1764,2111400011764,346,2.5403294747908736
21,114,0001,1779,2111400011779,4403,3.643847310299714
21,114,0001,1798,2111400011798,5088,3.7066324508732946
21,114,0001,1853,2111400011853,1153,3.0622058088197126
21,114,0001,1872,2111400011872,1602,3.204933522354145
21,114,0001,1904,2111400011904,1743,3.2415464805965484
21,114,0001,1923,2111400011923,3056,3.485295438726089
21,114,0001,1938,2111400011938,2954,3.4705574852172743
21,114,0001,1942,2111400011942,5230,3.718584720027436
21,114,0001,1957,2111400011957,5094,3.707144188342445
21,114,0001,1961,2111400011961,4708,3.6729286904427223
21,114,0001,1976,2111400011976,2140,3.3306166672944384
21,114,0001,1980,2111400011980,2110,3.3244882333076564
21,114,0001,1995,2111400011995,2163,3.3352572564345317
21,114,0001,2029,2111400012029,1266,3.1027766148834415
21,114,0001,2033,2111400012033,2750,3.4394905903896835
21,114,0001,2048,2111400012048,2570,3.4101020766428607
21,114,0001,2052,2111400012052,3248,3.511749711344983
21,114,0001,2067,2111400012067,2638,3.4214393902200495
21,114,0001,2071,2111400012071,1620,3.209783014848515
21,114,0001,2086,2111400012086,3145,3.497758718287268
21,114,0001,2090,2111400012090,1791,3.2533380053261065
21,114,0001,2103,2111400012103,1514,3.180412632838324
21,114,0001,2118,2111400012118,1219,3.0863598306747484
21,114,0001,2122,2111400012122,980,2.9916690073799486
21,114,0001,2141,2111400012141,4916,3.6917002082901615
21,114,0001,2156,2111400012156,1896,3.2780673308886628
21,114,0001,2160,2111400012160,2836,3.452859335795852
21,114,0001,2194,2111400012194,1483,3.171433900943008
21,114,0001,2207,2111400012207,2968,3.472610197596045
21,114,0001,2211,2111400012211,1418,3.151982395457474
21,114,0001,2226,2111400012226,2987,3.475380593143361
21,114,0001,2230,2111400012230,2350,3.3712526291249394
21,114,0001,2245,2111400012245,2313,3.3643633546157306
21,114,0001,225A,211140001225A,1824,3.2612628687924934
21,114,0001,2264,2111400012264,5425,3.7344797894255772
21,114,0001,2279,2111400012279,3870,3.5878231713189552
21,114,0001,2283,2111400012283,3085,3.4893959217271293
21,114,0001,2298,2111400012298,1885,3.2755416884013098
21,114,0001,2315,2111400012315,1456,3.16345955176999
21,114,0001,232A,211140001232A,1743,3.2415464805965484
21,114,0001,2334,2111400012334,3855,3.5861370252307934
21,114,0001,2349,2111400012349,4608,3.6636067081245205
21,114,0001,2353,2111400012353,2926,3.466422722433792
21,114,0001,2368,2111400012368,4495,3.652826302561005
21,114,0001,2372,2111400012372,8872,3.948070481518941
21,114,0001,2387,2111400012387,4960,3.6955692270361857
21,114,0001,2404,2111400012404,3442,3.5369370227046737
21,114,0001,2419,2111400012419,2740,3.4379090355394983
21,114,0001,2423,2111400012423,5592,3.747644819328248
21,114,0001,2438,2111400012438,3335,3.523226041965701
21,114,0001,2442,2111400012442,3282,3.5162708827293403
21,114,0001,2457,2111400012457,2362,3.373463721632369
21,114,0001,2461,2111400012461,4310,3.634578022853888
21,114,0001,2476,2111400012476,1712,3.2337573629655103
21,114,0001,2480,2111400012480,1037,3.016197353512439
21,114,0001,2495,2111400012495,2668,3.4263485737875077
21,114,0001,2508,2111400012508,1863,3.2704459080179626
21,114,0001,2512,2111400012512,884,2.9469432706978256
21,114,0001,2546,2111400012546,3331,3.52270499273475
21,114,0001,2550,2111400012550,7249,3.8603380065709936
21,114,0001,2565,2111400012565,5492,3.739809599021359
21,114,0001,257A,211140001257A,5682,3.7545776560447304
21,114,0001,2584,2111400012584,5541,3.743666521446213
21,114,0001,2601,2111400012601,2805,3.448087666692341
21,114,0001,2620,2111400012620,1582,3.199480914862356
21,114,0001,2635,2111400012635,5053,3.703635237583896
21,114,0001,264A,211140001264A,3002,3.477555332198981
21,114,0001,2654,2111400012654,3211,3.5067755366066433
21,114,0001,2669,2111400012669,4376,3.641176546613114
21,114,0001,2673,2111400012673,3939,3.595496221825574
21,114,0001,2688,2111400012688,3634,3.5605044151950564
21,114,0001,2705,2111400012705,1418,3.151982395457474
21,114,0001,2762,2111400012762,2913,3.4644895474339714
21,114,0001,2777,2111400012777,4375,3.641077313325374
21,114,0001,2781,2111400012781,2201,3.342817314635733
21,114,0001,2809,2111400012809,2568,3.4097641042663462
21,114,0001,2828,2111400012828,10355,4.015192041762835
21,114,0001,2832,2111400012832,3284,3.5165353738957994
21,114,0001,2847,2111400012847,777,2.890979596989689
21,114,0001,2851,2111400012851,3602,3.5566642621225686
21,114,0001,2866,2111400012866,794,2.9003671286564705
21,114,0001,2870,2111400012870,2406,3.38147609027503
21,114,0001,2885,2111400012885,331,2.5211380837040362
21,114,0001,289A,211140001289A,4117,3.6146863422820124
21,114,0001,2902,2111400012902,8556,3.932321531989293
21,114,0001,2917,2111400012917,7607,3.8812705039293576
21,114,0001,3008,2111400013008,0,0.0
21,114,0001,3050,2111400013050,8204,3.914078585389112
21,114,0001,3065,2111400013065,3433,3.5358002908248976
21,114,0001,3084,2111400013084,2104,3.323252100171687
21,114,0001,3099,2111400013099,1510,3.1792644643390253
21,114,0001,3101,2111400013101,233,2.369215857410143
21,114,0001,3116,2111400013116,2940,3.468495024507069
21,114,0001,3120,2111400013120,2211,3.344785122632661
21,114,0001,3135,2111400013135,559,2.7481880270062002
21,114,0001,314A,211140001314A,1393,3.144262773761991
21,114,0001,3154,2111400013154,1582,3.199480914862356
21,114,0001,3192,2111400013192,702,2.846955325019824
21,114,0001,321A,211140001321A,3231,3.5094713521025485
21,114,0001,3224,2111400013224,1598,3.2038484637462346
21,114,0001,3296,2111400013296,4418,3.6453240015622934
21,114,0001,3309,2111400013309,4576,3.6605809124272994
21,114,0001,3313,2111400013313,3866,3.5873741720730656
21,114,0001,3328,2111400013328,3195,3.5046067706419537
21,114,0001,3332,2111400013332,3829,3.583198773968623
21,114,0001,3347,2111400013347,5323,3.7262380468026377
21,114,0001,3351,2111400013351,3660,3.563599728881531
21,114,0001,3366,2111400013366,2727,3.4358443659844413
21,114,0001,3370,2111400013370,4772,3.678791434366244
21,114,0001,3385,2111400013385,2095,3.321391278311689
21,114,0001,339A,211140001339A,2035,3.3087777736647213
21,114,0001,3402,2111400013402,2568,3.4097641042663462
21,114,0001,3417,2111400013417,3409,3.5327543789924976
21,114,0001,3421,2111400013421,4851,3.685920792194535
21,114,0001,3436,2111400013436,2222,3.3469394626989906
21,114,0001,3440,2111400013440,2452,3.3896975482063856
21,114,0001,3455,2111400013455,4418,3.6453240015622934
21,114,0001,346A,211140001346A,2430,3.3857849588433355
21,114,0001,3474,2111400013474,4804,3.681693392004564
21,114,0001,3489,2111400013489,3445,3.53731527311201
21,114,0001,3493,2111400013493,3786,3.578295305120826
21,114,0001,3506,2111400013506,2989,3.4756711883244296
21,114,0001,3510,2111400013510,4516,3.654850090561394
21,114,0001,3525,2111400013525,3402,3.531861949095809
21,114,0001,353A,211140001353A,4835,3.6844862921887342
21,114,0001,3544,2111400013544,4768,3.6784273224338673
21,114,0001,3559,2111400013559,2664,3.425697213362591
21,114,0001,3563,2111400013563,1740,3.240798771117331
21,114,0001,3578,2111400013578,2524,3.40226138245468
21,114,0001,3582,2111400013582,3566,3.552303109338354
21,114,0001,3597,2111400013597,2012,3.3038437748886547
21,114,0001,360A,211140001360A,3533,3.5482665451707454
21,114,0001,3614,2111400013614,1350,3.130655349022031
21,114,0001,3629,2111400013629,1762,3.246252312299322
21,114,0001,3633,2111400013633,1644,3.216165902285993
21,114,0001,3648,2111400013648,2594,3.414137362184477
21,114,0001,3652,2111400013652,1662,3.2208922492195193
21,114,0001,3667,2111400013667,3080,3.4886916983169405
21,114,0001,3671,2111400013671,3742,3.5732198271144218
21,114,0001,3686,2111400013686,2917,3.4650852875574327
21,114,0001,3690,2111400013690,1148,3.060320028688285
21,114,0001,3703,2111400013703,1905,3.2801228963023075
21,114,0001,3718,2111400013718,3322,3.521530341278711
21,114,0001,3722,2111400013722,3255,3.5126843962171637
21,114,0001,3737,2111400013737,2693,3.4303975913869666
21,114,0001,3741,2111400013741,2280,3.3581252852766488
21,114,0001,3756,2111400013756,1631,3.2127201544178425
21,114,0001,3760,2111400013760,1826,3.2617385473525378
21,114,0001,3775,2111400013775,2393,3.379124146070392
21,114,0001,378A,211140001378A,2978,3.4740705032150436
21,114,0001,3794,2111400013794,1216,3.085290578230065
21,114,0001,3807,2111400013807,1672,3.2234959409623944
21,114,0001,3811,2111400013811,5376,3.730540036477119
21,114,0001,3826,2111400013826,2841,3.4536240735914507
21,114,0001,3830,2111400013830,6802,3.8327004709605674
21,114,0001,3845,2111400013845,2867,3.4575791469957626
21,114,0001,385A,211140001385A,3537,3.5487578285737045
21,114,0001,3864,2111400013864,3348,3.524915147539867
21,114,0001,3879,2111400013879,3870,3.5878231713189552
21,114,0001,3883,2111400013883,4811,3.6823256186678073
21,114,0001,3898,2111400013898,3874,3.588271706842329
21,114,0001,3900,2111400013900,2291,3.3602146132953523
21,114,0001,3915,2111400013915,6069,3.7831886910752575
21,114,0001,392A,211140001392A,4373,3.640878778701618
21,114,0001,3934,2111400013934,3014,3.47928731647617
21,114,0001,3949,2111400013949,2659,3.424881636631067
21,114,0001,3953,2111400013953,6800,3.83257277484618
21,114,0001,3968,2111400013968,5557,3.744918542441353
21,114,0001,3972,2111400013972,4484,3.651762447380111
21,114,0001,3987,2111400013987,2821,3.450557009418329
21,114,0001,3991,2111400013991,1481,3.170848203643309
21,114,0001,4006,2111400014006,2542,3.405346360175709
21,114,0001,4010,2111400014010,2132,3.3289908554494287
21,114,0001,4025,2111400014025,3637,3.5608626947274646
21,114,0001,403A,211140001403A,7605,3.8811563210755637
21,114,0001,4044,2111400014044,2057,3.313445370426414
21,114,0001,4059,2111400014059,2322,3.3660492098002353
21,114,0001,4063,2111400014063,4072,3.609914410085998
21,114,0001,4078,2111400014078,1278,3.106870544478654
21,114,0001,4082,2111400014082,2472,3.3932241163612975
21,114,0001,4097,2111400014097,2951,3.470116353151004
21,114,0001,410A,211140001410A,2535,3.404149249209695
21,114,0001,4114,2111400014114,3033,3.4820155764507117
21,114,0001,4129,2111400014129,2865,3.4572761860613257
21,114,0001,4133,2111400014133,3079,3.4885507165004443
21,114,0001,4148,2111400014148,2428,3.3854275148051305
21,114,0001,4152,2111400014152,2465,3.3919930722597127
21,114,0001,4167,2111400014167,2693,3.4303975913869666
21,114,0001,4171,2111400014171,4919,3.69196510276736
21,114,0001,4186,2111400014186,2049,3.311753861055754
21,114,0001,4190,2111400014190,5114,3.708845638048179
21,114,0001,4203,2111400014203,2132,3.3289908554494287
21,114,0001,4218,2111400014218,2546,3.406028944963615
21,114,0001,4222,2111400014222,5630,3.7505855273410087
21,114,0001,4237,2111400014237,1972,3.295127085252191
21,114,0001,4241,2111400014241,1767,3.2474822606770544
21,114,0001,4256,2111400014256,2224,3.3473300153169503
21,114,0001,4260,2111400014260,4122,3.6152133348013584
21,114,0001,4275,2111400014275,2077,3.3176455432211585
21,114,0001,428A,211140001428A,3353,3.525563058270067
21,114,0001,4294,2111400014294,2648,3.423081958297231
21,114,0001,4307,2111400014307,2498,3.39776625612645
21,114,0001,4311,2111400014311,4046,3.6071332043915665
21,114,0001,4326,2111400014326,4921,3.6921416093667836
21,114,0001,4330,2111400014330,3794,3.5792117802314993
21,114,0001,4345,2111400014345,5257,3.720820581770344
21,114,0001,435A,211140001435A,5549,3.7442929831226763
21,114,0001,4364,2111400014364,4176,3.620864475265121
21,114,0001,4379,2111400014379,3272,3.5149460053080044
21,114,0001,4383,2111400014383,5873,3.7689339421867816
21,114,0001,4400,2111400014400,4865,3.6871721045948
21,114,0001,4415,2111400014415,4316,3.635182048656268
21,114,0001,442A,211140001442A,5285,3.7231271587956916
21,114,0001,4434,2111400014434,4226,3.626032247829019
21,114,0001,4449,2111400014449,4027,3.6050894618815805
21,114,0001,4453,2111400014453,4055,3.6080979463252794
21,114,0001,4468,2111400014468,4585,3.66143405039392
21,114,0001,4472,2111400014472,12738,4.105135337612571
21,114,0001,4491,2111400014491,5770,3.761251074308663
21,114,0001,4504,2111400014504,3721,3.570776368794748
21,114,0001,4519,2111400014519,3101,3.4916417934775863
21,114,0001,4523,2111400014523,3837,3.5841049703994527
21,114,0001,4538,2111400014538,5263,3.721315880605899
21,114,0001,4542,2111400014542,3056,3.485295438726089
21,114,0001,4557,2111400014557,2791,3.4459154139511234
21,114,0001,4561,2111400014561,5817,3.7647737169110402
21,114,0001,4576,2111400014576,2716,3.4340896384178907
21,114,0001,4580,2111400014580,6202,3.7926017811649664
21,114,0001,4608,2111400014608,3330,3.522574632691177
21,114,0001,4612,2111400014612,2619,3.4183012913197452
21,114,0001,4627,2111400014627,3405,3.532244643626582
21,114,0001,4631,2111400014631,698,2.8444771757456815
21,114,0001,4646,2111400014646,500,2.699837725867246
21,114,0001,4650,2111400014650,4077,3.6104472214421213
21,114,0001,467A,211140001467A,2579,3.41161970596323
21,114,0001,4684,2111400014684,3602,3.5566642621225686
21,114,0001,4716,2111400014716,1850,3.267406418752904
21,114,0001,4720,2111400014720,6139,3.788168371141168
21,114,0001,474A,211140001474A,2419,3.383815365980431
21,114,0001,4754,2111400014754,2419,3.383815365980431
21,114,0001,4769,2111400014769,653,2.815577748324267
21,114,0001,4773,2111400014773,2682,3.428620672671939
21,114,0001,4788,2111400014788,2632,3.4204508591060683
21,114,0001,4792,2111400014792,3085,3.4893959217271293
21,114,0001,4805,2111400014805,2518,3.401228167498113
21,114,0001,481A,211140001481A,9397,3.973035440686933
21,114,0001,4824,2111400014824,2261,3.3544926005894364
21,114,0001,4839,2111400014839,4564,3.659440781870318
21,114,0001,4843,2111400014843,3870,3.5878231713189552
21,114,0001,4862,2111400014862,5188,3.715083670694927
21,114,0001,4881,2111400014881,2419,3.383815365980431
21,114,0001,4896,2111400014896,1899,3.278753600952829
21,114,0001,4909,2111400014909,2680,3.4282968139828798
21,114,0001,4928,2111400014928,2638,3.4214393902200495
21,114,0001,4932,2111400014932,3469,3.5403294747908736
21,114,0001,4947,2111400014947,2291,3.3602146132953523
21,114,0001,4951,2111400014951,4567,3.6597260952377915
21,114,0001,4966,2111400014966,1512,3.179838928023187
21,114,0001,4970,2111400014970,4157,3.6188844849954505
21,114,0001,499A,211140001499A,3699,3.568201724066995
21,114,0001,5004,2111400015004,2744,3.4385423487861106
21,114,0001,5019,2111400015019,6957,3.84248442441157
21,114,0001,5023,2111400015023,6762,3.830139387425343
21,114,0001,5038,2111400015038,1915,3.2823955047425257
21,114,0001,5042,2111400015042,2813,3.449324093098727
21,114,0001,5061,2111400015061,4562,3.659250468772661
21,114,0001,5080,2111400015080,1614,3.2081725266671217
21,114,0001,5095,2111400015095,1608,3.2065560440990297
21,114,0001,5150,2111400015150,539,2.7323937598229686
21,114,0001,5165,2111400015165,2222,3.3469394626989906
21,114,0001,517A,211140001517A,1700,3.230704313612569
21,114,0001,5184,2111400015184,3244,3.511214701136388
21,114,0001,5199,2111400015199,4007,3.6029277128591892
21,114,0001,5201,2111400015201,7053,3.848435455331471
21,114,0001,5216,2111400015216,1456,3.16345955176999
21,114,0001,5220,2111400015220,4657,3.668199484198662
21,114,0001,5235,2111400015235,3147,3.498034723687027
21,114,0001,524A,211140001524A,1674,3.224014811372864
21,114,0001,5254,2111400015254,793,2.8998205024270964
21,114,0001,5269,2111400015269,1694,3.229169702539101
21,114,0001,5273,2111400015273,4546,3.6577249542051082
21,114,0001,5305,2111400015305,2052,3.312388949370592
21,114,0001,531A,211140001531A,1907,3.2805783703680764
21,114,0001,5324,2111400015324,2220,3.346548558548474
21,114,0001,5339,2111400015339,2653,3.4239009185284166
21,114,0001,5343,2111400015343,3290,3.5173278822943734
21,114,0001,5358,2111400015358,1230,3.090258052931316
21,114,0001,5362,2111400015362,9682,3.9860099318532614
21,114,0001,5381,2111400015381,3372,3.5280163411892014
21,114,0001,5396,2111400015396,3588,3.5549734583332397
21,114,0001,5409,2111400015409,10346,4.014814449087053
21,114,0001,5413,2111400015413,2637,3.4212747912103465
21,114,0001,5428,2111400015428,4546,3.6577249542051082
21,114,0001,5432,2111400015432,4383,3.641870545476313
21,114,0001,5447,2111400015447,2262,3.3546845539547285
21,114,0001,5451,2111400015451,6160,3.7896512087934098
21,114,0001,5466,2111400015466,5291,3.7236198355154633
21,114,0001,5470,2111400015470,2669,3.4265112613645754
21,114,0001,5485,2111400015485,2645,3.422589839851482
21,114,0001,549A,211140001549A,381,2.582063362911709
21,114,0001,5502,2111400015502,1308,3.116939646550756
21,114,0001,5517,2111400015517,175,2.24551266781415
21,114,0001,5521,2111400015521,20,1.3222192947339193
21,114,0001,5536,2111400015536,2703,3.4320066872695985
21,114,0001,5540,2111400015540,351,2.546542663478131
21,114,0001,5555,2111400015555,1180,3.072249897613515
21,114,0001,556A,211140001556A,3662,3.563836918664545
21,114,0001,5574,2111400015574,3083,3.4891143693789193
21,114,0001,5589,2111400015589,4211,3.624488362513449
21,114,0001,5593,2111400015593,1333,3.12515582958053
21,114,0001,5606,2111400015606,2258,3.353916230920363
21,114,0001,5610,2111400015610,278,2.4456042032735974
21,114,0001,5625,2111400015625,480,2.682145076373832
21,114,0001,5663,2111400015663,1411,3.149834696715785
21,114,0001,5678,2111400015678,4021,3.6044420662607233
21,114,0001,5682,2111400015682,2840,3.453471233722936
21,114,0001,5697,2111400015697,1014,3.0064660422492318
21,114,0001,570A,211140001570A,868,2.9390197764486663
21,114,0001,5714,2111400015714,173,2.2405492482826
21,114,0001,5729,2111400015729,1706,3.2322335211147335
21,114,0001,5733,2111400015733,2112,3.3248994970523134
21,114,0001,5748,2111400015748,3838,3.584218112117405
21,114,0001,5752,2111400015752,3524,3.5471591213274176
21,114,0001,5767,2111400015767,2054,3.312811826212088
21,114,0001,5771,2111400015771,5461,3.7373516958037145
21,114,0001,5786,2111400015786,3430,3.5354207180561734
21,114,0001,5790,2111400015790,548,2.739572344450092
21,114,0001,5803,2111400015803,6605,3.8199385693553953
21,114,0001,5818,2111400015818,6212,3.793301353613115
21,114,0001,5822,2111400015822,5094,3.707144188342445
21,114,0001,5837,2111400015837,2436,3.386855529184724
21,114,0001,5841,2111400015841,3355,3.5258219521566625
21,114,0001,5856,2111400015856,1780,3.2506639194632436
21,114,0001,5860,2111400015860,1435,3.1571544399062814
21,114,0001,5875,2111400015875,7476,3.8737273806466797
21,114,0001,588A,211140001588A,4254,3.628899564420607
21,114,0001,5894,2111400015894,10026,4.0011710149414
21,114,0001,5907,2111400015907,3683,3.566319621524811
21,114,0001,5911,2111400015911,1906,3.280350693046006
21,114,0001,5926,2111400015926,1560,3.1934029030624176
21,114,0001,5930,2111400015930,5601,3.7483431044875495
21,114,0001,5945,2111400015945,8585,3.93379088414342
21,114,0001,5983,2111400015983,6547,3.816108670739904
21,114,0001,5998,2111400015998,5042,3.7026889681591335
21,114,0001,6002,2111400016002,3761,3.5754187912143602
21,114,0001,6017,2111400016017,4437,3.6471872978959894
21,114,0001,6021,2111400016021,5659,3.7528164311882715
21,114,0001,6040,2111400016040,5441,3.735758537443739
21,114,0001,6055,2111400016055,2858,3.456214155357989
21,114,0001,606A,211140001606A,1470,3.16761267272753
21,114,0001,6074,2111400016074,3510,3.545430829465351
21,114,0001,6089,2111400016089,2396,3.379668034033654
21,114,0001,6093,2111400016093,1687,3.2273724422896364
21,114,0001,6106,2111400016106,2569,3.4099331233312946
21,114,0001,6110,2111400016110,3807,3.580696939712437
21,114,0001,6125,2111400016125,3678,3.565729787831127
21,114,0001,613A,211140001613A,3930,3.5945030438200893
21,114,0001,6144,2111400016144,6682,3.824971461123693
21,114,0001,6159,2111400016159,1919,3.2833012287035497
21,114,0001,6163,2111400016163,2063,3.314709692955174
21,114,0001,6178,2111400016178,41,1.6232492903979006
21,114,0001,6182,2111400016182,1267,3.1031192535457137
21,114,0001,6197,2111400016197,1205,3.0813473078041325
21,114,0001,620A,211140001620A,380,2.5809249756756194
21,114,0001,6214,2111400016214,62,1.7993405494535817
21,114,0001,6252,2111400016252,246,2.392696953259666
21,114,0001,6267,2111400016267,5423,3.734319680859007
21,114,0001,6271,2111400016271,7156,3.8547310172139424
21,114,0001,6286,2111400016286,5881,3.7695250201710504
21,114,0001,6290,2111400016290,12231,4.087497472404264
21,114,0001,6303,2111400016303,10282,4.012119835804513
21,114,0001,6318,2111400016318,4297,3.6332664111554247
21,114,0001,6322,2111400016322,623,2.795184589682424
21,114,0001,6337,2111400016337,2089,3.3201462861110542
21,114,0001,6341,2111400016341,253,2.404833716619938
21,114,0001,6356,2111400016356,20903,4.320229396719269
21,114,0001,6360,2111400016360,50,1.7075701760979363
21,114,0001,6375,2111400016375,1181,3.0726174765452368
21,114,0001,638A,211140001638A,1052,3.0224283711854865
21,114,0001,6394,2111400016394,305,2.48572142648158
21,114,0001,6407,2111400016407,6335,3.801815168581437
21,114,0001,6411,2111400016411,7020,3.846398973034675
21,114,0001,6445,2111400016445,111,2.0492180226701815
21,114,0001,645A,211140001645A,8794,3.94423584379348
21,114,0001,6464,2111400016464,2465,3.3919930722597127
21,114,0001,6479,2111400016479,4351,3.6386888866901237
21,114,0001,6483,2111400016483,2411,3.3823773034681137
21,114,0001,6498,2111400016498,1243,3.0948203803548
21,114,0001,6500,2111400016500,3340,3.523876475638131
21,114,0001,6515,2111400016515,672,2.828015064223977
21,114,0001,652A,211140001652A,183,2.2648178230095364
21,114,0001,6534,2111400016534,1745,3.2420442393695508
21,114,0001,6549,2111400016549,2851,3.4551495211798278
21,114,0001,6587,2111400016587,120,2.0827853703164503
21,114,0001,6591,2111400016591,68,1.8388490907372552
21,114,0001,6604,2111400016604,275,2.4409090820652177
21,114,0001,6619,2111400016619,4288,3.632356046239073
21,114,0001,6623,2111400016623,2964,3.4720246977002813
21,114,0001,6638,2111400016638,228,2.359835482339888
21,114,0001,6642,2111400016642,1550,3.190611797813605
21,114,0001,6661,2111400016661,5019,3.7007037171450192
21,114,0001,6676,2111400016676,50,1.7075701760979363
21,114,0001,6680,2111400016680,2884,3.46014581749175
21,114,0001,6746,2111400016746,1977,3.2962262872611605
21,114,0001,6750,2111400016750,109,2.041392685158225
21,114,0001,6765,2111400016765,2055,3.313023110323238
21,114,0001,677A,211140001677A,3815,3.5816083660320577
21,114,0001,6784,2111400016784,3950,3.596707029681446
21,114,0001,6799,2111400016799,4424,3.6459132750338443
21,114,0133,5108,2111401335108,4400,3.643551368562945
21,114,0133,5112,2111401335112,7292,3.862906213562998
21,114,0190,1016,2111401901016,10004,4.00021709297223
21,114,0190,6568,2111401906568,424,2.6283889300503116
21,114,0190,6657,2111401906657,108,2.037426497940624
21,114,0194,3258,2111401943258,7150,3.8543667780408697
21,114,0194,563A,211140194563A,903,2.9561684304753633
21,114,0194,6572,2111401946572,317,2.5024271199844326
21,114,0196,3239,2111401963239,4224,3.625826713285711
21,114,0211,0944,2111402110944,7254,3.8606374167737547
21,114,0211,0959,2111402110959,7501,3.875177059814704
21,114,0211,5644,2111402115644,174,2.2430380486862944
21,114,0211,6229,2111402116229,141,2.1522883443830563
21,114,0218,3169,2111402183169,4,0.6989700043360189
21,114,0218,3173,2111402183173,854,2.931966114728173
21,114,0218,3188,2111402183188,3494,3.5434471800817002
21,114,0218,6233,2111402186233,7160,3.854973673726417
21,114,0218,6248,2111402186248,5703,3.756179516843809
21,114,0221,5127,2111402215127,2443,3.3881012015705165
21,114,0221,5131,2111402215131,3787,3.578409970331236
21,114,0232,5659,2111402325659,4712,3.6732974397596356
21,114,0326,0018,2111403260018,3409,3.5327543789924976
21,114,0359,6426,2111403596426,1808,3.257438566859814
21,114,0359,6430,2111403596430,1912,3.281714970027296
21,114,0359,6695,2111403596695,738,2.8686444383948255
21,114,0478,0037,2111404780037,2640,3.421768401206924
21,114,0488,6712,2111404886712,2115,3.325515663363148
21,114,0488,6727,2111404886727,2196,3.3418300569205104
21,114,0488,6731,2111404886731,116,2.0681858617461617
21,114,0500,0041,2111405000041,371,2.5705429398818973
21,114,0500,0075,2111405000075,255,2.4082399653118496
21,114,0500,0094,2111405000094,766,2.884795363948981
21,114,0500,015A,211140500015A,414,2.6180480967120925
21,114,0500,0164,2111405000164,4257,3.629205657102304
21,115,0001,0119,2111500010119,4386,3.642167634404945
21,115,0001,0123,2111500010123,3943,3.5959369062691735
21,115,0001,0138,2111500010138,3866,3.5873741720730656
21,115,0001,0265,2111500010265,310,2.4927603890268375
21,115,0003,0301,2111500030301,2902,3.4628470358316736
21,115,0006,027A,211150006027A,2527,3.402777069610347
21,115,0009,0142,2111500090142,4821,3.683227206041435
21,115,0009,0157,2111500090157,4181,3.621384028481653
21,115,0009,0161,2111500090161,2674,3.427323786357247
21,115,0009,0176,2111500090176,2313,3.3643633546157306
21,115,0009,0195,2111500090195,2330,3.3675422735205767
21,115,0009,0246,2111500090246,559,2.7481880270062002
21,115,0009,0284,2111500090284,435,2.639486489268586
21,115,0009,0299,2111500090299,56,1.7558748556724915
21,115,0015,0212,2111500150212,3557,3.5512059437479064
21,115,0015,0227,2111500150227,3039,3.482873583608754
21,115,0018,0231,2111500180231,4148,3.617943434828973
21,115,0019,0015,2111500190015,1475,3.1690863574870227
21,115,0019,002A,211150019002A,1184,3.0737183503461227
21,116,0001,0046,2111600010046,1771,3.248463717551032
21,117,0001,0062,2111700010062,3704,3.568788212315347
21,117,0001,0077,2111700010077,2378,3.3763944420372662
21,117,0001,0081,2111700010081,1559,3.1931245983544616
21,117,0001,0096,2111700010096,3288,3.5170638734826545
21,117,0001,0151,2111700010151,26,1.4313637641589874
21,117,0001,0185,2111700010185,5,0.7781512503836436
21,117,0003,0132,2111700030132,2271,3.3564083270389813
21,117,0003,0147,2111700030147,2668,3.4263485737875077
21,117,0003,0170,2111700030170,53,1.7323937598229686
21,118,0001,0036,2111800010036,3289,3.5171958979499744
21,118,0001,0040,2111800010040,2980,3.4743619760326307
21,118,0001,0055,2111800010055,2477,3.3941013020400446
21,118,0001,006A,211180001006A,616,2.7902851640332416
21,118,0001,0074,2111800010074,2132,3.3289908554494287
21,118,0001,0089,2111800010089,3037,3.4825877695267677
21,118,0001,0093,2111800010093,1139,3.0569048513364727
21,118,0001,0106,2111800010106,2186,3.339848783037637
21,118,0001,0110,2111800010110,220,2.3443922736851106
21,118,0001,0182,2111800010182,475,2.677606952720493
21,118,0001,0197,2111800010197,0,0.0
21,118,0001,020A,211180001020A,461,2.6646419755561257
21,118,0001,0214,2111800010214,55,1.7481880270062005
21,118,0001,0229,2111800010229,61,1.792391689498254
21,118,0001,0233,2111800010233,55,1.7481880270062005
21,118,0002,0159,2111800020159,1427,3.1547282074401557
21,118,0002,0163,2111800020163,1617,3.2089785172762535
21,118,0002,0178,2111800020178,1790,3.2530955858490316
21,118,0007,0252,2111800070252,3382,3.5293019977879805
21,119,0001,0052,2111900010052,4081,3.6108730003800518
21,119,0001,0086,2111900010086,3720,3.5706596700215343
21,119,0001,0090,2111900010090,3868,3.587598729721245
21,119,0001,0156,2111900010156,4398,3.643353961976863
21,119,0001,0160,2111900010160,1483,3.171433900943008
21,119,0001,0194,2111900010194,4805,3.6817837664678814
21,119,0001,0207,2111900010207,6472,3.8111056070179306
21,119,0001,0211,2111900010211,2568,3.4097641042663462
21,119,0001,0226,2111900010226,2824,3.4510184521554574
21,119,0001,0230,2111900010230,1842,3.2655253352190736
21,119,0001,0264,2111900010264,2057,3.313445370426414
21,119,0001,0279,2111900010279,3771,3.5765716840652906
21,119,0001,0283,2111900010283,225,2.3541084391474008
21,119,0001,0334,2111900010334,520,2.7168377232995247
21,119,0001,0387,2111900010387,2215,3.345569756056392
21,119,0001,0404,2111900010404,932,2.9698816437465
21,119,0001,0461,2111900010461,82,1.919078092376074
21,119,0001,0512,2111900010512,1133,3.0546130545568877
21,119,0009,0033,2111900090033,2676,3.4276483711869328
21,119,0009,0137,2111900090137,3057,3.485437481076301
21,119,0013,0029,2111900130029,5488,3.739493230781615
21,119,0013,0141,2111900130141,2750,3.4394905903896835
21,119,0013,0298,2111900130298,2402,3.3807537708039
21,119,0013,0300,2111900130300,1674,3.224014811372864
21,119,0013,0315,2111900130315,81,1.9138138523837167
21,119,0013,032A,211190013032A,2283,3.3586960995738107
21,119,0013,0349,2111900130349,4215,3.62490060220449
21,119,0013,0353,2111900130353,7143,3.85394144588049
21,119,0013,0368,2111900130368,4758,3.6775157047987577
21,119,0013,0372,2111900130372,5029,3.7015679850559273
21,119,0013,0419,2111900130419,3768,3.576226137449605
21,119,0013,0423,2111900130423,5685,3.754806855354423
21,119,0013,0438,2111900130438,1868,3.271609301378832
21,119,0013,0442,2111900130442,6575,3.817961804531994
21,119,0013,0457,2111900130457,4576,3.6605809124272994
21,119,0013,0476,2111900130476,735,2.866877814337499
21,119,0013,0480,2111900130480,2778,3.443888546777372
21,119,0013,0495,2111900130495,4896,3.689930104018218
21,119,0013,0508,2111900130508,2641,3.4219328132785085
21,119,0013,0527,2111900130527,2052,3.312388949370592
21,119,0013,0531,2111900130531,1201,3.079904467666721
21,119,0013,0546,2111900130546,2889,3.4608978427565478
21,119,0013,0550,2111900130550,1713,3.2340108175871793
21,119,0013,0565,2111900130565,2031,3.307923703611882
21,119,0013,057A,211190013057A,4540,3.657151501900967
21,119,0013,0584,2111900130584,2513,3.400365273349939
21,119,0013,0599,2111900130599,2484,3.395326393069351
21,119,0013,0601,2111900130601,1575,3.1975562131535367
21,119,0013,0616,2111900130616,3544,3.5496162395190853
21,119,0013,0620,2111900130620,2688,3.4295908022233017
21,119,0013,0635,2111900130635,3161,3.49996186559619
21,120,0001,0034,2112000010034,2638,3.4214393902200495
21,121,0001,0031,2112100010031,595,2.7752462597402365
21,122,0001,0039,2112200010039,252,2.403120521175818
21,122,0001,0043,2112200010043,3279,3.515873843711679
21,122,0001,0058,2112200010058,3478,3.541454428747589
21,122,0001,0062,2112200010062,115,2.0644579892269186
21,122,0003,0077,2112200030077,1622,3.210318519826232
21,122,0003,0081,2112200030081,1372,3.137670537236755
21,123,0001,0021,2112300010021,369,2.568201724066995
21,124,0001,0014,2112400010014,4741,3.675961549642169
21,124,0001,0029,2112400010029,5137,3.7107940999303275
21,124,0001,0052,2112400010052,1537,3.1869563354654122
21,124,0001,0067,2112400010067,1285,3.109240968588203
21,124,0001,0071,2112400010071,551,2.741939077729199
21,124,0001,0086,2112400010086,36,1.568201724066995
21,124,0001,0090,2112400010090,2,0.47712125471966244
21,124,0001,0103,2112400010103,0,0.0
21,124,0001,0118,2112400010118,398,2.6009728956867484
21,125,0001,0011,2112500010011,4320,3.63558426631123
21,125,0001,0030,2112500010030,746,2.873320601815399
21,125,0002,0045,2112500020045,4059,3.6085260335771943
21,126,0001,0057,2112600010057,1135,3.055378331375
21,126,0001,0061,2112600010061,1410,3.149527013754348
21,127,0001,004A,211270001004A,355,2.5514499979728753
21,127,0001,0054,2112700010054,388,2.5899496013257077
21,127,0001,0069,2112700010069,341,2.534026106056135
21,127,0001,0088,2112700010088,42,1.6334684555795864
21,127,0001,0092,2112700010092,103,2.0170333392987803
21,128,0001,0085,2112800010085,412,2.615950051656401
21,128,0001,009A,211280001009A,670,2.826722520168992
21,128,0001,0102,2112800010102,945,2.975891136401793
21,128,0001,0117,2112800010117,590,2.7715874808812555
21,128,0001,0121,2112800010121,1139,3.0569048513364727
21,128,0001,0136,2112800010136,778,2.8915374576725643
21,128,0001,0140,2112800010140,638,2.8055008581584002
21,128,0001,0155,2112800010155,1099,3.041392685158225
21,129,0001,0063,2112900010063,725,2.8609366207000937
21,129,0001,0078,2112900010078,1326,3.1228709228644354
21,129,0001,0082,2112900010082,2994,3.4763968267253302
21,129,0001,0097,2112900010097,3720,3.5706596700215343
21,129,0001,010A,211290001010A,21,1.3424226808222062
21,130,0001,0030,2113000010030,1030,3.0132586652835167
21,130,0001,0045,2113000010045,1081,3.0342272607705505
21,131,0001,0038,2113100010038,440,2.6444385894678386
21,131,0001,0042,2113100010042,533,2.727541257028556
21,132,0001,0020,2113200010020,4461,3.649529565947819
21,132,0001,004A,211320001004A,4757,3.6774244377012475
21,132,0001,0054,2113200010054,1868,3.271609301378832
21,132,0001,0177,2113200010177,3640,3.561220678933944
21,132,0001,0209,2113200010209,1657,3.2195845262142546
21,132,0001,0213,2113200010213,2653,3.4239009185284166
21,132,0001,0247,2113200010247,2577,3.4112829130173843
21,132,0001,0321,2113200010321,4340,3.6375897858387
21,132,0001,0336,2113200010336,5550,3.7443712273318606
21,132,0001,0340,2113200010340,4347,3.638289535414257
21,132,0001,0355,2113200010355,2993,3.4762517960070336
21,132,0001,036A,211320001036A,2666,3.4260230156898763
21,132,0001,0374,2113200010374,2671,3.426836453803508
21,132,0001,0389,2113200010389,5683,3.754654069255432
21,132,0001,0393,2113200010393,2268,3.355834495884936
21,132,0001,0406,2113200010406,3390,3.5303277897780863
21,132,0001,0410,2113200010410,5051,3.703463341883293
21,132,0001,0425,2113200010425,3276,3.515476441382376
21,132,0001,0529,2113200010529,2605,3.415974411376566
21,132,0001,0533,2113200010533,3853,3.5859117103194342
21,132,0001,0548,2113200010548,3025,3.4808689236871677
21,132,0001,0552,2113200010552,2145,3.3316297176299323
21,132,0001,0567,2113200010567,430,2.6344772701607315
21,132,0001,0656,2113200010656,13,1.146128035678238
21,132,0001,0660,2113200010660,859,2.934498451243568
21,132,0001,0675,2113200010675,74,1.8750612633917
21,132,0001,068A,211320001068A,677,2.8312296938670634
21,132,0001,0707,2113200010707,330,2.519827993775719
21,132,0001,075A,211320001075A,135,2.1335389083702174
21,132,0001,0764,2113200010764,93,1.9731278535996986
21,132,0001,0779,2113200010779,177,2.250420002308894
21,132,0004,0637,2113200040637,4724,3.674401812845282
21,132,0008,0641,2113200080641,5276,3.7223870941771238
21,132,0009,0158,2113200090158,5611,3.7491176623563223
21,132,0010,0124,2113200100124,5863,3.7681939616330715
21,132,0010,0251,2113200100251,271,2.4345689040341987
21,132,0010,0266,2113200100266,752,2.8767949762007006
21,132,0010,0270,2113200100270,421,2.625312450961674
21,132,0013,0181,2113200130181,1058,3.024895960107485
21,132,0013,0285,2113200130285,2316,3.364926033789976
21,132,0013,029A,211320013029A,5205,3.716504163773217
21,132,0013,043A,211320013043A,2718,3.4344092075875
21,132,0013,0444,2113200130444,3528,3.5476516583599693
21,132,0013,0459,2113200130459,4838,3.684755622108624
21,132,0015,0302,2113200150302,1479,3.1702617153949575
21,132,0015,0463,2113200150463,3714,3.569958818096594
21,132,0015,0478,2113200150478,5246,3.719911064198339
21,132,0015,0482,2113200150482,6932,3.8409212001987716
21,132,0015,0497,2113200150497,4877,3.688241795977712
21,132,0015,0571,2113200150571,4079,3.61066016308988
21,132,0015,0586,2113200150586,2349,3.3710678622717363
21,132,0015,0590,2113200150590,419,2.6232492903979003
21,132,0015,0603,2113200150603,56,1.7558748556724915
21,132,0015,0618,2113200150618,213,2.330413773349191
21,132,0015,0622,2113200150622,62,1.7993405494535817
21,133,0001,0028,2113300010028,671,2.8273692730538253
21,134,0001,003A,211340001003A,5925,3.772761647144032
21,134,0001,0044,2113400010044,5203,3.7163372878895484
21,134,0001,0063,2113400010063,19,1.3010299956639813
21,134,0001,0078,2113400010078,424,2.6283889300503116
21,134,0002,0059,2113400020059,3145,3.497758718287268
21,135,0001,0037,2113500010037,13,1.146128035678238
21,135,0001,0041,2113500010041,211,2.326335860928751
21,135,0001,0056,2113500010056,283,2.4533183400470375
21,136,0001,0034,2113600010034,4646,3.6671726724788685
21,136,0001,0049,2113600010049,7414,3.870111155364401
21,137,0001,0065,2113700010065,1586,3.2005769267548483
21,137,0001,007A,211370001007A,1590,3.2016701796465816
21,137,0001,0084,2113700010084,49,1.6989700043360187
21,137,0004,0099,2113700040099,793,2.8998205024270964
21,137,0004,0101,2113700040101,592,2.7730546933642626
21,137,0004,0116,2113700040116,613,2.788168371141168
21,137,0004,0120,2113700040120,579,2.7634279935629373
21,137,0004,0135,2113700040135,953,2.979548374704095
21,138,0001,0062,2113800010062,714,2.8543060418010806
21,138,0001,0081,2113800010081,340,2.5327543789924976
21,138,0001,0096,2113800010096,3068,3.4869968884318228
21,138,0001,0109,2113800010109,2312,3.3641756327706194
21,138,0002,0113,2113800020113,753,2.877371345869774
21,138,0002,0128,2113800020128,1277,3.1065308538223815
21,138,0003,0132,2113800030132,2932,3.467312062980552
21,139,0001,0021,2113900010021,1064,3.0273496077747564
21,139,0001,0036,2113900010036,353,2.5490032620257876
21,139,0001,0040,2113900010040,480,2.682145076373832
21,139,0001,0055,2113900010055,110,2.0453229787866576
21,139,0001,006A,211390001006A,1,0.3010299956639812
21,140,0001,0056,2114000010056,5931,3.7732011423563443
21,140,0001,0060,2114000010060,5928,3.7729814503449637
21,140,0001,008A,211400001008A,7474,3.873611196996467
21,140,0001,015A,211400001015A,4047,3.6072405038317426
21,140,0001,0164,2114000010164,2819,3.450249108319361
21,140,0001,0179,2114000010179,4150,3.6181527333785195
21,140,0001,0183,2114000010183,8280,3.9180827846421873
21,140,0001,022A,211400001022A,425,2.629409599102719
21,140,0001,0234,2114000010234,790,2.8981764834976764
21,140,0001,0249,2114000010249,2713,3.433609843323718
21,140,0001,0304,2114000010304,4810,3.6822353569025643
21,140,0001,0319,2114000010319,17336,4.238973949186046
21,140,0001,0376,2114000010376,4852,3.6860102913152857
21,140,0001,0380,2114000010380,4424,3.6459132750338443
21,140,0001,0395,2114000010395,4285,3.63205216670581
21,140,0001,0408,2114000010408,2869,3.4578818967339924
21,140,0001,0412,2114000010412,2650,3.4234097277330933
21,140,0001,0427,2114000010427,2848,3.454692449239477
21,140,0001,0431,2114000010431,3336,3.5233562066547925
21,140,0001,0484,2114000010484,394,2.59659709562646
21,140,0001,0499,2114000010499,3392,3.530583859645118
21,140,0001,0501,2114000010501,3221,3.5081255360831993
21,140,0001,0516,2114000010516,3354,3.525692524505011
21,140,0001,0520,2114000010520,1932,3.286231854028553
21,140,0007,0357,2114000070357,1588,3.2011238972073794
21,140,0007,0361,2114000070361,1132,3.0542299098633974
21,140,0014,0268,2114000140268,2054,3.312811826212088
21,140,0014,0287,2114000140287,4790,3.680426170858145
21,140,0014,0291,2114000140291,5456,3.736953953783146
21,140,0014,0446,2114000140446,4421,3.6456187382426952
21,140,0014,0450,2114000140450,1669,3.2227164711475833
21,140,0014,0465,2114000140465,1893,3.2773799746672547
21,140,0020,0323,2114000200323,772,2.888179493918325
21,140,0020,0338,2114000200338,455,2.658964842664435
21,140,0020,0535,2114000200535,1593,3.2024883170600935
21,140,0020,054A,211400020054A,1997,3.3005954838899636
21,140,0027,0126,2114000270126,4374,3.640978057358332
21,140,0027,0145,2114000270145,1542,3.188365926063148
21,140,0027,0342,2114000270342,783,2.8943160626844384
21,141,0001,0053,2114100010053,507,2.7058637122839193
21,141,0001,0068,2114100010068,383,2.584331224367531
21,142,0001,0101,2114200010101,2884,3.46014581749175
21,142,0001,0116,2114200010116,3329,3.5224442335063197
21,142,0001,0120,2114200010120,2028,3.307282047033346
21,142,0001,0135,2114200010135,890,2.949877704036875
21,142,0001,014A,211420001014A,1830,3.2626883443016963
21,142,0001,0154,2114200010154,2052,3.312388949370592
21,142,0001,0188,2114200010188,1374,3.1383026981662816
21,142,0001,0192,2114200010192,1741,3.241048150671644
21,142,0001,021A,211420001021A,1262,3.101403350555331
21,142,0001,0224,2114200010224,2258,3.353916230920363
21,142,0003,0169,2114200030169,3635,3.56062387454993
21,142,0003,0173,2114200030173,1935,3.286905352972375
21,143,0001,0062,2114300010062,1640,3.215108581053093
21,143,0001,0077,2114300010077,1281,3.1078880251827985
21,143,0008,0170,2114300080170,3027,3.4811558708280352
21,143,0009,0109,2114300090109,2763,3.441538038702161
21,143,0009,0147,2114300090147,1118,3.04883008652835
21,143,0009,0151,2114300090151,1416,3.1513698502474603
21,143,0009,0166,2114300090166,151,2.1818435879447726
21,143,0010,0185,2114300100185,3133,3.496098992132571
21,143,0011,0113,2114300110113,4361,3.6396856612426816
21,143,0011,0128,2114300110128,4777,3.679246145413859
21,143,0014,0132,2114300140132,4120,3.615002614524588
21,143,0016,0043,2114300160043,2101,3.3226327116922234
21,143,0016,0081,2114300160081,2751,3.4396484295634737
21,144,0001,0036,2114400010036,4846,3.6854730197227594
21,144,0001,0040,2114400010040,4705,3.6726519228400023
21,144,0001,0055,2114400010055,3833,3.5836521085420436
21,144,0001,006A,211440001006A,176,2.247973266361807
21,144,0001,0074,2114400010074,325,2.513217600067939
21,144,0001,0089,2114400010089,157,2.1986570869544226
21,144,0001,0093,2114400010093,167,2.225309281725863
21,144,0001,0106,2114400010106,59,1.7781512503836436
21,145,0001,0052,2114500010052,1783,3.2513948500401044
21,146,0001,0026,2114600010026,749,2.8750612633917
21,147,0001,0061,2114700010061,1398,3.1458177144918276
21,147,0001,0076,2114700010076,734,2.8662873390841948
21,147,0001,0080,2114700010080,1100,3.041787318971752
21,147,0001,0095,2114700010095,1187,3.074816440645175
21,147,0001,0108,2114700010108,0,0.0
21,147,0001,0112,2114700010112,7,0.9030899869919435
21,148,0001,0020,2114800010020,2117,3.325925955771466
21,148,0003,0035,2114800030035,1169,3.0681858617461617
21,148,0003,004A,211480003004A,2035,3.3087777736647213
21,148,0004,0054,2114800040054,3146,3.49789674291322
21,149,0001,0051,2114900010051,1884,3.2753113545418118
21,149,0001,0066,2114900010066,801,2.9041743682841634
21,149,0001,0070,2114900010070,609,2.785329835010767
21,149,0001,0085,2114900010085,3749,3.574031267727719
21,149,0001,009A,211490001009A,2257,3.353723937588949
21,149,0001,0102,2114900010102,3674,3.5652573434202135
21,149,0001,0117,2114900010117,3452,3.5381965783494542
21,149,0004,0013,2114900040013,573,2.7589118923979736
21,149,0004,0140,2114900040140,1103,3.0429690733931802
21,149,0004,0155,2114900040155,1953,3.2909245593827543
21,149,0004,016A,211490004016A,855,2.932473764677153
21,149,0006,0121,2114900060121,1633,3.2132520521963968
21,149,0006,0136,2114900060136,2369,3.374748346010104
21,150,0001,0014,2115000010014,2223,3.34713478291002
21,151,0001,005A,211510001005A,1289,3.110589710299249
21,151,0001,0064,2115100010064,1369,3.1367205671564067
21,151,0001,0079,2115100010079,799,2.9030899869919438
21,151,0001,0083,2115100010083,1381,3.1405080430381798
21,151,0001,0098,2115100010098,1215,3.084933574936716
21,151,0002,0100,2115100020100,1460,3.1646502159342966
21,151,0002,0115,2115100020115,882,2.9459607035775686
21,151,0002,012A,211510002012A,783,2.8943160626844384
21,152,0001,0042,2115200010042,1161,3.065206128054312
21,152,0001,0057,2115200010057,420,2.6242820958356683
21,152,0001,0061,2115200010061,891,2.950364854376123
21,152,0001,0076,2115200010076,632,2.801403710017355
21,152,0001,0080,2115200010080,1176,3.0707764628434346
21,152,0001,0095,2115200010095,263,2.4216039268698313
21,152,0001,0112,2115200010112,1197,3.0784568180532927
21,152,0001,0127,2115200010127,793,2.8998205024270964
21,152,0001,0131,2115200010131,0,0.0
21,153,0001,0073,2115300010073,1427,3.1547282074401557
21,153,0001,0105,2115300010105,1357,3.132899769944483
21,153,0001,011A,211530001011A,613,2.788168371141168
21,153,0001,0124,2115300010124,1265,3.1024337056813365
21,153,0001,0139,2115300010139,1414,3.150756439860309
21,153,0001,0162,2115300010162,28,1.462397997898956
21,153,0002,0143,2115300020143,1560,3.1934029030624176
21,153,0002,0158,2115300020158,1147,3.059941888061955
21,153,0002,0177,2115300020177,1283,3.1085650237328344
21,153,0002,0181,2115300020181,842,2.9258275746247424
21,153,0007,004A,211530007004A,1239,3.093421685162235
21,153,0007,0196,2115300070196,1651,3.218010042984363
21,154,0001,0193,2115400010193,1396,3.1451964061141817
21,154,0001,0206,2115400010206,966,2.9854264740830017
21,154,0001,0210,2115400010210,948,2.977266212427293
21,154,0001,0225,2115400010225,904,2.9566485792052033
21,154,0001,023A,211540001023A,949,2.9777236052888476
21,154,0001,0244,2115400010244,1217,3.0856472882968564
21,154,0001,0259,2115400010259,899,2.9542425094393248
21,154,0001,0263,2115400010263,437,2.6414741105040997
21,154,0001,0278,2115400010278,2531,3.4034637013453173
21,154,0001,0282,2115400010282,1776,3.2496874278053016
21,154,0001,0297,2115400010297,2433,3.386320573894046
21,154,0001,030A,211540001030A,3069,3.4871383754771865
21,154,0001,0314,2115400010314,2916,3.4649364291217326
21,154,0001,0329,2115400010329,2308,3.3634239329171765
21,154,0001,0333,2115400010333,2606,3.416141031168329
21,154,0001,0348,2115400010348,1235,3.092018470752797
21,154,0001,0352,2115400010352,1601,3.204662511748219
21,154,0001,0526,2115400010526,1073,3.0310042813635367
21,154,0001,0530,2115400010530,107,2.03342375548695
21,154,0001,0545,2115400010545,31,1.505149978319906
21,154,0001,055A,211540001055A,81,1.9138138523837167
21,154,0001,062A,211540001062A,153,2.187520720836463
21,154,0001,0634,2115400010634,1491,3.17376882313665
21,154,0001,0653,2115400010653,44,1.6532125137753437
21,154,0001,0668,2115400010668,144,2.161368002234975
21,154,0011,0579,2115400110579,3103,3.491921712586151
21,154,0021,0441,2115400210441,2628,3.419790586106363
21,154,0021,0456,2115400210456,3497,3.543819805142658
21,154,0021,0460,2115400210460,3023,3.480581786829169
21,154,0021,0475,2115400210475,2633,3.420615770625765
21,154,0021,0564,2115400210564,43,1.6434526764861874
21,154,0026,0600,2115400260600,1964,3.2933625547114453
21,154,0026,0615,2115400260615,1978,3.296445794206396
21,154,0027,0367,2115400270367,700,2.8457180179666586
21,154,0027,0371,2115400270371,999,3.0
21,154,0027,0386,2115400270386,938,2.972665592266111
21,154,0027,0390,2115400270390,806,2.90687353472207
21,154,0027,0403,2115400270403,591,2.77232170672292
21,154,0027,0418,2115400270418,696,2.8432327780980096
21,154,0027,048A,211540027048A,880,2.9449759084120477
21,154,0027,0494,2115400270494,947,2.976808337338066
21,154,0027,0507,2115400270507,990,2.9960736544852753
21,154,0027,0511,2115400270511,1533,3.185825359612962
21,154,0027,0598,2115400270598,31,1.505149978319906
21,154,0027,0672,2115400270672,8,0.9542425094393249
21,154,0031,0649,2115400310649,2978,3.4740705032150436
21,155,0001,0063,2115500010063,1392,3.1439511164239633
21,155,0001,0078,2115500010078,1377,3.139249217571607
21,155,0001,0082,2115500010082,833,2.921166050637739
21,155,0001,0097,2115500010097,104,2.0211892990699383
21,156,0001,0022,2115600010022,155,2.1931245983544616
21,156,0001,0037,2115600010037,3637,3.5608626947274646
21,156,0001,0041,2115600010041,2215,3.345569756056392
21,156,0001,0056,2115600010056,2399,3.380211241711606
21,156,0001,0075,2115600010075,3057,3.485437481076301
21,156,0001,008A,211560001008A,6542,3.815776920298363
21,156,0001,0130,2115600010130,3202,3.5055569386638217
21,156,0001,0380,2115600010380,6673,3.824386202318774
21,156,0001,0554,2115600010554,3722,3.570893036218392
21,156,0001,0569,2115600010569,1575,3.1975562131535367
21,156,0001,0573,2115600010573,2904,3.4631461367263494
21,156,0001,0588,2115600010588,4466,3.6500159524718385
21,156,0001,0592,2115600010592,4271,3.6306312440205
21,156,0001,0605,2115600010605,5871,3.7687860469080143
21,156,0001,061A,211560001061A,4893,3.6896639650157703
21,156,0001,0624,2115600010624,1974,3.295567099962479
21,156,0001,0639,2115600010639,2202,3.343014497150768
21,156,0001,0658,2115600010658,4033,3.6057358938767465
21,156,0001,0662,2115600010662,2053,3.3126004392612596
21,156,0001,0681,2115600010681,5408,3.7331169814420644
21,156,0001,0696,2115600010696,2787,3.4452927694259716
21,156,0001,0732,2115600010732,31,1.505149978319906
21,156,0001,0747,2115600010747,1192,3.076640443670342
21,156,0001,0751,2115600010751,1456,3.16345955176999
21,156,0001,0766,2115600010766,246,2.392696953259666
21,156,0001,0785,2115600010785,1504,3.1775364999298623
21,156,0001,0802,2115600010802,5542,3.7437448785924614
21,156,0001,0817,2115600010817,1676,3.2245330626060857
21,156,0001,0821,2115600010821,2084,3.3191060593097763
21,156,0001,0836,2115600010836,5131,3.710286647702891
21,156,0001,0840,2115600010840,2047,3.3113299523037933
21,156,0001,0855,2115600010855,4393,3.6428600525844916
21,156,0001,086A,211560001086A,1671,3.2232362731029975
21,156,0001,0874,2115600010874,1916,3.2826221128780624
21,156,0001,0889,2115600010889,729,2.863322860120456
21,156,0001,0893,2115600010893,2898,3.4622482153549976
21,156,0001,0906,2115600010906,3808,3.580810972660946
21,156,0001,0910,2115600010910,6030,3.7803893284709527
21,156,0001,0925,2115600010925,4379,3.6414741105040997
21,156,0001,093A,211560001093A,2661,3.4252080511386565
21,156,0001,0959,2115600010959,2625,3.4192947217534604
21,156,0001,0963,2115600010963,5330,3.726808682524964
21,156,0001,0982,2115600010982,1612,3.2076343673889616
21,156,0001,0997,2115600010997,1118,3.04883008652835
21,156,0001,1001,2115600011001,1578,3.1983821300082944
21,156,0001,1016,2115600011016,2773,3.443106456737266
21,156,0001,1020,2115600011020,3291,3.5174598265402324
21,156,0001,1035,2115600011035,3180,3.502563669107363
21,156,0001,104A,211560001104A,704,2.848189116991399
21,156,0001,1069,2115600011069,6219,3.7937903846908188
21,156,0001,1073,2115600011073,3967,3.598571663482141
21,156,0001,1088,2115600011088,3810,3.581038948772167
21,156,0001,1092,2115600011092,4032,3.605628222007619
21,156,0001,1105,2115600011105,3079,3.4885507165004443
21,156,0001,111A,211560001111A,2445,3.3884564527002667
21,156,0001,1124,2115600011124,1510,3.1792644643390253
21,156,0001,1139,2115600011139,1157,3.0637085593914173
21,156,0001,1162,2115600011162,2652,3.423737249982329
21,156,0001,1177,2115600011177,4283,3.631849462159818
21,156,0001,1196,2115600011196,1868,3.271609301378832
21,156,0001,1209,2115600011209,6247,3.7957410208692437
21,156,0001,1213,2115600011213,5925,3.772761647144032
21,156,0001,1228,2115600011228,2211,3.344785122632661
21,156,0001,1232,2115600011232,3866,3.5873741720730656
21,156,0001,1251,2115600011251,1584,3.2000292665537704
21,156,0001,1266,2115600011266,3106,3.4923412532549745
21,156,0001,1270,2115600011270,3737,3.572639297042813
21,156,0001,1285,2115600011285,1579,3.1986570869544226
21,156,0001,1302,2115600011302,708,2.8506462351830666
21,156,0001,1317,2115600011317,234,2.3710678622717363
21,156,0001,1321,2115600011321,1058,3.024895960107485
21,156,0001,1336,2115600011336,2445,3.3884564527002667
21,156,0001,1340,2115600011340,7503,3.875292825371008
21,156,0001,1355,2115600011355,2733,3.4367985102318035
21,156,0001,136A,211560001136A,3230,3.509336958017644
21,156,0001,1374,2115600011374,3465,3.539828558377898
21,156,0001,1389,2115600011389,4621,3.6648299411430907
21,156,0001,1410,2115600011410,3667,3.5644293269979834
21,156,0001,1425,2115600011425,2859,3.456366033129043
21,156,0001,143A,211560001143A,2426,3.385069776331935
21,156,0001,1444,2115600011444,1656,3.219322508419337
21,156,0001,1459,2115600011459,4915,3.6916118742144164
21,156,0001,1463,2115600011463,2831,3.4520932490177314
21,156,0001,1478,2115600011478,3251,3.5121505369220305
21,156,0001,1482,2115600011482,2412,3.3825573219087857
21,156,0001,1497,2115600011497,3519,3.546542663478131
21,156,0001,150A,211560001150A,4202,3.623559390005437
21,156,0001,1514,2115600011514,2655,3.42422807069598
21,156,0001,1529,2115600011529,5120,3.709354775834396
21,156,0001,1533,2115600011533,1942,3.2884728005997825
21,156,0001,1548,2115600011548,1015,3.0068937079479006
21,156,0001,1571,2115600011571,2378,3.3763944420372662
21,156,0001,1586,2115600011586,1947,3.2895889525425965
21,156,0001,1590,2115600011590,164,2.2174839442139063
21,156,0001,1603,2115600011603,303,2.482873583608754
21,156,0001,1618,2115600011618,204,2.311753861055754
21,156,0001,1622,2115600011622,38,1.591064607026499
21,156,0001,1637,2115600011637,38,1.591064607026499
21,156,0001,1641,2115600011641,55,1.7481880270062005
21,156,0001,1656,2115600011656,383,2.584331224367531
21,156,0001,1660,2115600011660,441,2.645422269349092
21,156,0001,1675,2115600011675,86,1.9395192526186185
21,156,0001,168A,211560001168A,169,2.230448921378274
21,156,0001,1694,2115600011694,930,2.9689496809813427
21,156,0001,1707,2115600011707,193,2.287801729930226
21,156,0001,1711,2115600011711,551,2.741939077729199
21,156,0001,1726,2115600011726,73,1.8692317197309762
21,156,0001,1730,2115600011730,707,2.850033257689769
21,156,0001,1745,2115600011745,0,0.0
21,156,0001,175A,211560001175A,5,0.7781512503836436
21,156,0001,1764,2115600011764,37,1.5797835966168101
21,156,0001,1779,2115600011779,7,0.9030899869919435
21,156,0001,1783,2115600011783,3041,3.4831592097169795
21,156,0001,1798,2115600011798,707,2.850033257689769
21,156,0001,1800,2115600011800,1564,3.194514341882467
21,156,0001,1815,2115600011815,659,2.8195439355418688
21,156,0001,182A,211560001182A,1757,3.245018870737753
21,156,0009,0501,2115600090501,3606,3.5571461423183632
21,156,0009,0516,2115600090516,2336,3.368658712392227
21,156,0009,0520,2115600090520,1801,3.255754786643044
21,156,0009,0535,2115600090535,2584,3.412460547429961
21,156,0009,129A,211560009129A,562,2.7505083948513462
21,156,0012,0111,2115600120111,1676,3.2245330626060857
21,156,0012,0145,2115600120145,1505,3.177824971864682
21,156,0014,1393,2115600141393,1683,3.226342087163631
21,156,0014,1406,2115600141406,1504,3.1775364999298623
21,156,0018,015A,211560018015A,2785,3.4449811120879446
21,157,0001,0072,2115700010072,403,2.606381365110605
21,157,0001,0087,2115700010087,447,2.651278013998144
21,157,0001,0123,2115700010123,1924,3.2844307338445193
21,157,0001,0138,2115700010138,1895,3.2778383330020473
21,157,0001,0142,2115700010142,968,2.986323777050765
21,157,0001,0157,2115700010157,897,2.9532763366673045
21,157,0001,0161,2115700010161,110,2.0453229787866576
21,158,0001,0046,2115800010046,949,2.9777236052888476
21,158,0001,0050,2115800010050,70,1.8512583487190752
21,158,0001,0065,2115800010065,102,2.012837224705172
21,159,0001,0062,2115900010062,1118,3.04883008652835
21,159,0001,0077,2115900010077,1090,3.037824750588342
21,159,0001,0081,2115900010081,158,2.2013971243204513
21,159,0001,0096,2115900010096,45,1.662757831681574
21,159,0001,0109,2115900010109,54,1.7403626894942439
21,159,0001,0113,2115900010113,162,2.2121876044039577
21,159,0001,0128,2115900010128,69,1.845098040014257
21,159,0001,0132,2115900010132,55,1.7481880270062005
21,160,0001,0044,2116000010044,1892,3.277150613963797
21,161,0001,0111,2116100010111,1510,3.1792644643390253
21,161,0001,0126,2116100010126,1532,3.185542154854375
21,161,0001,022A,211610001022A,341,2.534026106056135
21,161,0003,0253,2116100030253,1323,3.121887985103681
21,161,0003,0268,2116100030268,1265,3.1024337056813365
21,161,0004,0179,2116100040179,1975,3.295786940251609
21,161,0004,0183,2116100040183,1890,3.27669152884504
21,161,0004,0198,2116100040198,28,1.462397997898956
21,161,0004,0234,2116100040234,24,1.3979400086720377
21,161,0005,0094,2116100050094,123,2.093421685162235
21,161,0005,0107,2116100050107,200,2.303196057420489
21,161,0005,0130,2116100050130,3298,3.518382315545344
21,161,0005,0164,2116100050164,168,2.2278867046136734
21,161,0005,0200,2116100050200,1592,3.2022157758011316
21,161,0005,0215,2116100050215,857,2.9334872878487053
21,161,0006,0249,2116100060249,2695,3.4307198878632823
21,162,0001,0053,2116200010053,2065,3.315130317183602
21,162,0001,0068,2116200010068,1233,3.091315159697223
21,163,0001,0050,2116300010050,302,2.481442628502305
21,163,0001,0065,2116300010065,467,2.670245853074124
21,163,0001,0120,2116300010120,5080,3.705949194910296
21,163,0001,0135,2116300010135,4607,3.6635124704151556
21,163,0001,014A,211630001014A,4417,3.6452257115354163
21,163,0001,0154,2116300010154,3501,3.5443161417474274
21,164,0001,0151,2116400010151,590,2.7715874808812555
21,164,0001,0166,2116400010166,450,2.6541765418779604
21,164,0001,0170,2116400010170,629,2.7993405494535817
21,164,0001,0185,2116400010185,438,2.6424645202421213
21,164,0001,019A,211640001019A,648,2.812244696800369
21,164,0001,0202,2116400010202,195,2.292256071356476
21,164,0001,0240,2116400010240,3388,3.530071568837378
21,164,0001,0255,2116400010255,4609,3.663700925389648
21,164,0001,026A,211640001026A,4950,3.6946929263314843
21,164,0001,0274,2116400010274,3595,3.5558196830611912
21,164,0001,0289,2116400010289,2709,3.432969290874406
21,164,0001,0293,2116400010293,3361,3.526597709103452
21,164,0001,0306,2116400010306,1542,3.188365926063148
21,164,0001,0310,2116400010310,1677,3.2247919564926817
21,164,0001,0325,2116400010325,322,2.509202522331103
21,164,0001,033A,211640001033A,20,1.3222192947339193
21,164,0012,0109,2116400120109,2312,3.3641756327706194
21,164,0012,0113,2116400120113,2992,3.4761067168401913
21,164,0012,0217,2116400120217,2518,3.401228167498113
21,164,0012,0236,2116400120236,2271,3.3564083270389813
21,164,0012,0414,2116400120414,87,1.9444826721501687
21,164,0012,0467,2116400120467,118,2.0755469613925306
21,164,0012,0471,2116400120471,326,2.514547752660286
21,164,0013,0058,2116400130058,2905,3.4632956099620027
21,164,0016,0062,2116400160062,2878,3.459241664878082
21,164,0019,0378,2116400190378,1073,3.0310042813635367
21,164,0019,0429,2116400190429,2285,3.359076226059263
21,164,0019,0433,2116400190433,548,2.739572344450092
21,164,0019,0486,2116400190486,23,1.380211241711606
21,164,0020,0448,2116400200448,1859,3.2695129442179165
21,164,0020,0452,2116400200452,2495,3.397244581010386
21,164,0020,0490,2116400200490,16,1.2304489213782739
21,164,0024,0128,2116400240128,2628,3.419790586106363
21,164,0024,0132,2116400240132,1937,3.2873537727147464
21,164,0024,0147,2116400240147,3250,3.5120169694961265
21,164,0024,0344,2116400240344,225,2.3541084391474008
21,164,0024,0359,2116400240359,1161,3.065206128054312
21,165,0001,0021,2116500010021,817,2.912753303671323
21,166,0001,0052,2116600010052,1999,3.3010299956639813
21,166,0001,0067,2116600010067,2673,3.4271614029259654
21,166,0001,0071,2116600010071,474,2.6766936096248664
21,166,0001,0086,2116600010086,1,0.3010299956639812
21,167,0001,0030,2116700010030,931,2.9694159123539814
21,167,0001,0045,2116700010045,237,2.376576957056512
21,167,0001,005A,211670001005A,24,1.3979400086720377
21,168,0001,0095,2116800010095,41,1.6232492903979006
21,168,0001,0108,2116800010108,713,2.8536982117761744
21,168,0001,0112,2116800010112,844,2.926856708949692
21,168,0001,0127,2116800010127,95,1.9822712330395684
21,168,0001,0131,2116800010131,5,0.7781512503836436
21,168,0002,0019,2116800020019,3220,3.5079907248196913
21,168,0002,0057,2116800020057,208,2.3201462861110542
21,168,0002,0061,2116800020061,782,2.8937617620579434
21,168,0002,0076,2116800020076,1236,3.0923696996291206
21,168,0002,0146,2116800020146,73,1.8692317197309762
21,169,0001,0073,2116900010073,2341,3.369586890736344
21,169,0001,0088,2116900010088,2141,3.330819466495837
21,169,0001,0092,2116900010092,1133,3.0546130545568877
21,169,0001,011A,211690001011A,29,1.4771212547196624
21,169,0001,0124,2116900010124,59,1.7781512503836436
21,170,0001,0089,2117000010089,586,2.7686381012476144
21,170,0001,0093,2117000010093,910,2.9595183769729982
21,170,0001,0106,2117000010106,0,0.0
21,170,0001,0110,2117000010110,46,1.6720978579357175
21,170,0001,0125,2117000010125,21,1.3424226808222062
21,170,0005,0159,2117000050159,580,2.7641761323903307
21,170,0005,0163,2117000050163,422,2.6263403673750423
21,170,0005,0178,2117000050178,290,2.4638929889859074
21,170,0005,0182,2117000050182,297,2.4742162640762553
21,170,0005,0197,2117000050197,334,2.525044807036845
21,170,0005,020A,211700005020A,251,2.401400540781544
21,170,0005,0214,2117000050214,478,2.680335513414563
21,170,0015,013A,211700015013A,1020,3.0090257420869104
21,170,0015,0144,2117000150144,1889,3.2764618041732443
21,171,0001,0033,2117100010033,1040,3.017450729510536
21,171,0001,0052,2117100010052,948,2.977266212427293
21,171,0001,0067,2117100010067,931,2.9694159123539814
21,171,0001,0071,2117100010071,30,1.4913616938342726
21,171,0001,0086,2117100010086,17,1.255272505103306
21,172,0001,0064,2117200010064,2958,3.471144965160633
21,172,0001,0083,2117200010083,1917,3.282848602834645
21,172,0001,0098,2117200010098,540,2.7331972651065692
21,172,0001,0100,2117200010100,3,0.6020599913279624
21,172,0001,0115,2117200010115,58,1.7708520116421442
21,172,0001,012A,211720001012A,123,2.093421685162235
21,172,0001,0134,2117200010134,13,1.146128035678238
21,173,0001,0038,2117300010038,2152,3.3330440298234874
21,173,0001,0061,2117300010061,1012,3.0056094453602804
21,173,0001,0076,2117300010076,1992,3.2995072987004876
21,174,0001,0016,2117400010016,4994,3.698535492562001
21,174,0001,0020,2117400010020,5540,3.743588150159904
21,174,0001,0035,2117400010035,1222,3.0874264570362855
21,174,0001,004A,211740001004A,1058,3.024895960107485
21,174,0001,0054,2117400010054,2178,3.3382572302462554
21,174,0001,0069,2117400010069,2517,3.401055725771844
21,174,0001,0105,2117400010105,6459,3.8102325179950842
21,174,0001,011A,211740001011A,5143,3.7113009599161657
21,174,0001,0124,2117400010124,1806,3.256958152560932
21,174,0001,0177,2117400010177,2274,3.3569814009931314
21,174,0001,0209,2117400010209,4207,3.6240757311456826
21,174,0001,0213,2117400010213,5508,3.7410727723733213
21,174,0001,0228,2117400010228,4424,3.6459132750338443
21,174,0001,0251,2117400010251,1399,3.146128035678238
21,174,0001,0266,2117400010266,2371,3.375114684692225
21,174,0001,0270,2117400010270,647,2.8115750058705933
21,174,0001,0285,2117400010285,692,2.8407332346118066
21,174,0001,029A,211740001029A,844,2.926856708949692
21,174,0001,0317,2117400010317,57,1.7634279935629373
21,174,0001,0340,2117400010340,3212,3.506910725551518
21,174,0001,0355,2117400010355,2656,3.4243915544102776
21,174,0001,036A,211740001036A,1271,3.104487111312395
21,174,0001,0389,2117400010389,481,2.6830470382388496
21,174,0001,0393,2117400010393,309,2.4913616938342726
21,174,0001,0406,2117400010406,120,2.0827853703164503
21,174,0001,0410,2117400010410,0,0.0
21,174,0001,0444,2117400010444,1460,3.1646502159342966
21,174,0004,0321,2117400040321,6939,3.841359470454855
21,174,0016,0302,2117400160302,5725,3.75785134368558
21,174,0019,0336,2117400190336,4869,3.6875289612146345
21,174,0022,0374,2117400220374,3838,3.584218112117405
21,175,0001,0051,2117500010051,1218,3.0860037056183818
21,175,0001,0066,2117500010066,2621,3.4186326873540653
21,175,0001,0070,2117500010070,1943,3.288696260590256
21,176,0001,003A,211760001003A,366,2.5646660642520893
21,176,0001,0044,2117600010044,188,2.2764618041732443
21,176,0001,0059,2117600010059,1132,3.0542299098633974
21,176,0001,0063,2117600010063,1362,3.1344958558346736
21,177,0001,0094,2117700010094,2673,3.4271614029259654
21,177,0001,0183,2117700010183,312,2.4955443375464483
21,177,0001,0198,2117700010198,1747,3.2425414282983844
21,177,0001,0200,2117700010200,1020,3.0090257420869104
21,177,0001,0215,2117700010215,1906,3.280350693046006
21,177,0001,022A,211770001022A,2255,3.3533390953113047
21,177,0010,0022,2117700100022,2599,3.4149733479708178
21,177,0016,0111,2117700160111,1860,3.269746373130767
21,177,0016,0126,2117700160126,2585,3.4126285205443754
21,177,0016,0130,2117700160130,815,2.9116901587538613
21,177,0016,0234,2117700160234,2425,3.3848907965305544
21,177,0016,0249,2117700160249,2149,3.3324384599156054
21,177,0016,0253,2117700160253,200,2.303196057420489
21,177,0016,0304,2117700160304,20,1.3222192947339193
21,177,0016,0319,2117700160319,74,1.8750612633917
21,177,0016,0323,2117700160323,152,2.184691430817599
21,177,0016,0357,2117700160357,219,2.342422680822206
21,177,0016,0380,2117700160380,10,1.0413926851582251
21,177,0019,0037,2117700190037,5726,3.7579271831133294
21,177,0019,0145,2117700190145,176,2.247973266361807
21,177,0019,015A,211770019015A,179,2.255272505103306
21,177,0019,0164,2117700190164,989,2.99563519459755
21,177,0019,0179,2117700190179,742,2.8709888137605755
21,177,0020,0268,2117700200268,2008,3.3029799367482493
21,177,0020,0338,2117700200338,1246,3.0958664534785427
21,177,0020,0342,2117700200342,366,2.5646660642520893
21,178,0001,0053,2117800010053,985,2.993876914941211
21,178,0001,0068,2117800010068,318,2.503790683057181
21,178,0001,0072,2117800010072,335,2.526339277389844
21,179,0001,0192,2117900010192,1786,3.252124552505644
21,179,0001,0205,2117900010205,1860,3.269746373130767
21,179,0001,021A,211790001021A,1488,3.1728946977521764
21,179,0001,0224,2117900010224,273,2.437750562820388
21,179,0001,0239,2117900010239,1193,3.0770043267933502
21,179,0001,0243,2117900010243,1642,3.215637563435062
21,179,0001,0258,2117900010258,0,0.0
21,179,0001,0262,2117900010262,239,2.380211241711606
21,179,0018,0277,2117900180277,1539,3.187520720836463
21,179,0018,0281,2117900180281,1535,3.186391215695493
21,180,0001,0066,2118000010066,1387,3.142389466118836
21,180,0001,0070,2118000010070,1331,3.1245042248342823
21,180,0001,0085,2118000010085,4448,3.6482624057480444
21,180,0001,009A,211800001009A,2589,3.413299764081252
21,180,0001,0278,2118000010278,0,0.0
21,180,0005,0225,2118000050225,1671,3.2232362731029975
21,180,0005,023A,211800005023A,1379,3.1398790864012365
21,180,0013,0136,2118000130136,1285,3.109240968588203
21,180,0013,0140,2118000130140,1558,3.192846115188842
21,180,0013,0155,2118000130155,1001,3.0008677215312267
21,180,0015,016A,211800015016A,1243,3.0948203803548
21,180,0015,0174,2118000150174,1946,3.2893659515200318
21,180,0015,0189,2118000150189,1852,3.2678754193188975
21,180,0018,0193,2118000180193,1053,3.022840610876528
21,180,0018,0206,2118000180206,2105,3.3234583668494677
21,180,0018,0210,2118000180210,1093,3.039017321997412
21,180,0019,0244,2118000190244,1046,3.0199466816788423
21,180,0019,0259,2118000190259,1296,3.11293997608408
21,180,0019,0263,2118000190263,1293,3.1119342763326814
21,181,0001,0044,2118100010044,149,2.1760912590556813
21,181,0001,0063,2118100010063,3671,3.564902672529205
21,181,0001,0078,2118100010078,3264,3.5138831856110926
21,182,0001,0041,2118200010041,1977,3.2962262872611605
21,182,0001,0056,2118200010056,1453,3.162564406523019
21,182,0001,0060,2118200010060,1734,3.2392994791268923
21,183,0001,0034,2118300010034,1561,3.1936810295412816
21,183,0011,0087,2118300110087,2725,3.435525851498655
21,183,0022,0068,2118300220068,1337,3.1264561134318045
21,183,0022,0072,2118300220072,2147,3.332034277027518
21,183,0023,0053,2118300230053,2089,3.3201462861110542
21,184,0001,0027,2118400010027,272,2.436162647040756
21,184,0001,0031,2118400010031,83,1.9242792860618816
21,184,0001,0046,2118400010046,336,2.5276299008713385
21,185,0001,001A,211850001001A,3163,3.500236474825639
21,186,0001,0093,2118600010093,3332,3.52283531366053
21,186,0001,0125,2118600010125,1031,3.0136796972911926
21,186,0001,0178,2118600010178,2703,3.4320066872695985
21,186,0001,0182,2118600010182,1810,3.2579184503140586
21,186,0001,0214,2118600010214,82,1.919078092376074
21,186,0001,0229,2118600010229,400,2.603144372620182
21,186,0024,0267,2118600240267,920,2.964259630196849
21,186,0024,0271,2118600240271,423,2.6273658565927325
21,186,0024,0286,2118600240286,667,2.824776462475546
21,186,0024,0290,2118600240290,795,2.900913067737669
21,186,0024,0303,2118600240303,544,2.7363965022766426
21,186,0025,0248,2118600250248,1469,3.167317334748176
21,186,0025,0252,2118600250252,1689,3.2278867046136734
21,186,0040,0197,2118600400197,1724,3.2367890994092927
21,186,0040,020A,211860040020A,1194,3.0773679052841563
21,186,0046,0233,2118600460233,2563,3.4089180208467798
21,187,0001,0029,2118700010029,1244,3.095169351431755
21,188,0001,005A,211880001005A,304,2.484299839346786
21,188,0001,0064,2118800010064,48,1.6901960800285136
21,188,0001,0079,2118800010079,708,2.8506462351830666
21,188,0001,0083,2118800010083,1304,3.1156105116742996
21,188,0001,0098,2118800010098,1312,3.118264726089479
21,188,0002,0100,2118800020100,3267,3.514282047860378
21,188,0006,0115,2118800060115,2460,3.3911116137028023
21,189,0001,0131,2118900010131,380,2.5809249756756194
21,189,0001,0146,2118900010146,2105,3.3234583668494677
21,189,0001,0150,2118900010150,1688,3.227629649571009
21,189,0001,0165,2118900010165,1820,3.26030994579492
21,189,0001,017A,211890001017A,1374,3.1383026981662816
21,189,0001,0269,2118900010269,59,1.7781512503836436
21,189,0001,0288,2118900010288,17,1.255272505103306
21,189,0009,0108,2118900090108,1975,3.295786940251609
21,189,0009,0184,2118900090184,1257,3.09968064110925
21,189,0009,0199,2118900090199,1049,3.0211892990699383
21,189,0009,024A,211890009024A,22,1.3617278360175928
21,189,0010,0112,2118900100112,153,2.187520720836463
21,189,0010,0127,2118900100127,261,2.4183012913197452
21,189,0010,0201,2118900100201,1331,3.1245042248342823
21,189,0010,0216,2118900100216,889,2.949390006644913
21,189,0010,0220,2118900100220,1684,3.2265999052073573
21,189,0010,0235,2118900100235,1190,3.0759117614827773
21,189,0010,0254,2118900100254,4,0.6989700043360189
21,189,0010,0273,2118900100273,86,1.9395192526186185
21,190,0001,0043,2119000010043,336,2.5276299008713385
21,190,0001,0058,2119000010058,436,2.640481436970422
21,190,0001,0062,2119000010062,177,2.250420002308894
21,191,0001,006A,211910001006A,1329,3.123851640967086
21,191,0001,0074,2119100010074,1541,3.188084373714938
21,191,0001,0089,2119100010089,1624,3.210853365314893
21,191,0001,0093,2119100010093,758,2.88024177589548
21,191,0001,0106,2119100010106,461,2.6646419755561257
21,191,0001,0110,2119100010110,23,1.380211241711606
21,191,0001,0125,2119100010125,34,1.5440680443502757
21,191,0001,013A,211910001013A,85,1.9344984512435677
21,191,0001,0144,2119100010144,193,2.287801729930226
21,192,0001,0033,2119200010033,1551,3.1908917169221698
21,193,0001,005A,211930001005A,915,2.9618954736678504
21,193,0001,0064,2119300010064,385,2.586587304671755
21,194,0001,0095,2119400010095,1124,3.0511525224473814
21,194,0001,0108,2119400010108,1864,3.2706788361447066
21,194,0001,0131,2119400010131,784,2.8948696567452528
21,194,0001,0146,2119400010146,74,1.8750612633917
21,194,0001,0216,2119400010216,58,1.7708520116421442
21,194,0001,0220,2119400010220,1110,3.0457140589408676
21,194,0001,0235,2119400010235,1036,3.015778756389041
21,194,0001,031A,211940001031A,22,1.3617278360175928
21,194,0012,0150,2119400120150,960,2.9827233876685453
21,194,0012,0165,2119400120165,1223,3.087781417809542
21,194,0016,017A,211940016017A,1336,3.1261314072619846
21,194,0016,0184,2119400160184,995,2.998259338423699
21,194,0016,0199,2119400160199,1097,3.040602340114073
21,194,0016,0201,2119400160201,742,2.8709888137605755
21,194,0016,024A,211940016024A,1798,3.2550311633455515
21,194,0016,0254,2119400160254,1267,3.1031192535457137
21,194,0016,0269,2119400160269,1873,3.2727695865517594
21,194,0016,0273,2119400160273,1914,3.2821687783046416
21,194,0016,0288,2119400160288,57,1.7634279935629373
21,194,0016,0292,2119400160292,726,2.8615344108590377
21,194,0016,0305,2119400160305,839,2.9242792860618816
21,194,0016,0324,2119400160324,177,2.250420002308894
21,194,0016,0339,2119400160339,134,2.130333768495006
21,194,0016,0343,2119400160343,138,2.143014800254095
21,194,0016,0358,2119400160358,72,1.863322860120456
21,194,0016,0362,2119400160362,28,1.462397997898956
21,194,0016,0377,2119400160377,151,2.1818435879447726
21,195,0001,0054,2119500010054,1627,3.2116544005531824
21,195,0001,0069,2119500010069,1179,3.0718820073061255
21,195,0001,0073,2119500010073,225,2.3541084391474008
21,195,0001,0092,2119500010092,110,2.0453229787866576
21,195,0014,0105,2119500140105,2727,3.4358443659844413
21,195,0016,0088,2119500160088,2326,3.36679638328673
21,196,0001,0047,2119600010047,581,2.7649229846498886
21,196,0001,0051,2119600010051,449,2.6532125137753435
21,196,0001,0070,2119600010070,49,1.6989700043360187
21,197,0001,0114,2119700010114,6778,3.8311656339094426
21,197,0001,0129,2119700010129,2613,3.4173055832445254
21,197,0001,0133,2119700010133,5479,3.738780558484369
21,197,0001,0186,2119700010186,3418,3.5338991007965945
21,197,0001,0190,2119700010190,1182,3.0729847446279304
21,197,0001,0203,2119700010203,838,2.9237619608287004
21,197,0001,0218,2119700010218,2433,3.386320573894046
21,197,0001,0275,2119700010275,5847,3.767007363949804
21,197,0001,028A,211970001028A,4396,3.643156465619706
21,197,0001,0294,2119700010294,4346,3.638189640190837
21,197,0001,0307,2119700010307,2391,3.3787611753163733
21,197,0001,0311,2119700010311,1263,3.1017470739463664
21,197,0001,0326,2119700010326,328,2.5171958979499744
21,197,0001,0330,2119700010330,143,2.1583624920952498
21,197,0029,0222,2119700290222,2150,3.3326404103874627
21,197,0029,0237,2119700290237,3033,3.4820155764507117
21,197,0029,0241,2119700290241,3144,3.497620649781288
21,197,0029,0256,2119700290256,528,2.7234556720351857
21,197,0029,0260,2119700290260,833,2.921166050637739
21,198,0001,0041,2119800010041,717,2.8561244442423
21,199,0001,0053,2119900010053,5140,3.711047603867034
21,199,0001,0068,2119900010068,3908,3.5920656704322473
21,199,0001,0072,2119900010072,388,2.5899496013257077
21,199,0001,0087,2119900010087,54,1.7403626894942439
21,199,0008,0142,2119900080142,2785,3.4449811120879446
21,199,0009,0091,2119900090091,3536,3.5486350598147514
21,199,0012,0123,2119900120123,2539,3.404833716619938
21,199,0016,0104,2119900160104,3020,3.4801507252732806
21,199,0016,0119,2119900160119,2600,3.4151403521958725
21,200,0001,0056,2120000010056,401,2.60422605308447
21,200,0001,0060,2120000010060,603,2.7810369386211318
21,201,0001,002A,212010001002A,1231,3.090610707828407
21,201,0001,0034,2120100010034,151,2.1818435879447726
21,202,0001,007A,212020001007A,1483,3.171433900943008
21,202,0001,0084,2120200010084,1295,3.1126050015345745
21,202,0001,0099,2120200010099,17,1.255272505103306
21,202,0001,0101,2120200010101,15,1.2041199826559248
21,202,0010,0116,2120200100116,2911,3.4641913706409997
21,203,0001,0077,2120300010077,1744,3.241795431295199
21,203,0001,0081,2120300010081,1625,3.2111205412580492
21,203,0001,0096,2120300010096,1271,3.104487111312395
21,203,0001,0109,2120300010109,1262,3.101403350555331
21,203,0001,0113,2120300010113,73,1.8692317197309762
21,204,0001,0036,2120400010036,2222,3.3469394626989906
21,204,0001,0055,2120400010055,877,2.9434945159061026
21,204,0001,006A,212040001006A,869,2.9395192526186187
21,205,0001,0090,2120500010090,0,0.0
21,205,0001,0141,2120500010141,199,2.3010299956639813
21,205,0001,0156,2120500010156,225,2.3541084391474008
21,205,0001,0207,2120500010207,1831,3.2629254693318317
21,205,0001,0211,2120500010211,2025,3.3066394410242617
21,205,0001,0226,2120500010226,2283,3.3586960995738107
21,205,0001,0230,2120500010230,1160,3.064832219738574
21,205,0001,0300,2120500010300,65,1.8195439355418688
21,205,0001,032A,212050001032A,6,0.8450980400142568
21,205,0001,0372,2120500010372,22,1.3617278360175928
21,205,0001,0387,2120500010387,49,1.6989700043360187
21,205,0001,0391,2120500010391,59,1.7781512503836436
21,205,0001,0404,2120500010404,37,1.5797835966168101
21,205,0006,0103,2120500060103,2204,3.3434085938038574
21,205,0006,0118,2120500060118,2509,3.399673721481038
21,205,0006,0122,2120500060122,1598,3.2038484637462346
21,205,0006,0298,2120500060298,38,1.591064607026499
21,205,0006,0315,2120500060315,55,1.7481880270062005
21,205,0006,0334,2120500060334,0,0.0
21,205,0006,0349,2120500060349,28,1.462397997898956
21,205,0006,0419,2120500060419,86,1.9395192526186185
21,205,0006,0423,2120500060423,0,0.0
21,205,0006,0438,2120500060438,28,1.462397997898956
21,205,0006,0442,2120500060442,121,2.0863598306747484
21,205,0007,0160,2120500070160,434,2.6384892569546374
21,205,0007,0175,2120500070175,135,2.1335389083702174
21,205,0007,018A,212050007018A,171,2.2355284469075487
21,205,0007,0245,2120500070245,1138,3.0565237240791006
21,205,0007,025A,212050007025A,1224,3.0881360887005513
21,205,0007,0264,2120500070264,1671,3.2232362731029975
21,205,0007,0353,2120500070353,304,2.484299839346786
21,206,0001,0045,2120600010045,1099,3.041392685158225
21,206,0001,005A,212060001005A,83,1.9242792860618816
21,207,0001,0019,2120700010019,3328,3.522313795156667
21,207,0001,0080,2120700010080,4055,3.6080979463252794
21,207,0001,0095,2120700010095,1054,3.0232524596337114
21,207,0001,0150,2120700010150,18,1.2787536009528289
21,207,0001,0254,2120700010254,694,2.8419848045901137
21,207,0005,0165,2120700050165,1884,3.2753113545418118
21,207,0005,017A,212070005017A,2193,3.3412366232386925
21,207,0011,0184,2120700110184,2092,3.3207692283386865
21,207,0011,0199,2120700110199,1451,3.161966616364075
21,207,0011,0273,2120700110273,53,1.7323937598229686
21,207,0012,0201,2120700120201,2860,3.4565178578052627
21,207,0012,0269,2120700120269,156,2.1958996524092336
21,207,0017,0023,2120700170023,2537,3.404491617758686
21,207,0018,0216,2120700180216,4977,3.6970548922725746
21,207,0021,0127,2120700210127,2914,3.464638559095033
21,207,0021,0131,2120700210131,2563,3.4089180208467798
21,208,0001,0105,2120800010105,4322,3.635785235533652
21,208,0001,011A,212080001011A,4007,3.6029277128591892
21,208,0001,0124,2120800010124,3906,3.5918434112247843
21,208,0001,0139,2120800010139,2112,3.3248994970523134
21,208,0001,0143,2120800010143,4769,3.678518379040114
21,208,0001,0158,2120800010158,3767,3.57611089412084
21,208,0001,0162,2120800010162,4616,3.664359874551141
21,208,0001,0177,2120800010177,6655,3.8232133132826673
21,208,0001,0181,2120800010181,654,2.816241299991783
21,208,0001,0196,2120800010196,3213,3.5070458724273257
21,208,0001,0209,2120800010209,218,2.3404441148401185
21,208,0001,0247,2120800010247,873,2.941511432634403
21,208,0001,0251,2120800010251,91,1.9637878273455553
21,208,0004,0270,2120800040270,2093,3.3209766773428235
21,208,0004,0285,2120800040285,2133,3.329194415088451
21,208,0007,0054,2120800070054,2601,3.4153072922255676
21,208,0015,029A,212080015029A,2543,3.4055171069763763
21,208,0015,0302,2120800150302,2071,3.3163897510731952
21,209,0001,0070,2120900010070,408,2.611723308007342
21,209,0001,0085,2120900010085,92,1.968482948553935
21,209,0001,009A,212090001009A,140,2.1492191126553797
21,209,0001,0140,2120900010140,1170,3.068556895072363
21,209,0001,0155,2120900010155,1405,3.147985320683805
21,210,0001,0029,2121000010029,1751,3.243534101832062
21,211,0001,0030,2121100010030,3088,3.4898179083014504
21,211,0001,0045,2121100010045,2457,3.390581878550435
21,211,0001,005A,212110001005A,2848,3.454692449239477
21,211,0001,0064,2121100010064,1601,3.204662511748219
21,211,0001,0079,2121100010079,1110,3.0457140589408676
21,211,0001,0083,2121100010083,173,2.2405492482826
21,211,0001,0098,2121100010098,42,1.6334684555795864
21,211,0001,0100,2121100010100,168,2.2278867046136734
21,212,0001,0057,2121200010057,632,2.801403710017355
21,212,0024,0061,2121200240061,3032,3.4818724103106633
21,212,0024,0076,2121200240076,1534,3.1861083798132053
21,212,0024,0080,2121200240080,31,1.505149978319906
21,213,0001,0035,2121300010035,1067,3.0285712526925375
21,214,0001,0013,2121400010013,7499,3.8750612633917
21,214,0001,0047,2121400010047,865,2.937517892017347
21,214,0001,0051,2121400010051,784,2.8948696567452528
21,214,0001,0066,2121400010066,5210,3.7169210731667612
21,214,0001,0070,2121400010070,3373,3.5281450782531065
21,214,0001,0085,2121400010085,187,2.27415784926368
21,215,0001,003A,212150001003A,1374,3.1383026981662816
21,215,0001,0044,2121500010044,1363,3.13481437032046
21,215,0001,0059,2121500010059,1492,3.1740598077250253
21,216,0001,0022,2121600010022,938,2.972665592266111
21,217,0001,0053,2121700010053,619,2.792391689498254
21,217,0001,0072,2121700010072,586,2.7686381012476144
21,217,0001,0087,2121700010087,915,2.9618954736678504
21,217,0001,0091,2121700010091,436,2.640481436970422
21,217,0001,0104,2121700010104,848,2.928907690243953
21,217,0002,0123,2121700020123,2576,3.4111144185509046
21,217,0010,0119,2121700100119,2766,3.442009159140952
