ENTIDAD,MUN,LOC,AGEB,CVEGEO,POBTOT,log_POBTOT
25,001,0001,0012,2500100010012,976,2.989894563718773
25,001,0001,0027,2500100010027,2101,3.3226327116922234
25,001,0001,0031,2500100010031,2375,3.375846436309156
25,001,0001,0046,2500100010046,1586,3.2005769267548483
25,001,0001,0050,2500100010050,2036,3.3089910290001643
25,001,0001,0065,2500100010065,3830,3.5833121519830775
25,001,0001,007A,250010001007A,2234,3.3492775274679554
25,001,0001,0084,2500100010084,1882,3.274850320016665
25,001,0001,0099,2500100010099,1992,3.2995072987004876
25,001,0001,0101,2500100010101,1281,3.1078880251827985
25,001,0001,0116,2500100010116,1333,3.12515582958053
25,001,0001,0120,2500100010120,2952,3.4702634469650784
25,001,0001,0135,2500100010135,1600,3.2043913319193
25,001,0001,014A,250010001014A,565,2.7528164311882715
25,001,0001,0154,2500100010154,188,2.2764618041732443
25,001,0001,0169,2500100010169,849,2.929418925714293
25,001,0001,0173,2500100010173,1235,3.092018470752797
25,001,0001,0188,2500100010188,2014,3.3042750504771283
25,001,0001,0192,2500100010192,1163,3.06595298031387
25,001,0001,0205,2500100010205,611,2.7867514221455614
25,001,0001,021A,250010001021A,218,2.3404441148401185
25,001,0001,0224,2500100010224,755,2.8785217955012063
25,001,0001,0239,2500100010239,1499,3.1760912590556813
25,001,0001,0243,2500100010243,1212,3.083860800866573
25,001,0001,0258,2500100010258,1460,3.1646502159342966
25,001,0001,0262,2500100010262,305,2.48572142648158
25,001,0001,0277,2500100010277,584,2.7671558660821804
25,001,0001,0281,2500100010281,1444,3.1598678470925665
25,001,0001,0296,2500100010296,1350,3.130655349022031
25,001,0001,0309,2500100010309,1035,3.0153597554092144
25,001,0001,0313,2500100010313,153,2.187520720836463
25,001,0001,0328,2500100010328,322,2.509202522331103
25,001,0001,0332,2500100010332,1089,3.037426497940624
25,001,0001,0347,2500100010347,1028,3.012415374762433
25,001,0001,0351,2500100010351,1299,3.113943352306837
25,001,0001,0366,2500100010366,949,2.9777236052888476
25,001,0001,0370,2500100010370,1810,3.2579184503140586
25,001,0001,0385,2500100010385,1974,3.295567099962479
25,001,0001,0402,2500100010402,3064,3.486430478854434
25,001,0001,0417,2500100010417,2327,3.3669829759778507
25,001,0001,0421,2500100010421,2092,3.3207692283386865
25,001,0001,0436,2500100010436,3086,3.4895366294820955
25,001,0001,0440,2500100010440,1165,3.0666985504229953
25,001,0001,0455,2500100010455,1439,3.1583624920952498
25,001,0001,046A,250010001046A,24,1.3979400086720377
25,001,0001,0987,2500100010987,509,2.7075701760979363
25,001,0001,1059,2500100011059,1500,3.1763806922432702
25,001,0001,1078,2500100011078,1991,3.29928933408768
25,001,0001,1222,2500100011222,1656,3.219322508419337
25,001,0001,1241,2500100011241,2285,3.359076226059263
25,001,0001,1256,2500100011256,1998,3.300812794118117
25,001,0001,1260,2500100011260,3665,3.564192460626198
25,001,0001,1275,2500100011275,2614,3.417471693203293
25,001,0001,128A,250010001128A,1491,3.17376882313665
25,001,0001,181A,250010001181A,407,2.61066016308988
25,001,0001,1862,2500100011862,1673,3.2237554536572413
25,001,0001,1951,2500100011951,1518,3.1815577738627865
25,001,0001,1970,2500100011970,2767,3.44216608578472
25,001,0001,1985,2500100011985,2120,3.3265406685165617
25,001,0001,2023,2500100012023,1364,3.1351326513767748
25,001,0001,2038,2500100012038,2407,3.381656482585787
25,001,0001,2042,2500100012042,3986,3.6006462356623943
25,001,0001,2061,2500100012061,1602,3.204933522354145
25,001,0001,2108,2500100012108,1480,3.1705550585212086
25,001,0001,2112,2500100012112,1886,3.2757719001649312
25,001,0001,2127,2500100012127,4400,3.643551368562945
25,001,0001,2131,2500100012131,653,2.815577748324267
25,001,0001,2146,2500100012146,436,2.640481436970422
25,001,0001,2216,2500100012216,4507,3.653983907374069
25,001,0001,2220,2500100012220,747,2.8739015978644615
25,001,0001,2235,2500100012235,463,2.6665179805548807
25,001,0001,224A,250010001224A,638,2.8055008581584002
25,001,0001,2254,2500100012254,1284,3.1089031276673134
25,001,0001,2269,2500100012269,62,1.7993405494535817
25,001,0001,2273,2500100012273,351,2.546542663478131
25,001,0001,2292,2500100012292,0,0.0
25,001,0001,2305,2500100012305,27,1.4471580313422192
25,001,0001,231A,250010001231A,37,1.5797835966168101
25,001,0001,2324,2500100012324,209,2.322219294733919
25,001,0001,2339,2500100012339,11,1.0791812460476249
25,001,0001,2343,2500100012343,0,0.0
25,001,0001,2358,2500100012358,1983,3.2975416678181597
25,001,0001,2377,2500100012377,0,0.0
25,001,0001,2466,2500100012466,313,2.496929648073215
25,001,0001,2470,2500100012470,7,0.9030899869919435
25,001,0001,2485,2500100012485,0,0.0
25,001,0001,249A,250010001249A,107,2.03342375548695
25,001,0001,2502,2500100012502,2607,3.4163075870598827
25,001,0001,2517,2500100012517,2620,3.4184670209466006
25,001,0001,2536,2500100012536,1236,3.0923696996291206
25,001,0001,256A,250010001256A,3803,3.5802405082653763
25,001,0001,2574,2500100012574,2668,3.4263485737875077
25,001,0001,2697,2500100012697,2505,3.398981066658131
25,001,0001,270A,250010001270A,1394,3.144574207609616
25,001,0001,2714,2500100012714,2026,3.3068537486930087
25,001,0001,2729,2500100012729,2385,3.377670439334323
25,001,0001,2733,2500100012733,2044,3.3106933123433606
25,001,0001,2748,2500100012748,2245,3.351409751925439
25,001,0001,2752,2500100012752,1526,3.1838390370564214
25,001,0001,2767,2500100012767,1759,3.24551266781415
25,001,0001,2771,2500100012771,1617,3.2089785172762535
25,001,0001,2786,2500100012786,2390,3.378579576115775
25,001,0001,2818,2500100012818,0,0.0
25,001,0001,2822,2500100012822,3679,3.5658478186735176
25,001,0001,2837,2500100012837,66,1.8260748027008264
25,001,0001,2841,2500100012841,294,2.469822015978163
25,001,0001,2856,2500100012856,19,1.3010299956639813
25,001,0001,2875,2500100012875,1197,3.0784568180532927
25,001,0001,288A,250010001288A,3483,3.5420781463356255
25,001,0001,2907,2500100012907,385,2.586587304671755
25,001,0001,2911,2500100012911,358,2.5550944485783194
25,001,0001,3093,2500100013093,1716,3.2347702951609163
25,001,0001,3106,2500100013106,3306,3.519434194913703
25,001,0001,3110,2500100013110,4395,3.643057683751453
25,001,0001,3125,2500100013125,595,2.7752462597402365
25,001,0001,313A,250010001313A,3709,3.569373909615046
25,001,0001,3144,2500100013144,1030,3.0132586652835167
25,001,0001,3159,2500100013159,1004,3.002166061756508
25,001,0001,3163,2500100013163,3858,3.5864747785713966
25,001,0001,3178,2500100013178,2262,3.3546845539547285
25,001,0001,3182,2500100013182,2532,3.403635189790548
25,001,0001,320A,250010001320A,674,2.829303772831025
25,001,0001,3214,2500100013214,3111,3.4930395883176515
25,001,0001,3229,2500100013229,3228,3.5090680450171616
25,001,0001,3233,2500100013233,3020,3.4801507252732806
25,001,0001,3248,2500100013248,4588,3.6617180576946593
25,001,0001,3252,2500100013252,312,2.4955443375464483
25,001,0001,3267,2500100013267,3625,3.5594277997594896
25,001,0001,3271,2500100013271,5865,3.7683420586445333
25,001,0001,3286,2500100013286,3816,3.581722159949099
25,001,0001,3290,2500100013290,3071,3.4874212113594742
25,001,0001,3303,2500100013303,1259,3.100370545117563
25,001,0001,3318,2500100013318,346,2.5403294747908736
25,001,0001,3337,2500100013337,3597,3.5560611590095323
25,001,0001,3341,2500100013341,2315,3.3647385550553985
25,001,0001,3356,2500100013356,542,2.734799829588847
25,001,0001,3360,2500100013360,2292,3.3604040547299387
25,001,0001,3375,2500100013375,531,2.7259116322950483
25,001,0001,3426,2500100013426,2229,3.3483048630481607
25,001,0001,3430,2500100013430,4291,3.6326597132939136
25,001,0001,3445,2500100013445,1472,3.168202746842631
25,001,0001,345A,250010001345A,2462,3.3914644118391033
25,001,0001,3464,2500100013464,4563,3.659345635746177
25,001,0001,3479,2500100013479,3183,3.5029730590656314
25,001,0001,3483,2500100013483,3551,3.5504729571065634
25,001,0001,3498,2500100013498,3764,3.5757649805367193
25,001,0001,3500,2500100013500,2281,3.358315640082196
25,001,0001,3515,2500100013515,253,2.404833716619938
25,001,0001,352A,250010001352A,0,0.0
25,001,0001,3534,2500100013534,1213,3.0842186867392387
25,001,0001,3549,2500100013549,200,2.303196057420489
25,001,0001,3553,2500100013553,81,1.9138138523837167
25,001,0001,3568,2500100013568,493,2.693726948923647
25,001,0001,3572,2500100013572,1396,3.1451964061141817
25,001,0001,3623,2500100013623,1015,3.0068937079479006
25,001,0001,3638,2500100013638,1169,3.0681858617461617
25,001,0001,3642,2500100013642,1005,3.0025979807199086
25,001,0001,3657,2500100013657,156,2.1958996524092336
25,001,0001,3661,2500100013661,483,2.6848453616444123
25,001,0001,3676,2500100013676,971,2.9876662649262746
25,001,0001,3680,2500100013680,35,1.5563025007672873
25,001,0001,3695,2500100013695,427,2.6314437690131722
25,001,0001,3708,2500100013708,255,2.4082399653118496
25,001,0001,3712,2500100013712,1327,3.1231980750319988
25,001,0001,3727,2500100013727,428,2.6324572921847245
25,001,0001,3731,2500100013731,2793,3.446226401778163
25,001,0001,3746,2500100013746,119,2.0791812460476247
25,001,0001,3750,2500100013750,294,2.469822015978163
25,001,0001,3765,2500100013765,38,1.591064607026499
25,001,0001,377A,250010001377A,180,2.2576785748691846
25,001,0001,3799,2500100013799,305,2.48572142648158
25,001,0001,3801,2500100013801,1754,3.244277120801843
25,001,0001,3816,2500100013816,332,2.5224442335063197
25,001,0001,3820,2500100013820,455,2.658964842664435
25,001,0001,384A,250010001384A,285,2.456366033129043
25,001,0001,3854,2500100013854,1531,3.185258765296585
25,001,0001,3869,2500100013869,3774,3.576916955965207
25,001,0001,3873,2500100013873,1256,3.0993352776859577
25,001,0001,3888,2500100013888,49,1.6989700043360187
25,001,0001,3892,2500100013892,174,2.2430380486862944
25,001,0001,3905,2500100013905,157,2.1986570869544226
25,001,0001,391A,250010001391A,380,2.5809249756756194
25,001,0001,3924,2500100013924,2897,3.462098381135156
25,001,0001,3939,2500100013939,28,1.462397997898956
25,001,0001,3943,2500100013943,56,1.7558748556724915
25,001,0001,3958,2500100013958,35,1.5563025007672873
25,001,0001,3962,2500100013962,479,2.681241237375587
25,001,0001,3977,2500100013977,54,1.7403626894942439
25,001,0001,3981,2500100013981,395,2.597695185925512
25,001,0001,3996,2500100013996,121,2.0863598306747484
25,001,0001,4000,2500100014000,274,2.439332693830263
25,001,0001,4015,2500100014015,1075,3.0318122713303706
25,001,0001,402A,250010001402A,396,2.598790506763115
25,001,0001,4034,2500100014034,122,2.089905111439398
25,001,0001,4049,2500100014049,182,2.2624510897304293
25,001,0001,4053,2500100014053,1743,3.2415464805965484
25,001,0001,4068,2500100014068,7,0.9030899869919435
25,001,0001,4072,2500100014072,313,2.496929648073215
25,001,0001,4087,2500100014087,136,2.1367205671564067
25,001,0001,4091,2500100014091,114,2.060697840353612
25,001,0001,4104,2500100014104,0,0.0
25,001,0001,4119,2500100014119,0,0.0
25,001,0001,4123,2500100014123,0,0.0
25,001,0001,4138,2500100014138,160,2.2068258760318495
25,001,0001,4142,2500100014142,0,0.0
25,001,0001,4157,2500100014157,0,0.0
25,001,0001,4161,2500100014161,2,0.47712125471966244
25,001,0001,4176,2500100014176,165,2.220108088040055
25,001,0001,4180,2500100014180,42,1.6334684555795864
25,001,0001,4195,2500100014195,161,2.2095150145426308
25,001,0001,4208,2500100014208,24,1.3979400086720377
25,001,0001,4212,2500100014212,52,1.724275869600789
25,001,0001,4227,2500100014227,0,0.0
25,001,0001,4246,2500100014246,139,2.146128035678238
25,001,0001,4250,2500100014250,12,1.1139433523068367
25,001,0001,4265,2500100014265,0,0.0
25,001,0001,4405,2500100014405,0,0.0
25,001,0001,4424,2500100014424,0,0.0
25,001,0001,4439,2500100014439,531,2.7259116322950483
25,001,0001,4551,2500100014551,18,1.2787536009528289
25,001,0001,4674,2500100014674,0,0.0
25,001,0001,4759,2500100014759,315,2.499687082618404
25,001,0001,4763,2500100014763,630,2.8000293592441343
25,001,0001,4778,2500100014778,182,2.2624510897304293
25,001,0001,4782,2500100014782,103,2.0170333392987803
25,001,0001,4797,2500100014797,394,2.59659709562646
25,001,0001,480A,250010001480A,591,2.77232170672292
25,001,0001,4814,2500100014814,0,0.0
25,001,0001,4829,2500100014829,0,0.0
25,001,0001,4833,2500100014833,618,2.791690649020118
25,001,0001,4848,2500100014848,23,1.380211241711606
25,001,0001,4852,2500100014852,784,2.8948696567452528
25,001,0001,4867,2500100014867,287,2.459392487759231
25,001,0001,4871,2500100014871,378,2.578639209968072
25,001,0001,4886,2500100014886,654,2.816241299991783
25,001,0001,4890,2500100014890,897,2.9532763366673045
25,001,0001,4903,2500100014903,88,1.9493900066449128
25,001,0001,4918,2500100014918,0,0.0
25,001,0001,4922,2500100014922,429,2.6334684555795866
25,001,0001,4937,2500100014937,250,2.399673721481038
25,001,0001,4941,2500100014941,529,2.724275869600789
25,001,0070,0506,2500100700506,2458,3.390758528738717
25,001,0070,1203,2500100701203,1560,3.1934029030624176
25,001,0070,1218,2500100701218,2793,3.446226401778163
25,001,0070,1311,2500100701311,1525,3.1835545336188615
25,001,0070,1326,2500100701326,2395,3.3794868137172736
25,001,0070,2381,2500100702381,15,1.2041199826559248
25,001,0070,2396,2500100702396,11,1.0791812460476249
25,001,0070,2589,2500100702589,297,2.4742162640762553
25,001,0070,2593,2500100702593,0,0.0
25,001,0070,2606,2500100702606,85,1.9344984512435677
25,001,0070,2930,2500100702930,635,2.803457115648414
25,001,0070,2945,2500100702945,0,0.0
25,001,0070,3407,2500100703407,7,0.9030899869919435
25,001,0070,3411,2500100703411,31,1.505149978319906
25,001,0070,4477,2500100704477,0,0.0
25,001,0070,4636,2500100704636,0,0.0
25,001,0070,4640,2500100704640,4,0.6989700043360189
25,001,0070,4956,2500100704956,35,1.5563025007672873
25,001,0083,1735,2500100831735,2369,3.374748346010104
25,001,0083,174A,250010083174A,2009,3.303196057420489
25,001,0083,2409,2500100832409,239,2.380211241711606
25,001,0083,2413,2500100832413,122,2.089905111439398
25,001,0083,3055,2500100833055,44,1.6532125137753437
25,001,0083,3784,2500100833784,256,2.4099331233312946
25,001,0083,4710,2500100834710,0,0.0
25,001,0115,1650,2500101151650,2658,3.424718337331567
25,001,0115,4284,2500101154284,4,0.6989700043360189
25,001,0118,2432,2500101182432,2527,3.402777069610347
25,001,0118,2610,2500101182610,73,1.8692317197309762
25,001,0118,3835,2500101183835,29,1.4771212547196624
25,001,0118,4462,2500101184462,0,0.0
25,001,0119,295A,250010119295A,1572,3.196728722623287
25,001,0119,2964,2500101192964,1410,3.149527013754348
25,001,0120,0489,2500101200489,4214,3.624797578960761
25,001,0120,2979,2500101202979,3,0.6020599913279624
25,001,0120,2983,2500101202983,12,1.1139433523068367
25,001,0120,4744,2500101204744,0,0.0
25,001,0126,2790,2500101262790,840,2.924795995797912
25,001,0126,2803,2500101262803,1071,3.030194785356751
25,001,0126,4458,2500101264458,0,0.0
25,001,0126,4585,2500101264585,6,0.8450980400142568
25,001,0136,1006,2500101361006,4243,3.627775375229303
25,001,0143,1877,2500101431877,895,2.9523080096621253
25,001,0143,1881,2500101431881,1201,3.079904467666721
25,001,0149,1538,2500101491538,2688,3.4295908022233017
25,001,0156,1190,2500101561190,1903,3.2796669440484556
25,001,0156,1294,2500101561294,580,2.7641761323903307
25,001,0156,1307,2500101561307,1052,3.0224283711854865
25,001,0156,2080,2500101562080,1102,3.0425755124401905
25,001,0156,217A,250010156217A,78,1.8976270912904414
25,001,0156,3074,2500101563074,0,0.0
25,001,0156,3322,2500101563322,7,0.9030899869919435
25,001,0156,3604,2500101563604,5,0.7781512503836436
25,001,0156,3619,2500101563619,117,2.0718820073061255
25,001,0156,4481,2500101564481,0,0.0
25,001,0156,4496,2500101564496,0,0.0
25,001,0156,4509,2500101564509,1,0.3010299956639812
25,001,0156,459A,250010156459A,5,0.7781512503836436
25,001,0156,4602,2500101564602,0,0.0
25,001,0156,4617,2500101564617,0,0.0
25,001,0160,1148,2500101601148,2624,3.4191293077419758
25,001,0160,1152,2500101601152,2272,3.356599435724971
25,001,0160,135A,250010160135A,2032,3.3081373786380386
25,001,0160,2150,2500101602150,343,2.53655844257153
25,001,0160,2165,2500101602165,128,2.110589710299249
25,001,0160,2998,2500101602998,12,1.1139433523068367
25,001,0160,3002,2500101603002,2038,3.30941722577814
25,001,0160,427A,250010160427A,1,0.3010299956639812
25,001,0160,4528,2500101604528,3,0.6020599913279624
25,001,0160,4725,2500101604725,0,0.0
25,001,0160,473A,250010160473A,11,1.0791812460476249
25,001,0183,1684,2500101831684,1850,3.267406418752904
25,001,0183,1699,2500101831699,1132,3.0542299098633974
25,001,0183,3089,2500101833089,2,0.47712125471966244
25,001,0183,434A,250010183434A,0,0.0
25,001,0205,1631,2500102051631,2039,3.3096301674258988
25,001,0205,1646,2500102051646,1728,3.2377949932739227
25,001,0205,3017,2500102053017,0,0.0
25,001,0227,1330,2500102271330,2301,3.362105319293773
25,001,0227,1913,2500102271913,1194,3.0773679052841563
25,001,0227,1928,2500102271928,2318,3.3653007486379876
25,001,0227,2659,2500102272659,103,2.0170333392987803
25,001,0227,2663,2500102272663,276,2.4424797690644486
25,001,0227,2926,2500102272926,13,1.146128035678238
25,001,0227,3021,2500102273021,6,0.8450980400142568
25,001,0227,4689,2500102274689,42,1.6334684555795864
25,001,0240,0972,2500102400972,2122,3.326949994165999
25,001,0240,1025,2500102401025,2841,3.4536240735914507
25,001,0240,103A,250010240103A,1235,3.092018470752797
25,001,0356,1932,2500103561932,1118,3.04883008652835
25,001,0356,1947,2500103561947,1177,3.0711452904510828
25,001,0356,4621,2500103564621,0,0.0
25,001,0396,1665,2500103961665,923,2.9656719712201065
25,001,0396,167A,250010396167A,1106,3.044147620878723
25,001,0396,1858,2500103961858,1071,3.030194785356751
25,001,0396,2184,2500103962184,105,2.0253058652647704
25,001,0396,2199,2500103962199,47,1.6812412373755872
25,001,0396,2201,2500103962201,4,0.6989700043360189
25,001,0396,2428,2500103962428,2,0.47712125471966244
25,001,0396,2678,2500103962678,27,1.4471580313422192
25,001,0396,2682,2500103962682,8,0.9542425094393249
25,001,0396,3036,2500103963036,43,1.6434526764861874
25,001,0396,3040,2500103963040,18,1.2787536009528289
25,001,0396,4532,2500103964532,0,0.0
25,001,0396,4547,2500103964547,0,0.0
25,001,0818,338A,250010818338A,1486,3.172310968521954
25,001,0818,3394,2500108183394,1924,3.2844307338445193
25,001,0818,4299,2500108184299,47,1.6812412373755872
25,001,0818,4301,2500108184301,91,1.9637878273455553
25,001,0818,4354,2500108184354,18,1.2787536009528289
25,001,0818,4369,2500108184369,5,0.7781512503836436
25,001,0818,4388,2500108184388,80,1.9084850188786497
25,001,0818,4392,2500108184392,18,1.2787536009528289
25,001,0818,4655,2500108184655,3,0.6020599913279624
25,001,0818,466A,250010818466A,14,1.1760912590556813
25,002,0001,040A,250020001040A,948,2.977266212427293
25,002,0001,0414,2500200010414,911,2.959994838328416
25,002,0001,0429,2500200010429,1320,3.1209028176145273
25,002,0001,0433,2500200010433,602,2.780317312140151
25,002,0001,0503,2500200010503,1115,3.04766419460156
25,002,0001,0556,2500200010556,347,2.5415792439465807
25,002,0001,065A,250020001065A,16,1.2304489213782739
25,002,0001,0664,2500200010664,175,2.24551266781415
25,002,0001,0819,2500200010819,23,1.380211241711606
25,002,0001,0838,2500200010838,0,0.0
25,002,0007,0448,2500200070448,1048,3.020775488193558
25,002,0007,0452,2500200070452,1294,3.1122697684172707
25,002,0007,0560,2500200070560,10,1.0413926851582251
25,002,0007,072A,250020007072A,214,2.3324384599156054
25,002,0007,0734,2500200070734,0,0.0
25,002,0007,0749,2500200070749,3,0.6020599913279624
25,002,0007,0753,2500200070753,0,0.0
25,002,0031,0467,2500200310467,1490,3.1734776434529945
25,002,0031,0471,2500200310471,1333,3.12515582958053
25,002,0031,0575,2500200310575,4,0.6989700043360189
25,002,0031,0679,2500200310679,20,1.3222192947339193
25,002,0031,0804,2500200310804,323,2.510545010206612
25,002,0031,0842,2500200310842,0,0.0
25,002,0032,0768,2500200320768,1201,3.079904467666721
25,002,0032,0772,2500200320772,1057,3.024485667699167
25,002,0093,0043,2500200930043,1496,3.1752218003430523
25,002,0093,0217,2500200930217,1454,3.162862993321926
25,002,0093,0221,2500200930221,1372,3.137670537236755
25,002,0093,0518,2500200930518,365,2.5634810853944106
25,002,0093,0522,2500200930522,27,1.4471580313422192
25,002,0093,0537,2500200930537,739,2.8692317197309762
25,002,0093,0541,2500200930541,978,2.9907826918031377
25,002,0093,058A,250020093058A,26,1.4313637641589874
25,002,0093,0683,2500200930683,29,1.4771212547196624
25,002,0093,0698,2500200930698,2,0.47712125471966244
25,002,0093,0700,2500200930700,47,1.6812412373755872
25,002,0093,0787,2500200930787,34,1.5440680443502757
25,002,0093,0791,2500200930791,27,1.4471580313422192
25,002,0093,0861,2500200930861,0,0.0
25,003,0001,0642,2500300010642,778,2.8915374576725643
25,003,0001,1000,2500300011000,228,2.359835482339888
25,003,0001,1015,2500300011015,547,2.738780558484369
25,003,0001,102A,250030001102A,829,2.9190780923760737
25,003,0001,1034,2500300011034,867,2.938519725176492
25,003,0001,1049,2500300011049,304,2.484299839346786
25,003,0001,1053,2500300011053,148,2.173186268412274
25,003,0001,1068,2500300011068,18,1.2787536009528289
25,003,0001,1072,2500300011072,10,1.0413926851582251
25,003,0001,1087,2500300011087,19,1.3010299956639813
25,003,0001,1119,2500300011119,8,0.9542425094393249
25,003,0001,1123,2500300011123,2,0.47712125471966244
25,003,0001,1142,2500300011142,341,2.534026106056135
25,003,0001,1157,2500300011157,65,1.8195439355418688
25,003,0001,1161,2500300011161,30,1.4913616938342726
25,003,0001,1180,2500300011180,0,0.0
25,003,0001,1208,2500300011208,0,0.0
25,004,0001,0283,2500400010283,2261,3.3544926005894364
25,004,0001,0438,2500400010438,796,2.9014583213961123
25,004,0001,0442,2500400010442,708,2.8506462351830666
25,004,0001,0457,2500400010457,2557,3.407900540142635
25,004,0001,0480,2500400010480,1797,3.25478968739721
25,004,0001,0495,2500400010495,67,1.8325089127062364
25,004,0001,0508,2500400010508,561,2.749736315569061
25,004,0001,0512,2500400010512,87,1.9444826721501687
25,004,0001,0527,2500400010527,5,0.7781512503836436
25,004,0001,0531,2500400010531,519,2.716003343634799
25,004,0001,0546,2500400010546,7,0.9030899869919435
25,004,0001,0550,2500400010550,36,1.568201724066995
25,004,0001,0565,2500400010565,7,0.9030899869919435
25,004,0001,057A,250040001057A,0,0.0
25,004,0001,0584,2500400010584,81,1.9138138523837167
25,004,0001,0599,2500400010599,5,0.7781512503836436
25,004,0001,0601,2500400010601,19,1.3010299956639813
25,004,0001,0616,2500400010616,64,1.8129133566428555
25,004,0001,0620,2500400010620,287,2.459392487759231
25,005,0001,0261,2500500010261,509,2.7075701760979363
25,005,0001,0276,2500500010276,686,2.8369567370595505
25,005,0001,0280,2500500010280,1329,3.123851640967086
25,005,0001,0295,2500500010295,777,2.890979596989689
25,005,0001,0308,2500500010308,2376,3.3760291817281805
25,005,0001,0312,2500500010312,1314,3.1189257528257768
25,005,0001,0469,2500500010469,183,2.2648178230095364
25,005,0001,0473,2500500010473,1,0.3010299956639812
25,005,0001,0492,2500500010492,17,1.255272505103306
25,005,0001,0505,2500500010505,41,1.6232492903979006
25,005,0001,051A,250050001051A,6,0.8450980400142568
25,005,0001,0524,2500500010524,45,1.662757831681574
25,005,0001,0539,2500500010539,493,2.693726948923647
25,005,0001,0577,2500500010577,30,1.4913616938342726
25,005,0001,0596,2500500010596,0,0.0
25,005,0001,0609,2500500010609,31,1.505149978319906
25,005,0001,0613,2500500010613,38,1.591064607026499
25,005,0001,0632,2500500010632,12,1.1139433523068367
25,006,0001,0019,2500600010019,2570,3.4101020766428607
25,006,0001,0038,2500600010038,4140,3.617105230502378
25,006,0001,0057,2500600010057,3044,3.4835872969688944
25,006,0001,0061,2500600010061,1894,3.2776092143040914
25,006,0001,0095,2500600010095,2099,3.322219294733919
25,006,0001,0108,2500600010108,1574,3.197280558125619
25,006,0001,0127,2500600010127,3329,3.5224442335063197
25,006,0001,0131,2500600010131,4707,3.672836454171397
25,006,0001,017A,250060001017A,4633,3.6659560294539566
25,006,0001,0184,2500600010184,3477,3.5413295776666938
25,006,0001,0220,2500600010220,2464,3.391816923613249
25,006,0001,0288,2500600010288,2033,3.308350948586726
25,006,0001,0292,2500600010292,3540,3.5491259267581112
25,006,0001,0305,2500600010305,1914,3.2821687783046416
25,006,0001,031A,250060001031A,2577,3.4112829130173843
25,006,0001,0324,2500600010324,4070,3.6097011023793995
25,006,0001,0343,2500600010343,20,1.3222192947339193
25,006,0001,0381,2500600010381,1914,3.2821687783046416
25,006,0001,0413,2500600010413,2836,3.452859335795852
25,006,0001,0451,2500600010451,2891,3.461198288622493
25,006,0001,0470,2500600010470,20,1.3222192947339193
25,006,0001,0536,2500600010536,56,1.7558748556724915
25,006,0001,0540,2500600010540,3,0.6020599913279624
25,006,0001,0593,2500600010593,6282,3.798167059715939
25,006,0001,0610,2500600010610,834,2.921686475483602
25,006,0001,0625,2500600010625,845,2.9273703630390235
25,006,0001,063A,250060001063A,420,2.6242820958356683
25,006,0001,0644,2500600010644,52,1.724275869600789
25,006,0001,0659,2500600010659,2,0.47712125471966244
25,006,0001,0663,2500600010663,1263,3.1017470739463664
25,006,0001,0678,2500600010678,191,2.2833012287035497
25,006,0001,0682,2500600010682,188,2.2764618041732443
25,006,0001,0697,2500600010697,43,1.6434526764861874
25,006,0001,070A,250060001070A,175,2.24551266781415
25,006,0001,0714,2500600010714,280,2.44870631990508
25,006,0001,0729,2500600010729,81,1.9138138523837167
25,006,0001,0733,2500600010733,931,2.9694159123539814
25,006,0001,0748,2500600010748,0,0.0
25,006,0001,0767,2500600010767,2,0.47712125471966244
25,006,0001,0786,2500600010786,1512,3.179838928023187
25,006,0001,0790,2500600010790,0,0.0
25,006,0001,0818,2500600010818,4,0.6989700043360189
25,006,0001,0822,2500600010822,386,2.5877109650189114
25,006,0001,0837,2500600010837,147,2.1702617153949575
25,006,0001,0841,2500600010841,57,1.7634279935629373
25,006,0001,1568,2500600011568,1832,3.2631624649622166
25,006,0001,1572,2500600011572,3208,3.506369717095504
25,006,0001,1591,2500600011591,4590,3.661907292766021
25,006,0001,1604,2500600011604,4267,3.630224410752432
25,006,0001,1619,2500600011619,3806,3.580582876814367
25,006,0001,1746,2500600011746,4077,3.6104472214421213
25,006,0001,1765,2500600011765,2704,3.4321672694425884
25,006,0001,1820,2500600011820,3048,3.484157424365381
25,006,0001,184A,250060001184A,3121,3.494432898726399
25,006,0001,1869,2500600011869,1489,3.173186268412274
25,006,0001,1892,2500600011892,4089,3.611723308007342
25,006,0001,1924,2500600011924,2896,3.461948495203762
25,006,0001,1939,2500600011939,2734,3.4369573306694496
25,006,0001,1958,2500600011958,3056,3.485295438726089
25,006,0001,1962,2500600011962,2642,3.4220971631317103
25,006,0001,2000,2500600012000,3977,3.5996647787884166
25,006,0001,2015,2500600012015,1770,3.248218561190075
25,006,0001,202A,250060001202A,2855,3.455758203104137
25,006,0001,2049,2500600012049,2706,3.4324882557705063
25,006,0001,2053,2500600012053,1983,3.2975416678181597
25,006,0001,2068,2500600012068,3022,3.480438147177817
25,006,0001,2091,2500600012091,2657,3.4245549766067134
25,006,0001,2265,2500600012265,1968,3.2942457161381182
25,006,0001,2299,2500600012299,4463,3.6497241859295224
25,006,0001,2301,2500600012301,2532,3.403635189790548
25,006,0001,2316,2500600012316,2020,3.305566313515304
25,006,0001,2320,2500600012320,1989,3.298853076409707
25,006,0001,2335,2500600012335,1700,3.230704313612569
25,006,0001,234A,250060001234A,2749,3.439332693830263
25,006,0001,2354,2500600012354,2539,3.404833716619938
25,006,0001,3032,2500600013032,5597,3.7480328941301435
25,006,0001,3047,2500600013047,2150,3.3326404103874627
25,006,0001,3051,2500600013051,2524,3.40226138245468
25,006,0001,3066,2500600013066,3943,3.5959369062691735
25,006,0001,3136,2500600013136,1118,3.04883008652835
25,006,0001,3140,2500600013140,2268,3.355834495884936
25,006,0001,3155,2500600013155,10110,4.004794110388712
25,006,0001,316A,250060001316A,712,2.8530895298518657
25,006,0001,323A,250060001323A,1675,3.2242740142942576
25,006,0001,3263,2500600013263,1959,3.292256071356476
25,006,0001,3278,2500600013278,1698,3.230193378869046
25,006,0001,3282,2500600013282,1777,3.249931756634195
25,006,0001,3297,2500600013297,1448,3.1610683854711747
25,006,0001,330A,250060001330A,1664,3.2214142378423385
25,006,0001,3314,2500600013314,1766,3.247236549506764
25,006,0001,3329,2500600013329,1737,3.2400497721126476
25,006,0001,3333,2500600013333,2738,3.4375920322539613
25,006,0001,3348,2500600013348,1291,3.1112625136590655
25,006,0001,3352,2500600013352,600,2.7788744720027396
25,006,0001,3367,2500600013367,902,2.9556877503135057
25,006,0001,3371,2500600013371,2199,3.342422680822206
25,006,0001,3386,2500600013386,596,2.775974331129369
25,006,0001,3390,2500600013390,405,2.6085260335771943
25,006,0001,3403,2500600013403,875,2.9425041061680806
25,006,0001,3418,2500600013418,902,2.9556877503135057
25,006,0001,3422,2500600013422,824,2.916453948549925
25,006,0001,3437,2500600013437,895,2.9523080096621253
25,006,0001,3441,2500600013441,1731,3.2385478876813276
25,006,0001,3456,2500600013456,2683,3.4287825114969546
25,006,0001,3460,2500600013460,2350,3.3712526291249394
25,006,0001,3475,2500600013475,2851,3.4551495211798278
25,006,0001,348A,250060001348A,3332,3.52283531366053
25,006,0001,3494,2500600013494,2547,3.406199423663313
25,006,0001,3507,2500600013507,3682,3.566201718854913
25,006,0001,3511,2500600013511,2066,3.3153404766272883
25,006,0001,3526,2500600013526,3790,3.5787537844264348
25,006,0001,3530,2500600013530,2665,3.4258601450778405
25,006,0001,3545,2500600013545,1328,3.123524980942732
25,006,0001,355A,250060001355A,2105,3.3234583668494677
25,006,0001,3564,2500600013564,1386,3.1420764610732848
25,006,0001,3579,2500600013579,2508,3.3995006613146104
25,006,0001,3583,2500600013583,1341,3.1277525158329733
25,006,0001,3598,2500600013598,866,2.9380190974762104
25,006,0001,3600,2500600013600,2803,3.447778009294621
25,006,0001,3615,2500600013615,1724,3.2367890994092927
25,006,0001,362A,250060001362A,2113,3.3251049829714074
25,006,0001,3634,2500600013634,1920,3.2835273648616936
25,006,0001,3649,2500600013649,2520,3.401572845676446
25,006,0001,3653,2500600013653,1974,3.295567099962479
25,006,0001,3668,2500600013668,2534,3.403977963669355
25,006,0001,3672,2500600013672,2596,3.4144719496293026
25,006,0001,3687,2500600013687,955,2.9804578922761
25,006,0001,3691,2500600013691,1397,3.1455071714096627
25,006,0001,3704,2500600013704,1642,3.215637563435062
25,006,0001,3719,2500600013719,1462,3.1652443261253107
25,006,0001,3723,2500600013723,2082,3.318689269947746
25,006,0001,3738,2500600013738,2791,3.4459154139511234
25,006,0001,3742,2500600013742,2706,3.4324882557705063
25,006,0001,3757,2500600013757,3154,3.498999363580153
25,006,0001,3761,2500600013761,3381,3.529173603261723
25,006,0001,3776,2500600013776,3262,3.513617073787875
25,006,0001,3780,2500600013780,2550,3.40671045860979
25,006,0001,3795,2500600013795,2456,3.390405156480081
25,006,0001,3808,2500600013808,2857,3.4560622244549513
25,006,0001,3812,2500600013812,3402,3.531861949095809
25,006,0001,3827,2500600013827,2054,3.312811826212088
25,006,0001,3831,2500600013831,2463,3.3916407034923877
25,006,0001,3846,2500600013846,2770,3.442636525782232
25,006,0001,3865,2500600013865,1943,3.288696260590256
25,006,0001,387A,250060001387A,1706,3.2322335211147335
25,006,0001,3884,2500600013884,2724,3.4353665066126613
25,006,0001,3899,2500600013899,2855,3.455758203104137
25,006,0001,3901,2500600013901,4713,3.673389578188305
25,006,0001,3916,2500600013916,2843,3.4539295920577286
25,006,0001,3920,2500600013920,2438,3.3872118003137306
25,006,0001,3935,2500600013935,1976,3.2960066693136723
25,006,0001,394A,250060001394A,1676,3.2245330626060857
25,006,0001,3954,2500600013954,1977,3.2962262872611605
25,006,0001,3969,2500600013969,2065,3.315130317183602
25,006,0001,3973,2500600013973,2239,3.3502480183341627
25,006,0001,3988,2500600013988,1209,3.0827853703164503
25,006,0001,3992,2500600013992,2112,3.3248994970523134
25,006,0001,4007,2500600014007,2676,3.4276483711869328
25,006,0001,4011,2500600014011,2326,3.36679638328673
25,006,0001,4026,2500600014026,3946,3.5962671263955155
25,006,0001,4045,2500600014045,2074,3.3170181010481117
25,006,0001,405A,250060001405A,3873,3.588159616383092
25,006,0001,4064,2500600014064,1784,3.251638220448212
25,006,0001,4098,2500600014098,3633,3.5603849229720157
25,006,0001,4100,2500600014100,1586,3.2005769267548483
25,006,0001,4115,2500600014115,2100,3.3224260524059526
25,006,0001,412A,250060001412A,4902,3.6904618932461783
25,006,0001,4134,2500600014134,1367,3.1360860973840974
25,006,0001,4149,2500600014149,1070,3.029789470831856
25,006,0001,4223,2500600014223,1600,3.2043913319193
25,006,0001,4238,2500600014238,3353,3.525563058270067
25,006,0001,4276,2500600014276,2697,3.4310419453358856
25,006,0001,4280,2500600014280,2284,3.358886204405869
25,006,0001,4308,2500600014308,3225,3.508664363052943
25,006,0001,4312,2500600014312,2445,3.3884564527002667
25,006,0001,4327,2500600014327,3949,3.59659709562646
25,006,0001,4331,2500600014331,2018,3.305136318943639
25,006,0001,4346,2500600014346,1490,3.1734776434529945
25,006,0001,4350,2500600014350,1977,3.2962262872611605
25,006,0001,4365,2500600014365,1921,3.2837533833325265
25,006,0001,437A,250060001437A,1948,3.2898118391176214
25,006,0001,4384,2500600014384,2853,3.4554539687786283
25,006,0001,4399,2500600014399,1903,3.2796669440484556
25,006,0001,4401,2500600014401,3078,3.488409688903198
25,006,0001,4416,2500600014416,2444,3.388278863459639
25,006,0001,4420,2500600014420,1907,3.2805783703680764
25,006,0001,4435,2500600014435,2021,3.3057811512549824
25,006,0001,4469,2500600014469,50,1.7075701760979363
25,006,0001,4577,2500600014577,829,2.9190780923760737
25,006,0001,4581,2500600014581,967,2.9858753573083936
25,006,0001,4596,2500600014596,117,2.0718820073061255
25,006,0001,4609,2500600014609,230,2.3636119798921444
25,006,0001,4613,2500600014613,1700,3.230704313612569
25,006,0001,4628,2500600014628,1252,3.09795107099415
25,006,0001,4632,2500600014632,1265,3.1024337056813365
25,006,0001,4647,2500600014647,648,2.812244696800369
25,006,0001,4651,2500600014651,1939,3.287801729930226
25,006,0001,4670,2500600014670,2248,3.351989455435632
25,006,0001,4685,2500600014685,2262,3.3546845539547285
25,006,0001,4717,2500600014717,2445,3.3884564527002667
25,006,0001,4721,2500600014721,866,2.9380190974762104
25,006,0001,4736,2500600014736,851,2.9304395947667
25,006,0001,4740,2500600014740,473,2.6757783416740852
25,006,0001,4755,2500600014755,2072,3.3165993020938607
25,006,0001,476A,250060001476A,4065,3.60916737430202
25,006,0001,4774,2500600014774,3188,3.5036545192429593
25,006,0001,4789,2500600014789,2071,3.3163897510731952
25,006,0001,4793,2500600014793,4053,3.60788374435699
25,006,0001,4844,2500600014844,177,2.250420002308894
25,006,0001,4859,2500600014859,704,2.848189116991399
25,006,0001,4863,2500600014863,113,2.0569048513364727
25,006,0001,4878,2500600014878,129,2.113943352306837
25,006,0001,4882,2500600014882,2600,3.4151403521958725
25,006,0001,4897,2500600014897,271,2.4345689040341987
25,006,0001,490A,250060001490A,1,0.3010299956639812
25,006,0001,4914,2500600014914,1244,3.095169351431755
25,006,0001,4948,2500600014948,176,2.247973266361807
25,006,0001,4952,2500600014952,0,0.0
25,006,0001,5109,2500600015109,368,2.56702636615906
25,006,0001,5113,2500600015113,1956,3.2915908256580013
25,006,0001,5128,2500600015128,15,1.2041199826559248
25,006,0001,5132,2500600015132,3314,3.520483532740792
25,006,0001,5151,2500600015151,886,2.9479236198317262
25,006,0001,5170,2500600015170,1778,3.250175948083925
25,006,0001,5185,2500600015185,820,2.9143431571194407
25,006,0001,519A,250060001519A,1390,3.143327129992046
25,006,0001,5217,2500600015217,5,0.7781512503836436
25,006,0001,5236,2500600015236,0,0.0
25,006,0001,5240,2500600015240,3159,3.499687082618404
25,006,0001,526A,250060001526A,156,2.1958996524092336
25,006,0001,5274,2500600015274,6037,3.7808931086870787
25,006,0001,5289,2500600015289,230,2.3636119798921444
25,006,0001,5293,2500600015293,1624,3.210853365314893
25,006,0001,5306,2500600015306,1913,3.281941933440825
25,006,0001,5310,2500600015310,616,2.7902851640332416
25,006,0001,5452,2500600015452,1703,3.2314695904306814
25,006,0001,5467,2500600015467,2003,3.301897717195208
25,006,0001,5471,2500600015471,1023,3.010299956639812
25,006,0001,5490,2500600015490,2396,3.379668034033654
25,006,0001,5503,2500600015503,2773,3.443106456737266
25,006,0001,5518,2500600015518,1779,3.250420002308894
25,006,0001,5522,2500600015522,2861,3.4566696294237578
25,006,0001,5537,2500600015537,2757,3.440594261839831
25,006,0001,5541,2500600015541,1760,3.245759355967277
25,006,0001,5556,2500600015556,3575,3.55339751012388
25,006,0001,5560,2500600015560,2095,3.321391278311689
25,006,0001,5575,2500600015575,1606,3.2060158767633444
25,006,0001,558A,250060001558A,3344,3.524396122103842
25,006,0001,5594,2500600015594,1300,3.1142772965615864
25,006,0001,5607,2500600015607,2439,3.387389826338729
25,006,0001,5611,2500600015611,2436,3.386855529184724
25,006,0001,5626,2500600015626,3296,3.518118947143153
25,006,0001,5630,2500600015630,1670,3.2229764498933915
25,006,0001,5645,2500600015645,1006,3.003029470553618
25,006,0001,565A,250060001565A,1554,3.1917303933628562
25,006,0001,5664,2500600015664,2441,3.3877456596088638
25,006,0001,5679,2500600015679,1736,3.2397998184470986
25,006,0001,5683,2500600015683,1962,3.292920299600006
25,006,0001,5698,2500600015698,1159,3.0644579892269186
25,006,0001,5700,2500600015700,3899,3.591064607026499
25,006,0001,5715,2500600015715,2690,3.4299136977637543
25,006,0001,5791,2500600015791,4114,3.6143698395482886
25,006,0001,5804,2500600015804,554,2.7442929831226763
25,006,0001,5838,2500600015838,26,1.4313637641589874
25,006,0001,5842,2500600015842,29,1.4771212547196624
25,006,0001,5857,2500600015857,0,0.0
25,006,0001,5876,2500600015876,318,2.503790683057181
25,006,0001,5880,2500600015880,1088,3.037027879755775
25,006,0001,5895,2500600015895,2197,3.3420276880874717
25,006,0001,5912,2500600015912,94,1.9777236052888478
25,006,0001,5946,2500600015946,3407,3.5324995860946626
25,006,0001,5965,2500600015965,667,2.824776462475546
25,006,0001,597A,250060001597A,1012,3.0056094453602804
25,006,0001,6003,2500600016003,693,2.841359470454855
25,006,0001,6018,2500600016018,1287,3.1099158630237933
25,006,0001,6022,2500600016022,1037,3.016197353512439
25,006,0001,6145,2500600016145,3943,3.5959369062691735
25,006,0001,615A,250060001615A,3566,3.552303109338354
25,006,0001,6272,2500600016272,3820,3.582177037688409
25,006,0001,6287,2500600016287,1537,3.1869563354654122
25,006,0001,6291,2500600016291,1741,3.241048150671644
25,006,0001,6304,2500600016304,4159,3.6190933306267428
25,006,0001,6319,2500600016319,2878,3.459241664878082
25,006,0001,6323,2500600016323,212,2.3283796034387376
25,006,0001,6338,2500600016338,3063,3.486288760960566
25,006,0001,6342,2500600016342,3386,3.5298151966446305
25,006,0001,6357,2500600016357,2563,3.4089180208467798
25,006,0001,6361,2500600016361,2644,3.4224256763712044
25,006,0001,6376,2500600016376,1583,3.1997551772534747
25,006,0001,6380,2500600016380,4439,3.6473829701146196
25,006,0001,6395,2500600016395,2816,3.4497868469857735
25,006,0001,6408,2500600016408,3569,3.552668216112193
25,006,0001,6412,2500600016412,2334,3.368286884902131
25,006,0001,6427,2500600016427,3058,3.485579476984679
25,006,0001,6431,2500600016431,4333,3.636888906983799
25,006,0001,6446,2500600016446,1461,3.1649473726218416
25,006,0001,6465,2500600016465,143,2.1583624920952498
25,006,0001,647A,250060001647A,3449,3.537819095073274
25,006,0001,6484,2500600016484,2936,3.4679039465228003
25,006,0001,6499,2500600016499,4326,3.6361868951987244
25,006,0001,6501,2500600016501,1750,3.243286146083446
25,006,0001,6516,2500600016516,5234,3.718916686014861
25,006,0001,6520,2500600016520,1675,3.2242740142942576
25,006,0001,6554,2500600016554,342,2.5352941200427703
25,006,0001,6569,2500600016569,1503,3.1772478362556233
25,006,0001,6573,2500600016573,399,2.6020599913279625
25,006,0001,6588,2500600016588,302,2.481442628502305
25,006,0001,6592,2500600016592,3586,3.5547313766759667
25,006,0001,6605,2500600016605,2718,3.4344092075875
25,006,0001,661A,250060001661A,3332,3.52283531366053
25,006,0001,6624,2500600016624,3998,3.6019514041335214
25,006,0001,6639,2500600016639,307,2.4885507165004443
25,006,0001,6643,2500600016643,4,0.6989700043360189
25,006,0001,6658,2500600016658,4360,3.6395860866734266
25,006,0001,6662,2500600016662,2927,3.4665710723863543
25,006,0001,6677,2500600016677,2643,3.4222614508136027
25,006,0001,6681,2500600016681,3863,3.587037117743456
25,006,0001,6696,2500600016696,1644,3.216165902285993
25,006,0001,6709,2500600016709,2427,3.38524868240322
25,006,0001,6713,2500600016713,3279,3.515873843711679
25,006,0001,6747,2500600016747,125,2.100370545117563
25,006,0001,6751,2500600016751,20,1.3222192947339193
25,006,0001,6766,2500600016766,344,2.537819095073274
25,006,0001,6770,2500600016770,520,2.7168377232995247
25,006,0001,6785,2500600016785,281,2.450249108319361
25,006,0001,679A,250060001679A,2099,3.322219294733919
25,006,0001,6802,2500600016802,1922,3.28397928423848
25,006,0001,6817,2500600016817,3,0.6020599913279624
25,006,0001,6821,2500600016821,655,2.8169038393756605
25,006,0001,6836,2500600016836,437,2.6414741105040997
25,006,0001,6840,2500600016840,1259,3.100370545117563
25,006,0001,6855,2500600016855,3261,3.513483956704257
25,006,0001,686A,250060001686A,3087,3.4896772916636984
25,006,0001,6874,2500600016874,2691,3.430075055551939
25,006,0001,6889,2500600016889,1179,3.0718820073061255
25,006,0001,6893,2500600016893,3405,3.532244643626582
25,006,0001,6906,2500600016906,331,2.5211380837040362
25,006,0001,6910,2500600016910,248,2.3961993470957363
25,006,0001,6925,2500600016925,1755,3.244524511570084
25,006,0001,693A,250060001693A,198,2.298853076409707
25,006,0001,6944,2500600016944,75,1.8808135922807914
25,006,0001,6959,2500600016959,57,1.7634279935629373
25,006,0001,6963,2500600016963,110,2.0453229787866576
25,006,0001,6978,2500600016978,400,2.603144372620182
25,006,0001,6982,2500600016982,938,2.972665592266111
25,006,0001,6997,2500600016997,169,2.230448921378274
25,006,0001,7001,2500600017001,1954,3.2911467617318855
25,006,0001,7016,2500600017016,1697,3.229937685907934
25,006,0001,7020,2500600017020,470,2.673020907128896
25,006,0001,7069,2500600017069,2350,3.3712526291249394
25,006,0001,7073,2500600017073,996,2.998695158311656
25,006,0001,7088,2500600017088,910,2.9595183769729982
25,006,0001,7092,2500600017092,156,2.1958996524092336
25,006,0001,7105,2500600017105,40,1.6127838567197355
25,006,0001,711A,250060001711A,1309,3.1172712956557644
25,006,0001,7124,2500600017124,0,0.0
25,006,0001,7139,2500600017139,8,0.9542425094393249
25,006,0001,7143,2500600017143,130,2.1172712956557644
25,006,0001,7158,2500600017158,233,2.369215857410143
25,006,0001,7162,2500600017162,283,2.4533183400470375
25,006,0001,7177,2500600017177,70,1.8512583487190752
25,006,0001,7181,2500600017181,2300,3.3619166186686433
25,006,0001,7196,2500600017196,3500,3.5441921107650325
25,006,0001,7209,2500600017209,1982,3.2973227142053028
25,006,0001,7213,2500600017213,2315,3.3647385550553985
25,006,0001,7228,2500600017228,2223,3.34713478291002
25,006,0001,7232,2500600017232,77,1.8920946026904804
25,006,0001,7247,2500600017247,32,1.5185139398778875
25,006,0001,7251,2500600017251,46,1.6720978579357175
25,006,0001,7266,2500600017266,2272,3.356599435724971
25,006,0001,7270,2500600017270,343,2.53655844257153
25,006,0001,7285,2500600017285,1973,3.295347148333618
25,006,0001,729A,250060001729A,5,0.7781512503836436
25,006,0001,7302,2500600017302,307,2.4885507165004443
25,006,0001,7317,2500600017317,0,0.0
25,006,0001,7321,2500600017321,3744,3.5734518220354854
25,006,0001,7340,2500600017340,11,1.0791812460476249
25,006,0001,736A,250060001736A,11,1.0791812460476249
25,006,0001,7374,2500600017374,3464,3.5397032389478253
25,006,0001,7389,2500600017389,1795,3.2543063323312857
25,006,0001,7393,2500600017393,1986,3.298197867109815
25,006,0001,7406,2500600017406,25,1.414973347970818
25,006,0001,7410,2500600017410,484,2.6857417386022635
25,006,0001,7425,2500600017425,2274,3.3569814009931314
25,006,0001,743A,250060001743A,3637,3.5608626947274646
25,006,0001,7444,2500600017444,3513,3.545801757159276
25,006,0001,7459,2500600017459,4691,3.671358003443492
25,006,0001,7463,2500600017463,1929,3.285557309007774
25,006,0001,7478,2500600017478,3502,3.5444401373176926
25,006,0001,750A,250060001750A,1046,3.0199466816788423
25,006,0001,7514,2500600017514,1422,3.153204900084284
25,006,0001,7529,2500600017529,3885,3.589502796263764
25,006,0001,7533,2500600017533,1056,3.024074987307426
25,006,0001,7548,2500600017548,0,0.0
25,006,0001,7567,2500600017567,24,1.3979400086720377
25,006,0001,7586,2500600017586,939,2.9731278535996988
25,006,0001,7590,2500600017590,7424,3.8706964579892498
25,006,0001,7603,2500600017603,1128,3.052693941924968
25,006,0001,7618,2500600017618,428,2.6324572921847245
25,006,0001,7622,2500600017622,323,2.510545010206612
25,006,0001,7637,2500600017637,36,1.568201724066995
25,006,0001,7641,2500600017641,50,1.7075701760979363
25,006,0001,7656,2500600017656,49,1.6989700043360187
25,006,0001,7660,2500600017660,950,2.978180516937414
25,006,0001,7675,2500600017675,263,2.4216039268698313
25,006,0001,768A,250060001768A,172,2.2380461031287955
25,006,0001,7694,2500600017694,440,2.6444385894678386
25,006,0001,7707,2500600017707,0,0.0
25,006,0001,7711,2500600017711,34,1.5440680443502757
25,006,0001,7726,2500600017726,667,2.824776462475546
25,006,0001,7730,2500600017730,2329,3.367355921026019
25,006,0001,7745,2500600017745,0,0.0
25,006,0001,775A,250060001775A,0,0.0
25,006,0001,7764,2500600017764,29,1.4771212547196624
25,006,0001,7779,2500600017779,153,2.187520720836463
25,006,0001,7783,2500600017783,961,2.983175072037813
25,006,0001,7798,2500600017798,161,2.2095150145426308
25,006,0001,7800,2500600017800,963,2.984077033902831
25,006,0001,7815,2500600017815,37,1.5797835966168101
25,006,0001,782A,250060001782A,105,2.0253058652647704
25,006,0001,7834,2500600017834,279,2.4471580313422194
25,006,0001,7849,2500600017849,469,2.6720978579357175
25,006,0001,7868,2500600017868,24,1.3979400086720377
25,006,0001,7872,2500600017872,54,1.7403626894942439
25,006,0001,7887,2500600017887,0,0.0
25,006,0001,7904,2500600017904,798,2.902546779313991
25,006,0001,7919,2500600017919,130,2.1172712956557644
25,006,0001,7923,2500600017923,65,1.8195439355418688
25,006,0001,7938,2500600017938,75,1.8808135922807914
25,006,0001,7942,2500600017942,86,1.9395192526186185
25,006,0001,7961,2500600017961,58,1.7708520116421442
25,006,0001,7976,2500600017976,165,2.220108088040055
25,006,0001,7980,2500600017980,105,2.0253058652647704
25,006,0001,7995,2500600017995,2,0.47712125471966244
25,006,0001,800A,250060001800A,185,2.2695129442179165
25,006,0001,8014,2500600018014,228,2.359835482339888
25,006,0001,8029,2500600018029,78,1.8976270912904414
25,006,0001,8033,2500600018033,131,2.12057393120585
25,006,0001,8048,2500600018048,9,1.0
25,006,0001,8052,2500600018052,5,0.7781512503836436
25,006,0001,8067,2500600018067,7,0.9030899869919435
25,006,0001,8071,2500600018071,111,2.0492180226701815
25,006,0001,8086,2500600018086,653,2.815577748324267
25,006,0001,8090,2500600018090,0,0.0
25,006,0001,8103,2500600018103,84,1.9294189257142926
25,006,0001,8118,2500600018118,103,2.0170333392987803
25,006,0001,8122,2500600018122,2051,3.3121773564397787
25,006,0001,8137,2500600018137,71,1.8573324964312685
25,006,0001,8141,2500600018141,92,1.968482948553935
25,006,0001,8156,2500600018156,163,2.214843848047698
25,006,0001,8160,2500600018160,774,2.88930170250631
25,006,0001,8175,2500600018175,323,2.510545010206612
25,006,0001,818A,250060001818A,586,2.7686381012476144
25,006,0001,8194,2500600018194,0,0.0
25,006,0001,8207,2500600018207,0,0.0
25,006,0001,8211,2500600018211,0,0.0
25,006,0001,8226,2500600018226,4,0.6989700043360189
25,006,0001,8230,2500600018230,0,0.0
25,006,0001,8245,2500600018245,127,2.1072099696478683
25,006,0001,825A,250060001825A,0,0.0
25,006,0001,8264,2500600018264,118,2.0755469613925306
25,006,0001,8279,2500600018279,1560,3.1934029030624176
25,006,0001,8283,2500600018283,201,2.305351369446624
25,006,0001,8298,2500600018298,227,2.357934847000454
25,006,0001,8300,2500600018300,200,2.303196057420489
25,006,0001,8315,2500600018315,6,0.8450980400142568
25,006,0001,832A,250060001832A,264,2.423245873936808
25,006,0001,8334,2500600018334,0,0.0
25,006,0001,8349,2500600018349,86,1.9395192526186185
25,006,0001,8353,2500600018353,318,2.503790683057181
25,006,0001,8368,2500600018368,1,0.3010299956639812
25,006,0001,8372,2500600018372,235,2.3729120029701067
25,006,0001,8387,2500600018387,339,2.531478917042255
25,006,0001,8391,2500600018391,38,1.591064607026499
25,006,0001,8404,2500600018404,360,2.5575072019056577
25,006,0001,8419,2500600018419,109,2.041392685158225
25,006,0001,8423,2500600018423,1636,3.2140486794119414
25,006,0001,8438,2500600018438,303,2.482873583608754
25,006,0001,8442,2500600018442,125,2.100370545117563
25,006,0001,8457,2500600018457,246,2.392696953259666
25,006,0001,8461,2500600018461,0,0.0
25,006,0001,8476,2500600018476,0,0.0
25,006,0001,8480,2500600018480,443,2.6473829701146196
25,006,0001,8495,2500600018495,206,2.315970345456918
25,006,0001,8508,2500600018508,1,0.3010299956639812
25,006,0001,8512,2500600018512,0,0.0
25,006,0001,8527,2500600018527,0,0.0
25,006,0001,8531,2500600018531,5,0.7781512503836436
25,006,0001,8550,2500600018550,18,1.2787536009528289
25,006,0001,8565,2500600018565,42,1.6334684555795864
25,006,0001,857A,250060001857A,185,2.2695129442179165
25,006,0001,8584,2500600018584,392,2.5943925503754266
25,006,0001,8599,2500600018599,0,0.0
25,006,0001,8601,2500600018601,0,0.0
25,006,0001,8616,2500600018616,591,2.77232170672292
25,006,0001,8620,2500600018620,836,2.92272545799326
25,006,0001,8635,2500600018635,894,2.951823035315912
25,006,0001,864A,250060001864A,152,2.184691430817599
25,006,0001,8654,2500600018654,32,1.5185139398778875
25,006,0001,8669,2500600018669,0,0.0
25,006,0001,8688,2500600018688,924,2.9661417327390325
25,006,0001,8705,2500600018705,2,0.47712125471966244
25,006,0001,871A,250060001871A,0,0.0
25,006,0001,8739,2500600018739,0,0.0
25,006,0001,8743,2500600018743,137,2.1398790864012365
25,006,0001,8758,2500600018758,454,2.6580113966571126
25,006,0001,8781,2500600018781,53,1.7323937598229686
25,006,0001,8796,2500600018796,0,0.0
25,006,0001,8809,2500600018809,0,0.0
25,006,0001,8813,2500600018813,76,1.8864907251724818
25,006,0001,8832,2500600018832,0,0.0
25,006,0001,8847,2500600018847,2,0.47712125471966244
25,006,0001,8870,2500600018870,1009,3.0043213737826426
25,006,0001,8955,2500600018955,0,0.0
25,006,0001,9258,2500600019258,208,2.3201462861110542
25,006,0001,9262,2500600019262,67,1.8325089127062364
25,006,0001,9277,2500600019277,0,0.0
25,006,0001,9281,2500600019281,438,2.6424645202421213
25,006,0001,9296,2500600019296,205,2.3138672203691533
25,006,0001,9309,2500600019309,282,2.45178643552429
25,006,0001,9328,2500600019328,153,2.187520720836463
25,006,0001,9332,2500600019332,12,1.1139433523068367
25,006,0001,9347,2500600019347,25,1.414973347970818
25,006,0001,9351,2500600019351,62,1.7993405494535817
25,006,0001,9366,2500600019366,1239,3.093421685162235
25,006,0001,9370,2500600019370,417,2.621176281775035
25,006,0001,9385,2500600019385,80,1.9084850188786497
25,006,0001,939A,250060001939A,1794,3.254064452914338
25,006,0001,9402,2500600019402,232,2.367355921026019
25,006,0001,9436,2500600019436,0,0.0
25,006,0001,9440,2500600019440,199,2.3010299956639813
25,006,0001,946A,250060001946A,2214,3.3453737305590883
25,006,0001,9474,2500600019474,2357,3.3725438007590705
25,006,0001,9489,2500600019489,578,2.762678563727436
25,006,0001,9506,2500600019506,1845,3.266231696689893
25,006,0001,9525,2500600019525,0,0.0
25,006,0312,0485,2500603120485,2859,3.456366033129043
25,006,0312,049A,250060312049A,1360,3.133858125203335
25,006,0312,0502,2500603120502,1568,3.1956229435869368
25,006,0312,2138,2500603122138,1371,3.137354111370733
25,006,0312,2142,2500603122142,1870,3.27207378750001
25,006,0312,2176,2500603122176,2183,3.3392526340327
25,006,0312,3259,2500603123259,3520,3.5466660250701842
25,006,0312,4153,2500603124153,1641,3.215373152783422
25,006,0312,4168,2500603124168,1223,3.087781417809542
25,006,0312,4543,2500603124543,392,2.5943925503754266
25,006,0312,4558,2500603124558,433,2.637489729512511
25,006,0312,4562,2500603124562,404,2.6074550232146687
25,006,0312,4967,2500603124967,67,1.8325089127062364
25,006,0312,4971,2500603124971,24,1.3979400086720377
25,006,0312,4986,2500603124986,390,2.5921767573958667
25,006,0312,5325,2500603125325,60,1.7853298350107671
25,006,0312,5344,2500603125344,126,2.103803720955957
25,006,0312,5359,2500603125359,5,0.7781512503836436
25,006,0312,5363,2500603125363,5,0.7781512503836436
25,006,0312,5378,2500603125378,1221,3.0870712059065353
25,006,0312,572A,250060312572A,1492,3.1740598077250253
25,006,0312,5734,2500603125734,2895,3.461798557525109
25,006,0312,6056,2500603126056,2,0.47712125471966244
25,006,0312,6164,2500603126164,402,2.6053050461411096
25,006,0312,6179,2500603126179,2016,3.3047058982127653
25,006,0312,6198,2500603126198,327,2.515873843711679
25,006,0312,704A,250060312704A,90,1.9590413923210936
25,006,0312,7054,2500603127054,92,1.968482948553935
25,006,0312,7891,2500603127891,128,2.110589710299249
25,006,0312,8673,2500603128673,71,1.8573324964312685
25,006,0312,8851,2500603128851,2,0.47712125471966244
25,006,0321,2208,2500603212208,1064,3.0273496077747564
25,006,0321,4172,2500603214172,1689,3.2278867046136734
25,006,0321,4187,2500603214187,1655,3.219060332448861
25,006,0321,5823,2500603215823,58,1.7708520116421442
25,006,0321,7355,2500603217355,0,0.0
25,006,0341,0521,2500603410521,1983,3.2975416678181597
25,006,0341,2180,2500603412180,1851,3.2676409823459154
25,006,0341,3193,2500603413193,149,2.1760912590556813
25,006,0341,4242,2500603414242,1279,3.1072099696478683
25,006,0341,4257,2500603414257,1616,3.208710019906401
25,006,0341,4990,2500603414990,566,2.7535830588929064
25,006,0341,5024,2500603415024,0,0.0
25,006,0341,5382,2500603415382,147,2.1702617153949575
25,006,0341,5397,2500603415397,6,0.8450980400142568
25,006,0341,540A,250060341540A,0,0.0
25,006,0341,6094,2500603416094,585,2.767897616018091
25,006,0341,6200,2500603416200,14,1.1760912590556813
25,006,0341,6215,2500603416215,2372,3.375297738217339
25,006,0341,622A,250060341622A,2123,3.3271545124094315
25,006,0341,6234,2500603416234,1397,3.1455071714096627
25,006,0341,7482,2500603417482,37,1.5797835966168101
25,006,0341,8692,2500603418692,0,0.0
25,006,0341,8762,2500603418762,638,2.8055008581584002
25,006,0341,8866,2500603418866,0,0.0
25,006,0341,8885,2500603418885,9,1.0
25,006,0341,8902,2500603418902,0,0.0
25,006,0438,5414,2500604385414,31,1.505149978319906
25,006,0438,5749,2500604385749,1394,3.144574207609616
25,006,0438,5753,2500604385753,1932,3.286231854028553
25,006,0438,5819,2500604385819,54,1.7403626894942439
25,006,0443,5768,2500604435768,1904,3.279894980011638
25,006,0443,5772,2500604435772,1541,3.188084373714938
25,006,0443,7552,2500604437552,0,0.0
25,006,0591,4191,2500605914191,2000,3.3012470886362113
25,006,0591,4204,2500605914204,1770,3.248218561190075
25,006,0591,4219,2500605914219,1913,3.281941933440825
25,006,0591,5039,2500605915039,29,1.4771212547196624
25,006,0591,6111,2500605916111,108,2.037426497940624
25,006,0591,6728,2500605916728,0,0.0
25,006,0591,7497,2500605917497,78,1.8976270912904414
25,006,0591,896A,250060591896A,0,0.0
25,006,0591,8974,2500605918974,0,0.0
25,006,0591,8989,2500605918989,0,0.0
25,006,0746,0589,2500607460589,1920,3.2835273648616936
25,006,0746,2212,2500607462212,2166,3.335858911319818
25,006,0746,444A,250060746444A,628,2.798650645445269
25,006,0746,5429,2500607465429,0,0.0
25,006,0746,6249,2500607466249,468,2.6711728427150834
25,006,0746,6253,2500607466253,1,0.3010299956639812
25,006,1194,3085,2500611943085,1255,3.0989896394011773
25,006,1194,309A,250061194309A,1089,3.037426497940624
25,006,1346,0803,2500613460803,31,1.505149978319906
25,006,1346,3070,2500613463070,3345,3.5245259366263757
25,006,1346,3102,2500613463102,2077,3.3176455432211585
25,006,1346,3206,2500613463206,774,2.88930170250631
25,006,1346,4454,2500613464454,715,2.8549130223078554
25,006,1346,4492,2500613464492,17,1.255272505103306
25,006,1346,4505,2500613464505,66,1.8260748027008264
25,006,1346,451A,250061346451A,5,0.7781512503836436
25,006,1346,4524,2500613464524,11,1.0791812460476249
25,006,1346,5058,2500613465058,210,2.3242824552976926
25,006,1346,5433,2500613465433,0,0.0
25,006,1346,5448,2500613465448,140,2.1492191126553797
25,006,1346,6126,2500613466126,317,2.5024271199844326
25,006,1346,6130,2500613466130,667,2.824776462475546
25,006,1346,6268,2500613466268,37,1.5797835966168101
25,006,1346,8724,2500613468724,11,1.0791812460476249
25,006,1346,8777,2500613468777,4,0.6989700043360189
25,006,1346,8940,2500613468940,0,0.0
25,006,1360,6732,2500613606732,1647,3.216957207361097
25,006,1360,8993,2500613608993,26,1.4313637641589874
25,006,1360,9239,2500613609239,3,0.6020599913279624
25,006,1360,9455,2500613609455,6,0.8450980400142568
25,007,0001,0783,2500700010783,755,2.8785217955012063
25,007,0001,0798,2500700010798,2018,3.305136318943639
25,007,0001,0800,2500700010800,1302,3.1149444157125847
25,007,0001,0815,2500700010815,1531,3.185258765296585
25,007,0001,082A,250070001082A,1054,3.0232524596337114
25,007,0001,0834,2500700010834,1054,3.0232524596337114
25,007,0001,0849,2500700010849,854,2.931966114728173
25,007,0001,0853,2500700010853,1053,3.022840610876528
25,007,0001,0868,2500700010868,136,2.1367205671564067
25,007,0001,0887,2500700010887,35,1.5563025007672873
25,007,0001,0891,2500700010891,6,0.8450980400142568
25,007,0001,0904,2500700010904,53,1.7323937598229686
25,007,0001,0919,2500700010919,74,1.8750612633917
25,007,0001,0923,2500700010923,39,1.6020599913279623
25,007,0001,0938,2500700010938,18,1.2787536009528289
25,007,0001,0942,2500700010942,129,2.113943352306837
25,007,0001,0957,2500700010957,20,1.3222192947339193
25,007,0001,0961,2500700010961,23,1.380211241711606
25,007,0001,0976,2500700010976,22,1.3617278360175928
25,007,0001,0995,2500700010995,17,1.255272505103306
25,007,0001,100A,250070001100A,122,2.089905111439398
25,007,0001,1014,2500700011014,13,1.146128035678238
25,008,0001,0013,2500800010013,1229,3.089905111439398
25,008,0001,0225,2500800010225,1189,3.0755469613925306
25,008,0001,023A,250080001023A,989,2.99563519459755
25,008,0001,0263,2500800010263,723,2.859738566197147
25,008,0001,0282,2500800010282,1101,3.042181594515766
25,008,0001,0297,2500800010297,1352,3.131297796597623
25,008,0001,030A,250080001030A,1113,3.04688519083771
25,008,0001,0314,2500800010314,780,2.8926510338773004
25,008,0001,0329,2500800010329,1311,3.1179338350396413
25,008,0001,0511,2500800010511,484,2.6857417386022635
25,008,0001,0564,2500800010564,606,2.7831886910752575
25,008,0001,0615,2500800010615,1321,3.1212314551496214
25,008,0001,062A,250080001062A,1069,3.0293837776852097
25,008,0001,0653,2500800010653,109,2.041392685158225
25,008,0001,0668,2500800010668,31,1.505149978319906
25,008,0001,0687,2500800010687,27,1.4471580313422192
25,008,0001,0691,2500800010691,132,2.123851640967086
25,008,0001,0704,2500800010704,42,1.6334684555795864
25,008,0001,0719,2500800010719,37,1.5797835966168101
25,008,0001,0723,2500800010723,501,2.7007037171450192
25,008,0001,0738,2500800010738,648,2.812244696800369
25,008,0001,0742,2500800010742,4,0.6989700043360189
25,008,0001,0757,2500800010757,129,2.113943352306837
25,008,0001,0761,2500800010761,669,2.8260748027008264
25,008,0001,0776,2500800010776,5,0.7781512503836436
25,008,0001,0780,2500800010780,131,2.12057393120585
25,008,0001,0795,2500800010795,95,1.9822712330395684
25,008,0001,0808,2500800010808,2,0.47712125471966244
25,008,0001,0812,2500800010812,993,2.997386384397313
25,008,0001,0827,2500800010827,108,2.037426497940624
25,008,0001,0831,2500800010831,74,1.8750612633917
25,008,0001,0846,2500800010846,6,0.8450980400142568
25,008,0001,0850,2500800010850,564,2.7520484478194387
25,008,0001,0865,2500800010865,1136,3.0557604646877348
25,008,0001,087A,250080001087A,574,2.7596678446896306
25,008,0001,0884,2500800010884,23,1.380211241711606
25,008,0001,0899,2500800010899,5,0.7781512503836436
25,008,0001,0901,2500800010901,27,1.4471580313422192
25,008,0001,0916,2500800010916,139,2.146128035678238
25,008,0001,0920,2500800010920,0,0.0
25,008,0001,0935,2500800010935,16,1.2304489213782739
25,008,0001,094A,250080001094A,10,1.0413926851582251
25,008,0001,0954,2500800010954,101,2.0086001717619175
25,008,0001,0969,2500800010969,0,0.0
25,008,0001,0973,2500800010973,79,1.9030899869919435
25,008,0001,0988,2500800010988,8,0.9542425094393249
25,008,0001,0992,2500800010992,5,0.7781512503836436
25,008,0001,1007,2500800011007,0,0.0
25,008,0001,1011,2500800011011,7,0.9030899869919435
25,008,0001,1026,2500800011026,0,0.0
25,008,0001,1030,2500800011030,13,1.146128035678238
25,008,0001,1045,2500800011045,0,0.0
25,008,0001,105A,250080001105A,0,0.0
25,008,0001,1064,2500800011064,0,0.0
25,008,0001,1079,2500800011079,3,0.6020599913279624
25,008,0001,1083,2500800011083,22,1.3617278360175928
25,008,0094,048A,250080094048A,3033,3.4820155764507117
25,009,0001,003A,250090001003A,2674,3.427323786357247
25,009,0001,0260,2500900010260,3130,3.4956830676169153
25,009,0001,0415,2500900010415,496,2.696356388733332
25,009,0001,042A,250090001042A,1926,3.284881714655453
25,009,0001,0434,2500900010434,1349,3.130333768495006
25,009,0001,0449,2500900010449,1670,3.2229764498933915
25,009,0001,0523,2500900010523,2733,3.4367985102318035
25,009,0001,0538,2500900010538,2223,3.34713478291002
25,009,0001,0542,2500900010542,1724,3.2367890994092927
25,009,0001,067A,250090001067A,2413,3.3827372657613304
25,009,0001,0684,2500900010684,1499,3.1760912590556813
25,009,0001,0716,2500900010716,132,2.123851640967086
25,009,0001,0720,2500900010720,6,0.8450980400142568
25,009,0001,0735,2500900010735,2872,3.4583356259919475
25,009,0001,074A,250090001074A,1832,3.2631624649622166
25,009,0001,0773,2500900010773,194,2.290034611362518
25,009,0001,0788,2500900010788,330,2.519827993775719
25,009,0001,0805,2500900010805,1772,3.2487087356009177
25,009,0001,081A,250090001081A,1553,3.1914510144648953
25,009,0001,0824,2500900010824,4,0.6989700043360189
25,009,0001,0839,2500900010839,10,1.0413926851582251
25,009,0001,0843,2500900010843,36,1.568201724066995
25,009,0001,0862,2500900010862,49,1.6989700043360187
25,009,0001,0877,2500900010877,42,1.6334684555795864
25,009,0001,0881,2500900010881,1537,3.1869563354654122
25,009,0001,0896,2500900010896,1430,3.1556396337597765
25,009,0001,0909,2500900010909,6,0.8450980400142568
25,009,0001,0913,2500900010913,32,1.5185139398778875
25,009,0001,0928,2500900010928,21,1.3424226808222062
25,009,0001,0932,2500900010932,52,1.724275869600789
25,009,0001,0947,2500900010947,79,1.9030899869919435
25,009,0001,0951,2500900010951,47,1.6812412373755872
25,009,0001,0966,2500900010966,1,0.3010299956639812
25,009,0001,0970,2500900010970,25,1.414973347970818
25,009,0001,0985,2500900010985,12,1.1139433523068367
25,009,0001,1023,2500900011023,13,1.146128035678238
25,009,0001,1038,2500900011038,0,0.0
25,009,0034,0504,2500900340504,2004,3.302114376956201
25,009,0034,0576,2500900340576,957,2.9813655090785445
25,009,0034,0580,2500900340580,1337,3.1264561134318045
25,009,0034,0595,2500900340595,1696,3.229681842317676
25,009,0034,0608,2500900340608,643,2.808885867359812
25,009,0034,0699,2500900340699,824,2.916453948549925
25,009,0034,0701,2500900340701,683,2.835056101720116
25,009,0034,1004,2500900341004,1,0.3010299956639812
25,009,0043,0612,2500900430612,503,2.7024305364455254
25,009,0043,0627,2500900430627,633,2.802089257881733
25,009,0043,0631,2500900430631,567,2.754348335711019
25,009,0043,0646,2500900430646,721,2.858537197569639
25,009,0043,0754,2500900430754,32,1.5185139398778875
25,009,0043,0769,2500900430769,6,0.8450980400142568
25,009,0043,1019,2500900431019,7,0.9030899869919435
25,009,0060,0468,2500900600468,1152,3.061829307294699
25,009,0060,0472,2500900600472,510,2.708420900134713
25,009,0060,0650,2500900600650,1916,3.2826221128780624
25,009,0060,0665,2500900600665,1002,3.0013009330204183
25,009,0060,0858,2500900600858,18,1.2787536009528289
25,009,0060,099A,250090060099A,0,0.0
25,010,0001,0011,2501000010011,1778,3.250175948083925
25,010,0001,0026,2501000010026,972,2.988112840268352
25,010,0001,0030,2501000010030,992,2.996949248495381
25,010,0001,0596,2501000010596,1206,3.081707270097349
25,010,0001,1039,2501000011039,1741,3.241048150671644
25,010,0001,1043,2501000011043,1072,3.030599721965951
25,010,0001,1128,2501000011128,29,1.4771212547196624
25,010,0001,1132,2501000011132,61,1.792391689498254
25,010,0001,119A,250100001119A,6,0.8450980400142568
25,010,0001,1202,2501000011202,22,1.3617278360175928
25,010,0001,1236,2501000011236,940,2.973589623427257
25,010,0001,1240,2501000011240,1230,3.090258052931316
25,010,0001,1363,2501000011363,423,2.6273658565927325
25,010,0001,1378,2501000011378,700,2.8457180179666586
25,010,0001,1382,2501000011382,550,2.741151598851785
25,010,0001,1429,2501000011429,333,2.5237464668115646
25,010,0001,1433,2501000011433,2,0.47712125471966244
25,010,0001,1448,2501000011448,4,0.6989700043360189
25,010,0001,1452,2501000011452,21,1.3424226808222062
25,010,0001,1467,2501000011467,146,2.167317334748176
25,010,0001,1471,2501000011471,26,1.4313637641589874
25,010,0001,1486,2501000011486,97,1.9912260756924949
25,010,0001,1537,2501000011537,334,2.525044807036845
25,010,0001,1541,2501000011541,12,1.1139433523068367
25,010,0001,1556,2501000011556,33,1.5314789170422551
25,010,0001,1560,2501000011560,18,1.2787536009528289
25,010,0001,1575,2501000011575,4,0.6989700043360189
25,010,0001,158A,250100001158A,4,0.6989700043360189
25,010,0001,165A,250100001165A,0,0.0
25,010,0001,1664,2501000011664,92,1.968482948553935
25,010,0058,0079,2501000580079,2497,3.3975924340381165
25,010,0058,1024,2501000581024,1358,3.1332194567324945
25,010,0058,1096,2501000581096,2160,3.3346547668832414
25,010,0058,1109,2501000581109,620,2.79309160017658
25,010,0058,1113,2501000581113,43,1.6434526764861874
25,010,0058,1255,2501000581255,91,1.9637878273455553
25,010,0058,1344,2501000581344,6,0.8450980400142568
25,010,0058,1397,2501000581397,0,0.0
25,010,0058,140A,250100058140A,0,0.0
25,010,0069,0064,2501000690064,1531,3.185258765296585
25,010,0069,0562,2501000690562,1481,3.170848203643309
25,010,0069,1147,2501000691147,29,1.4771212547196624
25,010,0102,0666,2501001020666,1920,3.2835273648616936
25,010,0102,0670,2501001020670,1111,3.0461047872460387
25,010,0102,0685,2501001020685,1414,3.150756439860309
25,010,0102,1414,2501001021414,37,1.5797835966168101
25,010,0133,0083,2501001330083,3374,3.5282737771670436
25,010,0133,0628,2501001330628,2426,3.385069776331935
25,010,0133,1151,2501001331151,240,2.3820170425748683
25,010,0133,1166,2501001331166,6,0.8450980400142568
25,010,0133,1611,2501001331611,0,0.0
25,010,0133,1626,2501001331626,9,1.0
25,010,0179,0609,2501001790609,1624,3.210853365314893
25,010,0179,1058,2501001791058,864,2.9370161074648142
25,010,0179,1062,2501001791062,1280,3.1075491297446862
25,010,0179,1077,2501001791077,731,2.864511081058392
25,010,0179,1081,2501001791081,1127,3.0523090996473234
25,010,0179,1170,2501001791170,19,1.3010299956639813
25,010,0179,1293,2501001791293,17,1.255272505103306
25,010,0179,1306,2501001791306,2,0.47712125471966244
25,010,0179,1310,2501001791310,34,1.5440680443502757
25,010,0179,1325,2501001791325,5,0.7781512503836436
25,010,0179,1359,2501001791359,24,1.3979400086720377
25,010,0179,1490,2501001791490,5,0.7781512503836436
25,010,0179,1503,2501001791503,0,0.0
25,010,0179,1518,2501001791518,12,1.1139433523068367
25,010,0179,1522,2501001791522,4,0.6989700043360189
25,010,0179,1630,2501001791630,2,0.47712125471966244
25,010,0179,1645,2501001791645,39,1.6020599913279623
25,011,0001,0019,2501100010019,2768,3.4423229557455746
25,011,0001,0023,2501100010023,3022,3.480438147177817
25,011,0001,0038,2501100010038,2146,3.331832044436249
25,011,0001,0042,2501100010042,2190,3.3406423775607053
25,011,0001,0057,2501100010057,2456,3.390405156480081
25,011,0001,0076,2501100010076,1861,3.269979676645324
25,011,0001,0625,2501100010625,282,2.45178643552429
25,011,0001,063A,250110001063A,1312,3.118264726089479
25,011,0001,0644,2501100010644,2522,3.4019172505175748
25,011,0001,0659,2501100010659,3688,3.5669086552268032
25,011,0001,070A,250110001070A,850,2.929929560084588
25,011,0001,0714,2501100010714,2319,3.3654879848909
25,011,0001,0729,2501100010729,1691,3.228400358703005
25,011,0001,0733,2501100010733,1844,3.265996370495079
25,011,0001,0748,2501100010748,1180,3.072249897613515
25,011,0001,120A,250110001120A,573,2.7589118923979736
25,011,0001,1356,2501100011356,1843,3.2657609167176105
25,011,0001,1360,2501100011360,1021,3.009450895798694
25,011,0001,1375,2501100011375,2811,3.4490153163477864
25,011,0001,138A,250110001138A,2447,3.3888114134735234
25,011,0001,1394,2501100011394,1402,3.1470576710283598
25,011,0001,1407,2501100011407,1137,3.056142262059052
25,011,0001,1411,2501100011411,1712,3.2337573629655103
25,011,0001,1426,2501100011426,1147,3.059941888061955
25,011,0001,1483,2501100011483,1590,3.2016701796465816
25,011,0001,1498,2501100011498,480,2.682145076373832
25,011,0001,1568,2501100011568,83,1.9242792860618816
25,011,0001,1572,2501100011572,34,1.5440680443502757
25,011,0001,1587,2501100011587,171,2.2355284469075487
25,011,0001,1591,2501100011591,42,1.6334684555795864
25,011,0001,1604,2501100011604,228,2.359835482339888
25,011,0001,1619,2501100011619,12,1.1139433523068367
25,011,0001,1765,2501100011765,358,2.5550944485783194
25,011,0001,177A,250110001177A,21,1.3424226808222062
25,011,0001,1799,2501100011799,159,2.2041199826559246
25,011,0001,1801,2501100011801,403,2.606381365110605
25,011,0001,1816,2501100011816,91,1.9637878273455553
25,011,0001,1905,2501100011905,1740,3.240798771117331
25,011,0001,191A,250110001191A,2329,3.367355921026019
25,011,0001,1924,2501100011924,952,2.979092900638326
25,011,0001,1939,2501100011939,1784,3.251638220448212
25,011,0001,1996,2501100011996,41,1.6232492903979006
25,011,0001,2000,2501100012000,522,2.718501688867274
25,011,0001,2015,2501100012015,4182,3.6214878645806303
25,011,0001,202A,250110001202A,1714,3.2342641243787895
25,011,0001,2195,2501100012195,3157,3.499412125672275
25,011,0001,2208,2501100012208,2157,3.334051440346892
25,011,0001,2212,2501100012212,145,2.164352855784437
25,011,0001,2227,2501100012227,492,2.69284691927723
25,011,0001,2231,2501100012231,36,1.568201724066995
25,011,0001,2246,2501100012246,725,2.8609366207000937
25,011,0001,2250,2501100012250,658,2.8188854145940097
25,011,0001,2265,2501100012265,54,1.7403626894942439
25,011,0001,227A,250110001227A,551,2.741939077729199
25,011,0001,2284,2501100012284,121,2.0863598306747484
25,011,0001,2299,2501100012299,613,2.788168371141168
25,011,0001,2301,2501100012301,454,2.6580113966571126
25,011,0001,2316,2501100012316,74,1.8750612633917
25,011,0001,234A,250110001234A,395,2.597695185925512
25,011,0001,2354,2501100012354,2108,3.3240765797394864
25,011,0001,2369,2501100012369,549,2.7403626894942437
25,011,0001,2373,2501100012373,4,0.6989700043360189
25,011,0001,2388,2501100012388,12,1.1139433523068367
25,011,0001,2392,2501100012392,100,2.0043213737826426
25,011,0001,2405,2501100012405,16,1.2304489213782739
25,011,0001,241A,250110001241A,0,0.0
25,011,0001,2424,2501100012424,16,1.2304489213782739
25,011,0001,2439,2501100012439,147,2.1702617153949575
25,011,0001,2443,2501100012443,13,1.146128035678238
25,011,0001,2458,2501100012458,92,1.968482948553935
25,011,0001,2462,2501100012462,20,1.3222192947339193
25,011,0001,2477,2501100012477,0,0.0
25,011,0001,2481,2501100012481,0,0.0
25,011,0001,2509,2501100012509,0,0.0
25,011,0001,2547,2501100012547,0,0.0
25,011,0001,2551,2501100012551,206,2.315970345456918
25,011,0001,2566,2501100012566,80,1.9084850188786497
25,011,0001,2570,2501100012570,114,2.060697840353612
25,011,0001,259A,250110001259A,58,1.7708520116421442
25,011,0001,2710,2501100012710,5,0.7781512503836436
25,011,0001,2725,2501100012725,501,2.7007037171450192
25,011,0001,273A,250110001273A,107,2.03342375548695
25,011,0001,2744,2501100012744,1719,3.2355284469075487
25,011,0001,2797,2501100012797,169,2.230448921378274
25,011,0001,280A,250110001280A,1021,3.009450895798694
25,011,0035,0184,2501100350184,4154,3.61857102812013
25,011,0035,0199,2501100350199,3228,3.5090680450171616
25,011,0035,0201,2501100350201,2802,3.447623097760286
25,011,0035,0771,2501100350771,1241,3.0941215958405612
25,011,0035,1163,2501100351163,1410,3.149527013754348
25,011,0035,1178,2501100351178,1487,3.17260293120986
25,011,0035,1623,2501100351623,2,0.47712125471966244
25,011,0035,2072,2501100352072,299,2.4771212547196626
25,011,0049,0269,2501100490269,3103,3.491921712586151
25,011,0051,0150,2501100510150,1291,3.1112625136590655
25,011,0051,0165,2501100510165,1710,3.2332500095411003
25,011,0051,017A,250110051017A,2184,3.3394514413064407
25,011,0051,1144,2501100511144,31,1.505149978319906
25,011,0051,1159,2501100511159,25,1.414973347970818
25,011,0051,2034,2501100512034,57,1.7634279935629373
25,011,0051,2087,2501100512087,177,2.250420002308894
25,011,0051,2496,2501100512496,6,0.8450980400142568
25,011,0052,1303,2501100521303,1403,3.1473671077937864
25,011,0052,1479,2501100521479,1118,3.04883008652835
25,011,0052,1977,2501100521977,67,1.8325089127062364
25,011,0052,2091,2501100522091,325,2.513217600067939
25,011,0052,2335,2501100522335,13,1.146128035678238
25,011,0064,1318,2501100641318,1989,3.298853076409707
25,011,0064,1322,2501100641322,1966,3.2938043599193367
25,011,0064,1638,2501100641638,44,1.6532125137753437
25,011,0064,1962,2501100641962,43,1.6434526764861874
25,011,0064,2621,2501100642621,0,0.0
25,011,0065,1290,2501100651290,2724,3.4353665066126613
25,011,0065,1820,2501100651820,10,1.0413926851582251
25,011,0070,2053,2501100702053,1122,3.050379756261458
25,011,0070,2068,2501100702068,1861,3.269979676645324
25,011,0093,0593,2501100930593,811,2.9095560292411755
25,011,0093,0822,2501100930822,1366,3.1357685145678222
25,011,0093,0837,2501100930837,1282,3.1082266563749283
25,011,0093,1642,2501100931642,2,0.47712125471966244
25,011,0093,1835,2501100931835,0,0.0
25,011,0093,1981,2501100931981,0,0.0
25,011,0102,0610,2501101020610,2364,3.3738311450738303
25,011,0102,1708,2501101021708,85,1.9344984512435677
25,011,0102,184A,250110102184A,91,1.9637878273455553
25,011,0102,1943,2501101021943,9,1.0
25,011,0102,2104,2501101022104,39,1.6020599913279623
25,011,0102,2636,2501101022636,8,0.9542425094393249
25,011,0102,2759,2501101022759,29,1.4771212547196624
25,011,0102,2763,2501101022763,0,0.0
25,011,0132,0678,2501101320678,2058,3.3136563466180315
25,011,0132,0682,2501101320682,2115,3.325515663363148
25,011,0132,0697,2501101320697,3290,3.5173278822943734
25,011,0132,0786,2501101320786,5046,3.703033304733686
25,011,0132,0818,2501101320818,2920,3.46553155697355
25,011,0132,088A,250110132088A,2739,3.437750562820388
25,011,0132,1214,2501101321214,13,1.146128035678238
25,011,0132,1430,2501101321430,1694,3.229169702539101
25,011,0132,1445,2501101321445,1560,3.1934029030624176
25,011,0132,1500,2501101321500,5,0.7781512503836436
25,011,0132,1515,2501101321515,41,1.6232492903979006
25,011,0132,152A,250110132152A,0,0.0
25,011,0132,1534,2501101321534,177,2.250420002308894
25,011,0132,1657,2501101321657,458,2.661812685537261
25,011,0132,1854,2501101321854,0,0.0
25,011,0132,1869,2501101321869,860,2.935003151453655
25,011,0132,2049,2501101322049,316,2.5010592622177517
25,011,0132,2119,2501101322119,562,2.7505083948513462
25,011,0132,2123,2501101322123,445,2.649334858712142
25,011,0132,2320,2501101322320,645,2.8102325179950842
25,011,0132,2513,2501101322513,213,2.330413773349191
25,011,0132,2640,2501101322640,0,0.0
25,011,0132,2655,2501101322655,0,0.0
25,011,0138,0112,2501101380112,3161,3.49996186559619
25,011,0138,0127,2501101380127,5594,3.7478000908643687
25,011,0138,0146,2501101380146,4926,3.692582562274909
25,011,0138,145A,250110138145A,2152,3.3330440298234874
25,011,0138,1464,2501101381464,3651,3.562530768862261
25,011,0138,1549,2501101381549,1025,3.0111473607757975
25,011,0138,1712,2501101381712,450,2.6541765418779604
25,011,0138,1727,2501101381727,170,2.2329961103921536
25,011,0138,1873,2501101381873,50,1.7075701760979363
25,011,0138,1958,2501101381958,72,1.863322860120456
25,011,0138,2138,2501101382138,508,2.7067177823367587
25,011,0138,2142,2501101382142,146,2.167317334748176
25,011,0138,2157,2501101382157,96,1.9867717342662448
25,011,0138,2161,2501101382161,260,2.416640507338281
25,011,0138,2176,2501101382176,0,0.0
25,011,0138,2528,2501101382528,0,0.0
25,011,0138,2532,2501101382532,18,1.2787536009528289
25,011,0138,2617,2501101382617,0,0.0
25,011,0138,2689,2501101382689,142,2.155336037465062
25,011,0161,0235,2501101610235,1363,3.13481437032046
25,011,0161,0790,2501101610790,1385,3.141763230275788
25,011,0161,1252,2501101611252,49,1.6989700043360187
25,011,0161,1267,2501101611267,77,1.8920946026904804
25,011,0161,2782,2501101612782,0,0.0
25,011,0175,1233,2501101751233,1524,3.1832698436828046
25,011,0175,1248,2501101751248,1324,3.1222158782728267
25,011,0175,1731,2501101751731,0,0.0
25,011,0269,0860,2501102690860,1268,3.103461622094705
25,011,0269,0875,2501102690875,1758,3.245265839457461
25,011,0269,1750,2501102691750,3,0.6020599913279624
25,011,0282,0841,2501102820841,1990,3.2990712600274095
25,011,0282,0856,2501102820856,1891,3.276921132065774
25,011,0282,1661,2501102821661,37,1.5797835966168101
25,011,0282,1888,2501102821888,19,1.3010299956639813
25,011,0282,2180,2501102822180,85,1.9344984512435677
25,011,0282,2602,2501102822602,1,0.3010299956639812
25,011,0283,1337,2501102831337,2488,3.3960248966085933
25,011,0283,1341,2501102831341,2104,3.323252100171687
25,011,0283,1676,2501102831676,49,1.6989700043360187
25,011,0283,1892,2501102831892,141,2.1522883443830563
25,011,0283,2706,2501102832706,1,0.3010299956639812
25,011,0364,0998,2501103640998,2684,3.428944290035574
25,012,0001,0035,2501200010035,3839,3.584331224367531
25,012,0001,004A,250120001004A,2584,3.412460547429961
25,012,0001,0054,2501200010054,2410,3.382197210377454
25,012,0001,0069,2501200010069,3622,3.559068334034537
25,012,0001,0073,2501200010073,1728,3.2377949932739227
25,012,0001,0088,2501200010088,2490,3.3963737275365067
25,012,0001,0092,2501200010092,2989,3.4756711883244296
25,012,0001,0105,2501200010105,2160,3.3346547668832414
25,012,0001,011A,250120001011A,2511,3.4000196350651586
25,012,0001,0124,2501200010124,1160,3.064832219738574
25,012,0001,0139,2501200010139,1417,3.151676230847048
25,012,0001,0162,2501200010162,2168,3.336259552014193
25,012,0001,0177,2501200010177,1913,3.281941933440825
25,012,0001,0181,2501200010181,2057,3.313445370426414
25,012,0001,0196,2501200010196,3997,3.601842789782098
25,012,0001,0228,2501200010228,3733,3.5721743136130595
25,012,0001,0232,2501200010232,2158,3.334252642334231
25,012,0001,0247,2501200010247,1997,3.3005954838899636
25,012,0001,0251,2501200010251,2858,3.456214155357989
25,012,0001,0266,2501200010266,1886,3.2757719001649312
25,012,0001,029A,250120001029A,1776,3.2496874278053016
25,012,0001,0302,2501200010302,2490,3.3963737275365067
25,012,0001,0317,2501200010317,4082,3.610979379922997
25,012,0001,0321,2501200010321,2990,3.475816413031318
25,012,0001,0336,2501200010336,4484,3.651762447380111
25,012,0001,0340,2501200010340,4265,3.63002085111341
25,012,0001,0355,2501200010355,2393,3.379124146070392
25,012,0001,036A,250120001036A,2828,3.4516329474569907
25,012,0001,0374,2501200010374,2984,3.4749443354653877
25,012,0001,0389,2501200010389,1571,3.196452541703389
25,012,0001,0393,2501200010393,1118,3.04883008652835
25,012,0001,0406,2501200010406,1386,3.1420764610732848
25,012,0001,0425,2501200010425,2118,3.3261309567107946
25,012,0001,043A,250120001043A,0,0.0
25,012,0001,0745,2501200010745,3578,3.553761698390004
25,012,0001,075A,250120001075A,2522,3.4019172505175748
25,012,0001,0849,2501200010849,7,0.9030899869919435
25,012,0001,0891,2501200010891,1730,3.238297067875394
25,012,0001,0904,2501200010904,1457,3.163757523981956
25,012,0001,0919,2501200010919,1799,3.255272505103306
25,012,0001,0938,2501200010938,2925,3.466274321789292
25,012,0001,0976,2501200010976,2577,3.4112829130173843
25,012,0001,1067,2501200011067,1804,3.256477206241677
25,012,0001,1245,2501200011245,1560,3.1934029030624176
25,012,0001,1300,2501200011300,908,2.9585638832219674
25,012,0001,1353,2501200011353,643,2.808885867359812
25,012,0001,1391,2501200011391,2298,3.361538971269279
25,012,0001,1404,2501200011404,1541,3.188084373714938
25,012,0001,1457,2501200011457,1968,3.2942457161381182
25,012,0001,1461,2501200011461,1939,3.287801729930226
25,012,0001,1480,2501200011480,2189,3.3404441148401185
25,012,0001,1495,2501200011495,2425,3.3848907965305544
25,012,0001,1508,2501200011508,2462,3.3914644118391033
25,012,0001,1512,2501200011512,2016,3.3047058982127653
25,012,0001,1527,2501200011527,2811,3.4490153163477864
25,012,0001,1531,2501200011531,3503,3.544564097496043
25,012,0001,1546,2501200011546,1898,3.2785249647370174
25,012,0001,1550,2501200011550,1725,3.237040791379191
25,012,0001,1565,2501200011565,2228,3.3481100684802376
25,012,0001,1584,2501200011584,2034,3.3085644135612386
25,012,0001,1599,2501200011599,2009,3.303196057420489
25,012,0001,1601,2501200011601,2055,3.313023110323238
25,012,0001,1616,2501200011616,2943,3.4689378056654614
25,012,0001,1620,2501200011620,1568,3.1956229435869368
25,012,0001,1635,2501200011635,1485,3.1720188094245563
25,012,0001,164A,250120001164A,3610,3.5576274884268266
25,012,0001,1654,2501200011654,2044,3.3106933123433606
25,012,0001,1669,2501200011669,2619,3.4183012913197452
25,012,0001,1673,2501200011673,5982,3.7769190028420465
25,012,0001,1688,2501200011688,2344,3.370142847051102
25,012,0001,1692,2501200011692,3660,3.563599728881531
25,012,0001,1705,2501200011705,2026,3.3068537486930087
25,012,0001,171A,250120001171A,2087,3.3197304943302246
25,012,0001,1724,2501200011724,2137,3.330007700872759
25,012,0001,1739,2501200011739,2686,3.4292676664331685
25,012,0001,1743,2501200011743,1610,3.207095540419218
25,012,0001,1758,2501200011758,2075,3.31722734917642
25,012,0001,1762,2501200011762,3170,3.501196242027089
25,012,0001,1777,2501200011777,2372,3.375297738217339
25,012,0001,1781,2501200011781,3308,3.519696767159853
25,012,0001,1796,2501200011796,1789,3.2528530309798933
25,012,0001,1809,2501200011809,2133,3.329194415088451
25,012,0001,1813,2501200011813,2029,3.307496037913213
25,012,0001,1828,2501200011828,1844,3.265996370495079
25,012,0001,1832,2501200011832,1021,3.009450895798694
25,012,0001,1851,2501200011851,3602,3.5566642621225686
25,012,0001,1866,2501200011866,2872,3.4583356259919475
25,012,0001,1870,2501200011870,2070,3.3161800988934527
25,012,0001,1885,2501200011885,2266,3.3554515201265174
25,012,0001,189A,250120001189A,1612,3.2076343673889616
25,012,0001,1902,2501200011902,2410,3.382197210377454
25,012,0001,1917,2501200011917,1622,3.210318519826232
25,012,0001,1921,2501200011921,2368,3.374565060722765
25,012,0001,1936,2501200011936,2825,3.45117215751254
25,012,0001,1940,2501200011940,803,2.905256048748451
25,012,0001,1955,2501200011955,2055,3.313023110323238
25,012,0001,1989,2501200011989,1578,3.1983821300082944
25,012,0001,1993,2501200011993,2379,3.376576957056512
25,012,0001,2012,2501200012012,884,2.9469432706978256
25,012,0001,2027,2501200012027,1061,3.0261245167454502
25,012,0001,2031,2501200012031,4034,3.6058435390580894
25,012,0001,2046,2501200012046,2569,3.4099331233312946
25,012,0001,2050,2501200012050,2513,3.400365273349939
25,012,0001,2065,2501200012065,1871,3.2723058444020863
25,012,0001,2084,2501200012084,2577,3.4112829130173843
25,012,0001,2099,2501200012099,594,2.7745169657285498
25,012,0001,2101,2501200012101,889,2.949390006644913
25,012,0001,2135,2501200012135,2490,3.3963737275365067
25,012,0001,214A,250120001214A,2678,3.427972713608209
25,012,0001,2154,2501200012154,1204,3.080987046910887
25,012,0001,2169,2501200012169,1214,3.084576277934331
25,012,0001,2173,2501200012173,1162,3.0655797147284485
25,012,0001,2188,2501200012188,832,2.9206450014067875
25,012,0001,2192,2501200012192,185,2.2695129442179165
25,012,0001,2205,2501200012205,2955,3.470704429722788
25,012,0001,221A,250120001221A,2958,3.471144965160633
25,012,0001,2224,2501200012224,1355,3.1322596895310446
25,012,0001,2239,2501200012239,286,2.4578818967339924
25,012,0001,2258,2501200012258,233,2.369215857410143
25,012,0001,2262,2501200012262,894,2.951823035315912
25,012,0001,2277,2501200012277,224,2.3521825181113627
25,012,0001,2281,2501200012281,1364,3.1351326513767748
25,012,0001,2296,2501200012296,305,2.48572142648158
25,012,0001,2309,2501200012309,365,2.5634810853944106
25,012,0001,2313,2501200012313,77,1.8920946026904804
25,012,0001,2328,2501200012328,1233,3.091315159697223
25,012,0001,2332,2501200012332,1596,3.203304916138483
25,012,0001,2347,2501200012347,2372,3.375297738217339
25,012,0001,2351,2501200012351,1764,3.2467447097238415
25,012,0001,239A,250120001239A,144,2.161368002234975
25,012,0001,2417,2501200012417,1419,3.1522883443830563
25,012,0001,2421,2501200012421,2016,3.3047058982127653
25,012,0001,2436,2501200012436,4285,3.63205216670581
25,012,0001,2440,2501200012440,235,2.3729120029701067
25,012,0001,2506,2501200012506,1589,3.2013971243204513
25,012,0001,2510,2501200012510,2583,3.4122925093230463
25,012,0001,253A,250120001253A,1709,3.2329961103921536
25,012,0001,2544,2501200012544,3067,3.4868553552769432
25,012,0001,2559,2501200012559,4132,3.616265405281708
25,012,0001,2563,2501200012563,808,2.9079485216122722
25,012,0001,2578,2501200012578,32,1.5185139398778875
25,012,0001,2582,2501200012582,222,2.3483048630481607
25,012,0001,2597,2501200012597,1693,3.228913405994688
25,012,0001,260A,250120001260A,134,2.130333768495006
25,012,0001,2629,2501200012629,0,0.0
25,012,0001,2633,2501200012633,1668,3.222456336679247
25,012,0001,2648,2501200012648,2146,3.331832044436249
25,012,0001,2652,2501200012652,62,1.7993405494535817
25,012,0001,2667,2501200012667,1040,3.017450729510536
25,012,0001,2671,2501200012671,26,1.4313637641589874
25,012,0001,2686,2501200012686,1315,3.1192558892779365
25,012,0001,2690,2501200012690,85,1.9344984512435677
25,012,0001,2703,2501200012703,1383,3.141136090120739
25,012,0001,2718,2501200012718,2327,3.3669829759778507
25,012,0001,2722,2501200012722,4049,3.6074550232146687
25,012,0001,2737,2501200012737,1270,3.104145550554008
25,012,0001,2807,2501200012807,777,2.890979596989689
25,012,0001,2811,2501200012811,1386,3.1420764610732848
25,012,0001,2830,2501200012830,3209,3.506505032404872
25,012,0001,2845,2501200012845,4690,3.6712654329471586
25,012,0001,285A,250120001285A,3023,3.480581786829169
25,012,0001,2864,2501200012864,1705,3.231979026831504
25,012,0001,2879,2501200012879,2114,3.325310371711061
25,012,0001,2883,2501200012883,3823,3.5825178836040625
25,012,0001,2898,2501200012898,3651,3.562530768862261
25,012,0001,2900,2501200012900,2805,3.448087666692341
25,012,0001,292A,250120001292A,2937,3.4680517914542377
25,012,0001,2934,2501200012934,1765,3.24699069924155
25,012,0001,2949,2501200012949,4121,3.615107987443194
25,012,0001,2953,2501200012953,2193,3.3412366232386925
25,012,0001,2968,2501200012968,1009,3.0043213737826426
25,012,0001,2972,2501200012972,3176,3.5020172148271476
25,012,0001,2987,2501200012987,2833,3.4523998459114416
25,012,0001,2991,2501200012991,1864,3.2706788361447066
25,012,0001,3025,2501200013025,1522,3.1826999033360424
25,012,0001,303A,250120001303A,1767,3.2474822606770544
25,012,0001,3044,2501200013044,79,1.9030899869919435
25,012,0001,3059,2501200013059,333,2.5237464668115646
25,012,0001,3063,2501200013063,648,2.812244696800369
25,012,0001,3078,2501200013078,0,0.0
25,012,0001,3082,2501200013082,4,0.6989700043360189
25,012,0001,3097,2501200013097,39,1.6020599913279623
25,012,0001,310A,250120001310A,2283,3.3586960995738107
25,012,0001,3114,2501200013114,1888,3.2762319579218335
25,012,0001,3129,2501200013129,1482,3.1711411510283822
25,012,0001,3133,2501200013133,4562,3.659250468772661
25,012,0001,3148,2501200013148,2914,3.464638559095033
25,012,0001,3152,2501200013152,64,1.8129133566428555
25,012,0001,3171,2501200013171,647,2.8115750058705933
25,012,0001,3186,2501200013186,512,2.7101173651118162
25,012,0001,3190,2501200013190,330,2.519827993775719
25,012,0001,3218,2501200013218,3419,3.534026106056135
25,012,0001,3222,2501200013222,629,2.7993405494535817
25,012,0001,3275,2501200013275,1987,3.2984163800612945
25,012,0001,328A,250120001328A,2592,3.4138025167693513
25,012,0001,3294,2501200013294,919,2.963787827345555
25,012,0001,3307,2501200013307,2398,3.380030247967831
25,012,0001,3311,2501200013311,2117,3.325925955771466
25,012,0001,3326,2501200013326,12,1.1139433523068367
25,012,0001,3345,2501200013345,22,1.3617278360175928
25,012,0001,335A,250120001335A,1996,3.3003780648707024
25,012,0001,3364,2501200013364,8,0.9542425094393249
25,012,0001,3379,2501200013379,1552,3.1911714557285586
25,012,0001,3383,2501200013383,29,1.4771212547196624
25,012,0001,3398,2501200013398,2,0.47712125471966244
25,012,0001,3415,2501200013415,2476,3.3939260065858368
25,012,0001,342A,250120001342A,3640,3.561220678933944
25,012,0001,3449,2501200013449,2947,3.469527479187014
25,012,0001,3453,2501200013453,1588,3.2011238972073794
25,012,0001,3487,2501200013487,117,2.0718820073061255
25,012,0001,3491,2501200013491,1009,3.0043213737826426
25,012,0001,3504,2501200013504,455,2.658964842664435
25,012,0001,3519,2501200013519,20,1.3222192947339193
25,012,0001,3523,2501200013523,655,2.8169038393756605
25,012,0001,3538,2501200013538,2224,3.3473300153169503
25,012,0001,3542,2501200013542,1385,3.141763230275788
25,012,0001,3557,2501200013557,36,1.568201724066995
25,012,0001,3561,2501200013561,2052,3.312388949370592
25,012,0001,3576,2501200013576,193,2.287801729930226
25,012,0001,3580,2501200013580,1507,3.178401341533755
25,012,0001,3595,2501200013595,291,2.4653828514484184
25,012,0001,3608,2501200013608,67,1.8325089127062364
25,012,0001,3612,2501200013612,61,1.792391689498254
25,012,0001,3627,2501200013627,1199,3.0791812460476247
25,012,0001,3631,2501200013631,2141,3.330819466495837
25,012,0001,3646,2501200013646,245,2.3909351071033793
25,012,0001,3650,2501200013650,168,2.2278867046136734
25,012,0001,3665,2501200013665,226,2.3560258571931225
25,012,0001,367A,250120001367A,1,0.3010299956639812
25,012,0001,3684,2501200013684,775,2.8898617212581885
25,012,0001,3699,2501200013699,3,0.6020599913279624
25,012,0001,3701,2501200013701,606,2.7831886910752575
25,012,0001,3716,2501200013716,517,2.714329759745233
25,012,0001,3720,2501200013720,764,2.8836614351536176
25,012,0001,3735,2501200013735,471,2.673941998634088
25,012,0001,374A,250120001374A,132,2.123851640967086
25,012,0001,3754,2501200013754,15,1.2041199826559248
25,012,0001,3769,2501200013769,0,0.0
25,012,0001,3773,2501200013773,130,2.1172712956557644
25,012,0001,3788,2501200013788,0,0.0
25,012,0001,3792,2501200013792,1858,3.2692793897718984
25,012,0001,3805,2501200013805,0,0.0
25,012,0001,381A,250120001381A,0,0.0
25,012,0001,3824,2501200013824,38,1.591064607026499
25,012,0001,3839,2501200013839,8,0.9542425094393249
25,012,0001,3843,2501200013843,12,1.1139433523068367
25,012,0001,3858,2501200013858,574,2.7596678446896306
25,012,0001,3862,2501200013862,163,2.214843848047698
25,012,0001,3877,2501200013877,293,2.4683473304121573
25,012,0001,3881,2501200013881,58,1.7708520116421442
25,012,0001,3896,2501200013896,134,2.130333768495006
25,012,0001,3909,2501200013909,4,0.6989700043360189
25,012,0001,3913,2501200013913,0,0.0
25,012,0001,3928,2501200013928,3,0.6020599913279624
25,012,0001,3932,2501200013932,0,0.0
25,012,0001,3966,2501200013966,119,2.0791812460476247
25,012,0001,3970,2501200013970,263,2.4216039268698313
25,012,0001,3985,2501200013985,1331,3.1245042248342823
25,012,0001,399A,250120001399A,331,2.5211380837040362
25,012,0001,4004,2501200014004,50,1.7075701760979363
25,012,0001,4019,2501200014019,6,0.8450980400142568
25,012,0001,4023,2501200014023,0,0.0
25,012,0001,4038,2501200014038,122,2.089905111439398
25,012,0001,4042,2501200014042,159,2.2041199826559246
25,012,0001,4057,2501200014057,125,2.100370545117563
25,012,0001,4076,2501200014076,651,2.81424759573192
25,012,0001,4080,2501200014080,4,0.6989700043360189
25,012,0001,4095,2501200014095,6,0.8450980400142568
25,012,0001,4127,2501200014127,370,2.569373909615046
25,012,0001,4131,2501200014131,0,0.0
25,012,0001,4146,2501200014146,0,0.0
25,012,0001,4150,2501200014150,132,2.123851640967086
25,012,0001,4165,2501200014165,808,2.9079485216122722
25,012,0001,4201,2501200014201,217,2.3384564936046046
25,012,0001,4216,2501200014216,130,2.1172712956557644
25,012,0001,4220,2501200014220,765,2.884228769632604
25,012,0001,424A,250120001424A,56,1.7558748556724915
25,012,0001,4254,2501200014254,213,2.330413773349191
25,012,0001,4269,2501200014269,548,2.739572344450092
25,012,0001,4273,2501200014273,3738,3.5727554651542195
25,012,0001,4288,2501200014288,1854,3.268343913951065
25,012,0001,4292,2501200014292,574,2.7596678446896306
25,012,0001,4305,2501200014305,2078,3.317854489331469
25,012,0001,431A,250120001431A,1005,3.0025979807199086
25,012,0001,4339,2501200014339,353,2.5490032620257876
25,012,0001,4343,2501200014343,731,2.864511081058392
25,012,0001,5820,2501200015820,184,2.2671717284030137
25,012,0162,1211,2501201621211,2613,3.4173055832445254
25,012,0304,125A,250120304125A,1043,3.0187004986662433
25,012,0304,1264,2501203041264,1160,3.064832219738574
25,012,0304,2366,2501203042366,38,1.591064607026499
25,012,0304,2370,2501203042370,15,1.2041199826559248
25,012,0304,2455,2501203042455,0,0.0
25,012,0304,246A,250120304246A,58,1.7708520116421442
25,012,0348,0459,2501203480459,2617,3.417969642214737
25,012,0348,1052,2501203481052,2330,3.3675422735205767
25,012,0348,1279,2501203481279,879,2.9444826721501687
25,012,0348,1283,2501203481283,1452,3.1622656142980214
25,012,0348,1298,2501203481298,3200,3.5052856741441323
25,012,0348,1423,2501203481423,1189,3.0755469613925306
25,012,0348,1847,2501203481847,2024,3.3064250275506875
25,012,0348,2489,2501203482489,0,0.0
25,012,0348,2756,2501203482756,34,1.5440680443502757
25,012,0348,2760,2501203482760,559,2.7481880270062002
25,012,0348,2775,2501203482775,1981,3.2971036501492565
25,012,0348,278A,250120348278A,9,1.0
25,012,0348,2794,2501203482794,40,1.6127838567197355
25,012,0348,3237,2501203483237,256,2.4099331233312946
25,012,0348,3241,2501203483241,69,1.845098040014257
25,012,0348,3256,2501203483256,89,1.954242509439325
25,012,0348,4108,2501203484108,0,0.0
25,012,0348,4112,2501203484112,0,0.0
25,012,0348,417A,250120348417A,58,1.7708520116421442
25,012,0348,4184,2501203484184,1,0.3010299956639812
25,012,0348,4199,2501203484199,0,0.0
25,012,0348,4235,2501203484235,24,1.3979400086720377
25,012,0348,4324,2501203484324,123,2.093421685162235
25,012,0761,1438,2501207611438,1072,3.030599721965951
25,012,0761,1442,2501207611442,1457,3.163757523981956
25,012,0761,2116,2501207612116,694,2.8419848045901137
25,012,0761,2493,2501207612493,2,0.47712125471966244
25,012,0761,2826,2501207612826,325,2.513217600067939
25,012,1257,3006,2501212573006,2442,3.3879234669734366
25,012,1257,3010,2501212573010,3422,3.534406899137877
25,012,1257,3434,2501212573434,2746,3.438858659420562
25,012,1257,3468,2501212573468,462,2.6655809910179533
25,012,1257,3472,2501212573472,68,1.8388490907372552
25,012,1257,3947,2501212573947,0,0.0
25,012,1257,3951,2501212573951,0,0.0
25,013,0001,0013,2501300010013,1693,3.228913405994688
25,013,0001,0386,2501300010386,1475,3.1690863574870227
25,013,0001,0390,2501300010390,1828,3.262213705476417
25,013,0001,0691,2501300010691,135,2.1335389083702174
25,013,0001,0704,2501300010704,236,2.374748346010104
25,013,0001,0719,2501300010719,119,2.0791812460476247
25,013,0001,0723,2501300010723,38,1.591064607026499
25,013,0001,0776,2501300010776,38,1.591064607026499
25,013,0001,0808,2501300010808,23,1.380211241711606
25,013,0001,0812,2501300010812,62,1.7993405494535817
25,013,0001,0831,2501300010831,279,2.4471580313422194
25,013,0235,0634,2501302350634,1364,3.1351326513767748
25,013,0235,0649,2501302350649,1309,3.1172712956557644
25,013,0235,0653,2501302350653,656,2.8175653695597807
25,013,0235,0668,2501302350668,766,2.884795363948981
25,013,0235,0687,2501302350687,55,1.7481880270062005
25,013,0235,0742,2501302350742,1017,3.00774777800074
25,013,0235,0757,2501302350757,1006,3.003029470553618
25,013,0235,0761,2501302350761,35,1.5563025007672873
25,013,0235,0795,2501302350795,36,1.568201724066995
25,013,0235,0827,2501302350827,0,0.0
25,014,0001,0025,2501400010025,1951,3.290479813330673
25,014,0001,003A,250140001003A,2654,3.4240645254174877
25,014,0001,0523,2501400010523,627,2.797959643737196
25,014,0001,0538,2501400010538,3372,3.5280163411892014
25,014,0001,0608,2501400010608,2528,3.4029488293444046
25,014,0001,0631,2501400010631,1363,3.13481437032046
25,014,0001,0650,2501400010650,248,2.3961993470957363
25,014,0001,0665,2501400010665,80,1.9084850188786497
25,014,0001,067A,250140001067A,0,0.0
25,014,0001,0684,2501400010684,200,2.303196057420489
25,014,0001,0699,2501400010699,349,2.5440680443502757
25,014,0001,0701,2501400010701,847,2.9283958522567137
25,014,0001,0716,2501400010716,288,2.4608978427565478
25,014,0001,0735,2501400010735,645,2.8102325179950842
25,014,0001,074A,250140001074A,1474,3.1687920203141817
25,014,0001,0754,2501400010754,1,0.3010299956639812
25,014,0001,0769,2501400010769,48,1.6901960800285136
25,014,0001,0773,2501400010773,21,1.3424226808222062
25,014,0001,0788,2501400010788,17,1.255272505103306
25,014,0001,0792,2501400010792,321,2.507855871695831
25,014,0001,081A,250140001081A,58,1.7708520116421442
25,014,0001,0824,2501400010824,5,0.7781512503836436
25,014,0001,0843,2501400010843,0,0.0
25,014,0001,0858,2501400010858,0,0.0
25,014,0388,0557,2501403880557,771,2.887617300335736
25,014,0388,0612,2501403880612,1656,3.219322508419337
25,014,0388,0627,2501403880627,1780,3.2506639194632436
25,014,0388,0720,2501403880720,14,1.1760912590556813
25,014,0388,0805,2501403880805,120,2.0827853703164503
25,015,0001,0018,2501500010018,1032,3.0141003215196207
25,015,0001,0022,2501500010022,591,2.77232170672292
25,015,0001,0037,2501500010037,493,2.693726948923647
25,015,0001,0041,2501500010041,979,2.9912260756924947
25,015,0001,0056,2501500010056,1315,3.1192558892779365
25,015,0001,0060,2501500010060,1395,3.144885418287142
25,015,0001,0075,2501500010075,862,2.9360107957152097
25,015,0001,008A,250150001008A,920,2.964259630196849
25,015,0001,0094,2501500010094,592,2.7730546933642626
25,015,0001,0107,2501500010107,744,2.8721562727482928
25,015,0001,0111,2501500010111,723,2.859738566197147
25,015,0001,0130,2501500010130,351,2.546542663478131
25,015,0001,0145,2501500010145,483,2.6848453616444123
25,015,0001,015A,250150001015A,345,2.5390760987927767
25,015,0001,0164,2501500010164,437,2.6414741105040997
25,015,0001,0179,2501500010179,1705,3.231979026831504
25,015,0001,0183,2501500010183,709,2.8512583487190755
25,015,0001,0198,2501500010198,501,2.7007037171450192
25,015,0001,0200,2501500010200,625,2.7965743332104296
25,015,0001,0215,2501500010215,335,2.526339277389844
25,015,0001,022A,250150001022A,454,2.6580113966571126
25,015,0001,0234,2501500010234,747,2.8739015978644615
25,015,0001,0249,2501500010249,1030,3.0132586652835167
25,015,0001,0253,2501500010253,422,2.6263403673750423
25,015,0001,0268,2501500010268,1713,3.2340108175871793
25,015,0001,0380,2501500010380,1140,3.0572856444182146
25,015,0001,0395,2501500010395,1683,3.226342087163631
25,015,0001,0408,2501500010408,564,2.7520484478194387
25,015,0001,0412,2501500010412,2962,3.471731651480051
25,015,0001,0427,2501500010427,1747,3.2425414282983844
25,015,0001,0431,2501500010431,1494,3.1746411926604483
25,015,0001,0446,2501500010446,1109,3.0453229787866576
25,015,0001,0450,2501500010450,1336,3.1261314072619846
25,015,0001,047A,250150001047A,787,2.8965262174895554
25,015,0001,0520,2501500010520,1080,3.03382569395331
25,015,0001,0535,2501500010535,1304,3.1156105116742996
25,015,0001,0658,2501500010658,41,1.6232492903979006
25,015,0001,0677,2501500010677,1849,3.2671717284030137
25,015,0001,0681,2501500010681,1481,3.170848203643309
25,015,0001,0696,2501500010696,1580,3.198931869932209
25,015,0001,0709,2501500010709,1362,3.1344958558346736
25,015,0001,0713,2501500010713,1905,3.2801228963023075
25,015,0001,0728,2501500010728,570,2.756636108245848
25,015,0001,0732,2501500010732,1234,3.0916669575956846
25,015,0001,0747,2501500010747,1579,3.1986570869544226
25,015,0001,0751,2501500010751,1060,3.025715383901341
25,015,0001,0766,2501500010766,1450,3.161667412437736
25,015,0001,0770,2501500010770,569,2.7558748556724915
25,015,0001,079A,250150001079A,88,1.9493900066449128
25,015,0001,0802,2501500010802,615,2.7895807121644256
25,015,0001,0821,2501500010821,8,0.9542425094393249
25,015,0001,0840,2501500010840,686,2.8369567370595505
25,015,0001,0855,2501500010855,427,2.6314437690131722
25,015,0001,086A,250150001086A,396,2.598790506763115
25,015,0001,0906,2501500010906,47,1.6812412373755872
25,015,0001,0910,2501500010910,53,1.7323937598229686
25,015,0001,0925,2501500010925,0,0.0
25,015,0001,093A,250150001093A,266,2.4265112613645754
25,015,0001,0944,2501500010944,95,1.9822712330395684
25,015,0001,0959,2501500010959,10,1.0413926851582251
25,015,0001,0963,2501500010963,7,0.9030899869919435
25,015,0001,0978,2501500010978,743,2.8715729355458786
25,015,0001,0982,2501500010982,640,2.8068580295188172
25,015,0001,0997,2501500010997,351,2.546542663478131
25,015,0001,1001,2501500011001,2782,3.444513206334043
25,015,0001,1016,2501500011016,203,2.3096301674258988
25,015,0001,1020,2501500011020,364,2.5622928644564746
25,015,0001,1035,2501500011035,100,2.0043213737826426
25,015,0001,104A,250150001104A,159,2.2041199826559246
25,015,0001,1054,2501500011054,4,0.6989700043360189
25,015,0001,1069,2501500011069,24,1.3979400086720377
25,015,0001,1073,2501500011073,720,2.857935264719429
25,015,0001,1088,2501500011088,0,0.0
25,015,0001,1092,2501500011092,980,2.9916690073799486
25,015,0001,1105,2501500011105,21,1.3424226808222062
25,015,0001,111A,250150001111A,33,1.5314789170422551
25,015,0001,1124,2501500011124,8,0.9542425094393249
25,015,0001,1139,2501500011139,0,0.0
25,015,0001,1143,2501500011143,506,2.705007959333336
25,015,0001,1158,2501500011158,1670,3.2229764498933915
25,015,0001,1177,2501500011177,0,0.0
25,015,0001,1181,2501500011181,20,1.3222192947339193
25,015,0001,1196,2501500011196,25,1.414973347970818
25,015,0001,1209,2501500011209,6,0.8450980400142568
25,015,0001,1213,2501500011213,16,1.2304489213782739
25,015,0001,1228,2501500011228,10,1.0413926851582251
25,015,0001,1232,2501500011232,0,0.0
25,015,0001,1247,2501500011247,86,1.9395192526186185
25,015,0001,1251,2501500011251,91,1.9637878273455553
25,015,0001,1266,2501500011266,0,0.0
25,015,0001,1270,2501500011270,8,0.9542425094393249
25,015,0001,1285,2501500011285,62,1.7993405494535817
25,015,0001,129A,250150001129A,9,1.0
25,015,0001,1302,2501500011302,33,1.5314789170422551
25,015,0001,1317,2501500011317,6,0.8450980400142568
25,015,0001,1321,2501500011321,14,1.1760912590556813
25,015,0001,1336,2501500011336,0,0.0
25,015,0001,1374,2501500011374,1036,3.015778756389041
25,015,0001,1389,2501500011389,0,0.0
25,015,0001,1393,2501500011393,8,0.9542425094393249
25,015,0001,1406,2501500011406,8,0.9542425094393249
25,015,0001,1410,2501500011410,3,0.6020599913279624
25,015,0001,1425,2501500011425,133,2.1271047983648077
25,015,0001,143A,250150001143A,1447,3.1607685618611283
25,015,0001,1444,2501500011444,799,2.9030899869919438
25,015,0040,0499,2501500400499,2269,3.3560258571931225
25,015,0040,0501,2501500400501,1206,3.081707270097349
25,015,0040,0516,2501500400516,1629,3.2121876044039577
25,015,0040,0836,2501500400836,93,1.9731278535996986
25,015,0040,0874,2501500400874,0,0.0
25,015,0040,0893,2501500400893,12,1.1139433523068367
25,015,0040,1355,2501500401355,0,0.0
25,015,0040,136A,250150040136A,7,0.9030899869919435
25,016,0001,0941,2501600010941,649,2.8129133566428557
25,016,0001,098A,250160001098A,1333,3.12515582958053
25,016,0001,1070,2501600011070,45,1.662757831681574
25,016,0001,1085,2501600011085,682,2.8344207036815328
25,016,0001,109A,250160001109A,46,1.6720978579357175
25,016,0001,1121,2501600011121,454,2.6580113966571126
25,016,0001,1136,2501600011136,1525,3.1835545336188615
25,016,0001,1210,2501600011210,41,1.6232492903979006
25,016,0001,1225,2501600011225,16,1.2304489213782739
25,016,0001,123A,250160001123A,12,1.1139433523068367
25,016,0001,1244,2501600011244,2,0.47712125471966244
25,016,0001,1263,2501600011263,5,0.7781512503836436
25,016,0066,0994,2501600660994,740,2.869818207979328
25,016,0066,1009,2501600661009,764,2.8836614351536176
25,016,0066,1013,2501600661013,1194,3.0773679052841563
25,016,0066,1032,2501600661032,492,2.69284691927723
25,016,0066,1051,2501600661051,57,1.7634279935629373
25,016,0066,1066,2501600661066,85,1.9344984512435677
25,016,0066,1102,2501600661102,16,1.2304489213782739
25,016,0066,1117,2501600661117,66,1.8260748027008264
25,016,0066,1140,2501600661140,59,1.7781512503836436
25,016,0066,1155,2501600661155,42,1.6334684555795864
25,016,0066,116A,250160066116A,46,1.6720978579357175
25,016,0066,1174,2501600661174,31,1.505149978319906
25,016,0066,1189,2501600661189,32,1.5185139398778875
25,016,0066,1193,2501600661193,7,0.9030899869919435
25,016,0066,1206,2501600661206,13,1.146128035678238
25,016,0066,1259,2501600661259,6,0.8450980400142568
25,017,0001,0012,2501700010012,849,2.929418925714293
25,017,0001,1186,2501700011186,1107,3.044539760392411
25,017,0001,1237,2501700011237,1730,3.238297067875394
25,017,0001,1241,2501700011241,200,2.303196057420489
25,017,0001,1256,2501700011256,121,2.0863598306747484
25,017,0001,1275,2501700011275,24,1.3979400086720377
25,017,0001,128A,250170001128A,42,1.6334684555795864
25,017,0001,1311,2501700011311,35,1.5563025007672873
25,017,0001,1326,2501700011326,137,2.1398790864012365
25,017,0001,1345,2501700011345,4,0.6989700043360189
25,017,0001,1364,2501700011364,191,2.2833012287035497
25,017,0001,1379,2501700011379,12,1.1139433523068367
25,017,0001,1383,2501700011383,842,2.9258275746247424
25,017,0001,1398,2501700011398,3,0.6020599913279624
25,017,0001,1400,2501700011400,227,2.357934847000454
25,017,0495,1190,2501704951190,1199,3.0791812460476247
25,017,0495,1203,2501704951203,1113,3.04688519083771
25,017,0495,1218,2501704951218,1723,3.236537261488694
25,017,0495,1222,2501704951222,1375,3.1386184338994925
25,017,0495,1294,2501704951294,277,2.444044795918076
25,017,0495,1307,2501704951307,333,2.5237464668115646
25,017,0495,135A,250170495135A,20,1.3222192947339193
25,017,0588,1063,2501705881063,1409,3.1492191126553797
25,017,0588,1082,2501705881082,1554,3.1917303933628562
25,017,0588,1330,2501705881330,43,1.6434526764861874
25,017,0588,1415,2501705881415,32,1.5185139398778875
25,017,0595,1078,2501705951078,1128,3.052693941924968
25,017,0595,1097,2501705951097,1045,3.0195316845312554
25,018,0001,0359,2501800010359,1800,3.2555137128195333
25,018,0001,0363,2501800010363,2397,3.37984917876283
25,018,0001,0772,2501800010772,2249,3.3521825181113627
25,018,0001,0791,2501800010791,1339,3.1271047983648077
25,018,0001,0804,2501800010804,2450,3.389343311252078
25,018,0001,0819,2501800010819,2081,3.3184807251745174
25,018,0001,0823,2501800010823,1790,3.2530955858490316
25,018,0001,0838,2501800010838,2267,3.355643050220869
25,018,0001,0842,2501800010842,2709,3.432969290874406
25,018,0001,0861,2501800010861,1248,3.0965624383741357
25,018,0001,0912,2501800010912,288,2.4608978427565478
25,018,0001,0950,2501800010950,2088,3.3199384399803087
25,018,0001,0965,2501800010965,0,0.0
25,018,0001,108A,250180001108A,224,2.3521825181113627
25,018,0001,1094,2501800011094,1260,3.1007150865730817
25,018,0001,1107,2501800011107,2567,3.4095950193968156
25,018,0001,1111,2501800011111,2444,3.388278863459639
25,018,0001,1130,2501800011130,266,2.4265112613645754
25,018,0001,1145,2501800011145,448,2.6522463410033232
25,018,0001,1198,2501800011198,628,2.798650645445269
25,018,0001,1291,2501800011291,77,1.8920946026904804
25,018,0001,1338,2501800011338,136,2.1367205671564067
25,018,0001,1484,2501800011484,33,1.5314789170422551
25,018,0001,161A,250180001161A,7,0.9030899869919435
25,018,0041,0698,2501800410698,2784,3.4448251995097476
25,018,0041,154A,250180041154A,0,0.0
25,018,0041,1554,2501800411554,19,1.3010299956639813
25,018,0041,1569,2501800411569,8,0.9542425094393249
25,018,0065,033A,250180065033A,178,2.2528530309798933
25,018,0065,0749,2501800650749,536,2.7299742856995555
25,018,0065,0753,2501800650753,385,2.586587304671755
25,018,0065,0768,2501800650768,581,2.7649229846498886
25,018,0065,0857,2501800650857,550,2.741151598851785
25,018,0065,0880,2501800650880,22,1.3617278360175928
25,018,0065,0984,2501800650984,15,1.2041199826559248
25,018,0065,1268,2501800651268,296,2.4727564493172123
25,018,0065,1516,2501800651516,0,0.0
25,018,0091,0058,2501800910058,2418,3.3836358683618797
25,018,0091,0306,2501800910306,2393,3.379124146070392
25,018,0091,040A,250180091040A,2766,3.442009159140952
25,018,0091,0927,2501800910927,1154,3.062581984228163
25,018,0091,0931,2501800910931,398,2.6009728956867484
25,018,0091,0999,2501800910999,0,0.0
25,018,0091,1003,2501800911003,385,2.586587304671755
25,018,0091,1164,2501800911164,1120,3.049605612594973
25,018,0091,1234,2501800911234,109,2.041392685158225
25,018,0091,1287,2501800911287,81,1.9138138523837167
25,018,0091,1323,2501800911323,139,2.146128035678238
25,018,0091,1395,2501800911395,15,1.2041199826559248
25,018,0162,0626,2501801620626,2863,3.456973013635818
25,018,0355,0700,2501803550700,1678,3.225050696138049
25,018,0355,0715,2501803550715,1638,3.214578953570499
25,018,0355,0908,2501803550908,277,2.444044795918076
25,018,0355,1022,2501803551022,13,1.146128035678238
25,018,0355,1037,2501803551037,12,1.1139433523068367
25,018,0355,1041,2501803551041,21,1.3424226808222062
25,018,0355,1056,2501803551056,137,2.1398790864012365
25,018,0355,1060,2501803551060,93,1.9731278535996986
25,018,0355,1253,2501803551253,215,2.3344537511509307
25,018,0355,1342,2501803551342,2,0.47712125471966244
25,018,0355,1357,2501803551357,37,1.5797835966168101
25,018,0355,1499,2501803551499,0,0.0
25,018,0355,1501,2501803551501,0,0.0
25,018,0374,0310,2501803740310,4287,3.6322547766847135
25,018,0374,0378,2501803740378,5245,3.7198282862543346
25,018,0374,0382,2501803740382,3207,3.506234359612126
25,018,0374,0645,2501803740645,1280,3.1075491297446862
25,018,0374,065A,250180374065A,359,2.5563025007672873
25,018,0374,0664,2501803740664,726,2.8615344108590377
25,018,0374,0679,2501803740679,3294,3.517855418930029
25,018,0374,0734,2501803740734,294,2.469822015978163
25,018,0374,0946,2501803740946,1221,3.0870712059065353
25,018,0374,1075,2501803741075,2812,3.449169732165201
25,018,0374,1200,2501803741200,346,2.5403294747908736
25,018,0374,1215,2501803741215,2429,3.385606273598312
25,018,0374,122A,250180374122A,3961,3.5979144712025284
25,018,0374,1272,2501803741272,225,2.3541084391474008
25,018,0374,1304,2501803741304,866,2.9380190974762104
25,018,0374,1319,2501803741319,615,2.7895807121644256
25,018,0374,1361,2501803741361,426,2.630427875025024
25,018,0374,1376,2501803741376,49,1.6989700043360187
25,018,0374,1380,2501803741380,302,2.481442628502305
25,018,0374,1408,2501803741408,0,0.0
25,018,0374,1412,2501803741412,274,2.439332693830263
25,018,0374,1427,2501803741427,390,2.5921767573958667
25,018,0374,1431,2501803741431,5,0.7781512503836436
25,018,0374,1446,2501803741446,88,1.9493900066449128
25,018,0374,1450,2501803741450,165,2.220108088040055
25,018,0374,1465,2501803741465,63,1.806179973983887
25,018,0374,147A,250180374147A,284,2.45484486000851
25,018,0374,1588,2501803741588,9,1.0
25,018,0374,1592,2501803741592,73,1.8692317197309762
25,018,0374,1605,2501803741605,126,2.103803720955957
25,018,0374,1624,2501803741624,75,1.8808135922807914
