ENTIDAD,MUN,LOC,AGEB,CVEGEO,POBTOT,log_POBTOT
26,001,0001,0055,2600100010055,764,2.8836614351536176
26,001,0001,006A,260010001006A,658,2.8188854145940097
26,001,0001,0074,2600100010074,49,1.6989700043360187
26,001,0001,0110,2600100010110,82,1.919078092376074
26,001,0001,0125,2600100010125,8,0.9542425094393249
26,001,0001,013A,260010001013A,72,1.863322860120456
26,001,0001,0144,2600100010144,12,1.1139433523068367
26,001,0001,0159,2600100010159,5,0.7781512503836436
26,001,0001,0163,2600100010163,0,0.0
26,001,0001,0178,2600100010178,0,0.0
26,001,0001,0182,2600100010182,0,0.0
26,002,0001,0512,2600200010512,1176,3.0707764628434346
26,002,0001,0527,2600200010527,260,2.416640507338281
26,002,0001,0531,2600200010531,829,2.9190780923760737
26,002,0001,0546,2600200010546,788,2.89707700320942
26,002,0001,0550,2600200010550,729,2.863322860120456
26,002,0001,0565,2600200010565,856,2.932980821923198
26,002,0001,057A,260020001057A,1041,3.0178677189635055
26,002,0001,0584,2600200010584,569,2.7558748556724915
26,002,0001,0599,2600200010599,1555,3.1920095926536702
26,002,0001,0601,2600200010601,1755,3.244524511570084
26,002,0001,0616,2600200010616,1222,3.0874264570362855
26,002,0001,0620,2600200010620,1016,3.0073209529227447
26,002,0001,0635,2600200010635,846,2.9278834103307068
26,002,0001,064A,260020001064A,753,2.877371345869774
26,002,0001,0654,2600200010654,1469,3.167317334748176
26,002,0001,0669,2600200010669,1016,3.0073209529227447
26,002,0001,0673,2600200010673,838,2.9237619608287004
26,002,0001,0688,2600200010688,1593,3.2024883170600935
26,002,0001,0692,2600200010692,676,2.8305886686851442
26,002,0001,0705,2600200010705,620,2.79309160017658
26,002,0001,071A,260020001071A,281,2.450249108319361
26,002,0001,0724,2600200010724,585,2.767897616018091
26,002,0001,0739,2600200010739,1059,3.0253058652647704
26,002,0001,0743,2600200010743,786,2.8959747323590648
26,002,0001,0762,2600200010762,412,2.615950051656401
26,002,0001,0777,2600200010777,504,2.7032913781186614
26,002,0001,0781,2600200010781,343,2.53655844257153
26,002,0001,0796,2600200010796,499,2.6989700043360187
26,002,0001,0809,2600200010809,488,2.6893088591236203
26,002,0001,0813,2600200010813,344,2.537819095073274
26,002,0001,0828,2600200010828,516,2.7134905430939424
26,002,0001,0832,2600200010832,185,2.2695129442179165
26,002,0001,0851,2600200010851,1389,3.143014800254095
26,002,0001,0866,2600200010866,533,2.727541257028556
26,002,0001,0870,2600200010870,433,2.637489729512511
26,002,0001,0885,2600200010885,303,2.482873583608754
26,002,0001,089A,260020001089A,1200,3.079543007402906
26,002,0001,0921,2600200010921,926,2.967079734144497
26,002,0001,1262,2600200011262,829,2.9190780923760737
26,002,0001,1281,2600200011281,1097,3.040602340114073
26,002,0001,1296,2600200011296,1834,3.263636068588108
26,002,0001,1309,2600200011309,1463,3.165541076722373
26,002,0001,1313,2600200011313,1640,3.215108581053093
26,002,0001,1328,2600200011328,1581,3.1992064791616577
26,002,0001,1347,2600200011347,450,2.6541765418779604
26,002,0001,1351,2600200011351,823,2.9159272116971158
26,002,0001,1366,2600200011366,458,2.661812685537261
26,002,0001,1370,2600200011370,801,2.9041743682841634
26,002,0001,1385,2600200011385,841,2.9253120914996495
26,002,0001,139A,260020001139A,799,2.9030899869919438
26,002,0001,1402,2600200011402,589,2.7708520116421442
26,002,0001,1417,2600200011417,716,2.8555191556678
26,002,0001,1421,2600200011421,903,2.9561684304753633
26,002,0001,1455,2600200011455,2301,3.362105319293773
26,002,0001,146A,260020001146A,638,2.8055008581584002
26,002,0001,1474,2600200011474,58,1.7708520116421442
26,002,0001,1489,2600200011489,0,0.0
26,002,0001,1493,2600200011493,26,1.4313637641589874
26,002,0001,1506,2600200011506,318,2.503790683057181
26,002,0001,1510,2600200011510,92,1.968482948553935
26,002,0001,1525,2600200011525,320,2.506505032404872
26,002,0001,153A,260020001153A,186,2.271841606536499
26,002,0001,1544,2600200011544,126,2.103803720955957
26,002,0001,1559,2600200011559,14,1.1760912590556813
26,002,0001,1563,2600200011563,420,2.6242820958356683
26,002,0001,1578,2600200011578,215,2.3344537511509307
26,002,0001,1582,2600200011582,121,2.0863598306747484
26,002,0001,1597,2600200011597,125,2.100370545117563
26,002,0001,160A,260020001160A,62,1.7993405494535817
26,002,0001,1614,2600200011614,170,2.2329961103921536
26,002,0001,1629,2600200011629,1134,3.0549958615291417
26,002,0001,1633,2600200011633,958,2.9818186071706636
26,002,0001,1648,2600200011648,535,2.72916478969277
26,002,0001,1652,2600200011652,744,2.8721562727482928
26,002,0001,1667,2600200011667,7,0.9030899869919435
26,002,0001,1671,2600200011671,26,1.4313637641589874
26,002,0001,1686,2600200011686,19,1.3010299956639813
26,002,0001,1690,2600200011690,384,2.5854607295085006
26,002,0001,1703,2600200011703,1130,3.053462604925455
26,002,0001,1718,2600200011718,255,2.4082399653118496
26,002,0001,1722,2600200011722,344,2.537819095073274
26,002,0001,1737,2600200011737,374,2.574031267727719
26,002,0001,1741,2600200011741,575,2.760422483423212
26,002,0001,1756,2600200011756,410,2.6138418218760693
26,002,0001,1760,2600200011760,481,2.6830470382388496
26,002,0001,1775,2600200011775,3188,3.5036545192429593
26,002,0001,178A,260020001178A,1817,3.2595938788859486
26,002,0001,1794,2600200011794,161,2.2095150145426308
26,002,0001,1807,2600200011807,628,2.798650645445269
26,002,0001,1811,2600200011811,685,2.8363241157067516
26,002,0001,1826,2600200011826,833,2.921166050637739
26,002,0001,1830,2600200011830,655,2.8169038393756605
26,002,0001,1845,2600200011845,6,0.8450980400142568
26,002,0001,185A,260020001185A,15,1.2041199826559248
26,002,0001,1864,2600200011864,0,0.0
26,002,0001,1879,2600200011879,518,2.7151673578484576
26,002,0001,1883,2600200011883,878,2.9439888750737717
26,002,0001,1898,2600200011898,1175,3.0704073217401198
26,002,0001,1900,2600200011900,1478,3.1699681739968923
26,002,0001,1915,2600200011915,680,2.833147111912785
26,002,0001,192A,260020001192A,1150,3.0610753236297916
26,002,0001,1934,2600200011934,1636,3.2140486794119414
26,002,0001,1949,2600200011949,101,2.0086001717619175
26,002,0001,1953,2600200011953,613,2.788168371141168
26,002,0001,1968,2600200011968,4,0.6989700043360189
26,002,0001,1972,2600200011972,105,2.0253058652647704
26,002,0001,1987,2600200011987,5,0.7781512503836436
26,002,0001,1991,2600200011991,129,2.113943352306837
26,002,0001,2006,2600200012006,72,1.863322860120456
26,002,0001,2010,2600200012010,224,2.3521825181113627
26,002,0001,2025,2600200012025,46,1.6720978579357175
26,002,0001,203A,260020001203A,0,0.0
26,002,0001,2044,2600200012044,37,1.5797835966168101
26,002,0001,2059,2600200012059,26,1.4313637641589874
26,002,0001,2063,2600200012063,32,1.5185139398778875
26,002,0001,2078,2600200012078,66,1.8260748027008264
26,002,0001,2082,2600200012082,66,1.8260748027008264
26,002,0001,2097,2600200012097,132,2.123851640967086
26,002,0001,210A,260020001210A,42,1.6334684555795864
26,002,0001,2114,2600200012114,153,2.187520720836463
26,002,0001,2129,2600200012129,37,1.5797835966168101
26,002,0001,2133,2600200012133,120,2.0827853703164503
26,002,0001,2148,2600200012148,271,2.4345689040341987
26,002,0001,2152,2600200012152,30,1.4913616938342726
26,002,0001,2167,2600200012167,12,1.1139433523068367
26,002,0001,2171,2600200012171,19,1.3010299956639813
26,002,0001,2186,2600200012186,10,1.0413926851582251
26,002,0001,2190,2600200012190,28,1.462397997898956
26,002,0001,2203,2600200012203,468,2.6711728427150834
26,002,0001,2218,2600200012218,195,2.292256071356476
26,002,0001,2222,2600200012222,534,2.7283537820212285
26,002,0001,2237,2600200012237,573,2.7589118923979736
26,002,0001,2241,2600200012241,1231,3.090610707828407
26,002,0001,2256,2600200012256,2409,3.3820170425748683
26,002,0001,2260,2600200012260,966,2.9854264740830017
26,002,0001,2275,2600200012275,54,1.7403626894942439
26,002,0001,228A,260020001228A,195,2.292256071356476
26,002,0001,2294,2600200012294,33,1.5314789170422551
26,002,0001,2307,2600200012307,48,1.6901960800285136
26,002,0001,2311,2600200012311,0,0.0
26,002,0001,2326,2600200012326,51,1.7160033436347992
26,002,0001,2330,2600200012330,17,1.255272505103306
26,002,0001,2345,2600200012345,0,0.0
26,002,0001,235A,260020001235A,256,2.4099331233312946
26,002,0001,2364,2600200012364,3,0.6020599913279624
26,002,0001,2379,2600200012379,2,0.47712125471966244
26,002,0001,2383,2600200012383,834,2.921686475483602
26,002,0001,2398,2600200012398,738,2.8686444383948255
26,002,0001,2400,2600200012400,159,2.2041199826559246
26,002,0001,2415,2600200012415,17,1.255272505103306
26,002,0001,242A,260020001242A,547,2.738780558484369
26,002,0001,2434,2600200012434,1008,3.0038911662369103
26,002,0001,2449,2600200012449,0,0.0
26,002,0001,2453,2600200012453,33,1.5314789170422551
26,002,0001,2468,2600200012468,0,0.0
26,002,0001,2472,2600200012472,2518,3.401228167498113
26,002,0001,2487,2600200012487,1623,3.2105860249051563
26,002,0001,2491,2600200012491,238,2.3783979009481375
26,002,0001,2504,2600200012504,265,2.424881636631067
26,002,0001,2519,2600200012519,40,1.6127838567197355
26,002,0001,2523,2600200012523,1,0.3010299956639812
26,002,0001,2538,2600200012538,35,1.5563025007672873
26,002,0001,2542,2600200012542,46,1.6720978579357175
26,002,0001,2557,2600200012557,13,1.146128035678238
26,002,0001,2561,2600200012561,10,1.0413926851582251
26,002,0001,2576,2600200012576,6,0.8450980400142568
26,002,0001,2580,2600200012580,0,0.0
26,002,0001,2595,2600200012595,29,1.4771212547196624
26,002,0001,2608,2600200012608,0,0.0
26,002,0001,2612,2600200012612,0,0.0
26,002,0001,2627,2600200012627,10,1.0413926851582251
26,002,0001,2631,2600200012631,23,1.380211241711606
26,002,0001,2646,2600200012646,7,0.9030899869919435
26,002,0001,2650,2600200012650,2,0.47712125471966244
26,002,0001,2665,2600200012665,25,1.414973347970818
26,002,0001,267A,260020001267A,2,0.47712125471966244
26,002,0001,2684,2600200012684,0,0.0
26,002,0001,2699,2600200012699,37,1.5797835966168101
26,002,0001,2701,2600200012701,60,1.7853298350107671
26,003,0001,0702,2600300010702,2150,3.3326404103874627
26,003,0001,0717,2600300010717,1629,3.2121876044039577
26,003,0001,0721,2600300010721,1048,3.020775488193558
26,003,0001,0736,2600300010736,1173,3.0696680969115957
26,003,0001,1310,2600300011310,1372,3.137670537236755
26,003,0001,1325,2600300011325,261,2.4183012913197452
26,003,0001,133A,260030001133A,202,2.307496037913213
26,003,0001,1344,2600300011344,2766,3.442009159140952
26,003,0001,1359,2600300011359,140,2.1492191126553797
26,003,0001,1363,2600300011363,98,1.99563519459755
26,003,0001,1378,2600300011378,34,1.5440680443502757
26,003,0001,1382,2600300011382,29,1.4771212547196624
26,003,0001,1397,2600300011397,42,1.6334684555795864
26,003,0001,140A,260030001140A,17,1.255272505103306
26,004,0001,0536,2600400010536,2003,3.301897717195208
26,004,0001,0540,2600400010540,1566,3.1950689964685903
26,004,0001,0555,2600400010555,1174,3.070037866607755
26,004,0001,056A,260040001056A,895,2.9523080096621253
26,004,0001,0983,2600400010983,273,2.437750562820388
26,004,0001,0998,2600400010998,25,1.414973347970818
26,004,0001,1002,2600400011002,16,1.2304489213782739
26,004,0001,1017,2600400011017,951,2.9786369483844743
26,004,0001,1021,2600400011021,205,2.3138672203691533
26,004,0001,1036,2600400011036,74,1.8750612633917
26,004,0001,1040,2600400011040,0,0.0
26,004,0001,1055,2600400011055,69,1.845098040014257
26,004,0001,106A,260040001106A,312,2.4955443375464483
26,004,0001,1074,2600400011074,27,1.4471580313422192
26,004,0001,1089,2600400011089,346,2.5403294747908736
26,004,0001,1093,2600400011093,117,2.0718820073061255
26,004,0001,1106,2600400011106,20,1.3222192947339193
26,004,0001,1110,2600400011110,18,1.2787536009528289
26,004,0001,1125,2600400011125,11,1.0791812460476249
26,004,0001,113A,260040001113A,99,2.0
26,004,0001,1144,2600400011144,13,1.146128035678238
26,004,0001,1159,2600400011159,0,0.0
26,004,0001,1163,2600400011163,50,1.7075701760979363
26,004,0001,1178,2600400011178,2,0.47712125471966244
26,004,0001,1182,2600400011182,98,1.99563519459755
26,004,0001,1197,2600400011197,7,0.9030899869919435
26,004,0001,120A,260040001120A,2,0.47712125471966244
26,004,0001,1214,2600400011214,19,1.3010299956639813
26,004,0001,1229,2600400011229,39,1.6020599913279623
26,004,0001,1233,2600400011233,8,0.9542425094393249
26,004,0001,1248,2600400011248,0,0.0
26,005,0001,0143,2600500010143,347,2.5415792439465807
26,005,0001,0158,2600500010158,243,2.387389826338729
26,005,0001,0162,2600500010162,0,0.0
26,005,0001,0177,2600500010177,0,0.0
26,005,0001,0181,2600500010181,45,1.662757831681574
26,006,0001,0333,2600600010333,594,2.7745169657285498
26,006,0001,0348,2600600010348,334,2.525044807036845
26,006,0001,0352,2600600010352,148,2.173186268412274
26,006,0001,0598,2600600010598,340,2.5327543789924976
26,006,0001,0600,2600600010600,21,1.3424226808222062
26,006,0001,0615,2600600010615,17,1.255272505103306
26,006,0001,062A,260060001062A,61,1.792391689498254
26,006,0001,0634,2600600010634,25,1.414973347970818
26,006,0001,0649,2600600010649,6,0.8450980400142568
26,006,0001,0653,2600600010653,7,0.9030899869919435
26,006,0001,0668,2600600010668,28,1.462397997898956
26,006,0001,0672,2600600010672,5,0.7781512503836436
26,006,0001,0687,2600600010687,62,1.7993405494535817
26,006,0001,0691,2600600010691,11,1.0791812460476249
26,006,0001,0704,2600600010704,3,0.6020599913279624
26,006,0001,0719,2600600010719,4,0.6989700043360189
26,007,0001,0044,2600700010044,612,2.787460474518415
26,008,0001,0183,2600800010183,411,2.6148972160331345
26,008,0001,0198,2600800010198,452,2.656098202012832
26,008,0001,0234,2600800010234,12,1.1139433523068367
26,008,0001,0249,2600800010249,3,0.6020599913279624
26,008,0001,0253,2600800010253,8,0.9542425094393249
26,008,0001,0268,2600800010268,0,0.0
26,008,0001,0272,2600800010272,0,0.0
26,008,0001,0291,2600800010291,25,1.414973347970818
26,008,0001,0304,2600800010304,63,1.806179973983887
26,008,0001,0319,2600800010319,0,0.0
26,008,0001,0323,2600800010323,0,0.0
26,008,0001,0342,2600800010342,5,0.7781512503836436
26,008,0001,0357,2600800010357,0,0.0
26,008,0001,0361,2600800010361,0,0.0
26,009,0001,0138,2600900010138,484,2.6857417386022635
26,009,0001,0265,2600900010265,5,0.7781512503836436
26,009,0001,027A,260090001027A,9,1.0
26,010,0001,0285,2601000010285,448,2.6522463410033232
26,010,0001,029A,260100001029A,437,2.6414741105040997
26,010,0001,0302,2601000010302,4,0.6989700043360189
26,010,0001,0317,2601000010317,10,1.0413926851582251
26,010,0001,0321,2601000010321,91,1.9637878273455553
26,010,0001,0336,2601000010336,29,1.4771212547196624
26,011,0001,0140,2601100010140,303,2.482873583608754
26,011,0001,0155,2601100010155,426,2.630427875025024
26,011,0001,0263,2601100010263,22,1.3617278360175928
26,011,0001,0278,2601100010278,11,1.0791812460476249
26,011,0001,0282,2601100010282,2,0.47712125471966244
26,011,0001,0297,2601100010297,107,2.03342375548695
26,011,0001,030A,260110001030A,16,1.2304489213782739
26,011,0001,0314,2601100010314,58,1.7708520116421442
26,011,0001,0329,2601100010329,34,1.5440680443502757
26,011,0001,0333,2601100010333,0,0.0
26,011,0001,0348,2601100010348,0,0.0
26,011,0001,0352,2601100010352,30,1.4913616938342726
26,011,0001,0367,2601100010367,27,1.4471580313422192
26,011,0001,0371,2601100010371,0,0.0
26,012,0001,0190,2601200010190,1459,3.164352855784437
26,012,0001,0203,2601200010203,2173,3.3372595397502756
26,012,0001,0345,2601200010345,219,2.342422680822206
26,012,0001,035A,260120001035A,33,1.5314789170422551
26,012,0001,0379,2601200010379,82,1.919078092376074
26,012,0001,0383,2601200010383,19,1.3010299956639813
26,012,0001,0453,2601200010453,0,0.0
26,012,0001,0468,2601200010468,3,0.6020599913279624
26,012,0001,0519,2601200010519,141,2.1522883443830563
26,012,0001,0523,2601200010523,3,0.6020599913279624
26,012,0001,0576,2601200010576,194,2.290034611362518
26,012,0082,0152,2601200820152,934,2.9708116108725178
26,012,0082,0167,2601200820167,877,2.9434945159061026
26,012,0082,0186,2601200820186,2163,3.3352572564345317
26,012,0082,0260,2601200820260,149,2.1760912590556813
26,012,0082,028A,260120082028A,1141,3.0576661039098294
26,012,0082,0294,2601200820294,388,2.5899496013257077
26,012,0082,0434,2601200820434,399,2.6020599913279625
26,012,0082,0472,2601200820472,59,1.7781512503836436
26,012,0082,0487,2601200820487,83,1.9242792860618816
26,012,0082,0491,2601200820491,5,0.7781512503836436
26,012,0082,0538,2601200820538,138,2.143014800254095
26,012,0082,0595,2601200820595,2,0.47712125471966244
26,012,0093,0275,2601200930275,0,0.0
26,012,0093,0311,2601200930311,1441,3.15896526038341
26,012,0093,0326,2601200930326,1407,3.1486026548060932
26,012,0093,0364,2601200930364,6,0.8450980400142568
26,012,0093,0398,2601200930398,554,2.7442929831226763
26,012,0093,0400,2601200930400,116,2.0681858617461617
26,012,0093,0415,2601200930415,197,2.296665190261531
26,012,0093,042A,260120093042A,5,0.7781512503836436
26,012,0093,0449,2601200930449,334,2.525044807036845
26,012,0093,0542,2601200930542,137,2.1398790864012365
26,012,0093,0561,2601200930561,96,1.9867717342662448
26,012,0093,0580,2601200930580,19,1.3010299956639813
26,013,0001,0094,2601300010094,674,2.829303772831025
26,013,0001,0107,2601300010107,587,2.7693773260761385
26,013,0001,0183,2601300010183,147,2.1702617153949575
26,013,0001,0198,2601300010198,9,1.0
26,013,0001,0200,2601300010200,0,0.0
26,014,0001,0157,2601400010157,763,2.8830933585756897
26,014,0001,0161,2601400010161,586,2.7686381012476144
26,014,0001,0176,2601400010176,60,1.7853298350107671
26,014,0001,0180,2601400010180,77,1.8920946026904804
26,014,0001,0195,2601400010195,262,2.419955748489758
26,014,0001,0208,2601400010208,3,0.6020599913279624
26,014,0001,0212,2601400010212,0,0.0
26,014,0001,0227,2601400010227,5,0.7781512503836436
26,014,0001,0231,2601400010231,5,0.7781512503836436
26,015,0001,0436,2601500010436,287,2.459392487759231
26,015,0001,0440,2601500010440,334,2.525044807036845
26,015,0001,0455,2601500010455,0,0.0
26,015,0001,046A,260150001046A,37,1.5797835966168101
26,015,0001,0474,2601500010474,1,0.3010299956639812
26,015,0001,0489,2601500010489,4,0.6989700043360189
26,015,0001,0493,2601500010493,0,0.0
26,015,0001,0506,2601500010506,0,0.0
26,015,0001,0510,2601500010510,3,0.6020599913279624
26,015,0001,0525,2601500010525,8,0.9542425094393249
26,016,0001,0170,2601600010170,656,2.8175653695597807
26,016,0001,0185,2601600010185,672,2.828015064223977
26,016,0001,019A,260160001019A,851,2.9304395947667
26,016,0001,0202,2601600010202,809,2.90848501887865
26,016,0001,0221,2601600010221,275,2.4409090820652177
26,016,0001,0359,2601600010359,110,2.0453229787866576
26,016,0001,0363,2601600010363,36,1.568201724066995
26,016,0001,0378,2601600010378,187,2.27415784926368
26,016,0001,0382,2601600010382,421,2.625312450961674
26,016,0001,0397,2601600010397,804,2.9057958803678687
26,016,0001,040A,260160001040A,1,0.3010299956639812
26,016,0001,0414,2601600010414,15,1.2041199826559248
26,016,0001,0429,2601600010429,0,0.0
26,017,0001,1284,2601700011284,1855,3.268577971882843
26,017,0001,1299,2601700011299,1800,3.2555137128195333
26,017,0001,1320,2601700011320,1053,3.022840610876528
26,017,0001,1335,2601700011335,5,0.7781512503836436
26,017,0001,1369,2601700011369,1721,3.236033147117636
26,017,0001,1373,2601700011373,1263,3.1017470739463664
26,017,0001,1388,2601700011388,1183,3.073351702386901
26,017,0001,1405,2601700011405,1502,3.176958980586908
26,017,0001,141A,260170001141A,1416,3.1513698502474603
26,017,0001,1424,2601700011424,997,2.999130541287371
26,017,0001,1439,2601700011439,1823,3.2610248339923973
26,017,0001,1443,2601700011443,2001,3.3014640731433
26,017,0001,1458,2601700011458,2113,3.3251049829714074
26,017,0001,1462,2601700011462,2757,3.440594261839831
26,017,0001,1477,2601700011477,2491,3.396548037987132
26,017,0001,1481,2601700011481,1093,3.039017321997412
26,017,0001,1496,2601700011496,2635,3.420945405921972
26,017,0001,223A,260170001223A,2547,3.406199423663313
26,017,0001,2244,2601700012244,1840,3.2650537885040145
26,017,0001,2259,2601700012259,1504,3.1775364999298623
26,017,0001,2263,2601700012263,5,0.7781512503836436
26,017,0001,2278,2601700012278,419,2.6232492903979003
26,017,0001,2282,2601700012282,1596,3.203304916138483
26,017,0001,2297,2601700012297,1385,3.141763230275788
26,017,0001,2314,2601700012314,1471,3.16790781000148
26,017,0001,2329,2601700012329,1617,3.2089785172762535
26,017,0001,2333,2601700012333,2433,3.386320573894046
26,017,0001,2348,2601700012348,4051,3.607669436688243
26,017,0001,2352,2601700012352,1607,3.2062860444124324
26,017,0001,2367,2601700012367,1784,3.251638220448212
26,017,0001,2386,2601700012386,0,0.0
26,017,0001,2390,2601700012390,19,1.3010299956639813
26,017,0001,2403,2601700012403,102,2.012837224705172
26,017,0001,2418,2601700012418,26,1.4313637641589874
26,017,0001,2422,2601700012422,77,1.8920946026904804
26,017,0001,2437,2601700012437,60,1.7853298350107671
26,017,0001,2441,2601700012441,0,0.0
26,017,0001,2456,2601700012456,323,2.510545010206612
26,017,0001,2460,2601700012460,236,2.374748346010104
26,017,0001,2475,2601700012475,325,2.513217600067939
26,017,0001,2494,2601700012494,0,0.0
26,017,0001,2507,2601700012507,1173,3.0696680969115957
26,017,0001,2511,2601700012511,1158,3.064083435963596
26,017,0001,2526,2601700012526,1374,3.1383026981662816
26,017,0001,2530,2601700012530,710,2.851869600729766
26,017,0001,2545,2601700012545,223,2.3502480183341627
26,017,0001,255A,260170001255A,42,1.6334684555795864
26,017,0001,2564,2601700012564,4,0.6989700043360189
26,017,0001,2579,2601700012579,33,1.5314789170422551
26,017,0001,2583,2601700012583,60,1.7853298350107671
26,017,0001,2598,2601700012598,0,0.0
26,017,0001,2600,2601700012600,80,1.9084850188786497
26,017,0001,2615,2601700012615,7,0.9030899869919435
26,017,0001,262A,260170001262A,16,1.2304489213782739
26,017,0001,2634,2601700012634,45,1.662757831681574
26,017,0001,2649,2601700012649,19,1.3010299956639813
26,017,0001,2653,2601700012653,437,2.6414741105040997
26,017,0001,2672,2601700012672,652,2.814913181275074
26,017,0001,2723,2601700012723,11,1.0791812460476249
26,017,0001,2738,2601700012738,0,0.0
26,017,0001,2742,2601700012742,14,1.1760912590556813
26,017,0001,2757,2601700012757,2218,3.346157302232008
26,017,0001,2761,2601700012761,43,1.6434526764861874
26,017,0001,2850,2601700012850,8,0.9542425094393249
26,017,0001,2865,2601700012865,74,1.8750612633917
26,017,0001,287A,260170001287A,106,2.0293837776852097
26,017,0001,2884,2601700012884,11,1.0791812460476249
26,017,0001,2899,2601700012899,508,2.7067177823367587
26,017,0001,2916,2601700012916,561,2.749736315569061
26,017,0001,2920,2601700012920,253,2.404833716619938
26,017,0001,2935,2601700012935,130,2.1172712956557644
26,017,0001,294A,260170001294A,126,2.103803720955957
26,017,0001,2992,2601700012992,35,1.5563025007672873
26,017,0001,3007,2601700013007,0,0.0
26,017,0001,3011,2601700013011,2,0.47712125471966244
26,017,0001,3026,2601700013026,0,0.0
26,017,0001,3030,2601700013030,361,2.558708570533166
26,017,0001,3045,2601700013045,0,0.0
26,017,0001,305A,260170001305A,536,2.7299742856995555
26,017,0001,3064,2601700013064,214,2.3324384599156054
26,017,0001,3079,2601700013079,0,0.0
26,017,0001,3100,2601700013100,2013,3.3040594662175993
26,017,0001,3115,2601700013115,44,1.6532125137753437
26,017,0001,312A,260170001312A,80,1.9084850188786497
26,017,0001,3134,2601700013134,0,0.0
26,017,0001,3149,2601700013149,270,2.432969290874406
26,017,0001,3153,2601700013153,9,1.0
26,017,0001,3168,2601700013168,54,1.7403626894942439
26,017,0001,3172,2601700013172,55,1.7481880270062005
26,017,0001,3187,2601700013187,8,0.9542425094393249
26,017,0001,3191,2601700013191,72,1.863322860120456
26,017,0001,3204,2601700013204,0,0.0
26,017,0001,3219,2601700013219,1,0.3010299956639812
26,017,0001,3223,2601700013223,421,2.625312450961674
26,017,0001,3238,2601700013238,6,0.8450980400142568
26,017,0001,3242,2601700013242,0,0.0
26,017,0001,3257,2601700013257,2,0.47712125471966244
26,017,0001,3346,2601700013346,0,0.0
26,017,0001,3350,2601700013350,8,0.9542425094393249
26,017,0001,3365,2601700013365,0,0.0
26,017,0001,337A,260170001337A,0,0.0
26,017,0001,3399,2601700013399,915,2.9618954736678504
26,017,0001,3401,2601700013401,10,1.0413926851582251
26,017,0001,3416,2601700013416,522,2.718501688867274
26,017,0001,3420,2601700013420,37,1.5797835966168101
26,017,0001,3435,2601700013435,688,2.8382192219076257
26,017,0001,3454,2601700013454,10,1.0413926851582251
26,017,0246,2687,2601702462687,1432,3.1562461903973444
26,017,0246,2691,2601702462691,886,2.9479236198317262
26,017,0246,2704,2601702462704,1365,3.1354506993455136
26,017,0246,2776,2601702462776,138,2.143014800254095
26,017,0246,2780,2601702462780,43,1.6434526764861874
26,017,0246,2795,2601702462795,216,2.3364597338485296
26,017,0246,2808,2601702462808,51,1.7160033436347992
26,017,0246,2812,2601702462812,50,1.7075701760979363
26,017,0246,2827,2601702462827,85,1.9344984512435677
26,017,0246,2831,2601702462831,85,1.9344984512435677
26,017,0246,2846,2601702462846,32,1.5185139398778875
26,017,0246,2954,2601702462954,75,1.8808135922807914
26,017,0246,2969,2601702462969,28,1.462397997898956
26,017,0246,2973,2601702462973,39,1.6020599913279623
26,017,0246,2988,2601702462988,8,0.9542425094393249
26,017,0246,3083,2601702463083,213,2.330413773349191
26,017,0246,3098,2601702463098,206,2.315970345456918
26,017,0246,3261,2601702463261,88,1.9493900066449128
26,017,0246,3276,2601702463276,2,0.47712125471966244
26,017,0246,3280,2601702463280,18,1.2787536009528289
26,017,0246,3295,2601702463295,13,1.146128035678238
26,017,0246,3308,2601702463308,0,0.0
26,017,0246,3312,2601702463312,47,1.6812412373755872
26,017,0246,3327,2601702463327,0,0.0
26,017,0246,3331,2601702463331,3,0.6020599913279624
26,017,0246,344A,260170246344A,36,1.568201724066995
26,018,0001,0531,2601800010531,3371,3.527887565952705
26,018,0001,0546,2601800010546,1569,3.1958996524092336
26,018,0001,0550,2601800010550,1883,3.2750808984568587
26,018,0001,0565,2601800010565,1333,3.12515582958053
26,018,0001,057A,260180001057A,1094,3.0394141191761372
26,018,0001,0584,2601800010584,192,2.285557309007774
26,018,0001,0601,2601800010601,2081,3.3184807251745174
26,018,0001,0616,2601800010616,2601,3.4153072922255676
26,018,0001,0620,2601800010620,4108,3.6137361412618714
26,018,0001,0635,2601800010635,1071,3.030194785356751
26,018,0001,064A,260180001064A,1419,3.1522883443830563
26,018,0001,0654,2601800010654,1283,3.1085650237328344
26,018,0001,0669,2601800010669,629,2.7993405494535817
26,018,0001,0673,2601800010673,167,2.225309281725863
26,018,0001,0688,2601800010688,150,2.1789769472931693
26,018,0001,0692,2601800010692,412,2.615950051656401
26,018,0001,0705,2601800010705,808,2.9079485216122722
26,018,0001,071A,260180001071A,4090,3.6118294794983736
26,018,0001,0724,2601800010724,2065,3.315130317183602
26,018,0001,0739,2601800010739,1198,3.0788191830988487
26,018,0001,0743,2601800010743,958,2.9818186071706636
26,018,0001,0758,2601800010758,1325,3.1225435240687545
26,018,0001,0762,2601800010762,169,2.230448921378274
26,018,0001,0777,2601800010777,2741,3.438067450453494
26,018,0001,0781,2601800010781,3130,3.4956830676169153
26,018,0001,0796,2601800010796,3214,3.5071809772602407
26,018,0001,0809,2601800010809,3448,3.5376931943673906
26,018,0001,0813,2601800010813,2794,3.446381812222442
26,018,0001,0828,2601800010828,3667,3.5644293269979834
26,018,0001,0832,2601800010832,3266,3.514149134475437
26,018,0001,0936,2601800010936,1461,3.1649473726218416
26,018,0001,0955,2601800010955,1698,3.230193378869046
26,018,0001,096A,260180001096A,734,2.8662873390841948
26,018,0001,0989,2601800010989,2912,3.4643404846276673
26,018,0001,0993,2601800010993,2793,3.446226401778163
26,018,0001,1008,2601800011008,2761,3.4412236742426123
26,018,0001,1012,2601800011012,2109,3.3242824552976926
26,018,0001,1031,2601800011031,3092,3.490379920003179
26,018,0001,1046,2601800011046,1777,3.249931756634195
26,018,0001,1050,2601800011050,662,2.821513528404773
26,018,0001,1065,2601800011065,2269,3.3560258571931225
26,018,0001,1084,2601800011084,5148,3.7117228918272347
26,018,0001,1099,2601800011099,5,0.7781512503836436
26,018,0001,1101,2601800011101,2535,3.404149249209695
26,018,0001,1120,2601800011120,2429,3.385606273598312
26,018,0001,1135,2601800011135,2379,3.376576957056512
26,018,0001,114A,260180001114A,1848,3.266936911159173
26,018,0001,1188,2601800011188,2287,3.3594560201209864
26,018,0001,1192,2601800011192,1647,3.216957207361097
26,018,0001,1205,2601800011205,3357,3.5260806918020298
26,018,0001,1224,2601800011224,4220,3.625415352154408
26,018,0001,1239,2601800011239,4169,3.6201360549737576
26,018,0001,1243,2601800011243,3657,3.563243701140398
26,018,0001,1281,2601800011281,20830,4.318710118918341
26,018,0001,1366,2601800011366,1445,3.160168292958512
26,018,0001,1370,2601800011370,1921,3.2837533833325265
26,018,0001,1385,2601800011385,3748,3.5739154404215507
26,018,0001,139A,260180001139A,3340,3.523876475638131
26,018,0001,1402,2601800011402,6643,3.8224296237793567
26,018,0001,1417,2601800011417,3937,3.5952757118020995
26,018,0001,1421,2601800011421,4282,3.6317480743965693
26,018,0001,1436,2601800011436,3459,3.5390760987927767
26,018,0001,185A,260180001185A,2857,3.4560622244549513
26,018,0001,1864,2601800011864,2451,3.3895204658463776
26,018,0001,1879,2601800011879,2114,3.325310371711061
26,018,0001,1991,2601800011991,1838,3.2645817292380777
26,018,0001,2006,2601800012006,1313,3.118595365223762
26,018,0001,2010,2601800012010,2648,3.423081958297231
26,018,0001,2025,2601800012025,2901,3.4626974081017172
26,018,0001,203A,260180001203A,2313,3.3643633546157306
26,018,0001,2044,2601800012044,2223,3.34713478291002
26,018,0001,2059,2601800012059,2303,3.3624824747511743
26,018,0001,2063,2601800012063,1792,3.253580289562183
26,018,0001,2133,2601800012133,48,1.6901960800285136
26,018,0001,2148,2601800012148,1050,3.021602716028242
26,018,0001,2167,2601800012167,1919,3.2833012287035497
26,018,0001,2171,2601800012171,1465,3.166133970305109
26,018,0001,2186,2601800012186,2126,3.327767489902729
26,018,0001,2190,2601800012190,3953,3.5970366649776535
26,018,0001,2203,2601800012203,1033,3.0145205387579237
26,018,0001,2218,2601800012218,191,2.2833012287035497
26,018,0001,2222,2601800012222,1102,3.0425755124401905
26,018,0001,2311,2601800012311,369,2.568201724066995
26,018,0001,2379,2601800012379,494,2.694605198933569
26,018,0001,2383,2601800012383,2012,3.3038437748886547
26,018,0001,2398,2601800012398,728,2.8627275283179747
26,018,0001,2400,2601800012400,1306,3.116275587580544
26,018,0001,2415,2601800012415,90,1.9590413923210936
26,018,0001,242A,260180001242A,147,2.1702617153949575
26,018,0001,2434,2601800012434,251,2.401400540781544
26,018,0001,2449,2601800012449,2298,3.361538971269279
26,018,0001,2557,2601800012557,3,0.6020599913279624
26,018,0001,2561,2601800012561,288,2.4608978427565478
26,018,0001,2576,2601800012576,313,2.496929648073215
26,018,0001,2580,2601800012580,1075,3.0318122713303706
26,018,0001,2608,2601800012608,123,2.093421685162235
26,018,0001,2612,2601800012612,332,2.5224442335063197
26,018,0001,2627,2601800012627,260,2.416640507338281
26,018,0001,2631,2601800012631,1986,3.298197867109815
26,018,0001,2646,2601800012646,1741,3.241048150671644
26,018,0001,2735,2601800012735,39,1.6020599913279623
26,018,0001,274A,260180001274A,1514,3.180412632838324
26,018,0001,2754,2601800012754,1844,3.265996370495079
26,018,0001,2769,2601800012769,160,2.2068258760318495
26,018,0001,2773,2601800012773,0,0.0
26,018,0001,2788,2601800012788,2583,3.4122925093230463
26,018,0001,2792,2601800012792,1121,3.0499928569201424
26,018,0001,2805,2601800012805,5674,3.7539658658651605
26,018,0001,281A,260180001281A,209,2.322219294733919
26,018,0001,2824,2601800012824,4418,3.6453240015622934
26,018,0001,2839,2601800012839,246,2.392696953259666
26,018,0001,2843,2601800012843,1132,3.0542299098633974
26,018,0001,2858,2601800012858,685,2.8363241157067516
26,018,0001,2862,2601800012862,3,0.6020599913279624
26,018,0001,2877,2601800012877,1857,3.269045709657623
26,018,0001,2881,2601800012881,1518,3.1815577738627865
26,018,0001,2896,2601800012896,63,1.806179973983887
26,018,0001,2909,2601800012909,1357,3.132899769944483
26,018,0001,2913,2601800012913,1660,3.2203696324513946
26,018,0001,2932,2601800012932,2659,3.424881636631067
26,018,0001,2947,2601800012947,2744,3.4385423487861106
26,018,0001,2951,2601800012951,77,1.8920946026904804
26,018,0001,2966,2601800012966,2472,3.3932241163612975
26,018,0001,2970,2601800012970,4025,3.604873770552636
26,018,0001,2985,2601800012985,3118,3.4940153747571436
26,018,0001,299A,260180001299A,0,0.0
26,018,0001,3004,2601800013004,182,2.2624510897304293
26,018,0001,3019,2601800013019,90,1.9590413923210936
26,018,0001,3023,2601800013023,2375,3.375846436309156
26,018,0001,3038,2601800013038,3061,3.486005186362242
26,018,0001,3042,2601800013042,1639,3.214843848047698
26,018,0001,3057,2601800013057,2929,3.4668676203541096
26,018,0001,3061,2601800013061,14,1.1760912590556813
26,018,0001,317A,260180001317A,0,0.0
26,018,0001,3184,2601800013184,143,2.1583624920952498
26,018,0001,3199,2601800013199,220,2.3443922736851106
26,018,0001,3216,2601800013216,1168,3.0678145111618402
26,018,0001,3220,2601800013220,74,1.8750612633917
26,018,0001,324A,260180001324A,50,1.7075701760979363
26,018,0001,3254,2601800013254,1083,3.0350292822023683
26,018,0001,3273,2601800013273,98,1.99563519459755
26,018,0001,3288,2601800013288,286,2.4578818967339924
26,018,0001,3292,2601800013292,383,2.584331224367531
26,018,0001,3305,2601800013305,45,1.662757831681574
26,018,0001,331A,260180001331A,931,2.9694159123539814
26,018,0001,3324,2601800013324,4286,3.6321534835106326
26,018,0001,3339,2601800013339,383,2.584331224367531
26,018,0001,3343,2601800013343,290,2.4638929889859074
26,018,0001,3358,2601800013358,652,2.814913181275074
26,018,0001,3362,2601800013362,38,1.591064607026499
26,018,0001,3396,2601800013396,14,1.1760912590556813
26,018,0001,3409,2601800013409,90,1.9590413923210936
26,018,0001,3413,2601800013413,76,1.8864907251724818
26,018,0001,3428,2601800013428,6,0.8450980400142568
26,018,0001,3432,2601800013432,180,2.2576785748691846
26,018,0001,3447,2601800013447,1588,3.2011238972073794
26,018,0001,3451,2601800013451,1710,3.2332500095411003
26,018,0001,3466,2601800013466,210,2.3242824552976926
26,018,0001,3470,2601800013470,1284,3.1089031276673134
26,018,0001,3485,2601800013485,134,2.130333768495006
26,018,0001,349A,260180001349A,510,2.708420900134713
26,018,0001,3502,2601800013502,1770,3.248218561190075
26,018,0001,3517,2601800013517,1179,3.0718820073061255
26,018,0001,3521,2601800013521,2118,3.3261309567107946
26,018,0001,3536,2601800013536,421,2.625312450961674
26,018,0001,356A,260180001356A,121,2.0863598306747484
26,018,0001,3574,2601800013574,0,0.0
26,018,0001,3589,2601800013589,21,1.3424226808222062
26,018,0001,3593,2601800013593,0,0.0
26,018,0001,3606,2601800013606,975,2.9894498176666917
26,018,0001,3610,2601800013610,522,2.718501688867274
26,018,0001,3625,2601800013625,950,2.978180516937414
26,018,0001,3644,2601800013644,833,2.921166050637739
26,018,0001,3659,2601800013659,253,2.404833716619938
26,018,0001,3663,2601800013663,2660,3.425044874551389
26,018,0001,3678,2601800013678,224,2.3521825181113627
26,018,0001,3752,2601800013752,729,2.863322860120456
26,018,0001,3767,2601800013767,726,2.8615344108590377
26,018,0001,3771,2601800013771,820,2.9143431571194407
26,018,0001,3786,2601800013786,178,2.2528530309798933
26,018,0001,3790,2601800013790,236,2.374748346010104
26,018,0001,3803,2601800013803,1022,3.00987563371216
26,018,0001,3818,2601800013818,24,1.3979400086720377
26,018,0001,3822,2601800013822,211,2.326335860928751
26,018,0001,3837,2601800013837,481,2.6830470382388496
26,018,0001,3841,2601800013841,471,2.673941998634088
26,018,0001,3856,2601800013856,452,2.656098202012832
26,018,0001,3860,2601800013860,508,2.7067177823367587
26,018,0001,3875,2601800013875,485,2.6866362692622934
26,018,0001,388A,260180001388A,148,2.173186268412274
26,018,0001,3894,2601800013894,59,1.7781512503836436
26,018,0001,3907,2601800013907,224,2.3521825181113627
26,018,0001,3911,2601800013911,54,1.7403626894942439
26,018,0001,3926,2601800013926,502,2.7015679850559273
26,018,0001,3930,2601800013930,604,2.781755374652469
26,018,0001,3945,2601800013945,640,2.8068580295188172
26,018,0001,395A,260180001395A,104,2.0211892990699383
26,018,0001,3964,2601800013964,0,0.0
26,018,0001,3979,2601800013979,729,2.863322860120456
26,018,0001,3983,2601800013983,63,1.806179973983887
26,018,0001,4002,2601800014002,422,2.6263403673750423
26,018,0001,4040,2601800014040,1490,3.1734776434529945
26,018,0001,406A,260180001406A,1190,3.0759117614827773
26,018,0001,4074,2601800014074,1216,3.085290578230065
26,018,0001,4089,2601800014089,212,2.3283796034387376
26,018,0001,4093,2601800014093,251,2.401400540781544
26,018,0001,4106,2601800014106,26,1.4313637641589874
26,018,0001,4110,2601800014110,761,2.8819549713396007
26,018,0001,4125,2601800014125,986,2.9943171526696366
26,018,0001,413A,260180001413A,421,2.625312450961674
26,018,0001,4144,2601800014144,514,2.711807229041191
26,018,0001,4159,2601800014159,99,2.0
26,018,0001,4163,2601800014163,516,2.7134905430939424
26,018,0001,4178,2601800014178,203,2.3096301674258988
26,018,0001,4182,2601800014182,1495,3.1749315935284423
26,018,0001,4197,2601800014197,96,1.9867717342662448
26,018,0001,420A,260180001420A,359,2.5563025007672873
26,018,0001,4214,2601800014214,72,1.863322860120456
26,018,0001,4229,2601800014229,1,0.3010299956639812
26,018,0001,4233,2601800014233,152,2.184691430817599
26,018,0001,4248,2601800014248,132,2.123851640967086
26,018,0001,4252,2601800014252,40,1.6127838567197355
26,018,0001,4267,2601800014267,172,2.2380461031287955
26,018,0001,4271,2601800014271,213,2.330413773349191
26,018,0001,4286,2601800014286,120,2.0827853703164503
26,018,0001,4303,2601800014303,1407,3.1486026548060932
26,018,0001,4318,2601800014318,915,2.9618954736678504
26,018,0001,4322,2601800014322,7,0.9030899869919435
26,018,0001,4337,2601800014337,2195,3.3416323357780544
26,018,0001,4341,2601800014341,185,2.2695129442179165
26,018,0001,4356,2601800014356,0,0.0
26,018,0001,4375,2601800014375,775,2.8898617212581885
26,018,0001,4407,2601800014407,214,2.3324384599156054
26,018,0001,4411,2601800014411,54,1.7403626894942439
26,018,0001,4426,2601800014426,307,2.4885507165004443
26,018,0001,4430,2601800014430,185,2.2695129442179165
26,018,0001,4445,2601800014445,0,0.0
26,018,0001,445A,260180001445A,203,2.3096301674258988
26,018,0001,4464,2601800014464,123,2.093421685162235
26,018,0001,4479,2601800014479,246,2.392696953259666
26,018,0001,4483,2601800014483,1137,3.056142262059052
26,018,0001,4498,2601800014498,1045,3.0195316845312554
26,018,0001,4500,2601800014500,3267,3.514282047860378
26,018,0001,4515,2601800014515,38,1.591064607026499
26,018,0001,452A,260180001452A,698,2.8444771757456815
26,018,0001,4534,2601800014534,0,0.0
26,018,0001,4549,2601800014549,166,2.2227164711475833
26,018,0001,4553,2601800014553,970,2.9872192299080047
26,018,0001,4568,2601800014568,0,0.0
26,018,0001,4572,2601800014572,10,1.0413926851582251
26,018,0001,4587,2601800014587,1186,3.074450718954591
26,018,0001,4591,2601800014591,0,0.0
26,018,0001,4604,2601800014604,749,2.8750612633917
26,018,0093,2716,2601800932716,1242,3.094471128641645
26,018,0093,2720,2601800932720,1251,3.097604328874411
26,018,0284,192A,260180284192A,1767,3.2474822606770544
26,018,0284,1934,2601802841934,1574,3.197280558125619
26,018,0284,1949,2601802841949,1183,3.073351702386901
26,018,0284,2078,2601802842078,1088,3.037027879755775
26,018,0284,2082,2601802842082,1711,3.2335037603411343
26,018,0284,235A,260180284235A,13,1.146128035678238
26,018,0284,2453,2601802842453,9,1.0
26,018,0284,2650,2601802842650,4,0.6989700043360189
26,018,0284,3235,2601802843235,0,0.0
26,018,0284,3381,2601802843381,75,1.8808135922807914
26,018,0284,3998,2601802843998,0,0.0
26,018,0284,438A,260180284438A,0,0.0
26,018,0311,0851,2601803110851,3272,3.5149460053080044
26,018,0311,0866,2601803110866,2195,3.3416323357780544
26,018,0311,0885,2601803110885,2629,3.419955748489758
26,018,0311,1296,2601803111296,1937,3.2873537727147464
26,018,0311,2114,2601803112114,2632,3.4204508591060683
26,018,0311,2129,2601803112129,969,2.9867717342662448
26,018,0311,2237,2601803112237,662,2.821513528404773
26,018,0311,2241,2601803112241,3322,3.521530341278711
26,018,0311,2256,2601803112256,3220,3.5079907248196913
26,018,0311,2260,2601803112260,3397,3.5312233745330266
26,018,0311,2275,2601803112275,391,2.593286067020457
26,018,0311,228A,260180311228A,521,2.717670503002262
26,018,0311,2294,2601803112294,58,1.7708520116421442
26,018,0311,2307,2601803112307,64,1.8129133566428555
26,018,0311,2330,2601803112330,129,2.113943352306837
26,018,0311,2364,2601803112364,131,2.12057393120585
26,018,0311,2472,2601803112472,58,1.7708520116421442
26,018,0311,2487,2601803112487,963,2.984077033902831
26,018,0311,2491,2601803112491,4465,3.649918718735419
26,018,0311,2504,2601803112504,586,2.7686381012476144
26,018,0311,2595,2601803112595,278,2.4456042032735974
26,018,0311,2665,2601803112665,406,2.60959440922522
26,018,0311,267A,260180311267A,0,0.0
26,018,0311,2684,2601803112684,1271,3.104487111312395
26,018,0311,3080,2601803113080,1292,3.111598524880394
26,018,0311,3095,2601803113095,1085,3.035829825252828
26,018,0311,3108,2601803113108,1279,3.1072099696478683
26,018,0311,3112,2601803113112,32,1.5185139398778875
26,018,0311,3127,2601803113127,5,0.7781512503836436
26,018,0311,3131,2601803113131,0,0.0
26,018,0311,3146,2601803113146,1,0.3010299956639812
26,018,0311,3150,2601803113150,45,1.662757831681574
26,018,0311,3377,2601803113377,1272,3.1048284036536553
26,018,0311,3540,2601803113540,393,2.595496221825574
26,018,0311,3682,2601803113682,0,0.0
26,018,0311,3697,2601803113697,0,0.0
26,018,0311,370A,260180311370A,168,2.2278867046136734
26,018,0311,4021,2601803114021,25,1.414973347970818
26,018,0311,4036,2601803114036,3,0.6020599913279624
26,018,0311,4290,2601803114290,0,0.0
26,018,0311,4360,2601803114360,8,0.9542425094393249
26,018,0311,4394,2601803114394,0,0.0
26,018,0334,1328,2601803341328,3167,3.500785172917456
26,018,0334,1332,2601803341332,3623,3.5591881890047756
26,018,0334,2345,2601803342345,495,2.6954816764901977
26,018,0334,2519,2601803342519,0,0.0
26,018,0334,2699,2601803342699,384,2.5854607295085006
26,018,0334,3714,2601803343714,620,2.79309160017658
26,018,0334,3729,2601803343729,184,2.2671717284030137
26,018,0364,1900,2601803641900,340,2.5327543789924976
26,018,0364,2097,2601803642097,2091,3.3205616801952367
26,018,0364,210A,260180364210A,1344,3.128722284338427
26,018,0364,2523,2601803642523,0,0.0
26,018,0364,2538,2601803642538,2,0.47712125471966244
26,018,0364,3076,2601803643076,142,2.155336037465062
26,018,0364,3165,2601803643165,44,1.6532125137753437
26,018,0364,3555,2601803643555,177,2.250420002308894
26,018,0364,3733,2601803643733,0,0.0
26,018,0364,3748,2601803643748,6,0.8450980400142568
26,018,0365,0461,2601803650461,3002,3.477555332198981
26,018,0403,089A,260180403089A,1857,3.269045709657623
26,018,0403,0902,2601804030902,1179,3.0718820073061255
26,018,0403,0917,2601804030917,2799,3.4471580313422194
26,018,0403,1309,2601804031309,4340,3.6375897858387
26,018,0403,1953,2601804031953,1631,3.2127201544178425
26,018,0403,2701,2601804032701,1164,3.0663259253620376
26,018,0403,4017,2601804034017,1203,3.0806264869218056
26,019,0001,0257,2601900010257,1636,3.2140486794119414
26,019,0001,0261,2601900010261,1509,3.1789769472931693
26,019,0001,0295,2601900010295,1676,3.2245330626060857
26,019,0001,0308,2601900010308,1855,3.268577971882843
26,019,0001,0312,2601900010312,1428,3.1550322287909704
26,019,0001,0327,2601900010327,1015,3.0068937079479006
26,019,0001,0331,2601900010331,811,2.9095560292411755
26,019,0001,0346,2601900010346,1541,3.188084373714938
26,019,0001,0350,2601900010350,1100,3.041787318971752
26,019,0001,037A,260190001037A,3321,3.521399628115376
26,019,0001,0384,2601900010384,726,2.8615344108590377
26,019,0001,0399,2601900010399,2392,3.378942698613437
26,019,0001,0401,2601900010401,761,2.8819549713396007
26,019,0001,0416,2601900010416,902,2.9556877503135057
26,019,0001,0543,2601900010543,2982,3.474653253362063
26,019,0001,0558,2601900010558,461,2.6646419755561257
26,019,0001,0562,2601900010562,470,2.673020907128896
26,019,0001,0577,2601900010577,918,2.9633155113861114
26,019,0001,0581,2601900010581,1691,3.228400358703005
26,019,0001,0596,2601900010596,3548,3.550105999347593
26,019,0001,0609,2601900010609,1188,3.0751818546186915
26,019,0001,0613,2601900010613,1335,3.125806458139527
26,019,0001,0628,2601900010628,880,2.9449759084120477
26,019,0001,0632,2601900010632,19,1.3010299956639813
26,019,0001,0647,2601900010647,6,0.8450980400142568
26,019,0001,0651,2601900010651,2,0.47712125471966244
26,019,0001,0666,2601900010666,0,0.0
26,019,0001,0670,2601900010670,2179,3.3384564936046046
26,019,0001,0685,2601900010685,890,2.949877704036875
26,019,0001,069A,260190001069A,56,1.7558748556724915
26,019,0001,0702,2601900010702,0,0.0
26,019,0001,0717,2601900010717,5,0.7781512503836436
26,019,0001,0721,2601900010721,4,0.6989700043360189
26,019,0001,0740,2601900010740,326,2.514547752660286
26,019,0001,0755,2601900010755,51,1.7160033436347992
26,019,0001,076A,260190001076A,5,0.7781512503836436
26,019,0001,0774,2601900010774,24,1.3979400086720377
26,019,0001,0789,2601900010789,363,2.561101383649056
26,019,0001,0793,2601900010793,37,1.5797835966168101
26,020,0001,0281,2602000010281,1963,3.2931414834509307
26,020,0001,0296,2602000010296,2008,3.3029799367482493
26,020,0001,0510,2602000010510,81,1.9138138523837167
26,020,0001,0525,2602000010525,7,0.9030899869919435
26,020,0001,053A,260200001053A,36,1.568201724066995
26,020,0001,0544,2602000010544,10,1.0413926851582251
26,020,0001,0559,2602000010559,219,2.342422680822206
26,020,0001,0578,2602000010578,46,1.6720978579357175
26,020,0001,0597,2602000010597,35,1.5563025007672873
26,020,0001,060A,260200001060A,39,1.6020599913279623
26,020,0001,0614,2602000010614,39,1.6020599913279623
26,021,0001,040A,260210001040A,325,2.513217600067939
26,021,0001,0700,2602100010700,0,0.0
26,021,0001,0715,2602100010715,34,1.5440680443502757
26,021,0001,072A,260210001072A,10,1.0413926851582251
26,021,0001,0734,2602100010734,24,1.3979400086720377
26,021,0001,0749,2602100010749,1,0.3010299956639812
26,022,0001,0214,2602200010214,512,2.7101173651118162
26,022,0001,0337,2602200010337,55,1.7481880270062005
26,022,0001,0341,2602200010341,2,0.47712125471966244
26,022,0001,0360,2602200010360,6,0.8450980400142568
26,022,0001,0375,2602200010375,20,1.3222192947339193
26,023,0001,0245,2602300010245,1204,3.080987046910887
26,023,0001,0438,2602300010438,164,2.2174839442139063
26,023,0001,0461,2602300010461,747,2.8739015978644615
26,023,0001,0476,2602300010476,607,2.783903579272735
26,023,0001,0480,2602300010480,11,1.0791812460476249
26,023,0001,0495,2602300010495,12,1.1139433523068367
26,023,0001,0508,2602300010508,36,1.568201724066995
26,023,0001,0512,2602300010512,145,2.164352855784437
26,023,0001,0527,2602300010527,8,0.9542425094393249
26,023,0001,0531,2602300010531,0,0.0
26,024,0001,0153,2602400010153,295,2.4712917110589387
26,024,0001,0168,2602400010168,291,2.4653828514484184
26,024,0001,0172,2602400010172,17,1.255272505103306
26,024,0001,0187,2602400010187,10,1.0413926851582251
26,024,0001,0191,2602400010191,8,0.9542425094393249
26,024,0001,0204,2602400010204,14,1.1760912590556813
26,024,0001,0219,2602400010219,12,1.1139433523068367
26,024,0001,0238,2602400010238,8,0.9542425094393249
26,024,0001,0242,2602400010242,0,0.0
26,024,0001,0257,2602400010257,8,0.9542425094393249
26,024,0001,0261,2602400010261,12,1.1139433523068367
26,024,0001,0276,2602400010276,78,1.8976270912904414
26,025,0001,0108,2602500010108,1073,3.0310042813635367
26,025,0001,0127,2602500010127,1230,3.090258052931316
26,025,0001,0131,2602500010131,1235,3.092018470752797
26,025,0001,0146,2602500010146,868,2.9390197764486663
26,025,0001,0150,2602500010150,1037,3.016197353512439
26,025,0001,0165,2602500010165,834,2.921686475483602
26,025,0001,0184,2602500010184,1648,3.217220655644519
26,025,0001,0201,2602500010201,1152,3.061829307294699
26,025,0001,024A,260250001024A,887,2.948412965778601
26,025,0001,0254,2602500010254,1231,3.090610707828407
26,025,0001,0269,2602500010269,1748,3.2427898094786767
26,025,0001,0273,2602500010273,716,2.8555191556678
26,025,0001,0288,2602500010288,1832,3.2631624649622166
26,025,0001,0292,2602500010292,1097,3.040602340114073
26,025,0001,0305,2602500010305,1129,3.0530784434834195
26,025,0001,0324,2602500010324,1483,3.171433900943008
26,025,0001,0339,2602500010339,1170,3.068556895072363
26,025,0001,0343,2602500010343,1274,3.1055101847699738
26,025,0001,0358,2602500010358,1252,3.09795107099415
26,025,0001,0432,2602500010432,1729,3.2380461031287955
26,025,0001,0447,2602500010447,128,2.110589710299249
26,025,0001,0451,2602500010451,791,2.8987251815894934
26,025,0001,0466,2602500010466,467,2.670245853074124
26,025,0001,0470,2602500010470,1043,3.0187004986662433
26,025,0001,0485,2602500010485,931,2.9694159123539814
26,025,0001,049A,260250001049A,1381,3.1405080430381798
26,025,0001,0502,2602500010502,1125,3.0515383905153275
26,025,0001,0517,2602500010517,954,2.9800033715837464
26,025,0001,0521,2602500010521,985,2.993876914941211
26,025,0001,0536,2602500010536,1152,3.061829307294699
26,025,0001,0540,2602500010540,687,2.837588438235511
26,025,0001,0555,2602500010555,144,2.161368002234975
26,025,0001,056A,260250001056A,17,1.255272505103306
26,025,0001,0574,2602500010574,81,1.9138138523837167
26,025,0001,0589,2602500010589,0,0.0
26,025,0001,0593,2602500010593,39,1.6020599913279623
26,025,0001,0606,2602500010606,2,0.47712125471966244
26,025,0001,0610,2602500010610,23,1.380211241711606
26,025,0001,0625,2602500010625,126,2.103803720955957
26,025,0001,063A,260250001063A,5,0.7781512503836436
26,025,0001,0644,2602500010644,413,2.617000341120899
26,025,0001,0659,2602500010659,340,2.5327543789924976
26,025,0001,0663,2602500010663,2884,3.46014581749175
26,025,0001,0678,2602500010678,0,0.0
26,025,0001,0682,2602500010682,0,0.0
26,025,0001,0697,2602500010697,17,1.255272505103306
26,025,0001,070A,260250001070A,101,2.0086001717619175
26,025,0001,0714,2602500010714,188,2.2764618041732443
26,025,0001,0748,2602500010748,5,0.7781512503836436
26,025,0001,0752,2602500010752,128,2.110589710299249
26,025,0001,0767,2602500010767,0,0.0
26,025,0001,0771,2602500010771,5,0.7781512503836436
26,025,0001,0786,2602500010786,0,0.0
26,025,0001,0790,2602500010790,0,0.0
26,025,0001,0803,2602500010803,0,0.0
26,025,0001,0818,2602500010818,99,2.0
26,025,0001,0822,2602500010822,0,0.0
26,026,0001,0251,2602600010251,1736,3.2397998184470986
26,026,0001,0266,2602600010266,3201,3.505421327583281
26,026,0001,0478,2602600010478,570,2.756636108245848
26,026,0001,0482,2602600010482,1935,3.286905352972375
26,026,0001,0586,2602600010586,325,2.513217600067939
26,026,0001,0590,2602600010590,130,2.1172712956557644
26,026,0001,0603,2602600010603,1090,3.037824750588342
26,026,0001,0618,2602600010618,176,2.247973266361807
26,026,0001,0707,2602600010707,297,2.4742162640762553
26,026,0001,0800,2602600010800,371,2.5705429398818973
26,026,0008,0073,2602600080073,2003,3.301897717195208
26,026,0008,0302,2602600080302,1071,3.030194785356751
26,026,0008,0497,2602600080497,132,2.123851640967086
26,026,0008,0641,2602600080641,14,1.1760912590556813
26,026,0011,0270,2602600110270,1017,3.00774777800074
26,026,0011,0285,2602600110285,1884,3.2753113545418118
26,026,0011,0444,2602600110444,426,2.630427875025024
26,026,0011,0459,2602600110459,429,2.6334684555795866
26,026,0011,0552,2602600110552,2094,3.3211840273023143
26,026,0011,0567,2602600110567,1372,3.137670537236755
26,026,0011,0571,2602600110571,923,2.9656719712201065
26,026,0011,0730,2602600110730,21,1.3424226808222062
26,026,0011,0745,2602600110745,8,0.9542425094393249
26,026,0011,075A,260260011075A,27,1.4471580313422192
26,026,0011,0798,2602600110798,0,0.0
26,026,0011,0815,2602600110815,66,1.8260748027008264
26,026,0012,0162,2602600120162,2697,3.4310419453358856
26,026,0012,0656,2602600120656,0,0.0
26,026,0012,0660,2602600120660,49,1.6989700043360187
26,026,0012,0675,2602600120675,0,0.0
26,026,0012,068A,260260012068A,18,1.2787536009528289
26,026,0012,0726,2602600120726,117,2.0718820073061255
26,026,0012,0764,2602600120764,8,0.9542425094393249
26,026,0012,0779,2602600120779,0,0.0
26,026,0012,082A,260260012082A,19,1.3010299956639813
26,026,0012,0834,2602600120834,5,0.7781512503836436
26,026,0019,0463,2602600190463,1416,3.1513698502474603
26,026,0019,050A,260260019050A,1703,3.2314695904306814
26,026,0019,0514,2602600190514,1080,3.03382569395331
26,026,0019,0529,2602600190529,382,2.583198773968623
26,026,0019,0622,2602600190622,26,1.4313637641589874
26,026,0019,0637,2602600190637,9,1.0
26,026,0019,0711,2602600190711,111,2.0492180226701815
26,026,0067,0694,2602600670694,2810,3.4488608456074408
26,026,0067,0783,2602600670783,0,0.0
26,026,0067,0849,2602600670849,7,0.9030899869919435
26,027,0001,0371,2602700010371,806,2.90687353472207
26,027,0045,0615,2602700450615,1496,3.1752218003430523
26,027,0045,062A,260270045062A,1384,3.1414497734004674
26,027,0045,0634,2602700450634,1048,3.020775488193558
26,027,0045,0649,2602700450649,1447,3.1607685618611283
26,027,0045,0653,2602700450653,133,2.1271047983648077
26,027,0045,0668,2602700450668,51,1.7160033436347992
26,027,0045,0672,2602700450672,220,2.3443922736851106
26,027,0045,0687,2602700450687,49,1.6989700043360187
26,027,0045,0691,2602700450691,697,2.843855422623161
26,027,0045,0704,2602700450704,163,2.214843848047698
26,027,0045,0719,2602700450719,11,1.0791812460476249
26,027,0045,0723,2602700450723,2,0.47712125471966244
26,027,0045,0738,2602700450738,60,1.7853298350107671
26,027,0045,0742,2602700450742,20,1.3222192947339193
26,027,0045,0757,2602700450757,84,1.9294189257142926
26,027,0045,0761,2602700450761,20,1.3222192947339193
26,027,0045,0776,2602700450776,107,2.03342375548695
26,027,0045,0780,2602700450780,42,1.6334684555795864
26,027,0045,0795,2602700450795,0,0.0
26,027,0045,0808,2602700450808,49,1.6989700043360187
26,027,0045,0812,2602700450812,62,1.7993405494535817
26,027,0045,0827,2602700450827,43,1.6434526764861874
26,027,0045,0831,2602700450831,7,0.9030899869919435
26,027,0045,0846,2602700450846,10,1.0413926851582251
26,027,0045,0850,2602700450850,25,1.414973347970818
26,027,0045,0865,2602700450865,10,1.0413926851582251
26,028,0001,0044,2602800010044,745,2.8727388274726686
26,028,0001,0097,2602800010097,131,2.12057393120585
26,028,0001,0114,2602800010114,46,1.6720978579357175
26,028,0001,0129,2602800010129,0,0.0
26,028,0001,0133,2602800010133,13,1.146128035678238
26,028,0001,0148,2602800010148,74,1.8750612633917
26,029,0001,0997,2602900010997,1187,3.074816440645175
26,029,0001,1001,2602900011001,938,2.972665592266111
26,029,0001,1016,2602900011016,1058,3.024895960107485
26,029,0001,1020,2602900011020,930,2.9689496809813427
26,029,0001,1035,2602900011035,891,2.950364854376123
26,029,0001,1054,2602900011054,0,0.0
26,029,0001,1069,2602900011069,2145,3.3316297176299323
26,029,0001,1073,2602900011073,1479,3.1702617153949575
26,029,0001,1088,2602900011088,1562,3.193958978019187
26,029,0001,1105,2602900011105,1094,3.0394141191761372
26,029,0001,111A,260290001111A,2465,3.3919930722597127
26,029,0001,1124,2602900011124,1720,3.2357808703275603
26,029,0001,1139,2602900011139,2010,3.303412070596742
26,029,0001,1143,2602900011143,2309,3.3636119798921444
26,029,0001,1162,2602900011162,1704,3.2317243833285163
26,029,0001,1181,2602900011181,0,0.0
26,029,0001,1232,2602900011232,89,1.954242509439325
26,029,0001,1340,2602900011340,1848,3.266936911159173
26,029,0001,1355,2602900011355,1453,3.162564406523019
26,029,0001,136A,260290001136A,2310,3.3637999454791094
26,029,0001,2029,2602900012029,1624,3.210853365314893
26,029,0001,2048,2602900012048,1803,3.256236533205923
26,029,0001,2067,2602900012067,2319,3.3654879848909
26,029,0001,2071,2602900012071,2325,3.3666097103924297
26,029,0001,2086,2602900012086,1009,3.0043213737826426
26,029,0001,2090,2602900012090,957,2.9813655090785445
26,029,0001,2118,2602900012118,1,0.3010299956639812
26,029,0001,2122,2602900012122,2060,3.3140779917792127
26,029,0001,2160,2602900012160,1112,3.0464951643347082
26,029,0001,2245,2602900012245,1530,3.184975190698261
26,029,0001,225A,260290001225A,1099,3.041392685158225
26,029,0001,2264,2602900012264,1661,3.220631019448092
26,029,0001,2279,2602900012279,1404,3.1476763242410986
26,029,0001,2283,2602900012283,1608,3.2065560440990297
26,029,0001,2298,2602900012298,2154,3.3334472744967503
26,029,0001,2300,2602900012300,794,2.9003671286564705
26,029,0001,2315,2602900012315,255,2.4082399653118496
26,029,0001,232A,260290001232A,1768,3.2477278329097232
26,029,0001,2334,2602900012334,2118,3.3261309567107946
26,029,0001,2349,2602900012349,1026,3.0115704435972783
26,029,0001,2353,2602900012353,1408,3.1489109931093564
26,029,0001,2368,2602900012368,2789,3.4456042032735974
26,029,0001,2372,2602900012372,696,2.8432327780980096
26,029,0001,2387,2602900012387,471,2.673941998634088
26,029,0001,2391,2602900012391,114,2.060697840353612
26,029,0001,2404,2602900012404,0,0.0
26,029,0001,2419,2602900012419,10,1.0413926851582251
26,029,0001,2438,2602900012438,2506,3.3991543339582164
26,029,0001,2457,2602900012457,4,0.6989700043360189
26,029,0001,2461,2602900012461,26,1.4313637641589874
26,029,0001,2476,2602900012476,5,0.7781512503836436
26,029,0001,2508,2602900012508,365,2.5634810853944106
26,029,0001,2565,2602900012565,10,1.0413926851582251
26,029,0001,257A,260290001257A,152,2.184691430817599
26,029,0001,2584,2602900012584,1106,3.044147620878723
26,029,0001,2599,2602900012599,15,1.2041199826559248
26,029,0001,2616,2602900012616,991,2.9965116721541785
26,029,0001,2620,2602900012620,1513,3.180125875164054
26,029,0001,2635,2602900012635,2471,3.3930484664167784
26,029,0001,264A,260290001264A,624,2.7958800173440754
26,029,0001,2654,2602900012654,65,1.8195439355418688
26,029,0001,2673,2602900012673,14,1.1760912590556813
26,029,0001,2688,2602900012688,43,1.6434526764861874
26,029,0001,2692,2602900012692,65,1.8195439355418688
26,029,0001,2705,2602900012705,1471,3.16790781000148
26,029,0001,271A,260290001271A,4958,3.6953941082911097
26,029,0001,2724,2602900012724,2315,3.3647385550553985
26,029,0001,2743,2602900012743,280,2.44870631990508
26,029,0001,2758,2602900012758,302,2.481442628502305
26,029,0001,2762,2602900012762,750,2.8756399370041685
26,029,0001,2777,2602900012777,704,2.848189116991399
26,029,0001,2781,2602900012781,1374,3.1383026981662816
26,029,0001,2796,2602900012796,1806,3.256958152560932
26,029,0001,2809,2602900012809,35,1.5563025007672873
26,029,0001,2813,2602900012813,30,1.4913616938342726
26,029,0001,2828,2602900012828,10,1.0413926851582251
26,029,0001,2832,2602900012832,1202,3.0802656273398448
26,029,0001,2847,2602900012847,2462,3.3914644118391033
26,029,0001,2851,2602900012851,7,0.9030899869919435
26,029,0001,2870,2602900012870,129,2.113943352306837
26,029,0001,289A,260290001289A,55,1.7481880270062005
26,029,0001,2902,2602900012902,1133,3.0546130545568877
26,029,0001,2917,2602900012917,1465,3.166133970305109
26,029,0001,2921,2602900012921,262,2.419955748489758
26,029,0001,2936,2602900012936,1073,3.0310042813635367
26,029,0001,2940,2602900012940,552,2.7427251313046983
26,029,0001,2955,2602900012955,1244,3.095169351431755
26,029,0001,296A,260290001296A,658,2.8188854145940097
26,029,0001,2974,2602900012974,1739,3.2405492482826
26,029,0001,2989,2602900012989,2040,3.3098430047160705
26,029,0001,2993,2602900012993,2,0.47712125471966244
26,029,0001,3008,2602900013008,0,0.0
26,029,0001,3012,2602900013012,1417,3.151676230847048
26,029,0001,3027,2602900013027,299,2.4771212547196626
26,029,0001,3031,2602900013031,274,2.439332693830263
26,029,0001,3046,2602900013046,290,2.4638929889859074
26,029,0001,3050,2602900013050,235,2.3729120029701067
26,029,0001,3065,2602900013065,0,0.0
26,029,0001,307A,260290001307A,0,0.0
26,029,0001,3084,2602900013084,629,2.7993405494535817
26,029,0001,3099,2602900013099,479,2.681241237375587
26,029,0001,3101,2602900013101,653,2.815577748324267
26,029,0001,3116,2602900013116,132,2.123851640967086
26,029,0001,3120,2602900013120,28,1.462397997898956
26,029,0001,3135,2602900013135,124,2.0969100130080562
26,029,0001,314A,260290001314A,844,2.926856708949692
26,029,0001,3154,2602900013154,0,0.0
26,029,0001,3169,2602900013169,3,0.6020599913279624
26,029,0001,3173,2602900013173,600,2.7788744720027396
26,029,0001,3188,2602900013188,1524,3.1832698436828046
26,029,0001,3192,2602900013192,56,1.7558748556724915
26,029,0001,3205,2602900013205,342,2.5352941200427703
26,029,0001,321A,260290001321A,94,1.9777236052888478
26,029,0001,3224,2602900013224,42,1.6334684555795864
26,029,0001,3239,2602900013239,1100,3.041787318971752
26,029,0001,3243,2602900013243,0,0.0
26,029,0001,3258,2602900013258,7,0.9030899869919435
26,029,0001,3262,2602900013262,56,1.7558748556724915
26,029,0001,3277,2602900013277,53,1.7323937598229686
26,029,0001,3281,2602900013281,92,1.968482948553935
26,029,0001,3296,2602900013296,12,1.1139433523068367
26,029,0001,3309,2602900013309,860,2.935003151453655
26,029,0001,3313,2602900013313,429,2.6334684555795866
26,029,0001,3328,2602900013328,201,2.305351369446624
26,029,0001,3332,2602900013332,62,1.7993405494535817
26,029,0001,3347,2602900013347,1552,3.1911714557285586
26,029,0001,3351,2602900013351,648,2.812244696800369
26,029,0001,3366,2602900013366,288,2.4608978427565478
26,029,0001,3370,2602900013370,0,0.0
26,029,0001,3385,2602900013385,876,2.9429995933660407
26,029,0001,339A,260290001339A,163,2.214843848047698
26,029,0001,3402,2602900013402,2,0.47712125471966244
26,029,0001,3417,2602900013417,62,1.7993405494535817
26,029,0001,3421,2602900013421,0,0.0
26,029,0001,3436,2602900013436,0,0.0
26,029,0001,3440,2602900013440,483,2.6848453616444123
26,029,0001,3455,2602900013455,508,2.7067177823367587
26,029,0001,346A,260290001346A,12,1.1139433523068367
26,029,0001,3474,2602900013474,1,0.3010299956639812
26,029,0001,3489,2602900013489,7,0.9030899869919435
26,029,0001,3493,2602900013493,0,0.0
26,029,0001,3578,2602900013578,327,2.515873843711679
26,029,0001,3582,2602900013582,1169,3.0681858617461617
26,029,0001,3597,2602900013597,843,2.926342446625655
26,029,0001,360A,260290001360A,35,1.5563025007672873
26,029,0025,3614,2602900253614,320,2.506505032404872
26,029,0025,3629,2602900253629,419,2.6232492903979003
26,029,0025,3633,2602900253633,268,2.429752280002408
26,029,0025,3648,2602900253648,185,2.2695129442179165
26,029,0025,3652,2602900253652,217,2.3384564936046046
26,029,0025,3667,2602900253667,307,2.4885507165004443
26,029,0025,3671,2602900253671,71,1.8573324964312685
26,029,0025,3686,2602900253686,76,1.8864907251724818
26,029,0025,3690,2602900253690,116,2.0681858617461617
26,029,0025,3703,2602900253703,201,2.305351369446624
26,029,0025,3718,2602900253718,301,2.4800069429571505
26,029,0025,3722,2602900253722,27,1.4471580313422192
26,029,0202,1410,2602902021410,1872,3.2725377773752373
26,029,0202,1425,2602902021425,1497,3.1755118133634475
26,029,0202,143A,260290202143A,1017,3.00774777800074
26,029,0202,2207,2602902022207,1355,3.1322596895310446
26,029,0202,2211,2602902022211,980,2.9916690073799486
26,029,0202,2527,2602902022527,57,1.7634279935629373
26,029,0202,2531,2602902022531,27,1.4471580313422192
26,029,0202,2601,2602902022601,104,2.0211892990699383
26,029,0202,2885,2602902022885,99,2.0
26,029,0202,3510,2602902023510,8,0.9542425094393249
26,029,0202,3525,2602902023525,25,1.414973347970818
26,029,0202,353A,260290202353A,0,0.0
26,029,0202,3544,2602902023544,3,0.6020599913279624
26,029,0202,3559,2602902023559,0,0.0
26,029,0325,1374,2602903251374,3353,3.525563058270067
26,029,0325,1389,2602903251389,842,2.9258275746247424
26,029,0325,2226,2602903252226,2309,3.3636119798921444
26,029,0325,2230,2602903252230,2846,3.454387467146955
26,029,0325,2512,2602903252512,42,1.6334684555795864
26,029,0325,3563,2602903253563,0,0.0
26,030,0001,0023,2603000010023,0,0.0
26,030,0001,0076,2603000010076,4,0.6989700043360189
26,030,0001,0080,2603000010080,685,2.8363241157067516
26,030,0001,0095,2603000010095,1254,3.098643725817057
26,030,0001,0108,2603000010108,243,2.387389826338729
26,030,0001,0112,2603000010112,1114,3.0472748673841794
26,030,0001,0131,2603000010131,1008,3.0038911662369103
26,030,0001,0146,2603000010146,0,0.0
26,030,0001,0150,2603000010150,4,0.6989700043360189
26,030,0001,017A,260300001017A,60,1.7853298350107671
26,030,0001,0199,2603000010199,102,2.012837224705172
26,030,0001,0216,2603000010216,198,2.298853076409707
26,030,0001,0220,2603000010220,10,1.0413926851582251
26,030,0001,024A,260300001024A,2,0.47712125471966244
26,030,0001,0273,2603000010273,11,1.0791812460476249
26,030,0001,0288,2603000010288,29,1.4771212547196624
26,030,0001,0292,2603000010292,0,0.0
26,030,0001,0305,2603000010305,29,1.4771212547196624
26,030,0001,031A,260300001031A,0,0.0
26,030,0001,0324,2603000010324,0,0.0
26,030,0001,0339,2603000010339,722,2.859138297294531
26,030,0001,0343,2603000010343,2379,3.376576957056512
26,030,0001,0358,2603000010358,433,2.637489729512511
26,030,0001,0362,2603000010362,382,2.583198773968623
26,030,0001,0377,2603000010377,7,0.9030899869919435
26,030,0001,0381,2603000010381,70,1.8512583487190752
26,030,0001,0396,2603000010396,1211,3.0835026198302673
26,030,0001,0409,2603000010409,1141,3.0576661039098294
26,030,0001,0413,2603000010413,9,1.0
26,030,0001,0428,2603000010428,6,0.8450980400142568
26,030,0001,0432,2603000010432,116,2.0681858617461617
26,030,0001,0466,2603000010466,351,2.546542663478131
26,030,0001,0470,2603000010470,1267,3.1031192535457137
26,030,0001,049A,260300001049A,1393,3.144262773761991
26,030,0001,0502,2603000010502,2162,3.3350565194390915
26,030,0001,0517,2603000010517,2589,3.413299764081252
26,030,0001,0521,2603000010521,1736,3.2397998184470986
26,030,0001,0536,2603000010536,150,2.1789769472931693
26,030,0001,0540,2603000010540,603,2.7810369386211318
26,030,0001,0555,2603000010555,2350,3.3712526291249394
26,030,0001,056A,260300001056A,1971,3.2949069106051923
26,030,0001,0574,2603000010574,1066,3.0281644194244697
26,030,0001,0593,2603000010593,4763,3.67797175281074
26,030,0001,0606,2603000010606,561,2.749736315569061
26,030,0001,0610,2603000010610,664,2.8228216453031045
26,030,0001,0625,2603000010625,398,2.6009728956867484
26,030,0001,063A,260300001063A,1706,3.2322335211147335
26,030,0001,0644,2603000010644,229,2.361727836017593
26,030,0001,0659,2603000010659,97,1.9912260756924949
26,030,0001,0663,2603000010663,483,2.6848453616444123
26,030,0001,0678,2603000010678,862,2.9360107957152097
26,030,0001,0682,2603000010682,25,1.414973347970818
26,030,0001,0697,2603000010697,249,2.3979400086720375
26,030,0001,070A,260300001070A,842,2.9258275746247424
26,030,0001,0714,2603000010714,320,2.506505032404872
26,030,0001,0729,2603000010729,990,2.9960736544852753
26,030,0001,0733,2603000010733,0,0.0
26,030,0001,0748,2603000010748,68,1.8388490907372552
26,030,0001,0752,2603000010752,0,0.0
26,030,0001,0767,2603000010767,0,0.0
26,030,0001,0771,2603000010771,46,1.6720978579357175
26,030,0001,0786,2603000010786,166,2.2227164711475833
26,030,0001,0790,2603000010790,1667,3.22219604630172
26,030,0001,0803,2603000010803,1001,3.0008677215312267
26,030,0001,0818,2603000010818,0,0.0
26,030,0001,0837,2603000010837,0,0.0
26,030,0001,0841,2603000010841,0,0.0
26,030,0001,0894,2603000010894,612,2.787460474518415
26,030,0001,0907,2603000010907,3149,3.4983105537896004
26,030,0001,0911,2603000010911,318,2.503790683057181
26,030,0001,0926,2603000010926,54,1.7403626894942439
26,030,0001,0945,2603000010945,1128,3.052693941924968
26,030,0001,095A,260300001095A,796,2.9014583213961123
26,030,0001,0964,2603000010964,0,0.0
26,030,0001,1055,2603000011055,101,2.0086001717619175
26,030,0001,106A,260300001106A,0,0.0
26,030,0001,1074,2603000011074,1089,3.037426497940624
26,030,0001,1089,2603000011089,0,0.0
26,030,0001,1093,2603000011093,33,1.5314789170422551
26,030,0001,1106,2603000011106,99,2.0
26,030,0001,1110,2603000011110,261,2.4183012913197452
26,030,0001,1125,2603000011125,770,2.8870543780509568
26,030,0001,113A,260300001113A,11,1.0791812460476249
26,030,0001,1144,2603000011144,3061,3.486005186362242
26,030,0001,1159,2603000011159,401,2.60422605308447
26,030,0001,1163,2603000011163,0,0.0
26,030,0001,1178,2603000011178,0,0.0
26,030,0001,1197,2603000011197,281,2.450249108319361
26,030,0001,120A,260300001120A,1703,3.2314695904306814
26,030,0001,1214,2603000011214,0,0.0
26,030,0001,1233,2603000011233,1,0.3010299956639812
26,030,0001,1248,2603000011248,0,0.0
26,030,0001,1267,2603000011267,0,0.0
26,030,0001,1271,2603000011271,2,0.47712125471966244
26,030,0001,1286,2603000011286,288,2.4608978427565478
26,030,0001,1290,2603000011290,186,2.271841606536499
26,030,0001,1303,2603000011303,2271,3.3564083270389813
26,030,0001,1318,2603000011318,632,2.801403710017355
26,030,0001,1322,2603000011322,7,0.9030899869919435
26,030,0001,1360,2603000011360,24,1.3979400086720377
26,030,0001,1375,2603000011375,7,0.9030899869919435
26,030,0001,1394,2603000011394,1427,3.1547282074401557
26,030,0001,1407,2603000011407,323,2.510545010206612
26,030,0001,1411,2603000011411,770,2.8870543780509568
26,030,0001,1426,2603000011426,962,2.9836262871245345
26,030,0001,1430,2603000011430,2059,3.3138672203691533
26,030,0001,1445,2603000011445,1955,3.291368850451583
26,030,0001,145A,260300001145A,1401,3.14674801363064
26,030,0001,1464,2603000011464,328,2.5171958979499744
26,030,0001,1479,2603000011479,61,1.792391689498254
26,030,0001,1498,2603000011498,17,1.255272505103306
26,030,0001,1500,2603000011500,72,1.863322860120456
26,030,0001,1515,2603000011515,20,1.3222192947339193
26,030,0001,152A,260300001152A,8,0.9542425094393249
26,030,0001,1534,2603000011534,0,0.0
26,030,0001,1746,2603000011746,4174,3.620656479819621
26,030,0001,1750,2603000011750,2722,3.4350476413399647
26,030,0001,177A,260300001177A,2032,3.3081373786380386
26,030,0001,1799,2603000011799,2271,3.3564083270389813
26,030,0001,1835,2603000011835,2540,3.4050046650503694
26,030,0001,184A,260300001184A,2536,3.404320467221731
26,030,0001,1854,2603000011854,1608,3.2065560440990297
26,030,0001,1869,2603000011869,2202,3.343014497150768
26,030,0001,1873,2603000011873,2237,3.3498600821923312
26,030,0001,1888,2603000011888,1614,3.2081725266671217
26,030,0001,1905,2603000011905,1856,3.2688119037397803
26,030,0001,191A,260300001191A,1663,3.2211533219547053
26,030,0001,1924,2603000011924,1627,3.2116544005531824
26,030,0001,1939,2603000011939,1476,3.1693804953119495
26,030,0001,1943,2603000011943,1388,3.1427022457376155
26,030,0001,1958,2603000011958,1022,3.00987563371216
26,030,0001,1996,2603000011996,823,2.9159272116971158
26,030,0001,2000,2603000012000,1053,3.022840610876528
26,030,0001,2015,2603000012015,1146,3.0595634179012676
26,030,0001,202A,260300001202A,3065,3.4865721505183562
26,030,0001,2049,2603000012049,1898,3.2785249647370174
26,030,0001,2068,2603000012068,1212,3.083860800866573
26,030,0001,2072,2603000012072,1378,3.13956426617585
26,030,0001,2087,2603000012087,853,2.931457870689005
26,030,0001,2091,2603000012091,601,2.7795964912578244
26,030,0001,2195,2603000012195,2910,3.464042205438811
26,030,0001,2208,2603000012208,1794,3.254064452914338
26,030,0001,2246,2603000012246,14443,4.159687479754789
26,030,0001,2250,2603000012250,6061,3.7826159320316033
26,030,0001,2265,2603000012265,2968,3.472610197596045
26,030,0001,2299,2603000012299,2839,3.4533183400470375
26,030,0001,2335,2603000012335,6062,3.7826875682349663
26,030,0001,234A,260300001234A,2825,3.45117215751254
26,030,0001,2354,2603000012354,3270,3.5146805441249818
26,030,0001,2373,2603000012373,3047,3.4840149626675627
26,030,0001,2388,2603000012388,4185,3.6217992240026677
26,030,0001,2405,2603000012405,3421,3.5342800052050816
26,030,0001,2443,2603000012443,3672,3.5650209283452936
26,030,0001,2458,2603000012458,2511,3.4000196350651586
26,030,0001,2462,2603000012462,737,2.8680563618230415
26,030,0001,2477,2603000012477,2982,3.474653253362063
26,030,0001,2481,2603000012481,870,2.9400181550076634
26,030,0001,2509,2603000012509,2279,3.357934847000454
26,030,0001,2513,2603000012513,900,2.954724790979063
26,030,0001,2528,2603000012528,5911,3.7717344253867693
26,030,0001,2532,2603000012532,2541,3.4051755462179893
26,030,0001,2547,2603000012547,2286,3.3592661646067485
26,030,0001,2551,2603000012551,2357,3.3725438007590705
26,030,0001,2566,2603000012566,18,1.2787536009528289
26,030,0001,2570,2603000012570,10,1.0413926851582251
26,030,0001,2585,2603000012585,5372,3.730216840568694
26,030,0001,2602,2603000012602,177,2.250420002308894
26,030,0001,2617,2603000012617,5748,3.759592308645975
26,030,0001,2621,2603000012621,7410,3.8698768132667665
26,030,0001,2636,2603000012636,1851,3.2676409823459154
26,030,0001,2640,2603000012640,3360,3.5264685124694775
26,030,0001,2655,2603000012655,1860,3.269746373130767
26,030,0001,2706,2603000012706,5435,3.7352794480604565
26,030,0001,2710,2603000012710,8006,3.9034698285071703
26,030,0001,273A,260300001273A,1341,3.1277525158329733
26,030,0001,2744,2603000012744,56,1.7558748556724915
26,030,0001,2763,2603000012763,7242,3.8599184852007156
26,030,0001,2778,2603000012778,4472,3.650598898172657
26,030,0001,280A,260300001280A,3180,3.502563669107363
26,030,0001,2852,2603000012852,1,0.3010299956639812
26,030,0001,2886,2603000012886,3806,3.580582876814367
26,030,0001,2890,2603000012890,2769,3.4424797690644486
26,030,0001,2903,2603000012903,3088,3.4898179083014504
26,030,0001,2918,2603000012918,2212,3.344981413927258
26,030,0001,2922,2603000012922,1331,3.1245042248342823
26,030,0001,2937,2603000012937,1606,3.2060158767633444
26,030,0001,2941,2603000012941,1522,3.1826999033360424
26,030,0001,2956,2603000012956,2410,3.382197210377454
26,030,0001,2960,2603000012960,1352,3.131297796597623
26,030,0001,2975,2603000012975,2909,3.4638929889859074
26,030,0001,298A,260300001298A,1322,3.1215598441875008
26,030,0001,2994,2603000012994,1849,3.2671717284030137
26,030,0001,3009,2603000013009,846,2.9278834103307068
26,030,0001,3013,2603000013013,820,2.9143431571194407
26,030,0001,3028,2603000013028,386,2.5877109650189114
26,030,0001,3032,2603000013032,726,2.8615344108590377
26,030,0001,3047,2603000013047,1105,3.0437551269686796
26,030,0001,3051,2603000013051,2855,3.455758203104137
26,030,0001,3066,2603000013066,1730,3.238297067875394
26,030,0001,3070,2603000013070,2254,3.3531465462139796
26,030,0001,3085,2603000013085,2515,3.400710636773231
26,030,0001,3225,2603000013225,2371,3.375114684692225
26,030,0001,323A,260300001323A,2676,3.4276483711869328
26,030,0001,3244,2603000013244,4564,3.659440781870318
26,030,0001,3259,2603000013259,3904,3.591621038213319
26,030,0001,3263,2603000013263,3766,3.5759956202032677
26,030,0001,3278,2603000013278,4110,3.61394747678035
26,030,0001,3282,2603000013282,1770,3.248218561190075
26,030,0001,3297,2603000013297,5231,3.718667735316211
26,030,0001,330A,260300001330A,2318,3.3653007486379876
26,030,0001,3314,2603000013314,2781,3.4443571256560275
26,030,0001,3329,2603000013329,1898,3.2785249647370174
26,030,0001,3333,2603000013333,2509,3.399673721481038
26,030,0001,3348,2603000013348,2843,3.4539295920577286
26,030,0001,3352,2603000013352,126,2.103803720955957
26,030,0001,3367,2603000013367,918,2.9633155113861114
26,030,0001,3371,2603000013371,2021,3.3057811512549824
26,030,0001,3386,2603000013386,1812,3.258397804095509
26,030,0001,3390,2603000013390,3881,3.589055531052344
26,030,0001,3418,2603000013418,2341,3.369586890736344
26,030,0001,3422,2603000013422,2808,3.448551739201578
26,030,0001,3437,2603000013437,2714,3.433769833924866
26,030,0001,3441,2603000013441,1644,3.216165902285993
26,030,0001,3456,2603000013456,2073,3.316808752053022
26,030,0001,3460,2603000013460,3751,3.5742628297070267
26,030,0001,483A,260300001483A,4005,3.6027109449575576
26,030,0001,4844,2603000014844,4316,3.635182048656268
26,030,0001,4859,2603000014859,2402,3.3807537708039
26,030,0001,4863,2603000014863,8169,3.9122220565324155
26,030,0001,4878,2603000014878,231,2.3654879848909
26,030,0001,490A,260300001490A,3127,3.4952667443878105
26,030,0001,4914,2603000014914,1511,3.1795517911651876
26,030,0001,4929,2603000014929,2278,3.3577443251803754
26,030,0001,4933,2603000014933,2482,3.394976719554564
26,030,0001,4948,2603000014948,2704,3.4321672694425884
26,030,0001,4952,2603000014952,2275,3.3571722577230334
26,030,0001,4967,2603000014967,4061,3.608739919068788
26,030,0001,4971,2603000014971,2244,3.351216345339342
26,030,0001,4986,2603000014986,2004,3.302114376956201
26,030,0001,4990,2603000014990,3141,3.4972061807039547
26,030,0001,5005,2603000015005,5,0.7781512503836436
26,030,0001,5039,2603000015039,3804,3.5803546611065915
26,030,0001,5043,2603000015043,2588,3.413132050434872
26,030,0001,5058,2603000015058,2447,3.3888114134735234
26,030,0001,5062,2603000015062,2458,3.390758528738717
26,030,0001,5077,2603000015077,1289,3.110589710299249
26,030,0001,5081,2603000015081,1156,3.0633333589517497
26,030,0001,5096,2603000015096,2016,3.3047058982127653
26,030,0001,5109,2603000015109,1521,3.182414652434554
26,030,0001,5113,2603000015113,2636,3.4211101297934343
26,030,0001,5128,2603000015128,2824,3.4510184521554574
26,030,0001,5132,2603000015132,3356,3.5259513412480126
26,030,0001,5151,2603000015151,2472,3.3932241163612975
26,030,0001,5166,2603000015166,2126,3.327767489902729
26,030,0001,5170,2603000015170,1959,3.292256071356476
26,030,0001,5185,2603000015185,1742,3.2412973871099933
26,030,0001,519A,260300001519A,1960,3.292477593667784
26,030,0001,5202,2603000015202,1415,3.15106325335375
26,030,0001,5217,2603000015217,3172,3.501470072100412
26,030,0001,5221,2603000015221,1934,3.28668096935493
26,030,0001,5236,2603000015236,2388,3.378216149749878
26,030,0001,5240,2603000015240,728,2.8627275283179747
26,030,0001,5255,2603000015255,604,2.781755374652469
26,030,0001,526A,260300001526A,1665,3.2216749970707688
26,030,0001,5274,2603000015274,2193,3.3412366232386925
26,030,0001,5289,2603000015289,1526,3.1838390370564214
26,030,0001,5293,2603000015293,1588,3.2011238972073794
26,030,0001,5306,2603000015306,1965,3.2935835134961167
26,030,0001,5310,2603000015310,1741,3.241048150671644
26,030,0001,5325,2603000015325,1412,3.1501421618485588
26,030,0001,533A,260300001533A,1994,3.299942900022767
26,030,0001,5344,2603000015344,2703,3.4320066872695985
26,030,0001,5359,2603000015359,2099,3.322219294733919
26,030,0001,5363,2603000015363,2988,3.4755259150392805
26,030,0001,5378,2603000015378,3756,3.5748411950633847
26,030,0001,5382,2603000015382,3353,3.525563058270067
26,030,0001,5397,2603000015397,3036,3.4824447919182653
26,030,0001,540A,260300001540A,2859,3.456366033129043
26,030,0001,5414,2603000015414,3326,3.5220528008688223
26,030,0001,5429,2603000015429,745,2.8727388274726686
26,030,0001,5433,2603000015433,1414,3.150756439860309
26,030,0001,5448,2603000015448,1675,3.2242740142942576
26,030,0001,5452,2603000015452,2414,3.382917135087531
26,030,0001,5467,2603000015467,1310,3.117602691690084
26,030,0001,5471,2603000015471,1509,3.1789769472931693
26,030,0001,5486,2603000015486,2284,3.358886204405869
26,030,0001,5490,2603000015490,3371,3.527887565952705
26,030,0001,5503,2603000015503,1828,3.262213705476417
26,030,0001,5518,2603000015518,528,2.7234556720351857
26,030,0001,5522,2603000015522,1336,3.1261314072619846
26,030,0001,5537,2603000015537,1310,3.117602691690084
26,030,0001,5560,2603000015560,5298,3.7241939195143297
26,030,0001,5575,2603000015575,4810,3.6822353569025643
26,030,0001,558A,260300001558A,2232,3.348888723071438
26,030,0001,5594,2603000015594,2608,3.4164740791002206
26,030,0001,5607,2603000015607,1646,3.2166935991697545
26,030,0001,5611,2603000015611,1254,3.098643725817057
26,030,0001,5626,2603000015626,2476,3.3939260065858368
26,030,0001,5630,2603000015630,2865,3.4572761860613257
26,030,0001,5645,2603000015645,1470,3.16761267272753
26,030,0001,565A,260300001565A,2856,3.455910240382743
26,030,0001,5664,2603000015664,1156,3.0633333589517497
26,030,0001,5679,2603000015679,460,2.663700925389648
26,030,0001,5683,2603000015683,2814,3.449478399187365
26,030,0001,5698,2603000015698,4061,3.608739919068788
26,030,0001,5700,2603000015700,2586,3.4127964287165433
26,030,0001,5715,2603000015715,2587,3.4129642719966626
26,030,0001,572A,260300001572A,2435,3.3866772839608377
26,030,0001,5734,2603000015734,1270,3.104145550554008
26,030,0001,5749,2603000015749,1374,3.1383026981662816
26,030,0001,5753,2603000015753,152,2.184691430817599
26,030,0001,5768,2603000015768,861,2.9355072658247128
26,030,0001,5772,2603000015772,2762,3.4413808849165113
26,030,0001,5823,2603000015823,2590,3.413467412985825
26,030,0001,5838,2603000015838,1322,3.1215598441875008
26,030,0001,5842,2603000015842,2178,3.3382572302462554
26,030,0001,5857,2603000015857,1735,3.239549720840473
26,030,0001,5861,2603000015861,1452,3.1622656142980214
26,030,0001,5876,2603000015876,2322,3.3660492098002353
26,030,0001,5880,2603000015880,341,2.534026106056135
26,030,0001,5895,2603000015895,89,1.954242509439325
26,030,0001,5908,2603000015908,64,1.8129133566428555
26,030,0001,5912,2603000015912,70,1.8512583487190752
26,030,0001,5927,2603000015927,397,2.5998830720736876
26,030,0001,5965,2603000015965,1514,3.180412632838324
26,030,0001,597A,260300001597A,3227,3.5089335260500327
26,030,0001,5984,2603000015984,3672,3.5650209283452936
26,030,0001,5999,2603000015999,2627,3.419625360887743
26,030,0001,6003,2603000016003,4749,3.6766936096248664
26,030,0001,6018,2603000016018,4285,3.63205216670581
26,030,0001,6022,2603000016022,2166,3.335858911319818
26,030,0001,6037,2603000016037,1568,3.1956229435869368
26,030,0001,6041,2603000016041,3842,3.584670384464349
26,030,0001,6056,2603000016056,2032,3.3081373786380386
26,030,0001,6060,2603000016060,4322,3.635785235533652
26,030,0001,6075,2603000016075,2070,3.3161800988934527
26,030,0001,608A,260300001608A,644,2.8095597146352675
26,030,0001,6107,2603000016107,16,1.2304489213782739
26,030,0001,6111,2603000016111,81,1.9138138523837167
26,030,0001,6126,2603000016126,1976,3.2960066693136723
26,030,0001,6130,2603000016130,3444,3.5371892262436444
26,030,0001,6145,2603000016145,1248,3.0965624383741357
26,030,0001,615A,260300001615A,2964,3.4720246977002813
26,030,0001,6164,2603000016164,1981,3.2971036501492565
26,030,0001,6179,2603000016179,487,2.6884198220027105
26,030,0001,6183,2603000016183,310,2.4927603890268375
26,030,0001,6198,2603000016198,563,2.751279103983342
26,030,0001,6200,2603000016200,6095,3.785044958331544
26,030,0001,6215,2603000016215,2103,3.3230457354817013
26,030,0001,622A,260300001622A,7394,3.868938178332911
26,030,0001,6234,2603000016234,100,2.0043213737826426
26,030,0001,6304,2603000016304,666,2.824125833916549
26,030,0001,6319,2603000016319,2427,3.38524868240322
26,030,0001,6323,2603000016323,841,2.9253120914996495
26,030,0001,6338,2603000016338,2537,3.404491617758686
26,030,0001,6342,2603000016342,0,0.0
26,030,0001,6357,2603000016357,118,2.0755469613925306
26,030,0001,6361,2603000016361,636,2.8041394323353503
26,030,0001,6376,2603000016376,3307,3.519565500880509
26,030,0001,6380,2603000016380,277,2.444044795918076
26,030,0001,6395,2603000016395,392,2.5943925503754266
26,030,0001,6408,2603000016408,5,0.7781512503836436
26,030,0001,6412,2603000016412,71,1.8573324964312685
26,030,0001,6427,2603000016427,55,1.7481880270062005
26,030,0001,6431,2603000016431,374,2.574031267727719
26,030,0001,6446,2603000016446,2149,3.3324384599156054
26,030,0001,6450,2603000016450,4709,3.673020907128896
26,030,0001,6465,2603000016465,1191,3.076276255404218
26,030,0001,647A,260300001647A,74,1.8750612633917
26,030,0001,6624,2603000016624,2317,3.3651134316275773
26,030,0001,6639,2603000016639,2011,3.30362797638389
26,030,0001,6643,2603000016643,4729,3.6748611407378116
26,030,0001,6658,2603000016658,4754,3.6771505212734326
26,030,0001,6662,2603000016662,3771,3.5765716840652906
26,030,0001,6677,2603000016677,3837,3.5841049703994527
26,030,0001,6681,2603000016681,1927,3.285107029566812
26,030,0001,6696,2603000016696,376,2.576341350205793
26,030,0001,6709,2603000016709,774,2.88930170250631
26,030,0001,6713,2603000016713,329,2.5185139398778875
26,030,0001,6728,2603000016728,80,1.9084850188786497
26,030,0001,6732,2603000016732,959,2.9822712330395684
26,030,0001,6747,2603000016747,412,2.615950051656401
26,030,0001,6751,2603000016751,148,2.173186268412274
26,030,0001,6766,2603000016766,2750,3.4394905903896835
26,030,0001,6770,2603000016770,1365,3.1354506993455136
26,030,0001,6785,2603000016785,28,1.462397997898956
26,030,0001,679A,260300001679A,0,0.0
26,030,0001,6802,2603000016802,2423,3.3845326154942486
26,030,0001,6817,2603000016817,4355,3.6390878710837375
26,030,0001,6821,2603000016821,4,0.6989700043360189
26,030,0001,6836,2603000016836,2217,3.3459615418131414
26,030,0001,6840,2603000016840,3288,3.5170638734826545
26,030,0001,6855,2603000016855,1257,3.09968064110925
26,030,0001,686A,260300001686A,0,0.0
26,030,0001,6874,2603000016874,628,2.798650645445269
26,030,0001,6893,2603000016893,157,2.1986570869544226
26,030,0001,6906,2603000016906,400,2.603144372620182
26,030,0001,6910,2603000016910,2620,3.4184670209466006
26,030,0001,6925,2603000016925,1656,3.219322508419337
26,030,0001,693A,260300001693A,2199,3.342422680822206
26,030,0001,6944,2603000016944,2344,3.370142847051102
26,030,0001,6959,2603000016959,2016,3.3047058982127653
26,030,0001,6963,2603000016963,3684,3.56643749219507
26,030,0001,6978,2603000016978,1471,3.16790781000148
26,030,0001,6982,2603000016982,2411,3.3823773034681137
26,030,0001,6997,2603000016997,595,2.7752462597402365
26,030,0001,7001,2603000017001,596,2.775974331129369
26,030,0001,7016,2603000017016,164,2.2174839442139063
26,030,0001,7020,2603000017020,2061,3.3142886609474975
26,030,0001,7035,2603000017035,715,2.8549130223078554
26,030,0001,704A,260300001704A,1267,3.1031192535457137
26,030,0001,7054,2603000017054,1553,3.1914510144648953
26,030,0001,7069,2603000017069,550,2.741151598851785
26,030,0001,7073,2603000017073,39,1.6020599913279623
26,030,0001,7088,2603000017088,166,2.2227164711475833
26,030,0001,7092,2603000017092,252,2.403120521175818
26,030,0001,7105,2603000017105,71,1.8573324964312685
26,030,0001,711A,260300001711A,216,2.3364597338485296
26,030,0001,7124,2603000017124,168,2.2278867046136734
26,030,0001,7139,2603000017139,17,1.255272505103306
26,030,0001,7143,2603000017143,162,2.2121876044039577
26,030,0001,7158,2603000017158,727,2.862131379313037
26,030,0001,7162,2603000017162,512,2.7101173651118162
26,030,0001,7177,2603000017177,2311,3.3639878297484915
26,030,0001,7181,2603000017181,292,2.4668676203541096
26,030,0001,7196,2603000017196,621,2.7937903846908188
26,030,0001,7209,2603000017209,1143,3.058426024457005
26,030,0001,7213,2603000017213,915,2.9618954736678504
26,030,0001,7228,2603000017228,1383,3.141136090120739
26,030,0001,7232,2603000017232,2694,3.4305587695227575
26,030,0001,7247,2603000017247,614,2.788875115775417
26,030,0001,7251,2603000017251,790,2.8981764834976764
26,030,0001,7266,2603000017266,83,1.9242792860618816
26,030,0001,7270,2603000017270,566,2.7535830588929064
26,030,0001,7285,2603000017285,333,2.5237464668115646
26,030,0001,729A,260300001729A,289,2.462397997898956
26,030,0001,7302,2603000017302,340,2.5327543789924976
26,030,0001,7317,2603000017317,852,2.930949031167523
26,030,0001,7321,2603000017321,0,0.0
26,030,0001,7336,2603000017336,559,2.7481880270062002
26,030,0001,7340,2603000017340,299,2.4771212547196626
26,030,0001,7355,2603000017355,3648,3.5621738633646483
26,030,0001,736A,260300001736A,1,0.3010299956639812
26,030,0001,7374,2603000017374,0,0.0
26,030,0001,7389,2603000017389,4455,3.6489451821656727
26,030,0001,7393,2603000017393,172,2.2380461031287955
26,030,0001,7406,2603000017406,92,1.968482948553935
26,030,0001,7410,2603000017410,93,1.9731278535996986
26,030,0001,7425,2603000017425,7,0.9030899869919435
26,030,0001,743A,260300001743A,142,2.155336037465062
26,030,0001,7444,2603000017444,2533,3.4038066105474227
26,030,0001,7459,2603000017459,11,1.0791812460476249
26,030,0001,7463,2603000017463,2441,3.3877456596088638
26,030,0001,7478,2603000017478,506,2.705007959333336
26,030,0001,7482,2603000017482,1259,3.100370545117563
26,030,0001,7497,2603000017497,367,2.5658478186735176
26,030,0001,750A,260300001750A,5444,3.735997884091794
26,030,0001,7514,2603000017514,1175,3.0704073217401198
26,030,0001,7529,2603000017529,2750,3.4394905903896835
26,030,0001,7548,2603000017548,79,1.9030899869919435
26,030,0001,7552,2603000017552,58,1.7708520116421442
26,030,0001,7567,2603000017567,405,2.6085260335771943
26,030,0001,7571,2603000017571,104,2.0211892990699383
26,030,0001,7586,2603000017586,279,2.4471580313422194
26,030,0001,7603,2603000017603,214,2.3324384599156054
26,030,0001,7618,2603000017618,47,1.6812412373755872
26,030,0001,7622,2603000017622,0,0.0
26,030,0001,7637,2603000017637,279,2.4471580313422194
26,030,0001,7641,2603000017641,180,2.2576785748691846
26,030,0001,7656,2603000017656,491,2.69196510276736
26,030,0001,7660,2603000017660,503,2.7024305364455254
26,030,0001,7675,2603000017675,329,2.5185139398778875
26,030,0001,768A,260300001768A,139,2.146128035678238
26,030,0001,7694,2603000017694,10,1.0413926851582251
26,030,0001,7707,2603000017707,1460,3.1646502159342966
26,030,0001,7711,2603000017711,874,2.942008053022313
26,030,0001,7726,2603000017726,397,2.5998830720736876
26,030,0001,7798,2603000017798,1258,3.1000257301078626
26,030,0001,7800,2603000017800,2708,3.4328090050331683
26,030,0001,7815,2603000017815,2062,3.3144992279731516
26,030,0001,782A,260300001782A,122,2.089905111439398
26,030,0001,7834,2603000017834,447,2.651278013998144
26,030,0001,7849,2603000017849,16,1.2304489213782739
26,030,0001,7853,2603000017853,39,1.6020599913279623
26,030,0001,7868,2603000017868,927,2.967547976218862
26,030,0001,7872,2603000017872,1359,3.1335389083702174
26,030,0001,7887,2603000017887,768,2.885926339801431
26,030,0001,7891,2603000017891,0,0.0
26,030,0001,7904,2603000017904,3499,3.5440680443502757
26,030,0001,7919,2603000017919,0,0.0
26,030,0001,7923,2603000017923,4191,3.6224212739756703
26,030,0001,7938,2603000017938,1404,3.1476763242410986
26,030,0001,7942,2603000017942,0,0.0
26,030,0001,7957,2603000017957,575,2.760422483423212
26,030,0001,7961,2603000017961,50,1.7075701760979363
26,030,0001,7976,2603000017976,103,2.0170333392987803
26,030,0001,7980,2603000017980,767,2.885361220031512
26,030,0001,7995,2603000017995,200,2.303196057420489
26,030,0001,800A,260300001800A,221,2.346352974450639
26,030,0001,8014,2603000018014,2723,3.4352071032407476
26,030,0001,8029,2603000018029,4041,3.606596309179285
26,030,0001,8033,2603000018033,5932,3.773274348337454
26,030,0001,8048,2603000018048,1512,3.179838928023187
26,030,0001,8052,2603000018052,2283,3.3586960995738107
26,030,0001,8067,2603000018067,1952,3.2907022432878543
26,030,0001,8071,2603000018071,1286,3.1095785469043866
26,030,0001,8090,2603000018090,736,2.8674674878590514
26,030,0001,8103,2603000018103,0,0.0
26,030,0001,8118,2603000018118,0,0.0
26,030,0001,8122,2603000018122,393,2.595496221825574
26,030,0001,8137,2603000018137,2889,3.4608978427565478
26,030,0001,8141,2603000018141,452,2.656098202012832
26,030,0001,8211,2603000018211,678,2.8318697742805017
26,030,0001,8226,2603000018226,2,0.47712125471966244
26,030,0001,8230,2603000018230,27,1.4471580313422192
26,030,0001,8245,2603000018245,0,0.0
26,030,0001,825A,260300001825A,1760,3.245759355967277
26,030,0001,8264,2603000018264,141,2.1522883443830563
26,030,0001,8279,2603000018279,3314,3.520483532740792
26,030,0001,8283,2603000018283,2388,3.378216149749878
26,030,0001,8298,2603000018298,497,2.6972293427597176
26,030,0001,8300,2603000018300,417,2.621176281775035
26,030,0001,8315,2603000018315,86,1.9395192526186185
26,030,0001,832A,260300001832A,9,1.0
26,030,0001,8334,2603000018334,504,2.7032913781186614
26,030,0001,8349,2603000018349,0,0.0
26,030,0001,8353,2603000018353,0,0.0
26,030,0001,8368,2603000018368,8,0.9542425094393249
26,030,0001,8372,2603000018372,14,1.1760912590556813
26,030,0001,8387,2603000018387,37,1.5797835966168101
26,030,0001,8391,2603000018391,89,1.954242509439325
26,030,0001,8404,2603000018404,1028,3.012415374762433
26,030,0001,8419,2603000018419,416,2.6201360549737576
26,030,0001,8423,2603000018423,70,1.8512583487190752
26,030,0001,8438,2603000018438,356,2.552668216112193
26,030,0001,8442,2603000018442,557,2.7466341989375787
26,030,0001,8457,2603000018457,59,1.7781512503836436
26,030,0001,8461,2603000018461,442,2.6464037262230695
26,030,0001,8476,2603000018476,508,2.7067177823367587
26,030,0001,8480,2603000018480,32,1.5185139398778875
26,030,0001,8495,2603000018495,2,0.47712125471966244
26,030,0001,8508,2603000018508,130,2.1172712956557644
26,030,0001,8512,2603000018512,0,0.0
26,030,0001,8527,2603000018527,64,1.8129133566428555
26,030,0001,8531,2603000018531,1107,3.044539760392411
26,030,0001,8546,2603000018546,575,2.760422483423212
26,030,0001,8550,2603000018550,2061,3.3142886609474975
26,030,0001,8601,2603000018601,88,1.9493900066449128
26,030,0001,8616,2603000018616,11,1.0791812460476249
26,030,0001,8620,2603000018620,10,1.0413926851582251
26,030,0001,8635,2603000018635,2041,3.3100557377508912
26,030,0001,864A,260300001864A,424,2.6283889300503116
26,030,0001,8654,2603000018654,1156,3.0633333589517497
26,030,0001,8669,2603000018669,14,1.1760912590556813
26,030,0001,8673,2603000018673,87,1.9444826721501687
26,030,0001,8688,2603000018688,8,0.9542425094393249
26,030,0001,8692,2603000018692,283,2.4533183400470375
26,030,0001,8705,2603000018705,490,2.6910814921229687
26,030,0001,871A,260300001871A,4,0.6989700043360189
26,030,0001,8724,2603000018724,2,0.47712125471966244
26,030,0001,8739,2603000018739,904,2.9566485792052033
26,030,0001,8743,2603000018743,1,0.3010299956639812
26,030,0001,8758,2603000018758,275,2.4409090820652177
26,030,0001,8866,2603000018866,1170,3.068556895072363
26,030,0001,8870,2603000018870,3548,3.550105999347593
26,030,0001,8885,2603000018885,1747,3.2425414282983844
26,030,0001,889A,260300001889A,2080,3.318272080211627
26,030,0001,8902,2603000018902,207,2.3180633349627615
26,030,0001,8917,2603000018917,721,2.858537197569639
26,030,0001,8921,2603000018921,222,2.3483048630481607
26,030,0001,8936,2603000018936,106,2.0293837776852097
26,030,0001,8940,2603000018940,25,1.414973347970818
26,030,0001,8955,2603000018955,4065,3.60916737430202
26,030,0001,896A,260300001896A,305,2.48572142648158
26,030,0001,8989,2603000018989,25,1.414973347970818
26,030,0001,8993,2603000018993,2973,3.4733409641859354
26,030,0137,0057,2603001370057,0,0.0
26,030,0137,0061,2603001370061,57,1.7634279935629373
26,030,0137,0485,2603001370485,0,0.0
26,030,0137,0589,2603001370589,111,2.0492180226701815
26,030,0137,1040,2603001371040,546,2.737987326333431
26,030,0137,3140,2603001373140,1075,3.0318122713303706
26,030,0137,3155,2603001373155,601,2.7795964912578244
26,030,0137,316A,260300137316A,1895,3.2778383330020473
26,030,0137,3174,2603001373174,28,1.462397997898956
26,030,0137,3189,2603001373189,19,1.3010299956639813
26,030,0137,3193,2603001373193,27,1.4471580313422192
26,030,0137,3206,2603001373206,19,1.3010299956639813
26,030,0137,3210,2603001373210,9,1.0
26,030,0137,5024,2603001375024,1228,3.089551882886454
26,030,0137,5950,2603001375950,121,2.0863598306747484
26,030,0137,6272,2603001376272,0,0.0
26,030,0137,6287,2603001376287,135,2.1335389083702174
26,030,0137,6291,2603001376291,228,2.359835482339888
26,030,0137,6484,2603001376484,2,0.47712125471966244
26,030,0137,6499,2603001376499,130,2.1172712956557644
26,030,0137,661A,260300137661A,0,0.0
26,030,0137,8762,2603001378762,8,0.9542425094393249
26,030,0137,8796,2603001378796,196,2.294466226161593
26,030,0137,8809,2603001378809,19,1.3010299956639813
26,030,0343,0038,2603003430038,135,2.1335389083702174
26,030,0343,0856,2603003430856,2716,3.4340896384178907
26,030,0343,0860,2603003430860,43,1.6434526764861874
26,030,0343,0875,2603003430875,177,2.250420002308894
26,030,0343,088A,260300343088A,0,0.0
26,030,0343,0979,2603003430979,78,1.8976270912904414
26,030,0343,0983,2603003430983,18,1.2787536009528289
26,030,0343,0998,2603003430998,135,2.1335389083702174
26,030,0343,1002,2603003431002,6,0.8450980400142568
26,030,0343,1017,2603003431017,0,0.0
26,030,0343,1021,2603003431021,126,2.103803720955957
26,030,0343,1036,2603003431036,92,1.968482948553935
26,030,0343,1341,2603003431341,20,1.3222192947339193
26,030,0343,1356,2603003431356,13,1.146128035678238
26,030,0343,1483,2603003431483,128,2.110589710299249
26,030,0343,3102,2603003433102,3370,3.5277587525209717
26,030,0343,3117,2603003433117,2299,3.361727836017593
26,030,0343,3121,2603003433121,2065,3.315130317183602
26,030,0343,3136,2603003433136,3131,3.495821753385906
26,030,0343,4882,2603003434882,2856,3.455910240382743
26,030,0343,4897,2603003434897,2572,3.4104397862103464
26,030,0343,5541,2603003435541,942,2.9745116927373285
26,030,0343,5556,2603003435556,2359,3.3729120029701067
26,030,0343,5787,2603003435787,193,2.287801729930226
26,030,0343,5791,2603003435791,3,0.6020599913279624
26,030,0343,5804,2603003435804,1223,3.087781417809542
26,030,0343,5819,2603003435819,251,2.401400540781544
26,030,0343,5931,2603003435931,409,2.6127838567197355
26,030,0343,5946,2603003435946,329,2.5185139398778875
26,030,0343,6249,2603003436249,2032,3.3081373786380386
26,030,0343,6253,2603003436253,905,2.957128197676813
26,030,0343,6268,2603003436268,388,2.5899496013257077
26,030,0343,6501,2603003436501,71,1.8573324964312685
26,030,0343,6516,2603003436516,353,2.5490032620257876
26,030,0343,6520,2603003436520,35,1.5563025007672873
26,030,0343,6535,2603003436535,614,2.788875115775417
26,030,0343,654A,260300343654A,2928,3.4667193716815987
26,030,0343,6554,2603003436554,836,2.92272545799326
26,030,0343,6569,2603003436569,97,1.9912260756924949
26,030,0343,6573,2603003436573,0,0.0
26,030,0343,6588,2603003436588,918,2.9633155113861114
26,030,0343,7533,2603003437533,2282,3.3585059114902354
26,030,0343,7730,2603003437730,322,2.509202522331103
26,030,0343,7745,2603003437745,15,1.2041199826559248
26,030,0343,775A,260300343775A,39,1.6020599913279623
26,030,0343,8156,2603003438156,210,2.3242824552976926
26,030,0343,8160,2603003438160,385,2.586587304671755
26,030,0343,8175,2603003438175,59,1.7781512503836436
26,030,0343,818A,260300343818A,149,2.1760912590556813
26,030,0343,8194,2603003438194,347,2.5415792439465807
26,030,0343,8207,2603003438207,77,1.8920946026904804
26,030,0343,8565,2603003438565,231,2.3654879848909
26,030,0343,8813,2603003438813,342,2.5352941200427703
26,030,0343,8828,2603003438828,150,2.1789769472931693
26,030,0535,0042,2603005350042,2,0.47712125471966244
26,030,0535,138A,260300535138A,2,0.47712125471966244
26,030,0535,7764,2603005357764,563,2.751279103983342
26,030,0535,7779,2603005357779,1495,3.1749315935284423
26,030,0535,7783,2603005357783,1072,3.030599721965951
26,030,0535,857A,260300535857A,24,1.3979400086720377
26,030,0535,8584,2603005358584,11,1.0791812460476249
26,030,0535,8599,2603005358599,78,1.8976270912904414
26,030,0535,8832,2603005358832,10,1.0413926851582251
26,030,0535,8847,2603005358847,5,0.7781512503836436
26,030,0535,8851,2603005358851,104,2.0211892990699383
26,031,0001,0425,2603100010425,272,2.436162647040756
26,031,0001,043A,260310001043A,308,2.4899584794248346
26,031,0001,0459,2603100010459,3,0.6020599913279624
26,031,0001,0463,2603100010463,54,1.7403626894942439
26,031,0001,0478,2603100010478,50,1.7075701760979363
26,031,0001,0482,2603100010482,3,0.6020599913279624
26,031,0001,0497,2603100010497,3,0.6020599913279624
26,031,0001,050A,260310001050A,43,1.6434526764861874
26,031,0001,0514,2603100010514,0,0.0
26,031,0001,0529,2603100010529,6,0.8450980400142568
26,031,0001,0533,2603100010533,64,1.8129133566428555
26,031,0001,0548,2603100010548,0,0.0
26,031,0001,0552,2603100010552,1,0.3010299956639812
26,031,0001,0567,2603100010567,0,0.0
26,031,0001,0571,2603100010571,0,0.0
26,031,0001,0586,2603100010586,3,0.6020599913279624
26,031,0001,0590,2603100010590,0,0.0
26,032,0001,009A,260320001009A,446,2.6503075231319366
26,032,0001,0102,2603200010102,401,2.60422605308447
26,032,0001,0189,2603200010189,18,1.2787536009528289
26,033,0001,0218,2603300010218,2561,3.4085791254086675
26,033,0001,0222,2603300010222,1490,3.1734776434529945
26,033,0001,0256,2603300010256,2326,3.36679638328673
26,033,0001,0260,2603300010260,2847,3.4545399849648186
26,033,0001,0275,2603300010275,1554,3.1917303933628562
26,033,0001,028A,260330001028A,1520,3.182129214052998
26,033,0001,0307,2603300010307,2831,3.4520932490177314
26,033,0001,0311,2603300010311,2379,3.376576957056512
26,033,0001,0326,2603300010326,1700,3.230704313612569
26,033,0001,0330,2603300010330,1421,3.1528995963937474
26,033,0001,0345,2603300010345,1781,3.250907699700856
26,033,0001,035A,260330001035A,1111,3.0461047872460387
26,033,0001,0523,2603300010523,720,2.857935264719429
26,033,0001,0538,2603300010538,2394,3.379305517750582
26,033,0001,0542,2603300010542,1502,3.176958980586908
26,033,0001,0557,2603300010557,1255,3.0989896394011773
26,033,0001,0595,2603300010595,654,2.816241299991783
26,033,0001,0646,2603300010646,0,0.0
26,033,0001,0650,2603300010650,1,0.3010299956639812
26,033,0001,0665,2603300010665,0,0.0
26,033,0001,067A,260330001067A,0,0.0
26,033,0001,0699,2603300010699,5,0.7781512503836436
26,033,0001,0773,2603300010773,0,0.0
26,033,0001,0824,2603300010824,212,2.3283796034387376
26,033,0001,0858,2603300010858,18,1.2787536009528289
26,033,0001,0862,2603300010862,42,1.6334684555795864
26,033,0054,0576,2603300540576,1642,3.215637563435062
26,033,0054,0580,2603300540580,696,2.8432327780980096
26,033,0094,0059,2603300940059,4577,3.660675788338524
26,033,0094,0612,2603300940612,0,0.0
26,033,0094,0627,2603300940627,41,1.6232492903979006
26,033,0094,0684,2603300940684,0,0.0
26,033,0094,0701,2603300940701,13,1.146128035678238
26,033,0094,074A,260330094074A,39,1.6020599913279623
26,033,0094,0754,2603300940754,2,0.47712125471966244
26,033,0094,0769,2603300940769,43,1.6434526764861874
26,033,0094,0788,2603300940788,55,1.7481880270062005
26,033,0094,0792,2603300940792,61,1.792391689498254
26,033,0094,0805,2603300940805,131,2.12057393120585
26,033,0094,0843,2603300940843,0,0.0
26,033,0099,0294,2603300990294,3677,3.5656117249020585
26,033,0099,0608,2603300990608,0,0.0
26,034,0001,0075,2603400010075,492,2.69284691927723
26,034,0001,0126,2603400010126,0,0.0
26,034,0001,0130,2603400010130,0,0.0
26,034,0001,0145,2603400010145,6,0.8450980400142568
26,034,0001,015A,260340001015A,18,1.2787536009528289
26,034,0001,0164,2603400010164,43,1.6434526764861874
26,034,0001,0179,2603400010179,96,1.9867717342662448
26,034,0001,0183,2603400010183,24,1.3979400086720377
26,034,0001,0198,2603400010198,6,0.8450980400142568
26,035,0001,0284,2603500010284,1235,3.092018470752797
26,035,0001,0299,2603500010299,1179,3.0718820073061255
26,035,0001,0301,2603500010301,1082,3.0346284566253203
26,035,0001,0316,2603500010316,1650,3.2177470732627937
26,035,0001,0320,2603500010320,526,2.7218106152125467
26,035,0001,0532,2603500010532,276,2.4424797690644486
26,035,0001,0547,2603500010547,291,2.4653828514484184
26,035,0001,0551,2603500010551,116,2.0681858617461617
26,035,0001,0566,2603500010566,0,0.0
26,035,0001,0570,2603500010570,38,1.591064607026499
26,035,0001,0585,2603500010585,23,1.380211241711606
26,035,0001,059A,260350001059A,222,2.3483048630481607
26,035,0001,0636,2603500010636,4,0.6989700043360189
26,035,0001,0640,2603500010640,25,1.414973347970818
26,035,0001,0655,2603500010655,9,1.0
26,035,0001,0674,2603500010674,9,1.0
26,035,0001,0689,2603500010689,0,0.0
26,035,0001,0693,2603500010693,239,2.380211241711606
26,036,0001,0192,2603600010192,1294,3.1122697684172707
26,036,0001,0385,2603600010385,2112,3.3248994970523134
26,036,0001,039A,260360001039A,2512,3.400192488592576
26,036,0001,0402,2603600010402,2384,3.3774883833761327
26,036,0001,0417,2603600010417,3476,3.5412046906832586
26,036,0001,0436,2603600010436,1692,3.2286569581089353
26,036,0001,0440,2603600010440,1841,3.26528962586083
26,036,0001,0455,2603600010455,1368,3.13640344813399
26,036,0001,046A,260360001046A,1312,3.118264726089479
26,036,0001,0474,2603600010474,1188,3.0751818546186915
26,036,0001,0489,2603600010489,1643,3.215901813204032
26,036,0001,0493,2603600010493,195,2.292256071356476
26,036,0001,0506,2603600010506,1570,3.1961761850399735
26,036,0001,0510,2603600010510,807,2.907411360774586
26,036,0001,0525,2603600010525,1265,3.1024337056813365
26,036,0001,053A,260360001053A,868,2.9390197764486663
26,036,0001,0544,2603600010544,1062,3.0265332645232967
26,036,0001,0559,2603600010559,4,0.6989700043360189
26,036,0001,0563,2603600010563,52,1.724275869600789
26,036,0001,0578,2603600010578,115,2.0644579892269186
26,036,0001,0582,2603600010582,68,1.8388490907372552
26,036,0001,0597,2603600010597,71,1.8573324964312685
26,036,0001,060A,260360001060A,106,2.0293837776852097
26,036,0001,0614,2603600010614,30,1.4913616938342726
26,036,0001,0629,2603600010629,101,2.0086001717619175
26,036,0001,0633,2603600010633,39,1.6020599913279623
26,036,0001,0648,2603600010648,18,1.2787536009528289
26,036,0001,0652,2603600010652,215,2.3344537511509307
26,036,0001,0667,2603600010667,2,0.47712125471966244
26,036,0001,0671,2603600010671,0,0.0
26,036,0001,0690,2603600010690,45,1.662757831681574
26,036,0001,0703,2603600010703,0,0.0
26,036,0001,0718,2603600010718,97,1.9912260756924949
26,036,0001,0722,2603600010722,216,2.3364597338485296
26,036,0001,0737,2603600010737,106,2.0293837776852097
26,036,0001,0741,2603600010741,715,2.8549130223078554
26,036,0001,0756,2603600010756,278,2.4456042032735974
26,036,0001,0760,2603600010760,423,2.6273658565927325
26,036,0001,0775,2603600010775,1139,3.0569048513364727
26,037,0001,0109,2603700010109,704,2.848189116991399
26,037,0001,0113,2603700010113,310,2.4927603890268375
26,037,0001,0217,2603700010217,5,0.7781512503836436
26,037,0001,0221,2603700010221,8,0.9542425094393249
26,037,0001,0236,2603700010236,9,1.0
26,037,0001,0240,2603700010240,10,1.0413926851582251
26,037,0001,0255,2603700010255,1,0.3010299956639812
26,037,0001,026A,260370001026A,11,1.0791812460476249
26,037,0001,0274,2603700010274,0,0.0
26,037,0001,0289,2603700010289,0,0.0
26,037,0001,0293,2603700010293,0,0.0
26,037,0001,0306,2603700010306,0,0.0
26,038,0001,0214,2603800010214,1744,3.241795431295199
26,038,0001,0229,2603800010229,1101,3.042181594515766
26,038,0001,0233,2603800010233,1266,3.1027766148834415
26,038,0001,0375,2603800010375,21,1.3424226808222062
26,038,0001,038A,260380001038A,404,2.6074550232146687
26,038,0001,0394,2603800010394,238,2.3783979009481375
26,038,0001,0407,2603800010407,0,0.0
26,038,0001,0411,2603800010411,13,1.146128035678238
26,039,0001,0137,2603900010137,1282,3.1082266563749283
26,039,0001,0141,2603900010141,1021,3.009450895798694
26,039,0001,0156,2603900010156,828,2.9185545305502734
26,039,0001,0226,2603900010226,1252,3.09795107099415
26,039,0001,0230,2603900010230,174,2.2430380486862944
26,039,0001,0245,2603900010245,10,1.0413926851582251
26,039,0001,025A,260390001025A,414,2.6180480967120925
26,039,0001,0264,2603900010264,185,2.2695129442179165
26,039,0001,0279,2603900010279,33,1.5314789170422551
26,039,0001,0283,2603900010283,24,1.3979400086720377
26,039,0001,0298,2603900010298,23,1.380211241711606
26,039,0001,0300,2603900010300,5,0.7781512503836436
26,039,0001,032A,260390001032A,0,0.0
26,039,0001,0334,2603900010334,0,0.0
26,039,0001,0349,2603900010349,160,2.2068258760318495
26,039,0001,0353,2603900010353,4,0.6989700043360189
26,039,0001,0368,2603900010368,0,0.0
26,039,0001,0372,2603900010372,14,1.1760912590556813
26,039,0001,0387,2603900010387,56,1.7558748556724915
26,039,0001,0391,2603900010391,0,0.0
26,039,0001,0404,2603900010404,0,0.0
26,039,0001,0419,2603900010419,0,0.0
26,040,0001,0636,2604000010636,365,2.5634810853944106
26,040,0001,0640,2604000010640,345,2.5390760987927767
26,040,0001,0689,2604000010689,0,0.0
26,040,0001,0693,2604000010693,5,0.7781512503836436
26,040,0001,0706,2604000010706,25,1.414973347970818
26,040,0001,0710,2604000010710,22,1.3617278360175928
26,040,0001,0725,2604000010725,0,0.0
26,040,0001,073A,260400001073A,0,0.0
26,040,0001,0744,2604000010744,15,1.2041199826559248
26,040,0001,0759,2604000010759,4,0.6989700043360189
26,040,0001,0763,2604000010763,35,1.5563025007672873
26,041,0001,0188,2604100010188,1205,3.0813473078041325
26,041,0001,0192,2604100010192,1596,3.203304916138483
26,041,0001,021A,260410001021A,2022,3.3059958827708047
26,041,0001,0224,2604100010224,1770,3.248218561190075
26,041,0001,0239,2604100010239,133,2.1271047983648077
26,041,0001,0243,2604100010243,932,2.9698816437465
26,041,0001,0370,2604100010370,421,2.625312450961674
26,041,0001,0385,2604100010385,671,2.8273692730538253
26,041,0001,039A,260410001039A,366,2.5646660642520893
26,041,0001,0402,2604100010402,885,2.9474337218870508
26,041,0001,0417,2604100010417,801,2.9041743682841634
26,041,0001,0421,2604100010421,49,1.6989700043360187
26,041,0001,0436,2604100010436,176,2.247973266361807
26,041,0001,0440,2604100010440,148,2.173186268412274
26,041,0001,0455,2604100010455,19,1.3010299956639813
26,041,0001,046A,260410001046A,333,2.5237464668115646
26,041,0001,0474,2604100010474,272,2.436162647040756
26,041,0001,0489,2604100010489,14,1.1760912590556813
26,041,0001,0493,2604100010493,196,2.294466226161593
26,041,0001,0506,2604100010506,94,1.9777236052888478
26,041,0001,0510,2604100010510,151,2.1818435879447726
26,041,0001,0525,2604100010525,47,1.6812412373755872
26,041,0001,053A,260410001053A,0,0.0
26,041,0001,0544,2604100010544,69,1.845098040014257
26,041,0001,0559,2604100010559,81,1.9138138523837167
26,041,0001,0563,2604100010563,40,1.6127838567197355
26,041,0001,0578,2604100010578,15,1.2041199826559248
26,041,0001,0582,2604100010582,0,0.0
26,041,0001,0597,2604100010597,23,1.380211241711606
26,041,0001,060A,260410001060A,5,0.7781512503836436
26,041,0001,0614,2604100010614,0,0.0
26,041,0001,0629,2604100010629,36,1.568201724066995
26,041,0001,0648,2604100010648,4,0.6989700043360189
26,041,0001,0667,2604100010667,40,1.6127838567197355
26,041,0001,0671,2604100010671,19,1.3010299956639813
26,041,0001,0686,2604100010686,147,2.1702617153949575
26,041,0001,0690,2604100010690,15,1.2041199826559248
26,041,0001,0703,2604100010703,16,1.2304489213782739
26,041,0001,0718,2604100010718,16,1.2304489213782739
26,041,0001,0722,2604100010722,27,1.4471580313422192
26,041,0001,0737,2604100010737,4,0.6989700043360189
26,041,0001,0741,2604100010741,5,0.7781512503836436
26,041,0001,0756,2604100010756,23,1.380211241711606
26,041,0001,0760,2604100010760,43,1.6434526764861874
26,041,0001,0775,2604100010775,0,0.0
26,041,0001,078A,260410001078A,10,1.0413926851582251
26,041,0001,0794,2604100010794,48,1.6901960800285136
26,042,0001,0378,2604200010378,2258,3.353916230920363
26,042,0001,0414,2604200010414,2981,3.474507639116976
26,042,0001,0433,2604200010433,171,2.2355284469075487
26,042,0001,0471,2604200010471,2144,3.331427296520743
26,042,0001,0503,2604200010503,2191,3.3408405498123317
26,042,0001,0518,2604200010518,942,2.9745116927373285
26,042,0001,0522,2604200010522,1591,3.20194306340165
26,042,0001,0537,2604200010537,3017,3.479719235439571
26,042,0001,0541,2604200010541,1583,3.1997551772534747
26,042,0001,0556,2604200010556,1496,3.1752218003430523
26,042,0001,0560,2604200010560,2346,3.3705130895985924
26,042,0001,0575,2604200010575,482,2.683947130751512
26,042,0001,058A,260420001058A,1938,3.2875778090787056
26,042,0001,0594,2604200010594,1634,3.2135177569963047
26,042,0001,0607,2604200010607,1480,3.1705550585212086
26,042,0001,0611,2604200010611,1010,3.004751155591001
26,042,0001,0626,2604200010626,1140,3.0572856444182146
26,042,0001,0645,2604200010645,2450,3.389343311252078
26,042,0001,065A,260420001065A,1420,3.15259407792747
26,042,0001,0664,2604200010664,1012,3.0056094453602804
26,042,0001,0683,2604200010683,5126,3.709863317440399
26,042,0001,0698,2604200010698,2321,3.365862215402555
26,042,0001,0700,2604200010700,1614,3.2081725266671217
26,042,0001,0715,2604200010715,4122,3.6152133348013584
26,042,0001,072A,260420001072A,474,2.6766936096248664
26,042,0001,0734,2604200010734,1144,3.0588054866759067
26,042,0001,0749,2604200010749,1735,3.239549720840473
26,042,0001,1041,2604200011041,4991,3.6982745766743674
26,042,0001,1056,2604200011056,670,2.826722520168992
26,042,0001,1060,2604200011060,176,2.247973266361807
26,042,0001,108A,260420001108A,2414,3.382917135087531
26,042,0001,1094,2604200011094,1165,3.0666985504229953
26,042,0001,1107,2604200011107,2065,3.315130317183602
26,042,0001,1111,2604200011111,2553,3.4072208929273966
26,042,0001,1126,2604200011126,2,0.47712125471966244
26,042,0001,1130,2604200011130,1628,3.2119210843085093
26,042,0001,1145,2604200011145,481,2.6830470382388496
26,042,0001,115A,260420001115A,204,2.311753861055754
26,042,0001,1164,2604200011164,2197,3.3420276880874717
26,042,0001,1179,2604200011179,1795,3.2543063323312857
26,042,0001,1183,2604200011183,2681,3.42845877351558
26,042,0001,1198,2604200011198,2392,3.378942698613437
26,042,0001,1200,2604200011200,2476,3.3939260065858368
26,042,0001,1215,2604200011215,2123,3.3271545124094315
26,042,0001,122A,260420001122A,1288,3.110252917353403
26,042,0001,1234,2604200011234,1587,3.2008504980910772
26,042,0001,1253,2604200011253,1626,3.2113875529368587
26,042,0001,1272,2604200011272,0,0.0
26,042,0001,1287,2604200011287,1200,3.079543007402906
26,042,0001,1291,2604200011291,326,2.514547752660286
26,042,0001,1304,2604200011304,0,0.0
26,042,0001,1323,2604200011323,0,0.0
26,042,0001,1338,2604200011338,3174,3.5017437296279943
26,042,0001,1342,2604200011342,2208,3.344195715871435
26,042,0001,1357,2604200011357,1026,3.0115704435972783
26,042,0001,1361,2604200011361,2227,3.3479151865016914
26,042,0001,1376,2604200011376,61,1.792391689498254
26,042,0001,1380,2604200011380,41,1.6232492903979006
26,042,0001,1412,2604200011412,188,2.2764618041732443
26,042,0001,1427,2604200011427,439,2.6434526764861874
26,042,0001,1431,2604200011431,9,1.0
26,042,0001,1446,2604200011446,4,0.6989700043360189
26,042,0001,1450,2604200011450,0,0.0
26,042,0001,1465,2604200011465,3074,3.4878451201114355
26,042,0001,147A,260420001147A,373,2.5728716022004803
26,042,0001,1484,2604200011484,0,0.0
26,042,0001,1499,2604200011499,7,0.9030899869919435
26,042,0001,1501,2604200011501,1471,3.16790781000148
26,042,0001,1516,2604200011516,492,2.69284691927723
26,042,0001,1520,2604200011520,69,1.845098040014257
26,042,0001,1535,2604200011535,969,2.9867717342662448
26,042,0001,154A,260420001154A,2013,3.3040594662175993
26,042,0001,1554,2604200011554,0,0.0
26,042,0001,1569,2604200011569,1042,3.018284308426531
26,042,0001,1573,2604200011573,1131,3.0538464268522527
26,042,0001,1588,2604200011588,2050,3.3119656603683665
26,042,0001,1592,2604200011592,1512,3.179838928023187
26,042,0001,1605,2604200011605,1798,3.2550311633455515
26,042,0001,161A,260420001161A,2016,3.3047058982127653
26,042,0001,1624,2604200011624,3,0.6020599913279624
26,042,0001,1639,2604200011639,12,1.1139433523068367
26,042,0001,1643,2604200011643,802,2.904715545278681
26,042,0001,1658,2604200011658,1910,3.281260687055013
26,042,0001,1662,2604200011662,21,1.3424226808222062
26,042,0001,1677,2604200011677,4,0.6989700043360189
26,042,0001,1681,2604200011681,0,0.0
26,042,0001,1696,2604200011696,0,0.0
26,042,0001,1709,2604200011709,0,0.0
26,042,0001,1713,2604200011713,21,1.3424226808222062
26,042,0001,1728,2604200011728,22,1.3617278360175928
26,042,0001,1732,2604200011732,12,1.1139433523068367
26,042,0001,1747,2604200011747,108,2.037426497940624
26,042,0001,1751,2604200011751,49,1.6989700043360187
26,042,0001,1766,2604200011766,6,0.8450980400142568
26,042,0001,1770,2604200011770,1084,3.0354297381845483
26,042,0001,1785,2604200011785,15,1.2041199826559248
26,042,0001,179A,260420001179A,3,0.6020599913279624
26,042,0001,1802,2604200011802,387,2.5888317255942073
26,042,0001,1821,2604200011821,0,0.0
26,042,0001,1836,2604200011836,0,0.0
26,042,0001,1840,2604200011840,15,1.2041199826559248
26,042,0001,1855,2604200011855,31,1.505149978319906
26,042,0001,186A,260420001186A,7,0.9030899869919435
26,042,0001,1874,2604200011874,8,0.9542425094393249
26,042,0001,1893,2604200011893,178,2.2528530309798933
26,042,0001,1906,2604200011906,154,2.1903316981702914
26,042,0001,1910,2604200011910,0,0.0
26,042,0001,1925,2604200011925,23,1.380211241711606
26,042,0001,193A,260420001193A,183,2.2648178230095364
26,042,0001,1944,2604200011944,28,1.462397997898956
26,042,0001,1959,2604200011959,12,1.1139433523068367
26,042,0001,1963,2604200011963,1105,3.0437551269686796
26,042,0001,1978,2604200011978,200,2.303196057420489
26,042,0001,1982,2604200011982,0,0.0
26,042,0001,1997,2604200011997,0,0.0
26,042,0001,2001,2604200012001,20,1.3222192947339193
26,042,0001,2016,2604200012016,38,1.591064607026499
26,042,0001,2020,2604200012020,6,0.8450980400142568
26,042,0001,2035,2604200012035,905,2.957128197676813
26,042,0001,204A,260420001204A,69,1.845098040014257
26,042,0001,2054,2604200012054,0,0.0
26,042,0001,2069,2604200012069,7,0.9030899869919435
26,042,0001,2073,2604200012073,2,0.47712125471966244
26,042,0001,2088,2604200012088,5,0.7781512503836436
26,042,0001,2092,2604200012092,0,0.0
26,042,0001,2105,2604200012105,0,0.0
26,042,0001,211A,260420001211A,70,1.8512583487190752
26,042,0001,2124,2604200012124,145,2.164352855784437
26,042,0531,1037,2604205311037,1463,3.165541076722373
26,042,0531,1075,2604205311075,1191,3.076276255404218
26,042,0531,1268,2604205311268,14,1.1760912590556813
26,043,0001,0197,2604300010197,1171,3.068927611682072
26,043,0001,0233,2604300010233,2040,3.3098430047160705
26,043,0001,0248,2604300010248,2278,3.3577443251803754
26,043,0001,0267,2604300010267,1958,3.2920344359947364
26,043,0001,0286,2604300010286,1797,3.25478968739721
26,043,0001,0290,2604300010290,1121,3.0499928569201424
26,043,0001,0318,2604300010318,1299,3.113943352306837
26,043,0001,0341,2604300010341,4903,3.690550461510359
26,043,0001,0360,2604300010360,4530,3.656194062179186
26,043,0001,0375,2604300010375,1575,3.1975562131535367
26,043,0001,038A,260430001038A,2335,3.3684728384403617
26,043,0001,0407,2604300010407,898,2.9537596917332287
26,043,0001,0411,2604300010411,43,1.6434526764861874
26,043,0001,0426,2604300010426,3547,3.5499836111596887
26,043,0001,045A,260430001045A,1241,3.0941215958405612
26,043,0001,0464,2604300010464,1868,3.271609301378832
26,043,0001,0479,2604300010479,2609,3.416640507338281
26,043,0001,0483,2604300010483,3214,3.5071809772602407
26,043,0001,0498,2604300010498,481,2.6830470382388496
26,043,0001,0500,2604300010500,1159,3.0644579892269186
26,043,0001,0515,2604300010515,954,2.9800033715837464
26,043,0001,052A,260430001052A,2043,3.3104808914626753
26,043,0001,0549,2604300010549,3601,3.5565437084835145
26,043,0001,0553,2604300010553,3073,3.4877038631637265
26,043,0001,0731,2604300010731,3819,3.582063362911709
26,043,0001,0746,2604300010746,1382,3.1408221801093106
26,043,0001,0750,2604300010750,2645,3.422589839851482
26,043,0001,0765,2604300010765,4066,3.6092741724045876
26,043,0001,077A,260430001077A,1016,3.0073209529227447
26,043,0001,0799,2604300010799,4358,3.639386869017684
26,043,0001,0801,2604300010801,3,0.6020599913279624
26,043,0001,0816,2604300010816,2094,3.3211840273023143
26,043,0001,0820,2604300010820,175,2.24551266781415
26,043,0001,0835,2604300010835,2846,3.454387467146955
26,043,0001,084A,260430001084A,1404,3.1476763242410986
26,043,0001,0854,2604300010854,3579,3.5538830266438746
26,043,0001,0869,2604300010869,875,2.9425041061680806
26,043,0001,0888,2604300010888,1843,3.2657609167176105
26,043,0001,0892,2604300010892,2978,3.4740705032150436
26,043,0001,0905,2604300010905,1,0.3010299956639812
26,043,0001,091A,260430001091A,2491,3.396548037987132
26,043,0001,0924,2604300010924,1515,3.1806992012960347
26,043,0001,0939,2604300010939,474,2.6766936096248664
26,043,0001,0943,2604300010943,1049,3.0211892990699383
26,043,0001,0958,2604300010958,1242,3.094471128641645
26,043,0001,0962,2604300010962,1427,3.1547282074401557
26,043,0001,0977,2604300010977,1481,3.170848203643309
26,043,0001,0981,2604300010981,2525,3.402433346219312
26,043,0001,0996,2604300010996,604,2.781755374652469
26,043,0001,1000,2604300011000,635,2.803457115648414
26,043,0001,1015,2604300011015,600,2.7788744720027396
26,043,0001,102A,260430001102A,387,2.5888317255942073
26,043,0001,1034,2604300011034,64,1.8129133566428555
26,043,0001,1049,2604300011049,981,2.9921114877869495
26,043,0001,1053,2604300011053,1056,3.024074987307426
26,043,0001,1068,2604300011068,192,2.285557309007774
26,043,0001,1072,2604300011072,1459,3.164352855784437
26,043,0001,1087,2604300011087,1767,3.2474822606770544
26,043,0001,1091,2604300011091,1586,3.2005769267548483
26,043,0001,1104,2604300011104,1712,3.2337573629655103
26,043,0001,1119,2604300011119,3870,3.5878231713189552
26,043,0001,1123,2604300011123,1758,3.245265839457461
26,043,0001,1138,2604300011138,3600,3.556423121371285
26,043,0001,1142,2604300011142,1518,3.1815577738627865
26,043,0001,1157,2604300011157,1494,3.1746411926604483
26,043,0001,1161,2604300011161,4097,3.612571954065176
26,043,0001,1176,2604300011176,498,2.6981005456233897
26,043,0001,1180,2604300011180,858,2.9339931638312424
26,043,0001,1195,2604300011195,0,0.0
26,043,0001,1208,2604300011208,2677,3.42781057267599
26,043,0001,1212,2604300011212,63,1.806179973983887
26,043,0001,1227,2604300011227,987,2.9947569445876283
26,043,0001,1231,2604300011231,30,1.4913616938342726
26,043,0001,1246,2604300011246,189,2.278753600952829
26,043,0001,1250,2604300011250,1275,3.1058506743851435
26,043,0001,1265,2604300011265,1965,3.2935835134961167
26,043,0001,127A,260430001127A,2953,3.470410490975931
26,043,0001,1284,2604300011284,30,1.4913616938342726
26,043,0001,1299,2604300011299,19,1.3010299956639813
26,043,0001,1301,2604300011301,501,2.7007037171450192
26,043,0001,1316,2604300011316,709,2.8512583487190755
26,043,0001,1320,2604300011320,235,2.3729120029701067
26,043,0001,1354,2604300011354,478,2.680335513414563
26,043,0001,1369,2604300011369,129,2.113943352306837
26,043,0001,1373,2604300011373,607,2.783903579272735
26,043,0001,1388,2604300011388,123,2.093421685162235
26,043,0001,1392,2604300011392,210,2.3242824552976926
26,043,0001,1405,2604300011405,1062,3.0265332645232967
26,043,0001,141A,260430001141A,145,2.164352855784437
26,043,0001,1424,2604300011424,3501,3.5443161417474274
26,043,0001,1439,2604300011439,2548,3.4063698354692673
26,043,0001,1443,2604300011443,2252,3.3527611917238307
26,043,0001,1458,2604300011458,1741,3.241048150671644
26,043,0001,1462,2604300011462,2338,3.3690302218091532
26,043,0001,1477,2604300011477,2827,3.4514794051248616
26,043,0001,1481,2604300011481,759,2.8808135922807914
26,043,0001,1496,2604300011496,1580,3.198931869932209
26,043,0001,1513,2604300011513,42,1.6334684555795864
26,043,0001,1528,2604300011528,86,1.9395192526186185
26,043,0001,1547,2604300011547,16,1.2304489213782739
26,043,0001,1551,2604300011551,110,2.0453229787866576
26,043,0001,1566,2604300011566,5714,3.7570162347313008
26,043,0001,1570,2604300011570,386,2.5877109650189114
26,043,0001,1585,2604300011585,1494,3.1746411926604483
26,043,0001,159A,260430001159A,139,2.146128035678238
26,043,0001,1602,2604300011602,0,0.0
26,043,0001,1617,2604300011617,9,1.0
26,043,0001,1621,2604300011621,1752,3.243781916093795
26,043,0001,1636,2604300011636,85,1.9344984512435677
26,043,0001,1655,2604300011655,514,2.711807229041191
26,043,0001,166A,260430001166A,215,2.3344537511509307
26,043,0001,1674,2604300011674,992,2.996949248495381
26,043,0001,1689,2604300011689,698,2.8444771757456815
26,043,0001,1693,2604300011693,0,0.0
26,043,0001,1706,2604300011706,5067,3.7048366062114035
26,043,0001,1710,2604300011710,1,0.3010299956639812
26,043,0001,1725,2604300011725,0,0.0
26,043,0001,173A,260430001173A,70,1.8512583487190752
26,043,0001,1744,2604300011744,269,2.4313637641589874
26,043,0001,1759,2604300011759,209,2.322219294733919
26,043,0001,1763,2604300011763,1767,3.2474822606770544
26,043,0001,1778,2604300011778,2154,3.3334472744967503
26,043,0001,1782,2604300011782,8433,3.9260335966788444
26,043,0001,1797,2604300011797,2772,3.4429498695778618
26,043,0001,180A,260430001180A,17,1.255272505103306
26,043,0001,1829,2604300011829,609,2.785329835010767
26,043,0001,1833,2604300011833,1875,3.2732328340430454
26,043,0001,1848,2604300011848,1910,3.281260687055013
26,043,0001,1852,2604300011852,1223,3.087781417809542
26,043,0001,1867,2604300011867,83,1.9242792860618816
26,043,0001,1871,2604300011871,442,2.6464037262230695
26,043,0001,1886,2604300011886,164,2.2174839442139063
26,043,0001,1890,2604300011890,69,1.845098040014257
26,043,0001,1903,2604300011903,28,1.462397997898956
26,043,0001,1922,2604300011922,16,1.2304489213782739
26,043,0001,1937,2604300011937,70,1.8512583487190752
26,043,0001,1941,2604300011941,0,0.0
26,043,0001,1956,2604300011956,179,2.255272505103306
26,043,0001,1975,2604300011975,0,0.0
26,043,0001,198A,260430001198A,7,0.9030899869919435
26,043,0001,1994,2604300011994,273,2.437750562820388
26,043,0001,2009,2604300012009,0,0.0
26,043,0001,2013,2604300012013,1,0.3010299956639812
26,043,0001,2028,2604300012028,2447,3.3888114134735234
26,043,0001,2032,2604300012032,191,2.2833012287035497
26,043,0001,2051,2604300012051,222,2.3483048630481607
26,043,0001,2066,2604300012066,0,0.0
26,043,0001,2070,2604300012070,2117,3.325925955771466
26,043,0001,2085,2604300012085,5744,3.759290033024304
26,043,0001,209A,260430001209A,2,0.47712125471966244
26,043,0001,2102,2604300012102,46,1.6720978579357175
26,043,0001,2117,2604300012117,27,1.4471580313422192
26,043,0001,2121,2604300012121,1676,3.2245330626060857
26,043,0001,2136,2604300012136,2412,3.3825573219087857
26,043,0001,2140,2604300012140,187,2.27415784926368
26,043,0001,2155,2604300012155,284,2.45484486000851
26,043,0001,2193,2604300012193,2236,3.34966598409663
26,043,0001,2206,2604300012206,217,2.3384564936046046
26,043,0001,2210,2604300012210,132,2.123851640967086
26,043,0001,2225,2604300012225,958,2.9818186071706636
26,043,0001,223A,260430001223A,0,0.0
26,043,0001,2244,2604300012244,620,2.79309160017658
26,043,0001,2259,2604300012259,54,1.7403626894942439
26,043,0001,2278,2604300012278,2891,3.461198288622493
26,043,0001,2282,2604300012282,43,1.6434526764861874
26,043,0001,2297,2604300012297,2,0.47712125471966244
26,043,0001,230A,260430001230A,2,0.47712125471966244
26,043,0001,2314,2604300012314,30,1.4913616938342726
26,043,0001,2329,2604300012329,11,1.0791812460476249
26,043,0001,2333,2604300012333,351,2.546542663478131
26,043,0001,2348,2604300012348,138,2.143014800254095
26,043,0001,2371,2604300012371,7,0.9030899869919435
26,043,0001,2390,2604300012390,7,0.9030899869919435
26,043,0001,2403,2604300012403,8,0.9542425094393249
26,043,0001,2456,2604300012456,3781,3.577721524509021
26,043,0001,2460,2604300012460,3316,3.5207454715194824
26,043,0001,2475,2604300012475,1719,3.2355284469075487
26,043,0001,2494,2604300012494,55,1.7481880270062005
26,043,0001,2507,2604300012507,0,0.0
26,043,0001,2511,2604300012511,15,1.2041199826559248
26,043,0001,2526,2604300012526,6,0.8450980400142568
26,043,0001,2530,2604300012530,1,0.3010299956639812
26,043,0001,2545,2604300012545,12,1.1139433523068367
26,043,0001,255A,260430001255A,0,0.0
26,043,0001,2564,2604300012564,1296,3.11293997608408
26,043,0001,2579,2604300012579,0,0.0
26,043,0001,2583,2604300012583,0,0.0
26,043,0001,2598,2604300012598,2,0.47712125471966244
26,043,0001,2600,2604300012600,2824,3.4510184521554574
26,043,0001,2615,2604300012615,0,0.0
26,043,0001,262A,260430001262A,0,0.0
26,043,0001,2634,2604300012634,40,1.6127838567197355
26,043,0001,2649,2604300012649,458,2.661812685537261
26,043,0001,2653,2604300012653,372,2.571708831808688
26,043,0001,2668,2604300012668,2942,3.468790262099611
26,043,0001,2672,2604300012672,28,1.462397997898956
26,043,0001,2687,2604300012687,0,0.0
26,043,0001,2691,2604300012691,632,2.801403710017355
26,043,0001,2704,2604300012704,0,0.0
26,043,0001,2719,2604300012719,0,0.0
26,043,0001,2723,2604300012723,941,2.9740509027928774
26,043,0001,2738,2604300012738,1390,3.143327129992046
26,043,0001,2742,2604300012742,502,2.7015679850559273
26,043,0001,2761,2604300012761,151,2.1818435879447726
26,043,0001,2776,2604300012776,3076,3.4881274962474587
26,043,0001,2780,2604300012780,654,2.816241299991783
26,043,0001,2795,2604300012795,286,2.4578818967339924
26,043,0001,2808,2604300012808,1510,3.1792644643390253
26,043,0001,2812,2604300012812,0,0.0
26,043,0001,2827,2604300012827,194,2.290034611362518
26,043,0001,2831,2604300012831,586,2.7686381012476144
26,043,0001,2846,2604300012846,2769,3.4424797690644486
26,043,0001,2850,2604300012850,4878,3.688330818112266
26,043,0001,2865,2604300012865,936,2.971739590887778
26,043,0001,287A,260430001287A,1340,3.127428777851599
26,043,0001,2884,2604300012884,1145,3.059184617631371
26,043,0001,2899,2604300012899,3396,3.531095546870028
26,043,0001,2901,2604300012901,1164,3.0663259253620376
26,043,0001,2916,2604300012916,2,0.47712125471966244
26,044,0001,0086,2604400010086,331,2.5211380837040362
26,044,0001,0141,2604400010141,7,0.9030899869919435
26,044,0001,0160,2604400010160,8,0.9542425094393249
26,044,0001,0175,2604400010175,4,0.6989700043360189
26,045,0001,0261,2604500010261,108,2.037426497940624
26,045,0001,0276,2604500010276,171,2.2355284469075487
26,045,0001,0469,2604500010469,16,1.2304489213782739
26,045,0001,0473,2604500010473,0,0.0
26,045,0001,0488,2604500010488,0,0.0
26,046,0001,0127,2604600010127,400,2.603144372620182
26,046,0001,0199,2604600010199,74,1.8750612633917
26,047,0001,1103,2604700011103,1906,3.280350693046006
26,047,0001,1118,2604700011118,1504,3.1775364999298623
26,047,0001,1122,2604700011122,457,2.660865478003869
26,047,0001,1809,2604700011809,688,2.8382192219076257
26,047,0001,1832,2604700011832,279,2.4471580313422194
26,047,0001,1847,2604700011847,1,0.3010299956639812
26,047,0001,1851,2604700011851,16,1.2304489213782739
26,047,0001,1866,2604700011866,0,0.0
26,047,0001,1870,2604700011870,22,1.3617278360175928
26,047,0001,1885,2604700011885,59,1.7781512503836436
26,047,0001,189A,260470001189A,3,0.6020599913279624
26,047,0001,196A,260470001196A,6,0.8450980400142568
26,047,0001,1974,2604700011974,9,1.0
26,047,0001,1989,2604700011989,3,0.6020599913279624
26,047,0001,1993,2604700011993,18,1.2787536009528289
26,047,0001,2008,2604700012008,6,0.8450980400142568
26,047,0001,2012,2604700012012,1,0.3010299956639812
26,047,0001,2027,2604700012027,0,0.0
26,047,0001,2031,2604700012031,0,0.0
26,047,0001,2046,2604700012046,92,1.968482948553935
26,047,0001,2065,2604700012065,0,0.0
26,047,0001,207A,260470001207A,0,0.0
26,047,0001,2099,2604700012099,0,0.0
26,047,0001,2116,2604700012116,54,1.7403626894942439
26,047,0001,214A,260470001214A,4,0.6989700043360189
26,047,0001,2154,2604700012154,0,0.0
26,047,0001,2169,2604700012169,0,0.0
26,047,0001,2173,2604700012173,11,1.0791812460476249
26,047,0065,1917,2604700651917,713,2.8536982117761744
26,047,0065,1921,2604700651921,691,2.840106094456758
26,047,0065,1936,2604700651936,1074,3.031408464251624
26,047,0065,1940,2604700651940,0,0.0
26,047,0065,1955,2604700651955,14,1.1760912590556813
26,047,0065,2120,2604700652120,249,2.3979400086720375
26,047,0065,2135,2604700652135,9,1.0
26,048,0001,1100,2604800011100,1266,3.1027766148834415
26,048,0001,1115,2604800011115,888,2.9489017609702137
26,048,0001,1153,2604800011153,616,2.7902851640332416
26,048,0001,1191,2604800011191,392,2.5943925503754266
26,048,0001,1204,2604800011204,277,2.444044795918076
26,048,0001,1219,2604800011219,541,2.733999286538387
26,048,0001,1238,2604800011238,1125,3.0515383905153275
26,048,0001,1257,2604800011257,895,2.9523080096621253
26,048,0001,1261,2604800011261,823,2.9159272116971158
26,048,0001,1276,2604800011276,752,2.8767949762007006
26,048,0001,1365,2604800011365,1305,3.115943176939055
26,048,0001,1399,2604800011399,997,2.999130541287371
26,048,0001,2147,2604800012147,76,1.8864907251724818
26,048,0001,2151,2604800012151,1168,3.0678145111618402
26,048,0001,2170,2604800012170,589,2.7708520116421442
26,048,0001,2185,2604800012185,604,2.781755374652469
26,048,0001,219A,260480001219A,752,2.8767949762007006
26,048,0001,2202,2604800012202,665,2.823474229170301
26,048,0001,2217,2604800012217,621,2.7937903846908188
26,048,0001,2221,2604800012221,699,2.845098040014257
26,048,0001,2236,2604800012236,721,2.858537197569639
26,048,0001,2240,2604800012240,704,2.848189116991399
26,048,0001,2255,2604800012255,715,2.8549130223078554
26,048,0001,226A,260480001226A,555,2.7450747915820575
26,048,0001,2274,2604800012274,712,2.8530895298518657
26,048,0001,2289,2604800012289,631,2.800717078282385
26,048,0001,2293,2604800012293,955,2.9804578922761
26,048,0001,2306,2604800012306,747,2.8739015978644615
26,048,0001,2310,2604800012310,1205,3.0813473078041325
26,048,0001,2325,2604800012325,43,1.6434526764861874
26,048,0001,233A,260480001233A,206,2.315970345456918
26,048,0001,2363,2604800012363,1267,3.1031192535457137
26,048,0001,2378,2604800012378,196,2.294466226161593
26,048,0001,2382,2604800012382,156,2.1958996524092336
26,048,0001,2397,2604800012397,69,1.845098040014257
26,048,0001,240A,260480001240A,42,1.6334684555795864
26,048,0001,2414,2604800012414,51,1.7160033436347992
26,048,0001,2429,2604800012429,2,0.47712125471966244
26,048,0001,2433,2604800012433,118,2.0755469613925306
26,048,0001,2452,2604800012452,669,2.8260748027008264
26,048,0001,2467,2604800012467,1526,3.1838390370564214
26,048,0001,2471,2604800012471,885,2.9474337218870508
26,048,0001,2486,2604800012486,1021,3.009450895798694
26,048,0001,2490,2604800012490,729,2.863322860120456
26,048,0001,2503,2604800012503,1566,3.1950689964685903
26,048,0001,2518,2604800012518,3,0.6020599913279624
26,048,0001,2522,2604800012522,114,2.060697840353612
26,048,0001,2537,2604800012537,160,2.2068258760318495
26,048,0001,2556,2604800012556,16,1.2304489213782739
26,048,0001,2560,2604800012560,2,0.47712125471966244
26,048,0001,258A,260480001258A,376,2.576341350205793
26,048,0001,2594,2604800012594,7,0.9030899869919435
26,048,0001,2607,2604800012607,208,2.3201462861110542
26,048,0001,2611,2604800012611,859,2.934498451243568
26,048,0001,2626,2604800012626,929,2.9684829485539352
26,048,0001,2630,2604800012630,2,0.47712125471966244
26,048,0001,2679,2604800012679,274,2.439332693830263
26,048,0001,2683,2604800012683,0,0.0
26,048,0001,2698,2604800012698,1754,3.244277120801843
26,048,0001,2700,2604800012700,385,2.586587304671755
26,048,0001,2715,2604800012715,1573,3.1970047280230456
26,048,0001,272A,260480001272A,458,2.661812685537261
26,048,0001,2734,2604800012734,658,2.8188854145940097
26,048,0001,2749,2604800012749,792,2.8992731873176036
26,048,0001,2753,2604800012753,602,2.780317312140151
26,048,0001,2768,2604800012768,658,2.8188854145940097
26,048,0001,2772,2604800012772,572,2.75815462196739
26,048,0001,2787,2604800012787,701,2.846337112129805
26,048,0001,2791,2604800012791,0,0.0
26,048,0001,2804,2604800012804,211,2.326335860928751
26,048,0001,2819,2604800012819,14,1.1760912590556813
26,048,0001,2838,2604800012838,23,1.380211241711606
26,048,0001,2842,2604800012842,531,2.7259116322950483
26,048,0001,2857,2604800012857,737,2.8680563618230415
26,048,0001,2861,2604800012861,599,2.7781512503836434
26,048,0001,2880,2604800012880,0,0.0
26,048,0001,2895,2604800012895,34,1.5440680443502757
26,048,0001,2912,2604800012912,335,2.526339277389844
26,048,0001,2927,2604800012927,10,1.0413926851582251
26,048,0001,2931,2604800012931,62,1.7993405494535817
26,048,0001,3003,2604800013003,24,1.3979400086720377
26,048,0001,3018,2604800013018,1,0.3010299956639812
26,048,0001,3022,2604800013022,665,2.823474229170301
26,048,0001,3037,2604800013037,633,2.802089257881733
26,048,0001,3041,2604800013041,727,2.862131379313037
26,048,0001,3056,2604800013056,226,2.3560258571931225
26,048,0001,3060,2604800013060,0,0.0
26,048,0001,3075,2604800013075,654,2.816241299991783
26,048,0001,308A,260480001308A,545,2.7371926427047373
26,048,0001,3094,2604800013094,11,1.0791812460476249
26,048,0001,3107,2604800013107,0,0.0
26,048,0001,3111,2604800013111,0,0.0
26,048,0001,3145,2604800013145,610,2.786041210242554
26,048,0001,315A,260480001315A,3,0.6020599913279624
26,048,0001,3164,2604800013164,48,1.6901960800285136
26,048,0001,3179,2604800013179,758,2.88024177589548
26,048,0001,3183,2604800013183,1522,3.1826999033360424
26,048,0001,3198,2604800013198,858,2.9339931638312424
26,048,0001,3200,2604800013200,1808,3.257438566859814
26,048,0001,3215,2604800013215,1043,3.0187004986662433
26,048,0001,322A,260480001322A,657,2.8182258936139557
26,048,0001,3234,2604800013234,45,1.662757831681574
26,048,0001,3249,2604800013249,627,2.797959643737196
26,048,0001,3253,2604800013253,793,2.8998205024270964
26,048,0001,3268,2604800013268,233,2.369215857410143
26,048,0001,3272,2604800013272,179,2.255272505103306
26,048,0001,3287,2604800013287,533,2.727541257028556
26,048,0001,3304,2604800013304,213,2.330413773349191
26,048,0001,3319,2604800013319,0,0.0
26,048,0001,3323,2604800013323,252,2.403120521175818
26,048,0001,3338,2604800013338,2,0.47712125471966244
26,048,0001,3342,2604800013342,0,0.0
26,048,0001,3357,2604800013357,68,1.8388490907372552
26,048,0001,3361,2604800013361,684,2.8356905714924254
26,048,0001,3376,2604800013376,64,1.8129133566428555
26,048,0001,3380,2604800013380,78,1.8976270912904414
26,048,0001,3395,2604800013395,136,2.1367205671564067
26,048,0001,3408,2604800013408,272,2.436162647040756
26,048,0001,3412,2604800013412,352,2.5477747053878224
26,048,0001,3427,2604800013427,69,1.845098040014257
26,048,0001,3431,2604800013431,148,2.173186268412274
26,048,0001,3446,2604800013446,0,0.0
26,048,0001,3450,2604800013450,1059,3.0253058652647704
26,048,0001,3465,2604800013465,0,0.0
26,048,0001,347A,260480001347A,75,1.8808135922807914
26,048,0001,3484,2604800013484,2,0.47712125471966244
26,048,0001,3499,2604800013499,0,0.0
26,048,0001,3501,2604800013501,864,2.9370161074648142
26,048,0001,3516,2604800013516,378,2.578639209968072
26,048,0001,3535,2604800013535,0,0.0
26,048,0001,354A,260480001354A,180,2.2576785748691846
26,048,0001,3554,2604800013554,0,0.0
26,049,0001,035A,260490001035A,1084,3.0354297381845483
26,049,0001,0699,2604900010699,53,1.7323937598229686
26,049,0001,0720,2604900010720,23,1.380211241711606
26,049,0001,0735,2604900010735,131,2.12057393120585
26,049,0001,074A,260490001074A,8,0.9542425094393249
26,050,0001,012A,260500001012A,168,2.2278867046136734
26,050,0001,0134,2605000010134,350,2.545307116465824
26,050,0001,0149,2605000010149,511,2.709269960975831
26,050,0001,0242,2605000010242,215,2.3344537511509307
26,050,0001,0257,2605000010257,15,1.2041199826559248
26,050,0001,0261,2605000010261,11,1.0791812460476249
26,050,0001,0276,2605000010276,16,1.2304489213782739
26,050,0001,0280,2605000010280,13,1.146128035678238
26,050,0001,0295,2605000010295,2,0.47712125471966244
26,050,0001,0308,2605000010308,0,0.0
26,051,0001,0292,2605100010292,738,2.8686444383948255
26,051,0001,0362,2605100010362,1269,3.103803720955957
26,051,0001,0377,2605100010377,652,2.814913181275074
26,051,0001,0678,2605100010678,28,1.462397997898956
26,051,0001,0682,2605100010682,6,0.8450980400142568
26,051,0001,0697,2605100010697,66,1.8260748027008264
26,051,0001,070A,260510001070A,12,1.1139433523068367
26,051,0001,0714,2605100010714,34,1.5440680443502757
26,051,0001,0729,2605100010729,0,0.0
26,051,0001,0733,2605100010733,0,0.0
26,051,0001,0748,2605100010748,119,2.0791812460476247
26,051,0001,0752,2605100010752,3,0.6020599913279624
26,051,0001,0767,2605100010767,0,0.0
26,052,0001,0529,2605200010529,718,2.8567288903828825
26,052,0001,0533,2605200010533,777,2.890979596989689
26,052,0001,1029,2605200011029,527,2.722633922533812
26,052,0001,1033,2605200011033,608,2.784617292632875
26,052,0001,1048,2605200011048,525,2.7209857441537393
26,052,0001,1067,2605200011067,0,0.0
26,052,0001,1071,2605200011071,86,1.9395192526186185
26,052,0001,1086,2605200011086,107,2.03342375548695
26,052,0001,1090,2605200011090,4,0.6989700043360189
26,052,0001,1103,2605200011103,49,1.6989700043360187
26,052,0001,1118,2605200011118,1,0.3010299956639812
26,052,0001,1137,2605200011137,0,0.0
26,052,0001,1141,2605200011141,198,2.298853076409707
26,053,0001,0032,2605300010032,317,2.5024271199844326
26,053,0001,0051,2605300010051,13,1.146128035678238
26,053,0001,0066,2605300010066,0,0.0
26,053,0001,0070,2605300010070,0,0.0
26,053,0001,0085,2605300010085,36,1.568201724066995
26,054,0001,0078,2605400010078,523,2.7193312869837265
26,055,0001,0249,2605500010249,513,2.710963118995276
26,055,0001,0253,2605500010253,1072,3.030599721965951
26,055,0001,0268,2605500010268,821,2.9148718175400505
26,055,0001,0272,2605500010272,650,2.813580988568192
26,055,0001,0287,2605500010287,1283,3.1085650237328344
26,055,0001,0291,2605500010291,834,2.921686475483602
26,055,0001,0304,2605500010304,1034,3.0149403497929366
26,055,0001,0323,2605500010323,523,2.7193312869837265
26,055,0001,0338,2605500010338,961,2.983175072037813
26,055,0001,0342,2605500010342,975,2.9894498176666917
26,055,0001,0357,2605500010357,758,2.88024177589548
26,055,0001,0361,2605500010361,1972,3.295127085252191
26,055,0001,0376,2605500010376,1230,3.090258052931316
26,055,0001,0380,2605500010380,1273,3.1051694279993316
26,055,0001,0412,2605500010412,883,2.946452265013073
26,055,0001,0427,2605500010427,1088,3.037027879755775
26,055,0001,0431,2605500010431,1169,3.0681858617461617
26,055,0001,0446,2605500010446,1019,3.0086001717619175
26,055,0001,0450,2605500010450,1220,3.0867156639448825
26,055,0001,0465,2605500010465,1844,3.265996370495079
26,055,0001,047A,260550001047A,959,2.9822712330395684
26,055,0001,0484,2605500010484,848,2.928907690243953
26,055,0001,0499,2605500010499,1143,3.058426024457005
26,055,0001,0501,2605500010501,1455,3.1631613749770184
26,055,0001,0516,2605500010516,1285,3.109240968588203
26,055,0001,0520,2605500010520,1007,3.0034605321095067
26,055,0001,0535,2605500010535,1242,3.094471128641645
26,055,0001,054A,260550001054A,1125,3.0515383905153275
26,055,0001,0554,2605500010554,1212,3.083860800866573
26,055,0001,0573,2605500010573,803,2.905256048748451
26,055,0001,0588,2605500010588,845,2.9273703630390235
26,055,0001,0592,2605500010592,1174,3.070037866607755
26,055,0001,0605,2605500010605,1101,3.042181594515766
26,055,0001,061A,260550001061A,1415,3.15106325335375
26,055,0001,0624,2605500010624,1134,3.0549958615291417
26,055,0001,0639,2605500010639,1188,3.0751818546186915
26,055,0001,0643,2605500010643,1415,3.15106325335375
26,055,0001,0681,2605500010681,854,2.931966114728173
26,055,0001,0696,2605500010696,1201,3.079904467666721
26,055,0001,0709,2605500010709,888,2.9489017609702137
26,055,0001,0713,2605500010713,1231,3.090610707828407
26,055,0001,0728,2605500010728,1456,3.16345955176999
26,055,0001,0732,2605500010732,1567,3.1953460583484197
26,055,0001,0747,2605500010747,1425,3.154119525515847
26,055,0001,0751,2605500010751,2413,3.3827372657613304
26,055,0001,0785,2605500010785,290,2.4638929889859074
26,055,0001,079A,260550001079A,1037,3.016197353512439
26,055,0001,0817,2605500010817,1653,3.218535505216528
26,055,0001,0821,2605500010821,1145,3.059184617631371
26,055,0001,0836,2605500010836,1364,3.1351326513767748
26,055,0001,0893,2605500010893,1212,3.083860800866573
26,055,0001,0906,2605500010906,1071,3.030194785356751
26,055,0001,0910,2605500010910,394,2.59659709562646
26,055,0001,0997,2605500010997,690,2.8394780473741985
26,055,0001,1001,2605500011001,1154,3.062581984228163
26,055,0001,1139,2605500011139,1489,3.173186268412274
26,055,0001,1143,2605500011143,1446,3.1604685311190375
26,055,0001,1158,2605500011158,1154,3.062581984228163
26,055,0001,1162,2605500011162,1412,3.1501421618485588
26,055,0001,1177,2605500011177,1548,3.190051417759206
26,055,0001,1181,2605500011181,1789,3.2528530309798933
26,055,0001,1196,2605500011196,1163,3.06595298031387
26,055,0001,1209,2605500011209,724,2.8603380065709936
26,055,0001,1213,2605500011213,758,2.88024177589548
26,055,0001,1228,2605500011228,1519,3.1818435879447726
26,055,0001,1232,2605500011232,1308,3.116939646550756
26,055,0001,1247,2605500011247,1170,3.068556895072363
26,055,0001,1548,2605500011548,1445,3.160168292958512
26,055,0001,1603,2605500011603,1381,3.1405080430381798
26,055,0001,1618,2605500011618,1334,3.125481265700594
26,055,0001,1622,2605500011622,1225,3.0884904701823963
26,055,0001,1637,2605500011637,1540,3.1878026387184195
26,055,0001,1641,2605500011641,1332,3.1248301494138593
26,055,0001,1656,2605500011656,1328,3.123524980942732
26,055,0001,1660,2605500011660,1075,3.0318122713303706
26,055,0001,1675,2605500011675,824,2.916453948549925
26,055,0001,168A,260550001168A,901,2.9552065375419416
26,055,0001,1694,2605500011694,1355,3.1322596895310446
26,055,0001,1707,2605500011707,1042,3.018284308426531
26,055,0001,1711,2605500011711,890,2.949877704036875
26,055,0001,1726,2605500011726,21,1.3424226808222062
26,055,0001,1730,2605500011730,571,2.7573960287930244
26,055,0001,1745,2605500011745,1461,3.1649473726218416
26,055,0001,175A,260550001175A,1045,3.0195316845312554
26,055,0001,1764,2605500011764,1681,3.2258259914618934
26,055,0001,1779,2605500011779,1331,3.1245042248342823
26,055,0001,1783,2605500011783,1191,3.076276255404218
26,055,0001,1798,2605500011798,1092,3.038620161949703
26,055,0001,1800,2605500011800,1014,3.0064660422492318
26,055,0001,1815,2605500011815,1093,3.039017321997412
26,055,0001,182A,260550001182A,960,2.9827233876685453
26,055,0001,1834,2605500011834,564,2.7520484478194387
26,055,0001,1849,2605500011849,881,2.94546858513182
26,055,0001,1853,2605500011853,1411,3.149834696715785
26,055,0001,1868,2605500011868,1157,3.0637085593914173
26,055,0001,1872,2605500011872,1046,3.0199466816788423
26,055,0001,1887,2605500011887,907,2.958085848521085
26,055,0001,1891,2605500011891,793,2.8998205024270964
26,055,0001,1904,2605500011904,939,2.9731278535996988
26,055,0001,1919,2605500011919,992,2.996949248495381
26,055,0001,1923,2605500011923,977,2.9903388547876015
26,055,0001,1938,2605500011938,942,2.9745116927373285
26,055,0001,1942,2605500011942,817,2.912753303671323
26,055,0001,1957,2605500011957,1440,3.1586639808139894
26,055,0001,1961,2605500011961,1021,3.009450895798694
26,055,0001,1976,2605500011976,1011,3.0051805125037805
26,055,0001,1980,2605500011980,687,2.837588438235511
26,055,0001,1995,2605500011995,1387,3.142389466118836
26,055,0001,200A,260550001200A,569,2.7558748556724915
26,055,0001,2014,2605500012014,35,1.5563025007672873
26,055,0001,2029,2605500012029,109,2.041392685158225
26,055,0001,2033,2605500012033,2191,3.3408405498123317
26,055,0001,2048,2605500012048,194,2.290034611362518
26,055,0001,2052,2605500012052,753,2.877371345869774
26,055,0001,2067,2605500012067,942,2.9745116927373285
26,055,0001,2071,2605500012071,883,2.946452265013073
26,055,0001,2086,2605500012086,479,2.681241237375587
26,055,0001,2090,2605500012090,1916,3.2826221128780624
26,055,0001,2103,2605500012103,1566,3.1950689964685903
26,055,0001,2118,2605500012118,481,2.6830470382388496
26,055,0001,2122,2605500012122,290,2.4638929889859074
26,055,0001,2137,2605500012137,143,2.1583624920952498
26,055,0001,2141,2605500012141,466,2.6693168805661123
26,055,0001,2156,2605500012156,161,2.2095150145426308
26,055,0001,2160,2605500012160,910,2.9595183769729982
26,055,0001,2175,2605500012175,806,2.90687353472207
26,055,0001,218A,260550001218A,20,1.3222192947339193
26,055,0001,2194,2605500012194,54,1.7403626894942439
26,055,0001,2207,2605500012207,107,2.03342375548695
26,055,0001,2226,2605500012226,0,0.0
26,055,0001,225A,260550001225A,583,2.7664128471123997
26,055,0001,2264,2605500012264,0,0.0
26,055,0001,2279,2605500012279,390,2.5921767573958667
26,055,0001,2283,2605500012283,524,2.720159303405957
26,055,0001,2298,2605500012298,18,1.2787536009528289
26,055,0001,2300,2605500012300,126,2.103803720955957
26,055,0001,2315,2605500012315,54,1.7403626894942439
26,055,0001,232A,260550001232A,142,2.155336037465062
26,055,0001,2334,2605500012334,37,1.5797835966168101
26,055,0001,2353,2605500012353,0,0.0
26,055,0001,2368,2605500012368,60,1.7853298350107671
26,055,0001,2372,2605500012372,9,1.0
26,055,0001,2391,2605500012391,96,1.9867717342662448
26,055,0001,2404,2605500012404,918,2.9633155113861114
26,055,0001,2419,2605500012419,511,2.709269960975831
26,055,0001,2423,2605500012423,907,2.958085848521085
26,055,0001,2508,2605500012508,1,0.3010299956639812
26,055,0001,2512,2605500012512,144,2.161368002234975
26,055,0001,2527,2605500012527,1019,3.0086001717619175
26,055,0001,2531,2605500012531,2785,3.4449811120879446
26,055,0001,2546,2605500012546,1110,3.0457140589408676
26,055,0001,2550,2605500012550,1184,3.0737183503461227
26,055,0001,2565,2605500012565,801,2.9041743682841634
26,055,0001,257A,260550001257A,1833,3.263399331334002
26,055,0001,2584,2605500012584,833,2.921166050637739
26,055,0001,2599,2605500012599,91,1.9637878273455553
26,055,0001,2601,2605500012601,441,2.645422269349092
26,055,0001,2616,2605500012616,900,2.954724790979063
26,055,0001,2620,2605500012620,719,2.8573324964312685
26,055,0001,2635,2605500012635,939,2.9731278535996988
26,055,0001,264A,260550001264A,1021,3.009450895798694
26,055,0001,2654,2605500012654,202,2.307496037913213
26,055,0001,2669,2605500012669,37,1.5797835966168101
26,055,0001,2673,2605500012673,13,1.146128035678238
26,055,0001,2688,2605500012688,0,0.0
26,055,0001,2692,2605500012692,8,0.9542425094393249
26,055,0001,271A,260550001271A,0,0.0
26,055,0001,2724,2605500012724,49,1.6989700043360187
26,055,0001,2739,2605500012739,89,1.954242509439325
26,055,0001,2758,2605500012758,4839,3.6848453616444123
26,055,0001,2847,2605500012847,552,2.7427251313046983
26,055,0001,2885,2605500012885,9,1.0
26,055,0001,289A,260550001289A,929,2.9684829485539352
26,055,0001,2902,2605500012902,571,2.7573960287930244
26,055,0001,2917,2605500012917,420,2.6242820958356683
26,055,0001,2921,2605500012921,86,1.9395192526186185
26,055,0001,2936,2605500012936,2142,3.3310221710418286
26,055,0001,2940,2605500012940,48,1.6901960800285136
26,055,0001,2955,2605500012955,822,2.91539983521227
26,055,0001,296A,260550001296A,510,2.708420900134713
26,055,0001,2974,2605500012974,56,1.7558748556724915
26,055,0001,2989,2605500012989,0,0.0
26,055,0001,2993,2605500012993,0,0.0
26,055,0001,3099,2605500013099,0,0.0
26,055,0001,3116,2605500013116,1244,3.095169351431755
26,055,0001,3120,2605500013120,427,2.6314437690131722
26,055,0001,3135,2605500013135,1193,3.0770043267933502
26,055,0001,314A,260550001314A,369,2.568201724066995
26,055,0001,3154,2605500013154,502,2.7015679850559273
26,055,0001,3169,2605500013169,741,2.870403905279027
26,055,0001,3173,2605500013173,735,2.866877814337499
26,055,0001,3188,2605500013188,0,0.0
26,055,0001,3192,2605500013192,0,0.0
26,055,0001,3281,2605500013281,1507,3.178401341533755
26,055,0001,3296,2605500013296,0,0.0
26,055,0001,3309,2605500013309,985,2.993876914941211
26,055,0001,3313,2605500013313,241,2.383815365980431
26,055,0001,3328,2605500013328,0,0.0
26,055,0001,3332,2605500013332,22,1.3617278360175928
26,055,0001,3347,2605500013347,135,2.1335389083702174
26,055,0001,3351,2605500013351,15,1.2041199826559248
26,055,0001,3366,2605500013366,0,0.0
26,055,0001,3370,2605500013370,12,1.1139433523068367
26,055,0001,3385,2605500013385,9,1.0
26,055,0001,339A,260550001339A,0,0.0
26,055,0001,3402,2605500013402,18,1.2787536009528289
26,055,0001,3417,2605500013417,1,0.3010299956639812
26,055,0001,3421,2605500013421,936,2.971739590887778
26,055,0001,3455,2605500013455,0,0.0
26,055,0001,346A,260550001346A,10,1.0413926851582251
26,055,0001,3474,2605500013474,259,2.4149733479708178
26,055,0001,3489,2605500013489,56,1.7558748556724915
26,055,0001,3493,2605500013493,75,1.8808135922807914
26,055,0001,3506,2605500013506,70,1.8512583487190752
26,055,0001,3614,2605500013614,658,2.8188854145940097
26,055,0001,3629,2605500013629,27,1.4471580313422192
26,055,0001,3633,2605500013633,267,2.428134794028789
26,055,0001,3648,2605500013648,335,2.526339277389844
26,055,0001,3652,2605500013652,1530,3.184975190698261
26,055,0001,3667,2605500013667,2,0.47712125471966244
26,055,0001,3671,2605500013671,0,0.0
26,055,0001,3686,2605500013686,0,0.0
26,055,0001,3690,2605500013690,86,1.9395192526186185
26,055,0001,3703,2605500013703,1,0.3010299956639812
26,055,0001,3718,2605500013718,6,0.8450980400142568
26,055,0001,3722,2605500013722,15,1.2041199826559248
26,055,0001,3737,2605500013737,159,2.2041199826559246
26,055,0001,3741,2605500013741,29,1.4771212547196624
26,055,0001,3756,2605500013756,3,0.6020599913279624
26,055,0001,3760,2605500013760,4,0.6989700043360189
26,055,0001,3775,2605500013775,0,0.0
26,055,0001,378A,260550001378A,0,0.0
26,055,0001,3794,2605500013794,0,0.0
26,055,0001,3807,2605500013807,4,0.6989700043360189
26,055,0001,3811,2605500013811,0,0.0
26,055,0001,3883,2605500013883,78,1.8976270912904414
26,055,0001,3898,2605500013898,38,1.591064607026499
26,055,0001,3900,2605500013900,57,1.7634279935629373
26,055,0001,3915,2605500013915,67,1.8325089127062364
26,055,0011,2461,2605500112461,845,2.9273703630390235
26,055,0011,2476,2605500112476,822,2.91539983521227
26,055,0011,2480,2605500112480,691,2.840106094456758
26,055,0011,2495,2605500112495,531,2.7259116322950483
26,055,0011,2762,2605500112762,20,1.3222192947339193
26,055,0011,2777,2605500112777,0,0.0
26,055,0011,2781,2605500112781,70,1.8512583487190752
26,055,0011,2796,2605500112796,171,2.2355284469075487
26,055,0011,2809,2605500112809,2,0.47712125471966244
26,055,0011,2813,2605500112813,91,1.9637878273455553
26,055,0011,2832,2605500112832,63,1.806179973983887
26,055,0011,2851,2605500112851,14,1.1760912590556813
26,055,0011,2866,2605500112866,29,1.4771212547196624
26,055,0011,2870,2605500112870,18,1.2787536009528289
26,055,0011,3008,2605500113008,0,0.0
26,055,0011,3012,2605500113012,75,1.8808135922807914
26,055,0011,3027,2605500113027,5,0.7781512503836436
26,055,0011,3031,2605500113031,4,0.6989700043360189
26,055,0011,3050,2605500113050,0,0.0
26,055,0011,3224,2605500113224,62,1.7993405494535817
26,055,0011,3239,2605500113239,0,0.0
26,055,0011,3243,2605500113243,311,2.494154594018443
26,055,0011,3258,2605500113258,66,1.8260748027008264
26,055,0011,3262,2605500113262,10,1.0413926851582251
26,055,0011,3277,2605500113277,14,1.1760912590556813
26,055,0011,3510,2605500113510,215,2.3344537511509307
26,055,0011,3525,2605500113525,7,0.9030899869919435
26,055,0011,353A,260550011353A,12,1.1139433523068367
26,055,0011,3544,2605500113544,0,0.0
26,055,0011,3559,2605500113559,7,0.9030899869919435
26,055,0011,3563,2605500113563,93,1.9731278535996986
26,055,0011,3578,2605500113578,31,1.505149978319906
26,055,0011,3582,2605500113582,16,1.2304489213782739
26,055,0011,3597,2605500113597,24,1.3979400086720377
26,055,0011,360A,260550011360A,31,1.505149978319906
26,055,0011,3826,2605500113826,24,1.3979400086720377
26,055,0011,3830,2605500113830,219,2.342422680822206
26,055,0011,3864,2605500113864,25,1.414973347970818
26,055,0011,3879,2605500113879,0,0.0
26,055,0017,150A,260550017150A,845,2.9273703630390235
26,055,0017,1514,2605500171514,543,2.73559889969818
26,055,0017,1529,2605500171529,694,2.8419848045901137
26,055,0017,1586,2605500171586,1190,3.0759117614827773
26,055,0017,1590,2605500171590,1710,3.2332500095411003
26,055,0017,2211,2605500172211,324,2.5118833609788744
26,055,0017,2349,2605500172349,0,0.0
26,055,0017,2828,2605500172828,0,0.0
26,055,0017,3205,2605500173205,42,1.6334684555795864
26,055,0017,321A,260550017321A,47,1.6812412373755872
26,055,0017,3440,2605500173440,144,2.161368002234975
26,055,0017,3845,2605500173845,64,1.8129133566428555
26,055,0017,385A,260550017385A,367,2.5658478186735176
26,056,0001,0138,2605600010138,440,2.6444385894678386
26,056,0027,0231,2605600270231,1364,3.1351326513767748
26,056,0027,0246,2605600270246,1048,3.020775488193558
26,056,0027,0250,2605600270250,2589,3.413299764081252
26,056,0027,0265,2605600270265,16,1.2304489213782739
26,056,0027,027A,260560027027A,368,2.56702636615906
26,056,0027,0284,2605600270284,1550,3.190611797813605
26,056,0027,0299,2605600270299,60,1.7853298350107671
26,056,0027,0301,2605600270301,229,2.361727836017593
26,056,0027,0316,2605600270316,95,1.9822712330395684
26,056,0027,0320,2605600270320,717,2.8561244442423
26,056,0027,0335,2605600270335,287,2.459392487759231
26,056,0027,034A,260560027034A,28,1.462397997898956
26,056,0027,0354,2605600270354,272,2.436162647040756
26,056,0027,0369,2605600270369,199,2.3010299956639813
26,056,0027,0373,2605600270373,191,2.2833012287035497
26,056,0027,0388,2605600270388,21,1.3424226808222062
26,056,0027,0392,2605600270392,399,2.6020599913279625
26,056,0027,0405,2605600270405,9,1.0
26,057,0001,0262,2605700010262,290,2.4638929889859074
26,057,0001,0277,2605700010277,550,2.741151598851785
26,057,0001,0421,2605700010421,45,1.662757831681574
26,057,0001,0436,2605700010436,4,0.6989700043360189
26,057,0001,0440,2605700010440,22,1.3617278360175928
26,057,0001,0455,2605700010455,15,1.2041199826559248
26,057,0001,046A,260570001046A,4,0.6989700043360189
26,057,0001,0474,2605700010474,9,1.0
26,057,0001,0489,2605700010489,4,0.6989700043360189
26,057,0001,0493,2605700010493,3,0.6020599913279624
26,057,0001,0506,2605700010506,2,0.47712125471966244
26,057,0001,0510,2605700010510,0,0.0
26,057,0001,0525,2605700010525,10,1.0413926851582251
26,058,0001,0185,2605800010185,1155,3.0629578340845103
26,058,0001,019A,260580001019A,1464,3.1658376246901283
26,058,0001,0202,2605800010202,2645,3.422589839851482
26,058,0001,0221,2605800010221,1471,3.16790781000148
26,058,0001,0359,2605800010359,2165,3.3356584522893016
26,058,0001,0363,2605800010363,882,2.9459607035775686
26,058,0001,0378,2605800010378,1673,3.2237554536572413
26,058,0001,0382,2605800010382,121,2.0863598306747484
26,058,0001,0397,2605800010397,8,0.9542425094393249
26,058,0001,040A,260580001040A,0,0.0
26,058,0001,0414,2605800010414,2,0.47712125471966244
26,058,0001,0429,2605800010429,567,2.754348335711019
26,058,0001,0433,2605800010433,94,1.9777236052888478
26,058,0001,0448,2605800010448,111,2.0492180226701815
26,058,0001,0452,2605800010452,9,1.0
26,058,0001,0467,2605800010467,5,0.7781512503836436
26,059,0001,0144,2605900010144,355,2.5514499979728753
26,059,0001,0159,2605900010159,291,2.4653828514484184
26,059,0001,0229,2605900010229,6,0.8450980400142568
26,059,0001,0233,2605900010233,82,1.919078092376074
26,059,0001,0248,2605900010248,29,1.4771212547196624
26,059,0001,0252,2605900010252,29,1.4771212547196624
26,059,0001,0267,2605900010267,5,0.7781512503836436
26,059,0001,0271,2605900010271,4,0.6989700043360189
26,059,0001,0286,2605900010286,0,0.0
26,059,0001,0290,2605900010290,0,0.0
26,059,0001,0303,2605900010303,8,0.9542425094393249
26,059,0001,0318,2605900010318,5,0.7781512503836436
26,059,0001,0322,2605900010322,16,1.2304489213782739
26,059,0001,0337,2605900010337,16,1.2304489213782739
26,060,0001,015A,260600001015A,706,2.8494194137968996
26,061,0001,0157,2606100010157,131,2.12057393120585
26,062,0001,0192,2606200010192,450,2.6541765418779604
26,062,0001,0205,2606200010205,505,2.7041505168397992
26,062,0001,021A,260620001021A,30,1.4913616938342726
26,062,0001,0224,2606200010224,29,1.4771212547196624
26,062,0001,0243,2606200010243,44,1.6532125137753437
26,062,0001,0258,2606200010258,12,1.1139433523068367
26,062,0001,0262,2606200010262,0,0.0
26,062,0001,0277,2606200010277,2,0.47712125471966244
26,062,0001,0281,2606200010281,2,0.47712125471966244
26,063,0001,0128,2606300010128,453,2.6570558528571038
26,063,0001,0132,2606300010132,569,2.7558748556724915
26,063,0001,0221,2606300010221,14,1.1760912590556813
26,063,0001,0236,2606300010236,5,0.7781512503836436
26,063,0001,0240,2606300010240,32,1.5185139398778875
26,063,0001,0255,2606300010255,0,0.0
26,063,0001,026A,260630001026A,0,0.0
26,063,0001,0274,2606300010274,0,0.0
26,063,0001,0289,2606300010289,29,1.4771212547196624
26,063,0001,0293,2606300010293,26,1.4313637641589874
26,063,0001,0306,2606300010306,0,0.0
26,064,0001,0303,2606400010303,404,2.6074550232146687
26,064,0001,0318,2606400010318,449,2.6532125137753435
26,064,0001,0534,2606400010534,18,1.2787536009528289
26,064,0001,0549,2606400010549,11,1.0791812460476249
26,064,0001,0553,2606400010553,3,0.6020599913279624
26,064,0001,0568,2606400010568,17,1.255272505103306
26,064,0001,0572,2606400010572,13,1.146128035678238
26,064,0001,0587,2606400010587,14,1.1760912590556813
26,065,0001,018A,260650001018A,217,2.3384564936046046
26,066,0001,037A,260660001037A,882,2.9459607035775686
26,066,0001,0384,2606600010384,993,2.997386384397313
26,066,0001,0399,2606600010399,1455,3.1631613749770184
26,066,0001,0596,2606600010596,29,1.4771212547196624
26,066,0001,0609,2606600010609,247,2.3944516808262164
26,066,0001,0613,2606600010613,2,0.47712125471966244
26,066,0001,0628,2606600010628,11,1.0791812460476249
26,067,0001,0150,2606700010150,510,2.708420900134713
26,067,0001,0165,2606700010165,608,2.784617292632875
26,067,0001,0292,2606700010292,7,0.9030899869919435
26,067,0001,0305,2606700010305,30,1.4913616938342726
26,067,0001,031A,260670001031A,13,1.146128035678238
26,067,0001,0324,2606700010324,15,1.2041199826559248
26,067,0001,0339,2606700010339,0,0.0
26,067,0001,0343,2606700010343,0,0.0
26,068,0001,0139,2606800010139,437,2.6414741105040997
26,068,0001,0213,2606800010213,0,0.0
26,068,0001,0228,2606800010228,9,1.0
26,068,0001,0232,2606800010232,13,1.146128035678238
26,068,0001,0247,2606800010247,5,0.7781512503836436
26,068,0001,0251,2606800010251,5,0.7781512503836436
26,068,0001,0266,2606800010266,6,0.8450980400142568
26,068,0001,0270,2606800010270,5,0.7781512503836436
26,068,0001,0285,2606800010285,3,0.6020599913279624
26,069,0001,0441,2606900010441,267,2.428134794028789
26,069,0001,0456,2606900010456,710,2.851869600729766
26,069,0001,0460,2606900010460,643,2.808885867359812
26,069,0001,048A,260690001048A,11,1.0791812460476249
26,069,0001,0494,2606900010494,762,2.8825245379548803
26,069,0001,0507,2606900010507,3,0.6020599913279624
26,069,0001,0511,2606900010511,34,1.5440680443502757
26,069,0001,0526,2606900010526,22,1.3617278360175928
26,069,0001,0530,2606900010530,1,0.3010299956639812
26,070,0001,0086,2607000010086,1749,3.2430380486862944
26,070,0001,0090,2607000010090,1126,3.0519239160461065
26,070,0001,0103,2607000010103,1341,3.1277525158329733
26,070,0001,0122,2607000010122,528,2.7234556720351857
26,070,0001,0353,2607000010353,847,2.9283958522567137
26,070,0001,0368,2607000010368,1083,3.0350292822023683
26,070,0001,0372,2607000010372,686,2.8369567370595505
26,070,0001,0387,2607000010387,758,2.88024177589548
26,070,0001,0391,2607000010391,1168,3.0678145111618402
26,070,0001,0419,2607000010419,410,2.6138418218760693
26,070,0001,0423,2607000010423,324,2.5118833609788744
26,070,0001,0438,2607000010438,88,1.9493900066449128
26,070,0001,0442,2607000010442,147,2.1702617153949575
26,070,0001,0457,2607000010457,36,1.568201724066995
26,070,0001,0461,2607000010461,35,1.5563025007672873
26,070,0001,0476,2607000010476,11,1.0791812460476249
26,070,0001,0480,2607000010480,6,0.8450980400142568
26,070,0001,0495,2607000010495,214,2.3324384599156054
26,070,0001,0508,2607000010508,59,1.7781512503836436
26,070,0001,0512,2607000010512,26,1.4313637641589874
26,070,0001,0527,2607000010527,5,0.7781512503836436
26,070,0001,0531,2607000010531,53,1.7323937598229686
26,070,0001,0546,2607000010546,26,1.4313637641589874
26,070,0001,0550,2607000010550,64,1.8129133566428555
26,070,0001,0565,2607000010565,36,1.568201724066995
26,070,0001,057A,260700001057A,50,1.7075701760979363
26,070,0001,0584,2607000010584,10,1.0413926851582251
26,070,0001,0599,2607000010599,25,1.414973347970818
26,070,0001,0601,2607000010601,0,0.0
26,070,0001,0616,2607000010616,12,1.1139433523068367
26,070,0001,0620,2607000010620,48,1.6901960800285136
26,070,0001,0635,2607000010635,9,1.0
26,070,0001,064A,260700001064A,120,2.0827853703164503
26,070,0001,0654,2607000010654,0,0.0
26,070,0001,0669,2607000010669,11,1.0791812460476249
26,070,0001,0673,2607000010673,0,0.0
26,070,0001,0688,2607000010688,8,0.9542425094393249
26,070,0001,0692,2607000010692,9,1.0
26,070,0001,0705,2607000010705,35,1.5563025007672873
26,070,0001,071A,260700001071A,2,0.47712125471966244
26,070,0001,0724,2607000010724,0,0.0
26,070,0001,0739,2607000010739,17,1.255272505103306
26,070,0001,0743,2607000010743,10,1.0413926851582251
26,070,0001,0758,2607000010758,12,1.1139433523068367
26,070,0001,0762,2607000010762,7,0.9030899869919435
26,070,0001,0777,2607000010777,0,0.0
26,070,0001,0781,2607000010781,1,0.3010299956639812
26,070,0001,0796,2607000010796,50,1.7075701760979363
26,070,0001,0809,2607000010809,15,1.2041199826559248
26,070,0001,0813,2607000010813,1,0.3010299956639812
26,070,0001,0828,2607000010828,0,0.0
26,070,0001,0847,2607000010847,151,2.1818435879447726
26,070,0001,0851,2607000010851,4,0.6989700043360189
26,070,0001,0866,2607000010866,5,0.7781512503836436
26,071,0001,0045,2607100010045,2059,3.3138672203691533
26,071,0001,005A,260710001005A,2366,3.374198257929083
26,071,0001,0064,2607100010064,1576,3.197831693328903
26,071,0001,0079,2607100010079,1568,3.1956229435869368
26,071,0001,0083,2607100010083,2122,3.326949994165999
26,071,0001,0098,2607100010098,2681,3.42845877351558
26,071,0001,0115,2607100010115,367,2.5658478186735176
26,071,0001,012A,260710001012A,29,1.4771212547196624
26,071,0001,0153,2607100010153,70,1.8512583487190752
26,071,0001,0172,2607100010172,24,1.3979400086720377
26,071,0001,0187,2607100010187,291,2.4653828514484184
26,071,0139,0134,2607101390134,1087,3.036628895362161
26,071,0139,0149,2607101390149,1378,3.13956426617585
26,071,0139,0168,2607101390168,430,2.6344772701607315
26,071,0139,0191,2607101390191,50,1.7075701760979363
26,072,0001,0038,2607200010038,552,2.7427251313046983
26,072,0001,0042,2607200010042,540,2.7331972651065692
26,072,0001,0057,2607200010057,1541,3.188084373714938
26,072,0001,0061,2607200010061,1066,3.0281644194244697
26,072,0001,0076,2607200010076,1357,3.132899769944483
26,072,0001,0080,2607200010080,733,2.8656960599160706
26,072,0001,0095,2607200010095,1439,3.1583624920952498
26,072,0001,0108,2607200010108,168,2.2278867046136734
26,072,0001,0112,2607200010112,460,2.663700925389648
26,072,0001,0220,2607200010220,28,1.462397997898956
26,072,0001,0235,2607200010235,0,0.0
26,072,0001,024A,260720001024A,227,2.357934847000454
26,072,0001,031A,260720001031A,4,0.6989700043360189
26,072,0001,0324,2607200010324,20,1.3222192947339193
26,072,0017,0127,2607200170127,1691,3.228400358703005
26,072,0017,0131,2607200170131,1012,3.0056094453602804
26,072,0017,0201,2607200170201,38,1.591064607026499
26,072,0017,0216,2607200170216,31,1.505149978319906
26,072,0017,0254,2607200170254,20,1.3222192947339193
26,072,0017,0269,2607200170269,112,2.0530784434834195
26,072,0017,0273,2607200170273,9,1.0
26,072,0017,0292,2607200170292,30,1.4913616938342726
26,072,0017,0305,2607200170305,48,1.6901960800285136
