ENTIDAD,MUN,LOC,AGEB,CVEGEO,POBTOT,log_POBTOT
28,001,0001,0177,2800100010177,1233,3.091315159697223
28,001,0001,0213,2800100010213,594,2.7745169657285498
28,001,0001,0228,2800100010228,536,2.7299742856995555
28,001,0001,0232,2800100010232,545,2.7371926427047373
28,001,0001,0247,2800100010247,741,2.870403905279027
28,001,0001,0251,2800100010251,399,2.6020599913279625
28,001,0001,0266,2800100010266,602,2.780317312140151
28,001,0001,0478,2800100010478,38,1.591064607026499
28,001,0001,0482,2800100010482,130,2.1172712956557644
28,001,0001,0497,2800100010497,241,2.383815365980431
28,001,0001,0548,2800100010548,21,1.3424226808222062
28,001,0001,0552,2800100010552,133,2.1271047983648077
28,001,0001,0567,2800100010567,16,1.2304489213782739
28,001,0001,0571,2800100010571,0,0.0
28,001,0001,0586,2800100010586,26,1.4313637641589874
28,001,0001,0590,2800100010590,0,0.0
28,001,0001,0603,2800100010603,0,0.0
28,001,0111,0270,2800101110270,692,2.8407332346118066
28,001,0111,0285,2800101110285,954,2.9800033715837464
28,001,0111,0463,2800101110463,0,0.0
28,002,0001,0013,2800200010013,8,0.9542425094393249
28,002,0001,0403,2800200010403,1151,3.061452479087193
28,002,0001,0418,2800200010418,1108,3.04493154614916
28,002,0001,0422,2800200010422,810,2.909020854211156
28,002,0001,0437,2800200010437,1895,3.2778383330020473
28,002,0001,0441,2800200010441,1040,3.017450729510536
28,002,0001,0456,2800200010456,1121,3.0499928569201424
28,002,0001,0460,2800200010460,1380,3.140193678578631
28,002,0001,0475,2800200010475,730,2.8639173769578603
28,002,0001,0780,2800200010780,30,1.4913616938342726
28,002,0001,0795,2800200010795,121,2.0863598306747484
28,002,0001,0808,2800200010808,373,2.5728716022004803
28,002,0001,0812,2800200010812,180,2.2576785748691846
28,002,0001,0827,2800200010827,132,2.123851640967086
28,002,0001,0831,2800200010831,527,2.722633922533812
28,002,0001,0846,2800200010846,291,2.4653828514484184
28,002,0001,087A,280020001087A,150,2.1789769472931693
28,002,0001,0884,2800200010884,174,2.2430380486862944
28,002,0001,0899,2800200010899,32,1.5185139398778875
28,002,0001,0916,2800200010916,1828,3.262213705476417
28,002,0001,0920,2800200010920,323,2.510545010206612
28,002,0001,0935,2800200010935,37,1.5797835966168101
28,002,0001,094A,280020001094A,253,2.404833716619938
28,002,0001,0954,2800200010954,96,1.9867717342662448
28,002,0001,0969,2800200010969,51,1.7160033436347992
28,002,0001,0973,2800200010973,65,1.8195439355418688
28,002,0001,0988,2800200010988,299,2.4771212547196626
28,002,0001,0992,2800200010992,129,2.113943352306837
28,003,0001,0186,2800300010186,1467,3.166726055580052
28,003,0001,0190,2800300010190,2377,3.376211850282673
28,003,0001,0218,2800300010218,1257,3.09968064110925
28,003,0001,0237,2800300010237,3776,3.5771469848275252
28,003,0001,0472,2800300010472,1034,3.0149403497929366
28,003,0001,0487,2800300010487,730,2.8639173769578603
28,003,0001,0491,2800300010491,1855,3.268577971882843
28,003,0001,0504,2800300010504,1439,3.1583624920952498
28,003,0001,0519,2800300010519,662,2.821513528404773
28,003,0001,0523,2800300010523,1076,3.0322157032979815
28,003,0001,0542,2800300010542,1843,3.2657609167176105
28,003,0001,0716,2800300010716,1050,3.021602716028242
28,003,0001,0720,2800300010720,514,2.711807229041191
28,003,0001,074A,280030001074A,908,2.9585638832219674
28,003,0001,0754,2800300010754,726,2.8615344108590377
28,003,0001,0773,2800300010773,813,2.910624404889201
28,003,0001,0788,2800300010788,294,2.469822015978163
28,003,0001,0792,2800300010792,770,2.8870543780509568
28,003,0001,0805,2800300010805,791,2.8987251815894934
28,003,0001,081A,280030001081A,1133,3.0546130545568877
28,003,0001,0824,2800300010824,1324,3.1222158782728267
28,003,0001,0839,2800300010839,831,2.920123326290724
28,003,0001,0843,2800300010843,422,2.6263403673750423
28,003,0001,1095,2800300011095,0,0.0
28,003,0001,1131,2800300011131,3395,3.530967681571915
28,003,0001,1184,2800300011184,185,2.2695129442179165
28,003,0001,1201,2800300011201,2,0.47712125471966244
28,003,0001,1216,2800300011216,1,0.3010299956639812
28,003,0001,1220,2800300011220,747,2.8739015978644615
28,003,0001,1235,2800300011235,2268,3.355834495884936
28,003,0001,1466,2800300011466,670,2.826722520168992
28,003,0001,1470,2800300011470,703,2.847572659142112
28,003,0001,149A,280030001149A,1768,3.2477278329097232
28,003,0001,156A,280030001156A,0,0.0
28,003,0001,1644,2800300011644,806,2.90687353472207
28,003,0001,1659,2800300011659,829,2.9190780923760737
28,003,0001,1752,2800300011752,0,0.0
28,003,0001,1841,2800300011841,1119,3.0492180226701815
28,003,0001,1856,2800300011856,515,2.7126497016272113
28,003,0001,1860,2800300011860,637,2.8048206787211623
28,003,0001,1875,2800300011875,407,2.61066016308988
28,003,0001,188A,280030001188A,883,2.946452265013073
28,003,0001,1894,2800300011894,672,2.828015064223977
28,003,0001,1907,2800300011907,737,2.8680563618230415
28,003,0001,1911,2800300011911,11855,4.0739381906352525
28,003,0001,1926,2800300011926,4320,3.63558426631123
28,003,0001,1930,2800300011930,618,2.791690649020118
28,003,0001,1945,2800300011945,1294,3.1122697684172707
28,003,0001,195A,280030001195A,2547,3.406199423663313
28,003,0001,1964,2800300011964,2404,3.3811150807098507
28,003,0001,1979,2800300011979,854,2.931966114728173
28,003,0001,1983,2800300011983,6482,3.811776021602904
28,003,0001,1998,2800300011998,87,1.9444826721501687
28,003,0001,2002,2800300012002,370,2.569373909615046
28,003,0001,2017,2800300012017,130,2.1172712956557644
28,003,0001,2021,2800300012021,108,2.037426497940624
28,003,0001,2159,2800300012159,257,2.41161970596323
28,003,0001,220A,280030001220A,20,1.3222192947339193
28,003,0001,2214,2800300012214,9,1.0
28,003,0001,2229,2800300012229,0,0.0
28,003,0001,2248,2800300012248,13,1.146128035678238
28,003,0001,2252,2800300012252,21,1.3424226808222062
28,003,0001,2286,2800300012286,73,1.8692317197309762
28,003,0001,2375,2800300012375,78,1.8976270912904414
28,003,0001,2553,2800300012553,323,2.510545010206612
28,003,0001,2568,2800300012568,376,2.576341350205793
28,003,0001,2572,2800300012572,37,1.5797835966168101
28,003,0001,2587,2800300012587,959,2.9822712330395684
28,003,0001,2591,2800300012591,1067,3.0285712526925375
28,003,0001,2604,2800300012604,380,2.5809249756756194
28,003,0001,2619,2800300012619,1582,3.199480914862356
28,003,0001,2623,2800300012623,115,2.0644579892269186
28,003,0001,2638,2800300012638,9,1.0
28,003,0043,0684,2800300430684,1766,3.247236549506764
28,003,0043,0699,2800300430699,1651,3.218010042984363
28,003,0043,0701,2800300430701,1157,3.0637085593914173
28,003,0043,0928,2800300430928,743,2.8715729355458786
28,003,0043,0970,2800300430970,321,2.507855871695831
28,003,0043,1112,2800300431112,29,1.4771212547196624
28,003,0043,1521,2800300431521,31,1.505149978319906
28,003,0043,2267,2800300432267,20,1.3222192947339193
28,003,0043,2271,2800300432271,37,1.5797835966168101
28,003,0043,2356,2800300432356,1,0.3010299956639812
28,003,0043,2360,2800300432360,0,0.0
28,003,0122,0275,2800301220275,73,1.8692317197309762
28,003,0122,028A,280030122028A,2166,3.335858911319818
28,003,0122,0307,2800301220307,2228,3.3481100684802376
28,003,0122,0311,2800301220311,0,0.0
28,003,0122,0326,2800301220326,1,0.3010299956639812
28,003,0122,0345,2800301220345,2758,3.4407517004791854
28,003,0122,0364,2800301220364,1731,3.2385478876813276
28,003,0122,0379,2800301220379,3953,3.5970366649776535
28,003,0122,0383,2800301220383,3762,3.575534218319864
28,003,0122,0400,2800301220400,2491,3.396548037987132
28,003,0122,0576,2800301220576,1426,3.154423973114647
28,003,0122,0580,2800301220580,974,2.989004615698537
28,003,0122,0595,2800301220595,641,2.807535028068853
28,003,0122,0608,2800301220608,1465,3.166133970305109
28,003,0122,0612,2800301220612,2671,3.426836453803508
28,003,0122,0631,2800301220631,1961,3.29269900304393
28,003,0122,0646,2800301220646,2091,3.3205616801952367
28,003,0122,0665,2800301220665,3604,3.5569052690554477
28,003,0122,067A,280030122067A,3755,3.5747255835940734
28,003,0122,0862,2800301220862,1050,3.021602716028242
28,003,0122,0877,2800301220877,1269,3.103803720955957
28,003,0122,0881,2800301220881,984,2.9934362304976116
28,003,0122,0896,2800301220896,1664,3.2214142378423385
28,003,0122,0909,2800301220909,2041,3.3100557377508912
28,003,0122,0913,2800301220913,2238,3.3500540935790304
28,003,0122,1108,2800301221108,272,2.436162647040756
28,003,0122,117A,280030122117A,1391,3.1436392352745433
28,003,0122,124A,280030122124A,996,2.998695158311656
28,003,0122,1254,2800301221254,1723,3.236537261488694
28,003,0122,1269,2800301221269,1633,3.2132520521963968
28,003,0122,1273,2800301221273,1461,3.1649473726218416
28,003,0122,1288,2800301221288,2161,3.3348556896172914
28,003,0122,1292,2800301221292,1953,3.2909245593827543
28,003,0122,1305,2800301221305,2483,3.3951515915045425
28,003,0122,131A,280030122131A,1308,3.116939646550756
28,003,0122,1324,2800301221324,1085,3.035829825252828
28,003,0122,1339,2800301221339,3041,3.4831592097169795
28,003,0122,1343,2800301221343,1965,3.2935835134961167
28,003,0122,1358,2800301221358,292,2.4668676203541096
28,003,0122,1362,2800301221362,1520,3.182129214052998
28,003,0122,1377,2800301221377,2,0.47712125471966244
28,003,0122,1381,2800301221381,1450,3.161667412437736
28,003,0122,1409,2800301221409,1185,3.074084689028244
28,003,0122,1502,2800301221502,676,2.8305886686851442
28,003,0122,1517,2800301221517,3325,3.5219222448835006
28,003,0122,1574,2800301221574,484,2.6857417386022635
28,003,0122,1678,2800301221678,5095,3.707229419327294
28,003,0122,1682,2800301221682,4311,3.634678752178682
28,003,0122,1733,2800301221733,544,2.7363965022766426
28,003,0122,1790,2800301221790,4711,3.6732052817790453
28,003,0122,1803,2800301221803,3800,3.5798978696031036
28,003,0122,1818,2800301221818,2042,3.3102683666324477
28,003,0122,1822,2800301221822,1080,3.03382569395331
28,003,0122,2036,2800301222036,1408,3.1489109931093564
28,003,0122,2040,2800301222040,1940,3.2880255353883627
28,003,0122,2055,2800301222055,3267,3.514282047860378
28,003,0122,206A,280030122206A,3796,3.579440597139797
28,003,0122,2074,2800301222074,2671,3.426836453803508
28,003,0122,2089,2800301222089,1028,3.012415374762433
28,003,0122,2093,2800301222093,5068,3.7049222912234017
28,003,0122,2106,2800301222106,3351,3.525304009958239
28,003,0122,2110,2800301222110,4147,3.6178387477170033
28,003,0122,2125,2800301222125,3300,3.5186455243303114
28,003,0122,213A,280030122213A,1319,3.12057393120585
28,003,0122,2144,2800301222144,224,2.3521825181113627
28,003,0122,2163,2800301222163,637,2.8048206787211623
28,003,0122,2178,2800301222178,3450,3.5379449592914867
28,003,0122,2182,2800301222182,0,0.0
28,003,0122,2197,2800301222197,174,2.2430380486862944
28,003,0122,2233,2800301222233,29,1.4771212547196624
28,003,0122,2290,2800301222290,358,2.5550944485783194
28,003,0122,2303,2800301222303,627,2.797959643737196
28,003,0122,2318,2800301222318,1108,3.04493154614916
28,003,0122,2322,2800301222322,801,2.9041743682841634
28,003,0122,2337,2800301222337,53,1.7323937598229686
28,003,0122,238A,280030122238A,615,2.7895807121644256
28,003,0122,2394,2800301222394,1119,3.0492180226701815
28,003,0122,2407,2800301222407,9213,3.9644482079166607
28,003,0122,2411,2800301222411,854,2.931966114728173
28,003,0122,2426,2800301222426,120,2.0827853703164503
28,003,0122,2430,2800301222430,4,0.6989700043360189
28,003,0122,2445,2800301222445,0,0.0
28,003,0122,245A,280030122245A,0,0.0
28,003,0122,2464,2800301222464,2,0.47712125471966244
28,003,0122,2479,2800301222479,908,2.9585638832219674
28,003,0122,2483,2800301222483,3000,3.477265995424853
28,003,0122,2498,2800301222498,3770,3.5764565324056203
28,003,0122,2500,2800301222500,3776,3.5771469848275252
28,003,0122,2515,2800301222515,625,2.7965743332104296
28,003,0122,2534,2800301222534,0,0.0
28,003,0122,2549,2800301222549,32,1.5185139398778875
28,003,0122,2642,2800301222642,40,1.6127838567197355
28,004,0001,008A,280040001008A,1149,3.060697840353612
28,004,0001,0094,2800400010094,914,2.9614210940664485
28,004,0001,0107,2800400010107,701,2.846337112129805
28,004,0001,0183,2800400010183,306,2.4871383754771865
28,004,0001,0198,2800400010198,385,2.586587304671755
28,004,0001,0200,2800400010200,33,1.5314789170422551
28,005,0001,0195,2800500010195,672,2.828015064223977
28,005,0001,0208,2800500010208,450,2.6541765418779604
28,005,0001,0335,2800500010335,77,1.8920946026904804
28,005,0001,034A,280050001034A,17,1.255272505103306
28,005,0001,0388,2800500010388,67,1.8325089127062364
28,005,0001,0392,2800500010392,155,2.1931245983544616
28,005,0001,0405,2800500010405,6,0.8450980400142568
28,005,0001,041A,280050001041A,50,1.7075701760979363
28,005,0001,0424,2800500010424,47,1.6812412373755872
28,005,0001,0439,2800500010439,61,1.792391689498254
28,005,0001,0443,2800500010443,38,1.591064607026499
28,005,0001,0458,2800500010458,55,1.7481880270062005
28,005,0001,0462,2800500010462,25,1.414973347970818
28,005,0001,0477,2800500010477,6,0.8450980400142568
28,006,0001,014A,280060001014A,387,2.5888317255942073
28,006,0001,0154,2800600010154,415,2.6190933306267428
28,006,0001,0169,2800600010169,559,2.7481880270062002
28,006,0001,0440,2800600010440,9,1.0
28,006,0001,0455,2800600010455,0,0.0
28,006,0001,046A,280060001046A,7,0.9030899869919435
28,006,0001,0474,2800600010474,0,0.0
28,006,0001,0489,2800600010489,0,0.0
28,006,0001,0493,2800600010493,0,0.0
28,006,0001,0506,2800600010506,0,0.0
28,006,0001,0510,2800600010510,64,1.8129133566428555
28,007,0001,0113,2800700010113,1032,3.0141003215196207
28,007,0001,0128,2800700010128,614,2.788875115775417
28,007,0001,0132,2800700010132,1429,3.155336037465062
28,007,0001,019A,280070001019A,1540,3.1878026387184195
28,007,0001,0289,2800700010289,1336,3.1261314072619846
28,007,0001,0293,2800700010293,1137,3.056142262059052
28,007,0001,0306,2800700010306,795,2.900913067737669
28,007,0001,0310,2800700010310,720,2.857935264719429
28,007,0001,0382,2800700010382,82,1.919078092376074
28,007,0001,0397,2800700010397,262,2.419955748489758
28,007,0001,040A,280070001040A,0,0.0
28,007,0001,0414,2800700010414,118,2.0755469613925306
28,007,0001,0429,2800700010429,136,2.1367205671564067
28,007,0001,0433,2800700010433,11,1.0791812460476249
28,007,0001,0448,2800700010448,31,1.505149978319906
28,007,0001,0452,2800700010452,34,1.5440680443502757
28,007,0001,0522,2800700010522,0,0.0
28,007,0001,0537,2800700010537,3,0.6020599913279624
28,007,0001,0541,2800700010541,5,0.7781512503836436
28,007,0001,0556,2800700010556,20,1.3222192947339193
28,007,0001,0575,2800700010575,3,0.6020599913279624
28,007,0001,058A,280070001058A,48,1.6901960800285136
28,007,0001,0594,2800700010594,16,1.2304489213782739
28,007,0001,0607,2800700010607,1,0.3010299956639812
28,007,0001,0611,2800700010611,0,0.0
28,007,0016,0467,2800700160467,379,2.57978359661681
28,007,0016,0471,2800700160471,465,2.66838591669
28,007,0016,0486,2800700160486,602,2.780317312140151
28,007,0016,0490,2800700160490,390,2.5921767573958667
28,007,0016,0503,2800700160503,147,2.1702617153949575
28,007,0016,0518,2800700160518,275,2.4409090820652177
28,007,0016,0560,2800700160560,29,1.4771212547196624
28,008,0001,0318,2800800010318,315,2.499687082618404
28,008,0001,0322,2800800010322,353,2.5490032620257876
28,008,0001,0464,2800800010464,57,1.7634279935629373
28,008,0001,0479,2800800010479,19,1.3010299956639813
28,008,0001,0483,2800800010483,36,1.568201724066995
28,009,0001,0052,2800900010052,245,2.3909351071033793
28,009,0001,0067,2800900010067,1736,3.2397998184470986
28,009,0001,0141,2800900010141,285,2.456366033129043
28,009,0001,0156,2800900010156,2859,3.456366033129043
28,009,0001,0160,2800900010160,1243,3.0948203803548
28,009,0001,0264,2800900010264,2887,3.4605971888976015
28,009,0001,0283,2800900010283,1556,3.1922886125681202
28,009,0001,0298,2800900010298,159,2.2041199826559246
28,009,0001,0315,2800900010315,56,1.7558748556724915
28,009,0001,0349,2800900010349,2,0.47712125471966244
28,009,0001,0353,2800900010353,13,1.146128035678238
28,009,0001,0391,2800900010391,639,2.806179973983887
28,009,0001,0404,2800900010404,2542,3.405346360175709
28,009,0001,0419,2800900010419,2243,3.3510228525841237
28,009,0001,0423,2800900010423,1692,3.2286569581089353
28,009,0001,0438,2800900010438,2054,3.312811826212088
28,009,0001,0442,2800900010442,3659,3.5634810853944106
28,009,0001,0457,2800900010457,4062,3.6088468223264116
28,009,0001,0461,2800900010461,3362,3.5267268673146357
28,009,0001,0476,2800900010476,1487,3.17260293120986
28,009,0001,0480,2800900010480,3013,3.479143247978613
28,009,0001,0508,2800900010508,2507,3.399327532158679
28,009,0001,0512,2800900010512,3116,3.49373680227684
28,009,0001,0527,2800900010527,3997,3.601842789782098
28,009,0001,0531,2800900010531,1954,3.2911467617318855
28,009,0001,0546,2800900010546,2124,3.3273589343863303
28,009,0001,0565,2800900010565,4446,3.648067129448935
28,009,0001,057A,280090001057A,4822,3.6833172619218826
28,009,0001,0584,2800900010584,2015,3.3044905277734875
28,009,0001,0599,2800900010599,3479,3.5415792439465807
28,009,0001,0616,2800900010616,2615,3.4176377396522297
28,009,0001,0620,2800900010620,2173,3.3372595397502756
28,009,0001,0635,2800900010635,1766,3.247236549506764
28,009,0001,064A,280090001064A,3585,3.554610285226164
28,009,0001,0654,2800900010654,3890,3.5900612308037427
28,009,0001,0669,2800900010669,1663,3.2211533219547053
28,009,0001,0673,2800900010673,2840,3.453471233722936
28,009,0001,0688,2800900010688,2870,3.458033192496506
28,009,0001,0692,2800900010692,2656,3.4243915544102776
28,009,0001,0705,2800900010705,3300,3.5186455243303114
28,009,0001,071A,280090001071A,3620,3.5588285248170117
28,009,0001,0724,2800900010724,3533,3.5482665451707454
28,009,0001,0739,2800900010739,4242,3.6276730317666157
28,009,0001,0743,2800900010743,3261,3.513483956704257
28,009,0001,0758,2800900010758,3009,3.4785664955938436
28,009,0001,0762,2800900010762,2307,3.363235804483694
28,009,0001,0777,2800900010777,3473,3.54082981411108
28,009,0001,0781,2800900010781,2616,3.417803722639881
28,009,0001,0796,2800900010796,2418,3.3836358683618797
28,009,0001,0809,2800900010809,1856,3.2688119037397803
28,009,0001,0813,2800900010813,3621,3.5589484459780394
28,009,0001,0828,2800900010828,2325,3.3666097103924297
28,009,0001,0832,2800900010832,2942,3.468790262099611
28,009,0001,0851,2800900010851,3213,3.5070458724273257
28,009,0001,0866,2800900010866,3536,3.5486350598147514
28,009,0001,089A,280090001089A,678,2.8318697742805017
28,009,0001,0902,2800900010902,895,2.9523080096621253
28,009,0001,0917,2800900010917,1135,3.055378331375
28,009,0001,0936,2800900010936,2682,3.428620672671939
28,009,0001,0940,2800900010940,2693,3.4303975913869666
28,009,0001,0955,2800900010955,3061,3.486005186362242
28,009,0001,096A,280090001096A,1779,3.250420002308894
28,009,0001,0974,2800900010974,1723,3.236537261488694
28,009,0001,0989,2800900010989,3378,3.5287881917748964
28,009,0001,0993,2800900010993,3436,3.536179532137225
28,009,0001,1008,2800900011008,2494,3.397070549959409
28,009,0001,1012,2800900011012,1931,3.2860071220794747
28,009,0001,1027,2800900011027,2698,3.431202884556517
28,009,0001,1031,2800900011031,3529,3.5477747053878224
28,009,0001,1046,2800900011046,4381,3.6416723732246865
28,009,0001,1050,2800900011050,2198,3.3422252293607904
28,009,0001,1065,2800900011065,1390,3.143327129992046
28,009,0001,107A,280090001107A,3082,3.488973524726508
28,009,0001,1084,2800900011084,3252,3.5122840632818537
28,009,0001,1099,2800900011099,2205,3.343605508104172
28,009,0001,1101,2800900011101,2395,3.3794868137172736
28,009,0001,1116,2800900011116,2912,3.4643404846276673
28,009,0001,1120,2800900011120,2652,3.423737249982329
28,009,0001,1135,2800900011135,3379,3.5289167002776547
28,009,0001,114A,280090001114A,2203,3.3432115901797474
28,009,0001,1154,2800900011154,4054,3.6079908585471747
28,009,0001,1169,2800900011169,2134,3.329397879361043
28,010,0001,0195,2801000010195,195,2.292256071356476
28,010,0001,0208,2801000010208,273,2.437750562820388
28,010,0001,0373,2801000010373,19,1.3010299956639813
28,010,0001,0388,2801000010388,275,2.4409090820652177
28,010,0001,0392,2801000010392,23,1.380211241711606
28,010,0001,0405,2801000010405,0,0.0
28,010,0001,041A,280100001041A,6,0.8450980400142568
28,010,0001,0424,2801000010424,2,0.47712125471966244
28,010,0001,0439,2801000010439,9,1.0
28,011,0001,0099,2801100010099,838,2.9237619608287004
28,011,0001,0101,2801100010101,788,2.89707700320942
28,011,0001,021A,280110001021A,25,1.414973347970818
28,011,0001,0243,2801100010243,178,2.2528530309798933
28,011,0001,0258,2801100010258,335,2.526339277389844
28,011,0001,0262,2801100010262,18,1.2787536009528289
28,011,0036,007A,280110036007A,395,2.597695185925512
28,011,0036,014A,280110036014A,81,1.9138138523837167
28,011,0036,0154,2801100360154,143,2.1583624920952498
28,011,0036,0169,2801100360169,235,2.3729120029701067
28,012,0001,0382,2801200010382,1299,3.113943352306837
28,012,0001,0397,2801200010397,1068,3.028977705208778
28,012,0001,0429,2801200010429,561,2.749736315569061
28,012,0001,0433,2801200010433,610,2.786041210242554
28,012,0001,0448,2801200010448,915,2.9618954736678504
28,012,0001,0452,2801200010452,1037,3.016197353512439
28,012,0001,0467,2801200010467,815,2.9116901587538613
28,012,0001,0471,2801200010471,859,2.934498451243568
28,012,0001,0486,2801200010486,708,2.8506462351830666
28,012,0001,0607,2801200010607,550,2.741151598851785
28,012,0001,0999,2801200010999,762,2.8825245379548803
28,012,0001,1003,2801200011003,540,2.7331972651065692
28,012,0001,1022,2801200011022,35,1.5563025007672873
28,012,0001,1145,2801200011145,80,1.9084850188786497
28,012,0001,1198,2801200011198,233,2.369215857410143
28,012,0001,122A,280120001122A,590,2.7715874808812555
28,012,0001,1268,2801200011268,208,2.3201462861110542
28,012,0001,1287,2801200011287,2,0.47712125471966244
28,012,0001,1291,2801200011291,3,0.6020599913279624
28,012,0001,1338,2801200011338,118,2.0755469613925306
28,012,0061,0503,2801200610503,1786,3.252124552505644
28,012,0061,0518,2801200610518,754,2.8779469516291885
28,012,0061,0522,2801200610522,734,2.8662873390841948
28,012,0061,0984,2801200610984,500,2.699837725867246
28,012,0061,1060,2801200611060,219,2.342422680822206
28,012,0061,1179,2801200611179,244,2.3891660843645326
28,012,0170,0537,2801201700537,884,2.9469432706978256
28,012,0170,0541,2801201700541,1036,3.015778756389041
28,012,0170,0556,2801201700556,1068,3.028977705208778
28,012,0170,0560,2801201700560,1142,3.0580462303952816
28,012,0170,0575,2801201700575,1294,3.1122697684172707
28,012,0170,058A,280120170058A,1399,3.146128035678238
28,012,0170,0594,2801201700594,910,2.9595183769729982
28,012,0170,0611,2801201700611,1099,3.041392685158225
28,012,0170,0626,2801201700626,1156,3.0633333589517497
28,012,0170,1018,2801201701018,671,2.8273692730538253
28,012,0170,1037,2801201701037,51,1.7160033436347992
28,012,0170,1041,2801201701041,362,2.5599066250361124
28,012,0170,1056,2801201701056,18,1.2787536009528289
28,012,0170,1111,2801201701111,23,1.380211241711606
28,012,0170,1126,2801201701126,94,1.9777236052888478
28,012,0170,1130,2801201701130,194,2.290034611362518
28,012,0170,115A,280120170115A,52,1.724275869600789
28,012,0170,1183,2801201701183,135,2.1335389083702174
28,012,0170,1200,2801201701200,72,1.863322860120456
28,012,0170,1215,2801201701215,89,1.954242509439325
28,012,0170,1234,2801201701234,196,2.294466226161593
28,012,0170,1249,2801201701249,3,0.6020599913279624
28,012,0170,1253,2801201701253,15,1.2041199826559248
28,012,0170,1272,2801201701272,14,1.1760912590556813
28,012,0170,1304,2801201701304,30,1.4913616938342726
28,012,0170,1319,2801201701319,65,1.8195439355418688
28,012,0170,1323,2801201701323,23,1.380211241711606
28,013,0001,0163,2801300010163,328,2.5171958979499744
28,013,0001,0178,2801300010178,416,2.6201360549737576
28,013,0001,0182,2801300010182,255,2.4082399653118496
28,013,0001,0197,2801300010197,216,2.3364597338485296
28,013,0001,020A,280130001020A,221,2.346352974450639
28,013,0001,0214,2801300010214,217,2.3384564936046046
28,013,0001,0407,2801300010407,78,1.8976270912904414
28,014,0001,0264,2801400010264,576,2.7611758131557314
28,014,0001,0279,2801400010279,427,2.6314437690131722
28,014,0001,0283,2801400010283,715,2.8549130223078554
28,014,0001,0298,2801400010298,672,2.828015064223977
28,014,0001,0300,2801400010300,482,2.683947130751512
28,014,0001,0368,2801400010368,109,2.041392685158225
28,014,0001,0372,2801400010372,112,2.0530784434834195
28,014,0001,0387,2801400010387,344,2.537819095073274
28,014,0001,0391,2801400010391,14,1.1760912590556813
28,015,0001,0098,2801500010098,895,2.9523080096621253
28,015,0001,0100,2801500010100,1507,3.178401341533755
28,015,0001,0115,2801500010115,700,2.8457180179666586
28,015,0001,012A,280150001012A,661,2.8208579894397
28,015,0001,0134,2801500010134,1249,3.0969100130080562
28,015,0001,0149,2801500010149,623,2.795184589682424
28,015,0001,0153,2801500010153,1766,3.247236549506764
28,015,0001,0168,2801500010168,1106,3.044147620878723
28,015,0001,0172,2801500010172,918,2.9633155113861114
28,015,0001,0204,2801500010204,244,2.3891660843645326
28,015,0001,0257,2801500010257,263,2.4216039268698313
28,015,0001,0261,2801500010261,585,2.767897616018091
28,015,0001,0308,2801500010308,1077,3.03261876085072
28,015,0001,0312,2801500010312,76,1.8864907251724818
28,015,0001,0327,2801500010327,190,2.2810333672477277
28,015,0001,0331,2801500010331,207,2.3180633349627615
28,016,0001,0235,2801600010235,577,2.761927838420529
28,016,0001,024A,280160001024A,653,2.815577748324267
28,016,0001,0254,2801600010254,610,2.786041210242554
28,016,0001,0269,2801600010269,365,2.5634810853944106
28,016,0001,0273,2801600010273,521,2.717670503002262
28,016,0001,0466,2801600010466,118,2.0755469613925306
28,016,0001,0771,2801600010771,9,1.0
28,016,0001,0786,2801600010786,26,1.4313637641589874
28,016,0001,0790,2801600010790,168,2.2278867046136734
28,016,0001,0818,2801600010818,238,2.3783979009481375
28,016,0001,0822,2801600010822,9,1.0
28,016,0145,0610,2801601450610,583,2.7664128471123997
28,016,0145,0625,2801601450625,973,2.9885589568786157
28,016,0145,063A,280160145063A,452,2.656098202012832
28,016,0145,0644,2801601450644,419,2.6232492903979003
28,016,0145,0659,2801601450659,255,2.4082399653118496
28,016,0145,0663,2801601450663,819,2.9138138523837167
28,016,0145,0678,2801601450678,452,2.656098202012832
28,016,0145,0682,2801601450682,609,2.785329835010767
28,016,0145,0697,2801601450697,1518,3.1815577738627865
28,016,0145,0803,2801601450803,41,1.6232492903979006
28,017,0001,0266,2801700010266,2112,3.3248994970523134
28,017,0001,0285,2801700010285,810,2.909020854211156
28,017,0001,0478,2801700010478,350,2.545307116465824
28,017,0001,0482,2801700010482,120,2.0827853703164503
28,017,0001,0497,2801700010497,112,2.0530784434834195
28,017,0001,050A,280170001050A,27,1.4471580313422192
28,017,0001,0586,2801700010586,176,2.247973266361807
28,017,0001,0590,2801700010590,1392,3.1439511164239633
28,017,0001,0603,2801700010603,1128,3.052693941924968
28,017,0001,0618,2801700010618,2,0.47712125471966244
28,017,0001,0622,2801700010622,2,0.47712125471966244
28,017,0001,0637,2801700010637,27,1.4471580313422192
28,017,0001,0641,2801700010641,10,1.0413926851582251
28,017,0001,0656,2801700010656,10,1.0413926851582251
28,017,0001,0660,2801700010660,8,0.9542425094393249
28,018,0001,0206,2801800010206,908,2.9585638832219674
28,018,0001,0210,2801800010210,718,2.8567288903828825
28,018,0001,0225,2801800010225,618,2.791690649020118
28,018,0001,023A,280180001023A,481,2.6830470382388496
28,018,0001,0244,2801800010244,553,2.74350976472843
28,018,0001,0259,2801800010259,499,2.6989700043360187
28,018,0001,0263,2801800010263,282,2.45178643552429
28,018,0001,0437,2801800010437,136,2.1367205671564067
28,018,0001,0441,2801800010441,0,0.0
28,018,0001,0456,2801800010456,15,1.2041199826559248
28,018,0001,0460,2801800010460,57,1.7634279935629373
28,018,0001,0475,2801800010475,0,0.0
28,018,0001,048A,280180001048A,59,1.7781512503836436
28,018,0001,0494,2801800010494,40,1.6127838567197355
28,018,0001,0507,2801800010507,2,0.47712125471966244
28,018,0001,0511,2801800010511,0,0.0
28,019,0001,028A,280190001028A,541,2.733999286538387
28,019,0001,0294,2801900010294,454,2.6580113966571126
28,019,0001,0307,2801900010307,746,2.873320601815399
28,019,0001,0311,2801900010311,736,2.8674674878590514
28,019,0001,0326,2801900010326,488,2.6893088591236203
28,019,0001,0330,2801900010330,426,2.630427875025024
28,019,0001,0472,2801900010472,141,2.1522883443830563
28,019,0001,0487,2801900010487,23,1.380211241711606
28,019,0001,0576,2801900010576,109,2.041392685158225
28,019,0001,0608,2801900010608,7,0.9030899869919435
28,019,0001,0612,2801900010612,8,0.9542425094393249
28,020,0001,005A,280200001005A,137,2.1398790864012365
28,020,0001,0064,2802000010064,119,2.0791812460476247
28,020,0001,0083,2802000010083,79,1.9030899869919435
28,020,0001,0098,2802000010098,3,0.6020599913279624
28,021,0001,0254,2802100010254,2382,3.377124042346456
28,021,0001,0269,2802100010269,2735,3.4371160930480786
28,021,0001,0288,2802100010288,2548,3.4063698354692673
28,021,0001,0292,2802100010292,2739,3.437750562820388
28,021,0001,031A,280210001031A,2640,3.421768401206924
28,021,0001,0324,2802100010324,2161,3.3348556896172914
28,021,0001,0377,2802100010377,1411,3.149834696715785
28,021,0001,0409,2802100010409,1311,3.1179338350396413
28,021,0001,0413,2802100010413,2886,3.4604467838807205
28,021,0001,0428,2802100010428,591,2.77232170672292
28,021,0001,0432,2802100010432,2489,3.3961993470957363
28,021,0001,0447,2802100010447,1190,3.0759117614827773
28,021,0001,0466,2802100010466,476,2.678518379040114
28,021,0001,0470,2802100010470,1474,3.1687920203141817
28,021,0001,0485,2802100010485,1090,3.037824750588342
28,021,0001,049A,280210001049A,3285,3.516667559099043
28,021,0001,0502,2802100010502,1821,3.2605483726369795
28,021,0001,0517,2802100010517,433,2.637489729512511
28,021,0001,0521,2802100010521,1508,3.17868923977559
28,021,0001,0536,2802100010536,1486,3.172310968521954
28,021,0001,0540,2802100010540,142,2.155336037465062
28,021,0001,056A,280210001056A,621,2.7937903846908188
28,021,0001,0589,2802100010589,1212,3.083860800866573
28,021,0001,0610,2802100010610,1378,3.13956426617585
28,021,0001,0625,2802100010625,1233,3.091315159697223
28,021,0001,063A,280210001063A,999,3.0
28,021,0001,0644,2802100010644,1266,3.1027766148834415
28,021,0001,0659,2802100010659,1296,3.11293997608408
28,021,0001,0663,2802100010663,1370,3.1370374547895126
28,021,0001,0678,2802100010678,1545,3.189209489582306
28,021,0001,0682,2802100010682,2012,3.3038437748886547
28,021,0001,0697,2802100010697,1437,3.1577588860468637
28,021,0001,070A,280210001070A,1272,3.1048284036536553
28,021,0001,0714,2802100010714,1432,3.1562461903973444
28,021,0001,0729,2802100010729,607,2.783903579272735
28,021,0001,0733,2802100010733,593,2.7737864449811935
28,021,0001,0748,2802100010748,1497,3.1755118133634475
28,021,0001,0752,2802100010752,982,2.9925535178321354
28,021,0001,0767,2802100010767,821,2.9148718175400505
28,021,0001,0771,2802100010771,687,2.837588438235511
28,021,0001,0786,2802100010786,856,2.932980821923198
28,021,0001,0803,2802100010803,360,2.5575072019056577
28,021,0001,0818,2802100010818,1759,3.24551266781415
28,021,0001,0822,2802100010822,2522,3.4019172505175748
28,021,0001,0837,2802100010837,731,2.864511081058392
28,021,0001,0841,2802100010841,1498,3.1758016328482794
28,021,0001,0875,2802100010875,1157,3.0637085593914173
28,021,0001,1229,2802100011229,195,2.292256071356476
28,021,0001,1318,2802100011318,129,2.113943352306837
28,021,0001,1322,2802100011322,107,2.03342375548695
28,021,0001,1341,2802100011341,237,2.376576957056512
28,021,0001,1356,2802100011356,1845,3.266231696689893
28,021,0001,1360,2802100011360,1710,3.2332500095411003
28,021,0001,1375,2802100011375,144,2.161368002234975
28,021,0001,138A,280210001138A,856,2.932980821923198
28,021,0001,1394,2802100011394,427,2.6314437690131722
28,021,0001,1407,2802100011407,186,2.271841606536499
28,021,0001,1483,2802100011483,12,1.1139433523068367
28,021,0001,1498,2802100011498,20,1.3222192947339193
28,021,0001,1500,2802100011500,371,2.5705429398818973
28,021,0001,1515,2802100011515,34,1.5440680443502757
28,021,0001,152A,280210001152A,487,2.6884198220027105
28,021,0001,1534,2802100011534,194,2.290034611362518
28,021,0001,1549,2802100011549,80,1.9084850188786497
28,021,0001,1553,2802100011553,208,2.3201462861110542
28,021,0001,1568,2802100011568,291,2.4653828514484184
28,021,0001,1572,2802100011572,533,2.727541257028556
28,021,0001,1587,2802100011587,53,1.7323937598229686
28,021,0001,1591,2802100011591,13,1.146128035678238
28,021,0001,1604,2802100011604,355,2.5514499979728753
28,021,0001,1619,2802100011619,40,1.6127838567197355
28,021,0001,1623,2802100011623,22,1.3617278360175928
28,021,0001,1638,2802100011638,114,2.060697840353612
28,021,0001,1642,2802100011642,95,1.9822712330395684
28,021,0001,1657,2802100011657,100,2.0043213737826426
28,021,0001,1661,2802100011661,53,1.7323937598229686
28,021,0001,1676,2802100011676,413,2.617000341120899
28,021,0001,1680,2802100011680,541,2.733999286538387
28,021,0001,1708,2802100011708,121,2.0863598306747484
28,021,0001,1712,2802100011712,600,2.7788744720027396
28,021,0001,1727,2802100011727,708,2.8506462351830666
28,021,0001,1731,2802100011731,4,0.6989700043360189
28,021,0001,1746,2802100011746,20,1.3222192947339193
28,021,0001,1750,2802100011750,31,1.505149978319906
28,021,0001,1765,2802100011765,35,1.5563025007672873
28,021,0001,177A,280210001177A,48,1.6901960800285136
28,021,0001,1784,2802100011784,4,0.6989700043360189
28,021,0001,1799,2802100011799,17,1.255272505103306
28,021,0001,1801,2802100011801,0,0.0
28,021,0001,1816,2802100011816,6,0.8450980400142568
28,021,0001,1820,2802100011820,115,2.0644579892269186
28,021,0073,0023,2802100730023,1265,3.1024337056813365
28,021,0073,0790,2802100730790,936,2.971739590887778
28,021,0073,088A,280210073088A,193,2.287801729930226
28,021,0073,1411,2802100731411,123,2.093421685162235
28,022,0001,0069,2802200010069,5,0.7781512503836436
28,022,0001,0459,2802200010459,1912,3.281714970027296
28,022,0001,0463,2802200010463,2564,3.409087369447835
28,022,0001,0482,2802200010482,2251,3.3525683861793087
28,022,0001,0497,2802200010497,1434,3.156851901070011
28,022,0001,050A,280220001050A,1119,3.0492180226701815
28,022,0001,0548,2802200010548,1456,3.16345955176999
28,022,0001,0586,2802200010586,1417,3.151676230847048
28,022,0001,0618,2802200010618,1792,3.253580289562183
28,022,0001,0637,2802200010637,4144,3.6175245348862926
28,022,0001,0641,2802200010641,2804,3.4479328655921804
28,022,0001,0656,2802200010656,1770,3.248218561190075
28,022,0001,0707,2802200010707,2834,3.452553063228925
28,022,0001,075A,280220001075A,3193,3.5043349118024643
28,022,0001,0764,2802200010764,1434,3.156851901070011
28,022,0001,0779,2802200010779,1865,3.2709116394104814
28,022,0001,0800,2802200010800,1189,3.0755469613925306
28,022,0001,0815,2802200010815,70,1.8512583487190752
28,022,0001,082A,280220001082A,540,2.7331972651065692
28,022,0001,0834,2802200010834,2422,3.384353414137506
28,022,0001,0849,2802200010849,342,2.5352941200427703
28,022,0001,0938,2802200010938,1195,3.077731179652392
28,022,0001,0942,2802200010942,3538,3.548880562637515
28,022,0001,1029,2802200011029,846,2.9278834103307068
28,022,0001,1067,2802200011067,140,2.1492191126553797
28,022,0001,1071,2802200011071,535,2.72916478969277
28,022,0001,1122,2802200011122,726,2.8615344108590377
28,022,0001,1137,2802200011137,808,2.9079485216122722
28,022,0001,1141,2802200011141,999,3.0
28,022,0001,1156,2802200011156,485,2.6866362692622934
28,022,0001,1160,2802200011160,1050,3.021602716028242
28,022,0001,1175,2802200011175,810,2.909020854211156
28,022,0001,118A,280220001118A,1132,3.0542299098633974
28,022,0001,1194,2802200011194,1204,3.080987046910887
28,022,0001,1207,2802200011207,1714,3.2342641243787895
28,022,0001,1211,2802200011211,1887,3.27600198996205
28,022,0001,1226,2802200011226,2562,3.408748606184244
28,022,0001,1230,2802200011230,982,2.9925535178321354
28,022,0001,1245,2802200011245,1727,3.2375437381428744
28,022,0001,125A,280220001125A,1526,3.1838390370564214
28,022,0001,1279,2802200011279,1655,3.219060332448861
28,022,0001,1283,2802200011283,3290,3.5173278822943734
28,022,0001,1298,2802200011298,980,2.9916690073799486
28,022,0001,1300,2802200011300,1029,3.012837224705172
28,022,0001,1315,2802200011315,1532,3.185542154854375
28,022,0001,132A,280220001132A,2480,3.394626764272209
28,022,0001,1334,2802200011334,1036,3.015778756389041
28,022,0001,1349,2802200011349,1045,3.0195316845312554
28,022,0001,1353,2802200011353,1616,3.208710019906401
28,022,0001,1368,2802200011368,3060,3.4858633295973345
28,022,0001,1372,2802200011372,522,2.718501688867274
28,022,0001,1387,2802200011387,1557,3.1925674533365456
28,022,0001,1391,2802200011391,1510,3.1792644643390253
28,022,0001,1404,2802200011404,1768,3.2477278329097232
28,022,0001,1419,2802200011419,1146,3.0595634179012676
28,022,0001,1423,2802200011423,1334,3.125481265700594
28,022,0001,1438,2802200011438,3214,3.5071809772602407
28,022,0001,1442,2802200011442,1203,3.0806264869218056
28,022,0001,1457,2802200011457,2355,3.372175286115064
28,022,0001,1461,2802200011461,2143,3.3312247810207323
28,022,0001,1476,2802200011476,1595,3.2030328870147105
28,022,0001,1480,2802200011480,3058,3.485579476984679
28,022,0001,1495,2802200011495,2280,3.3581252852766488
28,022,0001,1508,2802200011508,974,2.989004615698537
28,022,0001,1512,2802200011512,2778,3.443888546777372
28,022,0001,1527,2802200011527,2036,3.3089910290001643
28,022,0001,1531,2802200011531,2721,3.434888120867316
28,022,0001,1550,2802200011550,4435,3.6469915374771222
28,022,0001,1565,2802200011565,3170,3.501196242027089
28,022,0001,1584,2802200011584,1449,3.161368002234975
28,022,0001,1599,2802200011599,2552,3.40705081480425
28,022,0001,1635,2802200011635,2268,3.355834495884936
28,022,0001,164A,280220001164A,3469,3.5403294747908736
28,022,0001,1654,2802200011654,1637,3.2143138974244
28,022,0001,1673,2802200011673,3279,3.515873843711679
28,022,0001,1688,2802200011688,1143,3.058426024457005
28,022,0001,171A,280220001171A,1795,3.2543063323312857
28,022,0001,1796,2802200011796,3975,3.5994463757252757
28,022,0001,1809,2802200011809,2361,3.373279893277496
28,022,0001,1813,2802200011813,4033,3.6057358938767465
28,022,0001,1828,2802200011828,1504,3.1775364999298623
28,022,0001,1832,2802200011832,1934,3.28668096935493
28,022,0001,1847,2802200011847,2112,3.3248994970523134
28,022,0001,1851,2802200011851,2655,3.42422807069598
28,022,0001,1866,2802200011866,3390,3.5303277897780863
28,022,0001,1870,2802200011870,2834,3.452553063228925
28,022,0001,1885,2802200011885,1817,3.2595938788859486
28,022,0001,189A,280220001189A,677,2.8312296938670634
28,022,0001,1989,2802200011989,244,2.3891660843645326
28,022,0001,1993,2802200011993,503,2.7024305364455254
28,022,0001,2008,2802200012008,223,2.3502480183341627
28,022,0001,2027,2802200012027,12,1.1139433523068367
28,022,0001,2046,2802200012046,138,2.143014800254095
28,022,0001,2050,2802200012050,842,2.9258275746247424
28,022,0001,2065,2802200012065,175,2.24551266781415
28,022,0001,207A,280220001207A,1461,3.1649473726218416
28,022,0001,2084,2802200012084,3071,3.4874212113594742
28,022,0001,2101,2802200012101,214,2.3324384599156054
28,022,0001,2205,2802200012205,0,0.0
28,022,0001,221A,280220001221A,1940,3.2880255353883627
28,022,0001,2224,2802200012224,2260,3.35430056234536
28,022,0001,2239,2802200012239,1605,3.205745540942662
28,022,0001,2243,2802200012243,4269,3.630427875025024
28,022,0001,2258,2802200012258,846,2.9278834103307068
28,022,0001,2262,2802200012262,1471,3.16790781000148
28,022,0001,2277,2802200012277,1615,3.208441356438567
28,022,0001,2281,2802200012281,1338,3.126780577012009
28,022,0001,2296,2802200012296,1091,3.0382226383687185
28,022,0001,2309,2802200012309,2116,3.325720858019412
28,022,0001,2313,2802200012313,6825,3.8341662839426203
28,022,0001,2328,2802200012328,1692,3.2286569581089353
28,022,0001,2332,2802200012332,3775,3.5770319856260313
28,022,0001,2347,2802200012347,1220,3.0867156639448825
28,022,0001,2351,2802200012351,1774,3.249198357391113
28,022,0001,2366,2802200012366,2781,3.4443571256560275
28,022,0001,2370,2802200012370,3010,3.4787107555127594
28,022,0001,2385,2802200012385,3564,3.5520595341878844
28,022,0001,2402,2802200012402,2795,3.446537167073644
28,022,0001,2421,2802200012421,4558,3.6588695922019623
28,022,0001,2440,2802200012440,2694,3.4305587695227575
28,022,0001,2455,2802200012455,4363,3.6398847419163043
28,022,0001,246A,280220001246A,2313,3.3643633546157306
28,022,0001,2489,2802200012489,3018,3.479863113023098
28,022,0001,2493,2802200012493,870,2.9400181550076634
28,022,0001,2506,2802200012506,2943,3.4689378056654614
28,022,0001,2510,2802200012510,1428,3.1550322287909704
28,022,0001,2525,2802200012525,1160,3.064832219738574
28,022,0001,253A,280220001253A,1523,3.182984967003582
28,022,0001,2544,2802200012544,304,2.484299839346786
28,022,0001,2563,2802200012563,2,0.47712125471966244
28,022,0001,2578,2802200012578,1399,3.146128035678238
28,022,0001,260A,280220001260A,1702,3.231214647962601
28,022,0001,2629,2802200012629,3346,3.5246557123577773
28,022,0001,2633,2802200012633,2989,3.4756711883244296
28,022,0001,2648,2802200012648,2263,3.354876422516234
28,022,0001,2667,2802200012667,570,2.756636108245848
28,022,0001,2671,2802200012671,1239,3.093421685162235
28,022,0001,2686,2802200012686,2654,3.4240645254174877
28,022,0001,2690,2802200012690,2415,3.3830969299490943
28,022,0001,2703,2802200012703,1499,3.1760912590556813
28,022,0001,2718,2802200012718,2368,3.374565060722765
28,022,0001,2722,2802200012722,2122,3.326949994165999
28,022,0001,2737,2802200012737,2771,3.442793225939769
28,022,0001,2741,2802200012741,1523,3.182984967003582
28,022,0001,2760,2802200012760,2076,3.317436496535099
28,022,0001,2775,2802200012775,1827,3.2619761913978125
28,022,0001,278A,280220001278A,2118,3.3261309567107946
28,022,0001,2794,2802200012794,2670,3.426673888021373
28,022,0001,2807,2802200012807,6308,3.7999605274059833
28,022,0001,2826,2802200012826,779,2.8920946026904804
28,022,0001,2830,2802200012830,3882,3.5891673905460477
28,022,0001,2845,2802200012845,1992,3.2995072987004876
28,022,0001,285A,280220001285A,3896,3.5907304057926903
28,022,0001,2864,2802200012864,185,2.2695129442179165
28,022,0001,2879,2802200012879,44,1.6532125137753437
28,022,0001,2883,2802200012883,961,2.983175072037813
28,022,0001,2898,2802200012898,3827,3.582971929104806
28,022,0001,2900,2802200012900,4075,3.610234175334389
28,022,0001,2915,2802200012915,3020,3.4801507252732806
28,022,0001,292A,280220001292A,2129,3.3283796034387376
28,022,0001,2934,2802200012934,286,2.4578818967339924
28,022,0001,2949,2802200012949,1454,3.162862993321926
28,022,0001,2972,2802200012972,273,2.437750562820388
28,022,0001,2987,2802200012987,812,2.910090545594068
28,022,0001,2991,2802200012991,12,1.1139433523068367
28,022,0001,3010,2802200013010,163,2.214843848047698
28,022,0001,3025,2802200013025,8604,3.934750874663579
28,022,0001,303A,280220001303A,2413,3.3827372657613304
28,022,0001,3044,2802200013044,5245,3.7198282862543346
28,022,0001,3063,2802200013063,526,2.7218106152125467
28,022,0001,3082,2802200013082,1359,3.1335389083702174
28,022,0001,310A,280220001310A,348,2.5428254269591797
28,022,0001,3114,2802200013114,2707,3.4326486600131068
28,022,0001,3133,2802200013133,675,2.829946695941636
28,022,0001,3148,2802200013148,302,2.481442628502305
28,022,0001,3152,2802200013152,3441,3.5368108659915416
28,022,0001,3167,2802200013167,440,2.6444385894678386
28,022,0001,3171,2802200013171,4122,3.6152133348013584
28,022,0001,3186,2802200013186,3656,3.5631249603380444
28,022,0001,3190,2802200013190,1542,3.188365926063148
28,022,0001,3203,2802200013203,1950,3.2902572693945182
28,022,0001,3218,2802200013218,3954,3.597146487833695
28,022,0001,3222,2802200013222,4618,3.6645479622465467
28,022,0001,3237,2802200013237,2518,3.401228167498113
28,022,0001,3241,2802200013241,3361,3.526597709103452
28,022,0001,3256,2802200013256,2592,3.4138025167693513
28,022,0001,3260,2802200013260,3740,3.572987708198205
28,022,0001,3275,2802200013275,2725,3.435525851498655
28,022,0001,328A,280220001328A,1877,3.273695587930092
28,022,0001,3294,2802200013294,1241,3.0941215958405612
28,022,0001,3307,2802200013307,1841,3.26528962586083
28,022,0001,3311,2802200013311,747,2.8739015978644615
28,022,0001,3326,2802200013326,1799,3.255272505103306
28,022,0001,3330,2802200013330,2104,3.323252100171687
28,022,0001,3345,2802200013345,3449,3.537819095073274
28,022,0001,335A,280220001335A,1087,3.036628895362161
28,022,0001,3364,2802200013364,1203,3.0806264869218056
28,022,0001,3379,2802200013379,2389,3.3783979009481375
28,022,0001,3383,2802200013383,4410,3.6445370577784075
28,022,0001,3398,2802200013398,3235,3.5100085129402347
28,022,0001,3400,2802200013400,3037,3.4825877695267677
28,022,0001,3415,2802200013415,2688,3.4295908022233017
28,022,0001,342A,280220001342A,2258,3.353916230920363
28,022,0001,3434,2802200013434,851,2.9304395947667
28,022,0001,3449,2802200013449,993,2.997386384397313
28,022,0001,3453,2802200013453,333,2.5237464668115646
28,022,0001,3468,2802200013468,411,2.6148972160331345
28,022,0001,3472,2802200013472,3891,3.5901728315963144
28,022,0001,3487,2802200013487,3997,3.601842789782098
28,022,0001,3491,2802200013491,138,2.143014800254095
28,022,0001,3504,2802200013504,2526,3.4026052419199146
28,022,0001,3519,2802200013519,1368,3.13640344813399
28,022,0001,3523,2802200013523,0,0.0
28,022,0001,3538,2802200013538,102,2.012837224705172
28,022,0001,3542,2802200013542,97,1.9912260756924949
28,022,0001,3557,2802200013557,110,2.0453229787866576
28,022,0001,3561,2802200013561,66,1.8260748027008264
28,022,0001,3576,2802200013576,17,1.255272505103306
28,022,0001,3580,2802200013580,120,2.0827853703164503
28,022,0001,3595,2802200013595,60,1.7853298350107671
28,022,0001,3608,2802200013608,306,2.4871383754771865
28,022,0001,3612,2802200013612,344,2.537819095073274
28,022,0001,3627,2802200013627,210,2.3242824552976926
28,022,0001,3646,2802200013646,115,2.0644579892269186
28,022,0001,3650,2802200013650,13,1.146128035678238
28,022,0001,3665,2802200013665,69,1.845098040014257
28,022,0001,367A,280220001367A,0,0.0
28,022,0001,3684,2802200013684,473,2.6757783416740852
28,022,0001,3699,2802200013699,2726,3.43568513794163
28,022,0001,3701,2802200013701,1950,3.2902572693945182
28,022,0001,3716,2802200013716,5751,3.7598188773748262
28,022,0001,3720,2802200013720,680,2.833147111912785
28,022,0001,3735,2802200013735,108,2.037426497940624
28,022,0001,374A,280220001374A,2054,3.312811826212088
28,022,0001,3754,2802200013754,1528,3.1844074854123203
28,022,0001,3769,2802200013769,662,2.821513528404773
28,022,0001,3773,2802200013773,318,2.503790683057181
28,022,0001,3788,2802200013788,3083,3.4891143693789193
28,022,0001,3792,2802200013792,505,2.7041505168397992
28,022,0001,3805,2802200013805,694,2.8419848045901137
28,022,0001,3824,2802200013824,1207,3.082066934285113
28,022,0001,3839,2802200013839,936,2.971739590887778
28,022,0001,3843,2802200013843,1259,3.100370545117563
28,022,0001,3858,2802200013858,2691,3.430075055551939
28,022,0001,3862,2802200013862,15,1.2041199826559248
28,022,0001,3877,2802200013877,2,0.47712125471966244
28,022,0001,3881,2802200013881,3314,3.520483532740792
28,022,0001,3896,2802200013896,596,2.775974331129369
28,022,0001,3909,2802200013909,8110,3.9090744014009045
28,022,0001,3913,2802200013913,536,2.7299742856995555
28,022,0001,3928,2802200013928,532,2.7267272090265724
28,022,0001,3932,2802200013932,833,2.921166050637739
28,022,0001,3947,2802200013947,1332,3.1248301494138593
28,022,0001,3951,2802200013951,26,1.4313637641589874
28,022,0001,3966,2802200013966,690,2.8394780473741985
28,022,0001,3970,2802200013970,325,2.513217600067939
28,022,0001,3985,2802200013985,1419,3.1522883443830563
28,022,0001,399A,280220001399A,36,1.568201724066995
28,022,0001,4004,2802200014004,674,2.829303772831025
28,022,0001,4019,2802200014019,990,2.9960736544852753
28,022,0001,4023,2802200014023,84,1.9294189257142926
28,022,0001,4042,2802200014042,10,1.0413926851582251
28,022,0001,4057,2802200014057,4,0.6989700043360189
28,022,0001,4061,2802200014061,8,0.9542425094393249
28,022,0001,4076,2802200014076,0,0.0
28,022,0001,4080,2802200014080,1139,3.0569048513364727
28,022,0001,4095,2802200014095,0,0.0
28,022,0001,4108,2802200014108,3052,3.4847268042986617
28,022,0001,4112,2802200014112,1414,3.150756439860309
28,022,0001,4127,2802200014127,587,2.7693773260761385
28,022,0001,4131,2802200014131,142,2.155336037465062
28,022,0001,4146,2802200014146,388,2.5899496013257077
28,022,0001,4150,2802200014150,1513,3.180125875164054
28,022,0001,4165,2802200014165,773,2.8887409606828927
28,022,0001,417A,280220001417A,2868,3.4577305482459986
28,022,0001,4184,2802200014184,66,1.8260748027008264
28,022,0001,4199,2802200014199,0,0.0
28,022,0001,4201,2802200014201,946,2.9763499790032735
28,022,0001,4216,2802200014216,3,0.6020599913279624
28,022,0001,4220,2802200014220,2,0.47712125471966244
28,022,0001,4235,2802200014235,1997,3.3005954838899636
28,022,0001,424A,280220001424A,103,2.0170333392987803
28,022,0001,4254,2802200014254,7,0.9030899869919435
28,022,0001,4269,2802200014269,0,0.0
28,022,0001,4273,2802200014273,0,0.0
28,022,0001,4288,2802200014288,0,0.0
28,022,0001,4292,2802200014292,0,0.0
28,022,0001,4305,2802200014305,23,1.380211241711606
28,022,0001,431A,280220001431A,11,1.0791812460476249
28,022,0001,4324,2802200014324,7,0.9030899869919435
28,022,0001,4339,2802200014339,381,2.582063362911709
28,022,0001,4343,2802200014343,0,0.0
28,022,0001,4358,2802200014358,1851,3.2676409823459154
28,022,0001,4362,2802200014362,879,2.9444826721501687
28,022,0001,4377,2802200014377,0,0.0
28,022,0001,4381,2802200014381,3730,3.571825249040829
28,022,0001,4396,2802200014396,156,2.1958996524092336
28,022,0001,4413,2802200014413,3150,3.4984484031739997
28,022,0001,4428,2802200014428,1562,3.193958978019187
28,022,0001,4432,2802200014432,405,2.6085260335771943
28,022,0001,4447,2802200014447,1372,3.137670537236755
28,022,0001,4451,2802200014451,348,2.5428254269591797
28,022,0001,4466,2802200014466,201,2.305351369446624
28,022,0001,4470,2802200014470,1293,3.1119342763326814
28,022,0001,4485,2802200014485,231,2.3654879848909
28,022,0001,449A,280220001449A,319,2.505149978319906
28,022,0001,4502,2802200014502,1225,3.0884904701823963
28,022,0001,4517,2802200014517,399,2.6020599913279625
28,022,0001,4521,2802200014521,157,2.1986570869544226
28,022,0001,4536,2802200014536,0,0.0
28,022,0001,4540,2802200014540,14,1.1760912590556813
28,022,0001,4555,2802200014555,83,1.9242792860618816
28,022,0001,456A,280220001456A,3,0.6020599913279624
28,022,0001,4574,2802200014574,0,0.0
28,022,0001,4589,2802200014589,0,0.0
28,022,0001,4593,2802200014593,267,2.428134794028789
28,022,0001,4606,2802200014606,0,0.0
28,022,0001,4610,2802200014610,50,1.7075701760979363
28,022,0001,4625,2802200014625,0,0.0
28,022,0001,463A,280220001463A,2,0.47712125471966244
28,022,0001,4644,2802200014644,122,2.089905111439398
28,022,0001,4659,2802200014659,0,0.0
28,022,0001,4663,2802200014663,2014,3.3042750504771283
28,022,0001,4678,2802200014678,1,0.3010299956639812
28,022,0001,4682,2802200014682,275,2.4409090820652177
28,022,0001,4697,2802200014697,137,2.1398790864012365
28,022,0001,470A,280220001470A,85,1.9344984512435677
28,022,0001,4714,2802200014714,3617,3.558468562523795
28,022,0001,4729,2802200014729,252,2.403120521175818
28,022,0001,4733,2802200014733,993,2.997386384397313
28,022,0001,4748,2802200014748,0,0.0
28,022,0001,4752,2802200014752,1099,3.041392685158225
28,022,0104,0054,2802201040054,1520,3.182129214052998
28,022,0104,1743,2802201041743,791,2.8987251815894934
28,022,0104,2135,2802201042135,55,1.7481880270062005
28,022,0104,214A,280220104214A,242,2.385606273598312
28,022,0104,2154,2802201042154,4,0.6989700043360189
28,022,0264,1724,2802202641724,845,2.9273703630390235
28,022,0264,1739,2802202641739,818,2.9132839017604186
28,022,0264,1758,2802202641758,533,2.727541257028556
28,022,0264,1762,2802202641762,254,2.406540180433955
28,022,0264,2169,2802202642169,143,2.1583624920952498
28,022,0264,2173,2802202642173,1,0.3010299956639812
28,022,0264,381A,280220264381A,61,1.792391689498254
28,022,0264,4038,2802202644038,69,1.845098040014257
28,023,0001,0193,2802300010193,615,2.7895807121644256
28,023,0001,0206,2802300010206,261,2.4183012913197452
28,023,0001,0371,2802300010371,113,2.0569048513364727
28,024,0001,0114,2802400010114,768,2.885926339801431
28,024,0001,0129,2802400010129,350,2.545307116465824
28,024,0001,0133,2802400010133,593,2.7737864449811935
28,024,0001,0148,2802400010148,277,2.444044795918076
28,024,0001,0152,2802400010152,292,2.4668676203541096
28,024,0001,0167,2802400010167,636,2.8041394323353503
28,024,0001,0171,2802400010171,608,2.784617292632875
28,024,0001,0186,2802400010186,485,2.6866362692622934
28,024,0001,0190,2802400010190,408,2.611723308007342
28,024,0001,0203,2802400010203,309,2.4913616938342726
28,024,0001,0218,2802400010218,344,2.537819095073274
28,024,0001,0237,2802400010237,9,1.0
28,024,0001,0241,2802400010241,628,2.798650645445269
28,024,0001,0256,2802400010256,22,1.3617278360175928
28,024,0001,0260,2802400010260,35,1.5563025007672873
28,024,0001,0275,2802400010275,0,0.0
28,024,0001,028A,280240001028A,179,2.255272505103306
28,024,0001,0294,2802400010294,59,1.7781512503836436
28,024,0001,0307,2802400010307,50,1.7075701760979363
28,024,0001,0364,2802400010364,9,1.0
28,025,0001,0107,2802500010107,900,2.954724790979063
28,025,0001,0111,2802500010111,2633,3.420615770625765
28,025,0001,0126,2802500010126,1697,3.229937685907934
28,025,0001,0130,2802500010130,693,2.841359470454855
28,025,0001,0145,2802500010145,259,2.4149733479708178
28,025,0001,015A,280250001015A,1180,3.072249897613515
28,025,0001,0164,2802500010164,219,2.342422680822206
28,025,0001,0179,2802500010179,604,2.781755374652469
28,025,0001,0183,2802500010183,469,2.6720978579357175
28,025,0001,0198,2802500010198,1532,3.185542154854375
28,025,0001,0200,2802500010200,947,2.976808337338066
28,025,0001,0215,2802500010215,1053,3.022840610876528
28,025,0001,022A,280250001022A,689,2.838849090737255
28,025,0001,0234,2802500010234,688,2.8382192219076257
28,025,0001,0249,2802500010249,1262,3.101403350555331
28,025,0001,0253,2802500010253,252,2.403120521175818
28,025,0001,0304,2802500010304,223,2.3502480183341627
28,025,0001,0319,2802500010319,7,0.9030899869919435
28,025,0001,0323,2802500010323,35,1.5563025007672873
28,025,0001,0338,2802500010338,1063,3.0269416279590295
28,025,0001,0342,2802500010342,118,2.0755469613925306
28,025,0001,0357,2802500010357,178,2.2528530309798933
28,025,0001,0361,2802500010361,6,0.8450980400142568
28,025,0001,0376,2802500010376,151,2.1818435879447726
28,025,0001,0501,2802500010501,67,1.8325089127062364
28,025,0001,0573,2802500010573,110,2.0453229787866576
28,025,0001,0588,2802500010588,16,1.2304489213782739
28,025,0001,0592,2802500010592,103,2.0170333392987803
28,025,0001,0605,2802500010605,618,2.791690649020118
28,025,0001,061A,280250001061A,705,2.8488047010518036
28,025,0001,0624,2802500010624,17,1.255272505103306
28,025,0001,0643,2802500010643,57,1.7634279935629373
28,025,0001,0677,2802500010677,41,1.6232492903979006
28,025,0015,0450,2802500150450,402,2.6053050461411096
28,025,0015,0465,2802500150465,386,2.5877109650189114
28,025,0015,047A,280250015047A,727,2.862131379313037
28,025,0015,0484,2802500150484,1777,3.249931756634195
28,025,0015,0499,2802500150499,565,2.7528164311882715
28,025,0015,0516,2802500150516,6,0.8450980400142568
28,025,0015,0520,2802500150520,180,2.2576785748691846
28,025,0015,0639,2802500150639,11,1.0791812460476249
28,025,0015,0658,2802500150658,358,2.5550944485783194
28,025,0015,0662,2802500150662,1,0.3010299956639812
28,025,0015,0681,2802500150681,1,0.3010299956639812
28,026,0001,0104,2802600010104,144,2.161368002234975
28,026,0001,0119,2802600010119,252,2.403120521175818
28,026,0001,0123,2802600010123,446,2.6503075231319366
28,026,0001,0138,2802600010138,142,2.155336037465062
28,026,0001,0142,2802600010142,323,2.510545010206612
28,026,0001,0157,2802600010157,369,2.568201724066995
28,026,0001,0231,2802600010231,99,2.0
28,027,0001,0012,2802700010012,473,2.6757783416740852
28,027,0001,0120,2802700010120,1485,3.1720188094245563
28,027,0001,014A,280270001014A,1893,3.2773799746672547
28,027,0001,0192,2802700010192,2643,3.4222614508136027
28,027,0001,0239,2802700010239,2405,3.381295623003826
28,027,0001,0243,2802700010243,1474,3.1687920203141817
28,027,0001,0258,2802700010258,1329,3.123851640967086
28,027,0001,0281,2802700010281,914,2.9614210940664485
28,027,0001,0296,2802700010296,849,2.929418925714293
28,027,0001,0309,2802700010309,1487,3.17260293120986
28,027,0001,0313,2802700010313,2091,3.3205616801952367
28,027,0001,0328,2802700010328,2543,3.4055171069763763
28,027,0001,0366,2802700010366,2896,3.461948495203762
28,027,0001,0385,2802700010385,1686,3.2271150825891253
28,027,0001,039A,280270001039A,1868,3.271609301378832
28,027,0001,0402,2802700010402,1761,3.246005904076029
28,027,0001,0436,2802700010436,2623,3.4189638307036225
28,027,0001,0493,2802700010493,1706,3.2322335211147335
28,027,0001,0506,2802700010506,1063,3.0269416279590295
28,027,0001,0510,2802700010510,1035,3.0153597554092144
28,027,0001,0582,2802700010582,1299,3.113943352306837
28,027,0001,0633,2802700010633,230,2.3636119798921444
28,027,0001,0652,2802700010652,1040,3.017450729510536
28,027,0001,0718,2802700010718,2967,3.4724638966069894
28,027,0001,0722,2802700010722,135,2.1335389083702174
28,027,0001,0756,2802700010756,2316,3.364926033789976
28,027,0001,0760,2802700010760,507,2.7058637122839193
28,027,0001,0775,2802700010775,0,0.0
28,027,0001,078A,280270001078A,1010,3.004751155591001
28,027,0001,0794,2802700010794,766,2.884795363948981
28,027,0001,0807,2802700010807,1483,3.171433900943008
28,027,0001,0811,2802700010811,5110,3.708505880955237
28,027,0001,0826,2802700010826,1485,3.1720188094245563
28,027,0001,0830,2802700010830,1418,3.151982395457474
28,027,0001,0845,2802700010845,136,2.1367205671564067
28,027,0001,0864,2802700010864,700,2.8457180179666586
28,027,0001,0879,2802700010879,742,2.8709888137605755
28,027,0001,0883,2802700010883,740,2.869818207979328
28,027,0001,0898,2802700010898,1011,3.0051805125037805
28,027,0001,0968,2802700010968,4395,3.643057683751453
28,027,0001,0972,2802700010972,8,0.9542425094393249
28,027,0001,0987,2802700010987,36,1.568201724066995
28,027,0001,0991,2802700010991,1369,3.1367205671564067
28,027,0001,1006,2802700011006,1555,3.1920095926536702
28,027,0001,1010,2802700011010,1284,3.1089031276673134
28,027,0001,1025,2802700011025,3661,3.5637183399656776
28,027,0001,103A,280270001103A,1174,3.070037866607755
28,027,0001,1044,2802700011044,1177,3.0711452904510828
28,027,0001,1059,2802700011059,2202,3.343014497150768
28,027,0001,1063,2802700011063,1287,3.1099158630237933
28,027,0001,1078,2802700011078,903,2.9561684304753633
28,027,0001,1082,2802700011082,157,2.1986570869544226
28,027,0001,1097,2802700011097,651,2.81424759573192
28,027,0001,110A,280270001110A,1620,3.209783014848515
28,027,0001,1114,2802700011114,1619,3.2095150145426308
28,027,0001,1129,2802700011129,1330,3.124178055474675
28,027,0001,1133,2802700011133,1581,3.1992064791616577
28,027,0001,1148,2802700011148,1285,3.109240968588203
28,027,0001,1152,2802700011152,1500,3.1763806922432702
28,027,0001,1167,2802700011167,1625,3.2111205412580492
28,027,0001,1171,2802700011171,1835,3.2638726768652235
28,027,0001,1186,2802700011186,1474,3.1687920203141817
28,027,0001,1190,2802700011190,1461,3.1649473726218416
28,027,0001,1203,2802700011203,2027,3.3070679506612985
28,027,0001,1218,2802700011218,1391,3.1436392352745433
28,027,0001,1222,2802700011222,2212,3.344981413927258
28,027,0001,1237,2802700011237,1613,3.2079035303860515
28,027,0001,1241,2802700011241,1913,3.281941933440825
28,027,0001,1256,2802700011256,1297,3.1132746924643504
28,027,0001,1260,2802700011260,662,2.821513528404773
28,027,0001,1275,2802700011275,659,2.8195439355418688
28,027,0001,128A,280270001128A,1699,3.230448921378274
28,027,0001,1294,2802700011294,2100,3.3224260524059526
28,027,0001,1307,2802700011307,2436,3.386855529184724
28,027,0001,1311,2802700011311,1333,3.12515582958053
28,027,0001,1326,2802700011326,1662,3.2208922492195193
28,027,0001,1330,2802700011330,1023,3.010299956639812
28,027,0001,1345,2802700011345,926,2.967079734144497
28,027,0001,135A,280270001135A,1233,3.091315159697223
28,027,0001,1364,2802700011364,1332,3.1248301494138593
28,027,0001,1379,2802700011379,1736,3.2397998184470986
28,027,0001,1383,2802700011383,1879,3.27415784926368
28,027,0001,1398,2802700011398,2507,3.399327532158679
28,027,0001,1400,2802700011400,1854,3.268343913951065
28,027,0001,1415,2802700011415,2470,3.3928727454020793
28,027,0001,142A,280270001142A,933,2.9703468762300935
28,027,0001,1434,2802700011434,2338,3.3690302218091532
28,027,0001,1449,2802700011449,2812,3.449169732165201
28,027,0001,1453,2802700011453,1345,3.1290450598879582
28,027,0001,1468,2802700011468,2940,3.468495024507069
28,027,0001,1472,2802700011472,964,2.9845273133437926
28,027,0001,1487,2802700011487,1737,3.2400497721126476
28,027,0001,1491,2802700011491,630,2.8000293592441343
28,027,0001,1504,2802700011504,756,2.8790958795000727
28,027,0001,1519,2802700011519,841,2.9253120914996495
28,027,0001,1523,2802700011523,2441,3.3877456596088638
28,027,0001,1538,2802700011538,1084,3.0354297381845483
28,027,0001,1542,2802700011542,800,2.9036325160842376
28,027,0001,1561,2802700011561,178,2.2528530309798933
28,027,0001,1580,2802700011580,2001,3.3014640731433
28,027,0001,1595,2802700011595,2047,3.3113299523037933
28,027,0001,1608,2802700011608,6048,3.7816835845073506
28,027,0001,1612,2802700011612,5461,3.7373516958037145
28,027,0001,1627,2802700011627,136,2.1367205671564067
28,027,0001,1631,2802700011631,231,2.3654879848909
28,027,0001,1646,2802700011646,465,2.66838591669
28,027,0001,1650,2802700011650,887,2.948412965778601
28,027,0001,1665,2802700011665,1272,3.1048284036536553
28,027,0001,167A,280270001167A,1477,3.1696744340588068
28,027,0001,1684,2802700011684,1332,3.1248301494138593
28,027,0001,1824,2802700011824,2626,3.4194600727860704
28,027,0001,1843,2802700011843,12942,4.11203495117343
28,027,0001,1858,2802700011858,6346,3.8025684983139563
28,027,0001,1862,2802700011862,1956,3.2915908256580013
28,027,0001,1877,2802700011877,307,2.4885507165004443
28,027,0001,1881,2802700011881,274,2.439332693830263
28,027,0001,1896,2802700011896,1352,3.131297796597623
28,027,0001,1909,2802700011909,2,0.47712125471966244
28,027,0001,1913,2802700011913,35,1.5563025007672873
28,027,0001,1928,2802700011928,741,2.870403905279027
28,027,0001,1932,2802700011932,26,1.4313637641589874
28,027,0001,1970,2802700011970,1451,3.161966616364075
28,027,0001,1985,2802700011985,1936,3.287129620719111
28,027,0001,199A,280270001199A,2154,3.3334472744967503
28,027,0001,2004,2802700012004,2111,3.3246939138617746
28,027,0001,2019,2802700012019,2096,3.3215984304653436
28,027,0001,2038,2802700012038,6350,3.8028421127390746
28,027,0001,2042,2802700012042,5579,3.7466341989375787
28,027,0001,2057,2802700012057,4724,3.674401812845282
28,027,0001,2061,2802700012061,3154,3.498999363580153
28,027,0001,2076,2802700012076,5173,3.7138264243805246
28,027,0001,2080,2802700012080,2513,3.400365273349939
28,027,0001,2095,2802700012095,3513,3.545801757159276
28,027,0001,2108,2802700012108,3703,3.5686709780098966
28,027,0001,2112,2802700012112,563,2.751279103983342
28,027,0001,2127,2802700012127,485,2.6866362692622934
28,027,0001,2146,2802700012146,2945,3.469232742506612
28,027,0001,2165,2802700012165,1657,3.2195845262142546
28,027,0001,2184,2802700012184,692,2.8407332346118066
28,027,0001,2199,2802700012199,1869,3.271841606536499
28,027,0001,2201,2802700012201,2635,3.420945405921972
28,027,0001,2216,2802700012216,1512,3.179838928023187
28,027,0001,2220,2802700012220,1012,3.0056094453602804
28,027,0001,2235,2802700012235,4251,3.6285932558512592
28,027,0001,224A,280270001224A,2432,3.3861421089308186
28,027,0001,2254,2802700012254,1447,3.1607685618611283
28,027,0001,2269,2802700012269,1166,3.0670708560453703
28,027,0001,2288,2802700012288,1401,3.14674801363064
28,027,0001,2292,2802700012292,1038,3.016615547557177
28,027,0001,2305,2802700012305,4522,3.6554265877459184
28,027,0001,231A,280270001231A,3453,3.53832233323144
28,027,0001,2324,2802700012324,113,2.0569048513364727
28,027,0001,2339,2802700012339,619,2.792391689498254
28,027,0001,2343,2802700012343,1652,3.2182728535714475
28,027,0001,2358,2802700012358,82,1.919078092376074
28,027,0001,2362,2802700012362,502,2.7015679850559273
28,027,0001,2377,2802700012377,45,1.662757831681574
28,027,0001,2381,2802700012381,517,2.714329759745233
28,027,0001,2396,2802700012396,4492,3.6525364185930256
28,027,0001,2409,2802700012409,2006,3.3025473724874854
28,027,0001,2413,2802700012413,2626,3.4194600727860704
28,027,0001,2428,2802700012428,1390,3.143327129992046
28,027,0001,2432,2802700012432,1325,3.1225435240687545
28,027,0001,2447,2802700012447,829,2.9190780923760737
28,027,0001,2451,2802700012451,1365,3.1354506993455136
28,027,0001,2466,2802700012466,212,2.3283796034387376
28,027,0001,2470,2802700012470,25,1.414973347970818
28,027,0001,2502,2802700012502,5045,3.702947246181556
28,027,0001,2517,2802700012517,0,0.0
28,027,0001,2521,2802700012521,555,2.7450747915820575
28,027,0001,2536,2802700012536,773,2.8887409606828927
28,027,0001,2540,2802700012540,132,2.123851640967086
28,027,0001,2555,2802700012555,5391,3.7317498835272636
28,027,0001,256A,280270001256A,74,1.8750612633917
28,027,0001,2574,2802700012574,1187,3.074816440645175
28,027,0001,2589,2802700012589,4640,3.66661156841903
28,027,0001,2593,2802700012593,1691,3.228400358703005
28,027,0001,2606,2802700012606,2798,3.4470028984661623
28,027,0001,2610,2802700012610,5508,3.7410727723733213
28,027,0001,2625,2802700012625,3688,3.5669086552268032
28,027,0001,263A,280270001263A,3411,3.5330090224954853
28,027,0001,2644,2802700012644,928,2.968015713993642
28,027,0001,2659,2802700012659,4108,3.6137361412618714
28,027,0001,2663,2802700012663,2758,3.4407517004791854
28,027,0001,2678,2802700012678,2430,3.3857849588433355
28,027,0001,2682,2802700012682,4517,3.6549462265843444
28,027,0001,2697,2802700012697,1215,3.084933574936716
28,027,0001,270A,280270001270A,3002,3.477555332198981
28,027,0001,2714,2802700012714,4468,3.6502103546603593
28,027,0001,2729,2802700012729,395,2.597695185925512
28,027,0001,2733,2802700012733,4300,3.6335694425540916
28,027,0001,2748,2802700012748,3321,3.521399628115376
28,027,0001,2752,2802700012752,2992,3.4761067168401913
28,027,0001,2767,2802700012767,14,1.1760912590556813
28,027,0001,2771,2802700012771,731,2.864511081058392
28,027,0001,2786,2802700012786,9832,3.9926860391621277
28,027,0001,2790,2802700012790,2868,3.4577305482459986
28,027,0001,2803,2802700012803,43,1.6434526764861874
28,027,0001,2818,2802700012818,1748,3.2427898094786767
28,027,0001,2822,2802700012822,25,1.414973347970818
28,027,0001,2875,2802700012875,594,2.7745169657285498
28,027,0001,288A,280270001288A,230,2.3636119798921444
28,027,0001,2894,2802700012894,615,2.7895807121644256
28,027,0001,2907,2802700012907,3053,3.484869032720402
28,027,0001,2911,2802700012911,0,0.0
28,027,0001,2926,2802700012926,204,2.311753861055754
28,027,0001,2930,2802700012930,1248,3.0965624383741357
28,027,0001,2945,2802700012945,875,2.9425041061680806
28,027,0001,295A,280270001295A,1,0.3010299956639812
28,027,0001,2964,2802700012964,372,2.571708831808688
28,027,0001,2979,2802700012979,667,2.824776462475546
28,027,0001,2983,2802700012983,73,1.8692317197309762
28,027,0001,2998,2802700012998,3226,3.508798965403905
28,027,0001,3002,2802700013002,3500,3.5441921107650325
28,027,0001,3017,2802700013017,13,1.146128035678238
28,027,0001,3021,2802700013021,0,0.0
28,027,0001,3036,2802700013036,3057,3.485437481076301
28,027,0001,3040,2802700013040,0,0.0
28,027,0001,3055,2802700013055,0,0.0
28,027,0001,306A,280270001306A,61,1.792391689498254
28,027,0001,3089,2802700013089,78,1.8976270912904414
28,027,0001,3093,2802700013093,999,3.0
28,027,0001,3106,2802700013106,1822,3.2607866686549762
28,027,0001,3110,2802700013110,875,2.9425041061680806
28,027,0001,3125,2802700013125,0,0.0
28,027,0001,313A,280270001313A,658,2.8188854145940097
28,027,0001,3144,2802700013144,2109,3.3242824552976926
28,027,0001,3159,2802700013159,28,1.462397997898956
28,027,0001,3163,2802700013163,957,2.9813655090785445
28,027,0001,3178,2802700013178,43,1.6434526764861874
28,027,0001,3182,2802700013182,861,2.9355072658247128
28,027,0001,3197,2802700013197,71,1.8573324964312685
28,027,0001,320A,280270001320A,0,0.0
28,027,0001,3214,2802700013214,290,2.4638929889859074
28,027,0001,3229,2802700013229,4,0.6989700043360189
28,027,0001,3233,2802700013233,1132,3.0542299098633974
28,027,0001,3248,2802700013248,106,2.0293837776852097
28,027,0001,3252,2802700013252,1005,3.0025979807199086
28,027,0001,3267,2802700013267,30,1.4913616938342726
28,027,0001,3271,2802700013271,1762,3.246252312299322
28,027,0001,3286,2802700013286,1321,3.1212314551496214
28,027,0001,3290,2802700013290,608,2.784617292632875
28,027,0001,3303,2802700013303,490,2.6910814921229687
28,027,0001,3318,2802700013318,0,0.0
28,027,0001,3322,2802700013322,410,2.6138418218760693
28,027,0001,3337,2802700013337,664,2.8228216453031045
28,027,0001,3341,2802700013341,370,2.569373909615046
28,027,0001,3356,2802700013356,0,0.0
28,027,0001,3360,2802700013360,29,1.4771212547196624
28,027,0001,3375,2802700013375,0,0.0
28,027,0001,338A,280270001338A,5,0.7781512503836436
28,027,0001,3394,2802700013394,126,2.103803720955957
28,027,0001,3407,2802700013407,80,1.9084850188786497
28,027,0001,3411,2802700013411,818,2.9132839017604186
28,027,0001,3426,2802700013426,1553,3.1914510144648953
28,027,0001,3430,2802700013430,420,2.6242820958356683
28,027,0001,3445,2802700013445,965,2.9849771264154934
28,027,0001,345A,280270001345A,34,1.5440680443502757
28,027,0001,3464,2802700013464,104,2.0211892990699383
28,027,0001,3479,2802700013479,0,0.0
28,027,0001,3483,2802700013483,1279,3.1072099696478683
28,027,0162,2837,2802701622837,3400,3.531606631932722
28,027,0162,2841,2802701622841,282,2.45178643552429
28,027,0162,2856,2802701622856,1538,3.187238619831479
28,027,0162,2860,2802701622860,2555,3.4075608494863627
28,027,0162,3498,2802701623498,0,0.0
28,028,0001,0043,2802800010043,656,2.8175653695597807
28,028,0001,0058,2802800010058,769,2.886490725172482
28,028,0001,0062,2802800010062,475,2.677606952720493
28,028,0001,0077,2802800010077,139,2.146128035678238
28,028,0001,0081,2802800010081,225,2.3541084391474008
28,028,0001,0096,2802800010096,249,2.3979400086720375
28,028,0001,0109,2802800010109,228,2.359835482339888
28,028,0001,0113,2802800010113,17,1.255272505103306
28,029,0001,020A,280290001020A,484,2.6857417386022635
28,029,0001,0214,2802900010214,436,2.640481436970422
28,029,0001,0229,2802900010229,625,2.7965743332104296
28,029,0001,0233,2802900010233,435,2.639486489268586
28,029,0001,0248,2802900010248,492,2.69284691927723
28,029,0001,0252,2802900010252,608,2.784617292632875
28,029,0001,0267,2802900010267,334,2.525044807036845
28,029,0001,0271,2802900010271,216,2.3364597338485296
28,029,0001,0286,2802900010286,193,2.287801729930226
28,029,0001,0290,2802900010290,110,2.0453229787866576
28,029,0001,0303,2802900010303,509,2.7075701760979363
28,029,0001,0318,2802900010318,509,2.7075701760979363
28,029,0001,0394,2802900010394,222,2.3483048630481607
28,029,0001,0407,2802900010407,26,1.4313637641589874
28,029,0001,0411,2802900010411,7,0.9030899869919435
28,029,0001,0426,2802900010426,5,0.7781512503836436
28,029,0001,0430,2802900010430,241,2.383815365980431
28,029,0001,0445,2802900010445,4,0.6989700043360189
28,029,0001,045A,280290001045A,0,0.0
28,030,0001,0130,2803000010130,1667,3.22219604630172
28,030,0001,0145,2803000010145,1342,3.1280760126687155
28,030,0001,015A,280300001015A,610,2.786041210242554
28,030,0001,0164,2803000010164,1495,3.1749315935284423
28,030,0001,0291,2803000010291,80,1.9084850188786497
28,030,0001,0304,2803000010304,172,2.2380461031287955
28,030,0001,0319,2803000010319,165,2.220108088040055
28,030,0009,022A,280300009022A,930,2.9689496809813427
28,030,0009,0234,2803000090234,1208,3.0824263008607717
28,030,0009,0249,2803000090249,921,2.9647309210536292
28,030,0009,0323,2803000090323,18,1.2787536009528289
28,030,0009,0338,2803000090338,5,0.7781512503836436
28,031,0001,0068,2803100010068,90,1.9590413923210936
28,031,0001,0072,2803100010072,380,2.5809249756756194
28,031,0001,0087,2803100010087,261,2.4183012913197452
28,031,0001,0091,2803100010091,264,2.423245873936808
28,031,0001,0104,2803100010104,171,2.2355284469075487
28,031,0001,0157,2803100010157,15,1.2041199826559248
28,031,0001,0176,2803100010176,0,0.0
28,031,0001,0195,2803100010195,19,1.3010299956639813
28,032,0001,0101,2803200010101,5,0.7781512503836436
28,032,0001,0135,2803200010135,264,2.423245873936808
28,032,0001,0239,2803200010239,0,0.0
28,032,0001,0332,2803200010332,1584,3.2000292665537704
28,032,0001,0347,2803200010347,999,3.0
28,032,0001,0351,2803200010351,1026,3.0115704435972783
28,032,0001,0370,2803200010370,1589,3.2013971243204513
28,032,0001,0421,2803200010421,1351,3.130976691605617
28,032,0001,0436,2803200010436,2834,3.452553063228925
28,032,0001,0703,2803200010703,812,2.910090545594068
28,032,0001,0741,2803200010741,5763,3.760723972141952
28,032,0001,0794,2803200010794,1235,3.092018470752797
28,032,0001,0807,2803200010807,1179,3.0718820073061255
28,032,0001,0830,2803200010830,3598,3.5561818466529114
28,032,0001,0845,2803200010845,4211,3.624488362513449
28,032,0001,085A,280320001085A,4720,3.674034000431255
28,032,0001,0898,2803200010898,0,0.0
28,032,0001,0949,2803200010949,1741,3.241048150671644
28,032,0001,0991,2803200010991,2256,3.353531559077762
28,032,0001,1006,2803200011006,3435,3.5360531551592045
28,032,0001,1010,2803200011010,1513,3.180125875164054
28,032,0001,1025,2803200011025,718,2.8567288903828825
28,032,0001,103A,280320001103A,1531,3.185258765296585
28,032,0001,1044,2803200011044,636,2.8041394323353503
28,032,0001,1059,2803200011059,620,2.79309160017658
28,032,0001,1063,2803200011063,763,2.8830933585756897
28,032,0001,1078,2803200011078,531,2.7259116322950483
28,032,0001,1082,2803200011082,642,2.808210972924222
28,032,0001,1097,2803200011097,1781,3.250907699700856
28,032,0001,110A,280320001110A,1284,3.1089031276673134
28,032,0001,1114,2803200011114,791,2.8987251815894934
28,032,0001,1129,2803200011129,720,2.857935264719429
28,032,0001,1133,2803200011133,910,2.9595183769729982
28,032,0001,1148,2803200011148,999,3.0
28,032,0001,1152,2803200011152,1229,3.089905111439398
28,032,0001,1167,2803200011167,973,2.9885589568786157
28,032,0001,1171,2803200011171,1028,3.012415374762433
28,032,0001,1186,2803200011186,683,2.835056101720116
28,032,0001,1190,2803200011190,2708,3.4328090050331683
28,032,0001,1203,2803200011203,633,2.802089257881733
28,032,0001,1218,2803200011218,883,2.946452265013073
28,032,0001,1222,2803200011222,723,2.859738566197147
28,032,0001,1237,2803200011237,2803,3.447778009294621
28,032,0001,1241,2803200011241,1183,3.073351702386901
28,032,0001,1256,2803200011256,555,2.7450747915820575
28,032,0001,1260,2803200011260,807,2.907411360774586
28,032,0001,1275,2803200011275,1006,3.003029470553618
28,032,0001,128A,280320001128A,576,2.7611758131557314
28,032,0001,1294,2803200011294,1508,3.17868923977559
28,032,0001,1307,2803200011307,723,2.859738566197147
28,032,0001,1311,2803200011311,1193,3.0770043267933502
28,032,0001,1326,2803200011326,2267,3.355643050220869
28,032,0001,1330,2803200011330,975,2.9894498176666917
28,032,0001,1345,2803200011345,695,2.842609239610562
28,032,0001,135A,280320001135A,1706,3.2322335211147335
28,032,0001,1364,2803200011364,720,2.857935264719429
28,032,0001,1379,2803200011379,743,2.8715729355458786
28,032,0001,1383,2803200011383,926,2.967079734144497
28,032,0001,1398,2803200011398,808,2.9079485216122722
28,032,0001,1400,2803200011400,1462,3.1652443261253107
28,032,0001,1415,2803200011415,1891,3.276921132065774
28,032,0001,142A,280320001142A,1022,3.00987563371216
28,032,0001,1434,2803200011434,1472,3.168202746842631
28,032,0001,1449,2803200011449,774,2.88930170250631
28,032,0001,1453,2803200011453,2350,3.3712526291249394
28,032,0001,1468,2803200011468,2554,3.4073909044707316
28,032,0001,1487,2803200011487,831,2.920123326290724
28,032,0001,1491,2803200011491,1381,3.1405080430381798
28,032,0001,1504,2803200011504,3203,3.5056925074122
28,032,0001,1519,2803200011519,1013,3.0060379549973173
28,032,0001,1523,2803200011523,2188,3.3402457615679317
28,032,0001,1538,2803200011538,327,2.515873843711679
28,032,0001,1542,2803200011542,1666,3.2219355998280053
28,032,0001,1557,2803200011557,1174,3.070037866607755
28,032,0001,1561,2803200011561,1272,3.1048284036536553
28,032,0001,1576,2803200011576,1241,3.0941215958405612
28,032,0001,1580,2803200011580,1602,3.204933522354145
28,032,0001,1595,2803200011595,1472,3.168202746842631
28,032,0001,1608,2803200011608,685,2.8363241157067516
28,032,0001,1612,2803200011612,821,2.9148718175400505
28,032,0001,1627,2803200011627,385,2.586587304671755
28,032,0001,1631,2803200011631,2580,3.411788004543869
28,032,0001,1646,2803200011646,1905,3.2801228963023075
28,032,0001,1650,2803200011650,1095,3.0398105541483504
28,032,0001,1665,2803200011665,1241,3.0941215958405612
28,032,0001,167A,280320001167A,903,2.9561684304753633
28,032,0001,1684,2803200011684,1290,3.1109262422664203
28,032,0001,1699,2803200011699,1251,3.097604328874411
28,032,0001,1701,2803200011701,1354,3.1319392952104246
28,032,0001,1716,2803200011716,1220,3.0867156639448825
28,032,0001,1720,2803200011720,1166,3.0670708560453703
28,032,0001,1735,2803200011735,1582,3.199480914862356
28,032,0001,174A,280320001174A,1519,3.1818435879447726
28,032,0001,1754,2803200011754,1231,3.090610707828407
28,032,0001,1769,2803200011769,990,2.9960736544852753
28,032,0001,1788,2803200011788,1953,3.2909245593827543
28,032,0001,1792,2803200011792,1900,3.278982116865443
28,032,0001,1805,2803200011805,1513,3.180125875164054
28,032,0001,181A,280320001181A,1731,3.2385478876813276
28,032,0001,1824,2803200011824,1444,3.1598678470925665
28,032,0001,1839,2803200011839,1366,3.1357685145678222
28,032,0001,1843,2803200011843,1063,3.0269416279590295
28,032,0001,1858,2803200011858,1389,3.143014800254095
28,032,0001,1877,2803200011877,1352,3.131297796597623
28,032,0001,1881,2803200011881,829,2.9190780923760737
28,032,0001,1896,2803200011896,996,2.998695158311656
28,032,0001,1909,2803200011909,1138,3.0565237240791006
28,032,0001,1913,2803200011913,1181,3.0726174765452368
28,032,0001,1928,2803200011928,1681,3.2258259914618934
28,032,0001,1932,2803200011932,1418,3.151982395457474
28,032,0001,1947,2803200011947,924,2.9661417327390325
28,032,0001,1951,2803200011951,760,2.8813846567705728
28,032,0001,1966,2803200011966,2051,3.3121773564397787
28,032,0001,1970,2803200011970,1299,3.113943352306837
28,032,0001,1985,2803200011985,1473,3.1684974835230326
28,032,0001,199A,280320001199A,1810,3.2579184503140586
28,032,0001,2004,2803200012004,1838,3.2645817292380777
28,032,0001,2019,2803200012019,2681,3.42845877351558
28,032,0001,2023,2803200012023,1752,3.243781916093795
28,032,0001,2038,2803200012038,1203,3.0806264869218056
28,032,0001,2042,2803200012042,1862,3.2702128548962426
28,032,0001,2061,2803200012061,1013,3.0060379549973173
28,032,0001,2076,2803200012076,2212,3.344981413927258
28,032,0001,2080,2803200012080,1237,3.0927206446840994
28,032,0001,2095,2803200012095,1464,3.1658376246901283
28,032,0001,2131,2803200012131,1610,3.207095540419218
28,032,0001,2146,2803200012146,1742,3.2412973871099933
28,032,0001,2150,2803200012150,2218,3.346157302232008
28,032,0001,217A,280320001217A,1338,3.126780577012009
28,032,0001,2184,2803200012184,3594,3.555698894718901
28,032,0001,2254,2803200012254,21,1.3424226808222062
28,032,0001,2269,2803200012269,65,1.8195439355418688
28,032,0001,2273,2803200012273,4,0.6989700043360189
28,032,0001,2288,2803200012288,2051,3.3121773564397787
28,032,0001,2292,2803200012292,129,2.113943352306837
28,032,0001,2305,2803200012305,582,2.765668554759014
28,032,0001,231A,280320001231A,231,2.3654879848909
28,032,0001,2324,2803200012324,3831,3.583425500406507
28,032,0001,2339,2803200012339,459,2.662757831681574
28,032,0001,2343,2803200012343,235,2.3729120029701067
28,032,0001,2358,2803200012358,3544,3.5496162395190853
28,032,0001,2362,2803200012362,12,1.1139433523068367
28,032,0001,2396,2803200012396,6381,3.8049567998574916
28,032,0001,2409,2803200012409,1075,3.0318122713303706
28,032,0001,2428,2803200012428,2719,3.4345689040341987
28,032,0001,2432,2803200012432,1540,3.1878026387184195
28,032,0001,2447,2803200012447,270,2.432969290874406
28,032,0001,2466,2803200012466,7345,3.866050924009275
28,032,0001,2470,2803200012470,5777,3.7617775375081783
28,032,0001,249A,280320001249A,1585,3.200303182981585
28,032,0001,2502,2803200012502,1342,3.1280760126687155
28,032,0001,2517,2803200012517,1966,3.2938043599193367
28,032,0001,2536,2803200012536,2930,3.4670158184384356
28,032,0001,2625,2803200012625,894,2.951823035315912
28,032,0001,263A,280320001263A,2598,3.4148062795010126
28,032,0001,2644,2803200012644,2555,3.4075608494863627
28,032,0001,2678,2803200012678,1236,3.0923696996291206
28,032,0001,2682,2803200012682,794,2.9003671286564705
28,032,0001,2697,2803200012697,2139,3.330413773349191
28,032,0001,270A,280320001270A,1605,3.205745540942662
28,032,0001,2714,2803200012714,609,2.785329835010767
28,032,0001,2729,2803200012729,3747,3.5737995822157407
28,032,0001,2748,2803200012748,2521,3.401745082237063
28,032,0001,2752,2803200012752,3720,3.5706596700215343
28,032,0001,2786,2803200012786,775,2.8898617212581885
28,032,0001,2790,2803200012790,1277,3.1065308538223815
28,032,0001,2803,2803200012803,554,2.7442929831226763
28,032,0001,2818,2803200012818,2048,3.311541958401195
28,032,0001,2822,2803200012822,2636,3.4211101297934343
28,032,0001,2837,2803200012837,1747,3.2425414282983844
28,032,0001,2841,2803200012841,1738,3.2402995820027125
28,032,0001,2856,2803200012856,2454,3.3900514964589874
28,032,0001,2860,2803200012860,3480,3.5417040232842885
28,032,0001,2875,2803200012875,5169,3.7134905430939424
28,032,0001,288A,280320001288A,3734,3.5722906061514177
28,032,0001,2894,2803200012894,506,2.705007959333336
28,032,0001,2907,2803200012907,2473,3.393399695293102
28,032,0001,2911,2803200012911,2348,3.370883016777606
28,032,0001,2926,2803200012926,2670,3.426673888021373
28,032,0001,2945,2803200012945,3804,3.5803546611065915
28,032,0001,295A,280320001295A,3099,3.4913616938342726
28,032,0001,2964,2803200012964,2335,3.3684728384403617
28,032,0001,2979,2803200012979,3310,3.5199591807520685
28,032,0001,2983,2803200012983,2323,3.366236123718293
28,032,0001,2998,2803200012998,7253,3.8605775512444156
28,032,0001,3017,2803200013017,1528,3.1844074854123203
28,032,0001,3021,2803200013021,4005,3.6027109449575576
28,032,0001,3036,2803200013036,146,2.167317334748176
28,032,0001,3040,2803200013040,916,2.962369335670021
28,032,0001,306A,280320001306A,408,2.611723308007342
28,032,0001,3074,2803200013074,745,2.8727388274726686
28,032,0001,3089,2803200013089,2750,3.4394905903896835
28,032,0001,3093,2803200013093,0,0.0
28,032,0001,3106,2803200013106,0,0.0
28,032,0001,3110,2803200013110,594,2.7745169657285498
28,032,0001,3125,2803200013125,301,2.4800069429571505
28,032,0001,313A,280320001313A,6985,3.844228581301628
28,032,0001,3159,2803200013159,2961,3.47158505418519
28,032,0001,3163,2803200013163,1185,3.074084689028244
28,032,0001,3178,2803200013178,379,2.57978359661681
28,032,0001,3182,2803200013182,294,2.469822015978163
28,032,0001,3197,2803200013197,430,2.6344772701607315
28,032,0001,320A,280320001320A,0,0.0
28,032,0001,3214,2803200013214,604,2.781755374652469
28,032,0001,3229,2803200013229,0,0.0
28,032,0001,3233,2803200013233,6461,3.8103669536816254
28,032,0001,3248,2803200013248,3508,3.5451833682154064
28,032,0001,3252,2803200013252,614,2.788875115775417
28,032,0001,3271,2803200013271,277,2.444044795918076
28,032,0001,3286,2803200013286,2037,3.3092041796704077
28,032,0001,3290,2803200013290,1566,3.1950689964685903
28,032,0001,3303,2803200013303,1347,3.129689892199301
28,032,0001,3318,2803200013318,1635,3.2137832993353044
28,032,0001,3322,2803200013322,4958,3.6953941082911097
28,032,0001,3337,2803200013337,3517,3.5462958351214424
28,032,0001,3341,2803200013341,4938,3.693639026161548
28,032,0001,3356,2803200013356,4866,3.687261346243506
28,032,0001,3360,2803200013360,71,1.8573324964312685
28,032,0001,3375,2803200013375,228,2.359835482339888
28,032,0001,338A,280320001338A,371,2.5705429398818973
28,032,0001,3394,2803200013394,0,0.0
28,032,0001,3407,2803200013407,4587,3.66162340922923
28,032,0001,3411,2803200013411,6190,3.7917608040129047
28,032,0001,3426,2803200013426,1214,3.084576277934331
28,032,0001,3430,2803200013430,6,0.8450980400142568
28,032,0001,3445,2803200013445,2833,3.4523998459114416
28,032,0001,345A,280320001345A,1851,3.2676409823459154
28,032,0001,3464,2803200013464,2282,3.3585059114902354
28,032,0001,3479,2803200013479,4908,3.6909930320998696
28,032,0001,3483,2803200013483,1591,3.20194306340165
28,032,0001,3498,2803200013498,4463,3.6497241859295224
28,032,0001,3500,2803200013500,2111,3.3246939138617746
28,032,0001,3515,2803200013515,1962,3.292920299600006
28,032,0001,352A,280320001352A,1966,3.2938043599193367
28,032,0001,3534,2803200013534,3113,3.4933186082321015
28,032,0001,3549,2803200013549,5250,3.720242018287057
28,032,0001,3553,2803200013553,1441,3.15896526038341
28,032,0001,3568,2803200013568,1304,3.1156105116742996
28,032,0001,3572,2803200013572,615,2.7895807121644256
28,032,0001,3587,2803200013587,3759,3.575187844927661
28,032,0001,3591,2803200013591,2644,3.4224256763712044
28,032,0001,3604,2803200013604,2242,3.350829273582968
28,032,0001,3619,2803200013619,2410,3.382197210377454
28,032,0001,3623,2803200013623,2652,3.423737249982329
28,032,0001,3638,2803200013638,1897,3.2782962080912736
28,032,0001,3642,2803200013642,2796,3.4466924663715273
28,032,0001,3657,2803200013657,3996,3.601734148260105
28,032,0001,3661,2803200013661,3818,3.581949658373318
28,032,0001,3676,2803200013676,4837,3.684665864025861
28,032,0001,3680,2803200013680,4536,3.6567687792660166
28,032,0001,3695,2803200013695,5101,3.7077404542737713
28,032,0001,3708,2803200013708,3986,3.6006462356623943
28,032,0001,3712,2803200013712,4624,3.6651117370750512
28,032,0001,3727,2803200013727,3977,3.5996647787884166
28,032,0001,3731,2803200013731,4764,3.6780629049743454
28,032,0001,3746,2803200013746,6757,3.8298181874388777
28,032,0001,3750,2803200013750,5992,3.777644277696485
28,032,0001,3765,2803200013765,0,0.0
28,032,0001,377A,280320001377A,4501,3.6534054906645013
28,032,0001,3784,2803200013784,2822,3.450710878146919
28,032,0001,3799,2803200013799,5261,3.721150843749684
28,032,0001,3801,2803200013801,4747,3.6765107102825536
28,032,0001,3816,2803200013816,87,1.9444826721501687
28,032,0001,3820,2803200013820,1015,3.0068937079479006
28,032,0001,3835,2803200013835,0,0.0
28,032,0001,384A,280320001384A,418,2.622214022966295
28,032,0001,3854,2803200013854,3308,3.519696767159853
28,032,0001,3869,2803200013869,3671,3.564902672529205
28,032,0001,3873,2803200013873,1192,3.076640443670342
28,032,0001,3888,2803200013888,625,2.7965743332104296
28,032,0001,3892,2803200013892,0,0.0
28,032,0001,3905,2803200013905,2280,3.3581252852766488
28,032,0001,391A,280320001391A,2113,3.3251049829714074
28,032,0001,3924,2803200013924,109,2.041392685158225
28,032,0001,3939,2803200013939,6769,3.8305886686851442
28,032,0001,3943,2803200013943,1062,3.0265332645232967
28,032,0001,3958,2803200013958,3479,3.5415792439465807
28,032,0001,3962,2803200013962,3436,3.536179532137225
28,032,0001,3977,2803200013977,2857,3.4560622244549513
28,032,0001,3981,2803200013981,1384,3.1414497734004674
28,032,0001,3996,2803200013996,7851,3.8949802909279687
28,032,0001,4000,2803200014000,4465,3.649918718735419
28,032,0001,4015,2803200014015,307,2.4885507165004443
28,032,0001,402A,280320001402A,9366,3.971600520230059
28,032,0001,4034,2803200014034,1244,3.095169351431755
28,032,0001,4049,2803200014049,6554,3.8165726960261033
28,032,0001,4053,2803200014053,483,2.6848453616444123
28,032,0001,4068,2803200014068,3220,3.5079907248196913
28,032,0001,4072,2803200014072,3546,3.549861188471943
28,032,0001,4087,2803200014087,3961,3.5979144712025284
28,032,0001,4091,2803200014091,3660,3.563599728881531
28,032,0001,4104,2803200014104,2930,3.4670158184384356
28,032,0001,4119,2803200014119,4136,3.616685520895512
28,032,0001,4123,2803200014123,86,1.9395192526186185
28,032,0001,4138,2803200014138,133,2.1271047983648077
28,032,0001,4142,2803200014142,1387,3.142389466118836
28,032,0001,4157,2803200014157,60,1.7853298350107671
28,032,0001,4161,2803200014161,2385,3.377670439334323
28,032,0001,4176,2803200014176,0,0.0
28,032,0001,4180,2803200014180,5356,3.7289216463728594
28,032,0001,4195,2803200014195,1431,3.1559430179718366
28,032,0001,4208,2803200014208,32,1.5185139398778875
28,032,0001,4212,2803200014212,357,2.5538830266438746
28,032,0001,4227,2803200014227,65,1.8195439355418688
28,032,0001,4231,2803200014231,0,0.0
28,032,0001,4246,2803200014246,3177,3.5021538928713607
28,032,0001,4250,2803200014250,5093,3.707058940627596
28,032,0001,4265,2803200014265,2307,3.363235804483694
28,032,0001,427A,280320001427A,4479,3.651278013998144
28,032,0001,4284,2803200014284,657,2.8182258936139557
28,032,0001,4299,2803200014299,6273,3.7975445143617264
28,032,0001,4301,2803200014301,1066,3.0281644194244697
28,032,0001,4316,2803200014316,1480,3.1705550585212086
28,032,0001,4320,2803200014320,531,2.7259116322950483
28,032,0001,4335,2803200014335,739,2.8692317197309762
28,032,0001,434A,280320001434A,3031,3.481729196960016
28,032,0001,4354,2803200014354,3925,3.5939502952639875
28,032,0001,4369,2803200014369,71,1.8573324964312685
28,032,0001,4373,2803200014373,34,1.5440680443502757
28,032,0001,4388,2803200014388,4,0.6989700043360189
28,032,0001,4392,2803200014392,242,2.385606273598312
28,032,0001,4405,2803200014405,2855,3.455758203104137
28,032,0001,441A,280320001441A,2315,3.3647385550553985
28,032,0001,4424,2803200014424,240,2.3820170425748683
28,032,0001,4439,2803200014439,504,2.7032913781186614
28,032,0001,4443,2803200014443,80,1.9084850188786497
28,032,0001,4458,2803200014458,0,0.0
28,032,0001,4462,2803200014462,2147,3.332034277027518
28,032,0001,4477,2803200014477,989,2.99563519459755
28,032,0001,4481,2803200014481,783,2.8943160626844384
28,032,0001,4496,2803200014496,250,2.399673721481038
28,032,0001,4509,2803200014509,712,2.8530895298518657
28,032,0001,4513,2803200014513,206,2.315970345456918
28,032,0001,4528,2803200014528,1662,3.2208922492195193
28,032,0001,4532,2803200014532,0,0.0
28,032,0001,4547,2803200014547,403,2.606381365110605
28,032,0001,4551,2803200014551,311,2.494154594018443
28,032,0001,4566,2803200014566,3214,3.5071809772602407
28,032,0001,4570,2803200014570,1251,3.097604328874411
28,032,0001,4585,2803200014585,1003,3.0017337128090005
28,032,0001,459A,280320001459A,148,2.173186268412274
28,032,0001,4602,2803200014602,570,2.756636108245848
28,032,0001,4617,2803200014617,56,1.7558748556724915
28,032,0001,4621,2803200014621,225,2.3541084391474008
28,032,0001,4636,2803200014636,0,0.0
28,032,0001,4640,2803200014640,483,2.6848453616444123
28,032,0001,4655,2803200014655,151,2.1818435879447726
28,032,0001,466A,280320001466A,237,2.376576957056512
28,032,0001,4674,2803200014674,981,2.9921114877869495
28,032,0001,4689,2803200014689,953,2.979548374704095
28,032,0001,4693,2803200014693,532,2.7267272090265724
28,032,0001,4706,2803200014706,24,1.3979400086720377
28,032,0001,4710,2803200014710,553,2.74350976472843
28,032,0001,4725,2803200014725,177,2.250420002308894
28,032,0001,473A,280320001473A,17,1.255272505103306
28,032,0001,4744,2803200014744,856,2.932980821923198
28,032,0001,4759,2803200014759,82,1.919078092376074
28,032,0001,4763,2803200014763,1682,3.226084115975824
28,032,0001,4778,2803200014778,228,2.359835482339888
28,032,0001,4782,2803200014782,13,1.146128035678238
28,032,0001,4797,2803200014797,202,2.307496037913213
28,032,0001,480A,280320001480A,0,0.0
28,032,0001,4814,2803200014814,0,0.0
28,032,0001,4829,2803200014829,0,0.0
28,032,0001,4833,2803200014833,2,0.47712125471966244
28,032,0001,4848,2803200014848,0,0.0
28,032,0001,4852,2803200014852,389,2.591064607026499
28,032,0001,4867,2803200014867,0,0.0
28,032,0001,4871,2803200014871,76,1.8864907251724818
28,032,0001,4886,2803200014886,0,0.0
28,032,0001,4890,2803200014890,0,0.0
28,032,0001,4903,2803200014903,250,2.399673721481038
28,032,0001,4918,2803200014918,2182,3.339053735709139
28,032,0001,4922,2803200014922,2629,3.419955748489758
28,032,0001,4937,2803200014937,1383,3.141136090120739
28,032,0001,4941,2803200014941,2100,3.3224260524059526
28,032,0001,4956,2803200014956,182,2.2624510897304293
28,032,0001,4960,2803200014960,455,2.658964842664435
28,032,0001,4975,2803200014975,5171,3.7136585162083566
28,032,0001,498A,280320001498A,2023,3.3062105081677613
28,032,0001,4994,2803200014994,967,2.9858753573083936
28,032,0001,5009,2803200015009,0,0.0
28,032,0001,5013,2803200015013,754,2.8779469516291885
28,032,0001,5028,2803200015028,1829,3.2624510897304293
28,032,0001,5032,2803200015032,419,2.6232492903979003
28,032,0001,5047,2803200015047,1421,3.1528995963937474
28,032,0001,5051,2803200015051,2339,3.369215857410143
28,032,0001,5066,2803200015066,0,0.0
28,032,0001,5070,2803200015070,3483,3.5420781463356255
28,032,0001,5085,2803200015085,0,0.0
28,032,0001,509A,280320001509A,2247,3.3517963068970236
28,032,0001,5102,2803200015102,313,2.496929648073215
28,033,0001,0170,2803300010170,1512,3.179838928023187
28,033,0001,0202,2803300010202,1429,3.155336037465062
28,033,0001,026A,280330001026A,1855,3.268577971882843
28,033,0001,0274,2803300010274,5082,3.7061201097027037
28,033,0001,0310,2803300010310,1846,3.2664668954402414
28,033,0001,0344,2803300010344,3160,3.49982449583958
28,033,0001,0378,2803300010378,2782,3.444513206334043
28,033,0001,0382,2803300010382,288,2.4608978427565478
28,033,0001,040A,280330001040A,3349,3.525044807036845
28,033,0001,0414,2803300010414,1370,3.1370374547895126
28,033,0001,0448,2803300010448,1586,3.2005769267548483
28,033,0001,0452,2803300010452,1321,3.1212314551496214
28,033,0001,0467,2803300010467,924,2.9661417327390325
28,033,0001,0471,2803300010471,918,2.9633155113861114
28,033,0001,0486,2803300010486,2893,3.4614985267830187
28,033,0001,0490,2803300010490,1364,3.1351326513767748
28,033,0001,0503,2803300010503,1095,3.0398105541483504
28,033,0001,0518,2803300010518,802,2.904715545278681
28,033,0001,0522,2803300010522,391,2.593286067020457
28,033,0001,0537,2803300010537,934,2.9708116108725178
28,033,0001,0541,2803300010541,1493,3.1743505974793798
28,033,0001,0556,2803300010556,1606,3.2060158767633444
28,033,0001,0560,2803300010560,836,2.92272545799326
28,033,0001,0575,2803300010575,870,2.9400181550076634
28,033,0001,058A,280330001058A,777,2.890979596989689
28,033,0001,0594,2803300010594,814,2.9111576087399764
28,033,0001,0607,2803300010607,1093,3.039017321997412
28,033,0001,0611,2803300010611,645,2.8102325179950842
28,033,0001,0679,2803300010679,1809,3.2576785748691846
28,033,0001,0683,2803300010683,1495,3.1749315935284423
28,033,0001,0753,2803300010753,2979,3.4742162640762553
28,033,0001,0768,2803300010768,67,1.8325089127062364
28,033,0001,0804,2803300010804,131,2.12057393120585
28,033,0001,0819,2803300010819,1344,3.128722284338427
28,033,0001,0823,2803300010823,934,2.9708116108725178
28,033,0001,0838,2803300010838,289,2.462397997898956
28,033,0001,0857,2803300010857,1607,3.2062860444124324
28,033,0001,0861,2803300010861,1727,3.2375437381428744
28,033,0001,0876,2803300010876,2100,3.3224260524059526
28,033,0001,0880,2803300010880,2038,3.30941722577814
28,033,0001,0895,2803300010895,1141,3.0576661039098294
28,033,0001,0908,2803300010908,1626,3.2113875529368587
28,033,0001,0912,2803300010912,1513,3.180125875164054
28,033,0001,0927,2803300010927,1079,3.03342375548695
28,033,0001,0931,2803300010931,3167,3.500785172917456
28,033,0001,0946,2803300010946,399,2.6020599913279625
28,033,0001,0950,2803300010950,1201,3.079904467666721
28,033,0001,1003,2803300011003,469,2.6720978579357175
28,033,0001,1018,2803300011018,2734,3.4369573306694496
28,033,0001,1037,2803300011037,13,1.146128035678238
28,033,0001,1041,2803300011041,914,2.9614210940664485
28,033,0001,1056,2803300011056,694,2.8419848045901137
28,033,0001,1075,2803300011075,274,2.439332693830263
28,033,0001,108A,280330001108A,1398,3.1458177144918276
28,033,0001,1094,2803300011094,28,1.462397997898956
28,033,0001,1107,2803300011107,225,2.3541084391474008
28,033,0001,1111,2803300011111,201,2.305351369446624
28,033,0001,1145,2803300011145,291,2.4653828514484184
28,033,0001,115A,280330001115A,0,0.0
28,033,0001,1183,2803300011183,438,2.6424645202421213
28,033,0001,1198,2803300011198,943,2.974971994298069
28,033,0001,1215,2803300011215,1110,3.0457140589408676
28,033,0001,122A,280330001122A,60,1.7853298350107671
28,033,0001,1234,2803300011234,4841,3.685024785105714
28,033,0001,1249,2803300011249,0,0.0
28,033,0001,1253,2803300011253,188,2.2764618041732443
28,033,0001,1268,2803300011268,4242,3.6276730317666157
28,033,0001,1272,2803300011272,3696,3.5678494505731067
28,033,0001,1287,2803300011287,2809,3.44870631990508
28,033,0001,1291,2803300011291,63,1.806179973983887
28,033,0001,1304,2803300011304,502,2.7015679850559273
28,033,0001,1319,2803300011319,23,1.380211241711606
28,033,0001,1323,2803300011323,155,2.1931245983544616
28,033,0001,1338,2803300011338,1495,3.1749315935284423
28,033,0001,1342,2803300011342,785,2.895422546039408
28,033,0001,1357,2803300011357,994,2.9978230807457256
28,033,0001,1361,2803300011361,0,0.0
28,033,0001,1376,2803300011376,2419,3.383815365980431
28,033,0001,1380,2803300011380,3,0.6020599913279624
28,033,0001,1395,2803300011395,46,1.6720978579357175
28,033,0001,1408,2803300011408,264,2.423245873936808
28,033,0001,1412,2803300011412,741,2.870403905279027
28,033,0001,1427,2803300011427,2073,3.316808752053022
28,033,0001,1431,2803300011431,366,2.5646660642520893
28,033,0001,1446,2803300011446,2568,3.4097641042663462
28,033,0001,1450,2803300011450,1093,3.039017321997412
28,033,0001,1465,2803300011465,524,2.720159303405957
28,033,0001,147A,280330001147A,201,2.305351369446624
28,033,0001,1484,2803300011484,5,0.7781512503836436
28,033,0001,1499,2803300011499,6,0.8450980400142568
28,033,0001,1501,2803300011501,516,2.7134905430939424
28,033,0001,1516,2803300011516,1,0.3010299956639812
28,033,0001,1520,2803300011520,22,1.3617278360175928
28,033,0001,1535,2803300011535,96,1.9867717342662448
28,033,0001,154A,280330001154A,13,1.146128035678238
28,033,0001,1554,2803300011554,9,1.0
28,033,0001,1569,2803300011569,240,2.3820170425748683
28,033,0001,1573,2803300011573,158,2.2013971243204513
28,033,0001,1588,2803300011588,71,1.8573324964312685
28,033,0001,1592,2803300011592,174,2.2430380486862944
28,033,0001,1605,2803300011605,27,1.4471580313422192
28,033,0001,161A,280330001161A,248,2.3961993470957363
28,033,0001,1624,2803300011624,8,0.9542425094393249
28,033,0001,1639,2803300011639,57,1.7634279935629373
28,033,0001,1643,2803300011643,99,2.0
28,033,0291,0626,2803302910626,3183,3.5029730590656314
28,033,0291,0630,2803302910630,1626,3.2113875529368587
28,033,0291,0698,2803302910698,2570,3.4101020766428607
28,033,0291,0842,2803302910842,975,2.9894498176666917
28,033,0291,097A,280330291097A,453,2.6570558528571038
28,033,0291,1022,2803302911022,968,2.986323777050765
28,033,0291,1126,2803302911126,31,1.505149978319906
28,033,0291,1130,2803302911130,191,2.2833012287035497
28,033,0291,1200,2803302911200,275,2.4409090820652177
28,034,0001,0318,2803400010318,383,2.584331224367531
28,034,0001,0322,2803400010322,327,2.515873843711679
28,034,0001,0337,2803400010337,418,2.622214022966295
28,034,0001,0341,2803400010341,40,1.6127838567197355
28,034,0001,0619,2803400010619,114,2.060697840353612
28,035,0001,0669,2803500010669,1351,3.130976691605617
28,035,0001,0673,2803500010673,1065,3.0277572046905536
28,035,0001,0705,2803500010705,888,2.9489017609702137
28,035,0001,071A,280350001071A,1019,3.0086001717619175
28,035,0001,0739,2803500010739,880,2.9449759084120477
28,035,0001,0743,2803500010743,928,2.968015713993642
28,035,0001,0758,2803500010758,905,2.957128197676813
28,035,0001,0777,2803500010777,773,2.8887409606828927
28,035,0001,0781,2803500010781,802,2.904715545278681
28,035,0001,0796,2803500010796,851,2.9304395947667
28,035,0001,0813,2803500010813,761,2.8819549713396007
28,035,0001,0828,2803500010828,545,2.7371926427047373
28,035,0001,0832,2803500010832,444,2.6483600109809315
28,035,0001,0847,2803500010847,516,2.7134905430939424
28,035,0001,0851,2803500010851,674,2.829303772831025
28,035,0001,0866,2803500010866,434,2.6384892569546374
28,035,0001,0870,2803500010870,360,2.5575072019056577
28,035,0001,0885,2803500010885,543,2.73559889969818
28,035,0001,0921,2803500010921,732,2.8651039746411278
28,035,0001,0936,2803500010936,850,2.929929560084588
28,035,0001,0955,2803500010955,1540,3.1878026387184195
28,035,0001,096A,280350001096A,657,2.8182258936139557
28,035,0001,0974,2803500010974,309,2.4913616938342726
28,035,0001,1309,2803500011309,625,2.7965743332104296
28,035,0001,1313,2803500011313,314,2.4983105537896004
28,035,0001,1328,2803500011328,651,2.81424759573192
28,035,0001,1629,2803500011629,587,2.7693773260761385
28,035,0001,1633,2803500011633,371,2.5705429398818973
28,035,0001,1648,2803500011648,932,2.9698816437465
28,035,0001,1667,2803500011667,800,2.9036325160842376
28,035,0001,1671,2803500011671,788,2.89707700320942
28,035,0001,1686,2803500011686,451,2.655138434811382
28,035,0001,1690,2803500011690,44,1.6532125137753437
28,035,0001,1703,2803500011703,121,2.0863598306747484
28,035,0001,1718,2803500011718,98,1.99563519459755
28,035,0001,1722,2803500011722,1230,3.090258052931316
28,035,0001,1741,2803500011741,776,2.890421018800914
28,035,0001,1756,2803500011756,652,2.814913181275074
28,035,0001,1760,2803500011760,88,1.9493900066449128
28,035,0001,1775,2803500011775,19,1.3010299956639813
28,035,0001,178A,280350001178A,440,2.6444385894678386
28,035,0001,1794,2803500011794,408,2.611723308007342
28,035,0001,1830,2803500011830,497,2.6972293427597176
28,035,0001,1845,2803500011845,74,1.8750612633917
28,035,0001,185A,280350001185A,17,1.255272505103306
28,035,0001,1864,2803500011864,13,1.146128035678238
28,035,0001,1879,2803500011879,170,2.2329961103921536
28,035,0001,1883,2803500011883,52,1.724275869600789
28,035,0001,1898,2803500011898,23,1.380211241711606
28,035,0001,1900,2803500011900,76,1.8864907251724818
28,035,0001,1915,2803500011915,22,1.3617278360175928
28,035,0001,192A,280350001192A,1,0.3010299956639812
28,035,0001,1934,2803500011934,3,0.6020599913279624
28,035,0001,1949,2803500011949,0,0.0
28,035,0001,1953,2803500011953,0,0.0
28,035,0001,1968,2803500011968,2,0.47712125471966244
28,035,0001,1972,2803500011972,0,0.0
28,035,0001,1987,2803500011987,9,1.0
28,035,0001,1991,2803500011991,0,0.0
28,035,0001,2010,2803500012010,26,1.4313637641589874
28,035,0001,2025,2803500012025,5,0.7781512503836436
28,035,0001,203A,280350001203A,3,0.6020599913279624
28,035,0139,1332,2803501391332,789,2.8976270912904414
28,035,0139,1347,2803501391347,644,2.8095597146352675
28,035,0139,1351,2803501391351,564,2.7520484478194387
28,035,0139,1366,2803501391366,431,2.635483746814912
28,035,0139,1370,2803501391370,654,2.816241299991783
28,035,0139,1807,2803501391807,56,1.7558748556724915
28,035,0542,1811,2803505421811,1251,3.097604328874411
28,035,0542,1826,2803505421826,1363,3.13481437032046
28,035,0542,2006,2803505422006,0,0.0
28,036,0001,0083,2803600010083,82,1.919078092376074
28,036,0001,0153,2803600010153,2,0.47712125471966244
28,037,0001,0663,2803700010663,1701,3.230959555748569
28,037,0001,0678,2803700010678,1373,3.137986732723532
28,037,0001,0682,2803700010682,1520,3.182129214052998
28,037,0001,0697,2803700010697,1718,3.2352758766870524
28,037,0001,070A,280370001070A,1129,3.0530784434834195
28,037,0001,0714,2803700010714,1160,3.064832219738574
28,037,0001,0729,2803700010729,627,2.797959643737196
28,037,0001,1074,2803700011074,1402,3.1470576710283598
28,037,0001,1110,2803700011110,91,1.9637878273455553
28,037,0001,113A,280370001113A,216,2.3364597338485296
28,037,0001,1182,2803700011182,190,2.2810333672477277
28,037,0001,1197,2803700011197,184,2.2671717284030137
28,038,0001,0020,2803800010020,979,2.9912260756924947
28,038,0001,0035,2803800010035,1196,3.0780941504064105
28,038,0001,0069,2803800010069,1246,3.0958664534785427
28,038,0001,0073,2803800010073,1534,3.1861083798132053
28,038,0001,0088,2803800010088,1916,3.2826221128780624
28,038,0001,0092,2803800010092,1141,3.0576661039098294
28,038,0001,0105,2803800010105,4660,3.6684791029325856
28,038,0001,011A,280380001011A,1466,3.166430113843283
28,038,0001,0124,2803800010124,992,2.996949248495381
28,038,0001,0139,2803800010139,702,2.846955325019824
28,038,0001,0143,2803800010143,1604,3.205475036740891
28,038,0001,0158,2803800010158,1462,3.1652443261253107
28,038,0001,0162,2803800010162,1841,3.26528962586083
28,038,0001,0177,2803800010177,1496,3.1752218003430523
28,038,0001,0181,2803800010181,2158,3.334252642334231
28,038,0001,0196,2803800010196,2729,3.436162647040756
28,038,0001,0209,2803800010209,1487,3.17260293120986
28,038,0001,0213,2803800010213,2219,3.346352974450639
28,038,0001,0228,2803800010228,3601,3.5565437084835145
28,038,0001,0232,2803800010232,2988,3.4755259150392805
28,038,0001,0247,2803800010247,2017,3.3049211619008916
28,038,0001,0251,2803800010251,1821,3.2605483726369795
28,038,0001,0266,2803800010266,3783,3.5779511277297553
28,038,0001,0285,2803800010285,3212,3.506910725551518
28,038,0001,029A,280380001029A,2592,3.4138025167693513
28,038,0001,0302,2803800010302,5017,3.7005306569785916
28,038,0001,0317,2803800010317,3368,3.52750101098112
28,038,0001,0321,2803800010321,1735,3.239549720840473
28,038,0001,0336,2803800010336,2935,3.467756051244033
28,038,0001,0340,2803800010340,3021,3.4802944600030066
28,038,0001,0355,2803800010355,2919,3.4653828514484184
28,038,0001,036A,280380001036A,2269,3.3560258571931225
28,038,0001,0374,2803800010374,2518,3.401228167498113
28,038,0001,0389,2803800010389,2100,3.3224260524059526
28,038,0001,0393,2803800010393,1877,3.273695587930092
28,038,0001,0406,2803800010406,3078,3.488409688903198
28,038,0001,0410,2803800010410,2221,3.346744054604849
28,038,0001,0425,2803800010425,3895,3.590618948206578
28,038,0001,043A,280380001043A,3837,3.5841049703994527
28,038,0001,0444,2803800010444,3146,3.49789674291322
28,038,0001,0459,2803800010459,3631,3.5601458398490475
28,038,0001,0463,2803800010463,1643,3.215901813204032
28,038,0001,0478,2803800010478,1280,3.1075491297446862
28,038,0001,0482,2803800010482,2358,3.3727279408855955
28,038,0001,0497,2803800010497,1806,3.256958152560932
28,038,0001,0529,2803800010529,4998,3.69888313675259
28,038,0001,0548,2803800010548,3494,3.5434471800817002
28,038,0001,0552,2803800010552,1913,3.281941933440825
28,038,0001,0567,2803800010567,3764,3.5757649805367193
28,038,0001,0590,2803800010590,2171,3.336859820916809
28,038,0001,0603,2803800010603,3188,3.5036545192429593
28,038,0001,0618,2803800010618,3421,3.5342800052050816
28,038,0001,0622,2803800010622,3266,3.514149134475437
28,038,0001,0637,2803800010637,2966,3.472317546316842
28,038,0001,0641,2803800010641,5092,3.7069736761761782
28,038,0001,0694,2803800010694,4942,3.693990610460777
28,038,0001,0711,2803800010711,2773,3.443106456737266
28,038,0001,0726,2803800010726,5044,3.7028611705729295
28,038,0001,0745,2803800010745,0,0.0
28,038,0001,0798,2803800010798,345,2.5390760987927767
28,038,0001,0815,2803800010815,2398,3.380030247967831
28,038,0001,082A,280380001082A,1801,3.255754786643044
28,038,0001,0834,2803800010834,2319,3.3654879848909
28,038,0001,0849,2803800010849,2116,3.325720858019412
28,038,0001,0853,2803800010853,2302,3.362293937964231
28,038,0001,0868,2803800010868,2169,3.3364597338485296
28,038,0001,0872,2803800010872,2673,3.4271614029259654
28,038,0001,0887,2803800010887,2003,3.301897717195208
28,038,0001,0891,2803800010891,3566,3.552303109338354
28,038,0001,0904,2803800010904,2696,3.4308809464528913
28,038,0001,0919,2803800010919,3287,3.5169318088680126
28,038,0001,0938,2803800010938,1625,3.2111205412580492
28,038,0001,0942,2803800010942,4566,3.6596310116070008
28,038,0001,0957,2803800010957,5029,3.7015679850559273
28,038,0001,0961,2803800010961,2796,3.4466924663715273
28,038,0001,0980,2803800010980,3151,3.498586208817518
28,038,0001,0995,2803800010995,3162,3.500099191915723
28,038,0001,1014,2803800011014,3247,3.5116160205691376
28,038,0001,1033,2803800011033,2482,3.394976719554564
28,038,0001,1048,2803800011048,2215,3.345569756056392
28,038,0001,1071,2803800011071,1455,3.1631613749770184
28,038,0001,1086,2803800011086,2331,3.3677285460869766
28,038,0001,1090,2803800011090,3322,3.521530341278711
28,038,0001,1103,2803800011103,2037,3.3092041796704077
28,038,0001,1118,2803800011118,2555,3.4075608494863627
28,038,0001,1122,2803800011122,4359,3.639486489268586
28,038,0001,1137,2803800011137,2804,3.4479328655921804
28,038,0001,1141,2803800011141,5926,3.772834927239018
28,038,0001,1156,2803800011156,2794,3.446381812222442
28,038,0001,1160,2803800011160,3759,3.575187844927661
28,038,0001,1211,2803800011211,3060,3.4858633295973345
28,038,0001,1226,2803800011226,3179,3.5024271199844326
28,038,0001,1245,2803800011245,4419,3.645422269349092
28,038,0001,1264,2803800011264,3030,3.4815859363676225
28,038,0001,1279,2803800011279,1899,3.278753600952829
28,038,0001,1283,2803800011283,3649,3.5622928644564746
28,038,0001,1298,2803800011298,2674,3.427323786357247
28,038,0001,1300,2803800011300,3376,3.5285310606354114
28,038,0001,1315,2803800011315,3248,3.511749711344983
28,038,0001,132A,280380001132A,2741,3.438067450453494
28,038,0001,1334,2803800011334,1890,3.27669152884504
28,038,0001,1349,2803800011349,3135,3.496376054012401
28,038,0001,1353,2803800011353,2716,3.4340896384178907
28,038,0001,1368,2803800011368,2121,3.3267453795653217
28,038,0001,1372,2803800011372,3652,3.5626496722119168
28,038,0001,1387,2803800011387,5564,3.745465168670727
28,038,0001,1391,2803800011391,2236,3.34966598409663
28,038,0001,1404,2803800011404,119,2.0791812460476247
28,038,0001,1423,2803800011423,1455,3.1631613749770184
28,038,0001,1438,2803800011438,3389,3.530199698203082
28,038,0001,1442,2803800011442,1,0.3010299956639812
28,039,0001,0329,2803900010329,1984,3.297760511099134
28,039,0001,0367,2803900010367,1420,3.15259407792747
28,039,0001,0371,2803900010371,1174,3.070037866607755
28,039,0001,0386,2803900010386,728,2.8627275283179747
28,039,0001,0390,2803900010390,1121,3.0499928569201424
28,039,0001,0403,2803900010403,241,2.383815365980431
28,039,0001,0418,2803900010418,423,2.6273658565927325
28,039,0001,0422,2803900010422,36,1.568201724066995
28,039,0001,0437,2803900010437,1335,3.125806458139527
28,039,0001,0441,2803900010441,944,2.975431808509263
28,039,0001,0827,2803900010827,626,2.7972675408307164
28,039,0001,0831,2803900010831,327,2.515873843711679
28,039,0001,1007,2803900011007,123,2.093421685162235
28,039,0001,1026,2803900011026,18,1.2787536009528289
28,039,0001,1045,2803900011045,172,2.2380461031287955
28,039,0001,1079,2803900011079,123,2.093421685162235
28,039,0001,1083,2803900011083,27,1.4471580313422192
28,039,0001,1098,2803900011098,16,1.2304489213782739
28,039,0001,1100,2803900011100,48,1.6901960800285136
28,039,0001,1115,2803900011115,0,0.0
28,039,0001,112A,280390001112A,0,0.0
28,039,0001,1134,2803900011134,0,0.0
28,039,0001,1149,2803900011149,3,0.6020599913279624
28,039,0001,1153,2803900011153,19,1.3010299956639813
28,039,0001,1168,2803900011168,9,1.0
28,039,0001,1172,2803900011172,4,0.6989700043360189
28,039,0001,1187,2803900011187,14,1.1760912590556813
28,039,0001,1191,2803900011191,0,0.0
28,039,0001,1204,2803900011204,1,0.3010299956639812
28,039,0001,1219,2803900011219,9,1.0
28,039,0001,1223,2803900011223,21,1.3424226808222062
28,039,0001,1238,2803900011238,11,1.0791812460476249
28,040,0001,0141,2804000010141,2232,3.348888723071438
28,040,0001,0175,2804000010175,1594,3.2027606873931997
28,040,0001,0207,2804000010207,1055,3.0236639181977933
28,040,0001,0211,2804000010211,1071,3.030194785356751
28,040,0001,0226,2804000010226,516,2.7134905430939424
28,040,0001,0230,2804000010230,716,2.8555191556678
28,040,0001,0245,2804000010245,440,2.6444385894678386
28,040,0001,025A,280400001025A,444,2.6483600109809315
28,040,0001,0264,2804000010264,1351,3.130976691605617
28,040,0001,0279,2804000010279,993,2.997386384397313
28,040,0001,0283,2804000010283,957,2.9813655090785445
28,040,0001,0298,2804000010298,724,2.8603380065709936
28,040,0001,0300,2804000010300,461,2.6646419755561257
28,040,0001,0315,2804000010315,1039,3.0170333392987803
28,040,0001,032A,280400001032A,1422,3.153204900084284
28,040,0001,0334,2804000010334,122,2.089905111439398
28,040,0001,0349,2804000010349,1915,3.2823955047425257
28,040,0001,0368,2804000010368,1034,3.0149403497929366
28,040,0001,0387,2804000010387,2333,3.3681008517093516
28,040,0001,0391,2804000010391,548,2.739572344450092
28,040,0001,0404,2804000010404,827,2.9180303367848803
28,040,0001,0419,2804000010419,870,2.9400181550076634
28,040,0001,0423,2804000010423,530,2.725094521081469
28,040,0001,0438,2804000010438,804,2.9057958803678687
28,040,0001,0442,2804000010442,803,2.905256048748451
28,040,0001,0457,2804000010457,880,2.9449759084120477
28,040,0001,0461,2804000010461,891,2.950364854376123
28,040,0001,0476,2804000010476,609,2.785329835010767
28,040,0001,0480,2804000010480,716,2.8555191556678
28,040,0001,0495,2804000010495,1143,3.058426024457005
28,040,0001,0508,2804000010508,749,2.8750612633917
28,040,0001,0512,2804000010512,736,2.8674674878590514
28,040,0001,0527,2804000010527,1012,3.0056094453602804
28,040,0001,0599,2804000010599,1521,3.182414652434554
28,040,0001,0601,2804000010601,1579,3.1986570869544226
28,040,0001,0616,2804000010616,709,2.8512583487190755
28,040,0001,0692,2804000010692,1180,3.072249897613515
28,040,0001,0739,2804000010739,25,1.414973347970818
28,040,0001,0743,2804000010743,470,2.673020907128896
28,040,0001,0758,2804000010758,43,1.6434526764861874
28,040,0001,0762,2804000010762,1868,3.271609301378832
28,040,0001,0781,2804000010781,9,1.0
28,040,0001,0796,2804000010796,32,1.5185139398778875
28,040,0001,0809,2804000010809,1132,3.0542299098633974
28,040,0001,0813,2804000010813,290,2.4638929889859074
28,040,0001,0828,2804000010828,65,1.8195439355418688
28,040,0001,0832,2804000010832,144,2.161368002234975
28,040,0001,0847,2804000010847,500,2.699837725867246
28,040,0001,0851,2804000010851,2729,3.436162647040756
28,040,0001,0866,2804000010866,1663,3.2211533219547053
28,040,0001,0870,2804000010870,711,2.8524799936368566
28,040,0001,0885,2804000010885,1633,3.2132520521963968
28,040,0001,089A,280400001089A,0,0.0
28,040,0001,0940,2804000010940,60,1.7853298350107671
28,040,0001,0955,2804000010955,15,1.2041199826559248
28,040,0001,096A,280400001096A,115,2.0644579892269186
28,040,0001,1008,2804000011008,30,1.4913616938342726
28,040,0001,1012,2804000011012,25,1.414973347970818
28,040,0001,1027,2804000011027,30,1.4913616938342726
28,040,0001,1031,2804000011031,28,1.462397997898956
28,040,0001,1046,2804000011046,29,1.4771212547196624
28,040,0004,0372,2804000040372,767,2.885361220031512
28,040,0004,0531,2804000040531,481,2.6830470382388496
28,040,0004,0546,2804000040546,537,2.7307822756663893
28,040,0004,057A,280400004057A,449,2.6532125137753435
28,040,0004,0584,2804000040584,500,2.699837725867246
28,040,0004,0724,2804000040724,8,0.9542425094393249
28,040,0004,0902,2804000040902,507,2.7058637122839193
28,040,0004,0989,2804000040989,122,2.089905111439398
28,040,0067,0550,2804000670550,1110,3.0457140589408676
28,040,0067,0565,2804000670565,1237,3.0927206446840994
28,040,0067,0705,2804000670705,165,2.220108088040055
28,040,0067,071A,280400067071A,44,1.6532125137753437
28,040,0067,0917,2804000670917,315,2.499687082618404
28,040,0067,0993,2804000670993,19,1.3010299956639813
28,041,0001,0435,2804100010435,7778,3.890923771489014
28,041,0001,0469,2804100010469,2647,3.422917980767662
28,041,0001,0473,2804100010473,1933,3.286456469746983
28,041,0001,0488,2804100010488,2465,3.3919930722597127
28,041,0001,0492,2804100010492,4964,3.6959192528313998
28,041,0001,051A,280410001051A,678,2.8318697742805017
28,041,0001,0539,2804100010539,3498,3.5439439424829065
28,041,0001,0543,2804100010543,3198,3.505014240084107
28,041,0001,0558,2804100010558,4907,3.6909045540549665
28,041,0001,0562,2804100010562,4538,3.656960182742849
28,041,0001,0581,2804100010581,2182,3.339053735709139
28,041,0001,0613,2804100010613,1597,3.2035767749779724
28,041,0001,0628,2804100010628,2448,3.388988785124714
28,041,0001,0670,2804100010670,3159,3.499687082618404
28,041,0001,0685,2804100010685,1570,3.1961761850399735
28,041,0001,069A,280410001069A,1217,3.0856472882968564
28,041,0001,0702,2804100010702,2925,3.466274321789292
28,041,0001,0721,2804100010721,961,2.983175072037813
28,041,0001,0736,2804100010736,2083,3.3188977146274867
28,041,0001,0740,2804100010740,1049,3.0211892990699383
28,041,0001,0755,2804100010755,721,2.858537197569639
28,041,0001,076A,280410001076A,1374,3.1383026981662816
28,041,0001,0774,2804100010774,2030,3.307709923404807
28,041,0001,0789,2804100010789,2198,3.3422252293607904
28,041,0001,0793,2804100010793,2896,3.461948495203762
28,041,0001,0806,2804100010806,1746,3.2422929049829308
28,041,0001,0810,2804100010810,1172,3.0692980121155293
28,041,0001,0825,2804100010825,1551,3.1908917169221698
28,041,0001,083A,280410001083A,2078,3.317854489331469
28,041,0001,0844,2804100010844,2281,3.358315640082196
28,041,0001,0859,2804100010859,1243,3.0948203803548
28,041,0001,0863,2804100010863,974,2.989004615698537
28,041,0001,0878,2804100010878,1112,3.0464951643347082
28,041,0001,0882,2804100010882,1873,3.2727695865517594
28,041,0001,0897,2804100010897,1732,3.238798562713917
28,041,0001,090A,280410001090A,2118,3.3261309567107946
28,041,0001,0914,2804100010914,3163,3.500236474825639
28,041,0001,0929,2804100010929,2597,3.414639146737009
28,041,0001,0933,2804100010933,1441,3.15896526038341
28,041,0001,0948,2804100010948,1169,3.0681858617461617
28,041,0001,0952,2804100010952,429,2.6334684555795866
28,041,0001,0967,2804100010967,1411,3.149834696715785
28,041,0001,0971,2804100010971,2516,3.4008832155483626
28,041,0001,0986,2804100010986,2167,3.336059277866349
28,041,0001,0990,2804100010990,2768,3.4423229557455746
28,041,0001,1005,2804100011005,5109,3.708420900134713
28,041,0001,101A,280410001101A,1936,3.287129620719111
28,041,0001,1024,2804100011024,1465,3.166133970305109
28,041,0001,1039,2804100011039,2796,3.4466924663715273
28,041,0001,1043,2804100011043,2542,3.405346360175709
28,041,0001,1058,2804100011058,2722,3.4350476413399647
28,041,0001,1062,2804100011062,2051,3.3121773564397787
28,041,0001,1081,2804100011081,3364,3.5269850685599957
28,041,0001,1096,2804100011096,2125,3.327563260187278
28,041,0001,1109,2804100011109,2064,3.31492005599242
28,041,0001,1113,2804100011113,3327,3.5221833176186865
28,041,0001,1128,2804100011128,2087,3.3197304943302246
28,041,0001,1132,2804100011132,1163,3.06595298031387
28,041,0001,1147,2804100011147,1061,3.0261245167454502
28,041,0001,1151,2804100011151,1729,3.2380461031287955
28,041,0001,1166,2804100011166,1391,3.1436392352745433
28,041,0001,1170,2804100011170,2288,3.359645792674543
28,041,0001,1185,2804100011185,2713,3.433609843323718
28,041,0001,119A,280410001119A,1908,3.280805928393667
28,041,0001,1202,2804100011202,2159,3.3344537511509307
28,041,0001,1217,2804100011217,2086,3.3195224490654542
28,041,0001,1221,2804100011221,1074,3.031408464251624
28,041,0001,1236,2804100011236,2559,3.4082399653118496
28,041,0001,1274,2804100011274,4074,3.6101276130759956
28,041,0001,1289,2804100011289,2873,3.4584867637982066
28,041,0001,1293,2804100011293,2164,3.3354579006893843
28,041,0001,1306,2804100011306,2307,3.363235804483694
28,041,0001,1310,2804100011310,1620,3.209783014848515
28,041,0001,1325,2804100011325,2996,3.476686742945645
28,041,0001,1344,2804100011344,3992,3.6012993101943374
28,041,0001,1363,2804100011363,3045,3.4837298990000236
28,041,0001,1378,2804100011378,1849,3.2671717284030137
28,041,0001,1556,2804100011556,444,2.6483600109809315
28,041,0001,1560,2804100011560,4206,3.6239725120169965
28,041,0001,1575,2804100011575,1367,3.1360860973840974
28,041,0001,158A,280410001158A,452,2.656098202012832
28,041,0001,1594,2804100011594,1123,3.0507663112330423
28,041,0001,1607,2804100011607,1385,3.141763230275788
28,041,0001,1611,2804100011611,1610,3.207095540419218
28,041,0001,1630,2804100011630,3405,3.532244643626582
28,041,0001,1700,2804100011700,439,2.6434526764861874
28,041,0001,1715,2804100011715,563,2.751279103983342
28,041,0001,1749,2804100011749,2480,3.394626764272209
28,041,0001,1753,2804100011753,2485,3.395501124305626
28,041,0001,1768,2804100011768,1102,3.0425755124401905
28,041,0001,1772,2804100011772,1587,3.2008504980910772
28,041,0001,1787,2804100011787,2894,3.4616485680634552
28,041,0001,1791,2804100011791,7277,3.8620120512502165
28,041,0001,1804,2804100011804,1876,3.273464272621346
28,041,0001,1819,2804100011819,3992,3.6012993101943374
28,041,0001,1823,2804100011823,1256,3.0993352776859577
28,041,0001,1842,2804100011842,3226,3.508798965403905
28,041,0001,1857,2804100011857,4845,3.6853834098014873
28,041,0001,1861,2804100011861,1507,3.178401341533755
28,041,0001,1876,2804100011876,1457,3.163757523981956
28,041,0001,1880,2804100011880,300,2.4785664955938436
28,041,0001,1895,2804100011895,1207,3.082066934285113
28,041,0001,1908,2804100011908,2108,3.3240765797394864
28,041,0001,1912,2804100011912,1674,3.224014811372864
28,041,0001,1927,2804100011927,2879,3.459392487759231
28,041,0001,1931,2804100011931,5345,3.7280289544205183
28,041,0001,1946,2804100011946,3195,3.5046067706419537
28,041,0001,1950,2804100011950,5766,3.7609499514108973
28,041,0001,197A,280410001197A,1337,3.1264561134318045
28,041,0001,1984,2804100011984,700,2.8457180179666586
28,041,0001,1999,2804100011999,385,2.586587304671755
28,041,0001,2003,2804100012003,508,2.7067177823367587
28,041,0001,2018,2804100012018,3908,3.5920656704322473
28,041,0001,2022,2804100012022,430,2.6344772701607315
28,041,0001,2041,2804100012041,1596,3.203304916138483
28,041,0001,2056,2804100012056,2859,3.456366033129043
28,041,0001,2060,2804100012060,846,2.9278834103307068
28,041,0001,2075,2804100012075,36,1.568201724066995
28,041,0001,2107,2804100012107,1144,3.0588054866759067
28,041,0001,2111,2804100012111,944,2.975431808509263
28,041,0001,2126,2804100012126,3459,3.5390760987927767
28,041,0001,2130,2804100012130,247,2.3944516808262164
28,041,0001,2145,2804100012145,4198,3.6231458746379395
28,041,0001,215A,280410001215A,3080,3.4886916983169405
28,041,0001,2164,2804100012164,2373,3.3754807146185724
28,041,0001,2183,2804100012183,2140,3.3306166672944384
28,041,0001,2198,2804100012198,2209,3.3443922736851106
28,041,0001,2200,2804100012200,2580,3.411788004543869
28,041,0001,2215,2804100012215,2942,3.468790262099611
28,041,0001,222A,280410001222A,872,2.9410142437055695
28,041,0001,2234,2804100012234,2067,3.315550534421905
28,041,0001,2249,2804100012249,1738,3.2402995820027125
28,041,0001,2253,2804100012253,2403,3.380934463330702
28,041,0001,2268,2804100012268,2097,3.3218054838575393
28,041,0001,2272,2804100012272,870,2.9400181550076634
28,041,0001,2287,2804100012287,2028,3.307282047033346
28,041,0001,2291,2804100012291,803,2.905256048748451
28,041,0001,2304,2804100012304,1976,3.2960066693136723
28,041,0001,2319,2804100012319,732,2.8651039746411278
28,041,0001,2323,2804100012323,485,2.6866362692622934
28,041,0001,2338,2804100012338,98,1.99563519459755
28,041,0001,2342,2804100012342,339,2.531478917042255
28,041,0001,2357,2804100012357,144,2.161368002234975
28,041,0001,2361,2804100012361,1034,3.0149403497929366
28,041,0001,2376,2804100012376,138,2.143014800254095
28,041,0001,2380,2804100012380,2530,3.4032921451582543
28,041,0001,2395,2804100012395,227,2.357934847000454
28,041,0001,2408,2804100012408,17,1.255272505103306
28,041,0001,2412,2804100012412,161,2.2095150145426308
28,041,0001,2427,2804100012427,83,1.9242792860618816
28,041,0001,2431,2804100012431,56,1.7558748556724915
28,041,0001,2446,2804100012446,7,0.9030899869919435
28,041,0001,2450,2804100012450,669,2.8260748027008264
28,041,0001,2465,2804100012465,860,2.935003151453655
28,041,0001,247A,280410001247A,1217,3.0856472882968564
28,041,0001,2484,2804100012484,367,2.5658478186735176
28,041,0001,2499,2804100012499,1555,3.1920095926536702
28,041,0001,2501,2804100012501,0,0.0
28,041,0001,2516,2804100012516,1567,3.1953460583484197
28,041,0001,2520,2804100012520,381,2.582063362911709
28,041,0001,2535,2804100012535,28,1.462397997898956
28,041,0001,254A,280410001254A,333,2.5237464668115646
28,041,0001,2554,2804100012554,319,2.505149978319906
28,041,0001,2569,2804100012569,92,1.968482948553935
28,041,0001,2573,2804100012573,13,1.146128035678238
28,041,0001,2588,2804100012588,37,1.5797835966168101
28,041,0001,2592,2804100012592,69,1.845098040014257
28,041,0001,2605,2804100012605,8,0.9542425094393249
28,041,0001,261A,280410001261A,46,1.6720978579357175
28,041,0001,2624,2804100012624,652,2.814913181275074
28,041,0001,2639,2804100012639,372,2.571708831808688
28,041,0001,2643,2804100012643,208,2.3201462861110542
28,041,0001,2658,2804100012658,68,1.8388490907372552
28,041,0001,2662,2804100012662,96,1.9867717342662448
28,041,0001,2677,2804100012677,32,1.5185139398778875
28,041,0001,2681,2804100012681,47,1.6812412373755872
28,041,0001,2696,2804100012696,26,1.4313637641589874
28,041,0001,2709,2804100012709,118,2.0755469613925306
28,041,0001,2713,2804100012713,412,2.615950051656401
28,041,0001,2728,2804100012728,5,0.7781512503836436
28,041,0001,2732,2804100012732,28,1.462397997898956
28,041,0001,2747,2804100012747,328,2.5171958979499744
28,041,0001,2751,2804100012751,374,2.574031267727719
28,041,0001,2766,2804100012766,25,1.414973347970818
28,041,0001,2770,2804100012770,397,2.5998830720736876
28,041,0001,2785,2804100012785,1946,3.2893659515200318
28,041,0001,279A,280410001279A,886,2.9479236198317262
28,041,0001,2802,2804100012802,884,2.9469432706978256
28,041,0001,2817,2804100012817,88,1.9493900066449128
28,041,0001,2821,2804100012821,564,2.7520484478194387
28,041,0001,2836,2804100012836,213,2.330413773349191
28,041,0001,2840,2804100012840,8,0.9542425094393249
28,041,0001,2855,2804100012855,44,1.6532125137753437
28,041,0001,286A,280410001286A,128,2.110589710299249
28,041,0001,2874,2804100012874,184,2.2671717284030137
28,041,0001,2889,2804100012889,163,2.214843848047698
28,041,0001,2893,2804100012893,111,2.0492180226701815
28,041,0001,2906,2804100012906,95,1.9822712330395684
28,041,0001,2910,2804100012910,3,0.6020599913279624
28,041,0001,2925,2804100012925,25,1.414973347970818
28,041,0001,293A,280410001293A,71,1.8573324964312685
28,041,0001,2944,2804100012944,9,1.0
28,041,0001,2959,2804100012959,202,2.307496037913213
28,041,0001,2963,2804100012963,22,1.3617278360175928
28,041,0001,2978,2804100012978,124,2.0969100130080562
28,041,0001,2982,2804100012982,0,0.0
28,041,0001,2997,2804100012997,0,0.0
28,041,0001,3001,2804100013001,7,0.9030899869919435
28,041,0001,3016,2804100013016,2005,3.302330928684399
28,041,0001,3020,2804100013020,81,1.9138138523837167
28,041,0001,3035,2804100013035,0,0.0
28,041,0001,304A,280410001304A,209,2.322219294733919
28,041,0001,3054,2804100013054,5,0.7781512503836436
28,041,0001,3069,2804100013069,0,0.0
28,041,0001,3073,2804100013073,13,1.146128035678238
28,041,0001,3088,2804100013088,62,1.7993405494535817
28,041,0001,3092,2804100013092,309,2.4913616938342726
28,041,0001,3105,2804100013105,1320,3.1209028176145273
28,041,0001,311A,280410001311A,1884,3.2753113545418118
28,041,0001,3124,2804100013124,91,1.9637878273455553
28,041,0001,3139,2804100013139,26,1.4313637641589874
28,041,0001,3143,2804100013143,10,1.0413926851582251
28,041,0001,3158,2804100013158,0,0.0
28,041,0001,3162,2804100013162,0,0.0
28,041,0001,3177,2804100013177,85,1.9344984512435677
28,042,0001,017A,280420001017A,196,2.294466226161593
28,042,0001,0184,2804200010184,228,2.359835482339888
28,042,0001,0199,2804200010199,281,2.450249108319361
28,042,0001,0201,2804200010201,223,2.3502480183341627
28,042,0001,0216,2804200010216,251,2.401400540781544
28,042,0001,0358,2804200010358,5,0.7781512503836436
28,042,0001,0362,2804200010362,53,1.7323937598229686
28,042,0001,0377,2804200010377,3,0.6020599913279624
28,042,0001,0381,2804200010381,0,0.0
28,042,0001,0396,2804200010396,4,0.6989700043360189
28,042,0001,0409,2804200010409,0,0.0
28,043,0001,0143,2804300010143,1450,3.161667412437736
28,043,0001,0158,2804300010158,1660,3.2203696324513946
28,043,0001,0162,2804300010162,1139,3.0569048513364727
28,043,0001,0181,2804300010181,1268,3.103461622094705
28,043,0001,0285,2804300010285,704,2.848189116991399
28,043,0001,029A,280430001029A,1404,3.1476763242410986
28,043,0001,0302,2804300010302,831,2.920123326290724
28,043,0001,0317,2804300010317,66,1.8260748027008264
28,043,0001,0321,2804300010321,306,2.4871383754771865
28,043,0001,0374,2804300010374,218,2.3404441148401185
28,043,0001,0389,2804300010389,0,0.0
28,043,0001,0393,2804300010393,1281,3.1078880251827985
28,043,0300,0247,2804303000247,409,2.6127838567197355
28,043,0300,0270,2804303000270,639,2.806179973983887
28,043,0300,0336,2804303000336,468,2.6711728427150834
28,043,0300,0340,2804303000340,507,2.7058637122839193
28,043,0300,0355,2804303000355,170,2.2329961103921536
28,043,0300,036A,280430300036A,84,1.9294189257142926
