ENTIDAD,MUN,LOC,AGEB,CVEGEO,POBTOT,log_POBTOT
30,001,0001,0028,3000100010028,1441,3.15896526038341
30,001,0001,0032,3000100010032,363,2.561101383649056
30,001,0001,0047,3000100010047,0,0.0
30,001,0001,0051,3000100010051,6,0.8450980400142568
30,002,0001,0025,3000200010025,3253,3.51241754860084
30,003,0001,0107,3000300010107,5743,3.759214431234244
30,003,0001,0126,3000300010126,2997,3.4768316285122607
30,003,0001,0130,3000300010130,4399,3.6434526764861874
30,003,0001,0145,3000300010145,3590,3.555215405126073
30,003,0001,015A,300030001015A,3708,3.5692568333286103
30,003,0001,022A,300030001022A,644,2.8095597146352675
30,003,0001,0253,3000300010253,2126,3.327767489902729
30,003,0001,0319,3000300010319,3809,3.5809249756756194
30,003,0001,0323,3000300010323,2428,3.3854275148051305
30,003,0001,0338,3000300010338,3933,3.594834355583318
30,003,0001,0342,3000300010342,2210,3.344588742578714
30,003,0001,0357,3000300010357,1609,3.2068258760318495
30,003,0001,0376,3000300010376,1994,3.299942900022767
30,003,0001,0380,3000300010380,1341,3.1277525158329733
30,003,0001,0431,3000300010431,2371,3.375114684692225
30,003,0001,0446,3000300010446,2650,3.4234097277330933
30,003,0001,0450,3000300010450,206,2.315970345456918
30,003,0001,0501,3000300010501,83,1.9242792860618816
30,003,0001,0516,3000300010516,1986,3.298197867109815
30,003,0001,054A,300030001054A,670,2.826722520168992
30,003,0001,0554,3000300010554,70,1.8512583487190752
30,003,0010,0234,3000300100234,92,1.968482948553935
30,003,0010,0249,3000300100249,55,1.7481880270062005
30,003,0010,0272,3000300100272,663,2.8221680793680175
30,003,0010,0291,3000300100291,1200,3.079543007402906
30,003,0010,0427,3000300100427,52,1.724275869600789
30,003,0010,0465,3000300100465,349,2.5440680443502757
30,003,0010,047A,300030010047A,941,2.9740509027928774
30,003,0011,0268,3000300110268,2143,3.3312247810207323
30,003,0011,0395,3000300110395,990,2.9960736544852753
30,003,0011,0408,3000300110408,255,2.4082399653118496
30,003,0011,0412,3000300110412,42,1.6334684555795864
30,003,0011,0520,3000300110520,5,0.7781512503836436
30,003,0011,0535,3000300110535,3,0.6020599913279624
30,004,0001,0231,3000400010231,2053,3.3126004392612596
30,004,0001,0246,3000400010246,2309,3.3636119798921444
30,004,0001,0265,3000400010265,29,1.4771212547196624
30,004,0001,027A,300040001027A,216,2.3364597338485296
30,004,0030,0208,3000400300208,497,2.6972293427597176
30,004,0030,0212,3000400300212,1001,3.0008677215312267
30,004,0030,0227,3000400300227,1621,3.2100508498751372
30,004,0030,0250,3000400300250,210,2.3242824552976926
30,005,0001,0050,3000500010050,1581,3.1992064791616577
30,005,0001,0065,3000500010065,1171,3.068927611682072
30,005,0001,007A,300050001007A,9,1.0
30,006,0001,0043,3000600010043,602,2.780317312140151
30,006,0001,0058,3000600010058,215,2.3344537511509307
30,006,0001,0062,3000600010062,74,1.8750612633917
30,006,0001,0077,3000600010077,404,2.6074550232146687
30,006,0001,0081,3000600010081,682,2.8344207036815328
30,006,0001,0096,3000600010096,1214,3.084576277934331
30,006,0001,0132,3000600010132,2492,3.3967222785037734
30,006,0001,0147,3000600010147,2090,3.3203540328176717
30,007,0001,0040,3000700010040,725,2.8609366207000937
30,007,0001,0055,3000700010055,907,2.958085848521085
30,007,0001,006A,300070001006A,29,1.4771212547196624
30,007,0001,0074,3000700010074,107,2.03342375548695
30,007,0001,0089,3000700010089,200,2.303196057420489
30,007,0001,0093,3000700010093,103,2.0170333392987803
30,007,0001,0106,3000700010106,30,1.4913616938342726
30,007,0001,0110,3000700010110,50,1.7075701760979363
30,007,0001,0125,3000700010125,4,0.6989700043360189
30,007,0001,013A,300070001013A,125,2.100370545117563
30,008,0001,0029,3000800010029,1295,3.1126050015345745
30,009,0001,0153,3000900010153,1935,3.286905352972375
30,009,0001,0168,3000900010168,2842,3.4537768596904423
30,009,0001,0204,3000900010204,227,2.357934847000454
30,009,0001,0219,3000900010219,146,2.167317334748176
30,009,0001,0223,3000900010223,39,1.6020599913279623
30,009,0001,0238,3000900010238,26,1.4313637641589874
30,009,0001,0242,3000900010242,23,1.380211241711606
30,009,0037,0191,3000900370191,3439,3.53655844257153
30,009,0046,0100,3000900460100,3227,3.5089335260500327
30,010,0001,007A,300100001007A,7891,3.8971870765801535
30,010,0001,0084,3001000010084,4258,3.629307640073749
30,010,0001,0099,3001000010099,871,2.940516484932567
30,010,0001,0116,3001000010116,4312,3.634779458145952
30,010,0001,0120,3001000010120,4296,3.633165353683903
30,010,0001,014A,300100001014A,12,1.1139433523068367
30,010,0003,0050,3001000030050,2944,3.4690852991231202
30,010,0013,0031,3001000130031,3039,3.482873583608754
30,011,0001,0147,3001100010147,757,2.8796692056320534
30,011,0001,0151,3001100010151,2187,3.340047317661393
30,011,0001,0166,3001100010166,1955,3.291368850451583
30,011,0001,0185,3001100010185,2327,3.3669829759778507
30,011,0001,0202,3001100010202,204,2.311753861055754
30,011,0001,0217,3001100010217,3203,3.5056925074122
30,011,0001,0221,3001100010221,2537,3.404491617758686
30,011,0001,0236,3001100010236,1828,3.262213705476417
30,011,0001,0306,3001100010306,2242,3.350829273582968
30,011,0001,0310,3001100010310,2237,3.3498600821923312
30,011,0001,0325,3001100010325,1086,3.0362295440862948
30,011,0001,0344,3001100010344,109,2.041392685158225
30,011,0001,0363,3001100010363,49,1.6989700043360187
30,011,0001,0382,3001100010382,76,1.8864907251724818
30,011,0003,0039,3001100030039,3738,3.5727554651542195
30,011,0003,0170,3001100030170,1208,3.0824263008607717
30,011,0003,0255,3001100030255,1081,3.0342272607705505
30,011,0003,0274,3001100030274,157,2.1986570869544226
30,011,0003,033A,300110003033A,57,1.7634279935629373
30,011,0003,0359,3001100030359,23,1.380211241711606
30,011,0003,0378,3001100030378,20,1.3222192947339193
30,012,0001,0040,3001200010040,565,2.7528164311882715
30,012,0001,0055,3001200010055,749,2.8750612633917
30,013,0001,0048,3001300010048,2186,3.339848783037637
30,013,0001,0067,3001300010067,2086,3.3195224490654542
30,013,0001,0071,3001300010071,1150,3.0610753236297916
30,013,0001,0086,3001300010086,1313,3.118595365223762
30,013,0001,0103,3001300010103,1825,3.2615007731982804
30,013,0001,0118,3001300010118,1018,3.0081741840064264
30,013,0001,0122,3001300010122,911,2.959994838328416
30,013,0001,0137,3001300010137,755,2.8785217955012063
30,013,0001,0141,3001300010141,1576,3.197831693328903
30,013,0001,0156,3001300010156,1078,3.0330214446829107
30,013,0001,0175,3001300010175,1535,3.186391215695493
30,013,0001,0194,3001300010194,1325,3.1225435240687545
30,013,0001,0245,3001300010245,211,2.326335860928751
30,013,0001,025A,300130001025A,61,1.792391689498254
30,013,0001,0264,3001300010264,935,2.971275848738105
30,013,0001,0279,3001300010279,1117,3.0484418035504044
30,013,0001,0283,3001300010283,190,2.2810333672477277
30,014,0001,0098,3001400010098,1325,3.1225435240687545
30,014,0001,0100,3001400010100,5088,3.7066324508732946
30,014,0001,0115,3001400010115,4152,3.6183619311098782
30,014,0001,0187,3001400010187,323,2.510545010206612
30,014,0008,012A,300140008012A,1509,3.1789769472931693
30,014,0008,0134,3001400080134,1964,3.2933625547114453
30,014,0008,0191,3001400080191,15,1.2041199826559248
30,014,0008,0204,3001400080204,160,2.2068258760318495
30,014,0008,0223,3001400080223,4,0.6989700043360189
30,014,0015,0168,3001400150168,2058,3.3136563466180315
30,014,0015,0172,3001400150172,2148,3.3322364154914434
30,014,0016,0149,3001400160149,2028,3.307282047033346
30,014,0016,0153,3001400160153,3339,3.5237464668115646
30,014,0016,0242,3001400160242,44,1.6532125137753437
30,015,0001,0095,3001500010095,2346,3.3705130895985924
30,015,0001,0127,3001500010127,371,2.5705429398818973
30,015,0001,0150,3001500010150,3004,3.4778444763387584
30,015,0001,0165,3001500010165,2370,3.3749315539781883
30,015,0001,017A,300150001017A,1526,3.1838390370564214
30,015,0001,0184,3001500010184,1484,3.171726453653231
30,015,0001,0201,3001500010201,40,1.6127838567197355
30,015,0001,0216,3001500010216,157,2.1986570869544226
30,015,0001,0235,3001500010235,86,1.9395192526186185
30,015,0001,0254,3001500010254,63,1.806179973983887
30,015,0001,0269,3001500010269,66,1.8260748027008264
30,015,0001,0273,3001500010273,45,1.662757831681574
30,015,0001,0288,3001500010288,385,2.586587304671755
30,015,0001,0292,3001500010292,746,2.873320601815399
30,015,0001,0305,3001500010305,57,1.7634279935629373
30,015,0001,031A,300150001031A,277,2.444044795918076
30,015,0001,0324,3001500010324,47,1.6812412373755872
30,015,0001,0339,3001500010339,82,1.919078092376074
30,015,0001,0343,3001500010343,73,1.8692317197309762
30,016,0001,0069,3001600010069,2511,3.4000196350651586
30,016,0001,0088,3001600010088,2337,3.3688445068258215
30,016,0001,0105,3001600010105,1218,3.0860037056183818
30,016,0001,011A,300160001011A,2409,3.3820170425748683
30,016,0001,0124,3001600010124,2217,3.3459615418131414
30,016,0001,0139,3001600010139,1837,3.2643455070500926
30,016,0001,0143,3001600010143,1889,3.2764618041732443
30,016,0001,0158,3001600010158,1871,3.2723058444020863
30,016,0001,0228,3001600010228,24,1.3979400086720377
30,016,0001,0247,3001600010247,1776,3.2496874278053016
30,016,0001,0251,3001600010251,1837,3.2643455070500926
30,016,0001,0266,3001600010266,104,2.0211892990699383
30,016,0001,0270,3001600010270,43,1.6434526764861874
30,016,0001,0285,3001600010285,92,1.968482948553935
30,017,0001,0028,3001700010028,760,2.8813846567705728
30,017,0001,0032,3001700010032,14,1.1760912590556813
30,017,0001,0047,3001700010047,59,1.7781512503836436
30,018,0001,0025,3001800010025,916,2.962369335670021
30,019,0001,0022,3001900010022,966,2.9854264740830017
30,020,0001,0023,3002000010023,1241,3.0941215958405612
30,021,0001,0105,3002100010105,1647,3.216957207361097
30,021,0001,011A,300210001011A,1162,3.0655797147284485
30,021,0017,0054,3002100170054,750,2.8756399370041685
30,021,0017,0069,3002100170069,2505,3.398981066658131
30,021,0017,0073,3002100170073,2653,3.4239009185284166
30,021,0017,0124,3002100170124,2089,3.3201462861110542
30,021,0017,0139,3002100170139,2797,3.446847710155809
30,021,0017,0143,3002100170143,1395,3.144885418287142
30,021,0017,0158,3002100170158,1591,3.20194306340165
30,021,0017,0162,3002100170162,204,2.311753861055754
30,021,0017,0177,3002100170177,212,2.3283796034387376
30,021,0017,0181,3002100170181,44,1.6532125137753437
30,021,0017,0196,3002100170196,59,1.7781512503836436
30,022,0001,0085,3002200010085,452,2.656098202012832
30,022,0001,009A,300220001009A,1029,3.012837224705172
30,022,0001,0102,3002200010102,143,2.1583624920952498
30,022,0001,0140,3002200010140,1469,3.167317334748176
30,022,0001,0155,3002200010155,1999,3.3010299956639813
30,022,0001,016A,300220001016A,2197,3.3420276880874717
30,022,0001,0174,3002200010174,2857,3.4560622244549513
30,022,0005,0117,3002200050117,231,2.3654879848909
30,022,0005,0189,3002200050189,2472,3.3932241163612975
30,022,0005,0193,3002200050193,2521,3.401745082237063
30,023,0001,0097,3002300010097,141,2.1522883443830563
30,023,0001,010A,300230001010A,779,2.8920946026904804
30,023,0001,0114,3002300010114,989,2.99563519459755
30,023,0001,0148,3002300010148,6,0.8450980400142568
30,023,0001,0152,3002300010152,228,2.359835482339888
30,023,0001,0167,3002300010167,160,2.2068258760318495
30,023,0054,0082,3002300540082,651,2.81424759573192
30,023,0054,0129,3002300540129,965,2.9849771264154934
30,023,0054,0133,3002300540133,1771,3.248463717551032
30,023,0250,0171,3002302500171,1456,3.16345955176999
30,023,0250,0186,3002302500186,1828,3.262213705476417
30,023,0250,0203,3002302500203,28,1.462397997898956
30,024,0001,0056,3002400010056,5686,3.7548832282521674
30,025,0001,0072,3002500010072,27,1.4471580313422192
30,025,0001,0087,3002500010087,63,1.806179973983887
30,025,0001,0091,3002500010091,29,1.4771212547196624
30,025,0001,0104,3002500010104,141,2.1522883443830563
30,025,0001,0157,3002500010157,1301,3.114610984232173
30,025,0001,0161,3002500010161,1218,3.0860037056183818
30,025,0001,0176,3002500010176,2,0.47712125471966244
30,025,0001,0180,3002500010180,42,1.6334684555795864
30,025,0001,0195,3002500010195,0,0.0
30,025,0003,002A,300250003002A,4181,3.621384028481653
30,025,0003,0068,3002500030068,241,2.383815365980431
30,025,0003,0119,3002500030119,58,1.7708520116421442
30,025,0003,0208,3002500030208,42,1.6334684555795864
30,025,0003,0212,3002500030212,34,1.5440680443502757
30,026,0001,0027,3002600010027,7411,3.86993541064686
30,026,0001,0046,3002600010046,8272,3.917663024327375
30,026,0001,0116,3002600010116,2357,3.3725438007590705
30,026,0001,0120,3002600010120,512,2.7101173651118162
30,026,0001,0135,3002600010135,1120,3.049605612594973
30,026,0001,014A,300260001014A,2446,3.388633969351789
30,026,0001,0239,3002600010239,393,2.595496221825574
30,026,0001,0281,3002600010281,21,1.3424226808222062
30,026,0001,0296,3002600010296,35,1.5563025007672873
30,026,0001,0309,3002600010309,29,1.4771212547196624
30,026,0001,0313,3002600010313,164,2.2174839442139063
30,027,0001,0043,3002700010043,1196,3.0780941504064105
30,027,0001,0058,3002700010058,120,2.0827853703164503
30,027,0001,0062,3002700010062,26,1.4313637641589874
30,027,0001,0077,3002700010077,62,1.7993405494535817
30,027,0001,0081,3002700010081,56,1.7558748556724915
30,027,0001,0096,3002700010096,243,2.387389826338729
30,028,0001,0375,3002800010375,3618,3.5585885831081994
30,028,0001,038A,300280001038A,3753,3.5744942682853273
30,028,0001,0661,3002800010661,1098,3.0409976924234905
30,028,0001,0676,3002800010676,1489,3.173186268412274
30,028,0001,0958,3002800010958,30,1.4913616938342726
30,028,0037,0089,3002800370089,4044,3.606918525948291
30,028,0037,0093,3002800370093,2490,3.3963737275365067
30,028,0037,0125,3002800370125,3417,3.533772058384718
30,028,0037,013A,300280037013A,3751,3.5742628297070267
30,028,0037,0144,3002800370144,2086,3.3195224490654542
30,028,0037,0163,3002800370163,3143,3.4974825373673704
30,028,0037,0182,3002800370182,5878,3.769303460189082
30,028,0037,0233,3002800370233,0,0.0
30,028,0037,0252,3002800370252,1976,3.2960066693136723
30,028,0037,0271,3002800370271,2260,3.35430056234536
30,028,0037,0286,3002800370286,6514,3.8139144200486035
30,028,0037,0290,3002800370290,1139,3.0569048513364727
30,028,0037,0303,3002800370303,1954,3.2911467617318855
30,028,0037,0322,3002800370322,2082,3.318689269947746
30,028,0037,0341,3002800370341,3422,3.534406899137877
30,028,0037,0356,3002800370356,2976,3.473778834646725
30,028,0037,0500,3002800370500,2797,3.446847710155809
30,028,0037,0515,3002800370515,1301,3.114610984232173
30,028,0037,052A,300280037052A,1334,3.125481265700594
30,028,0037,0568,3002800370568,2228,3.3481100684802376
30,028,0037,0572,3002800370572,2785,3.4449811120879446
30,028,0037,0587,3002800370587,1842,3.2655253352190736
30,028,0037,0591,3002800370591,2142,3.3310221710418286
30,028,0037,0604,3002800370604,2140,3.3306166672944384
30,028,0037,0619,3002800370619,2904,3.4631461367263494
30,028,0037,0623,3002800370623,1258,3.1000257301078626
30,028,0037,0638,3002800370638,1284,3.1089031276673134
30,028,0037,0642,3002800370642,3808,3.580810972660946
30,028,0037,0657,3002800370657,2197,3.3420276880874717
30,028,0037,0680,3002800370680,4500,3.653309012938479
30,028,0037,0695,3002800370695,4980,3.697316541732383
30,028,0037,0708,3002800370708,4538,3.656960182742849
30,028,0037,0712,3002800370712,3841,3.584557360525675
30,028,0037,0727,3002800370727,2637,3.4212747912103465
30,028,0037,0731,3002800370731,2295,3.3609718837259357
30,028,0037,0746,3002800370746,3613,3.557988148224913
30,028,0037,0750,3002800370750,2112,3.3248994970523134
30,028,0037,0765,3002800370765,3536,3.5486350598147514
30,028,0037,077A,300280037077A,4671,3.669502834104343
30,028,0037,0799,3002800370799,502,2.7015679850559273
30,028,0037,0801,3002800370801,385,2.586587304671755
30,028,0037,0816,3002800370816,1553,3.1914510144648953
30,028,0037,0820,3002800370820,403,2.606381365110605
30,028,0037,0835,3002800370835,413,2.617000341120899
30,028,0037,084A,300280037084A,1139,3.0569048513364727
30,028,0037,0869,3002800370869,3660,3.563599728881531
30,028,0037,0873,3002800370873,1907,3.2805783703680764
30,028,0037,0888,3002800370888,2648,3.423081958297231
30,028,0037,0892,3002800370892,1613,3.2079035303860515
30,028,0037,0905,3002800370905,153,2.187520720836463
30,028,0037,091A,300280037091A,2654,3.4240645254174877
30,028,0037,0924,3002800370924,2864,3.457124626303409
30,028,0037,0939,3002800370939,50,1.7075701760979363
30,028,0037,0943,3002800370943,192,2.285557309007774
30,029,0001,0048,3002900010048,1100,3.041787318971752
30,030,0001,002A,300300001002A,2335,3.3684728384403617
30,030,0001,0049,3003000010049,1456,3.16345955176999
30,030,0001,0053,3003000010053,2482,3.394976719554564
30,030,0001,0068,3003000010068,4770,3.6786094165589263
30,030,0001,0087,3003000010087,2447,3.3888114134735234
30,030,0001,0091,3003000010091,2195,3.3416323357780544
30,030,0001,0138,3003000010138,1261,3.1010593549081156
30,030,0001,0157,3003000010157,1583,3.1997551772534747
30,030,0001,0161,3003000010161,1345,3.1290450598879582
30,030,0001,0176,3003000010176,1546,3.1894903136993675
30,030,0001,0180,3003000010180,1118,3.04883008652835
30,030,0001,0195,3003000010195,1515,3.1806992012960347
30,030,0001,0208,3003000010208,2111,3.3246939138617746
30,030,0001,0212,3003000010212,2200,3.342620042553348
30,030,0001,0227,3003000010227,3017,3.479719235439571
30,030,0001,0231,3003000010231,1757,3.245018870737753
30,030,0001,0246,3003000010246,1709,3.2329961103921536
30,030,0003,0015,3003000030015,3416,3.5336449787987627
30,031,0001,0065,3003100010065,1209,3.0827853703164503
30,032,0001,0077,3003200010077,1941,3.288249225571986
30,032,0001,0081,3003200010081,2422,3.384353414137506
30,032,0001,0096,3003200010096,803,2.905256048748451
30,032,0001,0109,3003200010109,1459,3.164352855784437
30,032,0001,0113,3003200010113,1343,3.1283992687178066
30,032,0001,0185,3003200010185,2383,3.377306251068199
30,032,0001,019A,300320001019A,1918,3.2830749747354715
30,032,0001,0202,3003200010202,2300,3.3619166186686433
30,032,0001,0217,3003200010217,3391,3.5304558435846762
30,032,0001,0221,3003200010221,1288,3.110252917353403
30,032,0001,0236,3003200010236,1786,3.252124552505644
30,032,0001,0240,3003200010240,1191,3.076276255404218
30,032,0001,0255,3003200010255,739,2.8692317197309762
30,032,0001,026A,300320001026A,66,1.8260748027008264
30,032,0001,0274,3003200010274,115,2.0644579892269186
30,032,0001,0289,3003200010289,30,1.4913616938342726
30,032,0001,0293,3003200010293,358,2.5550944485783194
30,032,0001,0306,3003200010306,1392,3.1439511164239633
30,032,0001,0310,3003200010310,1432,3.1562461903973444
30,032,0001,0325,3003200010325,679,2.832508912706236
30,032,0001,033A,300320001033A,202,2.307496037913213
30,032,0001,0344,3003200010344,183,2.2648178230095364
30,032,0001,0359,3003200010359,127,2.1072099696478683
30,032,0001,0363,3003200010363,7,0.9030899869919435
30,032,0001,0378,3003200010378,104,2.0211892990699383
30,032,0001,0382,3003200010382,313,2.496929648073215
30,032,0001,0397,3003200010397,15,1.2041199826559248
30,032,0001,040A,300320001040A,299,2.4771212547196626
30,032,0001,0414,3003200010414,141,2.1522883443830563
30,032,0001,0429,3003200010429,113,2.0569048513364727
30,032,0001,0433,3003200010433,115,2.0644579892269186
30,033,0001,0089,3003300010089,1732,3.238798562713917
30,033,0001,0093,3003300010093,2291,3.3602146132953523
30,033,0001,0106,3003300010106,368,2.56702636615906
30,033,0001,0110,3003300010110,23,1.380211241711606
30,033,0001,0125,3003300010125,61,1.792391689498254
30,033,0001,013A,300330001013A,216,2.3364597338485296
30,033,0001,0144,3003300010144,82,1.919078092376074
30,034,0001,0033,3003400010033,1922,3.28397928423848
30,034,0001,0103,3003400010103,1141,3.0576661039098294
30,034,0001,0118,3003400010118,554,2.7442929831226763
30,034,0001,0122,3003400010122,1012,3.0056094453602804
30,034,0001,0137,3003400010137,669,2.8260748027008264
30,034,0001,0141,3003400010141,281,2.450249108319361
30,034,0001,0156,3003400010156,263,2.4216039268698313
30,034,0001,0160,3003400010160,526,2.7218106152125467
30,034,0001,0175,3003400010175,326,2.514547752660286
30,034,0001,018A,300340001018A,381,2.582063362911709
30,034,0001,0194,3003400010194,81,1.9138138523837167
30,034,0001,0207,3003400010207,93,1.9731278535996986
30,034,0001,0211,3003400010211,379,2.57978359661681
30,034,0001,0226,3003400010226,1886,3.2757719001649312
30,034,0001,0230,3003400010230,1304,3.1156105116742996
30,034,0001,0245,3003400010245,1188,3.0751818546186915
30,034,0001,025A,300340001025A,1604,3.205475036740891
30,034,0001,0264,3003400010264,1463,3.165541076722373
30,034,0001,0279,3003400010279,937,2.9722028383790646
30,034,0001,0283,3003400010283,858,2.9339931638312424
30,034,0001,0298,3003400010298,1861,3.269979676645324
30,034,0001,0300,3003400010300,1333,3.12515582958053
30,034,0001,0315,3003400010315,1221,3.0870712059065353
30,034,0001,032A,300340001032A,35,1.5563025007672873
30,035,0001,0045,3003500010045,390,2.5921767573958667
30,035,0001,005A,300350001005A,231,2.3654879848909
30,035,0001,0064,3003500010064,1890,3.27669152884504
30,035,0001,0079,3003500010079,2559,3.4082399653118496
30,036,0001,0023,3003600010023,5030,3.7016543173257483
30,036,0001,0038,3003600010038,2931,3.4671639659690903
30,036,0001,0042,3003600010042,16,1.2304489213782739
30,037,0001,0020,3003700010020,1785,3.2518814545525276
30,037,0001,0035,3003700010035,890,2.949877704036875
30,037,0002,0054,3003700020054,3225,3.508664363052943
30,038,0001,0047,3003800010047,3464,3.5397032389478253
30,038,0001,0051,3003800010051,3355,3.5258219521566625
30,038,0001,0070,3003800010070,5939,3.7737864449811935
30,038,0001,0085,3003800010085,6621,3.8209891764160497
30,038,0001,0117,3003800010117,4756,3.677333151419902
30,038,0001,0140,3003800010140,4396,3.643156465619706
30,038,0001,0206,3003800010206,4527,3.6559064181802152
30,038,0001,0225,3003800010225,362,2.5599066250361124
30,038,0001,023A,300380001023A,459,2.662757831681574
30,038,0001,0259,3003800010259,3079,3.4885507165004443
30,038,0001,0263,3003800010263,6287,3.7985125330313516
30,038,0001,0278,3003800010278,1962,3.292920299600006
30,038,0001,0282,3003800010282,220,2.3443922736851106
30,038,0001,0297,3003800010297,1620,3.209783014848515
30,038,0001,030A,300380001030A,2784,3.4448251995097476
30,038,0001,0314,3003800010314,3308,3.519696767159853
30,038,0001,0329,3003800010329,2566,3.4094258686714434
30,038,0001,0333,3003800010333,15,1.2041199826559248
30,038,0012,0193,3003800120193,3956,3.597366050266028
30,038,0015,0136,3003800150136,4829,3.683947130751512
30,038,0019,0032,3003800190032,6345,3.8025000677643934
30,038,0019,016A,300380019016A,713,2.8536982117761744
30,038,0019,0174,3003800190174,308,2.4899584794248346
30,038,0019,0189,3003800190189,913,2.960946195733831
30,038,0019,0348,3003800190348,21,1.3424226808222062
30,039,0001,0025,3003900010025,2643,3.4222614508136027
30,039,0001,003A,300390001003A,2981,3.474507639116976
30,039,0001,0059,3003900010059,2187,3.340047317661393
30,039,0001,0063,3003900010063,1373,3.137986732723532
30,039,0001,0078,3003900010078,1580,3.198931869932209
30,039,0001,0082,3003900010082,1622,3.210318519826232
30,039,0001,0097,3003900010097,1607,3.2062860444124324
30,039,0001,010A,300390001010A,2778,3.443888546777372
30,039,0001,0129,3003900010129,4260,3.629511534200453
30,039,0001,0148,3003900010148,3635,3.56062387454993
30,039,0001,0167,3003900010167,4060,3.608632989490037
30,039,0001,0383,3003900010383,2078,3.317854489331469
30,039,0001,0453,3003900010453,3741,3.573103783163991
30,039,0001,0468,3003900010468,6120,3.7868223794991875
30,039,0001,0487,3003900010487,3731,3.571941635074462
30,039,0001,0504,3003900010504,5449,3.7363965022766426
30,039,0001,0519,3003900010519,0,0.0
30,039,0001,0523,3003900010523,314,2.4983105537896004
30,039,0001,0542,3003900010542,3273,3.5150786750759226
30,039,0001,0580,3003900010580,3965,3.598352709869284
30,039,0001,0646,3003900010646,2006,3.3025473724874854
30,039,0001,0877,3003900010877,1274,3.1055101847699738
30,039,0001,0909,3003900010909,587,2.7693773260761385
30,039,0001,0947,3003900010947,1912,3.281714970027296
30,039,0001,0951,3003900010951,2076,3.317436496535099
30,039,0001,0966,3003900010966,2191,3.3408405498123317
30,039,0001,0970,3003900010970,2028,3.307282047033346
30,039,0001,0985,3003900010985,3116,3.49373680227684
30,039,0001,099A,300390001099A,3556,3.55108386518578
30,039,0001,1004,3003900011004,1794,3.254064452914338
30,039,0001,1019,3003900011019,1363,3.13481437032046
30,039,0001,1023,3003900011023,1645,3.216429830876251
30,039,0001,1038,3003900011038,1656,3.219322508419337
30,039,0001,1061,3003900011061,1846,3.2664668954402414
30,039,0001,1076,3003900011076,2727,3.4358443659844413
30,039,0001,1080,3003900011080,2167,3.336059277866349
30,039,0001,1095,3003900011095,2149,3.3324384599156054
30,039,0001,1108,3003900011108,4426,3.6461095219788477
30,039,0001,1112,3003900011112,4218,3.625209525381881
30,039,0001,1127,3003900011127,3077,3.48826861549546
30,039,0001,1131,3003900011131,2472,3.3932241163612975
30,039,0001,1165,3003900011165,1909,3.2810333672477277
30,039,0001,117A,300390001117A,2745,3.4387005329007363
30,039,0001,1184,3003900011184,2177,3.3380578754197563
30,039,0001,1199,3003900011199,2247,3.3517963068970236
30,039,0001,1220,3003900011220,2959,3.4712917110589387
30,039,0001,1235,3003900011235,3746,3.573683693093798
30,039,0001,124A,300390001124A,1761,3.246005904076029
30,039,0001,1254,3003900011254,2793,3.446226401778163
30,039,0001,1269,3003900011269,2420,3.383994789441733
30,039,0001,1273,3003900011273,2595,3.4143046881283317
30,039,0001,1305,3003900011305,3318,3.521007252408604
30,039,0001,131A,300390001131A,3760,3.575303333422399
30,039,0001,1324,3003900011324,2611,3.4169731726030363
30,039,0001,1339,3003900011339,1763,3.246498580795801
30,039,0001,1343,3003900011343,4471,3.650501794878367
30,039,0001,1358,3003900011358,2707,3.4326486600131068
30,039,0001,1381,3003900011381,4554,3.658488381309017
30,039,0001,1396,3003900011396,1662,3.2208922492195193
30,039,0001,1409,3003900011409,2946,3.469380135849925
30,039,0001,1466,3003900011466,91,1.9637878273455553
30,039,0001,149A,300390001149A,4221,3.6255182289716377
30,039,0001,1502,3003900011502,3649,3.5622928644564746
30,039,0001,1517,3003900011517,2509,3.399673721481038
30,039,0001,1521,3003900011521,1742,3.2412973871099933
30,039,0001,1536,3003900011536,844,2.926856708949692
30,039,0001,156A,300390001156A,3460,3.539201599294128
30,039,0001,1574,3003900011574,2799,3.4471580313422194
30,039,0001,1589,3003900011589,2978,3.4740705032150436
30,039,0001,1593,3003900011593,3350,3.5251744278352715
30,039,0001,1606,3003900011606,2846,3.454387467146955
30,039,0001,1610,3003900011610,4202,3.623559390005437
30,039,0001,1625,3003900011625,4291,3.6326597132939136
30,039,0001,163A,300390001163A,1661,3.220631019448092
30,039,0001,170A,300390001170A,2764,3.441695135640717
30,039,0001,1733,3003900011733,1920,3.2835273648616936
30,039,0001,1767,3003900011767,515,2.7126497016272113
30,039,0001,1837,3003900011837,2229,3.3483048630481607
30,039,0001,188A,300390001188A,3279,3.515873843711679
30,039,0001,1894,3003900011894,2042,3.3102683666324477
30,039,0001,1930,3003900011930,1259,3.100370545117563
30,039,0001,195A,300390001195A,475,2.677606952720493
30,039,0001,1979,3003900011979,121,2.0863598306747484
30,039,0001,2002,3003900012002,466,2.6693168805661123
30,039,0021,0364,3003900210364,2019,3.305351369446624
30,039,0021,0379,3003900210379,2410,3.382197210377454
30,039,0021,0415,3003900210415,1436,3.157456768134226
30,039,0021,042A,300390021042A,1797,3.25478968739721
30,039,0021,0788,3003900210788,755,2.8785217955012063
30,039,0021,1042,3003900211042,3432,3.53567380342575
30,039,0021,1146,3003900211146,0,0.0
30,039,0021,1150,3003900211150,0,0.0
30,039,0021,1201,3003900211201,0,0.0
30,039,0021,1216,3003900211216,0,0.0
30,039,0021,1362,3003900211362,2976,3.473778834646725
30,039,0021,1428,3003900211428,3047,3.4840149626675627
30,039,0021,1771,3003900211771,3834,3.583765368285
30,039,0021,1786,3003900211786,1645,3.216429830876251
30,039,0043,0913,3003900430913,7569,3.8790958795000727
30,039,0043,1288,3003900431288,0,0.0
30,039,0043,1292,3003900431292,0,0.0
30,039,0142,1470,3003901421470,2165,3.3356584522893016
30,039,0142,1485,3003901421485,2942,3.468790262099611
30,039,0142,1555,3003901421555,2165,3.3356584522893016
30,039,0142,1790,3003901421790,1061,3.0261245167454502
30,039,0142,1803,3003901421803,628,2.798650645445269
30,039,0142,1841,3003901421841,21,1.3424226808222062
30,039,0142,1926,3003901421926,81,1.9138138523837167
30,039,0147,1644,3003901471644,1666,3.2219355998280053
30,039,0147,1659,3003901471659,2170,3.3366598234544202
30,039,0147,1663,3003901471663,2387,3.3780343224573315
30,039,0147,1678,3003901471678,2599,3.4149733479708178
30,039,0147,1682,3003901471682,2251,3.3525683861793087
30,039,0147,1697,3003901471697,1112,3.0464951643347082
30,039,0147,1714,3003901471714,3452,3.5381965783494542
30,039,0147,1729,3003901471729,482,2.683947130751512
30,039,0147,1748,3003901471748,215,2.3344537511509307
30,039,0147,1752,3003901471752,3157,3.499412125672275
30,039,0147,1818,3003901471818,564,2.7520484478194387
30,039,0147,1822,3003901471822,87,1.9444826721501687
30,039,0147,1856,3003901471856,945,2.975891136401793
30,039,0147,1860,3003901471860,2341,3.369586890736344
30,039,0147,1875,3003901471875,486,2.6875289612146345
30,039,0147,1964,3003901471964,0,0.0
30,039,0147,1998,3003901471998,171,2.2355284469075487
30,039,0170,1907,3003901701907,5045,3.702947246181556
30,039,0170,1911,3003901701911,3976,3.59955559098598
30,039,0170,1945,3003901701945,564,2.7520484478194387
30,039,0178,2017,3003901782017,1106,3.044147620878723
30,039,0178,2021,3003901782021,1783,3.2513948500401044
30,039,0178,2036,3003901782036,5664,3.753199914199416
30,039,0178,2040,3003901782040,974,2.989004615698537
30,039,0178,2055,3003901782055,1105,3.0437551269686796
30,039,0178,206A,300390178206A,5027,3.7013952690139202
30,040,0001,0083,3004000010083,3099,3.4913616938342726
30,040,0001,0098,3004000010098,2104,3.323252100171687
30,040,0001,0100,3004000010100,1388,3.1427022457376155
30,040,0001,0115,3004000010115,1910,3.281260687055013
30,040,0001,0172,3004000010172,1117,3.0484418035504044
30,040,0001,0187,3004000010187,1144,3.0588054866759067
30,040,0001,0191,3004000010191,1591,3.20194306340165
30,040,0001,0204,3004000010204,1566,3.1950689964685903
30,040,0001,0219,3004000010219,1395,3.144885418287142
30,040,0001,0223,3004000010223,2594,3.414137362184477
30,040,0001,0238,3004000010238,2342,3.369772288596963
30,040,0001,0242,3004000010242,1610,3.207095540419218
30,040,0001,0257,3004000010257,1030,3.0132586652835167
30,040,0001,0261,3004000010261,1277,3.1065308538223815
30,040,0001,0276,3004000010276,287,2.459392487759231
30,040,0001,0280,3004000010280,3899,3.591064607026499
30,040,0001,0295,3004000010295,281,2.450249108319361
30,040,0001,0308,3004000010308,1327,3.1231980750319988
30,040,0001,0312,3004000010312,625,2.7965743332104296
30,040,0001,0327,3004000010327,407,2.61066016308988
30,040,0001,0331,3004000010331,1294,3.1122697684172707
30,040,0001,0346,3004000010346,423,2.6273658565927325
30,040,0001,0365,3004000010365,96,1.9867717342662448
30,040,0001,037A,300400001037A,335,2.526339277389844
30,040,0001,0384,3004000010384,336,2.5276299008713385
30,040,0001,0399,3004000010399,20,1.3222192947339193
30,040,0001,0401,3004000010401,113,2.0569048513364727
30,040,0001,0416,3004000010416,429,2.6334684555795866
30,040,0202,0026,3004002020026,3154,3.498999363580153
30,041,0001,0038,3004100010038,1353,3.1316186643491255
30,042,0001,004A,300420001004A,1173,3.0696680969115957
30,042,0001,0054,3004200010054,1270,3.104145550554008
30,042,0001,0069,3004200010069,39,1.6020599913279623
30,043,0001,0051,3004300010051,1393,3.144262773761991
30,043,0003,009A,300430003009A,2330,3.3675422735205767
30,043,0003,0102,3004300030102,2848,3.454692449239477
30,044,0001,0010,3004400010010,5270,3.7218930162149575
30,044,0001,0025,3004400010025,5209,3.7168377232995247
30,044,0001,003A,300440001003A,989,2.99563519459755
30,044,0001,0044,3004400010044,2871,3.4581844355702627
30,044,0001,0059,3004400010059,1270,3.104145550554008
30,044,0001,0063,3004400010063,5775,3.7616271845615827
30,044,0001,0078,3004400010078,6464,3.810568529216413
30,044,0001,0097,3004400010097,2491,3.396548037987132
30,044,0001,010A,300440001010A,4251,3.6285932558512592
30,044,0001,0114,3004400010114,1476,3.1693804953119495
30,044,0001,0133,3004400010133,4313,3.6348801407665263
30,044,0001,0148,3004400010148,2275,3.3571722577230334
30,044,0001,0152,3004400010152,3208,3.506369717095504
30,044,0001,0167,3004400010167,3024,3.4807253789884878
30,044,0001,0171,3004400010171,4520,3.655234507034294
30,044,0001,0186,3004400010186,1301,3.114610984232173
30,044,0001,0190,3004400010190,3501,3.5443161417474274
30,044,0001,0203,3004400010203,1669,3.2227164711475833
30,044,0001,0218,3004400010218,3392,3.530583859645118
30,044,0001,0256,3004400010256,1462,3.1652443261253107
30,044,0001,028A,300440001028A,1376,3.1389339402569236
30,044,0001,0294,3004400010294,2146,3.331832044436249
30,044,0001,0326,3004400010326,2459,3.3909351071033793
30,044,0001,0345,3004400010345,5006,3.699577591398909
30,044,0001,0364,3004400010364,4161,3.6193020758756083
30,044,0001,0383,3004400010383,1336,3.1261314072619846
30,044,0001,0398,3004400010398,291,2.4653828514484184
30,044,0001,0400,3004400010400,2046,3.311117842662506
30,044,0001,042A,300440001042A,729,2.863322860120456
30,044,0001,0434,3004400010434,181,2.2600713879850747
30,044,0001,0453,3004400010453,2773,3.443106456737266
30,044,0001,0468,3004400010468,2066,3.3153404766272883
30,044,0001,0472,3004400010472,1249,3.0969100130080562
30,044,0001,0487,3004400010487,1979,3.296665190261531
30,044,0001,0491,3004400010491,1279,3.1072099696478683
30,044,0001,0504,3004400010504,1623,3.2105860249051563
30,044,0001,0519,3004400010519,4199,3.6232492903979003
30,044,0001,0523,3004400010523,3321,3.521399628115376
30,044,0001,0538,3004400010538,3473,3.54082981411108
30,044,0001,0542,3004400010542,2239,3.3502480183341627
30,044,0001,0557,3004400010557,1598,3.2038484637462346
30,044,0001,0561,3004400010561,1636,3.2140486794119414
30,044,0001,0576,3004400010576,1912,3.281714970027296
30,044,0001,0580,3004400010580,2648,3.423081958297231
30,044,0001,0595,3004400010595,7130,3.8531504364478426
30,044,0001,0612,3004400010612,820,2.9143431571194407
30,044,0001,0627,3004400010627,2005,3.302330928684399
30,044,0001,0631,3004400010631,320,2.506505032404872
30,044,0001,0684,3004400010684,0,0.0
30,044,0001,0720,3004400010720,108,2.037426497940624
30,044,0001,0862,3004400010862,3803,3.5802405082653763
30,044,0001,0896,3004400010896,1988,3.2986347831244354
30,044,0001,0909,3004400010909,175,2.24551266781415
30,044,0001,0928,3004400010928,176,2.247973266361807
30,044,0001,0932,3004400010932,1616,3.208710019906401
30,044,0001,0947,3004400010947,855,2.932473764677153
30,044,0001,0951,3004400010951,1938,3.2875778090787056
30,044,0001,0966,3004400010966,108,2.037426497940624
30,044,0001,0970,3004400010970,22,1.3617278360175928
30,044,0001,1019,3004400011019,81,1.9138138523837167
30,044,0001,1023,3004400011023,1215,3.084933574936716
30,044,0001,1038,3004400011038,258,2.413299764081252
30,044,0001,1057,3004400011057,0,0.0
30,044,0001,1061,3004400011061,0,0.0
30,044,0047,0735,3004400470735,2569,3.4099331233312946
30,044,0047,074A,300440047074A,3068,3.4869968884318228
30,044,0047,0754,3004400470754,2700,3.431524584187451
30,044,0047,0769,3004400470769,2391,3.3787611753163733
30,044,0047,0881,3004400470881,179,2.255272505103306
30,044,0053,0237,3004400530237,2503,3.398634324538392
30,044,0074,081A,300440074081A,1593,3.2024883170600935
30,044,0074,0824,3004400740824,1924,3.2844307338445193
30,044,0074,0985,3004400740985,67,1.8325089127062364
30,044,0120,0773,3004401200773,4013,3.6035773681514667
30,044,0120,0788,3004401200788,2404,3.3811150807098507
30,044,0120,0858,3004401200858,1852,3.2678754193188975
30,044,0120,099A,300440120099A,210,2.3242824552976926
30,044,0176,1004,3004401761004,2911,3.4641913706409997
30,045,0001,0183,3004500010183,2171,3.336859820916809
30,045,0001,0198,3004500010198,1067,3.0285712526925375
30,045,0001,0200,3004500010200,2840,3.453471233722936
30,045,0001,0380,3004500010380,2287,3.3594560201209864
30,045,0001,0395,3004500010395,1333,3.12515582958053
30,045,0001,0408,3004500010408,53,1.7323937598229686
30,045,0001,0412,3004500010412,27,1.4471580313422192
30,045,0001,0427,3004500010427,181,2.2600713879850747
30,045,0001,0465,3004500010465,2447,3.3888114134735234
30,045,0001,047A,300450001047A,1712,3.2337573629655103
30,045,0001,0484,3004500010484,1358,3.1332194567324945
30,045,0001,0499,3004500010499,2479,3.3944516808262164
30,045,0001,0501,3004500010501,1696,3.229681842317676
30,045,0001,0516,3004500010516,1834,3.263636068588108
30,045,0001,0520,3004500010520,1534,3.1861083798132053
30,045,0001,0535,3004500010535,1226,3.088844562727004
30,045,0001,0713,3004500010713,153,2.187520720836463
30,045,0001,0732,3004500010732,347,2.5415792439465807
30,045,0001,0747,3004500010747,330,2.519827993775719
30,045,0001,0770,3004500010770,139,2.146128035678238
30,045,0001,079A,300450001079A,41,1.6232492903979006
30,045,0001,0802,3004500010802,196,2.294466226161593
30,045,0001,0874,3004500010874,695,2.842609239610562
30,045,0001,0889,3004500010889,32,1.5185139398778875
30,045,0001,0906,3004500010906,1875,3.2732328340430454
30,045,0001,0910,3004500010910,216,2.3364597338485296
30,045,0001,0925,3004500010925,228,2.359835482339888
30,045,0001,093A,300450001093A,260,2.416640507338281
30,045,0001,0944,3004500010944,9,1.0
30,045,0001,0982,3004500010982,46,1.6720978579357175
30,045,0001,0997,3004500010997,0,0.0
30,045,0001,1001,3004500011001,31,1.505149978319906
30,045,0001,1016,3004500011016,238,2.3783979009481375
30,045,0015,0643,3004500150643,1124,3.0511525224473814
30,045,0015,0658,3004500150658,1307,3.1166077439882485
30,045,0015,0677,3004500150677,885,2.9474337218870508
30,045,0015,0840,3004500150840,422,2.6263403673750423
30,045,0015,0855,3004500150855,533,2.727541257028556
30,045,0015,086A,300450015086A,112,2.0530784434834195
30,045,0015,0959,3004500150959,295,2.4712917110589387
30,045,0025,0319,3004500250319,1398,3.1458177144918276
30,045,0025,0624,3004500250624,796,2.9014583213961123
30,045,0025,0639,3004500250639,641,2.807535028068853
30,045,0025,0963,3004500250963,139,2.146128035678238
30,045,0025,0978,3004500250978,50,1.7075701760979363
30,045,0025,1020,3004500251020,12,1.1139433523068367
30,045,0027,0817,3004500270817,1106,3.044147620878723
30,045,0027,0821,3004500270821,566,2.7535830588929064
30,045,0027,0836,3004500270836,590,2.7715874808812555
30,046,0001,0034,3004600010034,1563,3.1942367487238292
30,046,0001,0049,3004600010049,3140,3.497067936398505
30,046,0001,0053,3004600010053,65,1.8195439355418688
30,047,0001,007A,300470001007A,5437,3.7354392032514814
30,047,0001,0084,3004700010084,5000,3.699056854547668
30,047,0001,0099,3004700010099,3288,3.5170638734826545
30,047,0001,0101,3004700010101,2595,3.4143046881283317
30,047,0001,0116,3004700010116,44,1.6532125137753437
30,047,0006,0012,3004700060012,2704,3.4321672694425884
30,047,0026,0065,3004700260065,5434,3.7351995484223135
30,047,0036,0120,3004700360120,4742,3.6760531246518715
30,047,0036,0135,3004700360135,3993,3.6014080605346837
30,048,0001,0039,3004800010039,4455,3.6489451821656727
30,048,0001,0109,3004800010109,3806,3.580582876814367
30,048,0001,0113,3004800010113,2264,3.3550682063488506
30,048,0001,0128,3004800010128,1301,3.114610984232173
30,048,0001,0700,3004800010700,5364,3.72956972630197
30,048,0001,0715,3004800010715,5331,3.726890140741822
30,048,0008,0151,3004800080151,797,2.9020028913507296
30,048,0008,0749,3004800080749,3386,3.5298151966446305
30,048,0008,0753,3004800080753,3225,3.508664363052943
30,048,0011,0221,3004800110221,3700,3.5683190850951116
30,048,0024,0217,3004800240217,5395,3.732071940999867
30,048,0024,0490,3004800240490,280,2.44870631990508
30,048,0073,0058,3004800730058,302,2.481442628502305
30,048,0073,0062,3004800730062,3538,3.548880562637515
30,048,0073,0236,3004800730236,2309,3.3636119798921444
30,048,0073,0255,3004800730255,824,2.916453948549925
30,048,0073,026A,300480073026A,1393,3.144262773761991
30,048,0073,0503,3004800730503,24,1.3979400086720377
30,048,0073,0518,3004800730518,171,2.2355284469075487
30,048,0073,0522,3004800730522,16,1.2304489213782739
30,048,0073,0594,3004800730594,3504,3.5446880223026773
30,048,0073,0607,3004800730607,3144,3.497620649781288
30,048,0073,0611,3004800730611,2622,3.4187982905903533
30,048,0073,0626,3004800730626,3434,3.5359267413955693
30,048,0073,0630,3004800730630,4004,3.6026025204202563
30,048,0073,0645,3004800730645,2630,3.420120848085703
30,048,0073,065A,300480073065A,2187,3.340047317661393
30,048,0073,0664,3004800730664,3745,3.5735677730392186
30,048,0073,0679,3004800730679,2917,3.4650852875574327
30,048,0073,0683,3004800730683,3138,3.4967913157000425
30,048,0073,0698,3004800730698,2870,3.458033192496506
30,048,0073,072A,300480073072A,1326,3.1228709228644354
30,048,0073,0734,3004800730734,2102,3.322839272686321
30,048,0073,0787,3004800730787,350,2.545307116465824
30,048,0073,0791,3004800730791,512,2.7101173651118162
30,048,0073,0804,3004800730804,764,2.8836614351536176
30,048,0138,0537,3004801380537,1651,3.218010042984363
30,048,0138,0541,3004801380541,2166,3.335858911319818
30,048,0138,0556,3004801380556,950,2.978180516937414
30,048,0138,0560,3004801380560,1108,3.04493154614916
30,048,0138,0575,3004801380575,835,2.9222062774390163
30,048,0138,058A,300480138058A,247,2.3944516808262164
30,048,0141,0452,3004801410452,2103,3.3230457354817013
30,048,0280,0768,3004802800768,2028,3.307282047033346
30,048,0280,0772,3004802800772,1398,3.1458177144918276
30,048,0286,0819,3004802860819,2996,3.476686742945645
30,048,0286,0823,3004802860823,1871,3.2723058444020863
30,049,0001,0093,3004900010093,1316,3.119585774961784
30,050,0001,0037,3005000010037,364,2.5622928644564746
30,050,0001,0041,3005000010041,343,2.53655844257153
30,050,0001,0056,3005000010056,366,2.5646660642520893
30,050,0001,0060,3005000010060,331,2.5211380837040362
30,050,0001,0075,3005000010075,1368,3.13640344813399
30,050,0001,008A,300500001008A,1764,3.2467447097238415
30,050,0001,0094,3005000010094,25,1.414973347970818
30,051,0001,0053,3005100010053,2287,3.3594560201209864
30,051,0001,0068,3005100010068,234,2.3710678622717363
30,051,0001,0072,3005100010072,938,2.972665592266111
30,051,0001,0087,3005100010087,537,2.7307822756663893
30,051,0001,0091,3005100010091,2413,3.3827372657613304
30,051,0001,0104,3005100010104,2554,3.4073909044707316
30,051,0001,0119,3005100010119,140,2.1492191126553797
30,051,0001,0123,3005100010123,10,1.0413926851582251
30,052,0001,0050,3005200010050,1122,3.050379756261458
30,052,0001,0065,3005200010065,949,2.9777236052888476
30,052,0001,0099,3005200010099,447,2.651278013998144
30,052,0001,0101,3005200010101,885,2.9474337218870508
30,052,0001,0120,3005200010120,56,1.7558748556724915
30,052,0008,0046,3005200080046,466,2.6693168805661123
30,052,0008,007A,300520008007A,1308,3.116939646550756
30,052,0008,0084,3005200080084,1404,3.1476763242410986
30,052,0008,0116,3005200080116,50,1.7075701760979363
30,052,0008,0135,3005200080135,40,1.6127838567197355
30,053,0001,0077,3005300010077,204,2.311753861055754
30,053,0001,0096,3005300010096,2474,3.3935752032695876
30,053,0001,0109,3005300010109,2878,3.459241664878082
30,053,0001,0113,3005300010113,2591,3.413634997198556
30,053,0001,0128,3005300010128,204,2.311753861055754
30,053,0001,0132,3005300010132,679,2.832508912706236
30,053,0001,0147,3005300010147,620,2.79309160017658
30,053,0001,0151,3005300010151,2707,3.4326486600131068
30,053,0001,0166,3005300010166,1800,3.2555137128195333
30,053,0001,0170,3005300010170,96,1.9867717342662448
30,053,0001,0185,3005300010185,26,1.4313637641589874
30,053,0001,019A,300530001019A,25,1.414973347970818
30,054,0001,0055,3005400010055,1247,3.0962145853464054
30,054,0001,0089,3005400010089,901,2.9552065375419416
30,054,0001,0093,3005400010093,935,2.971275848738105
30,054,0001,0106,3005400010106,698,2.8444771757456815
30,054,0001,0125,3005400010125,68,1.8388490907372552
30,054,0001,013A,300540001013A,6,0.8450980400142568
30,055,0001,0052,3005500010052,576,2.7611758131557314
30,055,0001,0071,3005500010071,65,1.8195439355418688
30,055,0001,0090,3005500010090,1041,3.0178677189635055
30,055,0001,0103,3005500010103,1117,3.0484418035504044
30,056,0001,0030,3005600010030,1451,3.161966616364075
30,057,0001,0023,3005700010023,1894,3.2776092143040914
30,057,0001,0057,3005700010057,299,2.4771212547196626
30,057,0001,0061,3005700010061,893,2.951337518795918
30,057,0001,0076,3005700010076,404,2.6074550232146687
30,057,0001,0080,3005700010080,10,1.0413926851582251
30,058,0001,0092,3005800010092,4562,3.659250468772661
30,058,0001,0124,3005800010124,261,2.4183012913197452
30,059,0001,0047,3005900010047,2273,3.356790460351716
30,059,0001,0051,3005900010051,789,2.8976270912904414
30,059,0001,0066,3005900010066,73,1.8692317197309762
30,059,0001,0070,3005900010070,2749,3.439332693830263
30,059,0001,0085,3005900010085,1948,3.2898118391176214
30,059,0001,009A,300590001009A,111,2.0492180226701815
30,059,0001,0102,3005900010102,897,2.9532763366673045
30,059,0001,0117,3005900010117,3119,3.494154594018443
30,059,0001,0121,3005900010121,2015,3.3044905277734875
30,060,0001,0052,3006000010052,322,2.509202522331103
30,060,0001,0067,3006000010067,587,2.7693773260761385
30,060,0001,0090,3006000010090,1669,3.2227164711475833
30,060,0001,0103,3006000010103,1773,3.2489536154957075
30,060,0001,0118,3006000010118,1637,3.2143138974244
30,060,0007,0071,3006000070071,1550,3.190611797813605
30,060,0007,0086,3006000070086,1612,3.2076343673889616
30,060,0007,0122,3006000070122,20,1.3222192947339193
30,061,0001,0473,3006100010473,1870,3.27207378750001
30,061,0001,0492,3006100010492,2205,3.343605508104172
30,061,0001,0613,3006100010613,754,2.8779469516291885
30,061,0001,0685,3006100010685,2452,3.3896975482063856
30,061,0001,069A,300610001069A,1552,3.1911714557285586
30,061,0001,0702,3006100010702,1120,3.049605612594973
30,061,0001,0717,3006100010717,969,2.9867717342662448
30,061,0001,0721,3006100010721,700,2.8457180179666586
30,061,0001,0736,3006100010736,535,2.72916478969277
30,061,0001,0740,3006100010740,554,2.7442929831226763
30,061,0001,0755,3006100010755,576,2.7611758131557314
30,061,0001,076A,300610001076A,758,2.88024177589548
30,061,0001,0774,3006100010774,1492,3.1740598077250253
30,061,0001,0789,3006100010789,1119,3.0492180226701815
30,061,0001,0793,3006100010793,1132,3.0542299098633974
30,061,0001,0810,3006100010810,3317,3.5208763816883417
30,061,0001,0825,3006100010825,2352,3.3716219271760215
30,061,0001,090A,300610001090A,1607,3.2062860444124324
30,061,0001,0914,3006100010914,1003,3.0017337128090005
30,061,0001,0933,3006100010933,1788,3.252610340567373
30,061,0001,0948,3006100010948,2270,3.3562171342197353
30,061,0001,0952,3006100010952,1031,3.0136796972911926
30,061,0001,0967,3006100010967,1914,3.2821687783046416
30,061,0001,0971,3006100010971,1574,3.197280558125619
30,061,0001,0986,3006100010986,1443,3.1595671932336202
30,061,0001,0990,3006100010990,2050,3.3119656603683665
30,061,0001,1005,3006100011005,1541,3.188084373714938
30,061,0001,101A,300610001101A,1433,3.1565491513317814
30,061,0001,1024,3006100011024,1875,3.2732328340430454
30,061,0001,1039,3006100011039,1912,3.281714970027296
30,061,0001,1043,3006100011043,474,2.6766936096248664
30,061,0001,1058,3006100011058,741,2.870403905279027
30,061,0001,1077,3006100011077,23,1.380211241711606
30,061,0001,1081,3006100011081,199,2.3010299956639813
30,061,0001,1096,3006100011096,117,2.0718820073061255
30,061,0001,1109,3006100011109,457,2.660865478003869
30,062,0001,0042,3006200010042,5857,3.76774936734558
30,062,0001,0061,3006200010061,4529,3.656098202012832
30,062,0001,0076,3006200010076,1182,3.0729847446279304
30,062,0001,0080,3006200010080,300,2.4785664955938436
30,062,0006,0019,3006200060019,3237,3.510276844417355
30,063,0001,0092,3006300010092,538,2.7315887651867388
30,063,0001,0105,3006300010105,375,2.575187844927661
30,063,0001,011A,300630001011A,819,2.9138138523837167
30,063,0001,0124,3006300010124,515,2.7126497016272113
30,063,0001,0139,3006300010139,28,1.462397997898956
30,063,0001,0143,3006300010143,23,1.380211241711606
30,064,0001,0028,3006400010028,1261,3.1010593549081156
30,064,0001,0032,3006400010032,164,2.2174839442139063
30,064,0001,0047,3006400010047,134,2.130333768495006
30,064,0001,0051,3006400010051,144,2.161368002234975
30,065,0001,010A,300650001010A,500,2.699837725867246
30,065,0001,0148,3006500010148,81,1.9138138523837167
30,065,0001,0152,3006500010152,395,2.597695185925512
30,065,0001,0307,3006500010307,14,1.1760912590556813
30,065,0001,0364,3006500010364,708,2.8506462351830666
30,065,0012,0129,3006500120129,2920,3.46553155697355
30,065,0014,0186,3006500140186,377,2.5774917998372255
30,065,0014,0222,3006500140222,2130,3.328583449714202
30,065,0014,0237,3006500140237,2107,3.323870606540509
30,065,0014,0275,3006500140275,20,1.3222192947339193
30,065,0014,028A,300650014028A,62,1.7993405494535817
30,065,0014,0294,3006500140294,0,0.0
30,065,0014,0415,3006500140415,17,1.255272505103306
30,065,0014,042A,300650014042A,1,0.3010299956639812
30,065,0015,0025,3006500150025,3588,3.5549734583332397
30,065,0015,0167,3006500150167,769,2.886490725172482
30,065,0015,0171,3006500150171,594,2.7745169657285498
30,065,0020,0129,3006500200129,2908,3.463743721247059
30,065,0031,0129,3006500310129,3143,3.4974825373673704
30,065,0046,0082,3006500460082,3771,3.5765716840652906
30,065,0046,0190,3006500460190,546,2.737987326333431
30,065,0046,0241,3006500460241,1648,3.217220655644519
30,065,0046,0256,3006500460256,1327,3.1231980750319988
30,065,0046,0260,3006500460260,713,2.8536982117761744
30,065,0169,0311,3006501690311,2559,3.4082399653118496
30,065,0169,0326,3006501690326,3244,3.511214701136388
30,065,0169,0330,3006501690330,1348,3.1300119496719043
30,065,0169,035A,300650169035A,328,2.5171958979499744
30,065,0169,0379,3006501690379,1192,3.076640443670342
30,065,0169,0383,3006501690383,539,2.7323937598229686
30,065,0169,0400,3006501690400,435,2.639486489268586
30,065,0169,0434,3006501690434,2219,3.346352974450639
30,065,0224,0472,3006502240472,2913,3.4644895474339714
30,065,0224,0487,3006502240487,1554,3.1917303933628562
30,065,0224,0491,3006502240491,1021,3.009450895798694
30,065,0224,0504,3006502240504,2012,3.3038437748886547
30,065,0260,0453,3006502600453,1702,3.231214647962601
30,065,0260,0468,3006502600468,1649,3.2174839442139063
30,066,0001,0075,3006600010075,1312,3.118264726089479
30,066,0001,0094,3006600010094,820,2.9143431571194407
30,066,0001,0107,3006600010107,777,2.890979596989689
30,066,0001,0130,3006600010130,47,1.6812412373755872
30,066,0001,0145,3006600010145,52,1.724275869600789
30,066,0001,015A,300660001015A,25,1.414973347970818
30,066,0001,0179,3006600010179,33,1.5314789170422551
30,066,0008,0111,3006600080111,2011,3.30362797638389
30,066,0008,0126,3006600080126,1474,3.1687920203141817
30,066,0008,0164,3006600080164,11,1.0791812460476249
30,066,0008,0183,3006600080183,16,1.2304489213782739
30,067,0001,0072,3006700010072,6895,3.8385972528166565
30,067,0001,0087,3006700010087,8034,3.904985881099363
30,067,0001,0091,3006700010091,488,2.6893088591236203
30,068,0001,0120,3006800010120,2227,3.3479151865016914
30,068,0001,0188,3006800010188,4329,3.6364878963533656
30,068,0001,0192,3006800010192,2342,3.369772288596963
30,068,0001,0205,3006800010205,2213,3.345177616542704
30,068,0001,021A,300680001021A,1462,3.1652443261253107
30,068,0001,0224,3006800010224,1908,3.280805928393667
30,068,0001,0239,3006800010239,2837,3.4530123911214554
30,068,0001,0309,3006800010309,39,1.6020599913279623
30,068,0001,0313,3006800010313,1690,3.2281436075977417
30,068,0001,0328,3006800010328,1847,3.2667019668840878
30,068,0001,0347,3006800010347,374,2.574031267727719
30,068,0001,039A,300680001039A,123,2.093421685162235
30,068,0011,0277,3006800110277,3520,3.5466660250701842
30,068,0011,0281,3006800110281,3886,3.5896145406312665
30,068,0023,0332,3006800230332,3063,3.486288760960566
30,068,0023,0351,3006800230351,177,2.250420002308894
30,068,0023,0370,3006800230370,507,2.7058637122839193
30,068,0023,0385,3006800230385,73,1.8692317197309762
30,068,0032,0116,3006800320116,3823,3.5825178836040625
30,068,0032,0243,3006800320243,825,2.9169800473203824
30,068,0032,0258,3006800320258,2604,3.4158077276355434
30,068,0032,0262,3006800320262,4332,3.636788689034375
30,068,0032,0296,3006800320296,268,2.429752280002408
30,068,0032,0366,3006800320366,195,2.292256071356476
30,069,0001,0058,3006900010058,1009,3.0043213737826426
30,069,0001,0062,3006900010062,1731,3.2385478876813276
30,069,0001,0077,3006900010077,1201,3.079904467666721
30,069,0001,0096,3006900010096,1261,3.1010593549081156
30,069,0001,0109,3006900010109,1852,3.2678754193188975
30,069,0001,0113,3006900010113,21,1.3424226808222062
30,069,0001,0128,3006900010128,4,0.6989700043360189
30,069,0001,0147,3006900010147,2034,3.3085644135612386
30,069,0001,0151,3006900010151,2386,3.3778524190067545
30,069,0001,0185,3006900010185,202,2.307496037913213
30,069,0001,019A,300690001019A,407,2.61066016308988
30,069,0001,0202,3006900010202,745,2.8727388274726686
30,069,0001,0217,3006900010217,966,2.9854264740830017
30,069,0001,0221,3006900010221,52,1.724275869600789
30,069,0001,0236,3006900010236,61,1.792391689498254
30,069,0001,0240,3006900010240,34,1.5440680443502757
30,070,0001,0275,3007000010275,822,2.91539983521227
30,070,0001,028A,300700001028A,1308,3.116939646550756
30,070,0001,0294,3007000010294,1120,3.049605612594973
30,070,0001,0307,3007000010307,856,2.932980821923198
30,071,0001,0041,3007100010041,7507,3.8755242639493086
30,071,0001,0075,3007100010075,1423,3.1535099893008374
30,071,0001,008A,300710001008A,3806,3.580582876814367
30,071,0001,0094,3007100010094,215,2.3344537511509307
30,071,0001,0107,3007100010107,2440,3.387567779417189
30,071,0001,0111,3007100010111,5916,3.772101569277012
30,071,0001,0126,3007100010126,4367,3.640282629696681
30,071,0001,0130,3007100010130,1416,3.1513698502474603
30,071,0001,0145,3007100010145,4445,3.647969458362972
30,071,0001,015A,300710001015A,1711,3.2335037603411343
30,071,0001,0164,3007100010164,156,2.1958996524092336
30,072,0001,0123,3007200010123,603,2.7810369386211318
30,072,0001,0138,3007200010138,3,0.6020599913279624
30,072,0001,0142,3007200010142,1097,3.040602340114073
30,072,0001,0157,3007200010157,1408,3.1489109931093564
30,072,0001,0161,3007200010161,2026,3.3068537486930087
30,072,0001,0176,3007200010176,976,2.989894563718773
30,073,0001,0205,3007300010205,768,2.885926339801431
30,073,0001,021A,300730001021A,1230,3.090258052931316
30,073,0001,0224,3007300010224,1766,3.247236549506764
30,073,0001,0296,3007300010296,105,2.0253058652647704
30,073,0001,0309,3007300010309,10,1.0413926851582251
30,073,0001,0313,3007300010313,10,1.0413926851582251
30,073,0022,0243,3007300220243,1919,3.2833012287035497
30,073,0022,0328,3007300220328,856,2.932980821923198
30,073,0022,0332,3007300220332,902,2.9556877503135057
30,073,0022,0385,3007300220385,548,2.739572344450092
30,073,0022,039A,300730022039A,787,2.8965262174895554
30,073,0022,0402,3007300220402,445,2.649334858712142
30,073,0022,0417,3007300220417,763,2.8830933585756897
30,073,0030,0347,3007300300347,730,2.8639173769578603
30,073,0030,0351,3007300300351,744,2.8721562727482928
30,073,0030,0366,3007300300366,600,2.7788744720027396
30,073,0030,0370,3007300300370,537,2.7307822756663893
30,073,0030,0421,3007300300421,9,1.0
30,074,0001,0039,3007400010039,160,2.2068258760318495
30,074,0001,0043,3007400010043,257,2.41161970596323
30,074,0001,0058,3007400010058,2089,3.3201462861110542
30,074,0001,0062,3007400010062,1764,3.2467447097238415
30,075,0001,0163,3007500010163,1180,3.072249897613515
30,075,0001,0178,3007500010178,1355,3.1322596895310446
30,075,0001,0182,3007500010182,1128,3.052693941924968
30,075,0001,0197,3007500010197,991,2.9965116721541785
30,076,0001,0033,3007600010033,422,2.6263403673750423
30,076,0001,0048,3007600010048,201,2.305351369446624
30,077,0001,0149,3007700010149,2163,3.3352572564345317
30,077,0001,0168,3007700010168,2256,3.353531559077762
30,077,0001,0204,3007700010204,1851,3.2676409823459154
30,077,0001,0219,3007700010219,1447,3.1607685618611283
30,077,0001,0223,3007700010223,1882,3.274850320016665
30,077,0001,0238,3007700010238,1237,3.0927206446840994
30,077,0001,0242,3007700010242,1981,3.2971036501492565
30,077,0001,0257,3007700010257,1783,3.2513948500401044
30,077,0001,0261,3007700010261,2246,3.351603072419129
30,077,0001,0276,3007700010276,1608,3.2065560440990297
30,077,0001,0280,3007700010280,2968,3.472610197596045
30,077,0001,0312,3007700010312,645,2.8102325179950842
30,077,0001,0327,3007700010327,793,2.8998205024270964
30,077,0001,0350,3007700010350,251,2.401400540781544
30,077,0001,0365,3007700010365,304,2.484299839346786
30,077,0001,037A,300770001037A,302,2.481442628502305
30,077,0001,0384,3007700010384,1293,3.1119342763326814
30,077,0001,0399,3007700010399,373,2.5728716022004803
30,077,0001,0401,3007700010401,33,1.5314789170422551
30,077,0001,0416,3007700010416,192,2.285557309007774
30,078,0001,0061,3007800010061,1008,3.0038911662369103
30,078,0001,0076,3007800010076,1212,3.083860800866573
30,078,0001,0080,3007800010080,1184,3.0737183503461227
30,078,0001,0095,3007800010095,346,2.5403294747908736
30,078,0001,0108,3007800010108,419,2.6232492903979003
30,079,0001,0069,3007900010069,20,1.3222192947339193
30,079,0001,0073,3007900010073,1533,3.185825359612962
30,079,0001,0088,3007900010088,1139,3.0569048513364727
30,080,0001,0040,3008000010040,2855,3.455758203104137
30,080,0001,006A,300800001006A,2562,3.408748606184244
30,080,0001,0074,3008000010074,1529,3.184691430817599
30,080,0013,0017,3008000130017,3071,3.4874212113594742
30,081,0001,0048,3008100010048,906,2.957607287060095
30,081,0001,0052,3008100010052,312,2.4955443375464483
30,081,0001,0067,3008100010067,1774,3.249198357391113
30,081,0001,0071,3008100010071,1794,3.254064452914338
30,081,0001,0118,3008100010118,36,1.568201724066995
30,081,0001,0122,3008100010122,44,1.6532125137753437
30,081,0001,0137,3008100010137,316,2.5010592622177517
30,081,0002,0086,3008100020086,3960,3.597804842404293
30,081,0002,0090,3008100020090,2542,3.405346360175709
30,081,0002,0103,3008100020103,3707,3.5691397254724593
30,081,0004,0014,3008100040014,4460,3.6494322232416168
30,081,0020,0141,3008100200141,1553,3.1914510144648953
30,081,0020,0156,3008100200156,1992,3.2995072987004876
30,082,0001,0204,3008200010204,2251,3.3525683861793087
30,082,0001,0219,3008200010219,3173,3.5016069224188295
30,082,0001,0223,3008200010223,4348,3.638389407665336
30,082,0001,0238,3008200010238,277,2.444044795918076
30,082,0001,0242,3008200010242,266,2.4265112613645754
30,082,0001,0257,3008200010257,80,1.9084850188786497
30,082,0001,0261,3008200010261,37,1.5797835966168101
30,083,0001,0076,3008300010076,1283,3.1085650237328344
30,083,0001,0165,3008300010165,12,1.1139433523068367
30,083,0001,017A,300830001017A,58,1.7708520116421442
30,083,0054,0127,3008300540127,768,2.885926339801431
30,083,0054,0184,3008300540184,290,2.4638929889859074
30,083,0054,0199,3008300540199,273,2.437750562820388
30,083,0054,0201,3008300540201,724,2.8603380065709936
30,083,0054,0216,3008300540216,472,2.6748611407378116
30,083,0065,0108,3008300650108,3181,3.502700175310563
30,084,0001,0073,3008400010073,627,2.797959643737196
30,084,0001,0088,3008400010088,658,2.8188854145940097
30,084,0001,0092,3008400010092,102,2.012837224705172
30,084,0001,0105,3008400010105,52,1.724275869600789
30,084,0001,011A,300840001011A,102,2.012837224705172
30,084,0001,0124,3008400010124,202,2.307496037913213
30,084,0001,0139,3008400010139,59,1.7781512503836436
30,085,0001,0051,3008500010051,2779,3.444044795918076
30,085,0001,0066,3008500010066,246,2.392696953259666
30,085,0001,0070,3008500010070,262,2.419955748489758
30,085,0001,0085,3008500010085,1190,3.0759117614827773
30,085,0001,009A,300850001009A,3566,3.552303109338354
30,085,0001,0102,3008500010102,4463,3.6497241859295224
30,085,0001,0121,3008500010121,2310,3.3637999454791094
30,085,0001,0244,3008500010244,3575,3.55339751012388
30,085,0001,0259,3008500010259,2658,3.424718337331567
30,085,0001,0263,3008500010263,459,2.662757831681574
30,085,0001,0278,3008500010278,651,2.81424759573192
30,085,0001,0314,3008500010314,2017,3.3049211619008916
30,085,0001,0329,3008500010329,1721,3.236033147117636
30,085,0001,0333,3008500010333,2035,3.3087777736647213
30,085,0001,0386,3008500010386,58,1.7708520116421442
30,085,0001,0390,3008500010390,203,2.3096301674258988
30,085,0001,0494,3008500010494,281,2.450249108319361
30,085,0001,0526,3008500010526,1657,3.2195845262142546
30,085,0005,0441,3008500050441,1901,3.279210512601395
30,085,0005,0456,3008500050456,1315,3.1192558892779365
30,085,0005,0475,3008500050475,0,0.0
30,085,0006,0530,3008500060530,2999,3.4771212547196626
30,085,0010,0210,3008500100210,1987,3.2984163800612945
30,085,0010,0225,3008500100225,308,2.4899584794248346
30,085,0010,023A,300850010023A,612,2.787460474518415
30,085,0010,0367,3008500100367,2900,3.4625477288026643
30,085,0010,0371,3008500100371,2395,3.3794868137172736
30,085,0033,0189,3008500330189,305,2.48572142648158
30,085,0033,0193,3008500330193,425,2.629409599102719
30,085,0033,0206,3008500330206,230,2.3636119798921444
30,085,0033,0348,3008500330348,1408,3.1489109931093564
30,085,0033,0352,3008500330352,1703,3.2314695904306814
30,085,0033,0460,3008500330460,13,1.146128035678238
30,085,0033,0507,3008500330507,386,2.5877109650189114
30,085,0033,0511,3008500330511,89,1.954242509439325
30,085,0035,0047,3008500350047,3789,3.578639209968072
30,085,0035,048A,300850035048A,95,1.9822712330395684
30,085,0037,0418,3008500370418,898,2.9537596917332287
30,085,0037,0422,3008500370422,992,2.996949248495381
30,085,0037,0437,3008500370437,1029,3.012837224705172
30,086,0001,0063,3008600010063,2781,3.4443571256560275
30,086,0001,0082,3008600010082,5591,3.747567162737625
30,086,0001,0114,3008600010114,4064,3.609060549930087
30,086,0001,0129,3008600010129,3371,3.527887565952705
30,086,0015,0044,3008600150044,3067,3.4868553552769432
30,086,0017,0025,3008600170025,2559,3.4082399653118496
30,086,0018,0133,3008600180133,1057,3.024485667699167
30,086,0018,0148,3008600180148,1623,3.2105860249051563
30,087,0001,0018,3008700010018,2466,3.392169149489736
30,087,0001,0022,3008700010022,4314,3.6349808000512285
30,087,0001,0094,3008700010094,5031,3.7017406324372124
30,087,0001,0107,3008700010107,5333,3.727053011353857
30,087,0001,0111,3008700010111,4097,3.612571954065176
30,087,0001,0126,3008700010126,4822,3.6833172619218826
30,087,0001,0130,3008700010130,5730,3.7582304084577496
30,087,0001,0145,3008700010145,7304,3.8636202202703154
30,087,0001,015A,300870001015A,2664,3.425697213362591
30,087,0001,0164,3008700010164,7449,3.8721562727482928
30,087,0001,0215,3008700010215,3689,3.56702636615906
30,087,0001,022A,300870001022A,3830,3.5833121519830775
30,087,0001,0253,3008700010253,4503,3.65359838184329
30,087,0001,0291,3008700010291,3624,3.5593080109070123
30,087,0001,0338,3008700010338,4135,3.616580530085886
30,087,0001,0380,3008700010380,6108,3.7859701251320095
30,087,0001,0395,3008700010395,2675,3.4274861090957853
30,087,0001,0427,3008700010427,925,2.966610986681934
30,087,0001,0450,3008700010450,2010,3.303412070596742
30,087,0001,0465,3008700010465,1424,3.153814864344529
30,087,0001,047A,300870001047A,1120,3.049605612594973
30,087,0001,0501,3008700010501,2823,3.450864692379766
30,087,0001,0569,3008700010569,2459,3.3909351071033793
30,087,0001,0573,3008700010573,2256,3.353531559077762
30,087,0001,0588,3008700010588,1763,3.246498580795801
30,087,0001,0592,3008700010592,1863,3.2704459080179626
30,087,0001,0605,3008700010605,2178,3.3382572302462554
30,087,0001,061A,300870001061A,1957,3.291812687467119
30,087,0001,0624,3008700010624,1038,3.016615547557177
30,087,0001,0639,3008700010639,2350,3.3712526291249394
30,087,0001,0643,3008700010643,2646,3.422753941301348
30,087,0001,0658,3008700010658,3134,3.496237545166735
30,087,0001,0677,3008700010677,397,2.5998830720736876
30,087,0001,0681,3008700010681,3326,3.5220528008688223
30,087,0001,0696,3008700010696,76,1.8864907251724818
30,087,0001,0732,3008700010732,2999,3.4771212547196626
30,087,0001,0751,3008700010751,1769,3.247973266361807
30,087,0001,0766,3008700010766,1149,3.060697840353612
30,087,0001,0770,3008700010770,457,2.660865478003869
30,087,0001,0817,3008700010817,3921,3.5935075893317654
30,087,0001,0855,3008700010855,5637,3.7511250715355837
30,087,0001,086A,300870001086A,4487,3.652052848248105
30,087,0001,0874,3008700010874,3446,3.5374412834079476
30,087,0001,0906,3008700010906,2651,3.4235735197327357
30,087,0001,0910,3008700010910,2130,3.328583449714202
30,087,0001,093A,300870001093A,1860,3.269746373130767
30,087,0001,0944,3008700010944,3126,3.4951278812429334
30,087,0001,0963,3008700010963,4171,3.6203442997544935
30,087,0001,0978,3008700010978,6030,3.7803893284709527
30,087,0001,0982,3008700010982,2744,3.4385423487861106
30,087,0001,0997,3008700010997,3366,3.5272431163880884
30,087,0001,1001,3008700011001,3416,3.5336449787987627
30,087,0001,1016,3008700011016,3567,3.5524248457040857
30,087,0001,1020,3008700011020,1135,3.055378331375
30,087,0001,1035,3008700011035,678,2.8318697742805017
30,087,0001,104A,300870001104A,3847,3.5852350633657752
30,087,0001,1054,3008700011054,3200,3.5052856741441323
30,087,0001,1069,3008700011069,3330,3.522574632691177
30,087,0001,1073,3008700011073,3503,3.544564097496043
30,087,0001,1088,3008700011088,4861,3.6868149545073168
30,087,0001,1092,3008700011092,2173,3.3372595397502756
30,087,0001,1105,3008700011105,4858,3.686546899063006
30,087,0001,111A,300870001111A,2956,3.4708513245261177
30,087,0001,1124,3008700011124,7235,3.8594985581877763
30,087,0001,1139,3008700011139,5821,3.765072201102792
30,087,0001,1143,3008700011143,5222,3.7179200258369938
30,087,0001,1158,3008700011158,3673,3.5651391519697895
30,087,0001,1162,3008700011162,1447,3.1607685618611283
30,087,0001,1177,3008700011177,1320,3.1209028176145273
30,087,0001,1181,3008700011181,3848,3.585347911094591
30,087,0001,1196,3008700011196,5734,3.7585334222372864
30,087,0001,1209,3008700011209,3498,3.5439439424829065
30,087,0001,1213,3008700011213,4540,3.657151501900967
30,087,0001,1228,3008700011228,5410,3.733277533932582
30,087,0001,1232,3008700011232,5169,3.7134905430939424
30,087,0001,1247,3008700011247,2263,3.354876422516234
30,087,0001,1251,3008700011251,3363,3.5268559871258747
30,087,0001,1266,3008700011266,5251,3.7203247174174416
30,087,0001,129A,300870001129A,4770,3.6786094165589263
30,087,0001,1302,3008700011302,3570,3.552789850192782
30,087,0001,1317,3008700011317,3554,3.550839605065785
30,087,0001,1321,3008700011321,2111,3.3246939138617746
30,087,0001,1336,3008700011336,2115,3.325515663363148
30,087,0001,1340,3008700011340,3004,3.4778444763387584
30,087,0001,1355,3008700011355,3366,3.5272431163880884
30,087,0001,136A,300870001136A,1055,3.0236639181977933
30,087,0001,1374,3008700011374,1224,3.0881360887005513
30,087,0001,1389,3008700011389,756,2.8790958795000727
30,087,0001,1406,3008700011406,5408,3.7331169814420644
30,087,0001,1444,3008700011444,865,2.937517892017347
30,087,0001,1463,3008700011463,2720,3.4347285417797577
30,087,0001,1478,3008700011478,5279,3.722633922533812
30,087,0001,1482,3008700011482,3721,3.570776368794748
30,087,0001,1497,3008700011497,4227,3.6261349786353887
30,087,0001,1514,3008700011514,51,1.7160033436347992
30,087,0001,1529,3008700011529,28,1.462397997898956
30,087,0001,1548,3008700011548,3792,3.5789828427027905
30,087,0001,1552,3008700011552,4177,3.62096843564429
30,087,0001,1567,3008700011567,3301,3.518777068926775
30,087,0001,1571,3008700011571,3848,3.585347911094591
30,087,0001,1586,3008700011586,4336,3.637189422148762
30,087,0001,1590,3008700011590,3339,3.5237464668115646
30,087,0001,1618,3008700011618,3566,3.552303109338354
30,087,0001,1622,3008700011622,3707,3.5691397254724593
30,087,0001,1641,3008700011641,284,2.45484486000851
30,087,0001,1656,3008700011656,1842,3.2655253352190736
30,087,0001,1660,3008700011660,3893,3.590395947184013
30,087,0001,1675,3008700011675,2947,3.469527479187014
30,087,0001,1694,3008700011694,2016,3.3047058982127653
30,087,0001,1707,3008700011707,1395,3.144885418287142
30,087,0001,1711,3008700011711,1670,3.2229764498933915
30,087,0001,1726,3008700011726,529,2.724275869600789
30,087,0001,1730,3008700011730,4632,3.6658623002031554
30,087,0001,1853,3008700011853,768,2.885926339801431
30,087,0001,1868,3008700011868,1543,3.188647295999717
30,087,0001,1887,3008700011887,1135,3.055378331375
30,087,0001,1891,3008700011891,67,1.8325089127062364
30,087,0001,1904,3008700011904,452,2.656098202012832
30,087,0001,1919,3008700011919,3510,3.545430829465351
30,087,0001,1923,3008700011923,3484,3.5422027824340283
30,087,0001,1938,3008700011938,2685,3.4291060083326967
30,087,0001,1942,3008700011942,2112,3.3248994970523134
30,087,0001,1957,3008700011957,2425,3.3848907965305544
30,087,0001,1961,3008700011961,4542,3.657342736814626
30,087,0001,1976,3008700011976,2259,3.3541084391474008
30,087,0001,1980,3008700011980,2491,3.396548037987132
30,087,0001,1995,3008700011995,2610,3.4168068718229443
30,087,0001,200A,300870001200A,1523,3.182984967003582
30,087,0001,2014,3008700012014,1298,3.1136091510730277
30,087,0001,2029,3008700012029,1857,3.269045709657623
30,087,0001,2033,3008700012033,1513,3.180125875164054
30,087,0001,2048,3008700012048,2900,3.4625477288026643
30,087,0001,2052,3008700012052,2778,3.443888546777372
30,087,0001,2067,3008700012067,2953,3.470410490975931
30,087,0001,2071,3008700012071,2427,3.38524868240322
30,087,0001,2086,3008700012086,2825,3.45117215751254
30,087,0001,2090,3008700012090,3028,3.481299273332856
30,087,0001,2103,3008700012103,604,2.781755374652469
30,087,0001,2118,3008700012118,2257,3.353723937588949
30,087,0001,2122,3008700012122,4050,3.607562243183588
30,087,0001,2137,3008700012137,3540,3.5491259267581112
30,087,0001,2141,3008700012141,289,2.462397997898956
30,087,0001,2160,3008700012160,1807,3.2571984261393445
30,087,0001,2175,3008700012175,268,2.429752280002408
30,087,0001,218A,300870001218A,56,1.7558748556724915
30,087,0001,2194,3008700012194,2582,3.412124406173317
30,087,0001,2207,3008700012207,2188,3.3402457615679317
30,087,0001,2211,3008700012211,51,1.7160033436347992
30,087,0001,2226,3008700012226,803,2.905256048748451
30,087,0001,2230,3008700012230,1575,3.1975562131535367
30,087,0001,2245,3008700012245,3828,3.583085366347688
30,087,0001,225A,300870001225A,101,2.0086001717619175
30,087,0001,2279,3008700012279,485,2.6866362692622934
30,087,0001,2298,3008700012298,2252,3.3527611917238307
30,087,0001,2300,3008700012300,902,2.9556877503135057
30,087,0001,2334,3008700012334,213,2.330413773349191
30,087,0001,2349,3008700012349,190,2.2810333672477277
30,087,0001,2353,3008700012353,1825,3.2615007731982804
30,087,0001,2368,3008700012368,62,1.7993405494535817
30,087,0001,2372,3008700012372,38,1.591064607026499
30,087,0001,2387,3008700012387,5,0.7781512503836436
30,087,0001,2438,3008700012438,29,1.4771212547196624
30,087,0018,1410,3008700181410,3931,3.594613509160098
30,087,0018,1425,3008700181425,2786,3.445136968713304
30,087,0018,2264,3008700182264,48,1.6901960800285136
30,087,0018,2391,3008700182391,192,2.285557309007774
30,087,0020,0287,3008700200287,2715,3.433929765608464
30,087,0086,175A,300870086175A,3432,3.53567380342575
30,087,0086,1764,3008700861764,2586,3.4127964287165433
30,087,0086,1779,3008700861779,2552,3.40705081480425
30,087,0086,1834,3008700861834,3073,3.4877038631637265
30,087,0086,1849,3008700861849,23,1.380211241711606
30,087,0086,2283,3008700862283,114,2.060697840353612
30,087,0086,2419,3008700862419,2,0.47712125471966244
30,087,0086,2423,3008700862423,1511,3.1795517911651876
30,087,0086,2442,3008700862442,445,2.649334858712142
30,087,0087,1783,3008700871783,2503,3.398634324538392
30,087,0087,1798,3008700871798,2255,3.3533390953113047
30,087,0087,1800,3008700871800,385,2.586587304671755
30,087,0087,182A,300870087182A,892,2.9508514588885464
30,087,0087,2404,3008700872404,467,2.670245853074124
30,087,0135,2315,3008701352315,1478,3.1699681739968923
30,087,0135,232A,300870135232A,2136,3.3298045221640695
30,088,0001,0034,3008800010034,3150,3.4984484031739997
30,089,0001,007A,300890001007A,2205,3.343605508104172
30,089,0001,0101,3008900010101,2185,3.339650157613684
30,089,0001,0120,3008900010120,1961,3.29269900304393
30,089,0001,0135,3008900010135,1507,3.178401341533755
30,089,0001,014A,300890001014A,428,2.6324572921847245
30,089,0001,0154,3008900010154,1479,3.1702617153949575
30,089,0001,0169,3008900010169,145,2.164352855784437
30,089,0001,0173,3008900010173,1249,3.0969100130080562
30,089,0001,0188,3008900010188,1658,3.219846386024361
30,089,0001,0192,3008900010192,2285,3.359076226059263
30,089,0001,0205,3008900010205,1766,3.247236549506764
30,089,0001,021A,300890001021A,2043,3.3104808914626753
30,089,0001,0224,3008900010224,2028,3.307282047033346
30,089,0001,0239,3008900010239,3345,3.5245259366263757
30,089,0001,0243,3008900010243,3209,3.506505032404872
30,089,0001,0258,3008900010258,1887,3.27600198996205
30,089,0001,0262,3008900010262,1839,3.2648178230095364
30,089,0001,0277,3008900010277,165,2.220108088040055
30,089,0001,0281,3008900010281,105,2.0253058652647704
30,089,0001,0296,3008900010296,367,2.5658478186735176
30,090,0001,0032,3009000010032,1504,3.1775364999298623
30,090,0001,0047,3009000010047,1825,3.2615007731982804
30,090,0001,0051,3009000010051,324,2.5118833609788744
30,090,0001,0066,3009000010066,119,2.0791812460476247
30,090,0001,0070,3009000010070,0,0.0
30,090,0001,0085,3009000010085,92,1.968482948553935
30,090,0001,009A,300900001009A,11,1.0791812460476249
30,090,0001,0102,3009000010102,48,1.6901960800285136
30,090,0001,0117,3009000010117,97,1.9912260756924949
30,090,0001,0121,3009000010121,0,0.0
30,090,0001,0136,3009000010136,5,0.7781512503836436
30,090,0001,0140,3009000010140,635,2.803457115648414
30,091,0001,0222,3009100010222,2405,3.381295623003826
30,091,0001,0237,3009100010237,1655,3.219060332448861
30,091,0001,0241,3009100010241,170,2.2329961103921536
30,091,0001,0256,3009100010256,4,0.6989700043360189
30,091,0001,028A,300910001028A,95,1.9822712330395684
30,091,0001,0294,3009100010294,76,1.8864907251724818
30,091,0013,035A,300910013035A,652,2.814913181275074
30,091,0013,0364,3009100130364,741,2.870403905279027
30,091,0013,0379,3009100130379,747,2.8739015978644615
30,091,0013,0383,3009100130383,446,2.6503075231319366
30,091,0053,0307,3009100530307,886,2.9479236198317262
30,091,0053,0311,3009100530311,892,2.9508514588885464
30,091,0053,0326,3009100530326,949,2.9777236052888476
30,091,0053,0330,3009100530330,291,2.4653828514484184
30,091,0053,0345,3009100530345,179,2.255272505103306
30,092,0001,0126,3009200010126,1121,3.0499928569201424
30,092,0001,0145,3009200010145,4406,3.644143050509919
30,092,0001,015A,300920001015A,4814,3.6825962914605532
30,092,0001,0164,3009200010164,190,2.2810333672477277
30,092,0001,0179,3009200010179,5373,3.7302976620971497
30,092,0001,0183,3009200010183,5677,3.7541953881898382
30,092,0001,0198,3009200010198,4,0.6989700043360189
30,092,0012,0060,3009200120060,4532,3.656385719058688
30,092,0012,0075,3009200120075,2440,3.387567779417189
30,092,0012,008A,300920012008A,63,1.806179973983887
30,092,0012,0094,3009200120094,537,2.7307822756663893
30,092,0012,0107,3009200120107,24,1.3979400086720377
30,092,0012,0130,3009200120130,142,2.155336037465062
30,093,0001,0034,3009300010034,4309,3.6344772701607315
30,093,0002,0053,3009300020053,1441,3.15896526038341
30,093,0002,0068,3009300020068,2224,3.3473300153169503
30,093,0002,0072,3009300020072,42,1.6334684555795864
30,094,0001,0154,3009400010154,1760,3.245759355967277
30,094,0001,0169,3009400010169,1912,3.281714970027296
30,094,0001,0188,3009400010188,1560,3.1934029030624176
30,094,0001,021A,300940001021A,919,2.963787827345555
30,094,0001,0243,3009400010243,1035,3.0153597554092144
30,094,0001,0258,3009400010258,1213,3.0842186867392387
30,094,0001,0262,3009400010262,1927,3.285107029566812
30,094,0001,0277,3009400010277,1533,3.185825359612962
30,094,0001,0309,3009400010309,1059,3.0253058652647704
30,094,0001,0313,3009400010313,1753,3.244029589030022
30,094,0001,0328,3009400010328,298,2.4756711883244296
30,094,0001,0332,3009400010332,156,2.1958996524092336
30,094,0001,0347,3009400010347,31,1.505149978319906
30,094,0001,0351,3009400010351,73,1.8692317197309762
30,094,0001,0370,3009400010370,126,2.103803720955957
30,094,0001,0385,3009400010385,132,2.123851640967086
30,094,0001,0402,3009400010402,10,1.0413926851582251
30,094,0001,0417,3009400010417,15,1.2041199826559248
30,094,0044,0281,3009400440281,1627,3.2116544005531824
30,094,0044,0296,3009400440296,2033,3.308350948586726
30,094,0044,0366,3009400440366,57,1.7634279935629373
30,094,0044,039A,300940044039A,3,0.6020599913279624
30,094,0044,0421,3009400440421,121,2.0863598306747484
30,095,0001,0058,3009500010058,1585,3.200303182981585
30,095,0001,0077,3009500010077,150,2.1789769472931693
30,095,0001,0081,3009500010081,670,2.826722520168992
30,095,0001,0128,3009500010128,214,2.3324384599156054
30,096,0001,0021,3009600010021,850,2.929929560084588
30,096,0001,0036,3009600010036,157,2.1986570869544226
30,096,0001,0040,3009600010040,74,1.8750612633917
30,096,0001,0055,3009600010055,36,1.568201724066995
30,097,0001,0067,3009700010067,390,2.5921767573958667
30,097,0001,0071,3009700010071,0,0.0
30,097,0001,0086,3009700010086,276,2.4424797690644486
30,097,0001,0090,3009700010090,791,2.8987251815894934
30,097,0001,0103,3009700010103,750,2.8756399370041685
30,097,0001,0122,3009700010122,1989,3.298853076409707
30,097,0001,0137,3009700010137,2382,3.377124042346456
30,097,0001,0141,3009700010141,2275,3.3571722577230334
30,097,0001,0156,3009700010156,2202,3.343014497150768
30,097,0001,0160,3009700010160,1791,3.2533380053261065
30,097,0001,018A,300970001018A,33,1.5314789170422551
30,097,0001,0194,3009700010194,1228,3.089551882886454
30,097,0001,0207,3009700010207,606,2.7831886910752575
30,097,0001,0211,3009700010211,1524,3.1832698436828046
30,097,0001,0226,3009700010226,1156,3.0633333589517497
30,097,0001,0230,3009700010230,162,2.2121876044039577
30,097,0001,0245,3009700010245,172,2.2380461031287955
30,098,0001,0026,3009800010026,854,2.931966114728173
30,099,0001,0042,3009900010042,2916,3.4649364291217326
30,099,0001,0057,3009900010057,2519,3.401400540781544
30,099,0001,0061,3009900010061,728,2.8627275283179747
30,099,0001,0076,3009900010076,488,2.6893088591236203
30,099,0001,0080,3009900010080,82,1.919078092376074
30,099,0001,0095,3009900010095,8,0.9542425094393249
30,099,0001,0108,3009900010108,135,2.1335389083702174
30,099,0001,0112,3009900010112,4253,3.62879748556671
30,099,0001,0127,3009900010127,2077,3.3176455432211585
30,100,0001,0064,3010000010064,234,2.3710678622717363
30,100,0001,0079,3010000010079,2332,3.3679147387937527
30,100,0001,0098,3010000010098,16,1.2304489213782739
30,100,0001,0100,3010000010100,82,1.919078092376074
30,100,0001,0115,3010000010115,73,1.8692317197309762
30,100,0001,012A,301000001012A,1471,3.16790781000148
30,100,0001,0134,3010000010134,1370,3.1370374547895126
30,100,0001,0149,3010000010149,119,2.0791812460476247
30,100,0001,0153,3010000010153,56,1.7558748556724915
30,100,0001,0168,3010000010168,68,1.8388490907372552
30,100,0001,0187,3010000010187,255,2.4082399653118496
30,101,0001,0023,3010100010023,2824,3.4510184521554574
30,101,0001,0061,3010100010061,148,2.173186268412274
30,101,0001,0076,3010100010076,285,2.456366033129043
30,101,0001,0146,3010100010146,55,1.7481880270062005
30,101,0005,0108,3010100050108,2853,3.4554539687786283
30,101,0018,0038,3010100180038,3300,3.5186455243303114
30,101,0018,0042,3010100180042,2079,3.3180633349627615
30,101,0018,0057,3010100180057,1191,3.076276255404218
30,101,0018,0112,3010100180112,2692,3.4302363534115106
30,101,0018,0127,3010100180127,2965,3.472171146692363
30,101,0018,0131,3010100180131,1367,3.1360860973840974
30,101,0018,0150,3010100180150,1976,3.2960066693136723
30,102,0001,0143,3010200010143,2244,3.351216345339342
30,102,0001,0158,3010200010158,1967,3.2940250940953226
30,102,0001,0162,3010200010162,1176,3.0707764628434346
30,102,0001,0232,3010200010232,2097,3.3218054838575393
30,102,0001,0251,3010200010251,2427,3.38524868240322
30,102,0001,0266,3010200010266,3023,3.480581786829169
30,102,0001,0270,3010200010270,494,2.694605198933569
30,102,0001,0340,3010200010340,2238,3.3500540935790304
30,102,0001,0389,3010200010389,1342,3.1280760126687155
30,102,0001,0393,3010200010393,2449,3.3891660843645326
30,102,0001,0406,3010200010406,1548,3.190051417759206
30,102,0001,0552,3010200010552,2144,3.331427296520743
30,102,0001,0567,3010200010567,2042,3.3102683666324477
30,102,0001,068A,301020001068A,413,2.617000341120899
30,102,0001,0694,3010200010694,1195,3.077731179652392
30,102,0001,0707,3010200010707,1628,3.2119210843085093
30,102,0001,0711,3010200010711,1413,3.150449409460881
30,102,0001,0726,3010200010726,2030,3.307709923404807
30,102,0001,0730,3010200010730,2713,3.433609843323718
30,102,0001,0745,3010200010745,2416,3.3832766504076504
30,102,0001,075A,301020001075A,2594,3.414137362184477
30,102,0001,0764,3010200010764,1636,3.2140486794119414
30,102,0001,0779,3010200010779,1084,3.0354297381845483
30,102,0001,0783,3010200010783,1166,3.0670708560453703
30,102,0001,0798,3010200010798,975,2.9894498176666917
30,102,0001,0887,3010200010887,2166,3.335858911319818
30,102,0001,0891,3010200010891,1617,3.2089785172762535
30,102,0001,0923,3010200010923,3645,3.5618166643189575
30,102,0001,0938,3010200010938,591,2.77232170672292
30,102,0001,0942,3010200010942,3992,3.6012993101943374
30,102,0001,0976,3010200010976,299,2.4771212547196626
30,102,0001,0980,3010200010980,2100,3.3224260524059526
30,102,0001,1103,3010200011103,202,2.307496037913213
30,102,0001,1118,3010200011118,1658,3.219846386024361
30,102,0001,1122,3010200011122,1457,3.163757523981956
30,102,0001,1137,3010200011137,1000,3.000434077479319
30,102,0001,1141,3010200011141,149,2.1760912590556813
30,102,0001,1156,3010200011156,619,2.792391689498254
30,102,0001,1160,3010200011160,743,2.8715729355458786
30,102,0022,0459,3010200220459,675,2.829946695941636
30,102,0022,0618,3010200220618,2252,3.3527611917238307
30,102,0022,0641,3010200220641,1252,3.09795107099415
30,102,0022,1194,3010200221194,55,1.7481880270062005
30,102,0030,0213,3010200300213,2302,3.362293937964231
30,102,0030,0228,3010200300228,2398,3.380030247967831
30,102,0030,0285,3010200300285,1865,3.2709116394104814
30,102,0030,0410,3010200300410,1195,3.077731179652392
30,102,0030,0590,3010200300590,2922,3.4658288153574364
30,102,0030,0800,3010200300800,2076,3.317436496535099
30,102,0030,0815,3010200300815,1456,3.16345955176999
30,102,0030,1029,3010200301029,1235,3.092018470752797
30,102,0030,1071,3010200301071,496,2.696356388733332
30,102,0030,1086,3010200301086,245,2.3909351071033793
30,103,0001,0032,3010300010032,2572,3.4104397862103464
30,103,0001,0047,3010300010047,1648,3.217220655644519
30,103,0001,0051,3010300010051,232,2.367355921026019
30,103,0001,0066,3010300010066,406,2.60959440922522
30,103,0001,0070,3010300010070,791,2.8987251815894934
30,104,0001,0078,3010400010078,3528,3.5476516583599693
30,104,0001,010A,301040001010A,651,2.81424759573192
30,104,0001,0114,3010400010114,1099,3.041392685158225
30,104,0001,0129,3010400010129,492,2.69284691927723
30,104,0008,0148,3010400080148,3198,3.505014240084107
30,104,0008,0190,3010400080190,4,0.6989700043360189
30,105,0001,0060,3010500010060,1368,3.13640344813399
30,105,0001,0200,3010500010200,879,2.9444826721501687
30,105,0001,0215,3010500010215,573,2.7589118923979736
30,105,0051,0111,3010500510111,2008,3.3029799367482493
30,105,0051,0126,3010500510126,2493,3.396896449142524
30,105,0051,0249,3010500510249,386,2.5877109650189114
30,105,0051,0253,3010500510253,467,2.670245853074124
30,105,0051,0287,3010500510287,281,2.450249108319361
30,105,0051,0304,3010500510304,5,0.7781512503836436
30,105,0051,0319,3010500510319,77,1.8920946026904804
30,105,0051,0323,3010500510323,70,1.8512583487190752
30,105,0068,0338,3010500680338,2009,3.303196057420489
30,105,0068,0342,3010500680342,919,2.963787827345555
30,105,0068,0465,3010500680465,233,2.369215857410143
30,105,0074,0107,3010500740107,340,2.5327543789924976
30,105,0074,0130,3010500740130,1943,3.288696260590256
30,105,0074,0145,3010500740145,2613,3.4173055832445254
30,105,0074,015A,301050074015A,926,2.967079734144497
30,105,0074,0164,3010500740164,1477,3.1696744340588068
30,105,0074,0179,3010500740179,1740,3.240798771117331
30,105,0074,0183,3010500740183,1568,3.1956229435869368
30,105,0074,0198,3010500740198,185,2.2695129442179165
30,105,0074,022A,301050074022A,208,2.3201462861110542
30,105,0074,0234,3010500740234,76,1.8864907251724818
30,105,0074,0291,3010500740291,36,1.568201724066995
30,105,0074,0357,3010500740357,32,1.5185139398778875
30,105,0271,0361,3010502710361,4026,3.6049816296074315
30,105,0271,0376,3010502710376,4206,3.6239725120169965
30,105,0271,0446,3010502710446,662,2.821513528404773
30,105,0273,0380,3010502730380,1891,3.276921132065774
30,105,0273,0395,3010502730395,4224,3.625826713285711
30,105,0273,0408,3010502730408,2525,3.402433346219312
30,105,0273,0412,3010502730412,5652,3.752278985460119
30,105,0273,0427,3010502730427,3377,3.5286596452349897
30,105,0273,0431,3010502730431,3259,3.513217600067939
30,105,0273,0450,3010502730450,2940,3.468495024507069
30,105,0273,047A,301050273047A,4290,3.632558514532672
30,105,0273,0484,3010502730484,2752,3.4398062113933303
30,105,0273,0499,3010502730499,4003,3.602494068807281
30,105,0291,0501,3010502910501,4159,3.6190933306267428
30,106,0001,002A,301060001002A,3667,3.5644293269979834
30,107,0001,0027,3010700010027,214,2.3324384599156054
30,107,0001,0031,3010700010031,5,0.7781512503836436
30,108,0001,0378,3010800010378,1661,3.220631019448092
30,108,0001,040A,301080001040A,2331,3.3677285460869766
30,108,0001,0433,3010800010433,3056,3.485295438726089
30,108,0001,0471,3010800010471,2270,3.3562171342197353
30,108,0001,0522,3010800010522,2590,3.413467412985825
30,108,0001,0537,3010800010537,2214,3.3453737305590883
30,108,0001,0575,3010800010575,1689,3.2278867046136734
30,108,0001,058A,301080001058A,4595,3.6623800200162475
30,108,0001,0607,3010800010607,4298,3.633367445117007
30,108,0001,0630,3010800010630,102,2.012837224705172
30,108,0001,0895,3010800010895,2889,3.4608978427565478
30,108,0001,0908,3010800010908,745,2.8727388274726686
30,108,0001,0912,3010800010912,491,2.69196510276736
30,108,0001,0927,3010800010927,1090,3.037824750588342
30,108,0001,0999,3010800010999,797,2.9020028913507296
30,108,0001,1003,3010800011003,1120,3.049605612594973
30,108,0001,1018,3010800011018,2949,3.469822015978163
30,108,0001,1037,3010800011037,1654,3.2187979981117376
30,108,0001,1041,3010800011041,1446,3.1604685311190375
30,108,0001,1056,3010800011056,1931,3.2860071220794747
30,108,0001,1060,3010800011060,2060,3.3140779917792127
30,108,0001,1075,3010800011075,2926,3.466422722433792
30,108,0001,108A,301080001108A,3059,3.48572142648158
30,108,0001,1094,3010800011094,2673,3.4271614029259654
30,108,0001,1107,3010800011107,1250,3.09725730969342
30,108,0001,1111,3010800011111,2403,3.380934463330702
30,108,0001,1126,3010800011126,2137,3.330007700872759
30,108,0001,1130,3010800011130,2959,3.4712917110589387
30,108,0001,1145,3010800011145,1952,3.2907022432878543
30,108,0001,115A,301080001115A,1743,3.2415464805965484
30,108,0001,1164,3010800011164,3022,3.480438147177817
30,108,0001,1179,3010800011179,2390,3.378579576115775
30,108,0001,1183,3010800011183,1035,3.0153597554092144
30,108,0001,1198,3010800011198,1352,3.131297796597623
30,108,0001,1200,3010800011200,1289,3.110589710299249
30,108,0001,1215,3010800011215,2417,3.383456296524753
30,108,0001,122A,301080001122A,2511,3.4000196350651586
30,108,0001,1234,3010800011234,2233,3.34908316877959
30,108,0001,1249,3010800011249,2970,3.472902651803664
30,108,0001,1253,3010800011253,2582,3.412124406173317
30,108,0001,1287,3010800011287,529,2.724275869600789
30,108,0001,1342,3010800011342,133,2.1271047983648077
30,108,0001,1376,3010800011376,1765,3.24699069924155
30,108,0001,1380,3010800011380,1977,3.2962262872611605
30,108,0001,1395,3010800011395,1705,3.231979026831504
30,108,0001,1408,3010800011408,1789,3.2528530309798933
30,108,0001,1412,3010800011412,73,1.8692317197309762
30,108,0001,1427,3010800011427,2641,3.4219328132785085
30,108,0001,1431,3010800011431,3039,3.482873583608754
30,108,0001,147A,301080001147A,1676,3.2245330626060857
30,108,0001,1484,3010800011484,1128,3.052693941924968
30,108,0062,1357,3010800621357,1761,3.246005904076029
30,108,0062,1361,3010800621361,1904,3.279894980011638
30,108,0062,1446,3010800621446,40,1.6127838567197355
30,108,0062,1450,3010800621450,27,1.4471580313422192
30,108,0062,1465,3010800621465,44,1.6532125137753437
30,108,0062,1499,3010800621499,2,0.47712125471966244
30,108,0062,1501,3010800621501,47,1.6812412373755872
30,108,0062,1516,3010800621516,56,1.7558748556724915
30,109,0001,0074,3010900010074,4545,3.657629431388952
30,109,0001,0093,3010900010093,3070,3.4872798164430687
30,109,0001,0106,3010900010106,3260,3.513350798805957
30,109,0001,0110,3010900010110,3411,3.5330090224954853
30,109,0001,0125,3010900010125,1514,3.180412632838324
30,109,0001,013A,301090001013A,1795,3.2543063323312857
30,109,0001,0144,3010900010144,1347,3.129689892199301
30,109,0001,0233,3010900010233,2663,3.4255342204982635
30,109,0001,0248,3010900010248,1398,3.1458177144918276
30,109,0001,0252,3010900010252,910,2.9595183769729982
30,109,0001,0267,3010900010267,1668,3.222456336679247
30,109,0001,0271,3010900010271,316,2.5010592622177517
30,109,0001,0337,3010900010337,1687,3.2273724422896364
30,109,0001,0341,3010900010341,1533,3.185825359612962
30,109,0001,0356,3010900010356,291,2.4653828514484184
30,109,0001,0375,3010900010375,237,2.376576957056512
30,109,0001,038A,301090001038A,83,1.9242792860618816
30,109,0001,0394,3010900010394,490,2.6910814921229687
30,109,0001,0407,3010900010407,11,1.0791812460476249
30,109,0001,0411,3010900010411,1,0.3010299956639812
30,109,0001,0426,3010900010426,2,0.47712125471966244
30,110,0001,0022,3011000010022,405,2.6085260335771943
30,111,0001,0087,3011100010087,2038,3.30941722577814
30,111,0008,0142,3011100080142,3646,3.561935763313781
30,111,0008,0157,3011100080157,94,1.9777236052888478
30,111,0008,0161,3011100080161,2112,3.3248994970523134
30,111,0008,0176,3011100080176,2387,3.3780343224573315
30,112,0001,0050,3011200010050,98,1.99563519459755
30,112,0001,0065,3011200010065,22,1.3617278360175928
30,112,0001,007A,301120001007A,460,2.663700925389648
30,112,0001,0084,3011200010084,211,2.326335860928751
30,112,0001,0099,3011200010099,3518,3.5464192668351915
30,112,0001,0101,3011200010101,5215,3.717337582723864
30,112,0001,0116,3011200010116,30,1.4913616938342726
30,113,0001,0024,3011300010024,2328,3.367169488534681
30,114,0001,006A,301140001006A,44,1.6532125137753437
30,114,0001,0125,3011400010125,1798,3.2550311633455515
30,114,0001,013A,301140001013A,1388,3.1427022457376155
30,114,0001,0144,3011400010144,40,1.6127838567197355
30,114,0001,0159,3011400010159,41,1.6232492903979006
30,115,0001,0033,3011500010033,1567,3.1953460583484197
30,115,0001,0048,3011500010048,2234,3.3492775274679554
30,115,0001,0052,3011500010052,1587,3.2008504980910772
30,115,0001,0067,3011500010067,2950,3.4699692094999595
30,115,0001,0071,3011500010071,4398,3.643353961976863
30,115,0001,0103,3011500010103,551,2.741939077729199
30,115,0001,0141,3011500010141,3684,3.56643749219507
30,115,0001,0156,3011500010156,4290,3.632558514532672
30,115,0006,0160,3011500060160,1837,3.2643455070500926
30,115,0006,0175,3011500060175,2291,3.3602146132953523
30,115,0014,018A,301150014018A,857,2.9334872878487053
30,116,0001,0030,3011600010030,3218,3.5077209766856137
30,116,0001,0045,3011600010045,3157,3.499412125672275
30,116,0001,005A,301160001005A,2949,3.469822015978163
30,116,0001,0064,3011600010064,3555,3.5509617522981762
30,116,0001,0079,3011600010079,379,2.57978359661681
30,116,0001,0083,3011600010083,6,0.8450980400142568
30,116,0001,0098,3011600010098,266,2.4265112613645754
30,116,0001,0100,3011600010100,267,2.428134794028789
30,116,0001,0115,3011600010115,102,2.012837224705172
30,116,0001,012A,301160001012A,30,1.4913616938342726
30,116,0001,0134,3011600010134,22,1.3617278360175928
30,116,0001,0149,3011600010149,10,1.0413926851582251
30,116,0001,0153,3011600010153,34,1.5440680443502757
30,117,0001,0061,3011700010061,1909,3.2810333672477277
30,117,0001,0076,3011700010076,1806,3.256958152560932
30,118,0001,0016,3011800010016,2640,3.421768401206924
30,118,0001,0035,3011800010035,2614,3.417471693203293
30,118,0001,004A,301180001004A,2373,3.3754807146185724
30,118,0001,0054,3011800010054,3733,3.5721743136130595
30,118,0001,0069,3011800010069,4485,3.651859269246949
30,118,0001,0073,3011800010073,4601,3.6629466143326246
30,118,0001,0092,3011800010092,2737,3.437433443797971
30,118,0001,0105,3011800010105,1957,3.291812687467119
30,118,0001,011A,301180001011A,3066,3.4867137759824853
30,118,0001,0124,3011800010124,2224,3.3473300153169503
30,118,0001,0139,3011800010139,2640,3.421768401206924
30,118,0001,0143,3011800010143,3058,3.485579476984679
30,118,0001,0158,3011800010158,1521,3.182414652434554
30,118,0001,0162,3011800010162,1891,3.276921132065774
30,118,0001,0177,3011800010177,2878,3.459241664878082
30,118,0001,0181,3011800010181,4109,3.6138418218760693
30,118,0001,0196,3011800010196,1986,3.298197867109815
30,118,0001,0209,3011800010209,3508,3.5451833682154064
30,118,0001,0213,3011800010213,4464,3.649821463224565
30,118,0001,0228,3011800010228,3341,3.5240064455573727
30,118,0001,0232,3011800010232,3707,3.5691397254724593
30,118,0001,0247,3011800010247,1328,3.123524980942732
30,118,0001,0251,3011800010251,4929,3.69284691927723
30,118,0001,029A,301180001029A,6703,3.82633400562222
30,118,0001,0302,3011800010302,3363,3.5268559871258747
30,118,0001,0317,3011800010317,6894,3.8385342705118686
30,118,0001,0336,3011800010336,376,2.576341350205793
30,118,0001,0340,3011800010340,5843,3.766710207262259
30,118,0001,0355,3011800010355,1592,3.2022157758011316
30,118,0001,036A,301180001036A,1716,3.2347702951609163
30,118,0001,0406,3011800010406,4916,3.6917002082901615
30,118,0001,0410,3011800010410,3879,3.5888317255942073
30,118,0001,0425,3011800010425,3910,3.5922878159521305
30,118,0001,043A,301180001043A,2479,3.3944516808262164
30,118,0001,0444,3011800010444,5289,3.7234556720351857
30,118,0001,0459,3011800010459,3078,3.488409688903198
30,118,0001,0463,3011800010463,0,0.0
30,118,0001,0478,3011800010478,672,2.828015064223977
30,118,0008,0482,3011800080482,2597,3.414639146737009
30,119,0001,0047,3011900010047,2613,3.4173055832445254
30,119,0001,0051,3011900010051,1313,3.118595365223762
30,119,0001,0066,3011900010066,1040,3.017450729510536
30,119,0001,0070,3011900010070,94,1.9777236052888478
30,120,0001,0048,3012000010048,1744,3.241795431295199
30,120,0001,0052,3012000010052,793,2.8998205024270964
30,120,0001,0067,3012000010067,970,2.9872192299080047
30,120,0001,0086,3012000010086,3440,3.5366846726209302
30,120,0001,0090,3012000010090,3396,3.531095546870028
30,121,0001,0276,3012100010276,1488,3.1728946977521764
30,121,0001,0331,3012100010331,802,2.904715545278681
30,121,0001,0346,3012100010346,1642,3.215637563435062
30,121,0001,0350,3012100010350,340,2.5327543789924976
30,121,0001,0365,3012100010365,45,1.662757831681574
30,122,0001,0061,3012200010061,2873,3.4584867637982066
30,122,0001,0076,3012200010076,3329,3.5224442335063197
30,122,0001,0080,3012200010080,228,2.359835482339888
30,122,0001,0095,3012200010095,127,2.1072099696478683
30,122,0001,0108,3012200010108,482,2.683947130751512
30,122,0001,0127,3012200010127,1587,3.2008504980910772
30,122,0001,0131,3012200010131,1491,3.17376882313665
30,122,0001,0146,3012200010146,39,1.6020599913279623
30,123,0001,0406,3012300010406,2092,3.3207692283386865
30,123,0001,0410,3012300010410,2770,3.442636525782232
30,123,0001,0425,3012300010425,3235,3.5100085129402347
30,123,0001,0694,3012300010694,2486,3.395675785269936
30,123,0001,0707,3012300010707,1851,3.2676409823459154
30,123,0001,0711,3012300010711,2346,3.3705130895985924
30,123,0001,0726,3012300010726,2369,3.374748346010104
30,123,0001,0730,3012300010730,2669,3.4265112613645754
30,123,0001,0745,3012300010745,2005,3.302330928684399
30,123,0001,075A,301230001075A,2043,3.3104808914626753
30,123,0001,0764,3012300010764,2880,3.459543258280413
30,123,0001,0779,3012300010779,1646,3.2166935991697545
30,123,0001,0891,3012300010891,584,2.7671558660821804
30,123,0001,0923,3012300010923,1506,3.1781132523146316
30,123,0001,0938,3012300010938,1440,3.1586639808139894
30,123,0001,0942,3012300010942,2898,3.4622482153549976
30,123,0001,0957,3012300010957,2085,3.319314304090512
30,123,0001,0976,3012300010976,2291,3.3602146132953523
30,123,0001,0980,3012300010980,1563,3.1942367487238292
30,123,0001,1052,3012300011052,829,2.9190780923760737
30,123,0014,0800,3012300140800,1357,3.132899769944483
30,123,0014,0815,3012300140815,1555,3.1920095926536702
30,123,0014,082A,301230014082A,1250,3.09725730969342
30,123,0014,0834,3012300140834,98,1.99563519459755
30,123,0014,0904,3012300140904,88,1.9493900066449128
30,123,0014,0919,3012300140919,61,1.792391689498254
30,123,0014,1048,3012300141048,75,1.8808135922807914
30,123,0029,0514,3012300290514,2683,3.4287825114969546
30,123,0029,0529,3012300290529,2632,3.4204508591060683
30,123,0029,0637,3012300290637,909,2.9590413923210934
30,123,0029,0783,3012300290783,2023,3.3062105081677613
30,123,0029,0798,3012300290798,1871,3.2723058444020863
30,123,0029,0849,3012300290849,567,2.754348335711019
30,123,0029,0995,3012300290995,52,1.724275869600789
30,123,0904,0868,3012309040868,697,2.843855422623161
30,123,0904,0872,3012309040872,724,2.8603380065709936
30,123,0904,0887,3012309040887,870,2.9400181550076634
30,123,0904,0961,3012309040961,49,1.6989700043360187
30,123,0904,1014,3012309041014,0,0.0
30,123,0904,1029,3012309041029,3,0.6020599913279624
30,123,0904,1033,3012309041033,8,0.9542425094393249
30,124,0001,0206,3012400010206,1648,3.217220655644519
30,124,0001,0210,3012400010210,3766,3.5759956202032677
30,124,0001,0225,3012400010225,3075,3.4879863311293935
30,124,0001,023A,301240001023A,3617,3.558468562523795
30,124,0001,0244,3012400010244,1976,3.2960066693136723
30,124,0001,0371,3012400010371,991,2.9965116721541785
30,124,0001,0386,3012400010386,1782,3.2511513431753545
30,124,0001,0403,3012400010403,2010,3.303412070596742
30,124,0001,0441,3012400010441,1395,3.144885418287142
30,124,0001,0526,3012400010526,1616,3.208710019906401
30,124,0001,0583,3012400010583,189,2.278753600952829
30,124,0001,0687,3012400010687,1181,3.0726174765452368
30,124,0001,0719,3012400010719,1667,3.22219604630172
30,124,0001,0738,3012400010738,2287,3.3594560201209864
30,124,0001,0742,3012400010742,2406,3.38147609027503
30,124,0001,0757,3012400010757,3627,3.5596672783880576
30,124,0001,0761,3012400010761,2843,3.4539295920577286
30,124,0001,0776,3012400010776,2689,3.429752280002408
30,124,0001,0780,3012400010780,2724,3.4353665066126613
30,124,0001,0795,3012400010795,2936,3.4679039465228003
30,124,0001,0808,3012400010808,3487,3.5425764762605296
30,124,0001,1045,3012400011045,532,2.7267272090265724
30,124,0001,105A,301240001105A,46,1.6720978579357175
30,124,0001,1064,3012400011064,130,2.1172712956557644
30,124,0001,1098,3012400011098,223,2.3502480183341627
30,124,0001,1149,3012400011149,171,2.2355284469075487
30,124,0001,1168,3012400011168,267,2.428134794028789
30,124,0001,1191,3012400011191,119,2.0791812460476247
30,124,0001,1204,3012400011204,178,2.2528530309798933
30,124,0001,1223,3012400011223,31,1.505149978319906
30,124,0001,1238,3012400011238,89,1.954242509439325
30,124,0001,1242,3012400011242,107,2.03342375548695
30,124,0001,1257,3012400011257,1366,3.1357685145678222
30,124,0001,1261,3012400011261,1759,3.24551266781415
30,124,0001,1276,3012400011276,1275,3.1058506743851435
30,124,0001,1280,3012400011280,929,2.9684829485539352
30,124,0001,1312,3012400011312,50,1.7075701760979363
30,124,0001,1327,3012400011327,132,2.123851640967086
30,124,0001,1346,3012400011346,136,2.1367205671564067
30,124,0004,0812,3012400040812,1376,3.1389339402569236
30,124,0004,0827,3012400040827,864,2.9370161074648142
30,124,0004,0850,3012400040850,842,2.9258275746247424
30,124,0004,0865,3012400040865,908,2.9585638832219674
30,124,0004,0969,3012400040969,111,2.0492180226701815
30,124,0004,0992,3012400040992,26,1.4313637641589874
30,124,0004,1007,3012400041007,280,2.44870631990508
30,124,0004,1295,3012400041295,803,2.905256048748451
30,124,0004,1308,3012400041308,805,2.906335041805091
30,124,0034,0456,3012400340456,2650,3.4234097277330933
30,124,0034,0460,3012400340460,1022,3.00987563371216
30,124,0034,1172,3012400341172,54,1.7403626894942439
30,124,0034,1187,3012400341187,62,1.7993405494535817
30,124,0087,0901,3012400870901,1422,3.153204900084284
30,124,0087,0916,3012400870916,868,2.9390197764486663
30,124,0087,1011,3012400871011,145,2.164352855784437
30,124,0127,0668,3012401270668,1281,3.1078880251827985
30,124,0127,0672,3012401270672,960,2.9827233876685453
30,125,0001,0063,3012500010063,2623,3.4189638307036225
30,125,0001,0097,3012500010097,778,2.8915374576725643
30,125,0001,010A,301250001010A,1818,3.2598326990634834
30,125,0001,0114,3012500010114,2464,3.391816923613249
30,125,0001,0129,3012500010129,2553,3.4072208929273966
30,125,0001,0133,3012500010133,1875,3.2732328340430454
30,125,0001,0148,3012500010148,931,2.9694159123539814
30,125,0001,0152,3012500010152,161,2.2095150145426308
30,125,0001,0167,3012500010167,164,2.2174839442139063
30,125,0001,0171,3012500010171,177,2.250420002308894
30,125,0001,0186,3012500010186,509,2.7075701760979363
30,125,0001,0190,3012500010190,23,1.380211241711606
30,125,0001,0203,3012500010203,39,1.6020599913279623
30,125,0001,0218,3012500010218,112,2.0530784434834195
30,125,0001,0222,3012500010222,39,1.6020599913279623
30,125,0001,0237,3012500010237,133,2.1271047983648077
30,125,0001,0241,3012500010241,22,1.3617278360175928
30,125,0001,0256,3012500010256,30,1.4913616938342726
30,125,0001,0260,3012500010260,28,1.462397997898956
30,125,0001,0275,3012500010275,21,1.3424226808222062
30,125,0001,028A,301250001028A,82,1.919078092376074
30,126,0001,0111,3012600010111,585,2.767897616018091
30,126,0001,0126,3012600010126,862,2.9360107957152097
30,126,0001,0130,3012600010130,1216,3.085290578230065
30,126,0001,0145,3012600010145,1092,3.038620161949703
30,126,0001,015A,301260001015A,636,2.8041394323353503
30,126,0001,0183,3012600010183,158,2.2013971243204513
30,126,0001,0198,3012600010198,824,2.916453948549925
30,126,0001,0249,3012600010249,64,1.8129133566428555
30,126,0001,0253,3012600010253,76,1.8864907251724818
30,126,0001,0268,3012600010268,41,1.6232492903979006
30,126,0001,0272,3012600010272,603,2.7810369386211318
30,126,0001,0287,3012600010287,707,2.850033257689769
30,126,0001,0291,3012600010291,24,1.3979400086720377
30,126,0035,0304,3012600350304,1460,3.1646502159342966
30,126,0035,0319,3012600350319,1279,3.1072099696478683
30,126,0042,0200,3012600420200,1256,3.0993352776859577
30,126,0042,0215,3012600420215,1079,3.03342375548695
30,126,0042,022A,301260042022A,121,2.0863598306747484
30,126,0042,0234,3012600420234,171,2.2355284469075487
30,127,0001,0034,3012700010034,3537,3.5487578285737045
30,127,0001,0049,3012700010049,1090,3.037824750588342
30,128,0001,0099,3012800010099,1196,3.0780941504064105
30,128,0001,0101,3012800010101,2861,3.4566696294237578
30,128,0001,0173,3012800010173,3901,3.591287265058499
30,128,0001,0188,3012800010188,1712,3.2337573629655103
30,128,0001,0224,3012800010224,1031,3.0136796972911926
30,128,0001,0239,3012800010239,849,2.929418925714293
30,128,0001,0243,3012800010243,2189,3.3404441148401185
30,128,0001,0258,3012800010258,77,1.8920946026904804
30,128,0001,0262,3012800010262,1320,3.1209028176145273
30,128,0001,0328,3012800010328,3115,3.493597449000527
30,128,0001,0332,3012800010332,1949,3.290034611362518
30,128,0001,0347,3012800010347,4098,3.6126779183165016
30,128,0001,0351,3012800010351,2211,3.344785122632661
30,128,0001,0402,3012800010402,137,2.1398790864012365
30,128,0001,0417,3012800010417,211,2.326335860928751
30,128,0001,0440,3012800010440,1234,3.0916669575956846
30,128,0001,0455,3012800010455,1541,3.188084373714938
30,128,0001,046A,301280001046A,4898,3.6901074394563307
30,128,0001,0474,3012800010474,2280,3.3581252852766488
30,128,0001,0489,3012800010489,153,2.187520720836463
30,128,0001,0506,3012800010506,30,1.4913616938342726
30,128,0001,0525,3012800010525,784,2.8948696567452528
30,128,0001,053A,301280001053A,10,1.0413926851582251
30,128,0001,0544,3012800010544,1565,3.1947917577219247
30,128,0001,0559,3012800010559,2900,3.4625477288026643
30,128,0001,0563,3012800010563,124,2.0969100130080562
30,128,0001,0578,3012800010578,30,1.4913616938342726
30,128,0001,0633,3012800010633,14,1.1760912590556813
30,128,0001,0648,3012800010648,31,1.505149978319906
30,128,0005,0652,3012800050652,1521,3.182414652434554
30,128,0005,0667,3012800050667,1050,3.021602716028242
30,128,0007,0671,3012800070671,1509,3.1789769472931693
30,128,0007,0686,3012800070686,1210,3.0831441431430524
30,128,0011,0366,3012800110366,2072,3.3165993020938607
30,128,0011,0370,3012800110370,1268,3.103461622094705
30,128,0011,039A,301280011039A,815,2.9116901587538613
30,128,0011,0493,3012800110493,6,0.8450980400142568
30,128,0011,0582,3012800110582,144,2.161368002234975
30,128,0011,0597,3012800110597,505,2.7041505168397992
30,128,0012,060A,301280012060A,2021,3.3057811512549824
30,128,0012,0614,3012800120614,1731,3.2385478876813276
30,128,0016,0281,3012800160281,2263,3.354876422516234
30,128,0016,0296,3012800160296,2878,3.459241664878082
30,128,0016,0629,3012800160629,0,0.0
30,129,0001,0062,3012900010062,1469,3.167317334748176
30,129,0001,0077,3012900010077,2016,3.3047058982127653
30,129,0001,0081,3012900010081,1576,3.197831693328903
30,129,0001,0096,3012900010096,434,2.6384892569546374
30,129,0001,0109,3012900010109,547,2.738780558484369
30,129,0001,0113,3012900010113,411,2.6148972160331345
30,129,0001,0128,3012900010128,111,2.0492180226701815
30,129,0001,0151,3012900010151,1534,3.1861083798132053
30,129,0001,0166,3012900010166,1000,3.000434077479319
30,129,0001,0170,3012900010170,945,2.975891136401793
30,129,0001,0185,3012900010185,1147,3.059941888061955
30,129,0001,019A,301290001019A,25,1.414973347970818
30,129,0001,0202,3012900010202,18,1.2787536009528289
30,130,0001,0326,3013000010326,1387,3.142389466118836
30,130,0001,035A,301300001035A,2273,3.356790460351716
30,130,0001,0364,3013000010364,1593,3.2024883170600935
30,130,0001,0379,3013000010379,1072,3.030599721965951
30,130,0001,0383,3013000010383,1449,3.161368002234975
30,130,0001,0487,3013000010487,408,2.611723308007342
30,130,0001,0504,3013000010504,524,2.720159303405957
30,130,0001,0519,3013000010519,31,1.505149978319906
30,130,0001,0612,3013000010612,40,1.6127838567197355
30,130,0001,0646,3013000010646,82,1.919078092376074
30,130,0001,0650,3013000010650,31,1.505149978319906
30,130,0001,067A,301300001067A,79,1.9030899869919435
30,130,0002,0260,3013000020260,511,2.709269960975831
30,130,0002,0330,3013000020330,387,2.5888317255942073
30,130,0002,0415,3013000020415,521,2.717670503002262
30,130,0002,042A,301300002042A,673,2.82865989653532
30,130,0002,0434,3013000020434,944,2.975431808509263
30,130,0002,0449,3013000020449,619,2.792391689498254
30,130,0002,0665,3013000020665,19,1.3010299956639813
30,130,0049,0078,3013000490078,803,2.905256048748451
30,130,0049,0307,3013000490307,325,2.513217600067939
30,130,0049,0398,3013000490398,739,2.8692317197309762
30,130,0049,0400,3013000490400,581,2.7649229846498886
30,130,0054,0468,3013000540468,1001,3.0008677215312267
30,130,0054,0472,3013000540472,691,2.840106094456758
30,130,0054,0595,3013000540595,970,2.9872192299080047
30,130,0054,0608,3013000540608,661,2.8208579894397
30,130,0054,0631,3013000540631,76,1.8864907251724818
30,131,0001,0022,3013100010022,2538,3.4046627008737222
30,131,0001,0037,3013100010037,2788,3.44544851426605
30,131,0001,0041,3013100010041,3116,3.49373680227684
30,131,0001,0056,3013100010056,4012,3.6034691597338386
30,131,0001,0060,3013100010060,3523,3.54703589974001
30,131,0001,008A,301310001008A,1789,3.2528530309798933
30,131,0001,0094,3013100010094,3093,3.490520309363349
30,131,0001,0107,3013100010107,2814,3.449478399187365
30,131,0001,0126,3013100010126,2850,3.45499721730946
30,131,0001,0130,3013100010130,2202,3.343014497150768
30,131,0001,0145,3013100010145,2490,3.3963737275365067
30,131,0001,015A,301310001015A,3080,3.4886916983169405
30,131,0001,0164,3013100010164,2203,3.3432115901797474
30,131,0001,0183,3013100010183,2942,3.468790262099611
30,131,0001,0198,3013100010198,2943,3.4689378056654614
30,131,0001,0200,3013100010200,1909,3.2810333672477277
30,131,0001,022A,301310001022A,1563,3.1942367487238292
30,131,0001,0234,3013100010234,1454,3.162862993321926
30,131,0001,0272,3013100010272,1062,3.0265332645232967
30,131,0001,0287,3013100010287,3516,3.5461723683169426
30,131,0001,0291,3013100010291,2050,3.3119656603683665
30,131,0001,0304,3013100010304,2743,3.438384107034714
30,131,0001,0319,3013100010319,1602,3.204933522354145
30,131,0001,0338,3013100010338,2220,3.346548558548474
30,131,0001,0380,3013100010380,3734,3.5722906061514177
30,131,0001,0446,3013100010446,2649,3.423245873936808
30,131,0001,0465,3013100010465,404,2.6074550232146687
30,131,0001,047A,301310001047A,1124,3.0511525224473814
30,131,0001,0499,3013100010499,933,2.9703468762300935
30,131,0001,0501,3013100010501,2747,3.4390167283875126
30,131,0001,0516,3013100010516,1829,3.2624510897304293
30,131,0001,0520,3013100010520,385,2.586587304671755
30,131,0001,0535,3013100010535,3690,3.5671440451956573
30,131,0001,054A,301310001054A,956,2.9809119377768436
30,131,0001,0554,3013100010554,2174,3.337459261290656
30,131,0001,0573,3013100010573,2719,3.4345689040341987
30,131,0001,0588,3013100010588,1455,3.1631613749770184
30,131,0001,0592,3013100010592,2929,3.4668676203541096
30,131,0001,0605,3013100010605,1738,3.2402995820027125
30,131,0001,061A,301310001061A,1796,3.2545480771089736
30,131,0001,0624,3013100010624,2326,3.36679638328673
30,131,0001,0639,3013100010639,2284,3.358886204405869
30,131,0001,0643,3013100010643,1668,3.222456336679247
30,131,0001,0658,3013100010658,1906,3.280350693046006
30,131,0001,0662,3013100010662,1390,3.143327129992046
30,131,0001,0677,3013100010677,1755,3.244524511570084
30,131,0001,0681,3013100010681,2663,3.4255342204982635
30,131,0001,0696,3013100010696,1548,3.190051417759206
30,131,0001,0709,3013100010709,1533,3.185825359612962
30,131,0001,0713,3013100010713,1916,3.2826221128780624
30,131,0001,0728,3013100010728,3301,3.518777068926775
30,131,0001,0732,3013100010732,2111,3.3246939138617746
30,131,0001,0747,3013100010747,2833,3.4523998459114416
30,131,0001,0751,3013100010751,1374,3.1383026981662816
30,131,0001,0766,3013100010766,1486,3.172310968521954
30,131,0001,0770,3013100010770,1707,3.232487866352986
30,131,0001,0785,3013100010785,1747,3.2425414282983844
30,131,0001,079A,301310001079A,1926,3.284881714655453
30,131,0001,0802,3013100010802,1248,3.0965624383741357
30,131,0001,0817,3013100010817,971,2.9876662649262746
30,131,0001,0821,3013100010821,1539,3.187520720836463
30,131,0001,0836,3013100010836,1217,3.0856472882968564
30,131,0001,0840,3013100010840,1792,3.253580289562183
30,131,0001,0855,3013100010855,3266,3.514149134475437
30,131,0001,086A,301310001086A,2307,3.363235804483694
30,131,0001,0874,3013100010874,3304,3.519171463821659
30,131,0001,0889,3013100010889,1684,3.2265999052073573
30,131,0001,0893,3013100010893,408,2.611723308007342
30,131,0001,0906,3013100010906,661,2.8208579894397
30,131,0001,0910,3013100010910,2547,3.406199423663313
30,131,0001,0925,3013100010925,433,2.637489729512511
30,131,0001,093A,301310001093A,1564,3.194514341882467
30,131,0001,0944,3013100010944,33,1.5314789170422551
30,131,0001,0959,3013100010959,103,2.0170333392987803
30,131,0001,0963,3013100010963,290,2.4638929889859074
30,131,0001,0978,3013100010978,2246,3.351603072419129
30,131,0001,0982,3013100010982,1627,3.2116544005531824
30,131,0001,0997,3013100010997,1908,3.280805928393667
30,131,0001,1001,3013100011001,887,2.948412965778601
30,131,0001,1016,3013100011016,1784,3.251638220448212
30,131,0001,1020,3013100011020,1854,3.268343913951065
30,131,0001,1035,3013100011035,1632,3.212986184736668
30,131,0001,104A,301310001104A,1841,3.26528962586083
30,131,0001,1054,3013100011054,3053,3.484869032720402
30,131,0001,1069,3013100011069,1661,3.220631019448092
30,131,0001,1073,3013100011073,2479,3.3944516808262164
30,131,0001,1088,3013100011088,2317,3.3651134316275773
30,131,0001,1139,3013100011139,264,2.423245873936808
30,131,0001,1143,3013100011143,98,1.99563519459755
30,131,0001,1158,3013100011158,589,2.7708520116421442
30,131,0001,1162,3013100011162,9,1.0
30,131,0001,1177,3013100011177,201,2.305351369446624
30,131,0001,1181,3013100011181,34,1.5440680443502757
30,131,0001,1209,3013100011209,478,2.680335513414563
30,131,0001,1228,3013100011228,138,2.143014800254095
30,131,0001,1232,3013100011232,25,1.414973347970818
30,131,0001,1247,3013100011247,104,2.0211892990699383
30,131,0001,1251,3013100011251,192,2.285557309007774
30,131,0001,1266,3013100011266,91,1.9637878273455553
30,131,0001,1285,3013100011285,1181,3.0726174765452368
30,131,0001,129A,301310001129A,274,2.439332693830263
30,131,0001,1302,3013100011302,1895,3.2778383330020473
30,131,0001,1317,3013100011317,590,2.7715874808812555
30,131,0028,1105,3013100281105,3283,3.516403148447403
30,131,0028,1196,3013100281196,134,2.130333768495006
30,131,0028,1270,3013100281270,1558,3.192846115188842
30,132,0001,0034,3013200010034,4569,3.6599162000698504
30,132,0001,0049,3013200010049,2895,3.461798557525109
30,132,0001,0053,3013200010053,923,2.9656719712201065
30,132,0001,0068,3013200010068,378,2.578639209968072
30,132,0001,0072,3013200010072,670,2.826722520168992
30,132,0001,0087,3013200010087,328,2.5171958979499744
30,132,0001,0091,3013200010091,161,2.2095150145426308
30,133,0001,0050,3013300010050,2881,3.4596939764779706
30,133,0001,0205,3013300010205,362,2.5599066250361124
30,133,0001,021A,301330001021A,628,2.798650645445269
30,133,0001,0243,3013300010243,3298,3.518382315545344
30,133,0001,0258,3013300010258,2445,3.3884564527002667
30,133,0001,0510,3013300010510,49,1.6989700043360187
30,133,0002,0120,3013300020120,2258,3.353916230920363
30,133,0002,014A,301330002014A,2883,3.4599952560473914
30,133,0002,0154,3013300020154,1334,3.125481265700594
30,133,0002,0169,3013300020169,1878,3.2739267801005254
30,133,0002,0262,3013300020262,1553,3.1914510144648953
30,133,0002,0277,3013300020277,1787,3.2523675144598987
30,133,0002,0402,3013300020402,83,1.9242792860618816
30,133,0002,0417,3013300020417,128,2.110589710299249
30,133,0002,0489,3013300020489,1050,3.021602716028242
30,133,0002,0493,3013300020493,1319,3.12057393120585
30,133,0002,0506,3013300020506,84,1.9294189257142926
30,133,0002,0544,3013300020544,34,1.5440680443502757
30,133,0007,0328,3013300070328,1603,3.2052043639481447
30,133,0007,0332,3013300070332,929,2.9684829485539352
30,133,0007,0351,3013300070351,386,2.5877109650189114
30,133,0007,0366,3013300070366,1582,3.199480914862356
30,133,0007,0440,3013300070440,1214,3.084576277934331
30,133,0007,0455,3013300070455,1719,3.2355284469075487
30,133,0007,0559,3013300070559,243,2.387389826338729
30,133,0012,0281,3013300120281,1580,3.198931869932209
30,133,0012,0296,3013300120296,1219,3.0863598306747484
30,133,0012,0309,3013300120309,1139,3.0569048513364727
30,133,0012,0313,3013300120313,806,2.90687353472207
30,133,0012,0421,3013300120421,211,2.326335860928751
30,133,0012,0525,3013300120525,7,0.9030899869919435
30,133,0017,0224,3013300170224,1958,3.2920344359947364
30,133,0017,0370,3013300170370,2810,3.4488608456074408
30,133,0017,0385,3013300170385,3211,3.5067755366066433
30,133,0017,039A,301330017039A,3128,3.495405563146193
30,133,0017,046A,301330017046A,1676,3.2245330626060857
30,133,0017,0474,3013300170474,2434,3.386498965550653
30,133,0017,053A,301330017053A,255,2.4082399653118496
30,134,0001,0062,3013400010062,306,2.4871383754771865
30,134,0003,0081,3013400030081,1697,3.229937685907934
30,134,0003,0096,3013400030096,693,2.841359470454855
30,134,0003,0147,3013400030147,1369,3.1367205671564067
30,134,0003,0151,3013400030151,1983,3.2975416678181597
30,134,0003,0166,3013400030166,416,2.6201360549737576
30,134,0003,0170,3013400030170,315,2.499687082618404
30,134,0003,0185,3013400030185,85,1.9344984512435677
30,134,0003,019A,301340003019A,355,2.5514499979728753
30,134,0006,0113,3013400060113,1764,3.2467447097238415
30,135,0001,0021,3013500010021,3957,3.5974757898703773
30,135,0001,0055,3013500010055,964,2.9845273133437926
30,135,0001,006A,301350001006A,1127,3.0523090996473234
30,135,0001,0074,3013500010074,2618,3.418135498425232
30,135,0001,0089,3013500010089,1632,3.212986184736668
30,135,0002,0040,3013500020040,849,2.929418925714293
30,135,0002,0093,3013500020093,311,2.494154594018443
30,135,0002,0106,3013500020106,643,2.808885867359812
30,135,0002,0110,3013500020110,422,2.6263403673750423
30,135,0002,0125,3013500020125,111,2.0492180226701815
30,135,0002,013A,301350002013A,2044,3.3106933123433606
30,135,0002,0144,3013500020144,5675,3.7540423867854362
30,135,0002,0159,3013500020159,35,1.5563025007672873
30,135,0002,0182,3013500020182,72,1.863322860120456
30,136,0001,0029,3013600010029,4837,3.684665864025861
30,137,0001,0026,3013700010026,1105,3.0437551269686796
30,138,0001,0076,3013800010076,5678,3.754271868683459
30,138,0001,0080,3013800010080,2775,3.4434194617828173
30,138,0001,0108,3013800010108,1219,3.0863598306747484
30,138,0001,0112,3013800010112,366,2.5646660642520893
30,138,0001,0127,3013800010127,132,2.123851640967086
30,138,0001,0131,3013800010131,3944,3.596047007545439
30,138,0001,0146,3013800010146,3028,3.481299273332856
30,138,0001,0150,3013800010150,2077,3.3176455432211585
30,138,0001,0165,3013800010165,1315,3.1192558892779365
30,138,0001,017A,301380001017A,1238,3.0930713063760633
30,138,0001,0184,3013800010184,1419,3.1522883443830563
30,138,0001,0199,3013800010199,4413,3.644832328825636
30,138,0001,0201,3013800010201,3054,3.485011214578573
30,138,0001,0216,3013800010216,3985,3.600537294364469
30,138,0001,0220,3013800010220,2965,3.472171146692363
30,138,0001,0235,3013800010235,4177,3.62096843564429
30,139,0001,004A,301390001004A,1433,3.1565491513317814
30,139,0001,0054,3013900010054,1588,3.2011238972073794
30,139,0001,0069,3013900010069,137,2.1398790864012365
30,139,0001,0073,3013900010073,76,1.8864907251724818
30,139,0001,0088,3013900010088,50,1.7075701760979363
30,139,0001,0092,3013900010092,123,2.093421685162235
30,139,0001,0105,3013900010105,47,1.6812412373755872
30,140,0001,0021,3014000010021,735,2.866877814337499
30,141,0001,0156,3014100010156,2416,3.3832766504076504
30,141,0001,0175,3014100010175,2469,3.392696953259666
30,141,0001,018A,301410001018A,832,2.9206450014067875
30,141,0001,0391,3014100010391,2824,3.4510184521554574
30,141,0001,0531,3014100010531,1471,3.16790781000148
30,141,0001,0546,3014100010546,3279,3.515873843711679
30,141,0001,0550,3014100010550,1692,3.2286569581089353
30,141,0001,0565,3014100010565,1891,3.276921132065774
30,141,0001,057A,301410001057A,2356,3.3723595825243238
30,141,0001,0584,3014100010584,2628,3.419790586106363
30,141,0001,0599,3014100010599,2892,3.461348433647983
30,141,0001,0601,3014100010601,2016,3.3047058982127653
30,141,0001,0616,3014100010616,3404,3.532117116248804
30,141,0001,0620,3014100010620,3086,3.4895366294820955
30,141,0001,0635,3014100010635,4359,3.639486489268586
30,141,0001,064A,301410001064A,4107,3.6136304349252404
30,141,0001,0654,3014100010654,2221,3.346744054604849
30,141,0001,0669,3014100010669,4078,3.6105537053170944
30,141,0001,0688,3014100010688,2043,3.3104808914626753
30,141,0001,0739,3014100010739,558,2.747411807886423
30,141,0001,0777,3014100010777,509,2.7075701760979363
30,141,0001,0781,3014100010781,446,2.6503075231319366
30,141,0001,0796,3014100010796,875,2.9425041061680806
30,141,0001,0809,3014100010809,123,2.093421685162235
30,141,0001,0870,3014100010870,62,1.7993405494535817
30,141,0001,0885,3014100010885,205,2.3138672203691533
30,141,0001,089A,301410001089A,101,2.0086001717619175
30,141,0001,0936,3014100010936,437,2.6414741105040997
30,141,0001,0940,3014100010940,55,1.7481880270062005
30,141,0001,096A,301410001096A,991,2.9965116721541785
30,141,0001,0974,3014100010974,588,2.7701152947871015
30,141,0001,1008,3014100011008,186,2.271841606536499
30,141,0001,1027,3014100011027,73,1.8692317197309762
30,141,0001,1031,3014100011031,40,1.6127838567197355
30,141,0001,1046,3014100011046,1186,3.074450718954591
30,141,0001,1065,3014100011065,2679,3.428134794028789
30,141,0001,107A,301410001107A,1154,3.062581984228163
30,141,0001,1084,3014100011084,1763,3.246498580795801
30,141,0001,1099,3014100011099,998,2.9995654882259823
30,141,0001,1116,3014100011116,170,2.2329961103921536
30,141,0001,1120,3014100011120,87,1.9444826721501687
30,141,0001,1135,3014100011135,159,2.2041199826559246
30,141,0001,114A,301410001114A,36,1.568201724066995
30,141,0001,1154,3014100011154,24,1.3979400086720377
30,141,0001,1173,3014100011173,327,2.515873843711679
30,141,0001,1192,3014100011192,549,2.7403626894942437
30,141,0016,0457,3014100160457,1414,3.150756439860309
30,141,0016,0461,3014100160461,1935,3.286905352972375
30,141,0016,071A,301410016071A,598,2.7774268223893115
30,141,0016,1188,3014100161188,119,2.0791812460476247
30,141,0026,0476,3014100260476,1367,3.1360860973840974
30,141,0026,0480,3014100260480,1194,3.0773679052841563
30,141,0026,0495,3014100260495,1311,3.1179338350396413
30,141,0026,0508,3014100260508,970,2.9872192299080047
30,141,0026,0955,3014100260955,584,2.7671558660821804
30,141,0075,0512,3014100750512,2053,3.3126004392612596
30,141,0075,0527,3014100750527,1955,3.291368850451583
30,141,0081,0438,3014100810438,2105,3.3234583668494677
30,141,0081,0442,3014100810442,1399,3.146128035678238
30,141,0081,0692,3014100810692,169,2.230448921378274
30,141,0081,0828,3014100810828,19,1.3010299956639813
30,141,0081,0832,3014100810832,78,1.8976270912904414
30,141,0081,1050,3014100811050,18,1.2787536009528289
30,141,0081,1169,3014100811169,15,1.2041199826559248
30,142,0001,0238,3014200010238,1282,3.1082266563749283
30,142,0001,0312,3014200010312,1368,3.13640344813399
30,142,0001,0327,3014200010327,1216,3.085290578230065
30,142,0001,0331,3014200010331,25,1.414973347970818
30,142,0001,0346,3014200010346,51,1.7160033436347992
30,142,0017,0350,3014200170350,1035,3.0153597554092144
30,142,0017,0365,3014200170365,1379,3.1398790864012365
30,142,0040,0223,3014200400223,275,2.4409090820652177
30,142,0040,0257,3014200400257,826,2.9175055095525466
30,142,0040,0261,3014200400261,606,2.7831886910752575
30,142,0040,0276,3014200400276,714,2.8543060418010806
30,142,0040,0280,3014200400280,613,2.788168371141168
30,142,0040,0295,3014200400295,532,2.7267272090265724
30,142,0040,0308,3014200400308,39,1.6020599913279623
30,143,0001,0112,3014300010112,3695,3.567731962548069
30,143,0001,017A,301430001017A,1426,3.154423973114647
30,143,0001,0184,3014300010184,1522,3.1826999033360424
30,143,0001,0199,3014300010199,1413,3.150449409460881
30,143,0001,0201,3014300010201,3238,3.510410948010177
30,143,0001,0216,3014300010216,1752,3.243781916093795
30,143,0001,0220,3014300010220,1610,3.207095540419218
30,143,0001,0254,3014300010254,231,2.3654879848909
30,143,0001,0269,3014300010269,60,1.7853298350107671
30,143,0001,0273,3014300010273,113,2.0569048513364727
30,143,0001,0288,3014300010288,138,2.143014800254095
30,143,0001,0292,3014300010292,106,2.0293837776852097
30,143,0001,0305,3014300010305,75,1.8808135922807914
30,143,0001,031A,301430001031A,10,1.0413926851582251
30,143,0001,0324,3014300010324,75,1.8808135922807914
30,143,0001,0358,3014300010358,42,1.6334684555795864
30,143,0001,0362,3014300010362,191,2.2833012287035497
30,143,0001,0377,3014300010377,0,0.0
30,143,0001,0381,3014300010381,36,1.568201724066995
30,143,0063,0127,3014300630127,2521,3.401745082237063
30,143,0072,0343,3014300720343,2834,3.452553063228925
30,143,0081,0235,3014300810235,1678,3.225050696138049
30,143,0081,024A,301430081024A,1992,3.2995072987004876
30,144,0001,0020,3014400010020,4717,3.6737579365495767
30,144,0001,0139,3014400010139,643,2.808885867359812
30,144,0001,0143,3014400010143,2963,3.4718781993072905
30,144,0001,0158,3014400010158,577,2.761927838420529
30,144,0001,0177,3014400010177,53,1.7323937598229686
30,144,0001,0209,3014400010209,2394,3.379305517750582
30,144,0001,0213,3014400010213,3697,3.567966906823154
30,144,0001,0228,3014400010228,33,1.5314789170422551
30,144,0001,0232,3014400010232,39,1.6020599913279623
30,144,0004,0181,3014400040181,1405,3.147985320683805
30,144,0004,0196,3014400040196,1759,3.24551266781415
30,145,0001,0066,3014500010066,877,2.9434945159061026
30,145,0001,0070,3014500010070,400,2.603144372620182
30,145,0001,0085,3014500010085,2478,3.3942765267678214
30,145,0001,009A,301450001009A,2163,3.3352572564345317
30,145,0001,0121,3014500010121,67,1.8325089127062364
30,145,0001,0140,3014500010140,205,2.3138672203691533
30,145,0001,0155,3014500010155,81,1.9138138523837167
30,145,0001,016A,301450001016A,46,1.6720978579357175
30,145,0025,0102,3014500250102,2435,3.3866772839608377
30,145,0025,0117,3014500250117,1158,3.064083435963596
30,145,0025,0136,3014500250136,115,2.0644579892269186
30,145,0025,0174,3014500250174,35,1.5563025007672873
30,145,0025,0189,3014500250189,36,1.568201724066995
30,145,0110,0193,3014501100193,677,2.8312296938670634
30,145,0110,0206,3014501100206,1279,3.1072099696478683
30,145,0110,0210,3014501100210,874,2.942008053022313
30,146,0001,003A,301460001003A,1288,3.110252917353403
30,147,0001,0022,3014700010022,1037,3.016197353512439
30,147,0005,0037,3014700050037,4433,3.6467956887784694
30,148,0001,0091,3014800010091,394,2.59659709562646
30,148,0001,0104,3014800010104,3213,3.5070458724273257
30,148,0001,0119,3014800010119,1458,3.1640552918934515
30,148,0001,0123,3014800010123,2394,3.379305517750582
30,148,0001,0138,3014800010138,1297,3.1132746924643504
30,148,0001,0142,3014800010142,2187,3.340047317661393
30,148,0001,0157,3014800010157,1484,3.171726453653231
30,148,0001,0161,3014800010161,56,1.7558748556724915
30,148,0001,0176,3014800010176,93,1.9731278535996986
30,148,0001,0180,3014800010180,110,2.0453229787866576
30,148,0001,0195,3014800010195,110,2.0453229787866576
30,148,0001,0208,3014800010208,291,2.4653828514484184
30,148,0001,0212,3014800010212,154,2.1903316981702914
30,148,0001,0227,3014800010227,289,2.462397997898956
30,148,0001,0231,3014800010231,146,2.167317334748176
30,148,0001,0246,3014800010246,3,0.6020599913279624
30,148,0001,0250,3014800010250,20,1.3222192947339193
30,148,0001,0265,3014800010265,17,1.255272505103306
30,149,0001,0154,3014900010154,1787,3.2523675144598987
30,149,0001,0192,3014900010192,50,1.7075701760979363
30,149,0001,0243,3014900010243,1813,3.2586372827240764
30,149,0001,0258,3014900010258,1635,3.2137832993353044
30,149,0005,0296,3014900050296,1403,3.1473671077937864
30,149,0005,0309,3014900050309,1571,3.196452541703389
30,149,0005,0313,3014900050313,1787,3.2523675144598987
30,149,0007,0205,3014900070205,922,2.965201701025912
30,149,0007,021A,301490007021A,1258,3.1000257301078626
30,149,0007,0224,3014900070224,1099,3.041392685158225
30,149,0019,0173,3014900190173,3427,3.5350408132511606
30,149,0022,0262,3014900220262,1296,3.11293997608408
30,149,0022,0277,3014900220277,1536,3.1866738674997452
30,149,0022,0281,3014900220281,837,2.9232440186302764
30,150,0001,0140,3015000010140,1736,3.2397998184470986
30,150,0001,0155,3015000010155,1477,3.1696744340588068
30,150,0001,016A,301500001016A,1168,3.0678145111618402
30,150,0001,0174,3015000010174,973,2.9885589568786157
30,150,0001,0189,3015000010189,45,1.662757831681574
30,150,0001,0193,3015000010193,196,2.294466226161593
30,151,0001,0148,3015100010148,519,2.716003343634799
30,151,0001,0171,3015100010171,1186,3.074450718954591
30,151,0001,0186,3015100010186,1290,3.1109262422664203
30,151,0001,0190,3015100010190,215,2.3344537511509307
30,151,0001,0203,3015100010203,977,2.9903388547876015
30,151,0001,0218,3015100010218,721,2.858537197569639
30,151,0001,0222,3015100010222,0,0.0
30,152,0001,0145,3015200010145,762,2.8825245379548803
30,152,0001,015A,301520001015A,500,2.699837725867246
30,152,0001,0164,3015200010164,1198,3.0788191830988487
30,152,0001,0179,3015200010179,48,1.6901960800285136
30,152,0001,022A,301520001022A,198,2.298853076409707
30,153,0001,0072,3015300010072,1,0.3010299956639812
30,153,0001,0087,3015300010087,84,1.9294189257142926
30,153,0001,0142,3015300010142,259,2.4149733479708178
30,153,0001,0157,3015300010157,282,2.45178643552429
30,153,0001,0161,3015300010161,329,2.5185139398778875
30,153,0001,0176,3015300010176,483,2.6848453616444123
30,154,0001,0084,3015400010084,744,2.8721562727482928
30,154,0001,0099,3015400010099,472,2.6748611407378116
30,154,0001,0101,3015400010101,6,0.8450980400142568
30,155,0001,0293,3015500010293,2194,3.34143452457814
30,155,0001,0363,3015500010363,604,2.781755374652469
30,155,0001,0378,3015500010378,937,2.9722028383790646
30,155,0001,0414,3015500010414,839,2.9242792860618816
30,155,0001,0429,3015500010429,858,2.9339931638312424
30,155,0001,0433,3015500010433,997,2.999130541287371
30,155,0001,0448,3015500010448,468,2.6711728427150834
30,155,0001,0452,3015500010452,880,2.9449759084120477
30,155,0001,0467,3015500010467,1248,3.0965624383741357
30,155,0001,0471,3015500010471,1218,3.0860037056183818
30,155,0001,0518,3015500010518,267,2.428134794028789
30,155,0001,0522,3015500010522,1278,3.106870544478654
30,155,0001,0541,3015500010541,803,2.905256048748451
30,155,0001,0594,3015500010594,1481,3.170848203643309
30,155,0001,0607,3015500010607,893,2.951337518795918
30,155,0001,0611,3015500010611,1237,3.0927206446840994
30,155,0001,0626,3015500010626,1246,3.0958664534785427
30,155,0001,0630,3015500010630,1239,3.093421685162235
30,155,0001,0645,3015500010645,1141,3.0576661039098294
30,155,0001,065A,301550001065A,822,2.91539983521227
30,155,0001,0664,3015500010664,1318,3.1202447955463652
30,155,0001,0679,3015500010679,1900,3.278982116865443
30,155,0001,0683,3015500010683,1722,3.2362852774480286
30,155,0001,0698,3015500010698,1530,3.184975190698261
30,155,0001,0700,3015500010700,369,2.568201724066995
30,155,0001,0715,3015500010715,1507,3.178401341533755
30,155,0001,072A,301550001072A,725,2.8609366207000937
30,155,0001,0734,3015500010734,860,2.935003151453655
30,155,0001,0749,3015500010749,611,2.7867514221455614
30,155,0001,0753,3015500010753,126,2.103803720955957
30,155,0001,0768,3015500010768,425,2.629409599102719
30,155,0001,0772,3015500010772,1004,3.002166061756508
30,155,0001,0787,3015500010787,379,2.57978359661681
30,155,0001,0791,3015500010791,40,1.6127838567197355
30,155,0001,0804,3015500010804,60,1.7853298350107671
30,156,0001,0036,3015600010036,1062,3.0265332645232967
30,157,0001,0067,3015700010067,1002,3.0013009330204183
30,157,0001,0090,3015700010090,444,2.6483600109809315
30,157,0001,0103,3015700010103,72,1.863322860120456
30,157,0001,0118,3015700010118,151,2.1818435879447726
30,157,0001,0122,3015700010122,1250,3.09725730969342
30,157,0001,0137,3015700010137,523,2.7193312869837265
30,157,0001,0141,3015700010141,809,2.90848501887865
30,157,0001,0156,3015700010156,465,2.66838591669
30,158,0001,0100,3015800010100,768,2.885926339801431
30,158,0001,0115,3015800010115,1624,3.210853365314893
30,158,0001,0261,3015800010261,711,2.8524799936368566
30,158,0001,0276,3015800010276,1849,3.2671717284030137
30,158,0001,0308,3015800010308,257,2.41161970596323
30,158,0001,0312,3015800010312,0,0.0
30,158,0001,0327,3015800010327,223,2.3502480183341627
30,158,0016,0153,3015800160153,316,2.5010592622177517
30,158,0016,0168,3015800160168,139,2.146128035678238
30,158,0016,0280,3015800160280,901,2.9552065375419416
30,158,0016,0295,3015800160295,784,2.8948696567452528
30,159,0001,0038,3015900010038,2740,3.4379090355394983
30,160,0001,0221,3016000010221,2363,3.3736474722092176
30,160,0001,0289,3016000010289,117,2.0718820073061255
30,160,0001,0293,3016000010293,2383,3.377306251068199
30,160,0001,0306,3016000010306,595,2.7752462597402365
30,160,0001,0310,3016000010310,1314,3.1189257528257768
30,160,0001,0363,3016000010363,2053,3.3126004392612596
30,160,0001,0378,3016000010378,2249,3.3521825181113627
30,160,0001,0382,3016000010382,1777,3.249931756634195
30,160,0001,0397,3016000010397,1422,3.153204900084284
30,160,0001,040A,301600001040A,2164,3.3354579006893843
30,160,0001,0414,3016000010414,1168,3.0678145111618402
30,160,0001,0429,3016000010429,2831,3.4520932490177314
30,160,0001,0433,3016000010433,1962,3.292920299600006
30,160,0001,0448,3016000010448,1488,3.1728946977521764
30,160,0001,0452,3016000010452,1638,3.214578953570499
30,160,0001,0522,3016000010522,10,1.0413926851582251
30,160,0001,0556,3016000010556,277,2.444044795918076
30,160,0001,0560,3016000010560,276,2.4424797690644486
30,160,0001,0626,3016000010626,149,2.1760912590556813
30,160,0041,0541,3016000410541,2712,3.433449793761596
30,160,0052,0344,3016000520344,1753,3.244029589030022
30,160,0052,0359,3016000520359,2192,3.341038631677523
30,160,0052,0630,3016000520630,79,1.9030899869919435
30,160,0101,033A,301600101033A,264,2.423245873936808
30,160,0101,0467,3016001010467,1297,3.1132746924643504
30,160,0101,0471,3016001010471,593,2.7737864449811935
30,160,0101,0575,3016001010575,84,1.9294189257142926
30,161,0001,0271,3016100010271,2108,3.3240765797394864
30,161,0001,0286,3016100010286,1344,3.128722284338427
30,161,0001,0337,3016100010337,494,2.694605198933569
30,161,0001,0360,3016100010360,592,2.7730546933642626
30,161,0001,0375,3016100010375,1057,3.024485667699167
30,161,0001,038A,301610001038A,1175,3.0704073217401198
30,161,0001,0394,3016100010394,1425,3.154119525515847
30,161,0001,0407,3016100010407,1456,3.16345955176999
30,161,0001,0430,3016100010430,1294,3.1122697684172707
30,161,0001,0445,3016100010445,1500,3.1763806922432702
30,161,0001,045A,301610001045A,49,1.6989700043360187
30,162,0001,0029,3016200010029,2081,3.3184807251745174
30,163,0001,0030,3016300010030,1577,3.1981069988734014
30,163,0001,0045,3016300010045,236,2.374748346010104
30,163,0001,005A,301630001005A,76,1.8864907251724818
30,163,0001,0064,3016300010064,96,1.9867717342662448
30,164,0001,0038,3016400010038,80,1.9084850188786497
30,164,0001,0042,3016400010042,0,0.0
30,164,0001,0057,3016400010057,4814,3.6825962914605532
30,164,0001,0061,3016400010061,5574,3.746244871720198
30,164,0001,0076,3016400010076,51,1.7160033436347992
30,164,0001,0080,3016400010080,62,1.7993405494535817
30,165,0001,0020,3016500010020,1321,3.1212314551496214
30,166,0001,0028,3016600010028,1379,3.1398790864012365
30,166,0001,0051,3016600010051,122,2.089905111439398
30,166,0001,0066,3016600010066,32,1.5185139398778875
30,167,0001,0082,3016700010082,198,2.298853076409707
30,167,0001,0097,3016700010097,172,2.2380461031287955
30,167,0001,010A,301670001010A,114,2.060697840353612
30,167,0001,0114,3016700010114,290,2.4638929889859074
30,167,0001,0129,3016700010129,402,2.6053050461411096
30,167,0001,0148,3016700010148,805,2.906335041805091
30,167,0001,0152,3016700010152,1107,3.044539760392411
30,167,0001,0167,3016700010167,1100,3.041787318971752
30,167,0001,0171,3016700010171,1368,3.13640344813399
30,167,0001,0186,3016700010186,41,1.6232492903979006
30,168,0001,0022,3016800010022,1066,3.0281644194244697
30,168,0001,0041,3016800010041,2985,3.4750898033890065
30,168,0001,0056,3016800010056,436,2.640481436970422
30,169,0001,0161,3016900010161,1604,3.205475036740891
30,169,0001,0176,3016900010176,2148,3.3322364154914434
30,169,0001,0180,3016900010180,1344,3.128722284338427
30,169,0001,0195,3016900010195,877,2.9434945159061026
30,169,0001,0227,3016900010227,15,1.2041199826559248
30,169,0001,0284,3016900010284,56,1.7558748556724915
30,169,0001,0299,3016900010299,108,2.037426497940624
30,169,0001,0301,3016900010301,9,1.0
30,169,0001,034A,301690001034A,5,0.7781512503836436
30,169,0001,0354,3016900010354,53,1.7323937598229686
30,169,0041,0208,3016900410208,1345,3.1290450598879582
30,169,0041,0212,3016900410212,1161,3.065206128054312
30,169,0041,0231,3016900410231,41,1.6232492903979006
30,169,0041,0246,3016900410246,5,0.7781512503836436
30,169,0041,0250,3016900410250,33,1.5314789170422551
30,169,0041,0316,3016900410316,1,0.3010299956639812
30,169,0041,0320,3016900410320,42,1.6334684555795864
30,169,0041,0335,3016900410335,15,1.2041199826559248
30,170,0001,004A,301700001004A,701,2.846337112129805
30,170,0001,0054,3017000010054,249,2.3979400086720375
30,170,0001,0069,3017000010069,80,1.9084850188786497
30,171,0001,0028,3017100010028,1739,3.2405492482826
30,172,0001,0097,3017200010097,416,2.6201360549737576
30,172,0001,010A,301720001010A,122,2.089905111439398
30,172,0001,0129,3017200010129,179,2.255272505103306
30,172,0001,0133,3017200010133,169,2.230448921378274
30,172,0001,0167,3017200010167,1244,3.095169351431755
30,172,0001,0171,3017200010171,3084,3.4892551683692603
30,172,0001,0186,3017200010186,214,2.3324384599156054
30,172,0001,0190,3017200010190,207,2.3180633349627615
30,172,0001,0203,3017200010203,1633,3.2132520521963968
30,172,0001,0218,3017200010218,1701,3.230959555748569
30,173,0001,0107,3017300010107,1178,3.071513805095089
30,173,0001,0145,3017300010145,1600,3.2043913319193
30,173,0001,015A,301730001015A,2012,3.3038437748886547
30,173,0001,0164,3017300010164,863,2.936513742478893
30,173,0025,0179,3017300250179,1690,3.2281436075977417
30,173,0025,0215,3017300250215,27,1.4471580313422192
30,173,0025,022A,301730025022A,1151,3.061452479087193
30,173,0025,0234,3017300250234,1169,3.0681858617461617
30,174,0001,0227,3017400010227,3052,3.4847268042986617
30,174,0001,0231,3017400010231,1736,3.2397998184470986
30,174,0001,0246,3017400010246,2361,3.373279893277496
30,174,0001,0250,3017400010250,2980,3.4743619760326307
30,174,0001,0265,3017400010265,2659,3.424881636631067
30,174,0001,027A,301740001027A,1387,3.142389466118836
30,174,0001,0284,3017400010284,1996,3.3003780648707024
30,174,0001,0299,3017400010299,3000,3.477265995424853
30,174,0001,0301,3017400010301,3538,3.548880562637515
30,174,0001,0316,3017400010316,2016,3.3047058982127653
30,174,0001,0320,3017400010320,2406,3.38147609027503
30,174,0001,0335,3017400010335,1806,3.256958152560932
30,174,0001,0354,3017400010354,2388,3.378216149749878
30,174,0001,0369,3017400010369,1951,3.290479813330673
30,174,0001,0373,3017400010373,2426,3.385069776331935
30,174,0001,0388,3017400010388,39,1.6020599913279623
30,174,0001,0392,3017400010392,1036,3.015778756389041
30,174,0001,0405,3017400010405,826,2.9175055095525466
30,174,0001,041A,301740001041A,1279,3.1072099696478683
30,174,0001,0424,3017400010424,1483,3.171433900943008
30,174,0001,0439,3017400010439,551,2.741939077729199
30,174,0001,0443,3017400010443,72,1.863322860120456
30,174,0001,0458,3017400010458,283,2.4533183400470375
30,174,0001,0462,3017400010462,75,1.8808135922807914
30,174,0001,0477,3017400010477,41,1.6232492903979006
30,174,0001,0481,3017400010481,63,1.806179973983887
30,174,0001,0496,3017400010496,110,2.0453229787866576
30,174,0001,0509,3017400010509,19,1.3010299956639813
30,174,0001,0513,3017400010513,106,2.0293837776852097
30,174,0001,0532,3017400010532,532,2.7267272090265724
30,174,0001,0547,3017400010547,1542,3.188365926063148
30,174,0001,0551,3017400010551,1644,3.216165902285993
30,174,0001,0566,3017400010566,81,1.9138138523837167
30,174,0001,0570,3017400010570,46,1.6720978579357175
30,174,0001,0585,3017400010585,117,2.0718820073061255
30,174,0001,059A,301740001059A,272,2.436162647040756
30,174,0001,0602,3017400010602,35,1.5563025007672873
30,174,0001,0617,3017400010617,10,1.0413926851582251
30,174,0001,0621,3017400010621,57,1.7634279935629373
30,174,0001,0636,3017400010636,25,1.414973347970818
30,174,0001,0640,3017400010640,11,1.0791812460476249
30,174,0001,0655,3017400010655,80,1.9084850188786497
30,174,0001,066A,301740001066A,201,2.305351369446624
30,174,0001,0674,3017400010674,6,0.8450980400142568
30,174,0001,0689,3017400010689,44,1.6532125137753437
30,174,0001,0693,3017400010693,12,1.1139433523068367
30,174,0001,0706,3017400010706,228,2.359835482339888
30,174,0001,0710,3017400010710,62,1.7993405494535817
30,174,0001,0725,3017400010725,12,1.1139433523068367
30,174,0001,073A,301740001073A,37,1.5797835966168101
30,174,0001,0744,3017400010744,296,2.4727564493172123
30,174,0042,0759,3017400420759,818,2.9132839017604186
30,174,0042,0763,3017400420763,1107,3.044539760392411
30,174,0042,0778,3017400420778,698,2.8444771757456815
30,175,0001,0173,3017500010173,2038,3.30941722577814
30,175,0001,0188,3017500010188,2136,3.3298045221640695
30,175,0001,0277,3017500010277,1771,3.248463717551032
30,175,0001,0417,3017500010417,375,2.575187844927661
30,175,0001,0421,3017500010421,240,2.3820170425748683
30,175,0001,0436,3017500010436,69,1.845098040014257
30,175,0001,0455,3017500010455,1035,3.0153597554092144
30,175,0001,0474,3017500010474,241,2.383815365980431
30,175,0001,0559,3017500010559,2194,3.34143452457814
30,175,0001,0563,3017500010563,2563,3.4089180208467798
30,175,0001,0578,3017500010578,1946,3.2893659515200318
30,175,0001,0582,3017500010582,47,1.6812412373755872
30,175,0001,0597,3017500010597,258,2.413299764081252
30,175,0001,060A,301750001060A,17,1.255272505103306
30,175,0001,0629,3017500010629,245,2.3909351071033793
30,175,0001,0633,3017500010633,54,1.7403626894942439
30,175,0001,0652,3017500010652,76,1.8864907251724818
30,175,0015,0296,3017500150296,2147,3.332034277027518
30,175,0015,0309,3017500150309,2016,3.3047058982127653
30,175,0015,0648,3017500150648,225,2.3541084391474008
30,175,0025,0440,3017500250440,2715,3.433929765608464
30,175,0042,0050,3017500420050,2625,3.4192947217534604
30,175,0052,0192,3017500520192,2581,3.4119562379304016
30,175,0052,0332,3017500520332,2494,3.397070549959409
30,175,0052,0347,3017500520347,1349,3.130333768495006
30,175,0052,0351,3017500520351,2785,3.4449811120879446
30,175,0052,0366,3017500520366,119,2.0791812460476247
30,175,0052,0385,3017500520385,1086,3.0362295440862948
30,175,0052,0525,3017500520525,1358,3.1332194567324945
30,175,0052,0614,3017500520614,62,1.7993405494535817
30,175,0075,0489,3017500750489,2145,3.3316297176299323
30,175,0075,0493,3017500750493,2308,3.3634239329171765
30,175,0075,0506,3017500750506,3485,3.5423273827739745
30,176,0001,0024,3017600010024,1285,3.109240968588203
30,176,0001,0077,3017600010077,523,2.7193312869837265
30,176,0001,0081,3017600010081,811,2.9095560292411755
30,176,0001,0096,3017600010096,809,2.90848501887865
30,176,0001,0109,3017600010109,537,2.7307822756663893
30,177,0001,0036,3017700010036,1539,3.187520720836463
30,178,0001,0071,3017800010071,1705,3.231979026831504
30,178,0001,0086,3017800010086,889,2.949390006644913
30,178,0001,0090,3017800010090,1043,3.0187004986662433
30,178,0001,0137,3017800010137,516,2.7134905430939424
30,178,0001,0141,3017800010141,129,2.113943352306837
30,178,0001,0156,3017800010156,119,2.0791812460476247
30,178,0001,0160,3017800010160,158,2.2013971243204513
30,178,0001,0175,3017800010175,1233,3.091315159697223
30,178,0001,018A,301780001018A,1495,3.1749315935284423
30,179,0001,0030,3017900010030,1120,3.049605612594973
30,179,0001,0045,3017900010045,1313,3.118595365223762
30,179,0001,005A,301790001005A,34,1.5440680443502757
30,179,0001,0064,3017900010064,36,1.568201724066995
30,180,0001,0046,3018000010046,290,2.4638929889859074
30,180,0001,0050,3018000010050,309,2.4913616938342726
30,180,0001,0065,3018000010065,283,2.4533183400470375
30,180,0001,007A,301800001007A,615,2.7895807121644256
30,181,0001,0170,3018100010170,1157,3.0637085593914173
30,181,0001,026A,301810001026A,28,1.462397997898956
30,181,0001,0274,3018100010274,100,2.0043213737826426
30,181,0001,0310,3018100010310,406,2.60959440922522
30,181,0001,0325,3018100010325,635,2.803457115648414
30,181,0001,033A,301810001033A,836,2.92272545799326
30,181,0001,0344,3018100010344,151,2.1818435879447726
30,181,0001,0363,3018100010363,195,2.292256071356476
30,181,0071,019A,301810071019A,1784,3.251638220448212
30,181,0071,0202,3018100710202,1248,3.0965624383741357
30,181,0071,0217,3018100710217,1886,3.2757719001649312
30,181,0071,0221,3018100710221,2027,3.3070679506612985
30,181,0071,0236,3018100710236,987,2.9947569445876283
30,181,0071,0240,3018100710240,576,2.7611758131557314
30,181,0071,0255,3018100710255,621,2.7937903846908188
30,181,0071,0359,3018100710359,65,1.8195439355418688
30,182,0001,0021,3018200010021,1129,3.0530784434834195
30,182,0002,0017,3018200020017,2597,3.414639146737009
30,182,0015,0036,3018200150036,4087,3.611510887126656
30,182,0015,0040,3018200150040,2316,3.364926033789976
30,182,0015,0055,3018200150055,716,2.8555191556678
30,182,0015,006A,301820015006A,9,1.0
30,183,0001,0033,3018300010033,3701,3.5684364144168854
30,183,0001,0048,3018300010048,2413,3.3827372657613304
30,183,0001,0122,3018300010122,1088,3.037027879755775
30,183,0001,0137,3018300010137,1526,3.1838390370564214
30,183,0001,0141,3018300010141,458,2.661812685537261
30,183,0001,0156,3018300010156,807,2.907411360774586
30,183,0001,0160,3018300010160,830,2.919601023784111
30,183,0001,0211,3018300010211,2177,3.3380578754197563
30,183,0001,0226,3018300010226,2878,3.459241664878082
30,183,0001,0230,3018300010230,3205,3.505963518018126
30,183,0001,0245,3018300010245,3301,3.518777068926775
30,183,0001,025A,301830001025A,3941,3.5957166199434245
30,183,0001,0264,3018300010264,1901,3.279210512601395
30,183,0001,0279,3018300010279,2792,3.446070935701005
30,183,0001,0283,3018300010283,3301,3.518777068926775
30,183,0001,0298,3018300010298,1020,3.0090257420869104
30,183,0001,0334,3018300010334,31,1.505149978319906
30,183,0001,0349,3018300010349,68,1.8388490907372552
30,183,0001,0353,3018300010353,338,2.530199698203082
30,183,0001,0368,3018300010368,58,1.7708520116421442
30,183,0001,0372,3018300010372,16,1.2304489213782739
30,183,0001,0391,3018300010391,43,1.6434526764861874
30,183,0023,0315,3018300230315,3041,3.4831592097169795
30,183,0023,032A,301830023032A,1985,3.2979792441593623
30,183,0023,0387,3018300230387,4,0.6989700043360189
30,184,0001,0026,3018400010026,808,2.9079485216122722
30,185,0001,0023,3018500010023,3977,3.5996647787884166
30,186,0001,0035,3018600010035,2509,3.399673721481038
30,186,0001,004A,301860001004A,1904,3.279894980011638
30,186,0001,0054,3018600010054,2,0.47712125471966244
30,187,0001,0028,3018700010028,1456,3.16345955176999
30,188,0001,0025,3018800010025,4044,3.606918525948291
30,188,0001,003A,301880001003A,7,0.9030899869919435
30,189,0001,0145,3018900010145,3973,3.5992278627737964
30,189,0001,0179,3018900010179,2444,3.388278863459639
30,189,0001,0183,3018900010183,2586,3.4127964287165433
30,189,0001,0198,3018900010198,2218,3.346157302232008
30,189,0001,0200,3018900010200,1364,3.1351326513767748
30,189,0001,0215,3018900010215,913,2.960946195733831
30,189,0001,0234,3018900010234,1247,3.0962145853464054
30,189,0001,0268,3018900010268,2549,3.406540180433955
30,189,0001,0319,3018900010319,2137,3.330007700872759
30,189,0001,0338,3018900010338,1243,3.0948203803548
30,189,0001,0357,3018900010357,912,2.960470777534299
30,189,0001,0380,3018900010380,691,2.840106094456758
30,189,0001,0395,3018900010395,658,2.8188854145940097
30,189,0001,0408,3018900010408,611,2.7867514221455614
30,189,0001,0412,3018900010412,2588,3.413132050434872
30,189,0001,0427,3018900010427,1798,3.2550311633455515
30,189,0001,0520,3018900010520,1211,3.0835026198302673
30,189,0001,054A,301890001054A,3761,3.5754187912143602
30,189,0001,0554,3018900010554,2361,3.373279893277496
30,189,0001,0588,3018900010588,2822,3.450710878146919
30,189,0001,0592,3018900010592,3667,3.5644293269979834
30,189,0001,061A,301890001061A,2238,3.3500540935790304
30,189,0001,0624,3018900010624,2892,3.461348433647983
30,189,0001,0639,3018900010639,3020,3.4801507252732806
30,189,0001,0643,3018900010643,2040,3.3098430047160705
30,189,0001,0658,3018900010658,2517,3.401055725771844
30,189,0001,0662,3018900010662,2407,3.381656482585787
30,189,0001,0677,3018900010677,2141,3.330819466495837
30,189,0001,0681,3018900010681,2605,3.415974411376566
30,189,0001,0696,3018900010696,1942,3.2884728005997825
30,189,0001,0709,3018900010709,2412,3.3825573219087857
30,189,0001,0713,3018900010713,1836,3.2641091563058082
30,189,0001,0732,3018900010732,1455,3.1631613749770184
30,189,0001,0785,3018900010785,231,2.3654879848909
30,189,0001,0802,3018900010802,455,2.658964842664435
30,189,0001,0821,3018900010821,215,2.3344537511509307
30,189,0001,0855,3018900010855,26,1.4313637641589874
30,189,0001,086A,301890001086A,770,2.8870543780509568
30,189,0001,0893,3018900010893,2141,3.330819466495837
30,189,0001,0906,3018900010906,871,2.940516484932567
30,189,0001,0910,3018900010910,460,2.663700925389648
30,189,0001,0944,3018900010944,1608,3.2065560440990297
30,189,0001,0978,3018900010978,707,2.850033257689769
30,189,0001,1016,3018900011016,253,2.404833716619938
30,189,0001,1020,3018900011020,48,1.6901960800285136
30,189,0001,1035,3018900011035,88,1.9493900066449128
30,189,0001,104A,301890001104A,86,1.9395192526186185
30,189,0001,1054,3018900011054,139,2.146128035678238
30,189,0001,1069,3018900011069,49,1.6989700043360187
30,189,0001,1073,3018900011073,394,2.59659709562646
30,189,0001,1088,3018900011088,525,2.7209857441537393
30,189,0001,1105,3018900011105,235,2.3729120029701067
30,189,0001,111A,301890001111A,237,2.376576957056512
30,189,0001,1124,3018900011124,3,0.6020599913279624
30,189,0001,1139,3018900011139,16,1.2304489213782739
30,189,0001,1143,3018900011143,47,1.6812412373755872
30,189,0001,1158,3018900011158,72,1.863322860120456
30,189,0001,1177,3018900011177,674,2.829303772831025
30,189,0001,1181,3018900011181,749,2.8750612633917
30,189,0001,1196,3018900011196,2001,3.3014640731433
30,189,0001,1209,3018900011209,3222,3.5082603055123345
30,189,0001,1228,3018900011228,2203,3.3432115901797474
30,189,0001,1232,3018900011232,213,2.330413773349191
30,189,0001,1247,3018900011247,1239,3.093421685162235
30,189,0001,1251,3018900011251,5,0.7781512503836436
30,189,0001,1266,3018900011266,11,1.0791812460476249
30,189,0001,1270,3018900011270,8,0.9542425094393249
30,189,0001,129A,301890001129A,24,1.3979400086720377
30,189,0001,1302,3018900011302,5,0.7781512503836436
30,189,0001,1317,3018900011317,31,1.505149978319906
30,189,0001,1321,3018900011321,156,2.1958996524092336
30,189,0001,1336,3018900011336,81,1.9138138523837167
30,189,0005,0450,3018900050450,1965,3.2935835134961167
30,189,0005,0465,3018900050465,917,2.9628426812012423
30,189,0005,047A,301890005047A,821,2.9148718175400505
30,189,0005,0747,3018900050747,1400,3.1464381352857744
30,189,0005,0751,3018900050751,1878,3.2739267801005254
30,189,0005,079A,301890005079A,849,2.929418925714293
30,189,0005,0836,3018900050836,681,2.833784374656479
30,189,0005,0840,3018900050840,981,2.9921114877869495
30,189,0005,0874,3018900050874,1004,3.002166061756508
30,189,0005,0889,3018900050889,1186,3.074450718954591
30,189,0005,0925,3018900050925,30,1.4913616938342726
30,189,0005,093A,301890005093A,150,2.1789769472931693
30,189,0005,0959,3018900050959,262,2.419955748489758
30,189,0005,0982,3018900050982,273,2.437750562820388
30,189,0005,0997,3018900050997,5453,3.7367151336056112
30,189,0005,1001,3018900051001,2141,3.330819466495837
30,189,0005,1092,3018900051092,335,2.526339277389844
30,189,0005,1162,3018900051162,37,1.5797835966168101
30,189,0005,1213,3018900051213,17,1.255272505103306
30,189,0083,0287,3018900830287,1,0.3010299956639812
30,189,0083,0516,3018900830516,2309,3.3636119798921444
30,189,0083,0535,3018900830535,104,2.0211892990699383
30,189,0083,0766,3018900830766,2741,3.438067450453494
30,189,0083,0770,3018900830770,3023,3.480581786829169
30,190,0001,0038,3019000010038,1044,3.019116290447073
30,190,0001,0042,3019000010042,1149,3.060697840353612
30,190,0001,0057,3019000010057,13,1.146128035678238
30,190,0001,0061,3019000010061,0,0.0
30,190,0001,0076,3019000010076,5,0.7781512503836436
30,191,0001,0092,3019100010092,277,2.444044795918076
30,191,0001,0105,3019100010105,243,2.387389826338729
30,191,0001,0143,3019100010143,72,1.863322860120456
30,191,0001,0162,3019100010162,1808,3.257438566859814
30,191,0001,0177,3019100010177,1406,3.1482940974347455
30,191,0001,0232,3019100010232,652,2.814913181275074
30,191,0001,0247,3019100010247,1006,3.003029470553618
30,191,0001,0251,3019100010251,25,1.414973347970818
30,191,0001,0266,3019100010266,91,1.9637878273455553
30,191,0001,0302,3019100010302,62,1.7993405494535817
30,191,0007,0209,3019100070209,1317,3.119915410257991
30,191,0007,0213,3019100070213,1679,3.225309281725863
30,191,0007,029A,301910007029A,353,2.5490032620257876
30,191,0020,0073,3019100200073,989,2.99563519459755
30,191,0020,011A,301910020011A,479,2.681241237375587
30,191,0020,0124,3019100200124,531,2.7259116322950483
30,191,0020,0181,3019100200181,2002,3.3016809492935764
30,191,0020,0196,3019100200196,2523,3.402089350572097
30,191,0020,0228,3019100200228,289,2.462397997898956
30,191,0020,0270,3019100200270,1599,3.2041199826559246
30,191,0020,0285,3019100200285,1183,3.073351702386901
30,191,0020,0317,3019100200317,73,1.8692317197309762
30,192,0001,0085,3019200010085,534,2.7283537820212285
30,192,0001,0102,3019200010102,1763,3.246498580795801
30,192,0001,0136,3019200010136,347,2.5415792439465807
30,192,0001,0140,3019200010140,691,2.840106094456758
30,192,0001,0155,3019200010155,1659,3.220108088040055
30,192,0001,016A,301920001016A,197,2.296665190261531
30,192,0001,0244,3019200010244,996,2.998695158311656
30,192,0001,0259,3019200010259,1348,3.1300119496719043
30,192,0001,0263,3019200010263,30,1.4913616938342726
30,192,0001,0278,3019200010278,0,0.0
30,192,0001,0282,3019200010282,13,1.146128035678238
30,192,0016,009A,301920016009A,448,2.6522463410033232
30,192,0016,0174,3019200160174,490,2.6910814921229687
30,192,0016,0189,3019200160189,923,2.9656719712201065
30,192,0016,0193,3019200160193,887,2.948412965778601
30,192,0016,0206,3019200160206,169,2.230448921378274
30,192,0016,0225,3019200160225,1127,3.0523090996473234
30,192,0016,023A,301920016023A,1882,3.274850320016665
30,193,0001,0078,3019300010078,2565,3.4092566520389096
30,193,0001,0114,3019300010114,2631,3.4202858849419178
30,193,0001,0129,3019300010129,3712,3.569724949226159
30,193,0001,0133,3019300010133,2650,3.4234097277330933
30,193,0001,0148,3019300010148,4053,3.60788374435699
30,193,0001,0152,3019300010152,2918,3.4652340949880145
30,193,0001,0171,3019300010171,3714,3.569958818096594
30,193,0001,0186,3019300010186,2819,3.450249108319361
30,193,0001,0190,3019300010190,1908,3.280805928393667
30,193,0001,0203,3019300010203,614,2.788875115775417
30,193,0001,0218,3019300010218,412,2.615950051656401
30,193,0001,0222,3019300010222,3759,3.575187844927661
30,193,0001,0237,3019300010237,3155,3.4991369945373827
30,193,0001,0241,3019300010241,2088,3.3199384399803087
30,193,0001,0256,3019300010256,2858,3.456214155357989
30,193,0001,0260,3019300010260,864,2.9370161074648142
30,193,0001,0275,3019300010275,3088,3.4898179083014504
30,193,0001,028A,301930001028A,4326,3.6361868951987244
30,193,0001,0294,3019300010294,2130,3.328583449714202
30,193,0001,0307,3019300010307,1748,3.2427898094786767
30,193,0001,0311,3019300010311,2188,3.3402457615679317
30,193,0001,0326,3019300010326,1699,3.230448921378274
30,193,0001,0330,3019300010330,3258,3.513084360465144
30,193,0001,0345,3019300010345,3316,3.5207454715194824
30,193,0001,035A,301930001035A,2375,3.375846436309156
30,193,0001,0364,3019300010364,1375,3.1386184338994925
30,193,0001,0379,3019300010379,2168,3.336259552014193
30,193,0001,0383,3019300010383,2872,3.4583356259919475
30,193,0001,0398,3019300010398,2898,3.4622482153549976
30,193,0001,0400,3019300010400,1197,3.0784568180532927
30,193,0001,0415,3019300010415,1683,3.226342087163631
30,193,0001,042A,301930001042A,3838,3.584218112117405
30,193,0001,0434,3019300010434,1984,3.297760511099134
30,193,0001,0449,3019300010449,1969,3.294466226161593
30,193,0001,0453,3019300010453,2915,3.4647875196459372
30,193,0001,0468,3019300010468,1870,3.27207378750001
30,193,0001,0472,3019300010472,1369,3.1367205671564067
30,193,0001,0538,3019300010538,1932,3.286231854028553
30,193,0001,0557,3019300010557,2066,3.3153404766272883
30,193,0001,0561,3019300010561,2264,3.3550682063488506
30,193,0001,0580,3019300010580,2156,3.333850145102545
30,193,0001,0595,3019300010595,3542,3.549371152333177
30,193,0001,0608,3019300010608,4484,3.651762447380111
30,193,0001,0612,3019300010612,4159,3.6190933306267428
30,193,0001,0631,3019300010631,3350,3.5251744278352715
30,193,0001,067A,301930001067A,3095,3.490800952010855
30,193,0001,0684,3019300010684,3607,3.557266528869904
30,193,0001,0701,3019300010701,2816,3.4497868469857735
30,193,0001,0788,3019300010788,1177,3.0711452904510828
30,193,0001,0792,3019300010792,2607,3.4163075870598827
30,193,0001,0805,3019300010805,1627,3.2116544005531824
30,193,0001,0839,3019300010839,2026,3.3068537486930087
30,193,0001,0843,3019300010843,1589,3.2013971243204513
30,193,0001,0858,3019300010858,1388,3.1427022457376155
30,193,0001,0862,3019300010862,1336,3.1261314072619846
30,193,0001,0970,3019300010970,1150,3.0610753236297916
30,193,0001,0985,3019300010985,2047,3.3113299523037933
30,193,0001,099A,301930001099A,877,2.9434945159061026
30,193,0001,1004,3019300011004,1166,3.0670708560453703
30,193,0001,1019,3019300011019,1098,3.0409976924234905
30,193,0001,1023,3019300011023,3255,3.5126843962171637
30,193,0001,1038,3019300011038,0,0.0
30,193,0001,1042,3019300011042,0,0.0
30,193,0001,1057,3019300011057,1618,3.2092468487533736
30,193,0001,1061,3019300011061,2491,3.396548037987132
30,193,0001,1076,3019300011076,2188,3.3402457615679317
30,193,0001,1095,3019300011095,2648,3.423081958297231
30,193,0001,1108,3019300011108,2872,3.4583356259919475
30,193,0001,1131,3019300011131,1876,3.273464272621346
30,193,0001,1146,3019300011146,1620,3.209783014848515
30,193,0001,1150,3019300011150,2876,3.458939861890326
30,193,0001,1165,3019300011165,1881,3.274619619091238
30,193,0001,117A,301930001117A,3854,3.586024382386976
30,193,0001,1184,3019300011184,269,2.4313637641589874
30,193,0001,1199,3019300011199,330,2.519827993775719
30,193,0001,1201,3019300011201,391,2.593286067020457
30,193,0001,1216,3019300011216,335,2.526339277389844
30,193,0001,1220,3019300011220,427,2.6314437690131722
30,193,0001,1235,3019300011235,326,2.514547752660286
30,193,0001,124A,301930001124A,2249,3.3521825181113627
30,193,0001,1254,3019300011254,2301,3.362105319293773
30,193,0001,1269,3019300011269,2053,3.3126004392612596
30,193,0001,1292,3019300011292,4273,3.630834517828051
30,193,0001,1324,3019300011324,2306,3.3630475945210936
30,193,0001,1339,3019300011339,1883,3.2750808984568587
30,193,0001,1343,3019300011343,1316,3.119585774961784
30,193,0001,1358,3019300011358,3575,3.55339751012388
30,193,0001,1362,3019300011362,2455,3.3902283624691303
30,193,0001,1377,3019300011377,3284,3.5165353738957994
30,193,0001,1381,3019300011381,2974,3.4734869700645685
30,193,0001,1396,3019300011396,2088,3.3199384399803087
30,193,0001,1409,3019300011409,2281,3.358315640082196
30,193,0001,1413,3019300011413,1655,3.219060332448861
30,193,0001,1432,3019300011432,891,2.950364854376123
30,193,0001,1447,3019300011447,1543,3.188647295999717
30,193,0001,1451,3019300011451,1338,3.126780577012009
30,193,0001,1466,3019300011466,1349,3.130333768495006
30,193,0001,1470,3019300011470,2144,3.331427296520743
30,193,0001,1485,3019300011485,2219,3.346352974450639
30,193,0001,149A,301930001149A,1679,3.225309281725863
30,193,0001,1502,3019300011502,1581,3.1992064791616577
30,193,0001,1517,3019300011517,1931,3.2860071220794747
30,193,0001,1521,3019300011521,3187,3.5035183127240748
30,193,0001,1536,3019300011536,2585,3.4126285205443754
30,193,0001,1540,3019300011540,3225,3.508664363052943
30,193,0001,1555,3019300011555,2214,3.3453737305590883
30,193,0001,156A,301930001156A,2897,3.462098381135156
30,193,0001,1574,3019300011574,2113,3.3251049829714074
30,193,0001,1589,3019300011589,2583,3.4122925093230463
30,193,0001,1593,3019300011593,1786,3.252124552505644
30,193,0001,1606,3019300011606,1627,3.2116544005531824
30,193,0001,1610,3019300011610,1541,3.188084373714938
30,193,0001,1625,3019300011625,1607,3.2062860444124324
30,193,0001,163A,301930001163A,2516,3.4008832155483626
30,193,0001,1644,3019300011644,2787,3.4452927694259716
30,193,0001,1659,3019300011659,775,2.8898617212581885
30,193,0001,1663,3019300011663,772,2.888179493918325
30,193,0001,1678,3019300011678,3587,3.5548524343720547
30,193,0001,1682,3019300011682,2257,3.353723937588949
30,193,0001,1748,3019300011748,2445,3.3884564527002667
30,193,0001,1767,3019300011767,3539,3.5490032620257876
30,193,0001,1771,3019300011771,2622,3.4187982905903533
30,193,0001,1786,3019300011786,2165,3.3356584522893016
30,193,0001,1790,3019300011790,2128,3.3281756614383227
30,193,0001,1803,3019300011803,2225,3.3475251599986895
30,193,0001,1818,3019300011818,4630,3.665674780993893
30,193,0001,1822,3019300011822,1803,3.256236533205923
30,193,0001,1837,3019300011837,502,2.7015679850559273
30,193,0001,1841,3019300011841,3215,3.5073160400764136
30,193,0001,1856,3019300011856,3486,3.5424519473759766
30,193,0001,1860,3019300011860,2227,3.3479151865016914
30,193,0001,1875,3019300011875,3508,3.5451833682154064
30,193,0001,1894,3019300011894,2087,3.3197304943302246
30,193,0001,1907,3019300011907,2769,3.4424797690644486
30,193,0001,1911,3019300011911,3289,3.5171958979499744
30,193,0001,1930,3019300011930,1559,3.1931245983544616
30,193,0001,1945,3019300011945,1562,3.193958978019187
30,193,0001,195A,301930001195A,2048,3.311541958401195
30,193,0001,1998,3019300011998,2128,3.3281756614383227
30,193,0001,2093,3019300012093,547,2.738780558484369
30,193,0001,2106,3019300012106,0,0.0
30,193,0001,2110,3019300012110,2301,3.362105319293773
30,193,0001,213A,301930001213A,321,2.507855871695831
30,193,0001,2144,3019300012144,551,2.741939077729199
30,193,0001,2159,3019300012159,523,2.7193312869837265
30,193,0001,2163,3019300012163,926,2.967079734144497
30,193,0001,2178,3019300012178,2429,3.385606273598312
30,193,0001,2182,3019300012182,610,2.786041210242554
30,193,0001,220A,301930001220A,892,2.9508514588885464
30,193,0001,2322,3019300012322,1361,3.1341771075767664
30,193,0001,2337,3019300012337,923,2.9656719712201065
30,193,0001,2341,3019300012341,1438,3.158060793936605
30,193,0001,2356,3019300012356,221,2.346352974450639
30,193,0001,2360,3019300012360,2155,3.3336487565147013
30,193,0001,2394,3019300012394,145,2.164352855784437
30,193,0001,2407,3019300012407,2172,3.3370597263205246
30,193,0001,2430,3019300012430,552,2.7427251313046983
30,193,0001,2445,3019300012445,2404,3.3811150807098507
30,193,0001,245A,301930001245A,219,2.342422680822206
30,193,0001,2464,3019300012464,143,2.1583624920952498
30,193,0001,2479,3019300012479,3080,3.4886916983169405
30,193,0001,2483,3019300012483,2949,3.469822015978163
30,193,0001,2515,3019300012515,2040,3.3098430047160705
30,193,0001,252A,301930001252A,55,1.7481880270062005
30,193,0001,2534,3019300012534,1029,3.012837224705172
30,193,0001,2549,3019300012549,3515,3.5460488664017342
30,193,0001,2553,3019300012553,661,2.8208579894397
30,193,0001,2568,3019300012568,801,2.9041743682841634
30,193,0001,2572,3019300012572,3387,3.5299434016586693
30,193,0001,2587,3019300012587,733,2.8656960599160706
30,193,0001,2591,3019300012591,104,2.0211892990699383
30,193,0001,2604,3019300012604,2945,3.469232742506612
30,193,0001,2619,3019300012619,1561,3.1936810295412816
30,193,0001,2623,3019300012623,894,2.951823035315912
30,193,0001,2638,3019300012638,38,1.591064607026499
30,193,0001,2676,3019300012676,3887,3.589726256254237
30,193,0001,2695,3019300012695,192,2.285557309007774
30,193,0001,2708,3019300012708,652,2.814913181275074
30,193,0001,277A,301930001277A,9213,3.9644482079166607
30,193,0001,2784,3019300012784,1572,3.196728722623287
30,193,0001,2799,3019300012799,1882,3.274850320016665
30,193,0001,2801,3019300012801,1986,3.298197867109815
30,193,0001,2816,3019300012816,91,1.9637878273455553
30,193,0001,2820,3019300012820,3413,3.5332635167787148
30,193,0001,2835,3019300012835,186,2.271841606536499
30,193,0001,284A,301930001284A,301,2.4800069429571505
30,193,0001,2888,3019300012888,2061,3.3142886609474975
30,193,0001,2892,3019300012892,1673,3.2237554536572413
30,193,0001,2939,3019300012939,897,2.9532763366673045
30,193,0001,2943,3019300012943,123,2.093421685162235
30,193,0001,2958,3019300012958,301,2.4800069429571505
30,193,0001,2996,3019300012996,703,2.847572659142112
30,193,0001,3000,3019300013000,0,0.0
30,193,0001,3119,3019300013119,1650,3.2177470732627937
30,193,0001,3246,3019300013246,343,2.53655844257153
30,193,0001,3250,3019300013250,3229,3.509202522331103
30,193,0001,3299,3019300013299,847,2.9283958522567137
30,193,0001,3301,3019300013301,963,2.984077033902831
30,193,0001,3316,3019300013316,590,2.7715874808812555
30,193,0001,3320,3019300013320,17,1.255272505103306
30,193,0001,3335,3019300013335,532,2.7267272090265724
30,193,0001,334A,301930001334A,117,2.0718820073061255
30,193,0001,3392,3019300013392,41,1.6232492903979006
30,193,0001,3405,3019300013405,394,2.59659709562646
30,193,0001,3439,3019300013439,756,2.8790958795000727
30,193,0001,3443,3019300013443,995,2.998259338423699
30,193,0001,3458,3019300013458,2273,3.356790460351716
30,193,0001,3462,3019300013462,2239,3.3502480183341627
30,193,0001,3477,3019300013477,495,2.6954816764901977
30,193,0001,3481,3019300013481,1726,3.237292337567459
30,193,0001,3496,3019300013496,1293,3.1119342763326814
30,193,0001,3509,3019300013509,422,2.6263403673750423
30,193,0001,3513,3019300013513,1682,3.226084115975824
30,193,0001,3528,3019300013528,325,2.513217600067939
30,193,0001,3566,3019300013566,34,1.5440680443502757
30,193,0001,359A,301930001359A,2060,3.3140779917792127
30,193,0060,2214,3019300602214,911,2.959994838328416
30,193,0060,2286,3019300602286,1683,3.226342087163631
30,193,0060,2290,3019300602290,1780,3.2506639194632436
30,193,0060,2303,3019300602303,3028,3.481299273332856
30,193,0060,2498,3019300602498,1686,3.2271150825891253
30,193,0060,2500,3019300602500,4536,3.6567687792660166
30,193,0060,2727,3019300602727,461,2.6646419755561257
30,193,0060,2869,3019300602869,225,2.3541084391474008
30,193,0060,3015,3019300603015,766,2.884795363948981
30,193,0070,1697,3019300701697,1480,3.1705550585212086
30,193,0070,170A,301930070170A,1632,3.212986184736668
30,193,0070,1714,3019300701714,591,2.77232170672292
30,193,0070,2017,3019300702017,171,2.2355284469075487
30,193,0070,2021,3019300702021,5,0.7781512503836436
30,193,0070,2036,3019300702036,10,1.0413926851582251
30,193,0070,302A,301930070302A,2,0.47712125471966244
30,193,0070,3123,3019300703123,3,0.6020599913279624
30,193,0070,3547,3019300703547,2,0.47712125471966244
30,193,0087,0754,3019300870754,1192,3.076640443670342
30,193,0087,0769,3019300870769,1835,3.2638726768652235
30,193,0087,0773,3019300870773,1342,3.1280760126687155
30,193,0087,0824,3019300870824,2448,3.388988785124714
30,193,0087,1729,3019300871729,3176,3.5020172148271476
30,193,0087,1733,3019300871733,1421,3.1528995963937474
30,193,0087,1964,3019300871964,1088,3.037027879755775
30,193,0087,1983,3019300871983,1596,3.203304916138483
30,193,0087,2252,3019300872252,487,2.6884198220027105
30,193,0087,2271,3019300872271,1680,3.225567713439471
30,193,0087,2712,3019300872712,430,2.6344772701607315
30,193,0087,2873,3019300872873,1498,3.1758016328482794
30,193,0087,2977,3019300872977,1972,3.295127085252191
30,193,0087,2981,3019300872981,4015,3.603793704136963
30,193,0087,3034,3019300873034,2401,3.3805730030668872
30,193,0087,3049,3019300873049,2907,3.463594402187
30,193,0087,3053,3019300873053,2665,3.4258601450778405
30,193,0087,3138,3019300873138,57,1.7634279935629373
30,193,0087,3142,3019300873142,93,1.9731278535996986
30,193,0087,3157,3019300873157,122,2.089905111439398
30,193,0087,3161,3019300873161,0,0.0
30,193,0087,327A,301930087327A,777,2.890979596989689
30,193,0087,3354,3019300873354,605,2.782472624166286
30,193,0087,3369,3019300873369,893,2.951337518795918
30,193,0087,3373,3019300873373,147,2.1702617153949575
30,193,0087,3532,3019300873532,263,2.4216039268698313
30,193,0087,3585,3019300873585,1708,3.232742062720737
30,193,0088,3763,3019300883763,1039,3.0170333392987803
30,193,0088,3778,3019300883778,782,2.8937617620579434
30,193,0088,3782,3019300883782,826,2.9175055095525466
30,193,0157,2905,3019301572905,3377,3.5286596452349897
30,193,0181,2411,3019301812411,1637,3.2143138974244
30,193,0181,2426,3019301812426,1723,3.236537261488694
30,193,0217,291A,301930217291A,2253,3.3529539117100877
30,193,0217,2924,3019302172924,4260,3.629511534200453
30,193,0217,3068,3019302173068,1017,3.00774777800074
30,193,0217,3072,3019302173072,2227,3.3479151865016914
30,193,0217,3087,3019302173087,4287,3.6322547766847135
30,193,0217,3091,3019302173091,1165,3.0666985504229953
30,193,0217,3570,3019302173570,1646,3.2166935991697545
30,193,0222,3212,3019302223212,4272,3.6307328928171967
30,193,0223,3208,3019302233208,4769,3.678518379040114
30,193,0228,3227,3019302283227,3809,3.5809249756756194
30,193,0228,3231,3019302283231,4143,3.6174197467371765
30,193,0228,3265,3019302283265,1252,3.09795107099415
30,193,0228,3388,3019302283388,1,0.3010299956639812
30,193,0228,3424,3019302283424,0,0.0
30,193,0230,3180,3019302303180,8014,3.9039035266901636
30,193,0230,3284,3019302303284,7568,3.879038505237237
30,193,0230,3551,3019302303551,5267,3.7216457662897464
30,193,0231,3195,3019302313195,10870,4.036269495742816
30,193,0232,3176,3019302323176,5300,3.7243578042264267
30,193,0239,3640,3019302393640,1657,3.2195845262142546
30,193,0239,3655,3019302393655,724,2.8603380065709936
30,193,0239,366A,301930239366A,185,2.2695129442179165
30,193,0239,3674,3019302393674,1052,3.0224283711854865
30,193,0239,3689,3019302393689,411,2.6148972160331345
30,193,0239,3693,3019302393693,686,2.8369567370595505
30,193,0240,3706,3019302403706,2161,3.3348556896172914
30,193,0240,3710,3019302403710,2418,3.3836358683618797
30,193,0240,3725,3019302403725,2122,3.326949994165999
30,193,0240,373A,301930240373A,1577,3.1981069988734014
30,193,0240,3744,3019302403744,2100,3.3224260524059526
30,193,0240,3759,3019302403759,1205,3.0813473078041325
30,193,0241,3797,3019302413797,2447,3.3888114134735234
30,193,0241,380A,301930241380A,849,2.929418925714293
30,193,0243,3617,3019302433617,2473,3.393399695293102
30,193,0243,3621,3019302433621,1682,3.226084115975824
30,193,0243,3636,3019302433636,2533,3.4038066105474227
30,193,0245,3829,3019302453829,1922,3.28397928423848
30,193,0245,3833,3019302453833,2646,3.422753941301348
30,193,0251,3814,3019302513814,2670,3.426673888021373
30,194,0001,0022,3019400010022,3770,3.5764565324056203
30,194,0005,0041,3019400050041,1605,3.205745540942662
30,194,0005,0056,3019400050056,2164,3.3354579006893843
30,195,0001,0034,3019500010034,2790,3.445759836488631
30,196,0001,0065,3019600010065,29,1.4771212547196624
30,196,0001,007A,301960001007A,2492,3.3967222785037734
30,196,0001,0099,3019600010099,1088,3.037027879755775
30,196,0001,0101,3019600010101,2037,3.3092041796704077
30,196,0001,0116,3019600010116,35,1.5563025007672873
30,197,0001,0039,3019700010039,80,1.9084850188786497
30,197,0001,0043,3019700010043,76,1.8864907251724818
30,197,0001,0058,3019700010058,1655,3.219060332448861
30,197,0001,0062,3019700010062,1237,3.0927206446840994
30,197,0001,0077,3019700010077,59,1.7781512503836436
30,197,0001,0081,3019700010081,44,1.6532125137753437
30,198,0001,0036,3019800010036,757,2.8796692056320534
30,199,0001,0029,3019900010029,8005,3.9034155857690864
30,199,0001,0033,3019900010033,144,2.161368002234975
30,199,0001,0048,3019900010048,1352,3.131297796597623
30,199,0001,0052,3019900010052,792,2.8992731873176036
30,199,0001,0067,3019900010067,166,2.2227164711475833
30,200,0001,0036,3020000010036,1046,3.0199466816788423
30,201,0001,0071,3020100010071,1203,3.0806264869218056
30,201,0001,0086,3020100010086,1147,3.059941888061955
30,201,0001,0090,3020100010090,2564,3.409087369447835
30,201,0001,0103,3020100010103,2541,3.4051755462179893
30,202,0001,0030,3020200010030,745,2.8727388274726686
30,203,0001,0023,3020300010023,3794,3.5792117802314993
30,204,0001,0020,3020400010020,1067,3.0285712526925375
30,204,0001,0035,3020400010035,1295,3.1126050015345745
30,204,0001,004A,302040001004A,1383,3.141136090120739
30,204,0001,0054,3020400010054,1718,3.2352758766870524
30,204,0001,0162,3020400010162,2682,3.428620672671939
30,204,0001,0177,3020400010177,2826,3.4513258084895195
30,204,0001,0209,3020400010209,2030,3.307709923404807
30,204,0001,0213,3020400010213,2287,3.3594560201209864
30,204,0001,0228,3020400010228,1917,3.282848602834645
30,204,0001,0232,3020400010232,270,2.432969290874406
30,204,0001,0270,3020400010270,480,2.682145076373832
30,204,0001,0285,3020400010285,651,2.81424759573192
30,204,0001,0317,3020400010317,128,2.110589710299249
30,204,0001,0321,3020400010321,20,1.3222192947339193
30,204,0001,0355,3020400010355,1317,3.119915410257991
30,204,0001,036A,302040001036A,1567,3.1953460583484197
30,204,0001,0374,3020400010374,2246,3.351603072419129
30,204,0001,0389,3020400010389,2174,3.337459261290656
30,204,0001,0410,3020400010410,1265,3.1024337056813365
30,204,0001,0425,3020400010425,918,2.9633155113861114
30,204,0001,043A,302040001043A,24,1.3979400086720377
30,204,0001,0444,3020400010444,173,2.2405492482826
30,204,0001,0459,3020400010459,68,1.8388490907372552
30,204,0001,0463,3020400010463,490,2.6910814921229687
30,204,0001,0482,3020400010482,1188,3.0751818546186915
30,204,0001,0497,3020400010497,1330,3.124178055474675
30,204,0001,050A,302040001050A,1336,3.1261314072619846
30,204,0001,0514,3020400010514,1103,3.0429690733931802
30,204,0001,0552,3020400010552,33,1.5314789170422551
30,204,0017,0529,3020400170529,1218,3.0860037056183818
30,204,0017,0533,3020400170533,999,3.0
30,204,0017,0548,3020400170548,1261,3.1010593549081156
30,205,0001,0028,3020500010028,1172,3.0692980121155293
30,205,0001,0032,3020500010032,1187,3.074816440645175
30,205,0001,0121,3020500010121,418,2.622214022966295
30,205,0001,0136,3020500010136,875,2.9425041061680806
30,205,0001,0140,3020500010140,974,2.989004615698537
30,205,0001,0193,3020500010193,77,1.8920946026904804
30,205,0001,0206,3020500010206,1568,3.1956229435869368
30,205,0001,0210,3020500010210,1600,3.2043913319193
30,205,0001,0244,3020500010244,568,2.7551122663950713
30,205,0001,0259,3020500010259,83,1.9242792860618816
30,205,0001,0263,3020500010263,384,2.5854607295085006
30,205,0001,0278,3020500010278,7,0.9030899869919435
30,206,0001,0010,3020600010010,707,2.850033257689769
30,206,0001,0044,3020600010044,2423,3.3845326154942486
30,206,0001,0059,3020600010059,2438,3.3872118003137306
30,206,0001,0063,3020600010063,2206,3.343802333161655
30,206,0001,0078,3020600010078,2096,3.3215984304653436
30,206,0001,0082,3020600010082,1929,3.285557309007774
30,206,0001,0097,3020600010097,2196,3.3418300569205104
30,206,0001,010A,302060001010A,1257,3.09968064110925
30,206,0001,0114,3020600010114,928,2.968015713993642
30,206,0001,0133,3020600010133,1022,3.00987563371216
30,206,0001,0148,3020600010148,77,1.8920946026904804
30,206,0001,0152,3020600010152,2302,3.362293937964231
30,206,0001,0167,3020600010167,1367,3.1360860973840974
30,206,0001,0171,3020600010171,982,2.9925535178321354
30,206,0001,0186,3020600010186,2054,3.312811826212088
30,206,0001,0190,3020600010190,624,2.7958800173440754
30,206,0001,0203,3020600010203,16,1.2304489213782739
30,206,0001,0218,3020600010218,1080,3.03382569395331
30,206,0001,0222,3020600010222,253,2.404833716619938
30,206,0001,0237,3020600010237,2119,3.326335860928751
30,207,0001,0041,3020700010041,1887,3.27600198996205
30,207,0001,0056,3020700010056,2092,3.3207692283386865
30,207,0001,0198,3020700010198,1024,3.010723865391773
30,207,0001,0200,3020700010200,2119,3.326335860928751
30,207,0001,0215,3020700010215,1928,3.2853322276438846
30,207,0001,022A,302070001022A,1673,3.2237554536572413
30,207,0001,0234,3020700010234,520,2.7168377232995247
30,207,0001,0268,3020700010268,26,1.4313637641589874
30,207,0001,0287,3020700010287,1284,3.1089031276673134
30,207,0001,0304,3020700010304,2072,3.3165993020938607
30,207,0001,0323,3020700010323,194,2.290034611362518
30,207,0001,0357,3020700010357,1026,3.0115704435972783
30,207,0001,0361,3020700010361,804,2.9057958803678687
30,207,0001,0376,3020700010376,15,1.2041199826559248
30,207,0001,0408,3020700010408,53,1.7323937598229686
30,207,0001,0412,3020700010412,10,1.0413926851582251
30,207,0001,0427,3020700010427,31,1.505149978319906
30,207,0025,0022,3020700250022,1120,3.049605612594973
30,207,0025,015A,302070025015A,1303,3.1152775913959014
30,207,0025,0164,3020700250164,1112,3.0464951643347082
30,207,0025,0253,3020700250253,20,1.3222192947339193
30,207,0025,0291,3020700250291,86,1.9395192526186185
30,207,0025,0338,3020700250338,136,2.1367205671564067
30,207,0025,0342,3020700250342,138,2.143014800254095
30,207,0025,0380,3020700250380,36,1.568201724066995
30,207,0025,0395,3020700250395,1,0.3010299956639812
30,207,0083,0179,3020700830179,1048,3.020775488193558
30,207,0083,0183,3020700830183,1083,3.0350292822023683
30,207,0084,0094,3020700840094,2524,3.40226138245468
30,208,0001,0015,3020800010015,1655,3.219060332448861
30,208,0001,002A,302080001002A,1021,3.009450895798694
30,208,0001,0034,3020800010034,1485,3.1720188094245563
30,208,0001,0049,3020800010049,1794,3.254064452914338
30,208,0001,0053,3020800010053,1544,3.1889284837608534
30,208,0001,0068,3020800010068,1939,3.287801729930226
30,208,0001,0072,3020800010072,1511,3.1795517911651876
30,208,0001,0087,3020800010087,1478,3.1699681739968923
30,208,0001,0091,3020800010091,1835,3.2638726768652235
30,208,0001,0104,3020800010104,733,2.8656960599160706
30,208,0001,0119,3020800010119,754,2.8779469516291885
30,208,0001,0123,3020800010123,982,2.9925535178321354
30,208,0001,0138,3020800010138,1023,3.010299956639812
30,208,0001,0176,3020800010176,10,1.0413926851582251
30,208,0001,0180,3020800010180,113,2.0569048513364727
30,208,0001,0195,3020800010195,42,1.6334684555795864
30,209,0001,0012,3020900010012,2589,3.413299764081252
30,209,0001,0027,3020900010027,3018,3.479863113023098
30,209,0001,0031,3020900010031,2562,3.408748606184244
30,209,0001,007A,302090001007A,284,2.45484486000851
30,209,0001,0084,3020900010084,43,1.6434526764861874
30,209,0001,0099,3020900010099,115,2.0644579892269186
30,210,0001,0263,3021000010263,1885,3.2755416884013098
30,210,0001,0278,3021000010278,1589,3.2013971243204513
30,210,0001,0282,3021000010282,320,2.506505032404872
30,210,0001,0297,3021000010297,377,2.5774917998372255
30,210,0001,030A,302100001030A,14,1.1760912590556813
30,210,0001,0314,3021000010314,55,1.7481880270062005
30,210,0001,0329,3021000010329,18,1.2787536009528289
30,211,0001,0010,3021100010010,2479,3.3944516808262164
30,211,0001,0025,3021100010025,1037,3.016197353512439
30,211,0001,003A,302110001003A,1591,3.20194306340165
30,211,0001,0044,3021100010044,1498,3.1758016328482794
30,211,0001,0222,3021100010222,128,2.110589710299249
30,211,0001,0237,3021100010237,25,1.414973347970818
30,211,0001,0241,3021100010241,26,1.4313637641589874
30,211,0001,0256,3021100010256,10,1.0413926851582251
30,211,0001,0260,3021100010260,44,1.6532125137753437
30,211,0035,0148,3021100350148,224,2.3521825181113627
30,211,0035,0152,3021100350152,1578,3.1983821300082944
30,211,0035,0167,3021100350167,340,2.5327543789924976
30,211,0035,0171,3021100350171,229,2.361727836017593
30,211,0053,0275,3021100530275,1385,3.141763230275788
30,211,0053,028A,302110053028A,1378,3.13956426617585
30,211,0095,0059,3021100950059,76,1.8864907251724818
30,211,0095,0063,3021100950063,705,2.8488047010518036
30,211,0095,0078,3021100950078,181,2.2600713879850747
30,211,0095,0082,3021100950082,830,2.919601023784111
30,211,0095,0097,3021100950097,463,2.6665179805548807
30,211,0095,010A,302110095010A,885,2.9474337218870508
30,211,0095,0114,3021100950114,821,2.9148718175400505
30,211,0095,0129,3021100950129,865,2.937517892017347
30,211,0095,0133,3021100950133,123,2.093421685162235
30,212,0001,0018,3021200010018,1350,3.130655349022031
30,212,0001,0022,3021200010022,858,2.9339931638312424
30,212,0001,0037,3021200010037,876,2.9429995933660407
30,212,0001,0107,3021200010107,48,1.6901960800285136
30,212,0001,0111,3021200010111,36,1.568201724066995
30,212,0001,0126,3021200010126,27,1.4471580313422192
30,212,0001,0130,3021200010130,41,1.6232492903979006
30,212,0001,0145,3021200010145,49,1.6989700043360187
30,212,0001,015A,302120001015A,62,1.7993405494535817
30,212,0001,0164,3021200010164,0,0.0
30,212,0001,0179,3021200010179,6,0.8450980400142568
