ENTIDAD,MUN,LOC,AGEB,CVEGEO,POBTOT,log_POBTOT
32,001,0001,0116,3200100010116,1303,3.1152775913959014
32,001,0001,0120,3200100010120,928,2.968015713993642
32,001,0001,0135,3200100010135,88,1.9493900066449128
32,001,0001,014A,320010001014A,145,2.164352855784437
32,001,0001,0154,3200100010154,11,1.0791812460476249
32,001,0001,0169,3200100010169,4,0.6989700043360189
32,001,0001,0173,3200100010173,0,0.0
32,001,0001,0188,3200100010188,129,2.113943352306837
32,002,0001,0081,3200200010081,824,2.916453948549925
32,002,0001,0096,3200200010096,526,2.7218106152125467
32,002,0001,0109,3200200010109,149,2.1760912590556813
32,002,0001,0113,3200200010113,120,2.0827853703164503
32,003,0001,0055,3200300010055,552,2.7427251313046983
32,003,0001,006A,320030001006A,644,2.8095597146352675
32,003,0001,0074,3200300010074,19,1.3010299956639813
32,003,0001,0089,3200300010089,6,0.8450980400142568
32,003,0001,0093,3200300010093,25,1.414973347970818
32,003,0001,0106,3200300010106,15,1.2041199826559248
32,003,0001,0110,3200300010110,4,0.6989700043360189
32,003,0001,0125,3200300010125,181,2.2600713879850747
32,004,0001,0067,3200400010067,1246,3.0958664534785427
32,004,0001,0118,3200400010118,295,2.4712917110589387
32,004,0001,0122,3200400010122,30,1.4913616938342726
32,004,0001,0137,3200400010137,706,2.8494194137968996
32,004,0001,0141,3200400010141,605,2.782472624166286
32,004,0001,0156,3200400010156,5,0.7781512503836436
32,004,0001,0160,3200400010160,4,0.6989700043360189
32,004,0001,0175,3200400010175,10,1.0413926851582251
32,004,0001,018A,320040001018A,0,0.0
32,004,0001,0194,3200400010194,0,0.0
32,004,0001,0207,3200400010207,0,0.0
32,004,0001,0211,3200400010211,4,0.6989700043360189
32,005,0001,0064,3200500010064,3347,3.5247854493212225
32,005,0001,0083,3200500010083,2449,3.3891660843645326
32,005,0001,0098,3200500010098,1644,3.216165902285993
32,005,0001,0219,3200500010219,3020,3.4801507252732806
32,005,0001,0223,3200500010223,1828,3.262213705476417
32,005,0001,0238,3200500010238,822,2.91539983521227
32,005,0001,0261,3200500010261,80,1.9084850188786497
32,005,0001,0280,3200500010280,210,2.3242824552976926
32,005,0001,0350,3200500010350,853,2.931457870689005
32,005,0001,0365,3200500010365,1338,3.126780577012009
32,005,0001,037A,320050001037A,1142,3.0580462303952816
32,005,0001,0384,3200500010384,931,2.9694159123539814
32,005,0001,0399,3200500010399,2021,3.3057811512549824
32,005,0001,0401,3200500010401,1496,3.1752218003430523
32,005,0001,0416,3200500010416,2128,3.3281756614383227
32,005,0001,0420,3200500010420,1572,3.196728722623287
32,005,0001,0435,3200500010435,1019,3.0086001717619175
32,005,0001,0473,3200500010473,8,0.9542425094393249
32,005,0001,0505,3200500010505,0,0.0
32,005,0001,0524,3200500010524,2319,3.3654879848909
32,005,0001,0539,3200500010539,416,2.6201360549737576
32,005,0001,0543,3200500010543,20,1.3222192947339193
32,005,0001,0581,3200500010581,54,1.7403626894942439
32,005,0001,0628,3200500010628,0,0.0
32,005,0001,0651,3200500010651,183,2.2648178230095364
32,005,0001,0666,3200500010666,292,2.4668676203541096
32,005,0001,0717,3200500010717,73,1.8692317197309762
32,005,0001,0721,3200500010721,160,2.2068258760318495
32,005,0001,0736,3200500010736,156,2.1958996524092336
32,005,0001,0740,3200500010740,1114,3.0472748673841794
32,005,0001,0755,3200500010755,6,0.8450980400142568
32,005,0001,076A,320050001076A,2190,3.3406423775607053
32,005,0001,0774,3200500010774,1166,3.0670708560453703
32,005,0001,0789,3200500010789,2227,3.3479151865016914
32,005,0001,0793,3200500010793,379,2.57978359661681
32,005,0001,0806,3200500010806,0,0.0
32,005,0001,0810,3200500010810,4,0.6989700043360189
32,005,0001,083A,320050001083A,211,2.326335860928751
32,005,0001,0844,3200500010844,0,0.0
32,005,0001,0859,3200500010859,171,2.2355284469075487
32,005,0001,0863,3200500010863,24,1.3979400086720377
32,005,0001,0878,3200500010878,93,1.9731278535996986
32,005,0001,0882,3200500010882,25,1.414973347970818
32,005,0001,0914,3200500010914,20,1.3222192947339193
32,005,0001,0929,3200500010929,814,2.9111576087399764
32,005,0001,0933,3200500010933,168,2.2278867046136734
32,005,0022,0149,3200500220149,2553,3.4072208929273966
32,005,0022,0153,3200500220153,2219,3.346352974450639
32,005,0022,0312,3200500220312,232,2.367355921026019
32,005,0022,044A,320050022044A,175,2.24551266781415
32,005,0022,0454,3200500220454,91,1.9637878273455553
32,005,0022,051A,320050022051A,64,1.8129133566428555
32,005,0022,0647,3200500220647,48,1.6901960800285136
32,005,0022,0825,3200500220825,94,1.9777236052888478
32,005,0022,0897,3200500220897,378,2.578639209968072
32,005,0022,090A,320050022090A,139,2.146128035678238
32,006,0001,0080,3200600010080,256,2.4099331233312946
32,006,0001,0095,3200600010095,1427,3.1547282074401557
32,006,0001,0108,3200600010108,1054,3.0232524596337114
32,006,0001,0127,3200600010127,722,2.859138297294531
32,006,0001,0131,3200600010131,897,2.9532763366673045
32,006,0001,0146,3200600010146,200,2.303196057420489
32,006,0001,0150,3200600010150,213,2.330413773349191
32,006,0001,0165,3200600010165,289,2.462397997898956
32,006,0001,017A,320060001017A,463,2.6665179805548807
32,006,0001,024A,320060001024A,3,0.6020599913279624
32,006,0001,0254,3200600010254,122,2.089905111439398
32,006,0001,0269,3200600010269,20,1.3222192947339193
32,006,0001,0273,3200600010273,269,2.4313637641589874
32,006,0001,0288,3200600010288,414,2.6180480967120925
32,006,0001,0305,3200600010305,24,1.3979400086720377
32,006,0001,0324,3200600010324,0,0.0
32,006,0001,0339,3200600010339,5,0.7781512503836436
32,006,0001,0343,3200600010343,0,0.0
32,007,0001,0302,3200700010302,59,1.7781512503836436
32,007,0001,0317,3200700010317,134,2.130333768495006
32,007,0001,050A,320070001050A,1446,3.1604685311190375
32,007,0001,0514,3200700010514,1424,3.153814864344529
32,007,0001,0529,3200700010529,987,2.9947569445876283
32,007,0001,0533,3200700010533,618,2.791690649020118
32,007,0001,0548,3200700010548,1143,3.058426024457005
32,007,0001,0552,3200700010552,918,2.9633155113861114
32,007,0001,0567,3200700010567,121,2.0863598306747484
32,007,0001,0571,3200700010571,1,0.3010299956639812
32,007,0001,0586,3200700010586,24,1.3979400086720377
32,007,0001,0590,3200700010590,40,1.6127838567197355
32,007,0001,0603,3200700010603,0,0.0
32,008,0001,0051,3200800010051,1434,3.156851901070011
32,008,0001,0066,3200800010066,1177,3.0711452904510828
32,008,0001,0085,3200800010085,1361,3.1341771075767664
32,008,0001,009A,320080001009A,1369,3.1367205671564067
32,008,0001,0102,3200800010102,514,2.711807229041191
32,008,0001,016A,320080001016A,8,0.9542425094393249
32,008,0001,0174,3200800010174,280,2.44870631990508
32,008,0001,0189,3200800010189,920,2.964259630196849
32,008,0001,0193,3200800010193,1385,3.141763230275788
32,008,0001,023A,320080001023A,32,1.5185139398778875
32,008,0001,0244,3200800010244,7,0.9030899869919435
32,008,0001,0259,3200800010259,36,1.568201724066995
32,008,0001,0263,3200800010263,22,1.3617278360175928
32,008,0001,0297,3200800010297,14,1.1760912590556813
32,008,0001,030A,320080001030A,56,1.7558748556724915
32,008,0001,0314,3200800010314,163,2.214843848047698
32,008,0001,0329,3200800010329,438,2.6424645202421213
32,008,0001,0333,3200800010333,85,1.9344984512435677
32,008,0001,0348,3200800010348,106,2.0293837776852097
32,008,0001,0352,3200800010352,37,1.5797835966168101
32,008,0001,0367,3200800010367,19,1.3010299956639813
32,008,0001,0371,3200800010371,0,0.0
32,008,0001,0386,3200800010386,0,0.0
32,009,0001,0129,3200900010129,944,2.975431808509263
32,009,0001,0133,3200900010133,735,2.866877814337499
32,009,0001,0148,3200900010148,671,2.8273692730538253
32,009,0001,0152,3200900010152,1231,3.090610707828407
32,009,0001,0294,3200900010294,126,2.103803720955957
32,009,0001,0307,3200900010307,0,0.0
32,009,0001,0311,3200900010311,0,0.0
32,009,0001,0326,3200900010326,18,1.2787536009528289
32,009,0001,0330,3200900010330,12,1.1139433523068367
32,009,0001,0345,3200900010345,0,0.0
32,009,0001,035A,320090001035A,5,0.7781512503836436
32,009,0001,0364,3200900010364,29,1.4771212547196624
32,009,0001,0379,3200900010379,41,1.6232492903979006
32,009,0001,0383,3200900010383,4,0.6989700043360189
32,010,0001,0505,3201000010505,1836,3.2641091563058082
32,010,0001,051A,320100001051A,2973,3.4733409641859354
32,010,0001,0524,3201000010524,3922,3.593618308129536
32,010,0001,0539,3201000010539,3504,3.5446880223026773
32,010,0001,0558,3201000010558,2197,3.3420276880874717
32,010,0001,0577,3201000010577,2016,3.3047058982127653
32,010,0001,0863,3201000010863,2316,3.364926033789976
32,010,0001,0878,3201000010878,2587,3.4129642719966626
32,010,0001,0882,3201000010882,2618,3.418135498425232
32,010,0001,0914,3201000010914,1411,3.149834696715785
32,010,0001,0952,3201000010952,661,2.8208579894397
32,010,0001,0967,3201000010967,1302,3.1149444157125847
32,010,0001,0986,3201000010986,3176,3.5020172148271476
32,010,0001,0990,3201000010990,1939,3.287801729930226
32,010,0001,1005,3201000011005,2180,3.3386556655787003
32,010,0001,101A,320100001101A,1371,3.137354111370733
32,010,0001,1096,3201000011096,570,2.756636108245848
32,010,0001,1109,3201000011109,847,2.9283958522567137
32,010,0001,1151,3201000011151,1781,3.250907699700856
32,010,0001,1787,3201000011787,2772,3.4429498695778618
32,010,0001,1804,3201000011804,1402,3.1470576710283598
32,010,0001,1819,3201000011819,1919,3.2833012287035497
32,010,0001,1823,3201000011823,1637,3.2143138974244
32,010,0001,1842,3201000011842,2349,3.3710678622717363
32,010,0001,1857,3201000011857,2187,3.340047317661393
32,010,0001,1861,3201000011861,1702,3.231214647962601
32,010,0001,1880,3201000011880,1865,3.2709116394104814
32,010,0001,1895,3201000011895,2107,3.323870606540509
32,010,0001,1908,3201000011908,2108,3.3240765797394864
32,010,0001,1912,3201000011912,1831,3.2629254693318317
32,010,0001,1927,3201000011927,2315,3.3647385550553985
32,010,0001,1931,3201000011931,1701,3.230959555748569
32,010,0001,1946,3201000011946,2838,3.4531653925258574
32,010,0001,1950,3201000011950,2467,3.392345155361204
32,010,0001,1965,3201000011965,2414,3.382917135087531
32,010,0001,197A,320100001197A,1706,3.2322335211147335
32,010,0001,1999,3201000011999,3332,3.52283531366053
32,010,0001,2003,3201000012003,1320,3.1209028176145273
32,010,0001,2018,3201000012018,2396,3.379668034033654
32,010,0001,2022,3201000012022,1238,3.0930713063760633
32,010,0001,2037,3201000012037,2071,3.3163897510731952
32,010,0001,2126,3201000012126,774,2.88930170250631
32,010,0001,2130,3201000012130,355,2.5514499979728753
32,010,0001,215A,320100001215A,1972,3.295127085252191
32,010,0001,2164,3201000012164,170,2.2329961103921536
32,010,0001,2183,3201000012183,124,2.0969100130080562
32,010,0001,2198,3201000012198,217,2.3384564936046046
32,010,0001,2200,3201000012200,133,2.1271047983648077
32,010,0001,2215,3201000012215,734,2.8662873390841948
32,010,0001,2234,3201000012234,1661,3.220631019448092
32,010,0001,2291,3201000012291,41,1.6232492903979006
32,010,0001,2319,3201000012319,218,2.3404441148401185
32,010,0001,2427,3201000012427,1178,3.071513805095089
32,010,0001,2431,3201000012431,950,2.978180516937414
32,010,0001,2446,3201000012446,900,2.954724790979063
32,010,0001,2450,3201000012450,1740,3.240798771117331
32,010,0001,2465,3201000012465,1281,3.1078880251827985
32,010,0001,247A,320100001247A,1728,3.2377949932739227
32,010,0001,2484,3201000012484,1226,3.088844562727004
32,010,0001,2499,3201000012499,1075,3.0318122713303706
32,010,0001,2501,3201000012501,1854,3.268343913951065
32,010,0001,2516,3201000012516,1965,3.2935835134961167
32,010,0001,2520,3201000012520,2309,3.3636119798921444
32,010,0001,2535,3201000012535,2311,3.3639878297484915
32,010,0001,2639,3201000012639,3,0.6020599913279624
32,010,0001,2677,3201000012677,116,2.0681858617461617
32,010,0001,2681,3201000012681,11,1.0791812460476249
32,010,0001,2696,3201000012696,402,2.6053050461411096
32,010,0001,2747,3201000012747,0,0.0
32,010,0001,2751,3201000012751,0,0.0
32,010,0001,279A,320100001279A,888,2.9489017609702137
32,010,0001,2802,3201000012802,2115,3.325515663363148
32,010,0001,2817,3201000012817,331,2.5211380837040362
32,010,0001,2836,3201000012836,521,2.717670503002262
32,010,0001,2840,3201000012840,869,2.9395192526186187
32,010,0001,2855,3201000012855,1282,3.1082266563749283
32,010,0001,286A,320100001286A,163,2.214843848047698
32,010,0001,2874,3201000012874,1755,3.244524511570084
32,010,0001,2889,3201000012889,1126,3.0519239160461065
32,010,0001,2893,3201000012893,387,2.5888317255942073
32,010,0001,2906,3201000012906,106,2.0293837776852097
32,010,0001,2910,3201000012910,702,2.846955325019824
32,010,0001,293A,320100001293A,90,1.9590413923210936
32,010,0001,2944,3201000012944,0,0.0
32,010,0001,2963,3201000012963,1756,3.244771761495295
32,010,0001,2978,3201000012978,1822,3.2607866686549762
32,010,0001,2982,3201000012982,310,2.4927603890268375
32,010,0001,2997,3201000012997,94,1.9777236052888478
32,010,0001,3232,3201000013232,0,0.0
32,010,0001,3251,3201000013251,613,2.788168371141168
32,010,0001,336A,320100001336A,0,0.0
32,010,0001,3374,3201000013374,206,2.315970345456918
32,010,0001,3393,3201000013393,2699,3.4313637641589874
32,010,0001,3406,3201000013406,0,0.0
32,010,0001,3410,3201000013410,0,0.0
32,010,0001,3425,3201000013425,100,2.0043213737826426
32,010,0001,343A,320100001343A,1226,3.088844562727004
32,010,0001,3444,3201000013444,0,0.0
32,010,0001,3459,3201000013459,277,2.444044795918076
32,010,0001,3463,3201000013463,3,0.6020599913279624
32,010,0001,3478,3201000013478,897,2.9532763366673045
32,010,0001,3482,3201000013482,9,1.0
32,010,0001,3497,3201000013497,2,0.47712125471966244
32,010,0001,350A,320100001350A,776,2.890421018800914
32,010,0001,3622,3201000013622,10,1.0413926851582251
32,010,0001,3637,3201000013637,572,2.75815462196739
32,010,0001,3641,3201000013641,32,1.5185139398778875
32,010,0001,3656,3201000013656,0,0.0
32,010,0001,3660,3201000013660,1918,3.2830749747354715
32,010,0001,368A,320100001368A,19,1.3010299956639813
32,010,0001,3694,3201000013694,588,2.7701152947871015
32,010,0001,3707,3201000013707,0,0.0
32,010,0001,3711,3201000013711,117,2.0718820073061255
32,010,0001,3726,3201000013726,0,0.0
32,010,0001,3730,3201000013730,46,1.6720978579357175
32,010,0001,3745,3201000013745,76,1.8864907251724818
32,010,0001,375A,320100001375A,589,2.7708520116421442
32,010,0001,3764,3201000013764,1152,3.061829307294699
32,010,0001,3783,3201000013783,83,1.9242792860618816
32,010,0001,3798,3201000013798,0,0.0
32,010,0001,3800,3201000013800,389,2.591064607026499
32,010,0001,3815,3201000013815,4,0.6989700043360189
32,010,0001,382A,320100001382A,92,1.968482948553935
32,010,0001,3834,3201000013834,106,2.0293837776852097
32,010,0001,3849,3201000013849,19,1.3010299956639813
32,010,0001,3853,3201000013853,2826,3.4513258084895195
32,010,0001,3868,3201000013868,219,2.342422680822206
32,010,0001,4048,3201000014048,427,2.6314437690131722
32,010,0001,4052,3201000014052,0,0.0
32,010,0001,4067,3201000014067,0,0.0
32,010,0001,4071,3201000014071,257,2.41161970596323
32,010,0001,4086,3201000014086,1709,3.2329961103921536
32,010,0001,4103,3201000014103,234,2.3710678622717363
32,010,0001,4156,3201000014156,3,0.6020599913279624
32,010,0001,4160,3201000014160,0,0.0
32,010,0001,4175,3201000014175,0,0.0
32,010,0001,418A,320100001418A,12,1.1139433523068367
32,010,0001,4194,3201000014194,2,0.47712125471966244
32,010,0001,4207,3201000014207,46,1.6720978579357175
32,010,0001,4211,3201000014211,0,0.0
32,010,0001,4226,3201000014226,4,0.6989700043360189
32,010,0001,4230,3201000014230,8,0.9542425094393249
32,010,0001,4245,3201000014245,85,1.9344984512435677
32,010,0001,425A,320100001425A,0,0.0
32,010,0001,4264,3201000014264,6,0.8450980400142568
32,010,0001,4279,3201000014279,10,1.0413926851582251
32,010,0001,4283,3201000014283,29,1.4771212547196624
32,010,0001,4298,3201000014298,0,0.0
32,010,0001,4300,3201000014300,6,0.8450980400142568
32,010,0001,4315,3201000014315,22,1.3617278360175928
32,010,0001,432A,320100001432A,5,0.7781512503836436
32,010,0001,4334,3201000014334,6,0.8450980400142568
32,010,0001,4349,3201000014349,3,0.6020599913279624
32,010,0001,4457,3201000014457,13,1.146128035678238
32,010,0001,4461,3201000014461,80,1.9084850188786497
32,010,0106,254A,320100106254A,2342,3.369772288596963
32,010,0106,2554,3201001062554,1418,3.151982395457474
32,010,0106,261A,320100106261A,223,2.3502480183341627
32,010,0106,3020,3201001063020,4,0.6989700043360189
32,010,0106,3035,3201001063035,23,1.380211241711606
32,010,0106,4014,3201001064014,0,0.0
32,010,0135,2395,3201001352395,2,0.47712125471966244
32,010,0135,2408,3201001352408,32,1.5185139398778875
32,010,0135,2412,3201001352412,249,2.3979400086720375
32,010,0135,2569,3201001352569,2218,3.346157302232008
32,010,0135,2573,3201001352573,1342,3.1280760126687155
32,010,0135,3054,3201001353054,3,0.6020599913279624
32,010,0135,3069,3201001353069,28,1.462397997898956
32,010,0135,3355,3201001353355,0,0.0
32,010,0135,3389,3201001353389,127,2.1072099696478683
32,010,0135,3872,3201001353872,15,1.2041199826559248
32,010,0135,4442,3201001354442,40,1.6127838567197355
32,010,0165,1170,3201001651170,927,2.967547976218862
32,010,0165,1185,3201001651185,524,2.720159303405957
32,010,0165,2060,3201001652060,1307,3.1166077439882485
32,010,0165,2075,3201001652075,1144,3.0588054866759067
32,010,0165,2249,3201001652249,29,1.4771212547196624
32,010,0165,2338,3201001652338,221,2.346352974450639
32,010,0165,2342,3201001652342,69,1.845098040014257
32,010,0165,2588,3201001652588,629,2.7993405494535817
32,010,0165,2592,3201001652592,546,2.737987326333431
32,010,0165,2713,3201001652713,101,2.0086001717619175
32,010,0165,3073,3201001653073,24,1.3979400086720377
32,010,0165,3088,3201001653088,153,2.187520720836463
32,010,0165,3092,3201001653092,52,1.724275869600789
32,010,0165,3105,3201001653105,0,0.0
32,010,0165,3213,3201001653213,11,1.0791812460476249
32,010,0165,3228,3201001653228,21,1.3424226808222062
32,010,0165,3514,3201001653514,115,2.0644579892269186
32,010,0165,3529,3201001653529,11,1.0791812460476249
32,010,0165,3533,3201001653533,60,1.7853298350107671
32,010,0165,3548,3201001653548,11,1.0791812460476249
32,010,0165,3552,3201001653552,25,1.414973347970818
32,010,0165,3567,3201001653567,0,0.0
32,010,0165,3887,3201001653887,22,1.3617278360175928
32,010,0165,4353,3201001654353,30,1.4913616938342726
32,010,0165,4368,3201001654368,4,0.6989700043360189
32,010,0165,4372,3201001654372,11,1.0791812460476249
32,010,0165,4387,3201001654387,8,0.9542425094393249
32,010,0183,208A,320100183208A,1335,3.125806458139527
32,010,0183,2094,3201001832094,1270,3.104145550554008
32,010,0183,2107,3201001832107,1121,3.0499928569201424
32,010,0183,3317,3201001833317,0,0.0
32,010,0183,3571,3201001833571,6,0.8450980400142568
32,010,0183,3586,3201001833586,330,2.519827993775719
32,010,0183,3891,3201001833891,0,0.0
32,010,0183,4029,3201001834029,12,1.1139433523068367
32,010,0183,4391,3201001834391,34,1.5440680443502757
32,010,0183,4404,3201001834404,0,0.0
32,010,0183,4419,3201001834419,3,0.6020599913279624
32,010,0189,2728,3201001892728,1805,3.256717745977487
32,010,0189,2732,3201001892732,1522,3.1826999033360424
32,010,0189,3124,3201001893124,15,1.2041199826559248
32,010,0189,3139,3201001893139,140,2.1492191126553797
32,010,0189,3143,3201001893143,62,1.7993405494535817
32,010,0189,3158,3201001893158,10,1.0413926851582251
32,010,0189,3162,3201001893162,82,1.919078092376074
32,010,0189,3336,3201001893336,4,0.6989700043360189
32,010,0189,3340,3201001893340,182,2.2624510897304293
32,010,0189,3590,3201001893590,52,1.724275869600789
32,010,0189,3603,3201001893603,61,1.792391689498254
32,010,0189,3904,3201001893904,29,1.4771212547196624
32,010,0189,4423,3201001894423,17,1.255272505103306
32,010,0210,1043,3201002101043,1218,3.0860037056183818
32,010,0210,1058,3201002101058,1382,3.1408221801093106
32,010,0210,1062,3201002101062,1134,3.0549958615291417
32,010,0210,2380,3201002102380,18,1.2787536009528289
32,010,0210,3177,3201002103177,28,1.462397997898956
32,010,0210,3181,3201002103181,876,2.9429995933660407
32,010,0210,3196,3201002103196,607,2.783903579272735
32,010,0210,3266,3201002103266,126,2.103803720955957
32,010,0210,3270,3201002103270,6,0.8450980400142568
32,010,0210,3285,3201002103285,20,1.3222192947339193
32,010,0210,329A,320100210329A,46,1.6720978579357175
32,010,0210,3302,3201002103302,3,0.6020599913279624
32,010,0210,3618,3201002103618,0,0.0
32,010,0210,3919,3201002103919,0,0.0
32,010,0210,3923,3201002103923,0,0.0
32,010,0210,3938,3201002103938,18,1.2787536009528289
32,010,0210,3942,3201002103942,65,1.8195439355418688
32,010,0210,3957,3201002103957,17,1.255272505103306
32,010,0210,3961,3201002103961,21,1.3424226808222062
32,010,0210,3976,3201002103976,6,0.8450980400142568
32,010,0210,3980,3201002103980,27,1.4471580313422192
32,010,0210,3995,3201002103995,5,0.7781512503836436
32,010,0210,400A,320100210400A,18,1.2787536009528289
32,010,0210,4090,3201002104090,8,0.9542425094393249
32,010,0210,4118,3201002104118,8,0.9542425094393249
32,010,0210,4122,3201002104122,5,0.7781512503836436
32,010,0210,4137,3201002104137,66,1.8260748027008264
32,010,0210,4438,3201002104438,58,1.7708520116421442
32,010,0235,0187,3201002350187,2766,3.442009159140952
32,011,0001,0108,3201100010108,618,2.791690649020118
32,011,0001,0112,3201100010112,683,2.835056101720116
32,011,0001,0127,3201100010127,570,2.756636108245848
32,011,0001,0131,3201100010131,606,2.7831886910752575
32,011,0001,0146,3201100010146,8,0.9542425094393249
32,011,0001,0150,3201100010150,41,1.6232492903979006
32,011,0001,017A,320110001017A,34,1.5440680443502757
32,011,0001,0184,3201100010184,15,1.2041199826559248
32,011,0001,0199,3201100010199,8,0.9542425094393249
32,011,0001,0201,3201100010201,3,0.6020599913279624
32,011,0001,0216,3201100010216,48,1.6901960800285136
32,011,0001,0220,3201100010220,0,0.0
32,011,0001,0235,3201100010235,51,1.7160033436347992
32,011,0001,024A,320110001024A,36,1.568201724066995
32,012,0001,0177,3201200010177,728,2.8627275283179747
32,012,0001,0181,3201200010181,686,2.8369567370595505
32,012,0001,0196,3201200010196,0,0.0
32,012,0001,0209,3201200010209,14,1.1760912590556813
32,013,0001,0047,3201300010047,28,1.462397997898956
32,013,0001,0051,3201300010051,14,1.1760912590556813
32,013,0001,0066,3201300010066,224,2.3521825181113627
32,013,0001,009A,320130001009A,1037,3.016197353512439
32,013,0001,0102,3201300010102,1269,3.103803720955957
32,013,0001,0117,3201300010117,828,2.9185545305502734
32,013,0001,0121,3201300010121,168,2.2278867046136734
32,013,0001,0136,3201300010136,64,1.8129133566428555
32,013,0001,0140,3201300010140,71,1.8573324964312685
32,013,0001,0155,3201300010155,41,1.6232492903979006
32,013,0001,016A,320130001016A,13,1.146128035678238
32,013,0001,0174,3201300010174,180,2.2576785748691846
32,013,0001,0193,3201300010193,24,1.3979400086720377
32,013,0001,0206,3201300010206,325,2.513217600067939
32,013,0001,0210,3201300010210,0,0.0
32,013,0001,0225,3201300010225,188,2.2764618041732443
32,013,0001,023A,320130001023A,46,1.6720978579357175
32,014,0001,0491,3201400010491,1241,3.0941215958405612
32,014,0001,0504,3201400010504,676,2.8305886686851442
32,014,0001,0519,3201400010519,1186,3.074450718954591
32,014,0001,0523,3201400010523,731,2.864511081058392
32,014,0001,0538,3201400010538,720,2.857935264719429
32,014,0001,1038,3201400011038,33,1.5314789170422551
32,014,0001,1042,3201400011042,64,1.8129133566428555
32,014,0001,1061,3201400011061,11,1.0791812460476249
32,014,0001,1076,3201400011076,62,1.7993405494535817
32,014,0001,1080,3201400011080,0,0.0
32,014,0001,1095,3201400011095,54,1.7403626894942439
32,014,0001,1108,3201400011108,26,1.4313637641589874
32,014,0001,1112,3201400011112,5,0.7781512503836436
32,014,0001,1127,3201400011127,36,1.568201724066995
32,014,0001,1150,3201400011150,0,0.0
32,014,0001,1165,3201400011165,15,1.2041199826559248
32,014,0001,117A,320140001117A,10,1.0413926851582251
32,014,0001,1184,3201400011184,504,2.7032913781186614
32,014,0001,1199,3201400011199,37,1.5797835966168101
32,014,0001,1201,3201400011201,5,0.7781512503836436
32,014,0001,1216,3201400011216,40,1.6127838567197355
32,014,0001,1220,3201400011220,16,1.2304489213782739
32,014,0001,1235,3201400011235,222,2.3483048630481607
32,014,0001,124A,320140001124A,11,1.0791812460476249
32,014,0001,1254,3201400011254,4,0.6989700043360189
32,014,0001,1269,3201400011269,15,1.2041199826559248
32,014,0001,1273,3201400011273,9,1.0
32,014,0001,1288,3201400011288,25,1.414973347970818
32,014,0001,1292,3201400011292,0,0.0
32,014,0001,1305,3201400011305,3,0.6020599913279624
32,014,0001,131A,320140001131A,75,1.8808135922807914
32,014,0001,1324,3201400011324,8,0.9542425094393249
32,015,0001,0041,3201500010041,541,2.733999286538387
32,015,0001,008A,320150001008A,0,0.0
32,016,0001,0072,3201600010072,138,2.143014800254095
32,016,0001,0180,3201600010180,2059,3.3138672203691533
32,016,0001,0227,3201600010227,249,2.3979400086720375
32,016,0001,0231,3201600010231,12,1.1139433523068367
32,016,0001,0246,3201600010246,25,1.414973347970818
32,016,0001,0265,3201600010265,41,1.6232492903979006
32,016,0001,0301,3201600010301,0,0.0
32,016,0001,0316,3201600010316,5,0.7781512503836436
32,016,0001,0320,3201600010320,0,0.0
32,016,0001,0335,3201600010335,22,1.3617278360175928
32,016,0001,034A,320160001034A,946,2.9763499790032735
32,016,0001,0354,3201600010354,1078,3.0330214446829107
32,016,0001,0369,3201600010369,38,1.591064607026499
32,016,0001,0405,3201600010405,234,2.3710678622717363
32,016,0001,041A,320160001041A,2,0.47712125471966244
32,016,0001,0439,3201600010439,0,0.0
32,016,0001,0443,3201600010443,4,0.6989700043360189
32,016,0001,0458,3201600010458,20,1.3222192947339193
32,016,0001,0481,3201600010481,5,0.7781512503836436
32,016,0001,0496,3201600010496,7,0.9030899869919435
32,016,0001,0509,3201600010509,0,0.0
32,016,0001,0532,3201600010532,0,0.0
32,016,0001,0585,3201600010585,5,0.7781512503836436
32,016,0001,059A,320160001059A,0,0.0
32,016,0001,0617,3201600010617,4,0.6989700043360189
32,016,0017,0195,3201600170195,1251,3.097604328874411
32,016,0017,0208,3201600170208,1552,3.1911714557285586
32,016,0017,0212,3201600170212,132,2.123851640967086
32,016,0017,027A,320160017027A,8,0.9542425094393249
32,016,0017,0284,3201600170284,8,0.9542425094393249
32,016,0017,0299,3201600170299,1,0.3010299956639812
32,016,0017,0551,3201600170551,7,0.9030899869919435
32,016,0025,0138,3201600250138,1062,3.0265332645232967
32,016,0025,0142,3201600250142,740,2.869818207979328
32,016,0025,0157,3201600250157,624,2.7958800173440754
32,016,0025,0161,3201600250161,723,2.859738566197147
32,016,0025,0250,3201600250250,46,1.6720978579357175
32,016,0025,0373,3201600250373,59,1.7781512503836436
32,016,0025,0388,3201600250388,77,1.8920946026904804
32,016,0025,0392,3201600250392,0,0.0
32,016,0025,0424,3201600250424,21,1.3424226808222062
32,016,0025,0462,3201600250462,0,0.0
32,016,0025,0477,3201600250477,5,0.7781512503836436
32,016,0025,0566,3201600250566,0,0.0
32,016,0025,0570,3201600250570,0,0.0
32,016,0025,0602,3201600250602,13,1.146128035678238
32,017,0001,0192,3201700010192,2987,3.475380593143361
32,017,0001,0205,3201700010205,1572,3.196728722623287
32,017,0001,0224,3201700010224,870,2.9400181550076634
32,017,0001,0239,3201700010239,2324,3.3664229572259727
32,017,0001,0277,3201700010277,3705,3.5689054149828787
32,017,0001,0281,3201700010281,1241,3.0941215958405612
32,017,0001,0366,3201700010366,1045,3.0195316845312554
32,017,0001,0493,3201700010493,1353,3.1316186643491255
32,017,0001,0582,3201700010582,3034,3.482158695411276
32,017,0001,0597,3201700010597,2504,3.3988077302032647
32,017,0001,060A,320170001060A,1204,3.080987046910887
32,017,0001,0614,3201700010614,2685,3.4291060083326967
32,017,0001,0629,3201700010629,2144,3.331427296520743
32,017,0001,0633,3201700010633,1799,3.255272505103306
32,017,0001,0648,3201700010648,2657,3.4245549766067134
32,017,0001,0652,3201700010652,2097,3.3218054838575393
32,017,0001,0667,3201700010667,2276,3.3573630306151427
32,017,0001,0671,3201700010671,2202,3.343014497150768
32,017,0001,0686,3201700010686,2525,3.402433346219312
32,017,0001,0690,3201700010690,3154,3.498999363580153
32,017,0001,0703,3201700010703,1954,3.2911467617318855
32,017,0001,0718,3201700010718,1794,3.254064452914338
32,017,0001,0722,3201700010722,1585,3.200303182981585
32,017,0001,0737,3201700010737,3191,3.5040628826786917
32,017,0001,0741,3201700010741,3623,3.5591881890047756
32,017,0001,0756,3201700010756,2583,3.4122925093230463
32,017,0001,0775,3201700010775,1058,3.024895960107485
32,017,0001,0845,3201700010845,564,2.7520484478194387
32,017,0001,085A,320170001085A,729,2.863322860120456
32,017,0001,0864,3201700010864,3025,3.4808689236871677
32,017,0001,0879,3201700010879,787,2.8965262174895554
32,017,0001,0883,3201700010883,2666,3.4260230156898763
32,017,0001,0898,3201700010898,366,2.5646660642520893
32,017,0001,092A,320170001092A,1188,3.0751818546186915
32,017,0001,0934,3201700010934,910,2.9595183769729982
32,017,0001,0949,3201700010949,2486,3.395675785269936
32,017,0001,0953,3201700010953,4,0.6989700043360189
32,017,0001,0968,3201700010968,153,2.187520720836463
32,017,0001,0987,3201700010987,81,1.9138138523837167
32,017,0001,1129,3201700011129,1999,3.3010299956639813
32,017,0001,1133,3201700011133,1379,3.1398790864012365
32,017,0001,1148,3201700011148,1720,3.2357808703275603
32,017,0001,1152,3201700011152,2352,3.3716219271760215
32,017,0001,1167,3201700011167,1918,3.2830749747354715
32,017,0001,1171,3201700011171,2099,3.322219294733919
32,017,0001,1186,3201700011186,3846,3.5851221863068155
32,017,0001,1275,3201700011275,1719,3.2355284469075487
32,017,0001,128A,320170001128A,20,1.3222192947339193
32,017,0001,1383,3201700011383,1094,3.0394141191761372
32,017,0001,1398,3201700011398,1091,3.0382226383687185
32,017,0001,1400,3201700011400,2294,3.36078268987328
32,017,0001,1415,3201700011415,2644,3.4224256763712044
32,017,0001,142A,320170001142A,437,2.6414741105040997
32,017,0001,1434,3201700011434,1368,3.13640344813399
32,017,0001,1449,3201700011449,499,2.6989700043360187
32,017,0001,1453,3201700011453,0,0.0
32,017,0001,1468,3201700011468,47,1.6812412373755872
32,017,0001,1472,3201700011472,971,2.9876662649262746
32,017,0001,1487,3201700011487,59,1.7781512503836436
32,017,0001,1519,3201700011519,914,2.9614210940664485
32,017,0001,1538,3201700011538,1859,3.2695129442179165
32,017,0001,1542,3201700011542,1397,3.1455071714096627
32,017,0001,1561,3201700011561,1803,3.256236533205923
32,017,0001,1576,3201700011576,589,2.7708520116421442
32,017,0001,1595,3201700011595,110,2.0453229787866576
32,017,0001,1608,3201700011608,218,2.3404441148401185
32,017,0001,1612,3201700011612,16,1.2304489213782739
32,017,0001,1631,3201700011631,82,1.919078092376074
32,017,0001,1646,3201700011646,1232,3.0909630765957314
32,017,0001,1650,3201700011650,663,2.8221680793680175
32,017,0001,1665,3201700011665,120,2.0827853703164503
32,017,0001,167A,320170001167A,2656,3.4243915544102776
32,017,0001,1684,3201700011684,6,0.8450980400142568
32,017,0001,1699,3201700011699,741,2.870403905279027
32,017,0001,1701,3201700011701,149,2.1760912590556813
32,017,0001,1754,3201700011754,102,2.012837224705172
32,017,0001,1769,3201700011769,856,2.932980821923198
32,017,0001,1773,3201700011773,4,0.6989700043360189
32,017,0001,1788,3201700011788,1231,3.090610707828407
32,017,0001,1792,3201700011792,277,2.444044795918076
32,017,0001,1805,3201700011805,383,2.584331224367531
32,017,0001,181A,320170001181A,51,1.7160033436347992
32,017,0001,1824,3201700011824,150,2.1789769472931693
32,017,0001,1839,3201700011839,82,1.919078092376074
32,017,0001,1843,3201700011843,56,1.7558748556724915
32,017,0001,1858,3201700011858,1178,3.071513805095089
32,017,0001,1881,3201700011881,60,1.7853298350107671
32,017,0001,1896,3201700011896,25,1.414973347970818
32,017,0001,1909,3201700011909,2204,3.3434085938038574
32,017,0001,1913,3201700011913,33,1.5314789170422551
32,017,0001,1928,3201700011928,259,2.4149733479708178
32,017,0001,1932,3201700011932,0,0.0
32,017,0001,1951,3201700011951,711,2.8524799936368566
32,017,0001,1966,3201700011966,3725,3.571242850560224
32,017,0001,1970,3201700011970,347,2.5415792439465807
32,017,0001,199A,320170001199A,84,1.9294189257142926
32,017,0001,2023,3201700012023,1946,3.2893659515200318
32,017,0001,2038,3201700012038,118,2.0755469613925306
32,017,0001,2042,3201700012042,33,1.5314789170422551
32,017,0001,2057,3201700012057,674,2.829303772831025
32,017,0001,2061,3201700012061,45,1.662757831681574
32,017,0001,2076,3201700012076,833,2.921166050637739
32,017,0001,2080,3201700012080,156,2.1958996524092336
32,017,0001,2095,3201700012095,874,2.942008053022313
32,017,0001,2108,3201700012108,0,0.0
32,017,0001,2112,3201700012112,580,2.7641761323903307
32,017,0001,2220,3201700012220,5235,3.718999637878718
32,017,0001,2235,3201700012235,4549,3.6580113966571126
32,017,0001,224A,320170001224A,346,2.5403294747908736
32,017,0001,2254,3201700012254,588,2.7701152947871015
32,017,0001,2269,3201700012269,437,2.6414741105040997
32,017,0001,2273,3201700012273,1787,3.2523675144598987
32,017,0001,2288,3201700012288,2669,3.4265112613645754
32,017,0001,2292,3201700012292,199,2.3010299956639813
32,017,0001,2305,3201700012305,525,2.7209857441537393
32,017,0001,231A,320170001231A,294,2.469822015978163
32,017,0001,2324,3201700012324,127,2.1072099696478683
32,017,0001,2339,3201700012339,806,2.90687353472207
32,017,0001,2343,3201700012343,589,2.7708520116421442
32,017,0001,2358,3201700012358,731,2.864511081058392
32,017,0001,2362,3201700012362,1225,3.0884904701823963
32,017,0001,2413,3201700012413,197,2.296665190261531
32,017,0001,2432,3201700012432,91,1.9637878273455553
32,017,0001,2447,3201700012447,209,2.322219294733919
32,017,0001,2451,3201700012451,20,1.3222192947339193
32,017,0001,2466,3201700012466,211,2.326335860928751
32,017,0001,2470,3201700012470,0,0.0
32,017,0001,2485,3201700012485,8,0.9542425094393249
32,017,0001,249A,320170001249A,111,2.0492180226701815
32,017,0001,2502,3201700012502,446,2.6503075231319366
32,017,0001,2517,3201700012517,1504,3.1775364999298623
32,017,0001,2521,3201700012521,0,0.0
32,017,0001,2536,3201700012536,0,0.0
32,017,0001,2540,3201700012540,17,1.255272505103306
32,017,0001,2555,3201700012555,408,2.611723308007342
32,017,0001,256A,320170001256A,374,2.574031267727719
32,017,0001,2574,3201700012574,107,2.03342375548695
32,017,0001,2589,3201700012589,0,0.0
32,017,0001,2593,3201700012593,55,1.7481880270062005
32,017,0001,2606,3201700012606,652,2.814913181275074
32,017,0001,2610,3201700012610,251,2.401400540781544
32,017,0001,2625,3201700012625,831,2.920123326290724
32,017,0001,263A,320170001263A,287,2.459392487759231
32,017,0001,2644,3201700012644,143,2.1583624920952498
32,017,0001,2659,3201700012659,407,2.61066016308988
32,017,0001,2663,3201700012663,73,1.8692317197309762
32,017,0001,2678,3201700012678,0,0.0
32,017,0001,2682,3201700012682,12,1.1139433523068367
32,017,0001,2697,3201700012697,230,2.3636119798921444
32,017,0001,270A,320170001270A,0,0.0
32,017,0001,2714,3201700012714,6,0.8450980400142568
32,017,0001,2729,3201700012729,36,1.568201724066995
32,017,0001,2771,3201700012771,0,0.0
32,017,0001,2818,3201700012818,486,2.6875289612146345
32,017,0001,2822,3201700012822,264,2.423245873936808
32,017,0001,2837,3201700012837,356,2.552668216112193
32,017,0001,2841,3201700012841,330,2.519827993775719
32,017,0001,2856,3201700012856,619,2.792391689498254
32,017,0001,2860,3201700012860,1312,3.118264726089479
32,017,0001,2875,3201700012875,130,2.1172712956557644
32,017,0001,288A,320170001288A,1946,3.2893659515200318
32,017,0001,2894,3201700012894,86,1.9395192526186185
32,017,0001,2907,3201700012907,377,2.5774917998372255
32,017,0001,2911,3201700012911,62,1.7993405494535817
32,017,0001,2926,3201700012926,2164,3.3354579006893843
32,017,0001,2930,3201700012930,2088,3.3199384399803087
32,017,0001,2945,3201700012945,153,2.187520720836463
32,017,0001,295A,320170001295A,143,2.1583624920952498
32,017,0001,2964,3201700012964,85,1.9344984512435677
32,017,0001,2979,3201700012979,365,2.5634810853944106
32,017,0001,2998,3201700012998,2266,3.3554515201265174
32,017,0001,3002,3201700013002,679,2.832508912706236
32,017,0001,3017,3201700013017,12,1.1139433523068367
32,017,0009,2184,3201700092184,1277,3.1065308538223815
32,017,0009,2199,3201700092199,864,2.9370161074648142
32,017,0009,2201,3201700092201,1441,3.15896526038341
32,017,0009,2216,3201700092216,1228,3.089551882886454
32,017,0009,2428,3201700092428,748,2.8744818176994666
32,017,0009,2733,3201700092733,0,0.0
32,017,0009,2748,3201700092748,1,0.3010299956639812
32,017,0009,2786,3201700092786,0,0.0
32,017,0009,2790,3201700092790,16,1.2304489213782739
32,017,0009,2803,3201700092803,11,1.0791812460476249
32,017,0029,1097,3201700291097,1252,3.09795107099415
32,017,0029,135A,320170029135A,1177,3.0711452904510828
32,017,0029,1364,3201700291364,873,2.941511432634403
32,017,0029,1627,3201700291627,142,2.155336037465062
32,017,0029,2127,3201700292127,7,0.9030899869919435
32,017,0029,2131,3201700292131,12,1.1139433523068367
32,017,0029,2983,3201700292983,72,1.863322860120456
32,017,0039,0309,3201700390309,1838,3.2645817292380777
32,017,0039,0313,3201700390313,552,2.7427251313046983
32,017,0039,0328,3201700390328,1762,3.246252312299322
32,017,0039,0402,3201700390402,1070,3.029789470831856
32,017,0039,0417,3201700390417,1024,3.010723865391773
32,017,0039,0421,3201700390421,1084,3.0354297381845483
32,017,0039,0440,3201700390440,780,2.8926510338773004
32,017,0039,0900,3201700390900,595,2.7752462597402365
32,017,0039,1203,3201700391203,6,0.8450980400142568
32,017,0039,1218,3201700391218,44,1.6532125137753437
32,017,0039,1294,3201700391294,3,0.6020599913279624
32,017,0039,1307,3201700391307,8,0.9542425094393249
32,017,0039,1311,3201700391311,35,1.5563025007672873
32,017,0039,1326,3201700391326,0,0.0
32,017,0039,1330,3201700391330,598,2.7774268223893115
32,017,0039,1345,3201700391345,440,2.6444385894678386
32,017,0039,1716,3201700391716,50,1.7075701760979363
32,017,0039,1720,3201700391720,34,1.5440680443502757
32,017,0039,1985,3201700391985,9,1.0
32,017,0039,2146,3201700392146,5,0.7781512503836436
32,017,0039,2381,3201700392381,55,1.7481880270062005
32,017,0039,2396,3201700392396,91,1.9637878273455553
32,017,0039,2767,3201700392767,0,0.0
32,017,0042,1735,3201700421735,2111,3.3246939138617746
32,017,0042,174A,320170042174A,1602,3.204933522354145
32,017,0042,1862,3201700421862,14,1.1760912590556813
32,017,0042,1877,3201700421877,5,0.7781512503836436
32,017,0042,2752,3201700422752,25,1.414973347970818
32,017,0043,0811,3201700430811,1614,3.2081725266671217
32,017,0043,0826,3201700430826,1460,3.1646502159342966
32,017,0043,0830,3201700430830,1191,3.076276255404218
32,017,0043,1580,3201700431580,0,0.0
32,017,0043,2004,3201700432004,14,1.1760912590556813
32,017,0043,2019,3201700432019,19,1.3010299956639813
32,017,0043,2165,3201700432165,0,0.0
32,017,0043,217A,320170043217A,32,1.5185139398778875
32,017,0043,2377,3201700432377,22,1.3617278360175928
32,017,0043,2409,3201700432409,4,0.6989700043360189
32,018,0001,0109,3201800010109,863,2.936513742478893
32,018,0001,0147,3201800010147,9,1.0
32,018,0001,0151,3201800010151,0,0.0
32,018,0001,0170,3201800010170,245,2.3909351071033793
32,018,0001,0185,3201800010185,6,0.8450980400142568
32,018,0001,019A,320180001019A,485,2.6866362692622934
32,018,0001,0202,3201800010202,195,2.292256071356476
32,018,0001,0217,3201800010217,3,0.6020599913279624
32,019,0001,0106,3201900010106,1690,3.2281436075977417
32,019,0001,0110,3201900010110,1599,3.2041199826559246
32,019,0001,0125,3201900010125,913,2.960946195733831
32,019,0001,013A,320190001013A,1838,3.2645817292380777
32,019,0001,0159,3201900010159,694,2.8419848045901137
32,019,0001,0163,3201900010163,855,2.932473764677153
32,019,0001,0267,3201900010267,1845,3.266231696689893
32,019,0001,0271,3201900010271,1497,3.1755118133634475
32,019,0001,0290,3201900010290,870,2.9400181550076634
32,019,0001,0303,3201900010303,814,2.9111576087399764
32,019,0001,0318,3201900010318,952,2.979092900638326
32,019,0001,0322,3201900010322,665,2.823474229170301
32,019,0001,0337,3201900010337,37,1.5797835966168101
32,019,0001,0375,3201900010375,10,1.0413926851582251
32,019,0001,0407,3201900010407,12,1.1139433523068367
32,019,0001,0411,3201900010411,64,1.8129133566428555
32,019,0001,0426,3201900010426,102,2.012837224705172
32,019,0001,0430,3201900010430,14,1.1760912590556813
32,019,0001,0445,3201900010445,0,0.0
32,019,0001,045A,320190001045A,33,1.5314789170422551
32,019,0001,0464,3201900010464,11,1.0791812460476249
32,019,0001,0479,3201900010479,233,2.369215857410143
32,019,0001,0483,3201900010483,16,1.2304489213782739
32,019,0001,0498,3201900010498,74,1.8750612633917
32,019,0001,0500,3201900010500,10,1.0413926851582251
32,019,0001,0515,3201900010515,7,0.9030899869919435
32,019,0001,052A,320190001052A,68,1.8388490907372552
32,019,0001,0534,3201900010534,23,1.380211241711606
32,019,0001,0549,3201900010549,10,1.0413926851582251
32,019,0001,0553,3201900010553,6,0.8450980400142568
32,019,0001,0568,3201900010568,0,0.0
32,019,0001,0572,3201900010572,0,0.0
32,019,0001,0587,3201900010587,5,0.7781512503836436
32,019,0001,0591,3201900010591,6,0.8450980400142568
32,019,0001,0604,3201900010604,6,0.8450980400142568
32,019,0001,0619,3201900010619,0,0.0
32,019,0001,0623,3201900010623,8,0.9542425094393249
32,019,0001,0638,3201900010638,53,1.7323937598229686
32,019,0001,0642,3201900010642,4,0.6989700043360189
32,019,0001,0657,3201900010657,247,2.3944516808262164
32,020,0001,0145,3202000010145,2014,3.3042750504771283
32,020,0001,015A,320200001015A,1488,3.1728946977521764
32,020,0001,0164,3202000010164,2742,3.4382258076045296
32,020,0001,0179,3202000010179,873,2.941511432634403
32,020,0001,0234,3202000010234,2358,3.3727279408855955
32,020,0001,0249,3202000010249,2713,3.433609843323718
32,020,0001,0272,3202000010272,1065,3.0277572046905536
32,020,0001,0291,3202000010291,1073,3.0310042813635367
32,020,0001,0319,3202000010319,1105,3.0437551269686796
32,020,0001,0323,3202000010323,219,2.342422680822206
32,020,0001,0338,3202000010338,941,2.9740509027928774
32,020,0001,0342,3202000010342,1288,3.110252917353403
32,020,0001,0357,3202000010357,1896,3.2780673308886628
32,020,0001,0361,3202000010361,764,2.8836614351536176
32,020,0001,0376,3202000010376,670,2.826722520168992
32,020,0001,0380,3202000010380,1178,3.071513805095089
32,020,0001,0395,3202000010395,1822,3.2607866686549762
32,020,0001,0408,3202000010408,932,2.9698816437465
32,020,0001,0412,3202000010412,505,2.7041505168397992
32,020,0001,0427,3202000010427,39,1.6020599913279623
32,020,0001,0431,3202000010431,204,2.311753861055754
32,020,0001,0446,3202000010446,262,2.419955748489758
32,020,0001,0605,3202000010605,1000,3.000434077479319
32,020,0001,061A,320200001061A,1838,3.2645817292380777
32,020,0001,0624,3202000010624,1184,3.0737183503461227
32,020,0001,0639,3202000010639,1108,3.04493154614916
32,020,0001,0643,3202000010643,1134,3.0549958615291417
32,020,0001,0658,3202000010658,757,2.8796692056320534
32,020,0001,0696,3202000010696,185,2.2695129442179165
32,020,0001,0709,3202000010709,180,2.2576785748691846
32,020,0001,0713,3202000010713,184,2.2671717284030137
32,020,0001,0728,3202000010728,428,2.6324572921847245
32,020,0001,0732,3202000010732,245,2.3909351071033793
32,020,0001,0747,3202000010747,112,2.0530784434834195
32,020,0001,0751,3202000010751,789,2.8976270912904414
32,020,0001,0766,3202000010766,32,1.5185139398778875
32,020,0001,0770,3202000010770,15,1.2041199826559248
32,020,0001,0785,3202000010785,710,2.851869600729766
32,020,0001,079A,320200001079A,918,2.9633155113861114
32,020,0001,0802,3202000010802,831,2.920123326290724
32,020,0001,0817,3202000010817,1210,3.0831441431430524
32,020,0001,0840,3202000010840,592,2.7730546933642626
32,020,0001,0855,3202000010855,123,2.093421685162235
32,020,0001,086A,320200001086A,0,0.0
32,020,0001,0874,3202000010874,43,1.6434526764861874
32,020,0001,0889,3202000010889,99,2.0
32,020,0001,0893,3202000010893,110,2.0453229787866576
32,020,0001,0906,3202000010906,2260,3.35430056234536
32,020,0001,0910,3202000010910,539,2.7323937598229686
32,020,0001,0925,3202000010925,6,0.8450980400142568
32,020,0001,093A,320200001093A,134,2.130333768495006
32,020,0001,0944,3202000010944,423,2.6273658565927325
32,020,0001,0959,3202000010959,420,2.6242820958356683
32,020,0001,0963,3202000010963,181,2.2600713879850747
32,020,0001,0978,3202000010978,475,2.677606952720493
32,020,0001,0982,3202000010982,189,2.278753600952829
32,020,0001,0997,3202000010997,2,0.47712125471966244
32,020,0001,1001,3202000011001,0,0.0
32,020,0001,1020,3202000011020,1,0.3010299956639812
32,020,0001,1035,3202000011035,6,0.8450980400142568
32,020,0001,104A,320200001104A,3,0.6020599913279624
32,020,0001,1054,3202000011054,0,0.0
32,020,0001,1069,3202000011069,71,1.8573324964312685
32,020,0001,1073,3202000011073,110,2.0453229787866576
32,020,0001,1088,3202000011088,54,1.7403626894942439
32,020,0001,1092,3202000011092,0,0.0
32,020,0001,1105,3202000011105,855,2.932473764677153
32,020,0001,111A,320200001111A,10,1.0413926851582251
32,020,0001,1124,3202000011124,311,2.494154594018443
32,020,0001,1143,3202000011143,65,1.8195439355418688
32,020,0001,1158,3202000011158,38,1.591064607026499
32,020,0001,1162,3202000011162,0,0.0
32,020,0001,1177,3202000011177,0,0.0
32,020,0001,1181,3202000011181,1,0.3010299956639812
32,021,0001,027A,320210001027A,55,1.7481880270062005
32,021,0001,0284,3202100010284,784,2.8948696567452528
32,021,0001,0299,3202100010299,954,2.9800033715837464
32,021,0001,0301,3202100010301,15,1.2041199826559248
32,021,0001,0316,3202100010316,0,0.0
32,021,0001,0335,3202100010335,0,0.0
32,021,0001,034A,320210001034A,26,1.4313637641589874
32,021,0001,0354,3202100010354,8,0.9542425094393249
32,021,0001,0369,3202100010369,0,0.0
32,021,0001,0373,3202100010373,5,0.7781512503836436
32,022,0001,0099,3202200010099,1816,3.2593549273080344
32,022,0001,0101,3202200010101,1011,3.0051805125037805
32,022,0001,0116,3202200010116,1660,3.2203696324513946
32,022,0001,0120,3202200010120,1353,3.1316186643491255
32,022,0001,0135,3202200010135,1341,3.1277525158329733
32,022,0001,014A,320220001014A,1842,3.2655253352190736
32,022,0001,0154,3202200010154,1085,3.035829825252828
32,022,0001,0169,3202200010169,1382,3.1408221801093106
32,022,0001,0224,3202200010224,1007,3.0034605321095067
32,022,0001,0239,3202200010239,746,2.873320601815399
32,022,0001,0243,3202200010243,500,2.699837725867246
32,022,0001,0258,3202200010258,194,2.290034611362518
32,022,0001,0262,3202200010262,67,1.8325089127062364
32,022,0001,0277,3202200010277,21,1.3424226808222062
32,022,0001,0281,3202200010281,178,2.2528530309798933
32,022,0001,0296,3202200010296,35,1.5563025007672873
32,022,0001,0309,3202200010309,49,1.6989700043360187
32,022,0001,0313,3202200010313,563,2.751279103983342
32,022,0001,0328,3202200010328,71,1.8573324964312685
32,022,0001,0332,3202200010332,12,1.1139433523068367
32,022,0001,0347,3202200010347,40,1.6127838567197355
32,022,0001,0351,3202200010351,33,1.5314789170422551
32,022,0001,0366,3202200010366,8,0.9542425094393249
32,022,0001,0370,3202200010370,5,0.7781512503836436
32,022,0001,0385,3202200010385,4,0.6989700043360189
32,022,0001,039A,320220001039A,22,1.3617278360175928
32,023,0001,0062,3202300010062,2398,3.380030247967831
32,023,0001,0077,3202300010077,1019,3.0086001717619175
32,023,0001,0128,3202300010128,824,2.916453948549925
32,023,0001,0132,3202300010132,1209,3.0827853703164503
32,023,0001,0147,3202300010147,313,2.496929648073215
32,023,0001,0166,3202300010166,20,1.3222192947339193
32,023,0001,0170,3202300010170,25,1.414973347970818
32,023,0001,0185,3202300010185,3,0.6020599913279624
32,023,0001,019A,320230001019A,15,1.2041199826559248
32,023,0001,0202,3202300010202,10,1.0413926851582251
32,024,0001,0093,3202400010093,2677,3.42781057267599
32,024,0001,0106,3202400010106,1901,3.279210512601395
32,024,0001,0125,3202400010125,1936,3.287129620719111
32,024,0001,0182,3202400010182,1756,3.244771761495295
32,024,0001,0197,3202400010197,2809,3.44870631990508
32,024,0001,020A,320240001020A,3003,3.4776999283321306
32,024,0001,0214,3202400010214,1236,3.0923696996291206
32,024,0001,0229,3202400010229,1904,3.279894980011638
32,024,0001,0233,3202400010233,2024,3.3064250275506875
32,024,0001,0267,3202400010267,273,2.437750562820388
32,024,0001,0271,3202400010271,992,2.996949248495381
32,024,0001,0286,3202400010286,246,2.392696953259666
32,024,0001,0290,3202400010290,102,2.012837224705172
32,024,0001,0303,3202400010303,84,1.9294189257142926
32,024,0001,0318,3202400010318,1413,3.150449409460881
32,024,0001,0322,3202400010322,1115,3.04766419460156
32,024,0001,0337,3202400010337,0,0.0
32,024,0001,0356,3202400010356,27,1.4471580313422192
32,024,0001,0360,3202400010360,59,1.7781512503836436
32,024,0001,0375,3202400010375,4,0.6989700043360189
32,024,0001,038A,320240001038A,77,1.8920946026904804
32,024,0001,0394,3202400010394,1098,3.0409976924234905
32,024,0001,0407,3202400010407,997,2.999130541287371
32,024,0001,0411,3202400010411,6,0.8450980400142568
32,024,0001,0426,3202400010426,4,0.6989700043360189
32,024,0001,0479,3202400010479,19,1.3010299956639813
32,024,0001,0483,3202400010483,100,2.0043213737826426
32,024,0001,0498,3202400010498,91,1.9637878273455553
32,024,0001,0500,3202400010500,16,1.2304489213782739
32,024,0001,0553,3202400010553,57,1.7634279935629373
32,024,0001,0568,3202400010568,0,0.0
32,024,0001,0572,3202400010572,141,2.1522883443830563
32,024,0001,0591,3202400010591,115,2.0644579892269186
32,024,0001,0604,3202400010604,5,0.7781512503836436
32,024,0035,0341,3202400350341,2730,3.4363217001397333
32,024,0035,0430,3202400350430,57,1.7634279935629373
32,024,0035,045A,320240035045A,51,1.7160033436347992
32,024,0035,0464,3202400350464,17,1.255272505103306
32,024,0035,0515,3202400350515,10,1.0413926851582251
32,024,0035,052A,320240035052A,10,1.0413926851582251
32,024,0035,0534,3202400350534,89,1.954242509439325
32,025,0001,0048,3202500010048,772,2.888179493918325
32,025,0001,0052,3202500010052,607,2.783903579272735
32,025,0001,0090,3202500010090,2196,3.3418300569205104
32,025,0001,0103,3202500010103,2337,3.3688445068258215
32,025,0001,0118,3202500010118,47,1.6812412373755872
32,025,0001,0122,3202500010122,240,2.3820170425748683
32,025,0001,0137,3202500010137,82,1.919078092376074
32,025,0001,0141,3202500010141,1,0.3010299956639812
32,025,0001,0156,3202500010156,37,1.5797835966168101
32,025,0001,0160,3202500010160,0,0.0
32,025,0001,0175,3202500010175,475,2.677606952720493
32,025,0001,018A,320250001018A,10,1.0413926851582251
32,025,0001,0194,3202500010194,22,1.3617278360175928
32,025,0001,0207,3202500010207,25,1.414973347970818
32,025,0001,0211,3202500010211,0,0.0
32,025,0001,0226,3202500010226,111,2.0492180226701815
32,025,0001,0230,3202500010230,21,1.3424226808222062
32,026,0001,2747,3202600012747,891,2.950364854376123
32,026,0001,2751,3202600012751,307,2.4885507165004443
32,026,0001,2766,3202600012766,47,1.6812412373755872
32,026,0001,2770,3202600012770,17,1.255272505103306
32,027,0001,0201,3202700010201,590,2.7715874808812555
32,027,0001,0216,3202700010216,0,0.0
32,027,0001,0220,3202700010220,20,1.3222192947339193
32,027,0001,0235,3202700010235,88,1.9493900066449128
32,028,0001,0088,3202800010088,964,2.9845273133437926
32,028,0001,0143,3202800010143,20,1.3222192947339193
32,028,0001,0158,3202800010158,12,1.1139433523068367
32,028,0001,0162,3202800010162,135,2.1335389083702174
32,028,0001,0177,3202800010177,0,0.0
32,028,0001,0181,3202800010181,5,0.7781512503836436
32,029,0001,0032,3202900010032,1947,3.2895889525425965
32,029,0001,0047,3202900010047,2220,3.346548558548474
32,029,0001,0155,3202900010155,1609,3.2068258760318495
32,029,0001,0259,3202900010259,992,2.996949248495381
32,029,0001,0263,3202900010263,1301,3.114610984232173
32,029,0001,0278,3202900010278,151,2.1818435879447726
32,029,0001,0282,3202900010282,51,1.7160033436347992
32,029,0001,0297,3202900010297,368,2.56702636615906
32,029,0001,030A,320290001030A,99,2.0
32,029,0001,0314,3202900010314,74,1.8750612633917
32,029,0001,0329,3202900010329,1433,3.1565491513317814
32,029,0001,0333,3202900010333,858,2.9339931638312424
32,029,0001,0348,3202900010348,1178,3.071513805095089
32,029,0001,0352,3202900010352,1903,3.2796669440484556
32,029,0001,0367,3202900010367,4,0.6989700043360189
32,029,0001,0371,3202900010371,30,1.4913616938342726
32,029,0001,0386,3202900010386,53,1.7323937598229686
32,029,0001,0390,3202900010390,52,1.724275869600789
32,029,0001,0403,3202900010403,27,1.4471580313422192
32,029,0001,0418,3202900010418,106,2.0293837776852097
32,029,0001,0422,3202900010422,1,0.3010299956639812
32,029,0001,0437,3202900010437,32,1.5185139398778875
32,029,0001,0456,3202900010456,36,1.568201724066995
32,029,0001,0460,3202900010460,19,1.3010299956639813
32,029,0001,0475,3202900010475,107,2.03342375548695
32,029,0001,048A,320290001048A,0,0.0
32,029,0001,0494,3202900010494,66,1.8260748027008264
32,029,0001,0507,3202900010507,73,1.8692317197309762
32,029,0001,0511,3202900010511,16,1.2304489213782739
32,029,0001,0526,3202900010526,6,0.8450980400142568
32,029,0001,0530,3202900010530,3,0.6020599913279624
32,030,0001,0048,3203000010048,66,1.8260748027008264
32,030,0001,0067,3203000010067,20,1.3222192947339193
32,030,0001,0071,3203000010071,82,1.919078092376074
32,030,0001,0086,3203000010086,26,1.4313637641589874
32,030,0001,0090,3203000010090,28,1.462397997898956
32,030,0001,0103,3203000010103,8,0.9542425094393249
32,030,0001,0118,3203000010118,19,1.3010299956639813
32,030,0001,0122,3203000010122,643,2.808885867359812
32,030,0001,0137,3203000010137,503,2.7024305364455254
32,030,0001,0141,3203000010141,5,0.7781512503836436
32,030,0001,0156,3203000010156,10,1.0413926851582251
32,030,0001,0160,3203000010160,181,2.2600713879850747
32,030,0001,0175,3203000010175,17,1.255272505103306
32,030,0001,018A,320300001018A,0,0.0
32,031,0001,0242,3203100010242,1159,3.0644579892269186
32,031,0001,0257,3203100010257,152,2.184691430817599
32,031,0001,0261,3203100010261,116,2.0681858617461617
32,031,0001,0435,3203100010435,45,1.662757831681574
32,031,0001,044A,320310001044A,33,1.5314789170422551
32,031,0001,0454,3203100010454,32,1.5185139398778875
32,031,0001,0469,3203100010469,25,1.414973347970818
32,031,0001,0473,3203100010473,401,2.60422605308447
32,031,0001,0488,3203100010488,808,2.9079485216122722
32,031,0001,0492,3203100010492,391,2.593286067020457
32,031,0001,0505,3203100010505,643,2.808885867359812
32,031,0001,051A,320310001051A,104,2.0211892990699383
32,031,0001,0524,3203100010524,6,0.8450980400142568
32,031,0001,0539,3203100010539,0,0.0
32,031,0001,0543,3203100010543,27,1.4471580313422192
32,031,0001,0558,3203100010558,5,0.7781512503836436
32,031,0001,0562,3203100010562,0,0.0
32,031,0001,0577,3203100010577,0,0.0
32,031,0001,0581,3203100010581,60,1.7853298350107671
32,031,0001,0596,3203100010596,4,0.6989700043360189
32,031,0001,0609,3203100010609,0,0.0
32,031,0001,0613,3203100010613,4,0.6989700043360189
32,031,0001,0628,3203100010628,232,2.367355921026019
32,032,0001,0042,3203200010042,1664,3.2214142378423385
32,032,0001,0057,3203200010057,1663,3.2211533219547053
32,032,0001,0061,3203200010061,765,2.884228769632604
32,032,0001,0076,3203200010076,1674,3.224014811372864
32,032,0001,0080,3203200010080,73,1.8692317197309762
32,032,0001,0095,3203200010095,67,1.8325089127062364
32,032,0001,017A,320320001017A,34,1.5440680443502757
32,032,0001,0184,3203200010184,0,0.0
32,032,0001,0199,3203200010199,70,1.8512583487190752
32,032,0001,0201,3203200010201,5,0.7781512503836436
32,032,0001,0216,3203200010216,194,2.290034611362518
32,032,0001,0220,3203200010220,0,0.0
32,032,0001,0288,3203200010288,54,1.7403626894942439
32,032,0001,0292,3203200010292,218,2.3404441148401185
32,032,0001,0305,3203200010305,7,0.9030899869919435
32,032,0001,031A,320320001031A,7,0.9030899869919435
32,032,0001,0324,3203200010324,1,0.3010299956639812
32,032,0001,0339,3203200010339,0,0.0
32,032,0001,0381,3203200010381,322,2.509202522331103
32,032,0001,0409,3203200010409,137,2.1398790864012365
32,032,0001,0413,3203200010413,20,1.3222192947339193
32,032,0001,0428,3203200010428,18,1.2787536009528289
32,032,0001,0432,3203200010432,197,2.296665190261531
32,032,0001,0447,3203200010447,101,2.0086001717619175
32,032,0001,0466,3203200010466,247,2.3944516808262164
32,032,0011,0146,3203200110146,1437,3.1577588860468637
32,032,0011,0150,3203200110150,1402,3.1470576710283598
32,032,0011,0165,3203200110165,879,2.9444826721501687
32,032,0011,0235,3203200110235,20,1.3222192947339193
32,032,0011,024A,320320011024A,118,2.0755469613925306
32,032,0011,0269,3203200110269,44,1.6532125137753437
32,032,0011,0273,3203200110273,23,1.380211241711606
32,032,0011,0343,3203200110343,22,1.3617278360175928
32,032,0011,0358,3203200110358,9,1.0
32,032,0011,0362,3203200110362,22,1.3617278360175928
32,032,0011,0377,3203200110377,17,1.255272505103306
32,032,0011,0396,3203200110396,4,0.6989700043360189
32,032,0011,0451,3203200110451,32,1.5185139398778875
32,033,0001,0196,3203300010196,1045,3.0195316845312554
32,033,0001,0209,3203300010209,406,2.60959440922522
32,033,0001,0213,3203300010213,267,2.428134794028789
32,033,0001,0228,3203300010228,316,2.5010592622177517
32,033,0001,0232,3203300010232,9,1.0
32,033,0001,0247,3203300010247,238,2.3783979009481375
32,033,0001,0251,3203300010251,3,0.6020599913279624
32,033,0001,0266,3203300010266,10,1.0413926851582251
32,033,0001,0270,3203300010270,0,0.0
32,034,0001,0155,3203400010155,1533,3.185825359612962
32,034,0001,016A,320340001016A,1329,3.123851640967086
32,034,0001,0174,3203400010174,887,2.948412965778601
32,034,0001,0193,3203400010193,877,2.9434945159061026
32,034,0001,0206,3203400010206,1084,3.0354297381845483
32,034,0001,0210,3203400010210,689,2.838849090737255
32,034,0001,0329,3203400010329,474,2.6766936096248664
32,034,0001,0333,3203400010333,1272,3.1048284036536553
32,034,0001,0348,3203400010348,1608,3.2065560440990297
32,034,0001,0352,3203400010352,1505,3.177824971864682
32,034,0001,0367,3203400010367,1162,3.0655797147284485
32,034,0001,0371,3203400010371,1406,3.1482940974347455
32,034,0001,0386,3203400010386,54,1.7403626894942439
32,034,0001,0390,3203400010390,91,1.9637878273455553
32,034,0001,0403,3203400010403,37,1.5797835966168101
32,034,0001,0418,3203400010418,22,1.3617278360175928
32,034,0001,0422,3203400010422,69,1.845098040014257
32,034,0001,0437,3203400010437,115,2.0644579892269186
32,034,0001,0441,3203400010441,822,2.91539983521227
32,034,0001,0460,3203400010460,0,0.0
32,034,0001,0475,3203400010475,162,2.2121876044039577
32,034,0001,048A,320340001048A,372,2.571708831808688
32,034,0001,0494,3203400010494,532,2.7267272090265724
32,034,0001,0507,3203400010507,70,1.8512583487190752
32,034,0001,0511,3203400010511,99,2.0
32,034,0001,0526,3203400010526,14,1.1760912590556813
32,034,0001,0530,3203400010530,0,0.0
32,034,0001,0545,3203400010545,61,1.792391689498254
32,034,0001,055A,320340001055A,17,1.255272505103306
32,034,0001,0564,3203400010564,0,0.0
32,034,0001,0579,3203400010579,78,1.8976270912904414
32,034,0001,0583,3203400010583,19,1.3010299956639813
32,034,0001,0598,3203400010598,41,1.6232492903979006
32,034,0001,0600,3203400010600,47,1.6812412373755872
32,034,0001,0615,3203400010615,29,1.4771212547196624
32,034,0001,062A,320340001062A,3,0.6020599913279624
32,034,0001,0634,3203400010634,62,1.7993405494535817
32,034,0001,0649,3203400010649,16,1.2304489213782739
32,034,0001,0653,3203400010653,43,1.6434526764861874
32,034,0001,0668,3203400010668,113,2.0569048513364727
32,035,0001,0059,3203500010059,800,2.9036325160842376
32,035,0001,0078,3203500010078,20,1.3222192947339193
32,035,0001,0129,3203500010129,465,2.66838591669
32,035,0001,0133,3203500010133,0,0.0
32,035,0001,0148,3203500010148,347,2.5415792439465807
32,035,0001,0152,3203500010152,1,0.3010299956639812
32,035,0010,0010,3203500100010,2809,3.44870631990508
32,036,0001,0041,3203600010041,2457,3.390581878550435
32,036,0001,0107,3203600010107,1785,3.2518814545525276
32,036,0001,0111,3203600010111,1222,3.0874264570362855
32,036,0001,0130,3203600010130,2384,3.3774883833761327
32,036,0001,0145,3203600010145,1091,3.0382226383687185
32,036,0001,0234,3203600010234,83,1.9242792860618816
32,036,0001,0249,3203600010249,49,1.6989700043360187
32,036,0001,0253,3203600010253,993,2.997386384397313
32,036,0001,0272,3203600010272,2578,3.4114513421379375
32,036,0001,0287,3203600010287,2478,3.3942765267678214
32,036,0001,0304,3203600010304,52,1.724275869600789
32,036,0001,0319,3203600010319,469,2.6720978579357175
32,036,0001,0338,3203600010338,0,0.0
32,036,0001,0342,3203600010342,950,2.978180516937414
32,036,0001,0357,3203600010357,1222,3.0874264570362855
32,036,0001,0361,3203600010361,13,1.146128035678238
32,036,0001,0376,3203600010376,176,2.247973266361807
32,036,0001,0380,3203600010380,24,1.3979400086720377
32,036,0001,0395,3203600010395,24,1.3979400086720377
32,036,0001,0408,3203600010408,0,0.0
32,036,0001,0412,3203600010412,254,2.406540180433955
32,036,0001,0427,3203600010427,37,1.5797835966168101
32,036,0001,0431,3203600010431,114,2.060697840353612
32,036,0001,0446,3203600010446,27,1.4471580313422192
32,036,0001,0450,3203600010450,209,2.322219294733919
32,036,0001,0465,3203600010465,238,2.3783979009481375
32,036,0001,047A,320360001047A,28,1.462397997898956
32,036,0001,0484,3203600010484,2,0.47712125471966244
32,036,0001,0499,3203600010499,1216,3.085290578230065
32,036,0001,0501,3203600010501,1117,3.0484418035504044
32,036,0001,0516,3203600010516,2,0.47712125471966244
32,036,0001,0520,3203600010520,55,1.7481880270062005
32,036,0001,0535,3203600010535,189,2.278753600952829
32,036,0001,054A,320360001054A,0,0.0
32,036,0001,0554,3203600010554,14,1.1760912590556813
32,036,0001,0569,3203600010569,29,1.4771212547196624
32,036,0001,0573,3203600010573,530,2.725094521081469
32,036,0001,0588,3203600010588,118,2.0755469613925306
32,036,0001,0592,3203600010592,39,1.6020599913279623
32,036,0001,0605,3203600010605,10,1.0413926851582251
32,036,0001,061A,320360001061A,5,0.7781512503836436
32,036,0001,0624,3203600010624,12,1.1139433523068367
32,037,0001,0087,3203700010087,457,2.660865478003869
32,037,0001,0265,3203700010265,40,1.6127838567197355
32,037,0001,0301,3203700010301,303,2.482873583608754
32,037,0001,0316,3203700010316,317,2.5024271199844326
32,037,0001,0392,3203700010392,33,1.5314789170422551
32,037,0001,0462,3203700010462,7,0.9030899869919435
32,037,0001,0477,3203700010477,20,1.3222192947339193
32,037,0016,0123,3203700160123,1173,3.0696680969115957
32,037,0016,0138,3203700160138,1357,3.132899769944483
32,037,0016,0142,3203700160142,1164,3.0663259253620376
32,037,0016,0157,3203700160157,1142,3.0580462303952816
32,037,0016,0250,3203700160250,120,2.0827853703164503
32,037,0016,027A,320370016027A,20,1.3222192947339193
32,037,0016,0299,3203700160299,26,1.4313637641589874
32,037,0016,0320,3203700160320,1,0.3010299956639812
32,037,0016,0335,3203700160335,15,1.2041199826559248
32,037,0016,034A,320370016034A,6,0.8450980400142568
32,037,0016,0354,3203700160354,10,1.0413926851582251
32,037,0016,0369,3203700160369,18,1.2787536009528289
32,037,0016,0373,3203700160373,0,0.0
32,037,0016,0388,3203700160388,1,0.3010299956639812
32,037,0016,0405,3203700160405,5,0.7781512503836436
32,037,0016,041A,320370016041A,0,0.0
32,037,0016,0439,3203700160439,10,1.0413926851582251
32,037,0016,0443,3203700160443,4,0.6989700043360189
32,037,0016,0458,3203700160458,10,1.0413926851582251
32,037,0021,0212,3203700210212,1136,3.0557604646877348
32,037,0021,0227,3203700210227,936,2.971739590887778
32,037,0021,0231,3203700210231,996,2.998695158311656
32,037,0021,0246,3203700210246,579,2.7634279935629373
32,038,0001,0313,3203800010313,81,1.9138138523837167
32,038,0001,0544,3203800010544,159,2.2041199826559246
32,038,0001,0559,3203800010559,38,1.591064607026499
32,038,0001,0563,3203800010563,1207,3.082066934285113
32,038,0001,0578,3203800010578,1442,3.159266331093494
32,038,0001,0582,3203800010582,924,2.9661417327390325
32,038,0001,0597,3203800010597,1837,3.2643455070500926
32,038,0001,060A,320380001060A,4,0.6989700043360189
32,038,0001,0614,3203800010614,38,1.591064607026499
32,038,0001,0629,3203800010629,19,1.3010299956639813
32,038,0001,0633,3203800010633,48,1.6901960800285136
32,038,0001,0667,3203800010667,48,1.6901960800285136
32,038,0001,0703,3203800010703,66,1.8260748027008264
32,038,0001,0718,3203800010718,107,2.03342375548695
32,038,0001,0722,3203800010722,77,1.8920946026904804
32,038,0001,0737,3203800010737,189,2.278753600952829
32,038,0001,0741,3203800010741,0,0.0
32,038,0001,0794,3203800010794,5,0.7781512503836436
32,038,0001,0807,3203800010807,0,0.0
32,038,0001,0811,3203800010811,0,0.0
32,038,0001,0826,3203800010826,0,0.0
32,038,0001,0845,3203800010845,15,1.2041199826559248
32,038,0125,0648,3203801250648,995,2.998259338423699
32,038,0125,0652,3203801250652,1363,3.13481437032046
32,038,0125,0671,3203801250671,33,1.5314789170422551
32,038,0125,0686,3203801250686,44,1.6532125137753437
32,038,0125,0690,3203801250690,76,1.8864907251724818
32,038,0125,0756,3203801250756,25,1.414973347970818
32,038,0125,0760,3203801250760,26,1.4313637641589874
32,038,0125,0775,3203801250775,42,1.6334684555795864
32,038,0125,0830,3203801250830,26,1.4313637641589874
32,038,0125,085A,320380125085A,3,0.6020599913279624
32,038,0125,0864,3203801250864,9,1.0
32,039,0001,0289,3203900010289,2142,3.3310221710418286
32,039,0001,0293,3203900010293,1512,3.179838928023187
32,039,0001,033A,320390001033A,1067,3.0285712526925375
32,039,0001,0518,3203900010518,909,2.9590413923210934
32,039,0001,0522,3203900010522,247,2.3944516808262164
32,039,0001,0537,3203900010537,886,2.9479236198317262
32,039,0001,0541,3203900010541,1202,3.0802656273398448
32,039,0001,0556,3203900010556,1380,3.140193678578631
32,039,0001,0560,3203900010560,820,2.9143431571194407
32,039,0001,0575,3203900010575,1736,3.2397998184470986
32,039,0001,058A,320390001058A,2469,3.392696953259666
32,039,0001,0594,3203900010594,2209,3.3443922736851106
32,039,0001,0607,3203900010607,2244,3.351216345339342
32,039,0001,0611,3203900010611,803,2.905256048748451
32,039,0001,0626,3203900010626,599,2.7781512503836434
32,039,0001,0698,3203900010698,40,1.6127838567197355
32,039,0001,0700,3203900010700,64,1.8129133566428555
32,039,0001,0715,3203900010715,2153,3.3332456989619628
32,039,0001,072A,320390001072A,1180,3.072249897613515
32,039,0001,0734,3203900010734,360,2.5575072019056577
32,039,0001,0749,3203900010749,372,2.571708831808688
32,039,0001,0753,3203900010753,39,1.6020599913279623
32,039,0001,0768,3203900010768,45,1.662757831681574
32,039,0001,0772,3203900010772,1962,3.292920299600006
32,039,0001,0787,3203900010787,1960,3.292477593667784
32,039,0001,0791,3203900010791,1031,3.0136796972911926
32,039,0001,0804,3203900010804,569,2.7558748556724915
32,039,0001,0819,3203900010819,193,2.287801729930226
32,039,0001,0823,3203900010823,11,1.0791812460476249
32,039,0001,0838,3203900010838,64,1.8129133566428555
32,039,0001,0842,3203900010842,7,0.9030899869919435
32,039,0001,0857,3203900010857,71,1.8573324964312685
32,039,0001,0861,3203900010861,6,0.8450980400142568
32,039,0001,0876,3203900010876,12,1.1139433523068367
32,039,0001,0880,3203900010880,55,1.7481880270062005
32,039,0001,0895,3203900010895,382,2.583198773968623
32,039,0001,0908,3203900010908,40,1.6127838567197355
32,039,0001,0912,3203900010912,0,0.0
32,039,0001,0927,3203900010927,1391,3.1436392352745433
32,039,0001,0931,3203900010931,659,2.8195439355418688
32,039,0001,0946,3203900010946,26,1.4313637641589874
32,039,0001,0950,3203900010950,10,1.0413926851582251
32,039,0001,0965,3203900010965,0,0.0
32,039,0001,097A,320390001097A,4,0.6989700043360189
32,039,0001,0984,3203900010984,15,1.2041199826559248
32,039,0001,0999,3203900010999,195,2.292256071356476
32,039,0001,1003,3203900011003,25,1.414973347970818
32,039,0001,1018,3203900011018,63,1.806179973983887
32,039,0001,1022,3203900011022,9,1.0
32,039,0001,1037,3203900011037,14,1.1760912590556813
32,039,0001,1041,3203900011041,43,1.6434526764861874
32,039,0001,1056,3203900011056,11,1.0791812460476249
32,039,0001,1060,3203900011060,0,0.0
32,039,0001,1075,3203900011075,11,1.0791812460476249
32,039,0001,108A,320390001108A,34,1.5440680443502757
32,039,0001,1094,3203900011094,23,1.380211241711606
32,039,0001,1107,3203900011107,290,2.4638929889859074
32,039,0001,1111,3203900011111,7,0.9030899869919435
32,039,0001,1126,3203900011126,34,1.5440680443502757
32,039,0001,1130,3203900011130,608,2.784617292632875
32,039,0001,1145,3203900011145,46,1.6720978579357175
32,039,0001,115A,320390001115A,0,0.0
32,039,0001,1164,3203900011164,119,2.0791812460476247
32,039,0001,1179,3203900011179,204,2.311753861055754
32,039,0001,1183,3203900011183,0,0.0
32,039,0001,1198,3203900011198,61,1.792391689498254
32,039,0001,1200,3203900011200,46,1.6720978579357175
32,039,0001,1215,3203900011215,107,2.03342375548695
32,039,0001,122A,320390001122A,12,1.1139433523068367
32,039,0001,1234,3203900011234,0,0.0
32,039,0001,1249,3203900011249,50,1.7075701760979363
32,039,0001,1272,3203900011272,4,0.6989700043360189
32,039,0001,1287,3203900011287,13,1.146128035678238
32,039,0001,1291,3203900011291,16,1.2304489213782739
32,039,0001,1304,3203900011304,53,1.7323937598229686
32,039,0001,1319,3203900011319,6,0.8450980400142568
32,039,0020,1253,3203900201253,1764,3.2467447097238415
32,039,0020,1268,3203900201268,901,2.9552065375419416
32,039,0027,0081,3203900270081,2514,3.400537989391946
32,040,0001,0171,3204000010171,1207,3.082066934285113
32,040,0001,0186,3204000010186,715,2.8549130223078554
32,040,0001,0190,3204000010190,1120,3.049605612594973
32,040,0001,0203,3204000010203,1542,3.188365926063148
32,040,0001,0330,3204000010330,63,1.806179973983887
32,040,0001,0345,3204000010345,52,1.724275869600789
32,040,0001,035A,320400001035A,5,0.7781512503836436
32,040,0001,0364,3204000010364,0,0.0
32,040,0001,0379,3204000010379,5,0.7781512503836436
32,040,0001,0383,3204000010383,292,2.4668676203541096
32,040,0001,0398,3204000010398,142,2.155336037465062
32,040,0001,0400,3204000010400,6,0.8450980400142568
32,040,0001,0415,3204000010415,60,1.7853298350107671
32,040,0001,042A,320400001042A,12,1.1139433523068367
32,040,0001,0434,3204000010434,35,1.5563025007672873
32,040,0001,0449,3204000010449,13,1.146128035678238
32,040,0001,0453,3204000010453,14,1.1760912590556813
32,040,0001,0468,3204000010468,8,0.9542425094393249
32,040,0001,0472,3204000010472,4,0.6989700043360189
32,041,0001,0164,3204100010164,186,2.271841606536499
32,041,0001,0179,3204100010179,314,2.4983105537896004
32,041,0001,0183,3204100010183,6,0.8450980400142568
32,041,0001,0198,3204100010198,4,0.6989700043360189
32,041,0001,0200,3204100010200,287,2.459392487759231
32,041,0001,0215,3204100010215,185,2.2695129442179165
32,041,0001,022A,320410001022A,0,0.0
32,042,0001,0265,3204200010265,2067,3.315550534421905
32,042,0001,0570,3204200010570,2357,3.3725438007590705
32,042,0001,0585,3204200010585,1346,3.1293675957229854
32,042,0001,0602,3204200010602,2060,3.3140779917792127
32,042,0001,0994,3204200010994,1648,3.217220655644519
32,042,0001,1009,3204200011009,1911,3.2814878879400813
32,042,0001,1013,3204200011013,1975,3.295786940251609
32,042,0001,1070,3204200011070,29,1.4771212547196624
32,042,0001,1085,3204200011085,108,2.037426497940624
32,042,0001,109A,320420001109A,1585,3.200303182981585
32,042,0001,1102,3204200011102,1608,3.2065560440990297
32,042,0001,1140,3204200011140,18,1.2787536009528289
32,042,0001,116A,320420001116A,1440,3.1586639808139894
32,042,0001,1174,3204200011174,706,2.8494194137968996
32,042,0001,1189,3204200011189,1014,3.0064660422492318
32,042,0001,1193,3204200011193,1114,3.0472748673841794
32,042,0001,123A,320420001123A,314,2.4983105537896004
32,042,0001,1244,3204200011244,426,2.630427875025024
32,042,0001,1259,3204200011259,958,2.9818186071706636
32,042,0001,1263,3204200011263,38,1.591064607026499
32,042,0001,1278,3204200011278,5,0.7781512503836436
32,042,0001,1282,3204200011282,174,2.2430380486862944
32,042,0001,1297,3204200011297,22,1.3617278360175928
32,042,0001,130A,320420001130A,27,1.4471580313422192
32,042,0001,1314,3204200011314,105,2.0253058652647704
32,042,0001,1329,3204200011329,22,1.3617278360175928
32,042,0001,1333,3204200011333,20,1.3222192947339193
32,042,0001,1348,3204200011348,3,0.6020599913279624
32,042,0001,1352,3204200011352,17,1.255272505103306
32,042,0001,1367,3204200011367,29,1.4771212547196624
32,042,0001,1456,3204200011456,83,1.9242792860618816
32,042,0001,1460,3204200011460,0,0.0
32,042,0001,1511,3204200011511,4,0.6989700043360189
32,042,0001,1526,3204200011526,83,1.9242792860618816
32,042,0001,1530,3204200011530,3,0.6020599913279624
32,042,0001,1545,3204200011545,10,1.0413926851582251
32,042,0001,155A,320420001155A,17,1.255272505103306
32,042,0001,1564,3204200011564,0,0.0
32,042,0001,1579,3204200011579,15,1.2041199826559248
32,042,0001,1583,3204200011583,38,1.591064607026499
32,042,0001,1598,3204200011598,1,0.3010299956639812
32,042,0001,1600,3204200011600,91,1.9637878273455553
32,042,0001,1615,3204200011615,0,0.0
32,042,0001,162A,320420001162A,12,1.1139433523068367
32,042,0001,1634,3204200011634,19,1.3010299956639813
32,042,0001,1649,3204200011649,430,2.6344772701607315
32,042,0001,1653,3204200011653,8,0.9542425094393249
32,042,0001,1668,3204200011668,15,1.2041199826559248
32,042,0001,1672,3204200011672,26,1.4313637641589874
32,042,0001,1687,3204200011687,219,2.342422680822206
32,042,0001,1691,3204200011691,17,1.255272505103306
32,042,0001,1704,3204200011704,0,0.0
32,042,0001,1719,3204200011719,2,0.47712125471966244
32,042,0001,1723,3204200011723,29,1.4771212547196624
32,042,0001,1738,3204200011738,14,1.1760912590556813
32,042,0001,1742,3204200011742,37,1.5797835966168101
32,042,0001,1757,3204200011757,3,0.6020599913279624
32,042,0001,1761,3204200011761,3,0.6020599913279624
32,042,0001,1846,3204200011846,59,1.7781512503836436
32,042,0001,1850,3204200011850,32,1.5185139398778875
32,042,0001,1865,3204200011865,423,2.6273658565927325
32,042,0001,187A,320420001187A,0,0.0
32,042,0001,1884,3204200011884,0,0.0
32,042,0001,1901,3204200011901,229,2.361727836017593
32,042,0042,0481,3204200420481,773,2.8887409606828927
32,042,0042,0496,3204200420496,899,2.9542425094393248
32,042,0042,0509,3204200420509,649,2.8129133566428557
32,042,0042,0513,3204200420513,783,2.8943160626844384
32,042,0042,0636,3204200420636,863,2.936513742478893
32,042,0042,0640,3204200420640,42,1.6334684555795864
32,042,0042,0655,3204200420655,5,0.7781512503836436
32,042,0042,1121,3204200421121,4,0.6989700043360189
32,042,0042,1371,3204200421371,0,0.0
32,042,0042,1386,3204200421386,8,0.9542425094393249
32,042,0042,1776,3204200421776,0,0.0
32,042,0042,1780,3204200421780,6,0.8450980400142568
32,042,0042,1795,3204200421795,0,0.0
32,042,0176,1206,3204201761206,950,2.978180516937414
32,042,0176,1210,3204201761210,882,2.9459607035775686
32,042,0176,1225,3204201761225,855,2.932473764677153
32,042,0176,1390,3204201761390,11,1.0791812460476249
32,042,0176,1403,3204201761403,0,0.0
32,042,0176,1418,3204201761418,3,0.6020599913279624
32,042,0176,1422,3204201761422,15,1.2041199826559248
32,042,0176,1441,3204201761441,11,1.0791812460476249
32,042,0176,148A,320420176148A,0,0.0
32,042,0176,1494,3204201761494,12,1.1139433523068367
32,042,0176,1507,3204201761507,0,0.0
32,042,0176,1812,3204201761812,1,0.3010299956639812
32,042,0176,1827,3204201761827,0,0.0
32,042,0176,1831,3204201761831,9,1.0
32,042,0176,1899,3204201761899,0,0.0
32,043,0001,0031,3204300010031,487,2.6884198220027105
32,043,0001,0046,3204300010046,288,2.4608978427565478
32,043,0001,0050,3204300010050,154,2.1903316981702914
32,043,0001,0065,3204300010065,0,0.0
32,044,0001,0062,3204400010062,1152,3.061829307294699
32,044,0001,0077,3204400010077,1069,3.0293837776852097
32,044,0001,0081,3204400010081,1090,3.037824750588342
32,044,0001,0096,3204400010096,983,2.9929950984313414
32,044,0001,0109,3204400010109,1299,3.113943352306837
32,044,0001,0113,3204400010113,162,2.2121876044039577
32,044,0001,0128,3204400010128,250,2.399673721481038
32,044,0001,0166,3204400010166,131,2.12057393120585
32,044,0001,0170,3204400010170,164,2.2174839442139063
32,044,0001,0185,3204400010185,130,2.1172712956557644
32,044,0001,019A,320440001019A,844,2.926856708949692
32,044,0001,0202,3204400010202,82,1.919078092376074
32,044,0001,0221,3204400010221,61,1.792391689498254
32,044,0001,0236,3204400010236,25,1.414973347970818
32,044,0001,0240,3204400010240,10,1.0413926851582251
32,044,0001,0255,3204400010255,0,0.0
32,044,0001,0274,3204400010274,49,1.6989700043360187
32,044,0001,0289,3204400010289,23,1.380211241711606
32,044,0001,0293,3204400010293,118,2.0755469613925306
32,044,0001,0306,3204400010306,196,2.294466226161593
32,044,0001,0325,3204400010325,103,2.0170333392987803
32,044,0001,0344,3204400010344,0,0.0
32,044,0001,0359,3204400010359,132,2.123851640967086
32,044,0001,0363,3204400010363,6,0.8450980400142568
32,044,0001,0378,3204400010378,11,1.0791812460476249
32,044,0001,0382,3204400010382,2,0.47712125471966244
32,045,0001,0106,3204500010106,730,2.8639173769578603
32,045,0001,0110,3204500010110,877,2.9434945159061026
32,045,0001,0125,3204500010125,928,2.968015713993642
32,045,0001,013A,320450001013A,708,2.8506462351830666
32,045,0001,020A,320450001020A,1550,3.190611797813605
32,045,0001,0214,3204500010214,58,1.7708520116421442
32,045,0001,0229,3204500010229,9,1.0
32,045,0001,0233,3204500010233,18,1.2787536009528289
32,045,0001,0248,3204500010248,5,0.7781512503836436
32,046,0001,0160,3204600010160,636,2.8041394323353503
32,046,0001,0175,3204600010175,665,2.823474229170301
32,046,0001,018A,320460001018A,25,1.414973347970818
32,046,0001,0194,3204600010194,0,0.0
32,046,0001,0207,3204600010207,8,0.9542425094393249
32,046,0001,0211,3204600010211,26,1.4313637641589874
32,046,0001,0226,3204600010226,28,1.462397997898956
32,046,0001,0230,3204600010230,106,2.0293837776852097
32,046,0001,0245,3204600010245,0,0.0
32,046,0001,025A,320460001025A,3,0.6020599913279624
32,047,0001,0261,3204700010261,718,2.8567288903828825
32,047,0001,0276,3204700010276,836,2.92272545799326
32,047,0001,0280,3204700010280,962,2.9836262871245345
32,047,0001,0295,3204700010295,6,0.8450980400142568
32,047,0001,0308,3204700010308,47,1.6812412373755872
32,047,0001,0312,3204700010312,16,1.2304489213782739
32,047,0001,0327,3204700010327,3,0.6020599913279624
32,047,0001,0331,3204700010331,11,1.0791812460476249
32,047,0001,0346,3204700010346,6,0.8450980400142568
32,047,0001,0350,3204700010350,4,0.6989700043360189
32,047,0001,0365,3204700010365,155,2.1931245983544616
32,047,0001,0384,3204700010384,3,0.6020599913279624
32,047,0001,0399,3204700010399,4,0.6989700043360189
32,047,0001,0401,3204700010401,297,2.4742162640762553
32,047,0001,0416,3204700010416,372,2.571708831808688
32,047,0001,0420,3204700010420,21,1.3424226808222062
32,048,0001,0127,3204800010127,1968,3.2942457161381182
32,048,0001,0131,3204800010131,2180,3.3386556655787003
32,048,0001,0146,3204800010146,603,2.7810369386211318
32,048,0001,0150,3204800010150,1393,3.144262773761991
32,048,0001,0165,3204800010165,843,2.926342446625655
32,048,0001,017A,320480001017A,827,2.9180303367848803
32,048,0001,0184,3204800010184,153,2.187520720836463
32,048,0001,0199,3204800010199,398,2.6009728956867484
32,048,0001,0269,3204800010269,1541,3.188084373714938
32,048,0001,0273,3204800010273,1756,3.244771761495295
32,048,0001,0288,3204800010288,444,2.6483600109809315
32,048,0001,0292,3204800010292,597,2.776701183988411
32,048,0001,0305,3204800010305,1496,3.1752218003430523
32,048,0001,031A,320480001031A,544,2.7363965022766426
32,048,0001,0324,3204800010324,27,1.4471580313422192
32,048,0001,0339,3204800010339,104,2.0211892990699383
32,048,0001,0343,3204800010343,58,1.7708520116421442
32,048,0001,0358,3204800010358,759,2.8808135922807914
32,048,0001,0362,3204800010362,1554,3.1917303933628562
32,048,0001,0377,3204800010377,11,1.0791812460476249
32,048,0001,0381,3204800010381,7,0.9030899869919435
32,048,0001,0396,3204800010396,0,0.0
32,048,0001,0409,3204800010409,79,1.9030899869919435
32,048,0001,0413,3204800010413,275,2.4409090820652177
32,048,0001,0428,3204800010428,0,0.0
32,048,0001,0432,3204800010432,3,0.6020599913279624
32,048,0001,0447,3204800010447,262,2.419955748489758
32,049,0001,0707,3204900010707,1387,3.142389466118836
32,049,0001,0711,3204900010711,1411,3.149834696715785
32,049,0001,0730,3204900010730,738,2.8686444383948255
32,049,0001,0745,3204900010745,1160,3.064832219738574
32,049,0001,0764,3204900010764,348,2.5428254269591797
32,049,0001,0779,3204900010779,567,2.754348335711019
32,049,0001,1353,3204900011353,940,2.973589623427257
32,049,0001,1368,3204900011368,811,2.9095560292411755
32,049,0001,1372,3204900011372,807,2.907411360774586
32,049,0001,1387,3204900011387,549,2.7403626894942437
32,049,0001,1391,3204900011391,43,1.6434526764861874
32,049,0001,1404,3204900011404,73,1.8692317197309762
32,049,0001,1423,3204900011423,57,1.7634279935629373
32,049,0001,1438,3204900011438,96,1.9867717342662448
32,049,0001,1442,3204900011442,101,2.0086001717619175
32,049,0001,1457,3204900011457,218,2.3404441148401185
32,049,0001,1461,3204900011461,9,1.0
32,049,0001,1476,3204900011476,839,2.9242792860618816
32,049,0001,1480,3204900011480,677,2.8312296938670634
32,049,0001,1495,3204900011495,8,0.9542425094393249
32,049,0001,1508,3204900011508,221,2.346352974450639
32,049,0001,1512,3204900011512,41,1.6232492903979006
32,049,0001,1527,3204900011527,45,1.662757831681574
32,049,0001,1531,3204900011531,0,0.0
32,049,0001,1546,3204900011546,37,1.5797835966168101
32,049,0001,1550,3204900011550,21,1.3424226808222062
32,049,0001,1565,3204900011565,22,1.3617278360175928
32,049,0001,157A,320490001157A,5,0.7781512503836436
32,049,0001,1584,3204900011584,63,1.806179973983887
32,049,0001,1599,3204900011599,4,0.6989700043360189
32,049,0001,1601,3204900011601,9,1.0
32,049,0001,1616,3204900011616,2,0.47712125471966244
32,049,0001,1620,3204900011620,1,0.3010299956639812
32,049,0001,1635,3204900011635,15,1.2041199826559248
32,049,0001,164A,320490001164A,0,0.0
32,049,0001,1654,3204900011654,354,2.550228353055094
32,049,0001,1669,3204900011669,142,2.155336037465062
32,049,0001,1673,3204900011673,7,0.9030899869919435
32,049,0001,1688,3204900011688,875,2.9425041061680806
32,049,0001,1692,3204900011692,5,0.7781512503836436
32,049,0001,1705,3204900011705,30,1.4913616938342726
32,049,0001,171A,320490001171A,60,1.7853298350107671
32,049,0001,1724,3204900011724,0,0.0
32,049,0001,1739,3204900011739,32,1.5185139398778875
32,049,0001,1743,3204900011743,0,0.0
32,049,0001,1758,3204900011758,157,2.1986570869544226
32,049,0001,1762,3204900011762,170,2.2329961103921536
32,049,0001,1777,3204900011777,54,1.7403626894942439
32,049,0001,1781,3204900011781,0,0.0
32,049,0001,1796,3204900011796,21,1.3424226808222062
32,049,0001,1809,3204900011809,287,2.459392487759231
32,049,0001,1813,3204900011813,8,0.9542425094393249
32,049,0001,1828,3204900011828,50,1.7075701760979363
32,050,0001,0110,3205000010110,772,2.888179493918325
32,050,0001,0125,3205000010125,326,2.514547752660286
32,050,0001,020A,320500001020A,0,0.0
32,050,0001,0271,3205000010271,15,1.2041199826559248
32,050,0011,013A,320500011013A,962,2.9836262871245345
32,050,0011,0144,3205000110144,834,2.921686475483602
32,050,0011,0159,3205000110159,837,2.9232440186302764
32,050,0011,0163,3205000110163,674,2.829303772831025
32,050,0011,0178,3205000110178,11,1.0791812460476249
32,050,0011,0182,3205000110182,99,2.0
32,050,0011,0197,3205000110197,0,0.0
32,050,0011,0214,3205000110214,15,1.2041199826559248
32,050,0011,0229,3205000110229,96,1.9867717342662448
32,050,0011,0233,3205000110233,30,1.4913616938342726
32,050,0011,0248,3205000110248,23,1.380211241711606
32,050,0011,0252,3205000110252,30,1.4913616938342726
32,050,0011,0267,3205000110267,10,1.0413926851582251
32,051,0001,0724,3205100010724,1124,3.0511525224473814
32,051,0001,0739,3205100010739,882,2.9459607035775686
32,051,0001,1421,3205100011421,937,2.9722028383790646
32,051,0001,1474,3205100011474,50,1.7075701760979363
32,051,0001,1489,3205100011489,32,1.5185139398778875
32,051,0001,1493,3205100011493,21,1.3424226808222062
32,051,0001,1506,3205100011506,6,0.8450980400142568
32,051,0001,1667,3205100011667,85,1.9344984512435677
32,051,0001,1671,3205100011671,65,1.8195439355418688
32,051,0001,1741,3205100011741,144,2.161368002234975
32,051,0001,1760,3205100011760,15,1.2041199826559248
32,051,0001,1775,3205100011775,1377,3.139249217571607
32,051,0001,178A,320510001178A,95,1.9822712330395684
32,051,0001,1794,3205100011794,443,2.6473829701146196
32,051,0001,1807,3205100011807,475,2.677606952720493
32,051,0001,1811,3205100011811,130,2.1172712956557644
32,051,0001,1826,3205100011826,0,0.0
32,051,0001,1898,3205100011898,47,1.6812412373755872
32,051,0001,2082,3205100012082,0,0.0
32,051,0008,1436,3205100081436,745,2.8727388274726686
32,051,0008,1440,3205100081440,841,2.9253120914996495
32,051,0008,1455,3205100081455,3,0.6020599913279624
32,051,0008,1510,3205100081510,988,2.9951962915971793
32,051,0008,1525,3205100081525,838,2.9237619608287004
32,051,0008,153A,320510008153A,828,2.9185545305502734
32,051,0008,1544,3205100081544,784,2.8948696567452528
32,051,0008,1559,3205100081559,14,1.1760912590556813
32,051,0008,1563,3205100081563,271,2.4345689040341987
32,051,0008,1578,3205100081578,133,2.1271047983648077
32,051,0008,1582,3205100081582,24,1.3979400086720377
32,051,0008,1629,3205100081629,61,1.792391689498254
32,051,0008,1648,3205100081648,46,1.6720978579357175
32,051,0008,1652,3205100081652,62,1.7993405494535817
32,051,0008,1737,3205100081737,31,1.505149978319906
32,051,0008,1845,3205100081845,17,1.255272505103306
32,051,0008,185A,320510008185A,24,1.3979400086720377
32,051,0008,1864,3205100081864,24,1.3979400086720377
32,051,0008,1879,3205100081879,14,1.1760912590556813
32,051,0008,1900,3205100081900,12,1.1139433523068367
32,051,0008,1915,3205100081915,13,1.146128035678238
32,051,0008,192A,320510008192A,5,0.7781512503836436
32,051,0008,1934,3205100081934,18,1.2787536009528289
32,051,0008,1949,3205100081949,34,1.5440680443502757
32,051,0008,203A,320510008203A,12,1.1139433523068367
32,051,0008,2044,3205100082044,4,0.6989700043360189
32,051,0008,2059,3205100082059,7,0.9030899869919435
32,051,0008,2063,3205100082063,9,1.0
32,051,0008,2078,3205100082078,13,1.146128035678238
32,051,0024,1991,3205100241991,890,2.949877704036875
32,051,0024,2006,3205100242006,875,2.9425041061680806
32,051,0024,2010,3205100242010,1127,3.0523090996473234
32,051,0024,2025,3205100242025,252,2.403120521175818
32,051,0025,1597,3205100251597,1290,3.1109262422664203
32,051,0025,160A,320510025160A,1124,3.0511525224473814
32,051,0025,1614,3205100251614,1744,3.241795431295199
32,051,0025,1686,3205100251686,33,1.5314789170422551
32,051,0025,1690,3205100251690,18,1.2787536009528289
32,051,0025,1703,3205100251703,32,1.5185139398778875
32,051,0025,1718,3205100251718,197,2.296665190261531
32,051,0025,1722,3205100251722,32,1.5185139398778875
32,051,0025,1756,3205100251756,29,1.4771212547196624
32,051,0025,1830,3205100251830,45,1.662757831681574
32,051,0025,1953,3205100251953,9,1.0
32,051,0025,1968,3205100251968,0,0.0
32,051,0025,1972,3205100251972,4,0.6989700043360189
32,051,0025,1987,3205100251987,12,1.1139433523068367
32,051,0025,2097,3205100252097,121,2.0863598306747484
32,051,0025,210A,320510025210A,2,0.47712125471966244
32,052,0001,0064,3205200010064,62,1.7993405494535817
32,052,0001,012A,320520001012A,2480,3.394626764272209
32,052,0001,0134,3205200010134,139,2.146128035678238
32,052,0001,0149,3205200010149,219,2.342422680822206
32,052,0001,0153,3205200010153,1569,3.1958996524092336
32,052,0001,0168,3205200010168,1520,3.182129214052998
32,052,0001,0172,3205200010172,0,0.0
32,052,0001,0187,3205200010187,66,1.8260748027008264
32,052,0001,0191,3205200010191,124,2.0969100130080562
32,052,0001,0204,3205200010204,433,2.637489729512511
32,052,0001,0219,3205200010219,66,1.8260748027008264
32,052,0001,0223,3205200010223,5,0.7781512503836436
32,052,0001,0238,3205200010238,44,1.6532125137753437
32,052,0001,0242,3205200010242,5,0.7781512503836436
32,052,0001,0257,3205200010257,47,1.6812412373755872
32,052,0001,0261,3205200010261,43,1.6434526764861874
32,052,0001,0276,3205200010276,9,1.0
32,052,0001,0280,3205200010280,15,1.2041199826559248
32,052,0001,0295,3205200010295,28,1.462397997898956
32,052,0001,0308,3205200010308,7,0.9030899869919435
32,052,0001,0312,3205200010312,0,0.0
32,052,0001,0327,3205200010327,0,0.0
32,052,0001,0331,3205200010331,0,0.0
32,052,0001,0346,3205200010346,27,1.4471580313422192
32,052,0001,0350,3205200010350,21,1.3424226808222062
32,052,0001,0365,3205200010365,41,1.6232492903979006
32,052,0001,037A,320520001037A,24,1.3979400086720377
32,052,0001,0384,3205200010384,17,1.255272505103306
32,053,0001,0095,3205300010095,1335,3.125806458139527
32,053,0001,0165,3205300010165,259,2.4149733479708178
32,053,0001,0201,3205300010201,1335,3.125806458139527
32,053,0001,0216,3205300010216,1121,3.0499928569201424
32,053,0001,0220,3205300010220,522,2.718501688867274
32,053,0001,024A,320530001024A,246,2.392696953259666
32,053,0001,0273,3205300010273,70,1.8512583487190752
32,053,0001,0324,3205300010324,0,0.0
32,053,0001,0343,3205300010343,775,2.8898617212581885
32,053,0001,0358,3205300010358,806,2.90687353472207
32,053,0001,0428,3205300010428,3,0.6020599913279624
32,053,0001,0470,3205300010470,126,2.103803720955957
32,053,0001,0502,3205300010502,0,0.0
32,053,0001,0517,3205300010517,0,0.0
32,053,0001,056A,320530001056A,13,1.146128035678238
32,053,0015,0112,3205300150112,395,2.597695185925512
32,053,0015,0131,3205300150131,341,2.534026106056135
32,053,0015,0146,3205300150146,325,2.513217600067939
32,053,0015,0150,3205300150150,479,2.681241237375587
32,053,0015,0254,3205300150254,174,2.2430380486862944
32,053,0015,0269,3205300150269,260,2.416640507338281
32,053,0015,0288,3205300150288,51,1.7160033436347992
32,053,0015,0292,3205300150292,13,1.146128035678238
32,053,0015,0305,3205300150305,31,1.505149978319906
32,053,0015,031A,320530015031A,4,0.6989700043360189
32,053,0015,0339,3205300150339,1,0.3010299956639812
32,053,0015,0362,3205300150362,185,2.2695129442179165
32,053,0015,0377,3205300150377,282,2.45178643552429
32,053,0015,0381,3205300150381,10,1.0413926851582251
32,053,0015,0396,3205300150396,7,0.9030899869919435
32,053,0015,0409,3205300150409,5,0.7781512503836436
32,053,0015,0413,3205300150413,4,0.6989700043360189
32,053,0015,0432,3205300150432,6,0.8450980400142568
32,053,0015,0447,3205300150447,0,0.0
32,053,0015,0451,3205300150451,0,0.0
32,053,0015,0466,3205300150466,2,0.47712125471966244
32,053,0015,0485,3205300150485,5,0.7781512503836436
32,053,0015,049A,320530015049A,10,1.0413926851582251
32,053,0015,0521,3205300150521,0,0.0
32,053,0015,0536,3205300150536,0,0.0
32,053,0015,0540,3205300150540,8,0.9542425094393249
32,053,0015,0555,3205300150555,0,0.0
32,054,0001,0054,3205400010054,1656,3.219322508419337
32,054,0001,0069,3205400010069,1192,3.076640443670342
32,054,0001,0073,3205400010073,1134,3.0549958615291417
32,054,0001,0088,3205400010088,20,1.3222192947339193
32,054,0001,0139,3205400010139,487,2.6884198220027105
32,054,0001,0143,3205400010143,37,1.5797835966168101
32,054,0001,0158,3205400010158,65,1.8195439355418688
32,054,0001,0162,3205400010162,38,1.591064607026499
32,054,0001,0177,3205400010177,100,2.0043213737826426
32,054,0001,0181,3205400010181,11,1.0791812460476249
32,054,0001,0196,3205400010196,12,1.1139433523068367
32,054,0001,0209,3205400010209,27,1.4471580313422192
32,054,0001,0213,3205400010213,15,1.2041199826559248
32,054,0001,0228,3205400010228,0,0.0
32,054,0001,0232,3205400010232,21,1.3424226808222062
32,054,0001,0247,3205400010247,20,1.3222192947339193
32,054,0001,0251,3205400010251,4,0.6989700043360189
32,054,0001,0266,3205400010266,7,0.9030899869919435
32,054,0001,0270,3205400010270,5,0.7781512503836436
32,054,0001,0285,3205400010285,0,0.0
32,055,0001,023A,320550001023A,1487,3.17260293120986
32,055,0001,0259,3205500010259,1216,3.085290578230065
32,055,0001,0263,3205500010263,1344,3.128722284338427
32,055,0001,0278,3205500010278,396,2.598790506763115
32,055,0001,0282,3205500010282,616,2.7902851640332416
32,055,0001,0297,3205500010297,118,2.0755469613925306
32,055,0001,030A,320550001030A,769,2.886490725172482
32,055,0001,055A,320550001055A,1223,3.087781417809542
32,055,0001,0564,3205500010564,1572,3.196728722623287
32,055,0001,0579,3205500010579,1219,3.0863598306747484
32,055,0001,0583,3205500010583,1264,3.1020905255118367
32,055,0001,0634,3205500010634,105,2.0253058652647704
32,055,0001,0649,3205500010649,304,2.484299839346786
32,055,0001,0653,3205500010653,472,2.6748611407378116
32,055,0001,0668,3205500010668,245,2.3909351071033793
32,055,0001,0672,3205500010672,178,2.2528530309798933
32,055,0001,0687,3205500010687,83,1.9242792860618816
32,055,0001,0691,3205500010691,13,1.146128035678238
32,055,0001,0704,3205500010704,25,1.414973347970818
32,055,0001,0723,3205500010723,44,1.6532125137753437
32,055,0001,0738,3205500010738,502,2.7015679850559273
32,055,0001,0742,3205500010742,0,0.0
32,055,0001,0757,3205500010757,33,1.5314789170422551
32,055,0001,0761,3205500010761,27,1.4471580313422192
32,055,0001,0776,3205500010776,91,1.9637878273455553
32,055,0001,0780,3205500010780,0,0.0
32,055,0001,0795,3205500010795,49,1.6989700043360187
32,055,0001,0808,3205500010808,163,2.214843848047698
32,055,0001,0812,3205500010812,7,0.9030899869919435
32,055,0001,0827,3205500010827,11,1.0791812460476249
32,055,0001,0831,3205500010831,13,1.146128035678238
32,055,0001,0884,3205500010884,4,0.6989700043360189
32,055,0001,0899,3205500010899,11,1.0791812460476249
32,055,0001,0920,3205500010920,37,1.5797835966168101
32,055,0042,0314,3205500420314,274,2.439332693830263
32,055,0042,0329,3205500420329,307,2.4885507165004443
32,055,0042,0598,3205500420598,1151,3.061452479087193
32,055,0042,0600,3205500420600,2136,3.3298045221640695
32,055,0042,0719,3205500420719,5,0.7781512503836436
32,055,0042,0850,3205500420850,8,0.9542425094393249
32,055,0042,087A,320550042087A,15,1.2041199826559248
32,055,0042,0901,3205500420901,14,1.1760912590556813
32,055,0042,0916,3205500420916,0,0.0
32,056,0001,0063,3205600010063,2315,3.3647385550553985
32,056,0001,0082,3205600010082,2354,3.371990911464915
32,056,0001,010A,320560001010A,1391,3.1436392352745433
32,056,0001,0114,3205600010114,1409,3.1492191126553797
32,056,0001,0148,3205600010148,2471,3.3930484664167784
32,056,0001,0152,3205600010152,2457,3.390581878550435
32,056,0001,028A,320560001028A,2855,3.455758203104137
32,056,0001,0326,3205600010326,1481,3.170848203643309
32,056,0001,0330,3205600010330,1430,3.1556396337597765
32,056,0001,0345,3205600010345,911,2.959994838328416
32,056,0001,035A,320560001035A,982,2.9925535178321354
32,056,0001,0364,3205600010364,2152,3.3330440298234874
32,056,0001,0379,3205600010379,1227,3.089198366805149
32,056,0001,0383,3205600010383,1058,3.024895960107485
32,056,0001,0400,3205600010400,930,2.9689496809813427
32,056,0001,0415,3205600010415,906,2.957607287060095
32,056,0001,0434,3205600010434,1480,3.1705550585212086
32,056,0001,0538,3205600010538,876,2.9429995933660407
32,056,0001,0542,3205600010542,2308,3.3634239329171765
32,056,0001,0557,3205600010557,1244,3.095169351431755
32,056,0001,0576,3205600010576,1674,3.224014811372864
32,056,0001,0580,3205600010580,1543,3.188647295999717
32,056,0001,0595,3205600010595,2205,3.343605508104172
32,056,0001,0608,3205600010608,1673,3.2237554536572413
32,056,0001,0612,3205600010612,2609,3.416640507338281
32,056,0001,0627,3205600010627,1363,3.13481437032046
32,056,0001,0631,3205600010631,2250,3.35237549500052
32,056,0001,0646,3205600010646,1796,3.2545480771089736
32,056,0001,0650,3205600010650,2375,3.375846436309156
32,056,0001,0665,3205600010665,2811,3.4490153163477864
32,056,0001,067A,320560001067A,2128,3.3281756614383227
32,056,0001,0684,3205600010684,1735,3.239549720840473
32,056,0001,0699,3205600010699,2248,3.351989455435632
32,056,0001,0701,3205600010701,3093,3.490520309363349
32,056,0001,0720,3205600010720,3463,3.539577883345309
32,056,0001,0735,3205600010735,2778,3.443888546777372
32,056,0001,074A,320560001074A,1996,3.3003780648707024
32,056,0001,0754,3205600010754,1658,3.219846386024361
32,056,0001,0769,3205600010769,1512,3.179838928023187
32,056,0001,0788,3205600010788,1671,3.2232362731029975
32,056,0001,0792,3205600010792,2114,3.325310371711061
32,056,0001,0805,3205600010805,2145,3.3316297176299323
32,056,0001,081A,320560001081A,135,2.1335389083702174
32,056,0001,0824,3205600010824,1036,3.015778756389041
32,056,0001,0839,3205600010839,710,2.851869600729766
32,056,0001,0843,3205600010843,204,2.311753861055754
32,056,0001,0858,3205600010858,146,2.167317334748176
32,056,0001,0862,3205600010862,102,2.012837224705172
32,056,0001,0877,3205600010877,1072,3.030599721965951
32,056,0001,0881,3205600010881,176,2.247973266361807
32,056,0001,0896,3205600010896,1254,3.098643725817057
32,056,0001,0909,3205600010909,763,2.8830933585756897
32,056,0001,0913,3205600010913,550,2.741151598851785
32,056,0001,0951,3205600010951,98,1.99563519459755
32,056,0001,0966,3205600010966,41,1.6232492903979006
32,056,0001,0970,3205600010970,93,1.9731278535996986
32,056,0001,0985,3205600010985,242,2.385606273598312
32,056,0001,099A,320560001099A,458,2.661812685537261
32,056,0001,1004,3205600011004,302,2.481442628502305
32,056,0001,1019,3205600011019,252,2.403120521175818
32,056,0001,1038,3205600011038,404,2.6074550232146687
32,056,0001,1042,3205600011042,2369,3.374748346010104
32,056,0001,1057,3205600011057,2038,3.30941722577814
32,056,0001,1061,3205600011061,1551,3.1908917169221698
32,056,0001,1076,3205600011076,1676,3.2245330626060857
32,056,0001,1080,3205600011080,1797,3.25478968739721
32,056,0001,1095,3205600011095,1534,3.1861083798132053
32,056,0001,1108,3205600011108,1059,3.0253058652647704
32,056,0001,1112,3205600011112,2234,3.3492775274679554
32,056,0001,1127,3205600011127,1396,3.1451964061141817
32,056,0001,1131,3205600011131,738,2.8686444383948255
32,056,0001,1146,3205600011146,1534,3.1861083798132053
32,056,0001,1150,3205600011150,1327,3.1231980750319988
32,056,0001,1165,3205600011165,310,2.4927603890268375
32,056,0001,117A,320560001117A,13,1.146128035678238
32,056,0001,1184,3205600011184,0,0.0
32,056,0001,1199,3205600011199,131,2.12057393120585
32,056,0001,1201,3205600011201,84,1.9294189257142926
32,056,0001,1216,3205600011216,12,1.1139433523068367
32,056,0001,1220,3205600011220,0,0.0
32,056,0001,1235,3205600011235,12,1.1139433523068367
32,056,0001,124A,320560001124A,5,0.7781512503836436
32,056,0001,1254,3205600011254,1675,3.2242740142942576
32,056,0001,1269,3205600011269,1225,3.0884904701823963
32,056,0001,1273,3205600011273,895,2.9523080096621253
32,056,0001,1288,3205600011288,1227,3.089198366805149
32,056,0001,1292,3205600011292,1704,3.2317243833285163
32,056,0001,1305,3205600011305,827,2.9180303367848803
32,056,0001,131A,320560001131A,1288,3.110252917353403
32,056,0001,1324,3205600011324,95,1.9822712330395684
32,056,0001,1339,3205600011339,59,1.7781512503836436
32,056,0001,1343,3205600011343,0,0.0
32,056,0001,1358,3205600011358,0,0.0
32,056,0001,1362,3205600011362,107,2.03342375548695
32,056,0001,1377,3205600011377,0,0.0
32,056,0001,1381,3205600011381,21,1.3424226808222062
32,056,0001,1396,3205600011396,31,1.505149978319906
32,056,0001,1428,3205600011428,313,2.496929648073215
32,056,0001,1432,3205600011432,47,1.6812412373755872
32,056,0001,1447,3205600011447,1512,3.179838928023187
32,056,0001,1451,3205600011451,297,2.4742162640762553
32,056,0001,1466,3205600011466,1852,3.2678754193188975
32,056,0001,1470,3205600011470,4,0.6989700043360189
32,056,0001,1485,3205600011485,1510,3.1792644643390253
32,056,0001,149A,320560001149A,1,0.3010299956639812
32,056,0001,1502,3205600011502,9,1.0
32,056,0001,1517,3205600011517,231,2.3654879848909
32,056,0001,1536,3205600011536,139,2.146128035678238
32,056,0001,1540,3205600011540,7,0.9030899869919435
32,056,0001,1555,3205600011555,280,2.44870631990508
32,056,0001,156A,320560001156A,66,1.8260748027008264
32,056,0001,1574,3205600011574,1,0.3010299956639812
32,056,0001,1589,3205600011589,198,2.298853076409707
32,056,0001,1593,3205600011593,85,1.9344984512435677
32,056,0001,1606,3205600011606,14,1.1760912590556813
32,056,0001,1610,3205600011610,1865,3.2709116394104814
32,056,0001,1625,3205600011625,2221,3.346744054604849
32,056,0001,163A,320560001163A,395,2.597695185925512
32,056,0001,1644,3205600011644,1529,3.184691430817599
32,056,0001,1659,3205600011659,0,0.0
32,056,0001,1663,3205600011663,3,0.6020599913279624
32,056,0001,1678,3205600011678,1535,3.186391215695493
32,056,0001,1682,3205600011682,62,1.7993405494535817
32,056,0001,1697,3205600011697,802,2.904715545278681
32,056,0001,170A,320560001170A,4,0.6989700043360189
32,056,0001,1714,3205600011714,736,2.8674674878590514
32,056,0001,1729,3205600011729,1787,3.2523675144598987
32,056,0001,1733,3205600011733,14,1.1760912590556813
32,056,0001,1748,3205600011748,19,1.3010299956639813
32,056,0001,1752,3205600011752,0,0.0
32,056,0001,1767,3205600011767,0,0.0
32,056,0001,1771,3205600011771,118,2.0755469613925306
32,056,0001,1786,3205600011786,0,0.0
32,056,0001,1790,3205600011790,54,1.7403626894942439
32,056,0001,1803,3205600011803,0,0.0
32,056,0001,1818,3205600011818,9,1.0
32,056,0001,1822,3205600011822,9,1.0
32,056,0001,1837,3205600011837,65,1.8195439355418688
32,056,0001,1841,3205600011841,31,1.505149978319906
32,056,0001,1856,3205600011856,83,1.9242792860618816
32,056,0001,1860,3205600011860,143,2.1583624920952498
32,056,0001,1875,3205600011875,12,1.1139433523068367
32,056,0001,188A,320560001188A,47,1.6812412373755872
32,056,0001,1894,3205600011894,136,2.1367205671564067
32,056,0001,1907,3205600011907,27,1.4471580313422192
32,056,0001,1911,3205600011911,152,2.184691430817599
32,056,0001,1926,3205600011926,2,0.47712125471966244
32,056,0001,1930,3205600011930,17,1.255272505103306
32,056,0001,1945,3205600011945,0,0.0
32,056,0001,195A,320560001195A,558,2.747411807886423
32,056,0001,1964,3205600011964,124,2.0969100130080562
32,056,0001,1979,3205600011979,647,2.8115750058705933
32,056,0001,1983,3205600011983,647,2.8115750058705933
32,056,0001,1998,3205600011998,0,0.0
32,056,0001,2002,3205600012002,69,1.845098040014257
32,056,0001,2017,3205600012017,19,1.3010299956639813
32,056,0001,2021,3205600012021,14,1.1760912590556813
32,056,0001,2036,3205600012036,0,0.0
32,056,0001,2040,3205600012040,7,0.9030899869919435
32,056,0001,2055,3205600012055,17,1.255272505103306
32,056,0001,206A,320560001206A,41,1.6232492903979006
32,056,0001,2074,3205600012074,75,1.8808135922807914
32,056,0001,2089,3205600012089,13,1.146128035678238
32,056,0001,2093,3205600012093,0,0.0
32,056,0001,2106,3205600012106,13,1.146128035678238
32,056,0001,2110,3205600012110,0,0.0
32,056,0001,2125,3205600012125,12,1.1139433523068367
32,056,0001,2144,3205600012144,54,1.7403626894942439
32,056,0001,2159,3205600012159,158,2.2013971243204513
32,056,0001,2163,3205600012163,0,0.0
32,056,0001,2178,3205600012178,9,1.0
32,056,0001,2182,3205600012182,10,1.0413926851582251
32,056,0001,2197,3205600012197,29,1.4771212547196624
32,056,0001,220A,320560001220A,458,2.661812685537261
32,056,0001,2233,3205600012233,375,2.575187844927661
32,056,0001,2248,3205600012248,180,2.2576785748691846
32,056,0001,2252,3205600012252,93,1.9731278535996986
32,056,0001,2267,3205600012267,290,2.4638929889859074
32,056,0028,0025,3205600280025,2753,3.439963935920905
32,057,0001,0018,3205700010018,891,2.950364854376123
32,057,0001,0022,3205700010022,787,2.8965262174895554
32,057,0001,0037,3205700010037,1702,3.231214647962601
32,057,0001,0041,3205700010041,2806,3.448242412634439
32,057,0001,0056,3205700010056,1138,3.0565237240791006
32,057,0001,0060,3205700010060,2185,3.339650157613684
32,057,0001,0075,3205700010075,601,2.7795964912578244
32,057,0001,008A,320570001008A,781,2.893206753059848
32,057,0001,0094,3205700010094,1486,3.172310968521954
32,057,0001,0107,3205700010107,2257,3.353723937588949
32,057,0001,0111,3205700010111,1435,3.1571544399062814
32,057,0001,0164,3205700010164,12,1.1139433523068367
32,057,0001,0179,3205700010179,6,0.8450980400142568
32,057,0001,0183,3205700010183,40,1.6127838567197355
32,057,0001,0198,3205700010198,4,0.6989700043360189
32,057,0001,0200,3205700010200,11,1.0791812460476249
32,057,0001,0215,3205700010215,23,1.380211241711606
32,057,0001,022A,320570001022A,4,0.6989700043360189
32,057,0001,0234,3205700010234,8,0.9542425094393249
32,057,0001,0249,3205700010249,4,0.6989700043360189
32,057,0001,0253,3205700010253,116,2.0681858617461617
32,057,0001,0268,3205700010268,12,1.1139433523068367
32,057,0001,0272,3205700010272,24,1.3979400086720377
32,057,0001,0287,3205700010287,16,1.2304489213782739
32,057,0001,0291,3205700010291,23,1.380211241711606
32,057,0001,0304,3205700010304,11,1.0791812460476249
32,057,0001,0319,3205700010319,27,1.4471580313422192
32,057,0001,0323,3205700010323,10,1.0413926851582251
32,057,0001,0338,3205700010338,33,1.5314789170422551
32,057,0001,0342,3205700010342,28,1.462397997898956
32,057,0001,0357,3205700010357,10,1.0413926851582251
32,057,0001,0361,3205700010361,28,1.462397997898956
32,057,0001,0376,3205700010376,9,1.0
32,057,0001,0380,3205700010380,10,1.0413926851582251
32,057,0001,0395,3205700010395,6,0.8450980400142568
32,057,0001,0408,3205700010408,203,2.3096301674258988
32,057,0001,0412,3205700010412,10,1.0413926851582251
32,057,0001,0427,3205700010427,18,1.2787536009528289
32,057,0001,0431,3205700010431,11,1.0791812460476249
32,057,0001,0446,3205700010446,12,1.1139433523068367
32,057,0001,0450,3205700010450,11,1.0791812460476249
32,057,0001,0465,3205700010465,13,1.146128035678238
32,057,0001,047A,320570001047A,18,1.2787536009528289
32,057,0001,0484,3205700010484,3,0.6020599913279624
32,057,0001,0499,3205700010499,1,0.3010299956639812
32,057,0001,0501,3205700010501,0,0.0
32,057,0001,0516,3205700010516,2,0.47712125471966244
32,057,0001,0520,3205700010520,15,1.2041199826559248
32,057,0001,0535,3205700010535,17,1.255272505103306
32,057,0001,054A,320570001054A,28,1.462397997898956
32,057,0001,0554,3205700010554,6,0.8450980400142568
32,057,0001,0569,3205700010569,0,0.0
32,057,0001,0573,3205700010573,13,1.146128035678238
32,057,0001,0588,3205700010588,12,1.1139433523068367
32,057,0001,0592,3205700010592,16,1.2304489213782739
32,057,0001,0605,3205700010605,6,0.8450980400142568
32,057,0001,061A,320570001061A,11,1.0791812460476249
32,057,0001,0624,3205700010624,26,1.4313637641589874
32,057,0001,0639,3205700010639,19,1.3010299956639813
32,057,0001,0643,3205700010643,0,0.0
32,057,0001,0658,3205700010658,3,0.6020599913279624
32,057,0001,0662,3205700010662,0,0.0
32,057,0001,0677,3205700010677,3,0.6020599913279624
32,058,0001,0015,3205800010015,707,2.850033257689769
32,058,0001,002A,320580001002A,845,2.9273703630390235
32,058,0001,0072,3205800010072,8,0.9542425094393249
32,058,0001,0087,3205800010087,9,1.0
32,058,0001,0091,3205800010091,0,0.0
32,058,0001,0104,3205800010104,169,2.230448921378274
32,058,0001,0119,3205800010119,12,1.1139433523068367
32,058,0001,0123,3205800010123,245,2.3909351071033793
